primerid,logFC,pvalue,padj,regulation
AIF1L,,0.0515885381361027,0.207235718099152,stable
AIM1L,,1.63166322828277e-06,6.31185167801536e-05,stable
APRG1,,0.0196001913161232,0.111283204202643,stable
ARHGAP39,,0.0416238742594797,0.18196882980705,stable
BTK,,0.00953560062140222,0.0688500779657535,stable
C10orf2,,0.0122566384646123,0.0812840537973039,stable
C11orf84,,0.00132407414561462,0.01696591441928,stable
C12orf55,,0.0641553694076372,0.236273008813652,stable
C1orf145,,0.0741021295750102,0.257936320065542,stable
C1orf162,,0.00574278430136548,0.0490907659439802,stable
C2orf40,,0.0602565200397562,0.227689552076037,stable
C2orf44,,0.00306466699629134,0.0318558583015861,stable
CACNA1S,,0.0526542225789604,0.209656422412121,stable
CASC10,,0.0389940206532955,0.174537864689082,stable
CCDC37,,0.0958948768775354,0.30486839400546,stable
CCDC64,,0.00547157171287871,0.0472681926630596,stable
CCDC78,,0.0982013413919106,0.309703206238866,stable
CD22,,0.0294884683029689,0.146887452962143,stable
CD244,,0.00688986680074286,0.056260341865251,stable
CDYL2,,0.00115706941395843,0.0153945210254715,stable
CFAP184,,0.0559800602969499,0.217860635807041,stable
CHI3L1,,0.102489934012038,0.318140414769718,stable
COL6A3,,0.0532581888498328,0.210965477161464,stable
COLGALT2,,0.0748127393174548,0.259295939247705,stable
CTHRC1,,0.0367932273764975,0.168449592303485,stable
CYP2D6,,0.0242855303751651,0.129261097146397,stable
CYP46A1,,0.0419832731576876,0.18282380423603,stable
CYP4F35P,,0.0167563643756316,0.100636250591396,stable
DENND3-AS1,,0.00855776589188541,0.0640208875534928,stable
DFNB59,,0.0381765435457053,0.172086953266106,stable
DNAJB5,,0.0574293424698351,0.221778474924287,stable
EPHA1-AS1,,0.0244997616975655,0.129898565333639,stable
FAM212A,,0.0282607693734254,0.143047471975466,stable
FAM86B1,,0.00999163992058075,0.0710521915138093,stable
FGF2,,0.000446787246436158,0.00739067426776293,stable
FLVCR1-AS1,,0.047024350318507,0.195767756023281,stable
FOLR3,,0.0114659307960968,0.0774790149538347,stable
FRMD6,,0.0318797001427322,0.154213476274143,stable
GASK1B-AS1,,0.00870864935656997,0.0647927752493678,stable
GATM,,0.000807072986765097,0.0115930202000194,stable
GIMAP7,,0.0761770606377043,0.26258977494663,stable
GNAZ,,0.00820591546432918,0.0623425174866127,stable
GNG11,,0.0120468971477516,0.0802513736970656,stable
GNMT,,0.0273280931581125,0.139598249379343,stable
GPR64,,0.0313524153485432,0.152491583349907,stable
GREM2,,0.000212790239898903,0.00409629589373889,stable
GUCA2A,,0.0250993286810043,0.131843179840191,stable
HENMT1,,0.0177706126382265,0.104637749946859,stable
HEPFAL,,0.0427975868008667,0.183951371678549,stable
IL10RB-AS1,,0.045774939729537,0.192099509075573,stable
ITGA10,,0.0783509189436624,0.267381807137724,stable
ITPRID2-DT,,0.0625206491753408,0.233502112899287,stable
KDELC1,,0.00927666851602903,0.0674988071071065,stable
KHDC1,,0.068722434417044,0.247511496629567,stable
KIF3C,,0.0303274166591586,0.149665862430987,stable
KLK5,,0.0018881380905867,0.0224301263550357,stable
KLRK1-AS1,,0.0176431330817921,0.104206454597871,stable
LA16c-431H6.6,,0.0245265894904942,0.129898565333639,stable
LAT2,,0.0557068389378753,0.216967885708895,stable
LATS2-AS1,,0.0301822264381296,0.149140600431388,stable
LINC00365,,0.0951824136141318,0.303392392182307,stable
LINC00562,,0.04560660033467,0.191644923510143,stable
LINC00853,,0.0247643846256913,0.13065163472786,stable
LINC00882,,0.0257361007583255,0.133814587694501,stable
LINC00926,,0.00492646934246824,0.043957052001702,stable
LINC02898,,2.57051690468657e-06,9.29906084522874e-05,stable
LINC03125,,0.0186806650575182,0.10761189899298,stable
LPPR5,,0.00947678216907613,0.0685468551685128,stable
LRRC56,,0.0355919368083376,0.164988940290148,stable
LRTM1,,0.00386050119630172,0.0378738094892393,stable
MAP2K5-DT,,0.0838174940657806,0.280100253990764,stable
MC1R,,0.0149898566830947,0.0935670661841082,stable
MICAL3,,0.0767857441656078,0.264179267289724,stable
MIRLET7IHG,,0.00978489688745892,0.0701940020846818,stable
MMD,,0.0538772345156891,0.21268615091725,stable
MMP19,,0.0831363555612898,0.278388023979446,stable
MPC1-DT,,0.0454305942400995,0.191102403300405,stable
MS4A6A,,0.0232475468613456,0.125965431220341,stable
MTCL3,,0.0052862856107575,0.0459925660540211,stable
NFYC-AS1,,0.0142803644626275,0.0908896331353325,stable
NNAT,,0.00678303197312124,0.0556481764023047,stable
NOTCH4,,0.111663140121226,0.334060260607408,stable
NXNL2,,0.0157537718361873,0.0966783340185924,stable
PATJ-DT,,0.0142832939506687,0.0908896331353325,stable
PCAT6,,0.0517608630714964,0.207656569792988,stable
PCDHGB5,,0.0220575091045627,0.121291494059458,stable
PCED1B,,0.000948499950185508,0.0131495211645213,stable
PKN3,,0.053303922823042,0.211074555422373,stable
PLA2G4A,,0.00555851123121666,0.0478838909727924,stable
PLGLB1,,0.0492469553222213,0.201201464525011,stable
PNISR-AS1,,0.018760953381707,0.107972643191143,stable
POPDC2,,0.0243869206571112,0.129512823129759,stable
PRC1,,0.0672777152575881,0.243891693745183,stable
PSAPL1,,0.0239794912740522,0.12822629104725,stable
RBM26-AS1,,0.0426092918081504,0.183788279132968,stable
RDH5,,0.0500672975266239,0.203194769244837,stable
RPP40,,0.0232693708976511,0.125972006135025,stable
RSG1,,0.00195445994374059,0.0229283285530566,stable
SH2D3C,,0.0578287857535132,0.222623936963517,stable
SLC16A2,,0.065235374953737,0.238637539789277,stable
SLC27A6,,0.0143179509417181,0.0910154094183889,stable
SLX1A,,0.00808372026999672,0.0616440402872364,stable
STRIP2,,0.0957704538307079,0.30455203632325,stable
SUMO4,,0.0289723549618214,0.145504546858383,stable
SYPL2,,0.0237486549807697,0.127393789226097,stable
TBC1D31,,0.0550616163222021,0.215797755024879,stable
TBL1Y,,0.0375951837093527,0.170502268411418,stable
TCEANC,,0.0379258518345867,0.17144188808484,stable
TMC8,,0.0189876547370171,0.108893808482622,stable
TMEM30A-DT,,0.0664806584656938,0.241934971445264,stable
TMEM52,,0.034010373658526,0.160085794224807,stable
TRIM58,,1.09020810243273e-05,0.000322680480487595,stable
TRMT61A-DT,,0.0352358323012819,0.163959959669155,stable
UNC5CL,,0.0185530718759658,0.107332111032563,stable
VASH2,,0.0169817458098432,0.101548176682121,stable
VWF,,0.0388965319838802,0.174349148645384,stable
ZFTA,,0.0416750117290728,0.182006196275879,stable
ZGLP1,,0.0515855640715832,0.207235718099152,stable
ZHX1-C8ORF76,,0.00669049051650528,0.0550367133739976,stable
ZIK1,,0.0189922774611379,0.108893808482622,stable
ZNF154,,0.0328073691835523,0.156961753776808,stable
ZNF222,,0.0145211903408061,0.0915928951114623,stable
ZNF227,,0.000414543237076262,0.0069798574793667,stable
ZNF256,,0.048026054503955,0.198018471996572,stable
ZNF283,,0.0377911273448689,0.171159222179947,stable
ZNF329,,0.00255234188392749,0.0278321384381174,stable
ZNF485,,0.0664248925926674,0.241858689456526,stable
ZNF551,,0.00292134463604841,0.0307055174815612,stable
ZNF587B,,0.0101634643794268,0.0718139818347477,stable
ZNF81,,0.0852167224247637,0.283144662930229,stable
SLPI,3.28055243528717,3.80679587515521e-124,4.65342727778973e-120,up
SFTPB,2.05782392094865,1.73311725930631e-86,1.05928126888802e-82,up
MGST1,1.69667627938635,7.79839582910496e-56,2.38318976537448e-52,up
MUC1,1.63951321385777,6.65440778986324e-51,1.62686961646577e-47,up
ENSG00000279483,1.35824208519128,2.59638964392271e-32,2.11588446715408e-29,up
CD74,1.3108651529945,4.76650537154971e-40,7.28322020772796e-37,up
NPC2,1.28339070737154,1.6509369040222e-56,6.72701757158912e-53,up
SLC34A2,1.17234224790718,2.62304742763778e-30,1.88612539737907e-27,up
WFDC2,1.11504534990283,1.42078020969553e-27,8.27029394443723e-25,up
NAPSA,0.963878269568872,3.1975626903586e-36,3.90870063269435e-33,up
IFT57,0.961958616549899,5.41466051403616e-22,1.43888717659952e-19,up
PTMA,0.902492672205792,2.65004286447224e-28,1.61970619876543e-25,up
EEF1A1,0.884008510453644,9.71533024143929e-46,1.97933661452257e-42,up
CYB5A,0.864307379959749,1.43369761178473e-25,6.4909331875765e-23,up
RARRES3,0.847024741500952,3.59540357399636e-23,1.12692854585978e-20,up
MT1E,0.835878653047492,1.47462778053501e-17,2.61244202742898e-15,up
HSD17B6,0.825918334937971,3.14096104334029e-23,1.01039757352083e-20,up
GNB2L1,0.817435879247648,1.5265667959628e-21,3.73215050276986e-19,up
HMGN3,0.768238807533122,6.94443781845954e-24,2.35802244146804e-21,up
FTL,0.767943027379252,2.93960836476063e-24,1.12293039533856e-21,up
HLA-B,0.760810750857957,1.99459491053526e-15,2.80252048119344e-13,up
IFITM3,0.746211273804874,3.07859613200868e-11,2.65019430406156e-09,up
TPT1,0.74090392010749,1.93018781424984e-27,1.072482538245e-24,up
ATP1B1,0.739482423622321,9.64085955177445e-18,1.81307487939832e-15,up
C4BPA,0.734518415859243,2.8989656062631e-13,3.19251851990632e-11,up
CTSE,0.710104921707404,6.50552113903151e-21,1.55928412555924e-18,up
EEF1B2,0.703796058983567,6.88682801455447e-16,1.05230732062392e-13,up
NEAT1,0.700602573236087,1.22020090162638e-11,1.1386057878993e-09,up
PPDPF,0.694090196647399,3.62146184161405e-14,4.51721934202961e-12,up
SOD3,0.685240467444748,8.83093119528931e-21,2.03677930058899e-18,up
LDHB,0.680038379827111,1.02612583961006e-28,6.60176961231229e-26,up
HLA-DRB1,0.677943410725102,4.00871045071601e-24,1.40007075855864e-21,up
PABPC1,0.676752426820008,1.15234698472803e-21,2.93464365444072e-19,up
C3,0.648773910923586,1.39747601397422e-20,3.16347162867052e-18,up
FAU,0.644139628751068,8.42206586533856e-19,1.71585555229831e-16,up
NACA,0.63991899180882,3.04318795540123e-22,8.8571260873392e-20,up
AQP1,0.639129597292509,1.3540133154666e-11,1.24674097312157e-09,up
GSTA4,0.628016369429786,2.09123014924405e-27,1.11144336279823e-24,up
CTSH,0.627732960423549,2.51760220483578e-14,3.20574680749089e-12,up
PEBP4,0.627617972887135,9.65946943531202e-12,9.22479331072298e-10,up
PFDN5,0.627004356888272,1.49357798377921e-15,2.14794085573142e-13,up
FOS,0.622922831461747,3.02645069700823e-09,1.91685664871651e-07,up
CLDN3,0.618676673115579,3.33367575507915e-24,1.19855448323787e-21,up
ABCA3,0.614314524240105,9.83754951838844e-18,1.82203341383e-15,up
GABARAP,0.613323654454402,2.02925476073409e-11,1.7975079851604e-09,up
PPIB,0.613269279072929,1.68692988984355e-12,1.7475449977498e-10,up
NPM1,0.605965191396004,9.49615583899175e-11,7.48909735327969e-09,up
S100A14,0.603608201584814,1.33972597666201e-14,1.76094734824908e-12,up
FOLR1,0.588095949331421,5.59536339825244e-08,2.91054136937182e-06,up
CLDN18,0.583241508974707,1.86383017064086e-12,1.9145764710852e-10,up
AKAP13,0.582027831371818,8.15571492001511e-12,7.85003615608383e-10,up
MT2A,0.572619151144599,4.0226559350106e-11,3.41478792705344e-09,up
SERF2,0.571238328587978,1.14382465401116e-10,8.90580418511619e-09,up
SCGB3A2,0.560904071245049,3.20240370727064e-24,1.18624796720231e-21,up
AQP5,0.560260349876334,4.44045140129784e-19,9.5228206893798e-17,up
ATP5G2,0.553139946297971,6.32386088051964e-14,7.65375003994773e-12,up
TMSB10,0.541494457671091,1.62854350870953e-11,1.48562058585561e-09,up
SLC22A31,0.524983910412482,9.10599523785563e-31,6.9569803617217e-28,up
HNRNPA1,0.524964002765321,6.73789350372017e-11,5.41868488088653e-09,up
FTH1,0.520173892062211,3.81449894274824e-13,4.05464652836126e-11,up
SEPP1,0.516940338380986,3.31899141785192e-07,1.4646697145062e-05,up
SELENBP1,0.51636780264526,4.86595461588892e-09,3.01936188957493e-07,up
MACROD2,0.501887139984522,1.46857399341504e-21,3.66364255010315e-19,up
UBA52,0.496858445510182,6.21034262674143e-08,3.17636938365218e-06,up
SERPINA1,0.49483844657342,1.09455441590797e-19,2.38925592501054e-17,up
AQP3,0.492300966054103,3.87128960039303e-22,1.07551463807283e-19,up
H1-0,0.491413031843596,7.02370641667258e-14,8.33570749877724e-12,up
ELF3,0.483291228284607,9.03785361924151e-07,3.71982231116526e-05,up
PCBP2,0.477737754951592,3.24686612294863e-08,1.76398628830774e-06,up
ATP1A1,0.47292461233984,7.57926952352727e-08,3.7815914553305e-06,up
MIF,0.468808476531563,2.52600613303704e-06,9.20965957690852e-05,up
SLC25A6,0.466639065399882,5.50913020082109e-10,3.8324815223222e-08,up
H3-3A,0.45934393670981,5.38439754742001e-11,4.44722132565286e-09,up
NDUFB11,0.457621559782657,3.5366874044489e-07,1.54955078250836e-05,up
LMO3,0.448170604349306,9.69339016646408e-07,3.92357620512771e-05,up
NFKBIA,0.447247107436852,9.65231815479648e-05,0.00213749886094623,up
BTF3,0.444908727642117,2.79217130561336e-07,1.26882907211218e-05,up
KRTCAP2,0.443343812886608,4.16429192005447e-06,0.000140619625499298,up
EEF1D,0.443216509058593,1.3815132376364e-06,5.48299279768419e-05,up
C16orf89,0.441044168400453,2.87285520160631e-23,9.49129242822583e-21,up
PPA1,0.440503219976625,2.9878704687786e-07,1.35273068927221e-05,up
S100A13,0.437420683946774,5.42648794431425e-11,4.45190527726828e-09,up
PLA2G10,0.43572910002206,1.67445376456229e-14,2.17750242744781e-12,up
AK1,0.433702571844044,5.51490833916139e-07,2.34077220617739e-05,up
EDF1,0.432519434371617,1.702164945096e-06,6.54316487070864e-05,up
TXNIP,0.426915948964357,4.86319419699224e-06,0.000160669421254144,up
UQCRB,0.426642636796645,5.52326409087078e-06,0.000178614762557684,up
COX6C,0.426466671061247,4.86802803984605e-05,0.00119973336207819,up
EEF2,0.424794612723148,1.11127184574625e-11,1.05303775522497e-09,up
SSR4,0.424387904661871,3.71844763763729e-06,0.000126967329392397,up
ATP6V0C,0.424096640475108,1.77609602771109e-06,6.80595543659571e-05,up
ERP29,0.420917574171702,4.13727935163392e-11,3.48786915823262e-09,up
SDC4,0.420713170564737,9.46546722082254e-05,0.00209992506909863,up
HLA-DRA,0.410458240811193,5.04720553568986e-14,6.16970404682728e-12,up
COX7C,0.408876303518514,1.94081106013674e-05,0.000524877752192733,up
FGGY,0.40837520402586,5.74350412952233e-17,9.75119367767791e-15,up
NDUFA13,0.406351004898297,2.71967806852142e-07,1.25454130979645e-05,up
AGR3,0.404797575286139,5.26706084696398e-06,0.000172151208003443,up
HLA-A,0.403815168451431,5.22643722982501e-08,2.73025507253764e-06,up
FAM177A1,0.401751210294107,1.50432854392429e-05,0.000421764039470885,up
NME1-NME2,0.395826768244645,1.17755689820202e-05,0.000343923258455958,up
NGFRAP1,0.394382917134239,0.000589721440466466,0.0091597902010954,up
SLC25A5,0.393718744443648,4.06021490194906e-07,1.76000237451863e-05,up
GLTSCR2,0.392467660490903,5.79427296999069e-09,3.50639568243397e-07,up
COX5B,0.389575975843339,0.000475623082466241,0.00777274941185472,up
YBX1,0.387169644474669,9.14392358936584e-05,0.00203969565613883,up
NSA2,0.386874095648248,2.8008133505064e-12,2.80632314726149e-10,up
SLC25A3,0.383565014629645,1.13314575729698e-08,6.47269800803657e-07,up
FABP5,0.383394893353049,1.89642610188568e-16,3.01063800901955e-14,up
ALPP,0.381598246254265,4.65675050615576e-10,3.30954175507256e-08,up
DDOST,0.378280618630481,3.24050407762474e-10,2.34390070088076e-08,up
EPHX1,0.377779796486178,1.07944485827477e-15,1.57084927947033e-13,up
CLDN4,0.376728076701708,0.00202172072825398,0.0233808081193724,up
C1R,0.376570911976136,1.22327783941007e-16,2.02072274445252e-14,up
ALDH2,0.368695448214612,3.09635312050762e-06,0.000108452207865574,up
EBPL,0.362370050858112,7.11683957937696e-07,2.97932352802411e-05,up
ANP32B,0.361595664117241,1.51825429544171e-07,7.24966426073417e-06,up
GPX1,0.360208665455318,2.15037876284759e-05,0.000577719340594483,up
CLDN7,0.359579958024102,0.0031063199252861,0.0320977639617052,up
LAMP3,0.35803487440565,6.98430980184067e-21,1.6418500580327e-18,up
MLPH,0.354830366014238,1.09548485622334e-06,4.37621139950133e-05,up
NRP2,0.354509285943134,8.13362190628533e-10,5.49311570068684e-08,up
ITGB6,0.35418231092902,6.29420138825265e-05,0.00148820730696326,up
PSME1,0.353061020963431,7.29362877495445e-05,0.00168539353771348,up
VIM,0.35257049797852,1.26658058028625e-07,6.09554370607051e-06,up
MALL,0.352427281189847,2.35564934658754e-06,8.69953402195954e-05,up
CEBPD,0.351357889961218,0.000295700608447168,0.00536297364637712,up
BTG3,0.351175719597497,0.000117140031744867,0.00247736980631358,up
ATP6V0E1,0.350585589167817,0.000708098944216808,0.0105002826511596,up
QSOX1,0.348619930513097,1.58799013641149e-09,1.03805301751305e-07,up
SRP14,0.346161134204067,3.91970229624664e-06,0.000133095669081441,up
CXCL17,0.342039479066589,8.77688344192464e-19,1.75882988842765e-16,up
TFCP2L1,0.336554477796756,1.30774423933016e-24,5.32862186052397e-22,up
CALR,0.33455037793634,0.00205853889060084,0.0237392258478346,up
HLA-DPA1,0.33376048672314,4.16460206912114e-14,5.14223188817543e-12,up
TM4SF1,0.329607475178728,0.00280082821057667,0.0299277308095185,up
CYP4B1,0.327375382687148,0.000491422415176625,0.00793546579011765,up
ZFP36L1,0.326932458520988,0.0118038056389298,0.0791062062117749,stable
HSP90B1,0.325478835900511,0.00029722563214067,0.00538264611450008,up
HLA-DRB5,0.324047582667504,8.39010755517515e-16,1.26449101209218e-13,up
SKP1,0.320911561866348,0.00178768644650505,0.0214032116768636,up
COX8A,0.320342021309964,6.44441004922142e-06,0.00020251020164957,up
OST4,0.317206733797966,3.36469773896958e-06,0.000116846776026034,up
TMEM258,0.316626840378863,6.53587416774808e-06,0.000204857758529622,up
SERP1,0.316267704501497,4.65533678703035e-06,0.000154638143708312,up
RNASEK,0.313064783217006,0.000110571921402941,0.00236712989006927,up
FKBP2,0.311782404082344,0.000352651259866728,0.006118866815556,up
POLR2F,0.311739074724982,1.58223600806424e-07,7.52577936287054e-06,up
C16orf13,0.311003838291776,2.16482020449575e-07,1.01389893409027e-05,up
PSME2,0.310763167590805,2.44203948208301e-06,8.9644116002951e-05,up
UQCR11,0.310321075775064,0.00442889724022237,0.0415773282075683,up
HSPA5,0.308720366281989,0.00298055039922039,0.0311670214542943,up
EIF3L,0.307789308130436,1.24625957643478e-07,6.02145338432363e-06,up
PLD3,0.306060628850137,3.3821070291368e-06,0.000116911138141003,up
IFITM1,0.306022674774372,8.84864219865413e-14,1.04005579073412e-11,up
TPI1,0.304732506358615,0.000490010497351261,0.00793362691340637,up
CMTM7,0.304725952897373,1.50999293782485e-06,5.95424311999065e-05,up
APRT,0.304523587911324,1.73447010913297e-05,0.000479686936969263,up
IER2,0.304230822367667,0.000220310660615727,0.00422112463223612,up
UBB,0.301849695716227,0.0107554379013883,0.0744573823931207,stable
C19orf33,0.29737328458806,0.00557102706042691,0.0479414507628638,up
EIF3K,0.296699716336002,2.10041612075056e-06,7.85183078289138e-05,up
SCNN1A,0.296470296342521,0.00881848394661716,0.0652130355495754,stable
PTP4A2,0.294171327445902,0.00117082483027051,0.0155229530642372,up
HLA-C,0.293683147856121,1.70798353801908e-09,1.11055270046517e-07,up
ID3,0.293484482836898,0.000411621308196041,0.00694980507097847,up
KDELR1,0.293285384287612,0.000709187470623645,0.0105002826511596,up
TCEAL4,0.29299333020621,0.000219643122714534,0.00421494118063181,up
FAM20A,0.292926309528645,2.56953443430374e-08,1.40932671629573e-06,up
ATP5J2,0.292539046376477,0.00107844088175841,0.014598960507879,up
COX6B1,0.292013693588415,0.00149162937656225,0.0185678996935814,up
POLR1D,0.28920254941514,2.73626575817942e-05,0.000717770657252903,up
BCAM,0.286042481281487,0.00026918669449446,0.00497812126096864,up
EEF1G,0.284416704346718,8.56492627216493e-09,5.03354128610308e-07,up
ATP5E,0.282052069627466,0.000315374032139836,0.0056162777441237,up
CRIP1,0.281564916296067,0.0290600166767697,0.145772225564414,stable
SIVA1,0.281259688967436,1.15447001278527e-05,0.000339236572987673,up
PCBD1,0.28037953102544,5.92169302371304e-06,0.000189991536802804,up
ATP6V1G1,0.278880229238983,0.0123123918650039,0.0814871024135394,stable
CALM1,0.275718660551088,0.000112383483957849,0.00239333747021037,up
CYBA,0.273592579527811,6.42813215118333e-08,3.27406197566937e-06,up
AQP4,0.273466127866981,0.0453422933305864,0.190836587844467,stable
EIF3E,0.273104846620796,3.107601578171e-07,1.387403414859e-05,up
LSM7,0.272183959207213,0.000231655301418158,0.00439031690625668,up
TMEM219,0.271708377411066,0.00188621780714803,0.0224291113565929,up
TCEB2,0.270371856122384,0.0126538117601392,0.0829420770947652,stable
LSMD1,0.269692176255982,0.000108843190786944,0.00233831136059685,up
RNF5,0.269490624345543,1.835130802545e-09,1.18691211271482e-07,up
SEC62,0.268986414277755,0.00526056554709715,0.045866728422051,up
CPM,0.268959925804972,0.0207188554206861,0.116017997554955,stable
HNRNPA2B1,0.268823611138142,0.0174348709915817,0.103407987870497,stable
SMIM22,0.268458720532825,5.11729753278862e-09,3.15928510307111e-07,up
GNG5,0.265723731606388,0.000309333020720349,0.00553763671646234,up
COX6A1,0.265016014056919,0.0237650452941888,0.127393789226097,stable
LDHA,0.26482699672895,0.00508985632657634,0.044785125318803,up
FBP1,0.264743137046166,1.17864302281791e-07,5.71735409163735e-06,up
HLA-DQB1,0.263919914556202,7.41468343744214e-10,5.06352459996049e-08,up
PNKD,0.263725408121838,0.00217449934406362,0.0245666173584415,up
TXNDC17,0.26330434121159,0.000961734818614696,0.01327617233659,up
HSBP1L1,0.263236852607468,0.0026634593704564,0.0287362112484193,up
SHFM1,0.262313988301047,0.00110532295123009,0.0148641009415144,up
PFN1,0.260737381623619,0.0289048080051863,0.145344456213656,stable
ROMO1,0.260707312683017,9.19730351487004e-05,0.00204786590465886,up
ASS1,0.260616265832914,1.04658566338259e-14,1.42149590546542e-12,up
TXN,0.258970783007983,0.00194439162070771,0.0228981148087967,up
CDK2AP2,0.258782661055206,0.000166747180662677,0.00333058420983753,up
THRAP3,0.258264731433509,0.000622908697028207,0.00955387191025445,up
CTSS,0.255984988269515,1.73525099237179e-10,1.29339683724102e-08,up
SSR2,0.255205837297775,0.00476657005064134,0.043114327278533,up
IFITM2,0.254663153361383,0.0267672657389553,0.137769707954943,stable
C11orf31,0.254043625506924,0.000458164250490085,0.00752768790052527,up
GPX4,0.253076394170134,0.0521103588762859,0.208330112739421,stable
PER1,0.251355014480111,0.00101150378000527,0.0138461614857609,up
PHB2,0.250189285396989,0.00014877251647049,0.00301665600077499,up
GPRC5C,0.250106421245547,2.69321531852689e-16,4.16732456375605e-14,up
MBIP,0.249799820830273,0.00419367890005651,0.0401123089783183,stable
SFTA3,0.249100180792447,0.00335953537289436,0.0341087710949009,stable
AGR2,0.247405148725969,9.54977056659173e-07,3.8823552363184e-05,stable
PIGR,0.247299005946533,2.99317865812113e-13,3.22908378458642e-11,stable
SFTA2,0.246633527518853,0.00027138431764016,0.00501118111606241,stable
GDF15,0.245658815418968,5.66605339663883e-06,0.000182748909552805,stable
PTPN13,0.244745442852121,2.55795515469748e-09,1.62856478182406e-07,stable
BRK1,0.243356649176344,1.60323361192541e-05,0.000447441271054251,stable
NUCB1,0.242514186108689,0.000357743131995258,0.00619412471035415,stable
PRR13,0.239859830204049,0.00467487185453375,0.0427733547848064,stable
DBI,0.239406214170797,1.4111368819035e-05,0.000401156680102056,stable
FKBP8,0.238855647967974,0.00345860970967504,0.0348828754876796,stable
TOMM7,0.238518095986402,0.0574011087212796,0.221767115363123,stable
SET,0.237398111209715,5.45810694247696e-05,0.00131857508428534,stable
COX7A2L,0.235874083147468,9.817699636511e-06,0.000293426797938167,stable
HLA-F,0.235728303068055,5.50018736020387e-06,0.000178340292549422,stable
EIF3F,0.234559265560333,3.13388310867536e-06,0.000109453106058422,stable
C19orf43,0.234192623432323,0.00012797764521943,0.00267418587207232,stable
FLRT3,0.232499726342227,0.0157692923518533,0.0967204363818641,stable
SH3BGRL3,0.231725533025619,0.00128832755389407,0.0166827500199165,stable
ARHGDIB,0.231133762307853,2.64849560189069e-11,2.29611420124198e-09,stable
HSD17B11,0.230271717723514,0.000139343913536968,0.00285795301858371,stable
EFEMP1,0.229805874297863,0.069489941223149,0.248958101263709,stable
SPCS1,0.229068804625343,0.00407871424048929,0.0393923672983958,stable
TOMM20,0.228857780090393,0.00395743375528549,0.0385463507765815,stable
APOE,0.227257588781006,2.00098205095556e-08,1.11181839049458e-06,stable
SSR3,0.227141134250306,0.000208382337584666,0.0040474704457419,stable
CYB5R3,0.226809800616666,0.021124700570331,0.117566745604532,stable
GNAS,0.226086675540492,0.000362778502801673,0.00626356556249668,stable
ADIRF,0.225989355988841,0.0347484006547871,0.162185738680457,stable
ZFAS1,0.225480734476217,0.0193509533347526,0.110329316027992,stable
XIST,0.225460388017044,0.000722293136778933,0.0106505564583663,stable
SNRPD2,0.224778247620332,0.0163347281784957,0.0992424042017555,stable
ATP8A1,0.224069636451156,0.000594640628750019,0.00922447594649776,stable
ERGIC3,0.221981503314235,5.97175772021965e-06,0.000190597301232285,stable
TSPAN3,0.221530462852132,0.0878101608611958,0.288468531676231,stable
DUOX1,0.220853767681481,5.04298643721601e-08,2.64572816345616e-06,stable
WBP5,0.220146386871829,0.0071340501883975,0.0576001515871671,stable
ACSL5,0.220137814219184,5.49701457653307e-09,3.37665860218795e-07,stable
TUFM,0.219805409529769,0.0193384963454558,0.110309743036329,stable
MFGE8,0.218712317834889,1.13505416331632e-14,1.52471451564601e-12,stable
C1orf21,0.217913563999601,2.57100668957745e-08,1.40932671629573e-06,stable
MECOM,0.217383900673023,0.000530375447725065,0.00840896170297172,stable
SERPINB1,0.217337854934411,0.000588471628014653,0.00915200659141363,stable
TSTD1,0.216983188102419,0.002600090720276,0.0282018713084772,stable
KCNJ15,0.216372944735339,1.00428374322216e-12,1.05830728251273e-10,stable
ARL2,0.215819019102545,0.00166294328395869,0.0203075111919191,stable
ACP5,0.214632132906167,4.54005396360149e-05,0.0011234335961754,stable
HMGB1,0.213758721374127,4.21351063714146e-05,0.00104686898431742,stable
GLO1,0.213674565283678,0.00010681027065015,0.00231037614089251,stable
JUNB,0.212797662468706,0.0508709476494812,0.205433255390571,stable
PGC,0.212662048123618,0.0011586190562364,0.0153945210254715,stable
MET,0.211907402922114,8.48235135729378e-16,1.26449101209218e-13,stable
SERPING1,0.210048960427916,0.0155397521198494,0.0956966901325133,stable
ICA1,0.209962420310605,8.4208063698622e-09,4.97275058285969e-07,stable
C7orf73,0.209728969321921,1.35435586357225e-05,0.000388630189584675,stable
ANP32A,0.209698843170094,0.000665578675544641,0.0100444860862441,stable
ST13,0.209423500398551,0.00210281923054885,0.0239560692210896,stable
CD302,0.208815470003533,7.00373885987483e-05,0.00163989354905567,stable
HSD17B4,0.208696011227253,2.13465470910838e-06,7.95549364760393e-05,stable
BCAT2,0.206871761110162,0.000118054919384355,0.00249240645000752,stable
CD59,0.206723513167124,0.0029197442330396,0.0307055174815612,stable
PCDH9,0.206542355145774,6.79154692493997e-11,5.42613526865792e-09,stable
C1S,0.206096168899217,8.09488977064454e-09,4.80349187166791e-07,stable
ALDH1A1,0.205894096795654,4.5408312222276e-09,2.83199596227093e-07,stable
NKX2-1,0.205770691663954,0.00751590944814113,0.0593057443745821,stable
CXCL2,0.205381887624493,8.98787592184085e-05,0.00201592284896482,stable
TMT1A,0.205007318649984,0.0352823532405375,0.164051535189171,stable
POLR2E,0.204670687032362,1.77340717956643e-05,0.000486056712175336,stable
DAZAP2,0.203545238301213,0.00693660747391436,0.0564910657968882,stable
CD44,0.203149775006679,0.000316468723697102,0.00562283964894386,stable
SRSF10,0.202430794322829,0.0252968062334447,0.13254528906885,stable
SAT1,0.202373842588583,0.0834257748241649,0.279090495744552,stable
PGLS,0.202006661858913,0.000340567302303675,0.0059668087243211,stable
SLC44A4,0.201859878148913,2.37589180720374e-10,1.73909589528494e-08,stable
NDUFA4,0.201357039171625,0.0181437000779354,0.10601749032155,stable
DAD1,0.201234978592137,0.0946076854963392,0.30242791514311,stable
F3,0.200212174469584,0.00420100002638804,0.0401509181568158,stable
SFTPD,0.200184812651181,0.0469032952846002,0.195463416992883,stable
SCP2,0.200034280514386,0.00999752694729647,0.0710521915138093,stable
MIEN1,0.199751234417516,0.00876018481889252,0.0650535791884631,stable
HLA-E,0.199332470211711,0.0050027065856989,0.0442817417115014,stable
SEC11A,0.198688190554955,0.00256585733861462,0.0278958593249176,stable
RNF145,0.19867627002641,0.0573039568769415,0.221461766950279,stable
UQCR10,0.19794374279825,0.0855929157304891,0.283623814742516,stable
CNBP,0.197906655582195,0.0361760078040996,0.166873780904647,stable
ZFP36,0.197807011795982,0.181619669244588,0.444468235604773,stable
POLR2L,0.197702271392196,0.127196553081459,0.362267163296309,stable
FMO5,0.197674863872887,7.37245797691675e-12,7.15245446903415e-10,stable
BAX,0.197579917565831,1.16204303041169e-05,0.000340643021672723,stable
UQCRH,0.197225032609472,3.55550803572892e-05,0.000901712245409757,stable
BST2,0.196897462503397,0.000156647706244856,0.00314944335713343,stable
TIMP1,0.196268470611977,5.15876147153771e-06,0.000169518011365798,stable
HNRNPF,0.196237003295678,0.0110709198329343,0.0759053294556866,stable
SUMO2,0.195986298069752,0.000510520211347651,0.00813637426794483,stable
ATOX1,0.195911288709007,0.00826908816753443,0.0625890611516662,stable
HINT1,0.195548974126797,0.00772444263865692,0.060104129099263,stable
TPGS2,0.19529879050937,0.00658399359905548,0.0543862741014859,stable
SERPINF2,0.195255132823898,1.23890660830485e-14,1.64612982390418e-12,stable
HLA-DMA,0.19501338053832,3.58694751568472e-08,1.92310729963728e-06,stable
NDUFB4,0.194174611762461,0.0250325829476517,0.131606743932602,stable
MYEOV2,0.192857969249018,0.00658472559474796,0.0543862741014859,stable
DENND2B,0.191756612380405,3.32622036595641e-05,0.00085410670096943,stable
ATP5L,0.19156031892306,0.0952388793678128,0.303493238110569,stable
TTN,0.191331507997127,4.70758369563616e-10,3.3263296586969e-08,stable
SMPDL3B,0.191221171662936,1.52383860565857e-06,5.98951868667856e-05,stable
NDUFB5,0.191034607537126,0.0154251499883293,0.0953535165981724,stable
UBXN1,0.190571230691547,0.000128418597794743,0.00267882071577293,stable
PRDX3,0.190569243215539,0.00147280494836765,0.0183838834940342,stable
TMA7,0.190291301105216,0.0665752919016527,0.242063167223618,stable
COMMD6,0.189565279606721,0.00780217860433892,0.0604396902784784,stable
PMM1,0.188491584135391,0.000225107224341867,0.004286153754447,stable
ZNF428,0.187819689437297,8.610830396213e-05,0.0019528532609148,stable
PKM,0.187805329520158,0.00805299689111332,0.0614633908740623,stable
NUDT16,0.187513489214039,6.25642169577358e-05,0.00148501939435216,stable
RAB34,0.187428774317665,1.06546705661859e-08,6.17263947872305e-07,stable
COX5A,0.186973210422775,0.0578651270422677,0.222623936963517,stable
SNX3,0.18657129198,0.0101943315403635,0.0719489080539282,stable
CUTA,0.186526787265341,0.0577009382298962,0.22236326258583,stable
PPIA,0.186092444935278,0.0313615707249401,0.152491583349907,stable
CREB3L1,0.185740193696933,3.1651002136228e-11,2.70560734344931e-09,stable
CD63,0.185117228197786,0.113901676990571,0.338191425681987,stable
TMEM160,0.184706264879668,0.086213137062557,0.284451357768987,stable
ATP5F1,0.184441574035505,0.00288690016557695,0.0304801223596481,stable
PSMB8,0.184241198522695,0.00200181599591799,0.0232559921000455,stable
NCL,0.183962320288852,0.00394285597320788,0.0384349851806166,stable
STRA13,0.18385675588325,0.00204491796595212,0.0236044166343708,stable
WDR83OS,0.18361350153239,0.0517612539397278,0.207656569792988,stable
ZMYND8,0.182702555799474,9.76381872127327e-06,0.000292531666786383,stable
AUP1,0.182638342857269,0.0216124877138992,0.11946277911903,stable
CCNI,0.182572358589169,0.000474274422655246,0.00776108506363819,stable
AP2S1,0.179670807392535,0.0046147943801404,0.0424917686354891,stable
IFNGR1,0.179365553405556,0.011123453533687,0.0760901488504698,stable
DBNDD2,0.179321159254863,3.95166056361634e-06,0.000133809137755253,stable
TOP1,0.179050285200653,0.000944940089184935,0.0131260768752235,stable
UQCRQ,0.178467590089876,3.95709810388797e-05,0.000989193603720379,stable
PPCS,0.178234095718094,0.0160627658680248,0.0980285821121996,stable
ADIPOR1,0.178229848970297,0.00727400821564736,0.0581728142379463,stable
TECR,0.177859334372795,0.00753745606891861,0.0593057443745821,stable
IMPDH2,0.177212980075338,0.000105371931398979,0.00229513127099077,stable
TXNL4A,0.176863588857616,0.00458627181982394,0.042439505469741,stable
OCIAD2,0.175532117762817,0.0190304225923435,0.109061362291986,stable
SNRPG,0.175305899635441,0.0525875253012733,0.209527349831409,stable
ENSA,0.175270639698042,0.0336801474921881,0.159205770666863,stable
CD24,0.175268417784252,0.0201709185966867,0.11341751581765,stable
APOD,0.175052184708897,9.28767654157426e-07,3.79707551987303e-05,stable
MCCC1,0.174468244532894,1.81334027669452e-06,6.90538054277688e-05,stable
LRRK2,0.174371666918968,2.45415525053628e-08,1.35744768246858e-06,stable
MMP24-AS1,0.17383696348559,0.00940236606928162,0.0682103993061712,stable
RPAIN,0.173606000192181,0.000709524989353555,0.0105002826511596,stable
STARD10,0.173466557898776,0.00206107339082231,0.0237460519598604,stable
MLF2,0.173214089563911,0.00880257143832842,0.0652130355495754,stable
SOD1,0.173193923159007,0.0910102859447318,0.294797498963265,stable
PLXNA2,0.172736378733098,0.00715351541778315,0.0576430932544372,stable
ARPC3,0.172294573764107,0.167687495004678,0.424827944509427,stable
TAPBP,0.172040191536697,0.0465369899105837,0.194484842621188,stable
CLU,0.171231823692675,5.72559861354382e-05,0.00137877273622626,stable
TSPAN1,0.171194298804441,8.74835473488904e-07,3.62855864819283e-05,stable
PTRHD1,0.170835698984799,0.000905152527828512,0.0127179132185928,stable
ZSWIM7,0.170458101389596,3.02444759492322e-05,0.00078328066526147,stable
ALKBH7,0.170195232011732,0.0221396029387756,0.121489248946469,stable
TRMT112,0.170009944326379,0.132808669475196,0.371373967029835,stable
NME3,0.169914298648663,0.0315007672185797,0.152762349619319,stable
PSMA6,0.169499553819664,0.000995334917587681,0.0136861350197883,stable
SLC22A3,0.169442010875284,1.31756333738107e-12,1.37657215693557e-10,stable
PHYHD1,0.169030508551242,0.000315639955023968,0.0056162777441237,stable
PABPC4,0.168867857551903,0.00768878285952784,0.0599270277349832,stable
OS9,0.168337537033099,0.0475421009651714,0.19693481606176,stable
CFDP1,0.168337186342575,0.002508105126044,0.0274476965629023,stable
FXYD3,0.168239044658908,0.0910137025814322,0.294797498963265,stable
CST3,0.167573567362086,0.0226598767030916,0.123658184294014,stable
BBLN,0.166808919323408,0.00217364506309936,0.0245666173584415,stable
PPP1R14C,0.166582240158724,3.99545839968032e-10,2.85616862442645e-08,stable
GABARAPL2,0.165970882257043,0.0525281324740887,0.209358947298096,stable
TRAPPC5,0.165965964985504,0.00360490916793211,0.0359919485166998,stable
COX14,0.165901909237699,0.0195701380917436,0.111164204476521,stable
PDIA6,0.165416577337631,0.000799807209781279,0.0115381350412556,stable
C19orf53,0.165281240711228,0.121463328036255,0.35267641850717,stable
FIS1,0.165256119156254,0.0968739930533222,0.30686387434149,stable
CAPN8,0.165248674668256,1.31951172122477e-05,0.00038131705154259,stable
TBCA,0.165192115340308,0.042946900765717,0.184333888679819,stable
RGS16,0.164944965894803,0.0149602114945715,0.0935170253414131,stable
LAMTOR5,0.164255300861214,0.142177930206431,0.386304294030544,stable
ADK,0.163889691826318,0.0421183700404685,0.182927424174085,stable
CFI,0.16388479612796,7.43691298450882e-05,0.00171203058988015,stable
DDX17,0.163421612307301,0.0648045604976628,0.237461315204865,stable
COMMD4,0.163313559830626,0.00622395059493748,0.0521212714209282,stable
EPS8,0.163170638333232,3.1661550778081e-06,0.000110265184248223,stable
ISCU,0.162370560778677,0.0285777034493707,0.144156000630376,stable
PYURF,0.16231169072332,0.00752790998124057,0.0593057443745821,stable
NFIA,0.16212237859824,1.4431669455729e-05,0.000408362794969518,stable
EIF4B,0.161979782556603,0.000609188798049972,0.00940242912545815,stable
DCXR,0.161879181961904,0.00181682317004436,0.021709527302661,stable
CMTM8,0.16177862785949,0.000908335193852791,0.0127479786563221,stable
BCAT1,0.161571221360255,2.37239294806164e-06,8.73497933647754e-05,stable
WIF1,0.161511551618309,6.43181942818833e-09,3.873032546314e-07,stable
MID1IP1,0.161408643181052,0.000547503993110243,0.0086114212178228,stable
JTB,0.160826222011499,0.000733749434238165,0.0107675307132381,stable
CTSD,0.160663876913109,0.171111437466043,0.429853311053208,stable
ATP6V0B,0.16032907610876,0.00977878786838659,0.0701913698785424,stable
MSI2,0.160183558585675,6.47889546591916e-08,3.28622482055584e-06,stable
TMBIM6,0.160116492049676,0.193403861111262,0.461571417068345,stable
CLTA,0.15981910888771,0.100335398244674,0.314487155934075,stable
OAZ1,0.159777749216471,0.0499789085232851,0.202941231771661,stable
YWHAB,0.159622496073033,0.216677091047814,0.490220388852209,stable
RAB13,0.159344702181347,0.00686551327591158,0.0561495556952545,stable
MACROH2A1,0.159077988486664,0.0900629047902514,0.292935592434465,stable
GGCT,0.159053115245317,0.000189752678076238,0.00374723220808389,stable
UXT,0.158914497796154,0.0416366833254514,0.18196882980705,stable
EMC3,0.15869314131804,0.0241967609447063,0.1290493917051,stable
COX4I1,0.158682047641507,0.00112508891741546,0.0150575954302533,stable
OTUB1,0.15858415228262,0.011216276321177,0.0765965149441715,stable
NDUFA3,0.158471977209246,0.151231320473665,0.399267247976658,stable
CCDC53,0.158292473158695,0.00920095757736188,0.0671077001346489,stable
ARHGEF1,0.157749027103403,0.0175263138015721,0.103712052729923,stable
DUOXA1,0.157326628889725,0.0269906805773131,0.138465886119108,stable
NUCKS1,0.157211805563883,0.00798615431170234,0.0611671367833643,stable
RASD1,0.157090356972312,0.00410747328316107,0.0395283283248683,stable
DIABLO,0.157012772506434,2.95089222654783e-05,0.000767483118666397,stable
HLA-DPB1,0.156667112791891,7.09433143046903e-05,0.00165498296576438,stable
CORO1B,0.156637804302553,0.00469572089917898,0.0428042447960954,stable
PTOV1,0.15636132547323,0.012031444447457,0.0801921357283066,stable
UBE2L6,0.156345128701377,2.67844260242357e-05,0.000704113599398403,stable
TMEM208,0.155794896273428,0.0493935592330356,0.201653422293609,stable
ENO1,0.155684030442823,0.038939914805459,0.174359530616092,stable
PCBP1,0.155359940718296,0.196242909384004,0.465371915690331,stable
DHRS3,0.155306296516739,0.00131073697702982,0.0168835076999078,stable
TFPI,0.155241039412509,1.14504415914821e-07,5.57650191291943e-06,stable
NDUFA7-1,0.155176982295845,4.80164983922362e-05,0.0011857650027206,stable
EXOSC4,0.155148305304492,5.72984743130678e-05,0.00137877273622626,stable
EMC7,0.15507982631923,0.000818637540606357,0.0117041231536516,stable
MRP63,0.154872269361427,0.0723783589381775,0.254458745947737,stable
SQLE,0.154761796268367,0.00485686322430336,0.0435414929889476,stable
POLD4,0.154666619503169,0.000796482558069273,0.0115085139359797,stable
P4HB,0.154529739515691,0.249854069153228,0.529577056339398,stable
COPZ1,0.154237565026539,0.0366075548238665,0.168040086431447,stable
KRT4,0.154197887093561,0.00235886477961468,0.0261896122307083,stable
TYMP,0.153933130521273,0.0578960647584278,0.222623936963517,stable
NDUFS5,0.153877568139202,0.090119133233251,0.292935592434465,stable
PPP2R5A,0.153827506567493,0.053810720693714,0.21268615091725,stable
PRDX4,0.153322687874538,0.0196506786437058,0.111329691223787,stable
CBX3,0.153270307544927,0.00117931280605549,0.0156185479319851,stable
ZMYM6NB,0.153175130312108,0.00109691814471838,0.0147836024267227,stable
BSG,0.153075382461974,0.190782577795924,0.457638585356628,stable
SYNGR2,0.152212942385616,0.00122985081065553,0.0160788195823029,stable
TCIRG1,0.151783900774727,0.00964237261616475,0.0694978554599044,stable
SPCS2,0.151473209061516,0.181432761838381,0.444277660399113,stable
HSBP1,0.15146479140387,0.176815956095955,0.437973302394519,stable
SEP15,0.150791545421036,0.0976685166317827,0.308501278373879,stable
RSL24D1,0.150233030067818,0.0237470518604321,0.127393789226097,stable
ATRAID,0.150074613627785,0.0409132222954629,0.180029960165493,stable
LMAN2,0.149964419873857,0.00755969400768977,0.0593892670629819,stable
SLC25A1,0.149731612481912,0.0186602816770021,0.10761189899298,stable
MAST4,0.149569414243236,8.72119505853392e-05,0.00196693521024942,stable
MAOA,0.149407923912608,0.0443377815457995,0.187732955183877,stable
ABCC3,0.149330096838239,0.00849555290622258,0.0638150090138161,stable
TP53I3,0.149253723580754,0.0801074818799214,0.271105719407574,stable
APP,0.148443275364193,0.219383203073892,0.493178375612015,stable
CKS2,0.14785753137079,0.000119956948014664,0.00251518650519939,stable
RALY,0.147246493035984,7.24919656965053e-06,0.000223773178958101,stable
SMARCB1,0.14723701753316,9.5597916077539e-07,3.8823552363184e-05,stable
BEX4,0.147097046925288,0.0024227441315135,0.0267772371280479,stable
NDUFB9,0.146984521332739,0.0293850873618015,0.146673461784672,stable
GUK1,0.14677711239498,0.00087358838601887,0.0123453692840401,stable
DNAJC4,0.146385754403901,0.00229306455884168,0.0256096515477426,stable
TMEM14B,0.146196070881383,0.133829575693526,0.372734730753625,stable
TMC5,0.146038876304166,0.0126663826190072,0.0829420770947652,stable
GRINA,0.145728445908393,0.0115456941784172,0.0777172718265263,stable
ICAM4,0.14544261193061,9.8474824287746e-06,0.000293599085876441,stable
TCEAL8,0.145213450849293,0.0105358021019395,0.0733426223770548,stable
GOLGA4,0.145168308457586,0.133488425961871,0.37203887801138,stable
CYP2B6,0.144975304484245,0.00293262221391218,0.0307975721158612,stable
TMEM179B,0.144642914271985,0.0245308768710552,0.129898565333639,stable
SECISBP2L,0.144225747647358,0.0118878976108042,0.0795389493127918,stable
COA4,0.144195366556839,0.00795126079669237,0.0610528969715877,stable
PDAP1,0.144068454038414,0.00272267509396773,0.029292820129424,stable
RAB11B,0.144011968501639,0.095731736709156,0.304508131546376,stable
STING1,0.143796419993739,0.000248684827800958,0.00465531904293861,stable
CHMP4B,0.143749789236915,0.0538694302859191,0.21268615091725,stable
PPAP2C,0.143595950966731,1.32556192452665e-05,0.000382162003901267,stable
FASN,0.143494553027331,0.00119351607826942,0.0157214876516868,stable
CSTB,0.142996672016066,0.0201851365325849,0.113445107574399,stable
JAK1,0.142995623399007,0.00263987321941622,0.028506899500127,stable
HMGN1,0.142728611729468,0.116876602772431,0.343933459867646,stable
CDKL5,0.142572410667822,0.0421253844118169,0.182927424174085,stable
BAD,0.142374040028031,0.0112735450909247,0.0766877101788891,stable
TNFSF10,0.14227755394963,0.0010032576816777,0.0137795751694698,stable
DECR1,0.142059882424291,0.0276595875258925,0.14111469028235,stable
S100A11,0.14169605710212,0.110567539984566,0.33240964308198,stable
MAX,0.141116707150975,0.00173060108059632,0.0209246959537186,stable
ATP5D,0.140898411690504,0.0204952508135344,0.114871135233675,stable
SFN,0.1406497203524,0.182304868768845,0.445335326490241,stable
HPN,0.140366452193589,0.000686984874934153,0.0102661407227324,stable
GPI,0.140300054510045,0.00177630793956949,0.0213087225253164,stable
FAM13A,0.139986507237,0.00868215281006182,0.064634979263213,stable
NDUFA2,0.139039915184039,0.236366847907106,0.512841382466536,stable
CCT3,0.139003229373849,0.0342413456204377,0.160863262438213,stable
CITED2,0.138986343739794,0.102009885539475,0.31729487044136,stable
LAP3,0.138928105096645,0.00317751524180429,0.0326952410065788,stable
ALPL,0.13888288142603,2.49919388582023e-05,0.000661258572733041,stable
GOLIM4,0.138806892173594,0.000391895875857264,0.00668136009271855,stable
RAB7A,0.138576729261954,0.00864245449625426,0.0645104178458716,stable
LGALS3,0.138547704054134,0.0614985975609378,0.230955101869402,stable
ERH,0.13817252277844,0.0166163640017668,0.100206835096108,stable
MPST,0.138019878790927,0.00328361069235003,0.0335320827062588,stable
CLDN1,0.138006971238561,2.25579785662687e-07,1.05247606867965e-05,stable
MALAT1,0.13772048633469,0.125217300678756,0.358719541480458,stable
SMDT1,0.137291618609577,0.000201368803287593,0.00393845160222005,stable
CLIC6,0.136934829482927,8.90552027153542e-09,5.20866410522723e-07,stable
GSPT1,0.136868181571806,0.0340056708679924,0.160085794224807,stable
TNFRSF14,0.136649238659571,0.00486208589086334,0.0435414929889476,stable
SNRPD3,0.136591812106058,0.159750224541866,0.411980325907124,stable
ECHDC1,0.136350331303162,0.0480157577933285,0.198018471996572,stable
SEC13,0.136331151299234,0.0175285586501981,0.103712052729923,stable
SERBP1,0.136270420781514,0.0212668413229423,0.118144508738931,stable
IRF2BP2,0.136268825612003,0.109949475851244,0.331121555261298,stable
GSTK1,0.136020837325537,0.00496527949043985,0.044202186143666,stable
EMC4,0.136008773841662,0.0608450536353086,0.229275565856354,stable
TRIM22,0.134829146244923,0.0105566095102265,0.0734456429442279,stable
PDIA3,0.134779456168876,0.106979416790179,0.326113813177841,stable
AFF3,0.134601336691139,6.32271058865171e-10,4.36659967433212e-08,stable
CHCHD10,0.134373702887188,0.155217278596543,0.405392115069515,stable
PDE4D,0.134037618618112,0.0372565198110433,0.169491514019424,stable
NECAB3,0.133857328413223,0.00104512233565534,0.0142743859564814,stable
RWDD1,0.133654447422761,0.0434108037166189,0.185413579535971,stable
HDLBP,0.1325955845689,0.0541722403931983,0.21340685355026,stable
ST6GALNAC1,0.132491128049852,1.6737013295258e-06,6.45404575776762e-05,stable
MYC,0.132434671507243,8.66793741654402e-06,0.000262269472722361,stable
SLC43A3,0.132024671457641,0.00773206377126881,0.060125157468187,stable
SCAND1,0.131861733372891,0.0474898705168371,0.196785144812819,stable
RABAC1,0.131182034473295,0.258817007538537,0.53897429304107,stable
DRAM1,0.130969196971525,0.00244350300167388,0.026933616494555,stable
GMPR2,0.130539501378578,0.00263067648138462,0.0284578666446422,stable
UBE2V1,0.129835235870207,0.00119217755386315,0.0157207965678782,stable
MDK,0.129698846087579,4.96533446357931e-07,2.13719184798569e-05,stable
SLC39A4,0.129394224533744,0.01258915938683,0.0828255566978522,stable
EHF,0.12916117925777,2.01217647449313e-07,9.46032508623233e-06,stable
NDUFC1,0.128846753342613,0.145941287119106,0.39157910920836,stable
H1-10,0.128454177298392,0.184976170771813,0.448551619026909,stable
B3GAT3,0.128120566973685,0.0299303293796783,0.148244872908099,stable
TSPAN6,0.127802751592008,0.000619073202410474,0.0095189318569379,stable
MVB12A,0.127676056676813,0.0139652670425414,0.0893777090722652,stable
MGST2,0.127628416251424,0.0160577010497674,0.0980285821121996,stable
IRF2BPL,0.127620572238695,0.0068859343151636,0.056260341865251,stable
TMEM243,0.127235740420109,0.00518961777342436,0.0453451663061754,stable
SOD2,0.127207161299603,0.0486911057398073,0.199635650944309,stable
CNOT8,0.126919002927054,0.00288743305730306,0.0304801223596481,stable
NR4A1,0.126878262359919,0.0971464287990175,0.307249145055418,stable
PAFAH1B3,0.126846751617595,0.00132340877784216,0.01696591441928,stable
CINP,0.126446533263916,0.00308255824423268,0.031987429522496,stable
TRAPPC1,0.126140559584065,0.00777804612132559,0.0603290020624987,stable
CRELD1,0.125506676014605,0.0138240912752783,0.0887063998682428,stable
DHRS7,0.125470093321478,0.0960476496916373,0.305195339181329,stable
CCDC64B,0.125453876962494,0.0131956144101256,0.0857850067730212,stable
BMP1,0.12540780112068,1.04101497468696e-05,0.000308868132295471,stable
OSTC,0.1252556284489,0.107706731491973,0.327351339074559,stable
RNF220,0.124570958796111,0.000931846051550445,0.0130016416333594,stable
SULT1A1,0.124488914613944,0.0196630238344368,0.111329691223787,stable
CTSC,0.12444187965554,6.44061440263279e-06,0.00020251020164957,stable
PTPMT1,0.124385465870785,0.0496659556801333,0.202444604574763,stable
SF3A2,0.1242323554131,0.00979764740746086,0.0702442474538426,stable
BCAP31,0.12406124439597,0.231552801173605,0.508601003361155,stable
APOC1,0.123807510592512,0.0370335084980527,0.168960289424971,stable
SRSF9,0.123699869679936,0.0568957168341438,0.220371749867102,stable
VTI1B,0.123401087612038,0.00476705857713876,0.043114327278533,stable
PRKCD,0.122951001701224,0.0121190696380834,0.0806442608905454,stable
C7orf55,0.122948658525023,0.0305776555482468,0.15035448971109,stable
FAM96B,0.12289968031599,0.060400261441647,0.228162174246815,stable
IMPA2,0.122870566212073,0.0132708664739374,0.0860143540707376,stable
MORF4L1,0.122648573667427,0.30119134572028,0.583568153477973,stable
SDR16C5,0.122385095058989,0.0737180800429594,0.257025045763016,stable
AHCYL1,0.122006754738302,0.161585964776526,0.415138048219474,stable
FAM213A,0.121356567343805,0.000152592345879254,0.00307803438288448,stable
IGBP1,0.121274341880897,2.3155499449083e-06,8.57735834138153e-05,stable
CLPP,0.121223375913971,0.0595138597250311,0.225860733088724,stable
PTK7,0.121196192842759,0.0121879614623468,0.0809704570194172,stable
BTG1,0.121189793513431,0.216433981413313,0.489942405332655,stable
SLC39A7,0.121139626244863,0.0640544039000722,0.236128176500145,stable
PRKAR1A,0.121130565461958,0.204406947035823,0.475484399727098,stable
FXYD5,0.121122694407232,1.4467256962738e-05,0.000408424362846442,stable
TSC22D1,0.121051227082961,0.0372918905536253,0.169589311803391,stable
STX10,0.120823552317491,0.0430346788251682,0.184581022441704,stable
LYRM4,0.120555867342685,0.000398714648677922,0.0067692887019985,stable
SEPT9,0.120474086696294,5.26067736599958e-06,0.000172151208003443,stable
AKR1A1,0.120449592972338,0.138392243268124,0.379692494747848,stable
NTN4,0.120307288134686,0.00208244042250564,0.0237987751460861,stable
H2AC6,0.120258722559352,0.0108755243331132,0.0750662955663332,stable
TRIM24,0.119928368407789,9.09850183626261e-05,0.00203327397525547,stable
DUSP23,0.119899669033942,0.0240705132899447,0.128544322610871,stable
NAPA,0.119829486372104,0.00601217031219552,0.0509361591221402,stable
CCND2,0.119693756790317,0.0702542036942738,0.250616513583364,stable
ARL6IP5,0.119685140791887,0.445268989820025,0.712337145865723,stable
NDFIP1,0.119377603603153,0.192278051362702,0.459692333240304,stable
NDUFS6,0.119297666228508,0.307414330316103,0.591133046056951,stable
PID1,0.11905826975381,1.87451779978421e-07,8.84714501334448e-06,stable
LAMTOR4,0.118804300791665,8.45248581179011e-06,0.000256385078320899,stable
LTA4H,0.118382558617341,0.0211300834500292,0.117566745604532,stable
MLLT3,0.118213810698187,0.0185010484548398,0.107269414517204,stable
ARHGEF38,0.117962171469952,3.39473795745845e-08,1.83616268991027e-06,stable
PRDX1,0.117783672971061,0.381607344948127,0.661106602132356,stable
PPP1CA,0.117484469630067,0.000329796913285177,0.0058173700836912,stable
KIAA1244,0.117100273334667,1.60833986413848e-06,6.26125684688814e-05,stable
CDK4,0.117020207038478,0.0183373948131903,0.106720890480651,stable
YWHAE,0.117011531814958,0.0670707708006099,0.243357936240048,stable
PEBP1,0.116959117647013,0.000143288228635494,0.00292413239873169,stable
AREG,0.11692498377904,0.00943338066252297,0.0683137708641474,stable
C19orf24,0.116915959886603,0.0114040990261187,0.0772074377763876,stable
SEC61G,0.116905059630027,0.34910284066468,0.62941491508629,stable
ATP5MJ,0.116801221525449,0.129649836223096,0.36534812822445,stable
GAPDH,0.116723703574471,0.00105211164210128,0.01433780681499,stable
C1orf53,0.116559801630526,0.000344877416921544,0.00601640004239116,stable
CCDC127,0.116486238968726,0.010950976254947,0.0754474810268452,stable
TCEA1,0.116376855299057,0.183654585040923,0.446764904983132,stable
PEG10,0.115954893950591,0.0381971174978125,0.172086953266106,stable
C1GALT1,0.115767579557628,0.00076200841537852,0.0111155022310108,stable
EIF3I,0.115738582969689,0.123890772314698,0.356527585682461,stable
SCD,0.115504739536622,0.00594589654671153,0.0504740551298624,stable
MAPK10,0.115497446435182,5.43002715298633e-07,2.31277532815697e-05,stable
UBL5,0.11538001840713,0.474845857979737,0.735214156801052,stable
PPP2R5E,0.115379566723307,0.00320229458920329,0.0328948311415303,stable
RHOB,0.115131291700124,0.184485519761867,0.44798390813847,stable
RCOR1,0.115117384776267,0.0439323759947645,0.186879176825392,stable
SNRPE,0.114890969047054,0.0737174479123469,0.257025045763016,stable
NUDT3,0.114815294957381,0.00730301016972442,0.0582473730726166,stable
AKAP1,0.114771911885962,0.0426985107238219,0.183951371678549,stable
PGRMC1,0.114754130376435,0.151463307097184,0.399563167507255,stable
C9orf152,0.11451973981171,0.000632481770339107,0.00966432145078155,stable
MMP7,0.114372074528704,6.57194171406467e-08,3.31964526912093e-06,stable
TRIP6,0.114172141218731,0.0651453138239386,0.238424046761624,stable
RAB1B,0.114155853504914,0.0880232333360752,0.288857987731593,stable
FRMD4B,0.113899129327547,0.000302638287726649,0.00545310358010184,stable
MOB1A,0.113844633219001,0.00176391958323291,0.0211808968422781,stable
TP53I11,0.113659212509569,0.00115295773515904,0.0153861958019478,stable
C12orf57,0.113654783873207,0.0851492690863379,0.28307442624732,stable
ALG5,0.113571945932981,0.0265913503182647,0.137326855213548,stable
SUMO1,0.11269546745006,0.267920905797977,0.549148348992775,stable
HM13,0.112341286547573,0.14408649826638,0.388725083824373,stable
NDUFB2,0.112176659053221,0.524039165953577,0.77071958114984,stable
RAB27B,0.11212595701123,0.0218860809976228,0.120511465817541,stable
TIMM13,0.112040805900716,0.063130083383728,0.234355991759897,stable
PSAP,0.111848504315753,0.217125700360054,0.490781168861187,stable
CYP51A1,0.111532398439827,0.159071558416975,0.410663300969188,stable
HNRNPA3,0.111394945896436,0.333031692074599,0.613931443812381,stable
C9orf142,0.11136690598794,0.0782761394129165,0.267350524778846,stable
RABGAP1L,0.111273149407833,0.0480659536945743,0.198097848267861,stable
CDC42EP3,0.111203792203081,3.095019120069e-06,0.000108452207865574,stable
NOP10,0.11095502453765,0.299980363997744,0.582704587558942,stable
NHP2,0.110911688198649,0.15247205646275,0.401079926447311,stable
LINC00891,0.110536549774144,0.0063344358709629,0.0527826476391619,stable
S100A16,0.110336858262068,0.000533659940818945,0.00845007657586888,stable
MVP,0.11026661854976,0.000309898915006356,0.00553763671646234,stable
FKBP5,0.1100295447411,1.30765435031199e-05,0.0003787859426117,stable
C18orf32,0.110027717651793,0.0902423951324781,0.293072007996656,stable
PTGES2,0.109925193116979,0.0214885582978438,0.119019545370568,stable
CFH,0.109919823795268,2.87312646071614e-05,0.000752057769931351,stable
KLHL24,0.109655201221635,0.201408068904893,0.472937191829025,stable
PAPOLA,0.109513256553934,0.0367736095370446,0.168425539442754,stable
SCPEP1,0.109241151808282,0.157889083761149,0.408905966079722,stable
SUCLG1,0.109144406188558,0.138665046353489,0.380155975040283,stable
EPDR1,0.109132370534037,0.0410295684936353,0.180340569858509,stable
NDUFAF3,0.109063116037931,0.0157960933019013,0.096836230954083,stable
PTPLAD1,0.108946630797905,0.231459705573916,0.508601003361155,stable
KLF5,0.108927270913789,0.150411830162172,0.398231364934459,stable
GANC,0.108806372449738,0.0281397114165721,0.142701880054903,stable
TRAF4,0.108787590069506,0.0311997836446906,0.152025410674416,stable
ZBTB20,0.108617469253712,0.0420564470392354,0.182927424174085,stable
MPC2,0.108616900574312,0.168251183367084,0.425706729717441,stable
IGFBP4,0.108489132119982,1.98102850576076e-05,0.000534571577360254,stable
SDHD,0.108459652074233,0.204182673189848,0.475315033362279,stable
SELK,0.108413205903068,0.0122821561601556,0.0813310275740747,stable
CCT7,0.108276884003424,0.00569146120864809,0.0487885145964336,stable
HNRNPM,0.10811812054952,0.0249933840421803,0.131519210732506,stable
C2,0.107822549475156,0.000549657659670001,0.00862518001515544,stable
CD40,0.107618337446446,0.0260336889019422,0.13509010606117,stable
STXBP2,0.107343602603728,0.172319039044294,0.431733538281912,stable
UQCRFS1,0.107301031405002,0.278469612214823,0.559953795218224,stable
GALNT2,0.107075449731306,0.0173952836413659,0.10328270442319,stable
TOMM5,0.10699471795993,0.127543162642066,0.362578516310841,stable
DNAJC19,0.10699128930672,0.051988505530318,0.208022092177613,stable
CSF3R,0.106916662567169,2.75195797445261e-06,9.82095896975459e-05,stable
HSPA8,0.106825412757199,0.00607378386176955,0.0513595434901528,stable
SMAD2,0.106760919347935,0.00719774305877014,0.0578446091045058,stable
SF3B2,0.10670176510013,0.309407891971644,0.592893795434542,stable
IDI1,0.106698407457687,0.152737824425262,0.401255722312968,stable
FDPS,0.106487074326047,0.13861870221507,0.380155975040283,stable
WDR45,0.106355926735646,0.043110431812946,0.184686932605949,stable
ARPC1A,0.106241924516409,0.242199806084493,0.519685874947664,stable
STK25,0.106240430592368,0.0907149448676996,0.294372043021704,stable
TSEN34,0.106027016003048,0.0415246689792875,0.181934607026097,stable
U2AF2,0.105780288381087,0.00219642731239801,0.0247457396006943,stable
AP3S1,0.105462705111976,0.060256223013028,0.227689552076037,stable
OSGEP,0.105401461065387,0.00357777566028995,0.0357602041466757,stable
NONO,0.105399892810727,0.0637830645176765,0.235625319028129,stable
CIRBP,0.105315299577035,0.23565373104932,0.512567830666706,stable
EBP,0.105232432929889,0.0641370294650885,0.236273008813652,stable
BFAR,0.104930125083841,0.0153623137929442,0.0952276489883111,stable
NDUFB1,0.104516976358404,0.334515498243796,0.615266486529113,stable
ATP13A1,0.104514237131666,0.00383282900804347,0.0376627827928644,stable
RNASE4,0.104462372821061,0.0354762783045527,0.164640100985138,stable
IFI27L2,0.104234019596875,0.0663378532379284,0.241847276462999,stable
MTUS1,0.10423390070802,0.0701616640281592,0.250483697745391,stable
RAB27A,0.104112397932866,0.0888345375459359,0.290506524066752,stable
ERVK3-1,0.103925531938061,0.00329500981554669,0.0335651666543689,stable
PSENEN,0.10388735055124,0.187409641721948,0.452299202449968,stable
AKR1C1,0.103883162754493,0.190034692694504,0.456638985283882,stable
CANX,0.103596219326846,0.186098036594774,0.450378617963673,stable
POLR2K,0.103387490826798,0.255023316751648,0.535452597727953,stable
IRX3,0.103314423039138,0.00410998898076796,0.0395283283248683,stable
CPAMD8,0.103280841106645,0.00140706423402706,0.0178053345722017,stable
SF3A1,0.103221836043564,0.0186437032449697,0.10761189899298,stable
ITM2C,0.102991684858135,1.5895652764803e-06,6.20793799990263e-05,stable
MOAP1,0.102901669400817,0.0798589581474309,0.27071433843433,stable
SMIM7,0.102796034508715,0.184139740098195,0.447677840684236,stable
CAPN3,0.102504501679456,0.0101069615587772,0.0716217380257926,stable
DNTTIP1,0.102396791966318,0.0271721470894991,0.138944477563247,stable
USP54,0.102327238915383,0.164176497926402,0.419588858593422,stable
UBE2E3,0.102235003789777,0.0494235645608354,0.201653422293609,stable
DDRGK1,0.102230570402041,0.0995298689262701,0.313086237198849,stable
PLEKHA5,0.102008630488305,0.0406195415891211,0.179318626358041,stable
ISG15,0.1015918674098,0.0796003585389091,0.270102848248808,stable
SPNS1,0.101446276820373,0.0614661835895732,0.230904311062982,stable
CHCHD2,0.101306365374326,0.0786370818827802,0.268059032051061,stable
TAX1BP3,0.10118477624215,0.287810045829249,0.570425556862518,stable
LAPTM4A,0.101119060077441,0.0133793431392617,0.0865339103356272,stable
WASL,0.100997668602295,0.285432867786934,0.567892476534422,stable
DDB1,0.10077327833275,0.15584034914439,0.406166080218653,stable
CRTAC1,0.100764345514809,3.64116796372356e-06,0.000124676854869907,stable
UBE2D3,0.100712009422721,0.499011302982423,0.752889924420777,stable
PRR15L,0.100644742567722,0.283785260667308,0.56538989332386,stable
SSBP1,0.100541969233748,0.351803593913046,0.632418695881334,stable
C1orf116,0.100378125321788,0.547466612068674,0.785996446443075,stable
DUT,0.100053249072501,0.293579123128009,0.576314630017147,stable
C7orf55-LUC7L2,0.0995325750369145,0.135862450205444,0.375572725307858,stable
CTSB,0.0995237987276908,0.268326055752839,0.549692928694939,stable
SF1,0.0994816748838654,0.103761983722068,0.320434136843904,stable
TMEM245,0.0993227603139722,0.127983154966299,0.363093184292869,stable
PSMB10,0.0993046291841234,0.00407546026060403,0.0393923672983958,stable
SLC12A2,0.0992129290786675,2.90668005873064e-05,0.000757596098889623,stable
CSDE1,0.0990109831393334,0.467679894288427,0.729198855584405,stable
GLCCI1,0.09884926899829,0.197925443504985,0.467705513513423,stable
CALM3,0.09878598312805,0.0160988763128531,0.0981509546375642,stable
SEC61B,0.09868947986809,0.431468313855898,0.700434086132071,stable
ATPIF1,0.0986819751049504,0.00991065075854723,0.070814221675338,stable
FCGRT,0.098610396314188,0.0835324583334852,0.279370935887421,stable
MT1M,0.098456866007524,0.000540905385892362,0.00853164830599772,stable
CHMP1B,0.0981876601683971,0.0840032447973529,0.280561656940667,stable
B2M,0.0979328125612691,0.256375414158065,0.536396071212064,stable
PTP4A1,0.0974476856466272,0.352525196547743,0.632785316093923,stable
C8orf59,0.0973937943734676,0.273467338440291,0.55556994624951,stable
MAT2A,0.0973830208740719,0.119366425330184,0.348658347248787,stable
KIAA1217,0.0973375657410255,0.00238590868087819,0.0264178874230571,stable
POLE4,0.0972424677744928,0.0828963237696265,0.277851566152979,stable
FLYWCH2,0.0971816200093049,0.0300884646569098,0.148786970860059,stable
ANK3,0.097170489972423,0.00297019549868611,0.0310853337122765,stable
PPID,0.0971669922917658,0.00429580445293071,0.0407701192799884,stable
RNASEH2C,0.0969750711808457,0.08772448489317,0.288264543907019,stable
SNRPC,0.0969525898497938,0.235820082473451,0.512632631868453,stable
CHST11,0.0965612256147023,0.000345474771074921,0.00601640004239116,stable
PRDX2,0.0965159927212348,0.000284713174031155,0.00522572648552077,stable
RNF115,0.0963322949475558,0.0277188127167933,0.141298901855747,stable
ATP5H,0.0961881387501746,0.452557551965553,0.717284851005851,stable
SF3B14,0.096087250429056,0.158970374248957,0.410575502814124,stable
BHLHE40,0.0958452702309584,0.0149341579574436,0.0934742175482797,stable
TBC1D5,0.0957532017194877,0.00850777056451532,0.063842226752999,stable
POMP,0.095710821022382,0.220880303338814,0.494241410948868,stable
TXN2,0.0956379693020994,0.147489775175188,0.393907583950512,stable
ANAPC15,0.0953407433410824,0.0743563371624375,0.25843954093649,stable
IFT25,0.0951880805577838,0.00296570761614588,0.0310706912605135,stable
DPM2,0.095029578578023,0.144349170979949,0.389090246098985,stable
PTPRK,0.0949401519949697,0.0424148648310894,0.183438973032511,stable
DDX18,0.0943255085431131,0.258289859088755,0.538702480378935,stable
KDM5B,0.0942902667448258,0.0202008557921818,0.113481278126668,stable
PTGR1,0.0942466750388683,0.106643084604558,0.325982762242088,stable
FN3K,0.0941170513141349,0.0541179212120423,0.213261595388783,stable
NUDT5,0.0940815587063438,0.12664808173674,0.361463028519708,stable
DEPTOR,0.0939266173240211,2.47439436491428e-06,9.05598704093178e-05,stable
FNIP2,0.0939064780325334,6.68031337728192e-05,0.00157038751392104,stable
SRSF4,0.0938448331746473,0.00752073307543325,0.0593057443745821,stable
AGTRAP,0.0937763699928052,0.0601089573667873,0.22741315222891,stable
EIF4EBP2,0.0935990349069692,0.00630769610607331,0.0526675390714755,stable
PIGP,0.093422168950005,0.191317603188101,0.458202660926987,stable
POLR2J,0.0933476489974887,0.178221076648007,0.440027154301198,stable
CSNK2B,0.0931528023594814,0.256396087449969,0.536396071212064,stable
CHD3,0.0929929063906882,0.0143155188952206,0.0910154094183889,stable
TMED3,0.0928520378348531,0.0730414209272828,0.256200381467749,stable
GSTP1,0.0928214327052821,0.13398193806485,0.372738431426614,stable
STEAP4,0.0925369474727069,0.00759562640225958,0.0595870070554016,stable
EID1,0.0922779339748696,0.610138654750006,0.824398686378255,stable
PAM16,0.0922619069528681,0.0399854838990859,0.177159316847563,stable
SHC3,0.0922538388412524,7.33665847972336e-05,0.00169213798596487,stable
SREBF1,0.0922084194328945,0.0993885320322588,0.312722114687859,stable
TMEM63B,0.0920132402783598,0.571270054485219,0.802438991922104,stable
CILK1,0.0920110387974173,0.012674721859704,0.0829420770947652,stable
HAUS4,0.0919211965584875,0.00087317319209518,0.0123453692840401,stable
AHCYL2,0.0919172419105385,0.0191765470499964,0.109847287319192,stable
METAP2,0.0918143311630218,0.20196193160605,0.473382765383942,stable
H1-4,0.0917080672343563,0.0339508312901624,0.159990347606378,stable
ALDH6A1,0.0916073316805895,7.8686943807367e-06,0.000241514844379556,stable
EEF1E1,0.0916066835962157,0.0709085869592832,0.252118784302559,stable
ATP6V0D1,0.0915761639635598,0.041839559787913,0.182398993882827,stable
VDAC2,0.0914915798953149,0.340424809234142,0.62063428308399,stable
FAM21A,0.0913760043643074,0.0569376613209996,0.220464356030377,stable
SNX22,0.0913677810692234,0.180215035404388,0.442448000157309,stable
BAG1,0.0912701986389507,0.463714986398726,0.725800144420372,stable
RAB11A,0.0911644241501154,0.378709875747507,0.659320449147088,stable
CAMK1D,0.0910916883001034,3.55703442178717e-06,0.000122138170707658,stable
GMPPA,0.0909878669391984,0.00675260006460767,0.0554357173873501,stable
PXMP2,0.0907911619164824,0.0174247745206089,0.103398273660157,stable
PYCARD,0.0906715627186437,0.071035231814966,0.252129696198067,stable
ACOT13,0.090656561993503,0.161862569866711,0.415761305747147,stable
YIPF3,0.0904092731940606,0.441400053057783,0.709667603572715,stable
NDUFC2,0.0902908407222731,0.134419948737226,0.373361027387545,stable
FBL,0.0902834050118649,0.0628473234159466,0.234149857188824,stable
CNIH1,0.0902030190616669,0.0823858809846637,0.276616381410097,stable
HMG20B,0.0900398643605428,0.079301246686536,0.26979639284615,stable
TMED5,0.0900198229466666,0.110185359224235,0.33158686143699,stable
KRTCAP3,0.0898818581422364,0.0973194111654056,0.307716627544211,stable
MX1,0.0898256471716979,0.0303950081997961,0.149757589776021,stable
ACACA,0.089749767781667,0.0531906199031224,0.210899168892562,stable
FADS1,0.0896473961924236,0.000118436208586086,0.00249469290121756,stable
UBTD1,0.0896078260320262,0.0756758025079286,0.261390508577824,stable
SRPR,0.0895872628679346,0.0748148541988428,0.259295939247705,stable
EBAG9,0.0891924531188491,0.168122075096274,0.425579674047805,stable
RPN1,0.0889870718983674,0.393037536328156,0.66952213546201,stable
PHF11,0.0888940722317471,0.12358132222332,0.356527585682461,stable
TSPAN14,0.0888915715138101,0.0940804530395783,0.301136281213879,stable
UBXN6,0.0887055112931775,0.00067222884142812,0.0101198588147997,stable
C14orf166,0.0886373744216899,0.0314073031694747,0.152501333042928,stable
CRTAP,0.0885759722043632,0.0281358795425148,0.142701880054903,stable
LINC00657,0.0884914954737348,0.411133978088629,0.683821754263527,stable
SMAP1,0.0884074044972428,0.127795553444636,0.363042724914533,stable
CCDC57,0.0881068941826818,0.00141221110414738,0.017833541877167,stable
TMEM256,0.0878602850998256,0.0187863795647856,0.108017264252088,stable
MDH2,0.087792734990388,0.163531585308103,0.418635024979131,stable
ID1,0.0877181347900797,0.0201709489027791,0.11341751581765,stable
INO80E,0.0874074540553735,0.0203463449630704,0.114088862765401,stable
COMMD1,0.087300411877673,0.2158317898088,0.488966533330832,stable
NDNF,0.0870214493402857,0.0425009629304228,0.183645023280837,stable
SAT2,0.0869854036554671,0.223983818416635,0.49793285467505,stable
GTF3C6,0.0868871616150473,0.243740260402571,0.521415245091949,stable
SRSF3,0.0868138513542707,0.428514564099862,0.697840089652447,stable
CCDC25,0.086700043960151,0.0322010802894897,0.155276530752948,stable
EIF2S3,0.0866916757273262,0.162245562319968,0.416307672921764,stable
ZNF385B,0.086613838730556,0.0301843787195071,0.149140600431388,stable
TRPT1,0.0863149105083693,0.000194459714912747,0.00382166487957142,stable
OXA1L,0.0862841321163265,0.00915781650241357,0.0669528402664494,stable
AVPI1,0.0861863225357792,0.000490829267449521,0.00793546579011765,stable
C2orf74,0.0861672971973218,0.000627258149684126,0.00959650015236389,stable
TAF15,0.0860236183794383,0.0168701248501675,0.101138011853089,stable
MZT2A,0.0858623395019128,0.302589878689488,0.585077297864647,stable
CTSA,0.0858175149083403,0.308759312833168,0.5925354057376,stable
LAPTM4B,0.0857519093011615,0.282767529940829,0.56396643595965,stable
UBE2E1,0.0856678320985284,0.157186889234789,0.408010140808446,stable
CD47,0.0855292958918268,0.394882269493279,0.670795005876298,stable
BTG2,0.0854319337418778,0.381922147684358,0.661464484739812,stable
URM1,0.0853851761718669,0.0891916224422905,0.290994448464511,stable
SH3YL1,0.0851078081643014,0.263870463018804,0.54494890014223,stable
MDH1,0.0851070190838671,0.178876078050338,0.440665291835416,stable
RBPMS-AS1,0.0849077772214997,0.00211235204331694,0.0239975756296527,stable
CNIH4,0.084905190613497,0.241671355104818,0.519098690001985,stable
ENDOD1,0.0848020060662185,0.0115715727374186,0.077848599417834,stable
USP34,0.084734352053745,0.441452262562739,0.709667603572715,stable
PNPLA4,0.0846083509292351,0.00145475225122044,0.0182201757365969,stable
TNIK,0.0845813899351633,8.31621060554611e-07,3.46953441782238e-05,stable
ADH5,0.0845495331437874,0.539786641029412,0.780667187620198,stable
CISH,0.0843973951228898,0.0071062751837071,0.0574517909031982,stable
PSMB9,0.0843634114949554,0.143297892119961,0.387624127743839,stable
CHCHD7,0.0843570639865768,0.0529534450432197,0.210231540178083,stable
NOPCHAP1,0.084341226788507,0.000146026223951225,0.00297009078465852,stable
AGPAT6,0.0841681794855238,0.069456864700364,0.248912551772867,stable
BTN3A2,0.0841493813351514,0.0493921154245444,0.201653422293609,stable
NGRN,0.0838186904763132,0.016950437559058,0.101470200157652,stable
USP13,0.0837589120846123,0.0562044681961226,0.218525260569148,stable
GGT7,0.0836434795192085,0.0655508515537722,0.239478066166561,stable
RNF167,0.083571793371138,0.293134550721914,0.575626786831274,stable
EMC6,0.0835249281126005,0.248077397430375,0.5273607152065,stable
RAPGEF5,0.0834452004817366,0.000457398435062974,0.00752768790052527,stable
SMC4,0.0831783106341036,0.226465778611086,0.501311381462554,stable
TGFB1I1,0.0831365256161165,0.0365959538032151,0.168040086431447,stable
VPS4B,0.0831084156573437,0.310617361713732,0.593835882012615,stable
RABGGTB,0.0829367641413205,0.259105854607316,0.539293583991218,stable
TST,0.0828914448000103,0.0440720356724382,0.18712628136849,stable
LYPLA2,0.0828141769859718,0.187183993371244,0.452111664684863,stable
NR1H2,0.0826051380175887,0.00546681436588213,0.0472604942068905,stable
NREP,0.0825681739485662,0.00686711270978448,0.0561495556952545,stable
PHF14,0.0824549187233816,0.187741268963714,0.452887010076975,stable
SOCS3,0.0824537859394448,0.220518664197743,0.494155848057417,stable
SSB,0.0823991975213648,0.219444656859332,0.493178375612015,stable
SIRT6,0.0822921544481532,0.0385841312784025,0.173529220289622,stable
UFC1,0.0822544118275945,0.0442487008095321,0.187485656393664,stable
NUDT22,0.0822036508429412,0.0652426912611062,0.238637539789277,stable
PBX1,0.0819534727360094,0.0192644204245656,0.110198186508659,stable
BMP4,0.0818019334944892,7.75646474817383e-05,0.00177740874953748,stable
HSPD1,0.0814277113722258,0.288248328943774,0.570892348186762,stable
FAM114A1,0.0813930923253759,0.0412718704952555,0.181151649886536,stable
DPP4,0.0813532919518345,0.00360685020721182,0.0359919485166998,stable
WNT5A,0.0812237270523612,0.0648461726626528,0.237471424394328,stable
KCTD12,0.0811808460813921,0.00216262694817352,0.0244777331615491,stable
CCDC124,0.0811756273857337,0.0141223265100202,0.0901940017024485,stable
PDCD6,0.0811712220823165,0.508120712456593,0.759086974076438,stable
SAA1,0.0810788062332594,0.000289596861414773,0.0052836299013943,stable
NRSN2,0.080984976338923,0.00445799538844357,0.0416306612897893,stable
PLA2G16,0.0809610000365777,0.451407470905869,0.716723039534043,stable
DNAJC30,0.0805808126242704,0.0215178606427568,0.119086160966647,stable
AMN,0.0804326370003254,0.0742484913627435,0.258138099663873,stable
SH3PXD2A,0.0804150447050838,0.0211425628079561,0.117582660493383,stable
PRKAB1,0.0803127895268224,0.237305029976184,0.513549100888496,stable
NDUFV2,0.0802209386417634,0.645481368612924,0.846696453474019,stable
TRIM2,0.0801468409596883,7.43277779498238e-09,4.432111012969e-07,stable
NDUFS3,0.0801171194241082,0.0356559271623964,0.165222916464418,stable
RWDD4,0.0801094276977593,0.0504144676182032,0.204131322199343,stable
NINJ1,0.0800513380370088,0.00945717645504869,0.0684455446930226,stable
TMEM165,0.0800282115199449,0.374931775077198,0.655584313409718,stable
MMP28,0.0799373332698684,0.126798914980309,0.361640209220556,stable
SERPINH1,0.0799317671946603,0.371293252246897,0.651548767652321,stable
ANKRD65,0.0798985004623852,0.00210842063778806,0.0239751943035547,stable
SELM,0.0798227442920459,0.0717693850398071,0.253264712103523,stable
TBCC,0.0798100549814822,0.00738884770820174,0.0586882874496804,stable
GOLM2,0.079760224535425,0.0328205165005077,0.156963221323242,stable
C1orf210,0.0796618375148923,0.024526224091356,0.129898565333639,stable
TM9SF2,0.0796586253693612,0.109200575622266,0.329841323549932,stable
LYRM2,0.0794903966178571,0.203078150733077,0.474742267079964,stable
TEAD3,0.0794624119460158,0.0648421830754154,0.237471424394328,stable
HADH,0.0793811112013311,0.0306453670105656,0.150566304797891,stable
RANBP3,0.0793783431695286,0.0163578589995929,0.0993243725566253,stable
TMEM126B,0.0793702745122079,0.280267075606351,0.561452758474604,stable
PTPRG,0.0791654219170626,1.13017448831818e-05,0.000332897661330155,stable
RCC1,0.0791391685308525,0.100634305202794,0.315146645298029,stable
GOLGA2,0.0791108109058842,0.316509588754066,0.599661068340004,stable
C14orf1,0.0789441833487108,0.306554462748082,0.590403987707559,stable
MAN1A1,0.0789250425703034,0.000272689863358416,0.00502769364961278,stable
STAMBP,0.0787631274892886,0.104970988481934,0.321998836437432,stable
HDDC2,0.0786411642104731,0.011931036938287,0.0797402928013234,stable
LRRC23,0.0786109024639741,0.138408847889104,0.379692494747848,stable
PSMD4,0.078608176368544,0.333966621469117,0.614820479041941,stable
TIPARP,0.0785818503792354,0.202031895206808,0.473382765383942,stable
CCNL2,0.0783500887349251,0.232168848142445,0.509246725227569,stable
CCDC50,0.0783100164439919,0.0583342914284615,0.223505409533515,stable
EIF3G,0.0782671555139082,0.0115233511626009,0.0776952259302998,stable
CYTH2,0.0782545797005309,0.317075820947454,0.600454660768656,stable
SEMA4B,0.0782281738024394,0.0684646925576938,0.247022550715835,stable
INSIG1,0.0781556393368432,0.072369186796486,0.254458745947737,stable
POLR3H,0.0781244595627796,0.0113070387839197,0.0768300400748382,stable
SLCO4C1,0.0781170959922431,1.75150445152838e-05,0.000483304524051533,stable
PSMD6,0.0780417477781066,0.276181862321484,0.557457457887431,stable
SND1,0.0778452180023568,0.187596704903766,0.452661295054013,stable
SEC11C,0.0778106658430262,0.336895447924704,0.617978684788652,stable
GSTO1,0.0777723620243593,0.346089420617357,0.626105827678937,stable
JOSD2,0.0777657222012941,0.433330145279023,0.702523567094268,stable
GALNT12,0.0776581090962257,0.0015356261475422,0.0189419717735175,stable
PDIA4,0.0776050268721949,0.20705026515481,0.478989863976608,stable
SDF2L1,0.0775362432968789,0.0166991282411664,0.100460060450678,stable
EIF4EBP3,0.0771800125381965,0.00427646807082901,0.0406673288665631,stable
TOMM22,0.0770366126784665,0.0284577139989113,0.143687358910653,stable
PPP1R12A,0.0770332755243903,0.0295064243307653,0.146887452962143,stable
MPZL2,0.0769997266928428,0.172276780081681,0.431733538281912,stable
MT1X,0.0769003996698826,0.0154873915886943,0.0955668222010092,stable
ANAPC13,0.0767955614306338,0.00745237204353761,0.0590011631218936,stable
GLB1,0.0766377362226489,0.0219691092053594,0.120914178715134,stable
DDX46,0.0765883113477879,0.373751897838123,0.654266532890335,stable
NDUFB10,0.0765710098446829,0.00210511690487448,0.0239599153120909,stable
THAP4,0.0765386595958631,5.89353390259286e-05,0.00141259918480971,stable
FILIP1L,0.0762740665395007,0.00965098763768823,0.0695189586818509,stable
HNRNPU,0.076223652918442,0.437689775824643,0.706531238804527,stable
SSBP2,0.0761783579504738,0.0215298114967516,0.119086160966647,stable
YBEY,0.0760155204709217,0.0229481499667751,0.1248412039136,stable
TM9SF1,0.0759808582424705,0.0279506338135474,0.142125019857239,stable
HOOK2,0.0759756615513736,0.319984556241725,0.602256725525628,stable
MFSD5,0.0759641629148234,0.0789241254867327,0.268887544579103,stable
CD97,0.0757716255766928,0.00967439256966004,0.069646510466151,stable
KCNQ3,0.0757313594058701,0.00764455638160881,0.0598635856558527,stable
ZRANB2,0.0756369300752322,0.446530375077601,0.713141795786334,stable
DNPH1,0.0755924570088831,0.0436870909524175,0.186268224556104,stable
AP1S1,0.0755357900962415,0.00748446001029791,0.0591785505600787,stable
LDOC1,0.0754804338844162,0.00970619613935042,0.069752229046102,stable
CFB,0.0752435204459199,1.62698601009885e-05,0.000453035922265338,stable
RBM17,0.075224413335528,0.35962600076413,0.640106280966478,stable
DDIT4,0.0751803272991399,0.00356694973127092,0.0357103959992266,stable
PHIP,0.0751280621810166,0.384442692107508,0.662824748705525,stable
PLXND1,0.0750922058258435,0.00131036480843985,0.0168835076999078,stable
C5orf15,0.0750178202043451,0.139542325257693,0.381347056550422,stable
SSU72,0.0750164379766783,0.0828636153387257,0.277818111327642,stable
BTN3A3,0.074850309655723,0.0110651643192172,0.0759053294556866,stable
STARD3,0.0748230345777388,0.0308059019466713,0.150749137468419,stable
ATP5G3,0.0746271768338911,0.34180232701762,0.621534854427265,stable
PEPD,0.0744849327199684,0.101502951577104,0.316362080591159,stable
RMDN2,0.0744727530210788,0.00505906725201052,0.0446190750999831,stable
MTERFD2,0.0744598981314864,0.165376766555883,0.421335055101942,stable
NAA10,0.0744445756192305,0.300876624689187,0.583315409678187,stable
GRAMD3,0.0744373684481464,0.0105337801604173,0.0733426223770548,stable
MOB4,0.074374028696873,0.149250750013779,0.396479603971595,stable
ETFA,0.0742441940192896,0.105861849463081,0.324162136231637,stable
ST8SIA4,0.0741855320612305,1.88904777023275e-05,0.000514292203637532,stable
MEF2C,0.0741620027754438,0.00470732128874522,0.0428342696530814,stable
PCGF2,0.0740959505923894,0.0146439791263399,0.0921296967783729,stable
FAM200B,0.073948456829389,0.347070795896261,0.627324176997767,stable
MAGOH,0.0738319649134665,0.0552127281301102,0.216182059148772,stable
ACAA1,0.0737836429653612,0.374553411410375,0.655200472392733,stable
ASAP2,0.0737794312614843,0.0307822164718098,0.150693557930077,stable
IFI16,0.0737793578841816,0.000419600596879834,0.00705529256706891,stable
FAM50A,0.0737458008440047,0.0811831217742118,0.27368518493325,stable
NMU,0.0736794337347665,0.000309799412831193,0.00553763671646234,stable
FAM184A,0.0736404754233447,0.0225453615625276,0.123088465436045,stable
CNN3,0.0735868039549648,0.0938459533685847,0.300858361913868,stable
FUCA1,0.0735797626707805,0.0168396789535354,0.101005022339557,stable
PPP2CA,0.0735269987170723,0.363810791354837,0.644672743576032,stable
PBXIP1,0.0735077546287377,0.281391187457122,0.56243254995141,stable
PSMA2,0.0734253618486108,0.191201455661242,0.458139503048685,stable
LHPP,0.0732703913886512,0.000262516847530198,0.00487690872980112,stable
PDE8B,0.0731922837460538,0.000918823251983293,0.0128509101055421,stable
NUCB2,0.0731464880175329,0.000536521649629196,0.00848439928210516,stable
ZFP91,0.0730948113368815,0.0481436130558278,0.198217422025746,stable
NUP210,0.0730859424371705,0.000795607745514916,0.0115085139359797,stable
SIPA1L1,0.073049720244649,0.197684425087022,0.467678423120527,stable
VPS37B,0.0730464627279593,0.422544260518656,0.692760755459984,stable
LZTFL1,0.0728618453487333,0.061890559358849,0.2319283254453,stable
ANKRD39,0.0728100751392368,0.0879615855350017,0.28873319591296,stable
CLINT1,0.0727698192299203,0.0501502547649054,0.203328926781494,stable
NICOL1,0.0727576166048622,0.00132032724194511,0.01696591441928,stable
FKBP4,0.0724617841885047,0.123733944533237,0.356527585682461,stable
PHPT1,0.0722710382338896,0.000249096745606718,0.00465590002797633,stable
PGD,0.072001105236003,0.00123225859572472,0.0160930866176698,stable
CC2D2A,0.0719506902578963,0.00772202753430369,0.060104129099263,stable
MALSU1,0.0718782909494522,0.29482598753476,0.57716910920292,stable
NIPBL,0.0718776929592488,0.48464271951752,0.744161864512268,stable
TCN2,0.0718160972655691,5.06143550829674e-05,0.00124238931030963,stable
VSTM2L,0.0717248078726065,0.00905284366827737,0.0664237460990531,stable
MCRS1,0.0717246088442304,0.149369508025196,0.39658837230669,stable
PAG1,0.0716811386350214,0.000130494134676472,0.00271747922024734,stable
HP1BP3,0.0715990959019706,0.623491189411151,0.832484582412062,stable
C9orf114,0.0715095111816584,0.00351476483536652,0.0353326359765792,stable
ACIN1,0.0714139192102544,0.272345855736002,0.554445587927404,stable
KGD4,0.0713927168556655,0.509684453276151,0.760266352269392,stable
CDCP1,0.0713723200499847,0.000236993568371341,0.00446380489949349,stable
MEA1,0.0713430350483492,0.124325061648184,0.357167932687991,stable
KIAA1468,0.0713403949007281,0.0556868251383774,0.216967885708895,stable
HPS1,0.0711751492546173,0.173531997648497,0.433438175185137,stable
STEAP3,0.0711509651095802,0.000304815602940587,0.00547146245278375,stable
SSH2,0.0710823731991416,0.120122010560929,0.350028952824028,stable
BACE2,0.0710602267833751,0.000885041485952381,0.0124927795892401,stable
TFDP1,0.0709322234141318,0.0327025397978414,0.156934002869532,stable
HEXA,0.0708274692497912,0.329798981037085,0.611139951070429,stable
DAP,0.0708080833700161,0.128050942202762,0.363093184292869,stable
YTHDF2,0.0707831208514764,0.0255949165944098,0.133389179792805,stable
PRRC2C,0.0707605083547791,0.642203319722628,0.844730779757674,stable
CHMP2A,0.0706901626085428,0.128148336906862,0.363285081249881,stable
CHD4,0.070677022599476,0.0229279703545472,0.124809067366117,stable
ABHD11,0.0706712318385431,0.180198568708474,0.442448000157309,stable
BOLA1,0.0705745018008616,0.0791305553716649,0.269365610933788,stable
TEX264,0.0705469148283724,0.390459604048227,0.667917983830555,stable
TPPP3,0.0705463766793625,0.00330751157818092,0.0336644642228839,stable
TPGS1,0.0705293896353584,0.0641637564526021,0.236273008813652,stable
PRDX6,0.0704506527528181,0.363125496942873,0.644057758942205,stable
IDH1,0.0704316846682715,0.0117129131036535,0.0785832325900439,stable
TMBIM4,0.0703560762806342,0.0427802939601003,0.183951371678549,stable
ACTL6A,0.0703204321558806,0.104138610469192,0.320611076337767,stable
KTN1,0.0702835889262068,0.377109208757848,0.657913262340565,stable
SF3B5,0.0699925303708507,0.115350465123916,0.341084684488327,stable
UBXN11,0.0699374194063042,0.0690291160508259,0.248107002236194,stable
TMEM80,0.0699344701126206,0.0367272861316153,0.168336837522634,stable
MTG1,0.0699196418013753,0.0349170619393138,0.162848594103843,stable
FREM2,0.0697822045828136,0.000192670407412832,0.00379259752047416,stable
ENAH,0.0697305513435105,6.66201902627196e-05,0.00156910444271962,stable
C8orf4,0.0696847846298531,0.055479342381821,0.216800358460155,stable
FOXP2,0.0696720921247833,3.00948047038179e-05,0.000781059220168726,stable
N4BP2L1,0.0696063733647445,0.103175138613073,0.319294403647139,stable
ZDHHC12-DT,0.0695886208266,2.76234865213839e-06,9.82095896975459e-05,stable
NME4,0.0695119539975422,0.00109941793051857,0.0148009744302412,stable
NUBP1,0.069447892249038,0.00970494721867524,0.069752229046102,stable
C8orf34,0.0694328415806569,0.000113657727703371,0.00241206955459375,stable
SCAMP3,0.0693216235437105,0.137423887093276,0.37854531117311,stable
SMARCA5,0.0692894639014493,0.00726681829245307,0.0581728142379463,stable
MCEE,0.0692176247489114,0.00284418697493368,0.0302587829256652,stable
TPBG,0.0690145232720486,0.0198539780790265,0.112047566037867,stable
C22orf39,0.0689946525401745,0.295780744943801,0.577763799431558,stable
OSBPL3,0.0689036099755302,0.00874059854664809,0.0649909225269016,stable
MACROH2A2,0.0686993582254317,6.74081464802275e-06,0.000209668494293715,stable
KXD1,0.0686922025373971,0.00760231686076219,0.0595870070554016,stable
TMEM14A,0.0685400811364709,0.35921409820207,0.639998999624267,stable
HEXB,0.068521515588253,0.00120610274898324,0.015819098716278,stable
EGR1,0.0684369553826587,0.112565159127243,0.335493157196311,stable
DHRS4,0.0684360727459375,0.210891317588628,0.483302487102248,stable
GRHPR,0.0683991321159607,0.0110778065894098,0.0759053294556866,stable
UVSSA,0.0683880688703944,0.0271378057477474,0.13885832459626,stable
PNRC2,0.0683749737352719,0.592339341354103,0.815400462692856,stable
ARSD,0.068352485214455,0.0895088862953784,0.291614391553971,stable
AHCY,0.068264226162482,0.185463374503863,0.449376469759212,stable
LAMTOR1,0.068256779133819,0.514133526337541,0.763641339726622,stable
CPSF6,0.0682449195037425,0.205283465612391,0.4768881985464,stable
FAM129A,0.0682248824053362,0.000501012958963776,0.00802671351293997,stable
ABHD5,0.0681641356432415,0.0227379221066173,0.123973398675865,stable
PSMB2,0.0679434301220067,0.616733539128909,0.828612813887281,stable
RCN2,0.0678972608602949,0.53846993959635,0.779426470293166,stable
SYF2,0.0677930969156947,0.508140332837199,0.759086974076438,stable
SLC50A1,0.0677515043765789,0.000292200704017773,0.00531767929292139,stable
RNF24,0.0677258608866042,0.0883243321109135,0.289404146130844,stable
HEBP1,0.0677177612634684,0.0341707564712891,0.16059335913304,stable
CHMP5,0.0676611146337597,0.517224639193113,0.765924920218977,stable
MAP9,0.06739798653465,0.323492881395829,0.604803579002162,stable
CXCL3,0.067368950189481,0.0181641152662045,0.106086070240842,stable
CYFIP2,0.0673257750621362,0.0369392074381685,0.168852605524055,stable
MAPRE2,0.0671802119126512,0.0402577007778364,0.17804274034308,stable
FAM32A,0.0671378266175536,0.161116441303855,0.414018788837151,stable
ARL6IP4,0.0669607640565091,0.00111947295153691,0.0150213362893383,stable
RAC3,0.0669342534536131,0.00111004600663444,0.0149112114121971,stable
ATP6AP1,0.0667950233727409,0.583473702367538,0.809994554724415,stable
C17orf89,0.0667192493137033,0.329191349350016,0.610830250578354,stable
MVP-DT,0.0667070471901574,0.00194116336396187,0.0228981148087967,stable
ZDHHC16,0.066706631811003,0.0593443760839525,0.22549756084869,stable
GNB2,0.0665774820264441,0.0232611683362848,0.125972006135025,stable
SERINC2,0.0664951453145594,0.0915671712491076,0.29573353763539,stable
TBL3,0.0664899757545879,0.0446814143571894,0.188795578673448,stable
ESD,0.066454000003317,0.276449079433308,0.557457457887431,stable
NPNT,0.0664504025616006,0.4185045794574,0.690577750983702,stable
NOL7,0.0663882434106811,0.445089804985017,0.712337145865723,stable
THNSL2,0.0663516359663036,0.0345365911697095,0.161629131109697,stable
MGP,0.066328570260825,0.0270273129598139,0.138529194775792,stable
GADD45G,0.0662565569062189,0.0391435073325239,0.174958852673577,stable
RBM12,0.066187863270891,0.047983487699881,0.198018471996572,stable
CCDC101,0.0661773503291903,0.0949437982347609,0.303106479993604,stable
STARD3NL,0.0660935807840021,0.106946807058074,0.32610477741451,stable
RBMX,0.0658092310979923,0.307092258075137,0.590699569269941,stable
TMEM18,0.0657881318067208,0.347525838863005,0.627658742638632,stable
AHNAK2,0.0657358251370462,0.117193225806981,0.344656652088203,stable
H3-3B,0.0656390499771624,0.687594110815145,0.8712063627628,stable
LITAF,0.0656085550180735,0.18430013323109,0.447770046296639,stable
FBXO9,0.0655320393824231,0.263148708040564,0.544009776270566,stable
SNHG7,0.0655283975259251,0.195227640782936,0.464265320822959,stable
ZSWIM6,0.0653928737855852,0.0901284982940138,0.292935592434465,stable
HSPA1A,0.0653917789750795,0.139141224654567,0.380847254435079,stable
EIF3D,0.0653162424457821,0.233085038608298,0.510284430206857,stable
SIAE,0.0652746952877308,0.0643949833427376,0.236760619759632,stable
EMC9,0.0652291243448803,0.00794568471913306,0.0610484286654196,stable
VEPH1,0.0652020669458697,0.0747276535108506,0.259295939247705,stable
ANAPC11,0.0651554651003357,0.138746393947232,0.380191867207122,stable
RBBP9,0.065153535912854,0.0647588523248434,0.237436176010463,stable
ELOVL5,0.0651470085586651,0.493884092197006,0.749223025938968,stable
GPR108,0.0650950128329743,0.315418799879422,0.598800964392927,stable
FBXW5,0.0649957592904769,0.319526610389788,0.601925302112,stable
AEBP2,0.0649538369043406,0.0524330198511678,0.209116226642961,stable
POLR2C,0.0649123818029518,0.1006747095786,0.315146645298029,stable
AP1M2,0.0648924123522239,0.450542806139184,0.716409662699756,stable
ITGA9,0.0647634234407732,0.0037366123945905,0.0369251009793648,stable
CCDC23,0.0646912101065486,0.0569633369582808,0.220493930012041,stable
METTL21A,0.0643500945227432,0.00805500263254645,0.0614633908740623,stable
PSMD9,0.064332046151132,0.0539022983918226,0.21268615091725,stable
ASNA1,0.0642776998924866,0.336838279023692,0.617966550020354,stable
ALKBH6,0.0642400845263584,0.0923198613042592,0.297095793752944,stable
EFCAB4A,0.0641675160660503,0.0178630161619967,0.104878726976104,stable
CADPS2,0.064100860911759,0.0824842641080331,0.276773989694372,stable
NECAP2,0.0640399617518943,0.0323545612516982,0.155893636870618,stable
PRKRIP1,0.0639524121927246,0.164790133731604,0.420629483135338,stable
MYO15B,0.0638198796149555,0.000208598362305088,0.0040474704457419,stable
CD99,0.0636718925673236,0.0928124576220628,0.298249075176681,stable
RHOA,0.0636184270854834,0.771526197156417,0.911752350969623,stable
WLS,0.0635756446788106,0.270713749281754,0.552852684945427,stable
MPHOSPH6,0.0635575773648014,0.00855432847734872,0.0640208875534928,stable
SLC39A10,0.0635221216498139,0.000130737525427754,0.00271791753542325,stable
GCHFR,0.0634831484503042,0.0512199761048153,0.206501645087487,stable
PSPC1,0.0633278247781384,0.0918066606239141,0.295749133887858,stable
SRP9,0.0632470136890372,0.0686211810006873,0.247348021218776,stable
YIPF1,0.0631963310561849,0.103493741691841,0.3199563728986,stable
CCDC14,0.0631674151703477,0.280252795945785,0.561452758474604,stable
ENOSF1,0.0631465466665914,0.133906187484911,0.372738431426614,stable
ATG14,0.0631012277883961,0.0675040413779745,0.244494637571662,stable
CDK5,0.0629645966029316,4.26166625510752e-06,0.000143117055775919,stable
ELMO3,0.0629618362709992,0.146540576323724,0.392611928116272,stable
SNX5,0.0629575744052562,0.366208290447987,0.646430345478151,stable
CPSF7,0.0629460672868006,0.156764139908909,0.407286896120405,stable
CARD16,0.0629450366260765,0.420712268168533,0.691978843661484,stable
HMOX1,0.0629153034090767,0.00743078176525944,0.0589447607388263,stable
RSU1,0.0628440111942905,0.421227723068667,0.692334675097074,stable
SSBP3,0.0627605265914205,0.0584522349622904,0.223505409533515,stable
C1orf85,0.0627053441764661,0.165003348909566,0.420734446614629,stable
BEX2,0.0627014096657752,0.38285387505056,0.662071874431743,stable
FBXL8,0.0627000863745806,0.021364044986707,0.118490964572371,stable
TMEM230,0.0626463121700155,0.545736946340168,0.784649309816774,stable
SUOX,0.0625695190288133,0.0350601914237938,0.163391452521714,stable
ACYP2,0.0625329321914853,0.117322306807914,0.344670947524172,stable
PFKP,0.0625097209297273,0.0232272007938626,0.125910998893205,stable
ZNF664,0.0623021350864071,0.153317273282408,0.401919439975156,stable
SURF4,0.0622193212193054,0.447094936421977,0.713523249034978,stable
EMP3,0.0621878768070077,0.232134875584635,0.509246725227569,stable
PRKCSH,0.0621607315690361,0.480691284848891,0.740139849602322,stable
PA2G4,0.0621606984856319,0.380454986014841,0.660553481257221,stable
ATF7IP,0.0621377824255282,0.241553254634083,0.519027418640715,stable
EPB41,0.0621277594819398,0.211536338295971,0.484168304757748,stable
ACADS,0.0621144203611583,0.271347753846908,0.55347154063484,stable
KITLG,0.0619160995299995,0.0987812365422922,0.311051477458264,stable
TSC22D4,0.0618841217248059,0.377383753122696,0.657913262340565,stable
UFSP2,0.0618802311680968,0.146517262512018,0.392611928116272,stable
ARFGAP3,0.0618200064865719,0.310155799704625,0.593231809668179,stable
GPC4,0.0617939935832149,0.40242060493369,0.677034159296713,stable
PPAP2B,0.061730327455775,0.0081276899009121,0.0619406990952304,stable
ASAH1,0.0616931286494409,0.119810791095768,0.349455287605505,stable
STAU1,0.0616732455401933,0.518323998091169,0.766450215088276,stable
ATF5,0.0616101370511931,0.00760297494137222,0.0595870070554016,stable
CD164,0.0615821817954707,0.527504346888325,0.771993863472254,stable
RFTN1,0.0615493958833461,0.0589450722275907,0.224468711186937,stable
VARS1,0.06153922530675,0.143519277313268,0.38796542367921,stable
PARP14,0.0614443130184099,0.00668180631474368,0.0550022898258766,stable
THOC3,0.0613698236071482,0.0870121710022566,0.28661729408019,stable
GABPB1-AS1,0.0612454338469622,0.168501640128548,0.425706729717441,stable
LMBR1,0.0611597731287483,0.0491975918287587,0.201066988470326,stable
AVL9,0.0610351017115974,0.0461726377458956,0.193292576645832,stable
PDSS2,0.0610269562514345,0.0242134524182222,0.12908209435689,stable
UNC13B,0.0610037918707163,0.662612300264361,0.856393820937994,stable
ASPSCR1,0.0609881017107526,0.131703547891921,0.36899935123329,stable
ODAM,0.0608932523727719,0.0283359890751343,0.143309528528937,stable
GLUL,0.0608582217225979,0.149863550199807,0.397296039393286,stable
ARMCX3,0.0608471030697414,0.0353233685035217,0.164117391329171,stable
ARL4C,0.0608429983338059,0.210661005040786,0.482866482447815,stable
SEC14L6,0.0607205193591045,0.064528680367595,0.237005157592064,stable
CIT,0.0605852777517301,0.0132081688092031,0.0857899338595636,stable
C4BPB,0.0605388659627161,0.12413072022118,0.356945171485228,stable
NKAP,0.0605066545236981,0.281720838310257,0.562797111865434,stable
MT1F,0.0604779418256466,0.0100438722574703,0.0713400897590453,stable
SOCS1,0.0604420311141592,0.00685749430881273,0.0561460217219871,stable
POLR2A,0.0603959610477334,0.299769515301339,0.582704587558942,stable
OGT,0.0603477496586584,0.451645743907946,0.716723039534043,stable
ARL6IP1,0.0603117674360085,0.570496581039212,0.802041426868697,stable
SAP18,0.0602296394412387,0.123972162371775,0.356573108901783,stable
EML2,0.0601625232934066,0.175900940440122,0.436502861538783,stable
PCSK1N,0.0601473601504952,0.0584400527067025,0.223505409533515,stable
FAM96A,0.0601300744034186,0.0315019115815322,0.152762349619319,stable
ALKBH3,0.0600821204216549,0.0437835863179126,0.186484515383332,stable
CBX5,0.0600634369121052,0.18492106221162,0.448506957237073,stable
LMF2,0.0600505886654022,0.365039974442366,0.645970306765505,stable
NOD1,0.0600036160135695,0.3139407550952,0.597200714329868,stable
PNPLA2,0.0599692093817488,0.175029630974786,0.435401344940127,stable
ZBTB16,0.0599462523128014,0.301600896902792,0.5839039220367,stable
RUVBL2,0.0599362914614193,0.00396693227037086,0.0386081051536731,stable
CFAP68,0.0599116569088928,0.185344902172173,0.449178446501316,stable
UBD,0.0598042135396147,0.000457429032560522,0.00752768790052527,stable
FAM195B,0.0597470973064533,0.00410434302719554,0.0395283283248683,stable
UQCRC2,0.0596618397206423,0.00414855217777376,0.039774040644005,stable
CDH3,0.059614043310398,0.00434430807620658,0.0410788548182429,stable
GPR160,0.0595800250764994,0.00721164792827772,0.0578446091045058,stable
ZNRF3,0.0594527091489008,0.000793846950436274,0.0115085139359797,stable
CKB,0.0594181688478517,0.00778233976951841,0.0603290020624987,stable
SGCB,0.0594100436411582,0.287597307914906,0.570425556862518,stable
TBC1D10A,0.0593959539635259,0.083147470185615,0.278388023979446,stable
PET100,0.0593750598161458,0.0754387136477703,0.260792657135278,stable
KDM6A,0.0593569981928066,0.0307050038819044,0.150693557930077,stable
CPSF3L,0.05934355658445,0.484008277386579,0.743374441861232,stable
TWIST2,0.0593057363852028,0.000346002063956232,0.00601640004239116,stable
ZNF710,0.0592390309356446,0.000685000954145844,0.0102490228439153,stable
JDP2,0.0591703395990064,0.076455334508609,0.263190653064837,stable
HLA-G,0.0591555294926053,0.282320523463007,0.563673398366764,stable
PIGF,0.0591529102186431,0.0833341132235553,0.278860169735762,stable
PPIG,0.059133073328975,0.523902852128621,0.77071958114984,stable
HNMT,0.0590054932803943,0.251943214562786,0.531585624853859,stable
COX11,0.0589830229793338,0.135656435667694,0.375172911674635,stable
SLC22A18,0.0589385486596757,0.0368600292906647,0.168629116036334,stable
GYLTL1B,0.0588985620463962,0.0022484678414285,0.0252389999023159,stable
KRT10-AS1,0.0588580225512451,0.135489607145305,0.375172911674635,stable
AKR7A2,0.0588338387324422,0.324645924298835,0.605966067892649,stable
GOLGA6L9,0.0586581912426549,0.0423249347240412,0.183403049296944,stable
ERI3,0.0586513591952291,0.0253707705246854,0.132705305474435,stable
PSMC1,0.0585652000022767,0.505751724986524,0.757774997558939,stable
MYCBP,0.0584755231453799,0.123530417324476,0.356527585682461,stable
SMIM19,0.0584731130855818,0.32230336952607,0.603857554670233,stable
YIPF6,0.0584650118713647,0.128245610618422,0.363389709473168,stable
PPIL3,0.0584382094295671,0.0705051890450728,0.251196569771778,stable
ARHGAP29,0.0584007625684866,0.377726573504604,0.658208073345727,stable
CS,0.0583815700607509,0.309874916371188,0.59295156965945,stable
RPA3,0.0583803903751818,0.486026182254753,0.745256403898909,stable
BAZ1B,0.0583507079968787,0.390179058118585,0.667860798098287,stable
VGLL4,0.0583187297362847,0.228476604689758,0.50395128396384,stable
OSBPL9,0.0582091003514014,0.0532307674807418,0.210965477161464,stable
WASF2,0.0582075966708684,0.592281453459767,0.815400462692856,stable
DNAJC13,0.0582017177912401,0.190078641784187,0.456638985283882,stable
POLL,0.0581925497901322,0.118349165480745,0.346598035178875,stable
CCDC167,0.0581908167021546,0.176467536186181,0.437287484763811,stable
CUL2,0.0581713999175424,0.143434644223904,0.387822404554965,stable
AP2M1,0.0580889419550758,0.68606494171259,0.870235327124074,stable
COQ10B,0.0580841888897901,0.15322650090937,0.401797592999604,stable
AARD,0.0580035802715641,0.125457111220017,0.359041640652788,stable
LCMT1,0.0578079994604163,0.0970722034832661,0.307119696437489,stable
SGK1,0.0578074986467974,0.000548076383136955,0.0086114212178228,stable
CUEDC2,0.0576986377567579,0.0869564226705971,0.286588112894413,stable
ALDH7A1,0.0576598231007388,0.206956050449433,0.478989863976608,stable
MAP2K2,0.0576438351480619,0.19703937652558,0.46642742343333,stable
MAPKAPK5,0.0576209892843316,0.0165665470190732,0.100202607996611,stable
GRHL1,0.0575899816377996,0.00023310420839717,0.00441093783815326,stable
RALB,0.0575678901494294,0.00584940818266819,0.0497932908251643,stable
CRELD2,0.0575666538488565,0.0435060844868199,0.185755632821127,stable
TMEM163,0.0575266984227329,0.000604326911919352,0.009339181000382,stable
BZRAP1,0.0575232021224409,0.104551982689003,0.321151543835952,stable
BZW2,0.0574730970088883,0.245500209949941,0.523845746776661,stable
TIMM8B,0.0574441306997983,0.611795693830516,0.824905202005761,stable
ALAD,0.057432879166237,0.186706293946522,0.451366662608881,stable
CDK19,0.0574291286250564,0.00817579572095373,0.0622297178660886,stable
CTNNA1,0.0573999932112781,0.843066412709804,0.941855471536939,stable
TCTN1,0.0573275993230321,0.0260484138261419,0.135093682906559,stable
FUCA2,0.0572790523426168,0.27119650908321,0.553375013386617,stable
VPS39,0.057110501372273,0.142166438264359,0.386304294030544,stable
MAP3K13,0.0569909149696422,0.00844811397314689,0.0635897445860515,stable
ZMYM2,0.0568952431405003,0.390876203133666,0.66792485096804,stable
SNRNP40,0.0568944806373338,0.217198442378269,0.490854827071909,stable
RNF146,0.0568420957069329,0.390534086202364,0.667917983830555,stable
C17orf59,0.0568237261748528,0.000287698288170085,0.00525683688279689,stable
CCDC141,0.0567989500096502,0.00017484803129943,0.00346971158214973,stable
DRAM2,0.0564877310356344,0.344507808064221,0.624075792201696,stable
PEX11B,0.0564687968714954,0.0640188646869951,0.236074074098505,stable
SEL1L3,0.0564231678880476,0.247515955606001,0.526838767426041,stable
CA5B,0.0562926359724972,0.00611807863691521,0.0515419664077543,stable
PES1,0.0562016994921115,0.039972872248029,0.177159316847563,stable
CCDC104,0.0561666899245892,0.478522592727463,0.738265402767009,stable
CCL4,0.0561579294010611,0.0150025727847556,0.0935670661841082,stable
AP1S2,0.0561214715042945,0.212569140521997,0.48569068668054,stable
POLD2,0.0561125068410146,0.251250186276532,0.531106105111994,stable
GTF3C2,0.0560975261227579,0.100671549477127,0.315146645298029,stable
PSIP1,0.0560664287390425,0.411050628621442,0.683821754263527,stable
IL18BP,0.0560526518857313,0.122261415438239,0.354152498179391,stable
ZMAT2,0.05599932718239,0.184324187906143,0.447770046296639,stable
BTF3L4,0.0559846669122637,0.223232410285323,0.497636080797889,stable
AAMP,0.0559487257315117,0.198138063685939,0.467971083406594,stable
SHMT1,0.0558483526581186,0.138199548829125,0.379567787981774,stable
ITPR2,0.0558022707712453,0.108962579676717,0.329448076667868,stable
SRD5A3,0.0557645988664802,0.203361572295919,0.474814703530952,stable
NIFK,0.0557425442999813,0.276300547640105,0.557457457887431,stable
UNK,0.0556757778854418,0.042244233880302,0.183183226304651,stable
POP5,0.0556481018797996,0.0124537391803894,0.0821773714070395,stable
BBS9,0.0556368951027199,0.0881505146271313,0.28897550444833,stable
GGCX,0.0555840287466206,0.219205065204531,0.493110547857965,stable
C15orf40,0.0555450485055072,0.236899298761413,0.513360302002701,stable
HSPE1,0.0555022914881029,0.20929910148779,0.481701120689049,stable
WRB,0.0554907122068433,0.267276349759875,0.54836960380408,stable
CENPC,0.0554896061458688,0.00022106559521018,0.00422896061948238,stable
CYB561D2,0.055423296507074,0.00697771745380384,0.0566748293390685,stable
GPS1,0.0554133710427854,0.591912939047304,0.815400462692856,stable
ABCC4,0.0553661365360392,0.0488245221559384,0.199876409522502,stable
LPXN,0.0552461122102444,0.000261900450952418,0.00487286318484377,stable
PSMD7,0.0552255136532129,0.505782575677633,0.757774997558939,stable
ITPKB,0.0552165110487376,0.00777785126477223,0.0603290020624987,stable
YIPF2,0.0552005200652974,0.152774708279777,0.401255722312968,stable
SAYSD1,0.0551712328947596,0.0802617665872179,0.271488193219445,stable
FAM162A,0.05514086796635,0.0068562710503801,0.0561460217219871,stable
PNKP,0.0551175681419552,0.291126430600074,0.573673498488007,stable
IL34,0.0550968871447198,0.0113247543105679,0.076864962072394,stable
C1GALT1C1,0.0550952193420629,0.203737238259045,0.475011253190647,stable
JAGN1,0.0550762105950787,0.183423391469942,0.446557964016845,stable
TOR4A,0.0550699542651289,0.0322924029625501,0.155655494406235,stable
ATP5F1EP2,0.0549923772422647,0.104563411687426,0.321151543835952,stable
NBPF3,0.0548593616045457,9.79282324885183e-05,0.00216078468220153,stable
TPM3,0.0548371180584455,0.0418188194808598,0.18237361731503,stable
RFXANK,0.0547553932898112,0.223252312426016,0.497636080797889,stable
DYNLRB2,0.0546948802451781,0.00419160753202238,0.0401123089783183,stable
EI24,0.0545082353942826,0.615768024415722,0.827704896685484,stable
MTHFR,0.0544854656615404,0.277377856084911,0.558778331045148,stable
LZTS3,0.0544486108718386,0.267941512823812,0.549148348992775,stable
UGGT1,0.0544430637610455,0.00650827078396266,0.0539370183479048,stable
MUS81,0.0544304001087348,0.235334565967318,0.512238200567041,stable
ARHGEF9,0.0542941382997829,0.202017198878313,0.473382765383942,stable
WWC1,0.0541575872429022,0.603899183172197,0.821415780026364,stable
ZNF580,0.054115532980177,0.0982316989181834,0.309703206238866,stable
EP400,0.0540391886631344,0.227997056726558,0.503620531518873,stable
IPP,0.0540121833092719,0.0639761652429998,0.2360533184215,stable
OSTF1,0.0539923715427086,0.274989884277313,0.556480577311378,stable
PDCD4,0.0539021979350209,0.00469274320675834,0.0428042447960954,stable
RABL2A,0.053857115249618,0.0103481005977165,0.0725968277379199,stable
MEIS2,0.0537935861548813,0.00034552090507771,0.00601640004239116,stable
LENG1,0.0537384830049607,0.279017337655294,0.560551345809784,stable
ARCN1,0.0537074083860119,0.480254169283973,0.739770657255802,stable
ANAPC2,0.0536760695081697,0.220582787569786,0.494169222147665,stable
STRBP,0.0536066955780077,0.132271909232275,0.370082814935987,stable
THEM4,0.0535827659632098,0.127949923108579,0.363093184292869,stable
MPG,0.0535784154761033,0.0511098600489138,0.206193706019116,stable
CFTR,0.0535685638653261,0.000430389211161209,0.00719709674040304,stable
ACAT2,0.0535405484456238,0.454361229766099,0.718019246866587,stable
C1orf123,0.0535393892533325,0.0266688075251189,0.137549924716367,stable
IFT74,0.0535393707914386,0.104865423407358,0.32183653922459,stable
USP44,0.0534147758852557,0.190104368137245,0.456638985283882,stable
GGT5,0.0533824592882456,0.0125782622401285,0.0828128882147307,stable
ARMC6,0.0533052282056336,0.151260358751628,0.399267247976658,stable
SLC35C1,0.053186531765105,0.068874664233342,0.247916341457118,stable
IFRD2,0.0531760798398274,0.278125900047318,0.559639671140481,stable
DYNLT3,0.0531613814480829,0.463718842271197,0.725800144420372,stable
SLC25A36,0.0531054241407087,0.647362995688913,0.847436845074028,stable
RBM10,0.0531027406943046,0.26491099415191,0.545912824015044,stable
WIPI1,0.0530832641192083,0.121680228321201,0.353054619273289,stable
RNF10,0.0530770050595787,0.233170384146609,0.510284430206857,stable
NET1,0.0530053292414378,0.26035427889512,0.540518122488782,stable
CD38,0.0529494878013349,0.00376003895115002,0.0371265881573973,stable
PITPNM2,0.0528945173861979,0.0154342643596743,0.0953535165981724,stable
GPALPP1,0.052883997363733,0.242879595563249,0.520413703096434,stable
DHRS7B,0.0527874403924398,0.00890645904399715,0.0656254100987469,stable
CHST15,0.0526876841979904,0.000148809192446607,0.00301665600077499,stable
EXOSC8,0.052613165555868,0.271255160357707,0.553375013386617,stable
ISY1,0.0526099766241466,0.223721100917656,0.49793285467505,stable
UVRAG,0.0525988244327735,0.0761209677409217,0.262557197986746,stable
PRKCE,0.0525768959356022,0.03059715699908,0.150389886271312,stable
GDE1,0.0525676004491831,0.0114086980690399,0.0772074377763876,stable
ARAP1,0.05251329375857,0.315894602437201,0.599238923059023,stable
U2AF1,0.0523915615877624,0.00296625463849962,0.0310706912605135,stable
EIF5A,0.0523608643253517,0.549498920276518,0.787557134653553,stable
KLF3,0.0523269176759701,0.416595619829647,0.688975221196434,stable
NARG2,0.0523121835403637,0.166725180289722,0.423710728453547,stable
ZC3H15,0.0522828280167225,0.417175488098765,0.689438538187917,stable
NFIX,0.0522757330108171,0.705450338966807,0.879615240516512,stable
G3BP2,0.0521897823295482,0.13186798826173,0.369375409833039,stable
SNAPIN,0.0521597051707491,0.309412040130794,0.592893795434542,stable
TRAPPC6B,0.052108438841319,0.269788813818822,0.551949533074691,stable
SMAGP,0.052105342973409,0.0018273945460385,0.0218145223933346,stable
MCM3AP,0.0520918817633346,0.432724485281762,0.701914027081244,stable
ZNF585A,0.052050901673174,0.0124340785135035,0.0821773714070395,stable
NNMT,0.0520297379604696,0.0706442271469706,0.251618599255411,stable
SMYD4,0.0519657005488421,0.00326399567859461,0.0334163175671194,stable
DLG1,0.0518959346966098,0.527121334182456,0.771772809803131,stable
FANCL,0.0518909449885964,0.0325599830509266,0.15645174245854,stable
RECQL,0.0518418064891238,0.168614728132405,0.425706729717441,stable
TPD52,0.0518178121425953,0.19788279021838,0.467695132952336,stable
SFXN2,0.051809316625363,0.00445516319361658,0.0416306612897893,stable
PARK7,0.0517910223422677,0.0281548844833687,0.142701880054903,stable
CSF1,0.0517239054090289,0.0379376887491404,0.17144188808484,stable
COPS8,0.0516685630800343,0.380596911182304,0.660666947215633,stable
MAGED1,0.0515056236362649,0.024420158404364,0.129618765234453,stable
LGI3,0.051500412398769,0.00106601728467059,0.0144628138599482,stable
CCNC,0.051473253423212,0.464951995504195,0.726985570867648,stable
PPP2R1A,0.0514146430237669,0.525345622959299,0.771096066468409,stable
EMC10,0.0513961687767358,0.38776617966506,0.665737890481138,stable
CIMAP1B,0.051370306318502,0.10975667430197,0.330703866568223,stable
ANXA11,0.0512084201626333,0.713699015821536,0.883965369686486,stable
KCNK1,0.051062866083366,0.000488385928993408,0.00792832615672699,stable
MRC2,0.0510500109755705,0.383194389588012,0.662260457843045,stable
ALDH3A1,0.0510471435048535,0.0162620561419325,0.0989484192528537,stable
PLD2,0.0510361201400294,0.0020699801380274,0.0237939783227089,stable
CNPY3,0.0510227717056889,0.376801827193383,0.657721767187193,stable
ZDHHC1,0.0510091096346695,0.0102685458588491,0.0723473801605598,stable
SLC39A6,0.0509371121868745,0.246535781213768,0.525576105608144,stable
ZFPL1,0.0509290377642819,0.337780913332642,0.618560241318467,stable
PABPC1L,0.0509266749455249,0.254802435168562,0.535172674828265,stable
CIB1,0.0508217207032571,0.143246087196734,0.387569758719097,stable
SIAH1,0.0508043016947625,0.297053400216214,0.579135688077033,stable
WARS1,0.0507854542300714,0.000470145044307858,0.00770382442576308,stable
RALGAPA2,0.0507386517899152,0.146405542532176,0.392611928116272,stable
MIOS-DT,0.0506814450815259,0.0918167509084113,0.295749133887858,stable
NPC1,0.0506495509898279,0.393880464462385,0.670147725764571,stable
IPO7,0.0506482522225067,0.583746963598291,0.810141108427056,stable
PPP3R1,0.0506082032616313,0.134384055931407,0.373361027387545,stable
DAZAP1,0.0505920574648375,0.571272062978849,0.802438991922104,stable
MLYCD,0.0505604791530276,0.0782508897745153,0.267338981722659,stable
PLOD1,0.0505137756518322,0.126165657948442,0.360591302960428,stable
CCDC88C,0.0504995889332299,0.0149691354440644,0.0935170253414131,stable
MED11,0.0503829022802227,0.372267553901579,0.65269629645624,stable
C7orf50,0.0502949394050684,0.658836570002494,0.854759241287671,stable
MORN2,0.0502505220476197,0.0714412554813969,0.252866179578223,stable
PRPF3,0.0501616065755279,0.219270546078408,0.493167093884537,stable
ARF3,0.0501067055125805,0.556004778754468,0.792606695684503,stable
EOLA1,0.050054363921532,0.00882576421277616,0.0652274133839032,stable
QARS1,0.0500353007899451,0.382703466366322,0.662071874431743,stable
NHSL3,0.0500331870074378,0.415841382748852,0.688227059669911,stable
PDHA1,0.0500159883430076,0.533418086410116,0.775725409099398,stable
CREB1,0.0500109077853223,0.424195123462038,0.693972321895068,stable
SHMT2,0.049931572310616,0.144930598150146,0.390141297464741,stable
IFI6,0.0498452805932653,0.751772265161575,0.902916592497534,stable
PHF6,0.0497496861885373,0.0111212269519266,0.0760901488504698,stable
IVD,0.0496571735847753,0.0797112580084092,0.270363600969699,stable
SLC7A8,0.0496476028537768,0.218424917682584,0.491989348397257,stable
POLR2H,0.0496138767932814,0.043305864371648,0.185145819421512,stable
ISOC2,0.0495853185012276,0.291708253629434,0.574383506520097,stable
KCNS3,0.0494953115792129,0.406972520917004,0.681048392087775,stable
IDH2,0.0494818805986183,0.350307282090533,0.630842106109999,stable
MTARC1,0.0494167499065505,0.12120484739582,0.352344364938528,stable
PDCD2,0.0494158005690902,0.0328880985959107,0.157213052665784,stable
UQCC4,0.0494148109512651,0.178030684914939,0.440001433966884,stable
TRAFD1,0.0494049266272108,0.283928634417321,0.565451877992397,stable
ERV3-1,0.0493797968500908,0.0441603242077218,0.187379220620123,stable
C11orf98,0.0492472058501861,0.193522154363397,0.461763578945572,stable
CA13,0.0491938863723314,0.00150771459900002,0.0186963775374852,stable
NUMA1,0.0491664648494541,0.720500975706798,0.886067471996831,stable
BAG6,0.0490218765021341,0.111862557438563,0.33440915210613,stable
USP16,0.0489845828696904,0.572320218189275,0.803127350148742,stable
SNX8,0.0489518345706901,0.0146223645017211,0.0920410832487324,stable
MUC4,0.0489347711541869,0.00438188068603818,0.0412531859619981,stable
GCSH,0.0488562977272505,0.32354211506009,0.604803579002162,stable
IER3IP1,0.0488560651056913,0.751913991535853,0.902916592497534,stable
BSCL2,0.048849873706672,0.278953698498469,0.560551345809784,stable
PPP1R8,0.0488249508086836,0.140540233045385,0.38364533469111,stable
ARFIP1,0.0487357849151523,0.217795057615648,0.491205038678189,stable
TTC33,0.0487227253689884,0.117919794734717,0.346003737598939,stable
NME1,0.0487153284093795,0.158156521908399,0.409338412832578,stable
TXNDC11,0.0486814547385863,0.761972125958237,0.908273746242173,stable
MCTS1,0.0486222114858012,0.0198342179623756,0.112039501096155,stable
ARL4D,0.0486090314936823,0.0583088954652707,0.223505409533515,stable
SAC3D1,0.0485898535672984,0.190928658160656,0.45771953664559,stable
COX16,0.0484927630240026,0.36630101630544,0.64650066753071,stable
CASP10,0.0484806075209735,0.0240508112695445,0.128542980746213,stable
MARCKSL1,0.0484200661519497,9.0614065203055e-05,0.0020286929176596,stable
BMAL1,0.0483706711487502,0.0585402861914888,0.223623893251487,stable
MPV17,0.0483385172418309,0.035542357272583,0.164821614301993,stable
NTPCR,0.0483361061758304,0.327805658208264,0.6094715323444,stable
ST3GAL1,0.0482941256887829,0.00443867909938454,0.0415773282075683,stable
TSPAN8,0.0482562152854765,0.00544027172965656,0.0470976498748738,stable
CCDC94,0.0482492480932022,0.0654774376651675,0.239281374594621,stable
PREB,0.0482333732062388,0.0969443608681524,0.307007219495413,stable
SNRNP25,0.0482245115146892,0.212816759325734,0.485893176316358,stable
JMY,0.0482154310631694,0.137039296990887,0.377885938735981,stable
SCRN1,0.0482112401746925,0.10156631248337,0.316424981510052,stable
BRMS1,0.0481425153852795,0.0305077953877772,0.150071344394442,stable
TENC1,0.0480936465757977,0.150955416512778,0.398892998584564,stable
UBALD1,0.048093453975403,0.370456430570001,0.650827738903088,stable
CACYBP,0.0480814909016573,0.621798982528317,0.831605116239184,stable
TPP1,0.0480542610014852,0.46240286831366,0.724761208137733,stable
COLEC12,0.0480332827242774,0.00140954224343482,0.01781824651887,stable
DGKZ,0.0479727155223393,0.175413648766758,0.435907125232869,stable
STK4,0.0478975731603291,0.168166079145469,0.425602929911846,stable
KCTD13,0.0478317012505314,0.0917175458109765,0.295749133887858,stable
TGS1,0.0478308351729756,0.112395388378056,0.335292907133893,stable
FEZ2,0.0478305767681523,0.205400553447873,0.4768881985464,stable
C1orf43,0.0478169810838132,0.258192255822728,0.538682733431819,stable
PSMA5,0.0477531088997287,0.168927006506423,0.425941362940288,stable
THAP6,0.0477466468968894,0.128035400255331,0.363093184292869,stable
PET117,0.0477410531319267,0.168764300737133,0.425706729717441,stable
ZSCAN16-AS1,0.0477356484285503,0.108690571062017,0.329032575696409,stable
SH3BP5,0.0477211005857702,0.256608324295547,0.53666042022049,stable
MIF4GD,0.0476526848313675,0.104812379014343,0.321754525633183,stable
HIPK2,0.047620259444005,0.299940886894253,0.582704587558942,stable
PLA2G1B,0.0475422647398994,0.000244476063767083,0.00459059201764796,stable
KMT2E,0.0475230566566886,0.452445676027237,0.717247561114894,stable
PGK1,0.0475209248950855,0.747724823199879,0.900333750866363,stable
SCRN3,0.0475198101784452,0.312828045096672,0.595918657201452,stable
TMEM5,0.0474915916382994,0.149311768669051,0.396521194918635,stable
ARRDC2,0.0472938291619214,0.0761948569809961,0.26258977494663,stable
NOL12-1,0.0472846819526375,0.00130117963523621,0.0168313437683888,stable
RCL1,0.0472561305921483,0.0860061739924621,0.284222619865871,stable
ZNF90,0.0471725697880653,0.00170835286010025,0.0207736279870189,stable
SNX21,0.0471110562496581,0.371747935455531,0.652072796412759,stable
ANAPC5,0.0470707181542758,0.319383969736785,0.601843871958821,stable
PITPNM3,0.047035155996654,6.88828460445574e-05,0.00161616873329879,stable
SPATA33,0.0470349532044658,0.135627240621526,0.375172911674635,stable
TMEM209,0.0469736684829043,0.0888901518193328,0.290511577193442,stable
PAIP2,0.0469661282689429,0.161977867041933,0.415795347904366,stable
SLC19A2,0.0469603127890004,0.138380274889463,0.379692494747848,stable
ZNF682,0.0469521886961479,0.164319900806533,0.419795826763977,stable
HNRNPK,0.0469228649026316,0.745980916238838,0.900006979875993,stable
ECHDC2,0.0469104881856589,0.0383143820959044,0.172506448154819,stable
ZDHHC3,0.0468850120174366,0.599712061814499,0.81973389730744,stable
TCF7L1,0.0468555393150424,0.0247786130778584,0.130670304686687,stable
NFATC4,0.046791604781524,0.00512267801797359,0.0448904458825139,stable
HCG18,0.0467812094598926,0.348531572505281,0.628936248155425,stable
SLC16A11,0.0467223770044161,0.167170432569786,0.424401114793989,stable
RABL2B,0.0467052390902902,0.190692206916927,0.457511587311582,stable
ZNF444,0.0466124663362038,0.0686072452562473,0.247348021218776,stable
MOSPD3,0.0466026785067355,0.148936029271187,0.395867367212654,stable
PIAS3,0.0465025020599017,0.18253710675663,0.445582895870103,stable
MCOLN1,0.0464294292147532,0.130997628325684,0.367611342666015,stable
POC1B,0.0464026709130088,0.0295707119933476,0.146999749250379,stable
PSMB6,0.046401785569889,0.222657324606312,0.496944154827014,stable
KIF13A,0.0463984901666197,0.0601921496193007,0.227657437173989,stable
SRSF5,0.0463958673339739,0.237544276154859,0.513845555072907,stable
APEX1,0.0463480537157341,0.183516217326748,0.446640201666479,stable
PPP1CC,0.0463392913245216,0.593970525672485,0.816690856570923,stable
SERGEF,0.0463237486415422,0.277454757709868,0.558841153113433,stable
ECH1,0.0462465606913881,0.00468910287299469,0.0428042447960954,stable
QTRT1,0.0462101480454381,0.030767397255206,0.150693557930077,stable
CNTLN,0.0461941888500272,0.000118571382166836,0.00249469290121756,stable
DUSP6,0.0461231231568217,0.141459828264281,0.385344936313881,stable
MED31,0.0460849177852856,0.151575503744463,0.399718520664741,stable
RSPH3,0.046082298183196,0.41508302321113,0.687768581333121,stable
C1QBP,0.04599966171656,0.528407979451149,0.772611097706959,stable
EXOSC5,0.045974236527569,0.000409599174200437,0.00692522863821043,stable
PPIL6,0.0459688800428219,0.149757128332312,0.397186187184678,stable
FRS2,0.04596520988052,0.269839394310226,0.551960635215562,stable
PLEKHM3,0.0459560934248387,0.152764311411812,0.401255722312968,stable
PRPF18,0.0459489429152624,0.165275676239845,0.421253099740589,stable
TCEA3,0.0458563928050386,0.286829166246633,0.569635394650956,stable
ZNF618,0.0458170801232243,0.0610305161796885,0.229731076903489,stable
HK1,0.0457746325805656,0.039495539991016,0.175752996305125,stable
UFM1,0.0457482929673089,0.550472266034372,0.788489920319213,stable
RAP1GAP,0.0457295192837577,0.14797792578184,0.394693904594636,stable
TCP1,0.0457147096295837,0.476041443268455,0.736226037767408,stable
HNRNPAB,0.0457038648778589,0.00207301921741533,0.0237939783227089,stable
PSD4,0.0456815644879792,0.171440527577649,0.430326285238025,stable
ZBTB8OS,0.0456761451883568,0.246252214888097,0.525063156251892,stable
INPPL1,0.0455875760313466,0.701517362680137,0.877788580320475,stable
FKBP1A,0.0455856529559421,0.645022402142897,0.846457739537818,stable
ILF2,0.045576144657737,0.653014298934882,0.850825707757407,stable
CCDC86,0.0455548701983199,0.0288604799198403,0.145241048390337,stable
MNAT1,0.0455357294109288,0.383797377040051,0.662366107149173,stable
THBS1,0.0455286783746221,0.062604149367436,0.23367118224963,stable
PCSK5,0.0455031344189401,0.00459331378349335,0.0424725171629521,stable
CBY1,0.045443610663537,0.382431425624547,0.662071874431743,stable
ENSG00000280649,0.045429239423435,0.0440633957570737,0.18712628136849,stable
U2AF1L5,0.0454063958865364,0.170007641435485,0.428136260590723,stable
ZNF516,0.0453897512320744,0.112567916660942,0.335493157196311,stable
THADA,0.0453896957208632,0.233001557126541,0.510284430206857,stable
FADS2,0.0453741757111795,0.000640293372411312,0.00975007782935791,stable
CRNKL1,0.045321416007013,0.37426662266326,0.65479249970455,stable
NDUFS8,0.0452995482007508,0.591819042699975,0.815400462692856,stable
ATG16L2,0.045283372106444,0.203308253455931,0.474814703530952,stable
R3HDM2,0.0452582729406553,0.313762865132883,0.596955216090952,stable
DDX56,0.0452048018964007,0.215882884521147,0.488966533330832,stable
UBE2I,0.0451991058726178,0.446620870210748,0.713193144017789,stable
MAN2B1,0.0451605207183532,0.0090736991524752,0.0664996623364526,stable
HDGFRP2,0.0451507150112808,0.02967448928821,0.14733588832619,stable
FKBP3,0.0451321369466495,0.492515220672569,0.748446799788847,stable
PTPN2,0.0450051984630316,0.236319580180391,0.512841382466536,stable
C12orf5,0.0449135441131347,0.0439245118998706,0.186879176825392,stable
C1RL,0.0448970883409931,0.499361732376155,0.753139767620743,stable
SLC16A7,0.0448824998891508,0.0321774217721563,0.155223679456527,stable
RBM22,0.0448271408621565,0.356664301791848,0.637123100242905,stable
GPHN,0.0448116683296017,0.238673995604381,0.515468360824728,stable
BARD1,0.0447875251376638,0.0395220260624657,0.175785457489853,stable
FUS,0.0447687948635279,0.765695038022782,0.909951660675258,stable
DDX54,0.0447661963132084,0.203938793545884,0.475065277000676,stable
ECHS1,0.0447627672922971,0.0666697352267749,0.242334476185577,stable
TLE1,0.0447547448929505,0.00977608043469117,0.0701913698785424,stable
TMEM183A,0.044704288191997,0.318400931914276,0.601008800450912,stable
NUP107,0.0446901622549806,0.323143881173134,0.604547107967614,stable
EIF2AK4,0.0446509708521491,0.506066066868786,0.758013920034804,stable
VPS41,0.0446465198983083,0.274119996301067,0.555879700528242,stable
FAAH2,0.0446014279684492,0.196988451835837,0.46642742343333,stable
NLE1,0.0445679132257436,0.000264513361517431,0.00490362430711478,stable
TADA3,0.0445592030023872,0.511387527377713,0.76146007201741,stable
ZC3H13,0.0445548140951902,0.294196879380838,0.576878834384241,stable
NPRL2,0.044483991178192,0.38530483114476,0.663767253762631,stable
RND1,0.0444219469676703,0.105861794603444,0.324162136231637,stable
JMJD8,0.044379350650133,0.580622451650059,0.808237619883783,stable
B9D1,0.0443606234342947,0.184886314045242,0.448506957237073,stable
SSR1,0.0442896972870874,0.681553106424755,0.867031446866085,stable
KRR1,0.0442781964885617,0.587286149898293,0.812286252133597,stable
DTNB,0.0442373059129596,0.00728281725112984,0.0581728142379463,stable
IGFBP2,0.0441655493264102,0.00443370055587448,0.0415773282075683,stable
TNFRSF10C,0.0441463308459937,0.0195301195119827,0.111143473423872,stable
EVA1C,0.0441305313372863,0.429162793063561,0.698360753781812,stable
DALRD3,0.0440214178753179,0.530656001328039,0.773889162518963,stable
ING5,0.0440181653947962,0.290714139627811,0.573673498488007,stable
PRKG2,0.0439679303500073,0.000844863957826542,0.0120508950063847,stable
NOL6,0.0439113453480419,0.000707319369013078,0.0105002826511596,stable
B4GALT3,0.0439060822332991,0.395882627016351,0.67140845342152,stable
ZNF362,0.043893456837386,0.328143250854021,0.609886437348267,stable
SREK1IP1,0.0438449321243301,0.726709999632467,0.888794742518853,stable
EPHX2,0.0438255218489122,0.0862150098604465,0.284451357768987,stable
CYP1B1,0.0438223046854703,0.00998802826933986,0.0710521915138093,stable
HDAC3,0.0438176213401168,0.318369016373493,0.601008800450912,stable
MTHFD2L,0.0437356966600746,0.395867563968145,0.67140845342152,stable
UROS,0.0437335829164414,0.45240463410632,0.717247561114894,stable
CHP1,0.0436903823517886,0.764039873400343,0.90926627691981,stable
DCTPP1,0.0436759551832283,0.0680006542529197,0.245856254832207,stable
TXNL1,0.0436512519394548,0.439721724928065,0.708372790790889,stable
AFG3L2,0.0436237611368834,0.576397646651298,0.806165312661953,stable
PYCR1,0.0436024152561026,2.57467142168995e-05,0.000679757742089374,stable
CSTPP1,0.0435723433077218,0.14069791861542,0.383904320793504,stable
LENG8,0.0435680515156904,0.640036960422425,0.843874193869187,stable
ABHD14B,0.0435605779491674,0.36587661559167,0.646241655969526,stable
ENTPD3-AS1,0.0435476579262486,0.131488476981852,0.368569528627402,stable
CDKN2A,0.0435362574507797,0.000174458882076419,0.00346761849512545,stable
PRCP,0.0434936817843378,0.0307480899867976,0.150693557930077,stable
PTP4A3,0.0434852304617275,0.00308617292549043,0.0319977759467303,stable
MGC32805,0.0433735608367576,0.0064025498207087,0.0532413394614579,stable
RASL11A,0.0433530679309938,0.314521744774913,0.597889161662248,stable
RASSF5,0.0433309482074463,0.104491361505944,0.321151543835952,stable
DBF4,0.043311065952338,0.00506855121631953,0.0446704903159985,stable
PRSS12,0.0432855431228588,0.00010571760691658,0.00229513127099077,stable
AKR1C3,0.0432652102351865,0.685068093718101,0.869582576214657,stable
TSPYL2,0.043233476627561,0.149506179380723,0.39665903651193,stable
FAM110B,0.0431988560464968,0.00727390889102758,0.0581728142379463,stable
TNNT1,0.0431690197954163,0.118295834705793,0.346567734901038,stable
MTSS1,0.0430655229860357,0.0160758545264184,0.098059503857754,stable
KDELR3,0.043058583193947,0.00175755201072803,0.0211668135755068,stable
EIF2B3,0.0430284789222678,0.318267497722826,0.601008800450912,stable
OAT,0.0429993822811052,0.216883381191481,0.490505541477274,stable
ROS1,0.0429796593253163,0.00363656088310209,0.0362292748451833,stable
NAA38,0.0429605840703288,0.379103888101998,0.659320449147088,stable
YTHDC1,0.0428895180186964,0.681128726304504,0.866942685375495,stable
SPR,0.0428343077953925,0.47043451701777,0.731720516099404,stable
MAP3K8,0.0428201585037169,0.237323206063409,0.513549100888496,stable
CNPPD1,0.0427723149454243,0.272736562659426,0.555007781246683,stable
CAND1,0.0427702303287181,0.21029025798633,0.482448521289817,stable
PCDP1,0.0427292864730125,0.0514007539890741,0.207002263286996,stable
CWC25,0.0427278118610764,0.372507573118244,0.653023458166847,stable
ASB7,0.0426745596245607,0.0376230205266161,0.170524213169209,stable
YPEL5,0.0426616125124722,0.816362677831894,0.933422259266399,stable
UBL7,0.0426569252007462,0.427815666664328,0.697007367045485,stable
MTFP1,0.0426386479960932,0.0202978447094981,0.11392142044486,stable
UQCC2,0.0426247104179837,0.3654717438362,0.646241655969526,stable
FAM127B,0.0425594411717454,0.727919787583835,0.889711163367913,stable
MAD1L1,0.042534460700253,0.00798216514754577,0.0611671367833643,stable
C19orf25,0.0425286949899938,0.546056733146448,0.78496142682861,stable
NUP88,0.0425123110609385,0.00194260435521251,0.0228981148087967,stable
GPR126,0.0425097519636538,0.199703304155524,0.470089195069734,stable
AMN1,0.0424690426398013,0.174863306799762,0.435270700475051,stable
TNFRSF10B,0.0424626758212348,0.305945294761016,0.58951375837936,stable
API5,0.0424507465135342,0.430218979744165,0.699381022969923,stable
LPCAT1,0.0424268111861235,0.886911187378385,0.959773579542615,stable
MCM3,0.0424191650401136,0.186573081482962,0.45126025881435,stable
B4GALT4,0.0424091581133618,0.13425370889159,0.373235691946964,stable
FTSJ2,0.0424058615062337,0.0267348850529955,0.137661008798575,stable
FIZ1,0.0424046766265174,0.157544679321367,0.408446693536455,stable
RAB20,0.0423797822962206,0.0432887021271684,0.185145819421512,stable
ARHGAP10,0.0423151556628367,0.000162226649884412,0.00325625380654688,stable
ARPP19,0.0423122661547812,0.5413100512804,0.781905344489648,stable
MTMR14,0.0422935217959279,0.487158856114226,0.745546062944595,stable
GNG10,0.042268191852772,5.24489611953651e-05,0.00127971277774879,stable
BTN2A2,0.0422503314797631,0.0883317137773379,0.289404146130844,stable
JPX,0.0422169852251942,0.478628379984338,0.738265402767009,stable
LDAF1,0.0422109413836106,0.104186260680343,0.320637676373746,stable
SERPINF1,0.0421515841503922,0.019615121555016,0.111316270143229,stable
EIF4ENIF1,0.0420988704004419,0.315881627883582,0.599238923059023,stable
BUD31,0.0419743208261424,0.0477134820751799,0.197310421139039,stable
ZNF226,0.0419346201627777,0.213462386114896,0.486782116518849,stable
SEH1L,0.041858995918832,0.0176777943651546,0.104292161351182,stable
PRICKLE4,0.0418446949674015,0.329250697076307,0.610830250578354,stable
FZR1,0.0418136208368092,0.00201498676418724,0.0233471073037202,stable
MTX2,0.0418065307383359,0.487855120987475,0.745815532635179,stable
NUDT4,0.041683715918453,0.334289957589014,0.615075680783615,stable
IMMP2L,0.0416567532193736,0.291154318113514,0.573673498488007,stable
ZNF595,0.0415917520149857,0.128274427059614,0.363389709473168,stable
SCAMP4,0.0415632211101214,0.546678282756373,0.785369370557306,stable
ITFG2,0.0415562616589205,0.331656173582593,0.61295639741396,stable
ADD3,0.0415088917090387,0.151470526687551,0.399563167507255,stable
KCTD14,0.0414624611792806,0.0369503206623729,0.168852605524055,stable
NSUN7,0.0414289114867247,0.0155976611110606,0.0959083548398411,stable
HDDC3,0.0414017768383339,0.0426040011372846,0.183788279132968,stable
GOLM1,0.0413995980396883,0.000340709464134173,0.0059668087243211,stable
MARVELD2,0.041364254812906,0.337375172310355,0.618301964965783,stable
PYCR2,0.0413185994963434,0.347877191166965,0.627946069820582,stable
UBAC2,0.0412241717161672,0.114553049617792,0.339301303253668,stable
GMNN,0.0411928338645861,0.00447284030474276,0.0417077383019403,stable
ALDH9A1,0.0411796784618119,0.327795265629801,0.6094715323444,stable
ZWINT,0.0411420791497873,0.058648295381837,0.223795270645637,stable
NAGPA,0.0410981703771622,0.0656914554241168,0.239848372492355,stable
ZNF121,0.0410820257517848,0.00695442287770833,0.056523181686906,stable
SMIM20,0.0409979212317173,0.221850443710141,0.495776933073632,stable
RBBP6,0.0409789533245629,0.522340741074921,0.769566496191375,stable
SLC25A32,0.0409547602705134,0.000666698908701537,0.0100489857706136,stable
NXT2,0.0409474367045673,0.00793638163193115,0.0610484286654196,stable
HERC1,0.0409345275427505,0.58462694468215,0.810626108415904,stable
C5,0.0409279215518449,0.0983731283418378,0.310005960518336,stable
TMEM9,0.0408921015949487,0.388337491560603,0.666214535013589,stable
KLC4,0.0408820054483903,0.0679793884824357,0.245852084263105,stable
TMEM147,0.0408526350951908,0.23249655354931,0.509691153261615,stable
PFKM,0.0408045621000138,0.308517976825276,0.592307944379799,stable
ZNF839,0.0407992241322219,0.196587798876936,0.465805243937133,stable
QDPR,0.0407691153799984,0.120983770387552,0.351785349480836,stable
TNFRSF21,0.0407335977762811,0.0406718102293259,0.179484551712375,stable
PUSL1,0.0407325717737631,0.28369990526769,0.56538989332386,stable
UBA7,0.0407196497596017,0.430304701714397,0.699381022969923,stable
ARHGAP31,0.0407172943601042,0.344384949894554,0.624075792201696,stable
NDUFB7,0.0406782367028786,0.600261612676913,0.819743130444437,stable
MED4,0.0406672333712647,0.707530866114304,0.880696618039056,stable
MICU1,0.0406604986280665,0.22248809658998,0.496747852550853,stable
RALBP1,0.0405972890728019,0.429258879328262,0.698424136950442,stable
NFYC,0.0405617615036627,0.37791889599207,0.658322314753866,stable
PSMA4,0.0405224025928167,0.694652039638046,0.874143147265336,stable
CHCHD5,0.040511799621432,0.730412418144491,0.891073991955914,stable
VILL,0.0404852714734269,0.0264202330342472,0.136558532182088,stable
SLC7A5,0.0404495389186455,0.01656092877054,0.100202607996611,stable
SRM,0.0404306370029193,0.187099751256709,0.451997501850199,stable
COMMD7,0.0403367950092464,0.558376058330653,0.79448107869702,stable
ARNT2,0.0402932253530676,0.0476198150551196,0.197142383860603,stable
TMEM120A,0.0402662532960132,0.1561039622591,0.406262472781613,stable
ADI1,0.040238309920153,0.0263899381747641,0.136459646467139,stable
ITGA6,0.0402321099623623,0.0221225988786494,0.121489248946469,stable
ATP5MK,0.0402229337351405,0.867695326618996,0.951811189550792,stable
GOPC,0.0402129286550654,0.00782429492762156,0.0605230105181388,stable
PIGA,0.0402071041338409,0.136469945038784,0.377081511788899,stable
FDFT1,0.0401862445872456,0.148668712504872,0.395651899070605,stable
HMCN1,0.0401592065583137,0.00131615795045568,0.0169354892488108,stable
COPA,0.040130263899858,0.36909220300743,0.649457764439734,stable
RRP9,0.0401054201190852,0.00126042694730331,0.0163734952219295,stable
VASN,0.040097367101173,0.070303076311258,0.250695684022409,stable
CACNB1,0.0400972332756412,0.138208133532958,0.379567787981774,stable
B4GALT5,0.0400498294043152,0.307902926680525,0.591615340595985,stable
PRR24,0.0400466436842751,0.296377778555995,0.578581962687852,stable
ITM2B,0.0399696965575269,0.618551967145213,0.82973744150684,stable
DNAJC8,0.0399519633641637,0.766002757589526,0.909951660675258,stable
SPAG16,0.0399141067368652,0.388918907498883,0.666780466376766,stable
PTMS,0.039895311172738,0.357464903542581,0.63799839113805,stable
BICDL3P,0.0398763207859732,0.339363382572764,0.620119567457909,stable
APH1A,0.0398321756902008,0.0313962239047532,0.152501333042928,stable
SNRPF,0.039809822092647,0.502317377261878,0.755360760197957,stable
LGALSL,0.039808569908131,0.000737166749621711,0.0108047078505705,stable
ARMC2,0.0398053383466262,0.12954364668449,0.365256939684845,stable
CHTF8,0.0397823061246832,0.259877958462756,0.539987789265465,stable
THUMPD3,0.0397605851398838,0.347563974879,0.627658742638632,stable
SYS1,0.0397162438881055,0.641399183446411,0.84468731585054,stable
MTX1,0.0397053204159448,0.015076536128308,0.0939325064385506,stable
ABHD17A,0.0396772393169219,0.630420539983822,0.837348483430467,stable
SPTSSA,0.0396748075373217,0.318209981457336,0.601008800450912,stable
ZNF638,0.0396183082949527,0.738091139614822,0.894824514912249,stable
ISYNA1,0.0396054496188159,0.0390705612931745,0.174816449944277,stable
KCNJ8,0.0396049267640932,0.00366361395866921,0.0364097699437174,stable
SPA17,0.0396017715603053,0.242370625832567,0.519961132007248,stable
TPST1,0.0396009619306903,0.00174639540603123,0.0210531927448972,stable
SNX7,0.0395845902405832,0.518459422422213,0.766485419843091,stable
BAP1,0.0395797089923191,0.294992843999831,0.57716910920292,stable
DOK1,0.0395607428800189,0.189637002045985,0.456233558947081,stable
MIPOL1,0.0395522694997464,0.186050474933604,0.450352674373937,stable
TAF10,0.0395500301848888,0.592157306104938,0.815400462692856,stable
PARM1,0.0394368761079023,0.00903604705154861,0.0663403238186969,stable
SGSM3,0.0393532621069151,0.00820257441355497,0.0623425174866127,stable
RANGRF,0.0393423496365953,0.0186639141606855,0.10761189899298,stable
KIAA1671,0.039220927588529,0.0714688092883413,0.252866179578223,stable
TLR2,0.0392015649297745,0.00457016391076389,0.0423224876099831,stable
PDZK1IP1,0.039110501349783,0.326854154372838,0.608415590536558,stable
CTSO,0.0390897028695485,0.196172235304343,0.465371915690331,stable
MATR3,0.0390887047998043,0.125476594311904,0.359041640652788,stable
OSBPL7,0.0390843326623001,0.0674064256896086,0.24426742764699,stable
OVCA2,0.0390714815033898,0.14395693958256,0.388632868696382,stable
CETN2,0.0390666954271834,0.0462620659793838,0.193600648590205,stable
HDAC2,0.0390368920246881,0.0229990347269736,0.125006758782804,stable
PDK3,0.0390325728632282,0.000310314230266419,0.00553763671646234,stable
KIF22,0.0390083336483184,0.461186092141058,0.723503438184329,stable
MGRN1,0.0389885523983865,0.395902497730883,0.67140845342152,stable
DNAJC2,0.0389870842269877,0.442430089267116,0.710307297563252,stable
LGALS9,0.0389808495052857,0.011263689638082,0.0766877101788891,stable
POLR2I,0.0389472805035864,0.694016536798234,0.874063274863137,stable
IL6ST,0.038931746080875,0.65975175262194,0.854990663385513,stable
NHERF2,0.0389149229321114,0.744026405480789,0.898802132680815,stable
FKBP7,0.0389091920544311,0.178785630856988,0.440532508026499,stable
FDXR,0.0388950982260469,0.0277118224863272,0.141298901855747,stable
SCYL2,0.0388902236029325,0.219477287576028,0.493178375612015,stable
TMEM59,0.0387083016665817,0.658213285660996,0.854759241287671,stable
MR1,0.0387003826250014,0.2732631985414,0.555524586557472,stable
PDE7A,0.0386956314647884,0.0694470653823361,0.248912551772867,stable
CEBPZ-AS1,0.0386929236167532,0.506686457067192,0.758214860657576,stable
SHISA5,0.0386926415244319,0.32960026654894,0.61111059008313,stable
PLK2,0.0386446039424689,0.00652555507958443,0.0540436214721139,stable
DBNL,0.0385999157370354,0.68405449563975,0.868947537639022,stable
NDUFS2,0.0385573745846289,0.749739476562948,0.90151636449985,stable
MANEAL,0.038548328015968,0.0144938350512619,0.0915147932162323,stable
NCAPD2,0.0385318699932346,0.0814026306568487,0.274198334844122,stable
PAPSS2,0.0385280411015772,0.897189907195801,0.963421175688929,stable
CCDC28A,0.0384871488042176,0.398283938971071,0.672926450584985,stable
SIX5,0.0384642325026636,0.00033375333095008,0.00586178264013473,stable
SLC26A6,0.0384557402559243,9.40913335894164e-05,0.00209122265781277,stable
PTEN,0.0384446241757652,0.0468087409936303,0.195220078439487,stable
RFX5,0.0384338100033547,0.215750675839053,0.488938869383867,stable
ILF3-AS1,0.0383694574019432,0.381740212898004,0.661243072476294,stable
LASP1,0.0383522298229162,0.711492557796043,0.882973099136937,stable
BPHL,0.0383378721457685,0.00714321324054398,0.0576360651171021,stable
COL16A1,0.0383281423012096,0.232703312490295,0.509961508046139,stable
EIF2D,0.0383027149969716,0.0870837789245637,0.286775892665374,stable
XAGE2B,0.0382915217211836,0.0243210506738148,0.129261097146397,stable
IFT43,0.0382817642056872,0.396176659364054,0.671695470233582,stable
ITGB4,0.0382451803437209,0.620669041670824,0.830912097840779,stable
ACP1,0.0382306142787124,0.13737813064208,0.37854531117311,stable
AHDC1,0.0382136032382489,0.168755580754115,0.425706729717441,stable
CYP27A1,0.0381976828462822,0.143044412956389,0.387341811415934,stable
POLR2G,0.038197027002166,0.180001293279974,0.442189672237622,stable
ATP6V0E2,0.0381741805826749,0.399510630601247,0.673969390035771,stable
BUB3,0.0381505446473298,0.706645264324525,0.880332608289583,stable
IQCK,0.0381081733940956,0.208087124293528,0.48038848108859,stable
TSR2,0.038094234779687,0.635533388197648,0.840684967893123,stable
GTF2F1,0.0380720633560203,0.517371213168272,0.765924920218977,stable
LONP2,0.0380712789673186,0.773914487736461,0.912983082232242,stable
TBC1D4,0.0380694427466859,0.000498340793036267,0.00799438038592563,stable
SETD3,0.0380477259394744,0.290830932347892,0.573673498488007,stable
LRRK2-DT,0.0380371010732798,0.00108954102326201,0.0147166292468009,stable
TRIM4,0.0380112133046465,0.05194901859688,0.207978826301482,stable
TTC39C,0.0379994970130587,0.0222026355746986,0.121651733422284,stable
LINC00116,0.037954332233058,0.731639219135657,0.89187207134005,stable
VPS52,0.0379485667080474,0.0577829563377497,0.222539022770212,stable
SUMF1,0.0379148429575609,0.386566535918439,0.664892266085126,stable
ATAD2,0.0379143946865455,0.045809069777102,0.192099509075573,stable
PDZD11,0.0379050538334263,0.593070020249693,0.816129661637273,stable
HDAC8,0.0379036334109999,0.000329018829559319,0.00581203204123283,stable
CASP1,0.0378606532319742,0.243632475990372,0.52139180679094,stable
TTC3,0.0378545846670852,0.350631088555098,0.631146285745474,stable
DEK,0.0377857137544236,0.515375563732803,0.764557146974488,stable
PALS2,0.03777682104513,0.314765231991295,0.597960590007446,stable
KCNC3,0.0377350349956735,0.0189469991089165,0.108787279054671,stable
FOXO4,0.0377340348065111,0.0243181172174567,0.129261097146397,stable
IL1R1,0.0376927097946049,0.0168806138405032,0.101151286071721,stable
IRAK1BP1,0.0376833792197448,0.238980138228597,0.515853029879963,stable
TALDO1,0.0376792844522815,0.82448099974213,0.935818786487049,stable
KEAP1,0.037639928469525,0.503726040924163,0.756669066616843,stable
INTS12,0.0375633923784514,0.26992726873457,0.55199690769046,stable
HMGB3,0.0375157717596209,0.0182836897731454,0.106529944607688,stable
NFKBIZ,0.0375009504058674,0.417226931754357,0.689438538187917,stable
MAEA,0.0374495375803466,0.588109083970445,0.812799061294214,stable
GORASP2,0.0374332094957866,0.372610883289469,0.653110902972537,stable
LAD1,0.0374259060325025,0.00352286243058797,0.0353849386618795,stable
HK2,0.0374212925904535,0.00753115430658421,0.0593057443745821,stable
PRTG,0.0374108954682953,0.115099789141471,0.340508185495,stable
ESAM,0.0373815494795735,0.327662245602873,0.6094715323444,stable
NANS,0.0373341244287393,0.489595826660079,0.746420268725866,stable
PMP22,0.03730878831236,0.363562621842871,0.644672743576032,stable
ZNF524,0.0372383524648289,0.209312340336568,0.481701120689049,stable
TMEM223,0.0372370914476543,0.195343195354582,0.464265320822959,stable
LANCL1,0.0372043330477265,0.349701724434537,0.630122918556572,stable
TMX2,0.0371894941174688,0.444780115665115,0.712300816702524,stable
ZC3HC1,0.0371814091646269,0.209156526261219,0.481701120689049,stable
MKS1,0.0371558005907437,0.00554727740933035,0.0478208173848055,stable
TRIAP1,0.0370230162181931,0.0750031010488991,0.259801050502052,stable
SRPK1,0.0369868064386453,0.529496590157352,0.773513860553901,stable
CAPZA2,0.0369686297086723,0.601650768949857,0.820548811741944,stable
NCAPH2,0.036937617612591,0.575083571647824,0.80496530463586,stable
PARK2,0.0368904519678014,0.0102998311240894,0.0725164762692973,stable
MAPK1IP1L,0.0368231469112846,0.554951483758784,0.791474383090348,stable
PXMP4,0.0368075905494459,0.00144531143650223,0.0181577461457382,stable
PLS3,0.0367659599226255,0.738098460721548,0.894824514912249,stable
B9D2,0.0367450981918317,0.166470088874024,0.423150419296333,stable
PAOX,0.0367115811973033,0.0394221380120357,0.175561304288539,stable
DENND2D,0.0366815176541375,0.407958425421577,0.681920387303891,stable
DDX21,0.0366516395908169,0.83123990375977,0.937306012640529,stable
FBXO4,0.036649584036803,0.258488841612227,0.538712523649136,stable
REEP4,0.0366487974602993,0.230345474585707,0.506884443084731,stable
DIS3L2,0.0366480931480926,0.341372138971634,0.621387029222722,stable
BASP1,0.0366260358947046,0.208982486738231,0.481701120689049,stable
MS4A8,0.0365869010541373,0.0119022829014626,0.0795916335817721,stable
SDHC,0.0365270366573494,0.61162729540699,0.824769118483733,stable
RFX3,0.0365219164046407,0.255529743727448,0.535676894599448,stable
ATAD3C,0.036517110012596,0.403989923711088,0.678161607723749,stable
FCGR2A,0.0364718695298344,0.0498066876360947,0.202742906980893,stable
SEPT7,0.0364700350739731,0.58875256988643,0.813210329298499,stable
TMEM129,0.0364576261414711,0.197675113189826,0.467678423120527,stable
DOK4,0.0364513086349131,0.597188644706123,0.818275723296654,stable
UTP6,0.0364417295412186,0.309009828816501,0.592616276663463,stable
HSH2D,0.0364263271001017,0.0028807754128424,0.0304624555766311,stable
CES2,0.0364196240693991,0.548914571869524,0.787181103535085,stable
YIF1B,0.036370544817048,0.46138019230966,0.723585587701707,stable
DENR,0.0363586531356256,0.235300425643326,0.512238200567041,stable
CNDP2,0.0363321942943351,0.847173235914798,0.943093055781728,stable
EBF4,0.0363239073130563,0.00471854837767879,0.0428844129135654,stable
SRSF2,0.0362603177975411,0.0902217993720387,0.293072007996656,stable
CA2,0.0362539477591321,0.0046783356795882,0.0427733547848064,stable
POLD3,0.0362077140025073,0.31913438339479,0.601843871958821,stable
KIF16B,0.0361977605953598,0.310539182346418,0.593779284373943,stable
MPZL1,0.0361644289723385,0.135454532858925,0.375172911674635,stable
SGSH,0.0360942124601689,0.173158105801264,0.433036965080739,stable
RNF135,0.0360608148898245,0.308953913166243,0.592602013893638,stable
EXOC8,0.0360528577803364,0.315772041267706,0.599192398704817,stable
ABHD14A,0.0360526850069445,0.120279037869034,0.350286056969197,stable
ARRDC1,0.0360342908118358,0.409009187229376,0.682277334155553,stable
KLHL5,0.0359834702499304,0.00207290494870492,0.0237939783227089,stable
IFT140,0.035923202968297,0.207409468891511,0.479457894805188,stable
OGFRL1,0.0359112832978071,0.0124434241838683,0.0821773714070395,stable
KIAA1143,0.0359002143488615,0.421839417089284,0.69246509914725,stable
STOML2,0.0358729255136829,0.138671097243506,0.380155975040283,stable
LANCL3,0.0358178233620983,0.0019625763157755,0.0229574477359232,stable
VMP1,0.0357706118220218,0.721200725931016,0.88621063170792,stable
SCNM1,0.0357377361000399,0.261045256656451,0.541342052912231,stable
PON3,0.035718682688732,0.0232888600802113,0.126021702355247,stable
DLG2,0.0356769210614663,0.032540304751961,0.15645174245854,stable
XRCC5,0.0356682297508929,0.41320585250717,0.686001404461176,stable
PINK1,0.0356654082857368,0.677212292768983,0.864750964754659,stable
SURF6,0.0356020221224703,0.444042346949607,0.711364380365727,stable
OCEL1,0.0355942155739767,0.590491708729999,0.814518309106604,stable
XPNPEP3,0.0355849943354214,0.56651106953359,0.800445598565668,stable
SPG21,0.0355819046933612,0.423994502498643,0.693922720383373,stable
PQBP1,0.0355477284194191,0.190848890135355,0.457707834611453,stable
PPIP5K2,0.0355343690303487,0.571405681355813,0.802438991922104,stable
PRSS22,0.0355269321966274,0.46704212942779,0.728810333079107,stable
PIGO,0.0355237842443138,0.232662402356446,0.509961508046139,stable
ZFPM1,0.0354947991909944,0.423701130408713,0.693721218606497,stable
RAP1A,0.0354861258470797,0.877551173827811,0.956698780467053,stable
ETNK1,0.03547270956908,0.504798568765141,0.756977199410325,stable
LIMD2,0.0354405514019741,0.0132466285130705,0.0859484007132558,stable
C15orf38,0.0354367713527155,0.576716150262925,0.806259446563642,stable
PCDH1,0.035436317755101,0.0269376802545292,0.138297439492383,stable
LRPAP1,0.0354284741935308,0.272246270190722,0.554379211529466,stable
IK,0.0354021393664455,0.258527501313083,0.538712523649136,stable
PARN,0.0353915127102629,0.0181817695592012,0.106138005769102,stable
SLC1A5,0.0353616836816433,0.14440768386274,0.389162153337331,stable
METTL4,0.0353563319493045,0.221714727445782,0.495647413871305,stable
RUFY3,0.0352374461496877,0.316841587515476,0.600104054197269,stable
HRASLS2,0.0351970333599077,0.136712420485499,0.377495511184717,stable
SH3BGRL2,0.0351525013971708,0.134495139226926,0.373482185804168,stable
ARPC1B,0.0351208860027339,0.748657907942028,0.90098065623392,stable
PSMB3,0.0351094591022646,0.0052752780860832,0.0459294866982058,stable
ZNF512,0.0350962157164953,0.209583655823515,0.481701120689049,stable
INPP1,0.0350942817283354,0.222153784337567,0.496182689519901,stable
PDLIM1,0.0350783447205602,0.00608098720392692,0.0513595434901528,stable
SYVN1,0.0350581174684956,0.340055375188008,0.62063428308399,stable
MTCH1,0.0350325699896137,0.386400053654532,0.664792998715411,stable
NT5C3B,0.0349055366259795,0.0731681529079175,0.256432464987112,stable
SNHG18,0.0348938116252138,0.084467958322145,0.281652024694463,stable
FAM229B,0.0348619643443944,0.398061491992742,0.67273657930586,stable
RSL1D1,0.0348187704981345,0.0774824982172297,0.265455733802527,stable
PDCD7,0.0348044899585749,0.0464733683788373,0.194285381348463,stable
SEPN1,0.0347916469613433,0.589742324650395,0.813983870268004,stable
ZFP90,0.034762046611576,0.331332790361356,0.61295639741396,stable
RUNX2,0.0347203331984842,0.0408407782748869,0.179905467975574,stable
CASP4,0.0347094490295159,0.642019112080394,0.844730779757674,stable
DNMT3A,0.0346893083990838,0.0711315621424631,0.252251875726565,stable
CCDC137,0.0346835804764571,0.0653694284109088,0.239029582080451,stable
USP53,0.0346530676297097,0.602703983076705,0.820863544997826,stable
SVIL,0.0346496436799846,0.7644487894031,0.909540782719827,stable
CSNK1A1,0.0346162975814071,0.0251872749746506,0.13214130870821,stable
LSM6,0.0345832226808153,0.0620958085599895,0.232483664268702,stable
RNF13,0.0345585369078795,0.784553704407468,0.917868875037064,stable
PER2,0.0344889260881631,0.188909007589628,0.455051849582912,stable
ZNF429,0.0344700006423237,0.450133013598978,0.716088750420862,stable
MINPP1,0.0344414891853139,0.413384624245085,0.68611183255559,stable
TACO1,0.0344190260759821,0.311826922355612,0.595310369963299,stable
MFSD4,0.0343767166945534,4.3994889817498e-06,0.000146938123805764,stable
CTSF,0.0343525194752324,0.565103426236486,0.799146724006803,stable
TTC39A,0.0342843992305059,0.126335337344662,0.360901285899081,stable
ADCY7,0.0342838077587946,0.00485935498430397,0.0435414929889476,stable
CMBL,0.0342646150164271,0.647918279803892,0.847580833510842,stable
PRRC1,0.034244969825147,0.218724326629517,0.492300896468277,stable
ANTXR1,0.0342174000614711,0.10157490407767,0.316424981510052,stable
PALM,0.0342050277311019,0.0258461763493927,0.134329787285279,stable
OARD1,0.0341988031546756,0.481904431476758,0.741447422324971,stable
MUC20,0.0341861139092341,0.22599878480239,0.500472671272539,stable
GMPPB,0.0341811085727149,0.224263429569122,0.49793285467505,stable
SEPHS1,0.0341637085924415,0.0686588896726047,0.247358168982588,stable
AGBL5,0.0341629426128497,0.0416313545991583,0.18196882980705,stable
PARP1,0.0341246859565664,0.673186275167354,0.86259108150795,stable
SMG7,0.0341189537542413,0.234250030430725,0.511151797926666,stable
RPRD1B,0.034110260554374,0.111486329013057,0.333612946353884,stable
MAP3K12,0.0340984751212547,0.134821145726739,0.374019503087027,stable
NOXA1,0.0340818792688653,0.0887152497557535,0.290194062888502,stable
CEP57,0.0340741102681333,0.662384979565805,0.856393820937994,stable
LPIN2,0.0340546130986735,0.875746038983981,0.955872607055735,stable
ZNHIT1,0.0340487654234682,0.903590360436439,0.965695611883349,stable
GLA,0.0340084899336537,0.275554086959924,0.55684793503027,stable
ELK3,0.0339549562494326,0.0184132992369212,0.107030037980088,stable
BCL6,0.0339397688685813,0.468280702431094,0.729577275875312,stable
PARP10,0.0339367598323086,0.400439576256211,0.675081198291105,stable
CKS1B,0.0338887403776231,0.121422832277048,0.35267641850717,stable
TM7SF2,0.0338836551118863,0.557262505676337,0.793844175432647,stable
RAVER2,0.0338832022354339,0.0293406615990034,0.146571412908139,stable
DCTN6,0.0338630590232173,0.445242844880069,0.712337145865723,stable
GGNBP2,0.0338292351956049,0.0629198294866225,0.234217201074313,stable
PFDN4,0.033826251212335,0.672231683229868,0.862443334991804,stable
TRMT1,0.0338198495811675,0.403398205544946,0.67752961210448,stable
GLYCTK,0.0338020449846835,0.116451289897696,0.343177571771801,stable
COLCA1,0.033790932075615,0.0566861603134373,0.219978293229034,stable
SKAP2,0.0337690834445088,0.464893370639992,0.726985570867648,stable
C6orf48,0.0337653145221813,0.633831793766023,0.839470247135143,stable
CDON,0.0337588859119136,0.331817462413508,0.61295639741396,stable
LETMD1,0.0337470447968672,0.452191013882676,0.717140158783059,stable
TMEM180,0.0337428430206871,0.223993581790986,0.49793285467505,stable
STX4,0.033717778142075,0.634963742734235,0.840203159902932,stable
ARHGEF18,0.0336990269748515,0.300137439288099,0.582824473051266,stable
NUP37,0.0336866231669063,0.379734486309593,0.660124189711231,stable
ABR,0.0336830949878482,0.501331060639423,0.754561290729435,stable
ELP5,0.0336699740545715,0.12965315610583,0.36534812822445,stable
POLR2M,0.0336372975387241,0.274872208556447,0.556480577311378,stable
RARG,0.0336237471581775,0.047374776112069,0.19644140542535,stable
VAC14,0.0336200546580463,0.555293566090366,0.791777505177724,stable
PLEKHA4,0.0335235411257838,0.00149920233429064,0.018643183453071,stable
CD320,0.0335154245585449,0.59756377032554,0.81835307287244,stable
PREPL,0.0334179752815351,0.579269766488496,0.807754638501076,stable
TNFSF13,0.033405901298443,0.274022178012937,0.555866595277353,stable
ORC2,0.0333778624026157,0.370753803483643,0.651069457518179,stable
RABGGTA,0.033360325891847,0.377449747119959,0.657913262340565,stable
GHDC,0.0333447983145022,0.176383879172606,0.437178903799404,stable
LRRCC1,0.033320364990121,0.183301625012307,0.446441064957916,stable
FAUP4,0.0333155809590215,0.111889187836557,0.33440915210613,stable
ZNF268,0.0332991972315739,0.276600898155084,0.557580702349562,stable
LRRC27,0.0332920947673232,0.339808836765832,0.620591764569186,stable
HOOK3,0.0332429295797687,0.881532993149362,0.957595656394998,stable
ADISSP,0.0332291514079312,0.148434870156971,0.395476871735786,stable
RNASEH2A,0.0332274693315958,0.115080832295456,0.340508185495,stable
B3GNT9,0.0332155137910141,0.00613272922266869,0.0516186592498772,stable
MDFIC,0.0332091440221259,0.0345251298092795,0.161629131109697,stable
EPHB4,0.0331753525307829,0.000732178689508785,0.0107573945920137,stable
SPG20,0.0331654970424558,0.383011420808193,0.66219242507646,stable
BPGM,0.033144157937998,0.571598923129342,0.802483661000698,stable
HNRNPR,0.033142387049848,0.619351460498085,0.830087234689641,stable
C17orf62,0.0331210081591191,0.584317671352848,0.810473075526747,stable
DNMBP,0.033102619124691,0.0953713192958785,0.303836071689554,stable
NUP98,0.0330702448331361,0.632057699867976,0.838445287377769,stable
VMA21,0.0330563467750189,0.633972558435397,0.839470247135143,stable
DAK,0.0330331736653858,0.311950991034876,0.595448722826565,stable
ERGIC2,0.0330180422059339,0.0606213605323109,0.22871466393425,stable
KLHL8,0.033017277782539,0.240822795506624,0.517913063383704,stable
ALG3,0.032979463633848,0.579545830121717,0.807795692976952,stable
ALG13,0.0329412552999106,0.596963573310502,0.818275723296654,stable
NEDD8,0.0329105369941523,0.89246607285877,0.961652449637532,stable
CYP39A1,0.0329020996994593,0.397701998439752,0.672627654117546,stable
SORBS1,0.0328938084097787,0.344478132922868,0.624075792201696,stable
HMGCS1,0.0328903239517616,0.320075694835088,0.602256725525628,stable
SEC24D,0.032866874151742,0.415963482233901,0.688335942443104,stable
STX8,0.0328633256664231,0.535208751567376,0.777258479291007,stable
FKBP1B,0.032845683371636,0.173954842563084,0.434007777937426,stable
POLR3GL,0.0328422771535383,0.5334381371801,0.775725409099398,stable
ME2,0.0328221143519825,0.306697097672039,0.590403987707559,stable
SLC2A10,0.0328022590599104,1.99170114077558e-06,7.49124761379715e-05,stable
BET1L,0.0327752366809527,0.0996400340098302,0.313190994018042,stable
PLS1,0.0327608017901991,0.686459226096768,0.870554785746124,stable
GTF2IRD2B,0.0327423825300699,0.0710091280589217,0.252129696198067,stable
DHX16,0.0327234121400028,0.376523747732087,0.657330233115829,stable
H2AJ,0.0326738866366481,0.725251032882621,0.888654211511024,stable
CDIPT,0.0326730490927288,0.139497828601262,0.381327311212685,stable
ABCB7,0.0326637965335767,0.0385989453409073,0.173531999943822,stable
RIPK3,0.0326561367693137,0.0594569149597489,0.225799615411936,stable
TCEAL1,0.032570968165684,0.305114189626344,0.588376061522705,stable
LYAR,0.0325674164658716,0.220131143856836,0.494011951993017,stable
CRAMP1L,0.0325535817964375,0.50597527358149,0.757970801992663,stable
MUC15,0.0325517367709825,0.485524130774132,0.744890359267356,stable
HDAC10,0.03249334376429,0.394433279055955,0.670498178720623,stable
SNAPC2,0.0324909388265467,0.347431844165677,0.627605565698424,stable
MXD1,0.0324839823451526,0.317707464689648,0.600867378612358,stable
AACS,0.0324812642655372,0.116053604137419,0.342749276872627,stable
SLC37A1,0.0324651601952364,0.402765712857678,0.677153138765792,stable
FAM117B,0.0324533600366636,0.179924983970451,0.442091056091417,stable
ZNF641,0.0324357638744419,0.202922022605842,0.474468019191624,stable
RHNO1,0.0324126995468624,6.33515502558381e-06,0.000201521968123743,stable
PDLIM4,0.0323574684087548,0.0996386389987854,0.313190994018042,stable
ESRP2,0.0323420113350708,0.0103411132989428,0.0725968277379199,stable
CEP152,0.03234193397241,0.0288954909078587,0.145344456213656,stable
FAM98A,0.0323413896251185,0.0963531414427999,0.305695137867546,stable
SPMIP4,0.0322699714510938,0.0022418401216988,0.0252109049196377,stable
RILPL2,0.0322338275064056,0.309912269188009,0.59295156965945,stable
NR1D1,0.0322200572056411,0.294982954854726,0.57716910920292,stable
VCF1,0.0321889715861084,0.0823920357259624,0.276616381410097,stable
UBLCP1,0.0321363510623819,0.605331075156639,0.822396609460654,stable
GSTA1,0.0321209619602139,0.147303150829381,0.393753272630297,stable
AGAP10,0.0320941269026657,0.14634328211956,0.392560956907944,stable
NAA35,0.0320733983668862,0.531465357210055,0.774433823972907,stable
TULP4,0.0320285952349948,0.116624105451866,0.343372654732213,stable
TNFRSF14-AS1,0.0320154158898689,1.93417827803698e-05,0.000524243797577031,stable
LRP11,0.0320129866718005,0.424115394475414,0.693972321895068,stable
FUT10,0.032006312794156,0.250913317625149,0.531007774913623,stable
TTLL12,0.0319617949966696,0.352075951007158,0.632621011374859,stable
TOP3B,0.031953682808543,0.110956973911456,0.333144023623834,stable
SNED1,0.0319442100329401,0.0395644200110118,0.175867443714403,stable
TERF2IP,0.0319287780279364,0.747029960311194,0.900333750866363,stable
HMGN4,0.0319161586399612,0.23942304612161,0.516356266018094,stable
SMS,0.0318950596661546,0.734914575708191,0.893816398556622,stable
RUVBL1,0.0318908389889059,0.490623682737876,0.747058283232161,stable
SLC6A14,0.0318756718807765,0.20258494846922,0.473976151439988,stable
DAXX,0.0318677378558043,0.600369377851239,0.819743130444437,stable
NADSYN1,0.0318583278901786,0.549694155364726,0.787652251222414,stable
CRIM1,0.0318503083683044,0.0100498861521824,0.0713413521046908,stable
PRELID1,0.0318397301718079,0.855730470767363,0.94673267034666,stable
COA1,0.0318279911401392,0.722821060164312,0.887392250622531,stable
ITGAE,0.0317846887307026,0.363595690126732,0.644672743576032,stable
GPR116,0.031750413195651,0.939185650375096,0.978050338217809,stable
SNAPC5,0.0317142692315031,0.515872331045479,0.764781250539107,stable
PDK4,0.0317103417916728,0.209184864966259,0.481701120689049,stable
SLC25A39,0.0317018321228448,0.613610493082897,0.82598553765503,stable
CFAP119,0.0316837146864516,0.310798048302841,0.593995519458089,stable
ETV3,0.0316666396553693,0.526626893914601,0.771772809803131,stable
SSNA1,0.0316451828280301,0.0638419591472885,0.235700425435353,stable
ATP5B,0.0316426603194357,0.154861588241817,0.404752630889026,stable
ATP6V0A1,0.0316257470257115,0.688368607357858,0.871529555291814,stable
CYP4V2,0.031595656574885,0.382757404169063,0.662071874431743,stable
RNF32-DT,0.0315939385227258,0.267773700525656,0.549138381912848,stable
TBC1D22A-DT,0.0315913546957722,0.167053950900023,0.424193497258388,stable
TIMM10,0.0315500417159558,0.494865216432235,0.749677631963312,stable
SMIM15,0.0315211413342055,0.687819540063381,0.871285601837801,stable
ACN9,0.0315185353265347,0.015532340117638,0.0956966901325133,stable
NPDC1,0.0315119785564052,0.0425163537197856,0.183646610555003,stable
GLMN,0.0314747191906648,0.0886988304588805,0.290194062888502,stable
AARSD1,0.0313896797716739,0.449596229622794,0.71570052232179,stable
DDX43,0.0313476259698287,0.153102027306505,0.401613558325046,stable
RASSF9,0.0313109772980426,0.122981715828884,0.355564922964114,stable
TM2D2,0.0313039450657697,0.392856258611275,0.669493225326116,stable
COG1,0.0312800782806677,0.00941293648608004,0.0682413914784616,stable
ATP5C1,0.0312785933499674,0.0734743916747134,0.25678896063136,stable
MAP4K4,0.0312666983477601,0.123824314838021,0.356527585682461,stable
C1orf35,0.0312381068237961,0.633346876049647,0.839386108399163,stable
PSMG3,0.0312369423613456,0.391781856857885,0.668773181701107,stable
TMEM91,0.0311962280544161,0.113688398757188,0.337886454268872,stable
SERPINI1,0.0311698757520642,0.179745762342162,0.441739485096621,stable
ZSCAN9,0.0311594407266179,0.045351790550407,0.190836587844467,stable
XAF1,0.0311593936454341,0.54734648705263,0.785946606100241,stable
TMEM220,0.0311420807830875,0.153085374013434,0.401613558325046,stable
RNF11,0.0311228736964435,0.817600693979876,0.933615215619804,stable
PPA2,0.0311097496251349,0.239020906515061,0.515853029879963,stable
IDNK,0.0311039452379441,0.259146802385832,0.539293583991218,stable
PRSS16,0.0311014784169488,0.239822726208032,0.516853491743121,stable
SGPP2,0.0310734272320762,0.0393199429445477,0.175561127000678,stable
GRSF1,0.031052522261228,0.79701039376081,0.923710862100529,stable
MSRA,0.0310522274797863,0.412389774681319,0.685298070378526,stable
DPH1,0.0310521378169859,0.243634653173253,0.52139180679094,stable
ARF1,0.0310172376057567,0.651899091625969,0.849808643146492,stable
ECE2,0.0310150722340871,0.035515166300558,0.164758023855036,stable
TRIM62,0.0310113713899922,0.0299240977612481,0.148244872908099,stable
SP110,0.030994656877104,0.0381410878600759,0.172086953266106,stable
ATG10,0.0309861899260688,0.0325525483253069,0.15645174245854,stable
CENPV,0.0309630357672279,0.0107665759328203,0.0744573823931207,stable
FECH,0.0309600388903463,0.300092114287854,0.582824473051266,stable
CNTROB,0.0309495421650374,0.646419055110781,0.847284843827468,stable
NTHL1,0.0309468761402611,0.259395930035486,0.539472232966391,stable
OLFM1,0.0309231023632747,0.089408079553728,0.291446497190606,stable
TP53BP1,0.030869852413278,0.624354337605287,0.832764806382165,stable
PPIH,0.0308674114811583,0.672334108677664,0.862484221269363,stable
PRPSAP1,0.030863270889311,0.319687589592113,0.602042997253735,stable
R3HCC1,0.0308533321431809,0.0292266478863851,0.146263334078828,stable
PSMD3,0.0308375180203522,0.836919359354926,0.939724252982514,stable
METTL25,0.0307526903753897,0.0912697889613706,0.295351121618072,stable
GTF2A1,0.0307465974816339,0.333866143143864,0.614820479041941,stable
RBM15,0.0307455613950867,0.255679350185543,0.535676894599448,stable
KIAA0020,0.0307380766859709,0.755394191320796,0.904755888174153,stable
DHRSX,0.0307260042390991,0.165053321288551,0.420774097900155,stable
GALNT3,0.0307094041413273,0.351747383059746,0.632418695881334,stable
SRI,0.0306872458285036,0.450755305255809,0.716519226456047,stable
METTL23,0.03067960996858,0.702291692536133,0.877858812139094,stable
RNF149,0.03067757160542,0.522538077316264,0.769671702267021,stable
PLEKHG3,0.0306584237111716,0.0418810465285592,0.182449719445869,stable
PPAPDC1B,0.0306427826423516,0.406216103479626,0.680261336450413,stable
FOXP4,0.030634182477595,0.233351600528168,0.510284430206857,stable
GLRX3,0.0306129416221418,0.441988090394575,0.710155417584554,stable
PLSCR4,0.0306031629178252,0.116326997161219,0.342893950638712,stable
C4orf3,0.0305941902248146,0.0617821958678758,0.231779975466476,stable
MACC1,0.0305891833895221,0.189857526493481,0.45658438006223,stable
ZSCAN16,0.0305773825488363,0.217704542105177,0.491205038678189,stable
C19orf48P,0.0305681718713745,0.262674761044919,0.543364511293153,stable
SPATS2,0.0305645107134634,0.494544704912596,0.749574020192384,stable
LPHN1,0.0305582278511191,0.334150990930078,0.615067265943273,stable
IFI27L1,0.0305572195013475,0.79061240208884,0.920141798423914,stable
SMCO4,0.0304928839065431,0.331734201910669,0.61295639741396,stable
SRRM4,0.030445175849564,0.163698745329562,0.418893335337777,stable
CTSW,0.0304435734964317,0.0425484390562257,0.183720282240658,stable
ZNF763,0.0303521759864637,0.0232028045045751,0.125834552912124,stable
MAILR,0.0303276938193644,0.0218638371732441,0.120483971026171,stable
BCCIP,0.0302839914350297,0.0553928486467194,0.216679098194399,stable
SEPHS2,0.0302522777201257,0.243773570492514,0.521415245091949,stable
GNPTAB,0.0302287537956223,0.470647884419312,0.731866141603062,stable
SMCR8,0.0302167803062764,0.29115027833531,0.573673498488007,stable
TAF9-1,0.0302118598374819,0.0431532065308306,0.184700559045124,stable
CCNT1,0.0301667279348834,0.340319858338609,0.62063428308399,stable
SPTLC1,0.0301480651338481,0.240323431066411,0.517224897106653,stable
GALE,0.0301405815166438,0.573685445066263,0.804349090091737,stable
ALG2,0.0301324428425564,0.00307126921450363,0.0318973618335534,stable
DCAF11,0.0301203217183808,0.0591651401696668,0.22495635254557,stable
NDUFA11,0.0301191430132853,0.0427283517844084,0.183951371678549,stable
CNP,0.0301004707747676,0.430213821283508,0.699381022969923,stable
HDHD3,0.030060541971463,0.610716070676998,0.824631972600864,stable
CXCR4,0.0300581070709398,0.242545643486004,0.520106122259617,stable
ACY1,0.0300200286771701,0.26182255936765,0.542185154279207,stable
DPCR1,0.0299849329440666,0.00043677671612997,0.00726416133057517,stable
TRAPPC4,0.0299604599477753,0.104028431103921,0.320611076337767,stable
ASL,0.0299356054770636,0.109182477021077,0.329841323549932,stable
COG2,0.0299310139039449,0.577839811474301,0.806792348207554,stable
SLC27A4,0.0298807578436965,0.502648220795049,0.755672346697661,stable
CCDC77,0.0298799301660578,0.257570174707507,0.538008687090016,stable
OXLD1,0.0298772319783653,0.776643064123536,0.914084807995966,stable
USP22,0.0298691435317305,0.799499984335028,0.925306552595283,stable
YWHAQ,0.0298395559955158,0.00995179222600724,0.0709340352442141,stable
PVRL4,0.0298348399393379,0.325638292244853,0.606935968977363,stable
VWA5A,0.0298303004049423,0.142422814735006,0.386698886627426,stable
CETN3,0.0298171383247744,0.0680824996556204,0.246079383734567,stable
CHD2,0.0298118775065588,0.86405225374166,0.950074953026825,stable
ACOT1,0.0297906926712809,0.063448639965161,0.235029143919433,stable
PPP1R1C,0.0297900831253383,0.166043906042662,0.42241846149126,stable
PDCD11,0.0297599888286503,0.114356332406011,0.338936677488716,stable
PPP1R11,0.0297366656851256,0.586283707782711,0.811751943509136,stable
FHDC1,0.0297201407631647,0.482402461034443,0.741685211472831,stable
SLC25A4,0.0297099915071271,0.0238031945454663,0.127450832292501,stable
MCL1,0.0296950069813857,0.93134656511705,0.975868798610168,stable
ASMTL,0.0296712753254038,0.457194086659407,0.720198520016056,stable
FZD3,0.0296655538764234,0.302478158934858,0.585014143960126,stable
HOMER2,0.0296604554841137,0.399229838647451,0.673686574768973,stable
RAB8A,0.0296204465200682,0.708705073580192,0.881344661974112,stable
CIITA,0.0296188859308591,0.0420590090378536,0.182927424174085,stable
CIAO1,0.0295642165801468,0.762790165393156,0.908717179784226,stable
GSAP,0.02954036349334,0.882766107010247,0.958342175141497,stable
SSBP4,0.0295215606530409,0.00208282417774593,0.0237987751460861,stable
DCTN1,0.0295171143964117,0.343340730672848,0.622792267657648,stable
CPNE3,0.0295040238461488,0.623266356562082,0.832484582412062,stable
S100A6,0.0294937020976507,0.857373894145203,0.947367208436745,stable
TMED8,0.0294375618047227,0.535005704965298,0.777115936687729,stable
DCAF6,0.0294273678679126,0.802227378459602,0.926363821945207,stable
NHEJ1,0.0294098223664283,0.0290733545423791,0.145772225564414,stable
CENPW,0.0293836424740147,0.0145835473296452,0.0918440404727372,stable
CCDC43,0.0293679226362923,0.56880157354004,0.80104037269049,stable
FNDC3A,0.029337482542079,0.683123065637812,0.868516031726114,stable
CCBL2,0.0293160743861453,0.104151389409135,0.320611076337767,stable
DYRK4,0.0292949832440974,0.66835591472953,0.859625288951437,stable
KIAA1683,0.0292887280913921,0.575090397214285,0.80496530463586,stable
BTAF1,0.0292709069640474,0.467198879716717,0.728913733970281,stable
WFDC3,0.0292633308436362,0.0467378722561962,0.19499104111254,stable
GUCY1B3,0.0292396010820401,0.0421101997827999,0.182927424174085,stable
DNAJC21,0.0292385498528462,0.664272506983056,0.857632776231609,stable
PRNCR1,0.029230442551637,0.0413857179126648,0.181455888007322,stable
CEP15,0.0292282036860836,0.359485471704762,0.640106280966478,stable
E4F1,0.029206870165205,0.614577285487598,0.826661222652803,stable
SLC27A5,0.0292055446496019,0.00412320277954272,0.0396060287180221,stable
S100A2,0.0291833136921328,0.0452542371458596,0.190754412024479,stable
TM7SF3,0.0291770693512435,0.242610086891954,0.520109733806953,stable
GABPB2,0.0291661716514474,0.00057373065004236,0.00895693929261533,stable
COPS3,0.0291615821845063,0.251330703231648,0.531166410149319,stable
H1-3,0.0291507486009154,0.0393782066188396,0.175561304288539,stable
OPLAH,0.0291359056607491,0.000136772902739582,0.00281941309121189,stable
LIPA,0.0291313731277005,0.649055216773824,0.848268581474018,stable
PGS1,0.0290075693740232,0.49016773393839,0.746815553168087,stable
PRKCI,0.0289955328687693,0.434599057769548,0.703647534062908,stable
XPO1,0.0289906820030605,0.702998607755879,0.87797128224157,stable
AMZ2,0.0289762152509327,0.627547235968777,0.83530026774955,stable
TMEM134,0.028958759317015,0.557492246795072,0.79398639459664,stable
DXO,0.0289531634363148,0.276344809131209,0.557457457887431,stable
HSD17B13,0.0288623411006453,0.00153272984207866,0.0189253430197673,stable
LRPPRC,0.0288491335052444,0.191265871391492,0.458168530646601,stable
MBD5,0.0288434362690236,0.271690436025586,0.553616251037967,stable
HNRNPL,0.0288138455112839,0.156021340510981,0.406262472781613,stable
SLC4A7,0.0287952713568635,0.0950101955357132,0.303183396233295,stable
C10orf10,0.0287293838134676,0.294916612810682,0.57716910920292,stable
PYROXD2,0.0287280447054447,0.250172164883642,0.529817141985037,stable
STAP2,0.0287064570030159,0.0855131124014688,0.28359254424398,stable
ADSL,0.0286556015133267,0.573129408720788,0.803893734045084,stable
MPDU1-AS1,0.0286508854138511,0.362907262627339,0.643950991197067,stable
ECSIT,0.0286336412966757,0.00509254942679452,0.044785125318803,stable
LIN52,0.0286312217077929,0.034365206168596,0.161383127239691,stable
PAPLN,0.028629655707687,0.10238778108818,0.317904047757662,stable
FAM118B,0.0285742083042289,0.00897009341479329,0.0659749830941235,stable
MORN4,0.0285417349585908,0.160804553521053,0.413511924726541,stable
FXYD4,0.0284857437835724,0.573717254295636,0.804349090091737,stable
TRNAU1AP,0.0284763697468878,0.705450741600656,0.879615240516512,stable
TMEM260,0.0284620798703801,0.434056514598859,0.70323483558071,stable
N4BP2,0.028457814842779,0.35617811624444,0.636681430362373,stable
FBLIM1,0.0284473259231856,0.264143398950129,0.545139832633708,stable
ING4,0.0284372021108382,0.381292546905381,0.66088272731721,stable
SPEG,0.0284336488164207,0.00432363268521853,0.0409388736979949,stable
CDC42EP1,0.0284326517681705,0.016428857350898,0.0996162461594132,stable
C20orf96,0.0284046622525896,0.00518137003083895,0.0453107008668542,stable
SMPDL3A,0.0284018892929572,0.112048426863959,0.334639621301011,stable
hsa-mir-8072,0.0283801937522688,0.0486692016941793,0.199635650944309,stable
SBF1,0.0283366527651709,0.584137995834597,0.810407769955977,stable
MRRF,0.028324328814713,0.567840095334826,0.800608688047625,stable
RCE1,0.0283195652100375,0.352407844145144,0.632760500415723,stable
C16orf87,0.0282658946745123,0.593384703942751,0.816287938442065,stable
TDP2,0.0282525792957904,0.346062321548715,0.626105827678937,stable
MICALL2,0.0282283890285569,0.0387142319082599,0.173858475696756,stable
KL,0.0282267993143303,0.440522859460672,0.708826041075062,stable
PINX1,0.0282166362928349,0.0402979082478449,0.178125083164667,stable
FAM73B,0.0281426934160766,0.341202004027554,0.621387029222722,stable
SRRM1,0.0281088383955809,0.385221067165641,0.663767253762631,stable
TMEM205,0.0280866165414769,0.906167319915546,0.96637189045661,stable
ADCK4,0.0280774728539611,0.482620547898987,0.741895570613331,stable
ZNF629,0.0280772351242129,0.385982799001352,0.664385475239091,stable
SLFN13,0.0280751030506999,0.0395315954384495,0.175785457489853,stable
NOSIP,0.0280604043971557,0.236071765072307,0.512672118991955,stable
LINC01123,0.0280420769314353,0.130963352145956,0.367599544576847,stable
HS1BP3,0.0280281964206196,0.550707164523903,0.788549183453226,stable
EGFL7,0.0280203117864139,0.0389002189528734,0.174349148645384,stable
SQSTM1,0.0280177767427987,0.924166057578022,0.973771162061825,stable
THOC5,0.0280157298025948,0.0968712129456435,0.30686387434149,stable
ARMCX2,0.0280111699519223,0.50467982833199,0.756977199410325,stable
USP39,0.0280067447692572,0.688780987245316,0.871765414914015,stable
DDT,0.0280054118032865,0.875911799775491,0.955872607055735,stable
ZNF646,0.0279889587951261,0.21430933776869,0.48729861325976,stable
CCDC85B,0.0279181018486352,0.487308905238823,0.745567864680294,stable
ABCF2,0.0278919005823674,0.548737574399065,0.787104721544158,stable
LARS1,0.0278847566266022,0.561703865697203,0.796458421793598,stable
VDR,0.0278841222645298,0.454581405224262,0.718211593312832,stable
TATDN3,0.0278807730238233,0.35816436129908,0.638966893245761,stable
SIGMAR1,0.0278731865446046,0.374972558677515,0.655584313409718,stable
FBXL15,0.0278701494265798,0.454280123247583,0.718019246866587,stable
HSPA2,0.0278613772188926,0.0660830046358524,0.241061966179845,stable
UBQLN4,0.0278555644118896,0.18472392729231,0.448330433774045,stable
RNF207,0.02784558109702,0.453876962955168,0.71795465699777,stable
SLC25A13,0.027831617753412,0.269750636891331,0.551949533074691,stable
NUDT2,0.027824499738926,0.201990591471769,0.473382765383942,stable
SMIM5,0.0278109684332292,0.186027659803093,0.450352674373937,stable
VPS9D1,0.0277907170810219,0.334348912198861,0.615075680783615,stable
NSG1,0.0277880794367772,0.0266991913245962,0.137555771484128,stable
PTGR2,0.0277870745565494,0.46465636457599,0.726895239387881,stable
ARMCX5,0.0277783335514512,0.311766594250444,0.595288167466015,stable
TOM1,0.0277452343946734,0.49450737372392,0.749574020192384,stable
PEX6,0.0277297953787339,0.353315401520352,0.633552511102359,stable
ARHGEF37,0.0277293975059897,0.158922094933879,0.410537550395548,stable
DPYD,0.0276568388850612,0.0101760280934199,0.0718612174546304,stable
JKAMP,0.0276409798165441,0.0237362453939999,0.127393789226097,stable
CPNE1,0.0276196127237173,0.00447393625341605,0.0417077383019403,stable
OBSL1,0.0276021090914061,0.564449592966664,0.798684086633234,stable
FGFR2,0.0275461150884975,0.547509795603958,0.785996446443075,stable
CKMT2-AS1,0.0275434471136749,0.0177034256362135,0.104342659101771,stable
BAHCC1,0.0275213544725325,0.358489191341844,0.639179097191257,stable
AUTS2,0.0275116766891416,0.488303341586011,0.745916163796131,stable
PTGES3,0.0275087296270928,0.138171874104959,0.379567787981774,stable
TAF11,0.0274882258421117,0.489171507097217,0.746241420536177,stable
ZNF608,0.027484838508999,0.351175927322222,0.631864556646773,stable
NELFA,0.0274713143591664,0.0678494476639313,0.245527426952012,stable
CYC1,0.0274551875880819,0.782636007087104,0.917076548181821,stable
ATP6V1B1,0.0274317089192026,0.167047085474018,0.424193497258388,stable
KIF12,0.0274270068187468,0.0696669363971904,0.2493729518358,stable
LRBA,0.0274208191094329,0.595395067253102,0.817587444837306,stable
SORBS2,0.0274113535810236,0.690670793667581,0.872705081575481,stable
SOBP,0.0274054837607615,0.00646645490207197,0.0536632347066719,stable
NEMF,0.0274031708360107,0.219403363962871,0.493178375612015,stable
PDHB,0.027382031383361,0.64176155901518,0.84468731585054,stable
COQ10A,0.0273514666995318,0.0408120383530796,0.179843675857262,stable
IFT81,0.0273113224859088,0.497938710621303,0.75207670931422,stable
AQP5-AS1,0.027310158548151,0.0496671604319138,0.202444604574763,stable
DDAH1,0.0272962953119106,0.695958147524097,0.874951787258026,stable
ZNF692,0.0272903874446031,0.615915773370151,0.827812469892988,stable
AMBRA1,0.0272801869088745,0.505164477231099,0.757313045091115,stable
PANX2,0.0272767542644993,0.0165861615818721,0.100206835096108,stable
EDN3,0.0272729695248816,0.228461706804235,0.50395128396384,stable
ATM,0.0272704567019311,0.00577458850520362,0.0492936940555929,stable
MYL5,0.0272484687987225,0.338629733583552,0.619486660180387,stable
SNRPN,0.0272405020931685,0.256830411649125,0.537033005815756,stable
TNKS,0.0272174866960869,0.674125665419728,0.863242419242694,stable
REV3L,0.0272082449935719,0.734766160545736,0.893816398556622,stable
TPD52L1,0.0271597100327008,0.0494171352617858,0.201653422293609,stable
YEATS4,0.0271359787721575,0.455471137972848,0.718781201985554,stable
CCDC71,0.0270887243430957,0.410980658014891,0.683821754263527,stable
CBLN3,0.0270862174245504,0.0236937047918682,0.12736668750035,stable
SNHG9,0.0270791608635157,0.393346715348715,0.66976880462776,stable
STK38,0.0270684075329206,0.671843093391761,0.862125758305782,stable
ETS2,0.0270503271448917,0.801021497486813,0.92596930751406,stable
CAPN7,0.0270342895592905,0.809150848860641,0.929960509258412,stable
S1PR4,0.0269941409989369,0.441862071395025,0.710046268007465,stable
ZC3H7B,0.0269848976078397,0.769028239345811,0.910547965388189,stable
ARV1,0.0269809417843803,0.677213758638445,0.864750964754659,stable
DNAJC28,0.0269666533987378,0.0783791141726935,0.267403374727046,stable
DUSP22,0.026966238202395,0.047275969135694,0.196431491065508,stable
ETV1,0.0269590237090111,0.000109419193376262,0.00234656178917795,stable
PCDH17,0.0269005183677125,0.0353050707591964,0.164094747133238,stable
FAM200A,0.0268803272979447,0.40344715694605,0.67752961210448,stable
PDDC1,0.0268214876588996,0.777476693140007,0.914382538995076,stable
GABRB3,0.0268193669244823,0.196290706585352,0.465371915690331,stable
PPP1R12B,0.0267959651792096,0.588160373207509,0.812799061294214,stable
GPC5,0.0267837567086924,0.252455476990175,0.531979960477141,stable
MAPKAPK3,0.0267701931667804,0.248604408309341,0.528052178483647,stable
AKAP9,0.0267637606647448,0.934448586956609,0.977057150778723,stable
MZF1,0.0267612527801966,0.0584287637583527,0.223505409533515,stable
BTN3A1,0.0267524274554521,0.278511049977651,0.559953795218224,stable
BAIAP3,0.0266819270068988,0.103831774872276,0.320434136843904,stable
COASY,0.0266676653445718,0.753148213269388,0.903467747568899,stable
OGFOD3,0.0266662743461806,0.0348218059179283,0.162466318908685,stable
KRAS,0.0266486445231363,0.879272526627333,0.957279352263137,stable
DLG3,0.0266478319573804,0.383576989722494,0.662305962745515,stable
TCEAL3,0.0266192169445684,0.425092043439401,0.694603012832942,stable
IFI35,0.0266111874694581,0.233094769568309,0.510284430206857,stable
HMGB2,0.0265808043176037,0.220327729812441,0.494090289713315,stable
KRT27,0.0265495851389918,0.156478076800725,0.406884920476743,stable
NUTM2A-AS1,0.0265235467350195,0.760784127778737,0.907635770234642,stable
LRP1,0.0265134254489396,0.110670552111272,0.33247403023057,stable
SWAP70,0.0264918453632922,0.685123510432213,0.869582576214657,stable
MED21,0.0264899069784774,0.618539840992319,0.82973744150684,stable
TBP,0.0264858765249424,0.136998156278626,0.377885938735981,stable
FBXO21,0.0264852123055034,0.775745357464835,0.913833816741939,stable
G3BP1,0.0264827075343878,0.245464511015325,0.523845746776661,stable
MIS12,0.0264544988875922,0.412673144335849,0.685523833437575,stable
SLC5A7,0.0264279858529341,0.312592275248168,0.595840943806894,stable
MTSS1L,0.0264080099771476,7.76453102301224e-05,0.00177740874953748,stable
RUFY1,0.0264067153980902,0.794885560043682,0.922959488755479,stable
DPP8,0.0263815497776367,0.211946216848172,0.484720403134154,stable
ZC3H6,0.0263701046717155,0.604330930619218,0.821820146388845,stable
TAF3,0.0263613499892718,0.57813667801577,0.806843561144511,stable
CCP110,0.0263554262948629,0.7021751744282,0.877858812139094,stable
MDP1,0.0263163211812823,0.0118265721266567,0.0792153521513707,stable
ENDOV,0.0262892274183139,0.498223636616629,0.752165707546211,stable
GUSB,0.0262389448168709,0.609763873057039,0.824218924701334,stable
SIRT2,0.0262379098378486,0.753210063438699,0.903467747568899,stable
INVS,0.0261791187890439,0.0773036148545209,0.265065746979429,stable
G6PD,0.0261550230250229,0.413789492622263,0.686590052280742,stable
ADPRH,0.0261527970115226,0.582675467835504,0.809777429376235,stable
SRP72,0.0261384932721097,0.774142831388699,0.913164331843622,stable
SNX1,0.0261379764731952,0.1750255772607,0.435401344940127,stable
GCAT,0.0260958544475481,0.0637755769567676,0.235625319028129,stable
FUT8,0.0260924639436127,0.00753935919159854,0.0593057443745821,stable
DERA,0.0260656553021591,0.189716780952022,0.456335680904667,stable
TAX1BP1,0.0260540204694797,0.926841765858315,0.974466235107503,stable
ATP5SL,0.0260479684810237,0.532467325515973,0.774866736560388,stable
PTRH2,0.0260129013605568,0.671425179018837,0.861860903951094,stable
ARGLU1,0.0259698357954915,0.665907320465556,0.858202539311645,stable
EPT1,0.0259192617837131,0.429726618161595,0.698999092535906,stable
TPMT,0.0259174355318039,0.550993525931826,0.788774430377168,stable
RFC3,0.0258784049029852,0.367783763028143,0.647829985001555,stable
BRD3,0.0258497052161752,0.831414356598597,0.937306012640529,stable
TRA2B,0.0258125216326195,0.897453937137585,0.963421175688929,stable
ELAPOR1,0.0257779913340794,0.000496546308770603,0.00797606054981846,stable
RPN2,0.0257696847696699,0.0174935828707638,0.103705895738224,stable
GUCY1A3,0.0257587598157984,0.0423493655255507,0.183438973032511,stable
BPNT1,0.0257388610990269,0.417880459075502,0.690013606880851,stable
ARMCX1,0.0257379509268773,0.33938153683683,0.620119567457909,stable
FAM211A,0.0257300510691236,0.0256952435234701,0.133659002906765,stable
AK7,0.0257249440349935,0.113881219082084,0.338191425681987,stable
BEST1,0.0257019466499587,0.235475030666905,0.512270292733982,stable
FAM213B,0.0256970505397602,0.205346110519983,0.4768881985464,stable
ILDR1,0.0256937077201678,0.494191762808679,0.749410756552946,stable
SRP68,0.0256780619227723,0.579144435875487,0.807696700985962,stable
SAP30L,0.0256399391916218,0.318066463619604,0.601008800450912,stable
TSPAN4,0.0256387933877593,0.760622453812915,0.907549914632413,stable
PRIM2,0.0256300677484642,0.247740798661151,0.52695032588027,stable
ENSG00000281571,0.0256276204787747,0.00289706668727898,0.0305290889528433,stable
RBBP7,0.0256247289415827,0.882092140121019,0.957780628960679,stable
SHOC2,0.0255916770922037,0.698193133001945,0.876163931610284,stable
C1orf56,0.0255716047067622,0.316345958706987,0.599615385442477,stable
CCDC69,0.0255344055828828,0.090765914584149,0.29445927279104,stable
MFSD10,0.0254927299363572,0.294289817361124,0.576968520837591,stable
SEMA6C,0.0254848918381705,0.0424204375768311,0.183438973032511,stable
KCNQ1,0.0254777146914936,0.0918024655573627,0.295749133887858,stable
WBP1,0.0254610029289608,0.190097677965796,0.456638985283882,stable
NBPF1,0.0254160573115319,0.215367288633081,0.4884414493367,stable
LRRC59,0.025409646577487,0.683146404208654,0.868516031726114,stable
MSRB1,0.0253872383061283,0.438622215288044,0.707350654311484,stable
ZNF138,0.0253713979958491,0.496598007567249,0.75091712574246,stable
WDR4,0.0253599262926975,0.119466979910692,0.348702092270366,stable
ENGASE,0.0253532471638045,0.511430785492667,0.76146007201741,stable
GOLGA6L4,0.0253473202971421,0.29798352089045,0.580120477242995,stable
FAF1,0.0253298248985145,0.613756540213929,0.82609116357356,stable
IGFBP5,0.0252956507237042,0.319291463252169,0.601843871958821,stable
PGM2,0.0252451177891304,0.0759941236561524,0.262267692708302,stable
MYL6B,0.0252416829259931,0.388012312542515,0.666066915955582,stable
TBC1D22B,0.0252244926218633,0.37908005864313,0.659320449147088,stable
ZNF750,0.0251843963386739,0.00377960965727804,0.037250418340804,stable
ANAPC16,0.0251837388370533,0.492949633211374,0.748734631756442,stable
SP2,0.0251739663278674,0.110168679183975,0.33158686143699,stable
LHFP,0.0251719829372917,0.00146120695761894,0.018263592893593,stable
PARP8,0.0251677834052765,0.49192083647721,0.747804513954856,stable
KNSTRN,0.0251589208285344,0.0109242724267356,0.0753602179144561,stable
VAMP5,0.0251423627287861,0.0931864003682967,0.299293367867067,stable
FRG1,0.0251359693357438,0.546751746027706,0.785369370557306,stable
NF2,0.0251270844551561,0.108275269395655,0.328156321217929,stable
C6orf136,0.0251154481515307,0.418500991153584,0.690577750983702,stable
CACHD1,0.0250827337395503,0.0214255789594138,0.11872451368988,stable
FAM154B,0.0250690880750161,0.442717019393826,0.710307297563252,stable
NOB1,0.0250587448834565,0.568554427328626,0.8009221980066,stable
CCDC102A,0.0250506273321314,0.519999217053051,0.767875142456692,stable
ZNF581,0.0250312718443152,0.518766276939111,0.766795522285815,stable
NEK6,0.0250099586461583,0.485625794238072,0.744890359267356,stable
RPA2,0.0250069620882909,0.523405375563736,0.770392210823734,stable
LAS1L,0.0250040817028062,0.213779332263169,0.486782116518849,stable
RBM8A,0.0249945135962792,0.906495276034065,0.96637189045661,stable
GALNT7,0.0249743764847911,0.0386989809849745,0.173853856508757,stable
GOLT1A,0.0249725709091924,0.0695923449820226,0.249178917709503,stable
WDPCP,0.0249684701465309,0.00991190553718123,0.070814221675338,stable
GTF2F2,0.0249431418767245,0.365141269054142,0.646039495284098,stable
DEDD,0.0249362708007183,0.031590323967341,0.153051769162815,stable
MDM4,0.0249021276766181,0.825109411802217,0.935818786487049,stable
LINC00339,0.0248966126044744,0.584384171471696,0.810473350586568,stable
IMPDH1,0.0248742067114998,0.127984289158194,0.363093184292869,stable
NCBP1,0.0248699900396397,0.642954908800103,0.845050998602168,stable
GRB14,0.0248601632089622,0.0332945911864265,0.158178423110329,stable
AHI1-DT,0.0248449538180237,0.174581796530175,0.434906843445049,stable
BLOC1S5,0.0248281970225416,0.35394754307563,0.634313849370547,stable
KCTD1,0.0248093376486101,0.146612734701813,0.392611928116272,stable
SCML1,0.0247888341962006,0.58977872537334,0.813983870268004,stable
RGMB,0.0247781534634894,0.149415894353673,0.396625383839154,stable
ZNF557,0.0247773761321507,0.213667314991894,0.486782116518849,stable
LAT,0.0247754356774236,0.271231682259188,0.553375013386617,stable
MINK1,0.0247482372257071,0.648710426581359,0.847929454077259,stable
USP6NL,0.0247464507300308,0.151192034954766,0.399259329290788,stable
TIMM17A,0.0247283052231421,0.51012404095554,0.760690922069795,stable
NOXO1,0.0247170071579695,0.592543568305683,0.815589751038022,stable
ZNF511,0.024712422470467,0.397264884831273,0.672412898390679,stable
DPH3,0.0246746516579274,0.522756847501182,0.76971569547753,stable
ARHGEF19,0.0246591159285301,0.00251403425555105,0.027487973828136,stable
SNX30,0.0246345159860461,0.634234239378457,0.83969233641961,stable
RNF212,0.0246327663868699,0.244757717634704,0.523076952403944,stable
SIK1B,0.0246303231115828,0.108254692224117,0.328156321217929,stable
RBM4,0.0246185537573449,0.785805492854783,0.918413456798629,stable
TMEM161A,0.0245869116895467,0.71452473934746,0.884222556568471,stable
TM9SF4,0.0245303478511392,0.225998339932822,0.500472671272539,stable
PPAP2A,0.0245084586109242,0.775721427860541,0.913833816741939,stable
WNT7B,0.0244630919146537,0.0947154276503685,0.302614058441742,stable
SLC25A23,0.0244621673460028,0.377422778262378,0.657913262340565,stable
PRKAG1,0.0244379745634967,0.198310582555358,0.467971083406594,stable
DNAAF11,0.0244160840784042,0.239981365925003,0.516921976575724,stable
FAM120A,0.0244038803285553,0.864728174843768,0.950164874839826,stable
PCSK9,0.0243617701069299,0.498766912254806,0.75270700437071,stable
CASC3,0.024340912726418,0.602223877474184,0.820754409761047,stable
UCP2,0.0243067125820343,0.248178605490018,0.527401439201254,stable
FAM46A,0.0242924085530104,0.664381491430955,0.857682896953426,stable
SLC22A15,0.0242639255643236,0.107639256873436,0.327298766961657,stable
USP1,0.02425202527507,0.660309116704802,0.855134934060759,stable
CLDN23,0.024246367981221,3.86809295024222e-05,0.000972912926414833,stable
C11orf54,0.0242452443434655,0.863435310632998,0.950074953026825,stable
GRTP1,0.0241961022997165,0.0218712313242043,0.120483971026171,stable
TMSB4X,0.0241817372574333,0.871802198439676,0.954065360226195,stable
FAM60A,0.0241746288940311,0.253906842298924,0.534209507790369,stable
COG4,0.0241170159423023,0.22976270476984,0.506148730060646,stable
NUDT21,0.0241141887940906,0.408668896398017,0.682082002945024,stable
BRCC3,0.0241115044902502,0.708011659257141,0.880978676990971,stable
PTCHD1,0.0240951038296987,0.0506556185603643,0.204981975162991,stable
CLCN7,0.0240903424616638,0.0156915558396529,0.0964019634554037,stable
ILRUN-AS1,0.0240772972557541,0.0535345650511181,0.211713530632439,stable
MTG2,0.0240713166915693,0.368496106657698,0.648595595073248,stable
CASP7,0.0240569229898741,0.205789765968299,0.477227744004229,stable
MYH15,0.0240372840220339,0.215064594373981,0.488107983963524,stable
BAZ2B,0.0239928941081173,0.717523257289803,0.885496058128456,stable
TRIM26,0.0239896975790951,0.631455912269244,0.837919786319934,stable
LBR,0.0239813099914972,0.701339646430259,0.877788580320475,stable
BATF,0.023976769228698,0.209752146793074,0.481956812480927,stable
SLC4A4,0.0239739254370754,0.427678422257693,0.697007367045485,stable
ACAD10,0.0239635896556912,0.524258288388491,0.77071958114984,stable
ABHD8,0.0239603065630162,0.625548977611338,0.83388339174711,stable
ZNF784,0.0239496719170333,0.323443138430056,0.604803579002162,stable
CNOT3,0.023930045300083,0.479988785190803,0.739556314045662,stable
SMIM10L1,0.0239292717956764,0.778697288456442,0.914671133313235,stable
SGPP1,0.023901866070308,0.131394788610368,0.368472102769704,stable
RSRC2,0.0238984244611595,0.927247182638211,0.974466235107503,stable
COTL1,0.0238741499408842,0.609822801868383,0.824218924701334,stable
UBR5-DT,0.0238436303561635,0.00346366186607588,0.0349050310394984,stable
STOML1,0.0237972226855061,0.367630489800157,0.647818236603304,stable
RNF130,0.0237873084864656,0.789488571182789,0.920056596383028,stable
GPN3,0.0237752587488018,0.544931901888661,0.784448195227159,stable
SRSF8,0.0237578516731074,0.719849835145987,0.885977187947614,stable
LIPE-AS1,0.0237575898226678,0.137888805646479,0.379201970803726,stable
GBE1,0.0237373770812693,0.0718898105359489,0.253543290245655,stable
FAM65B,0.0237266789119592,0.459887667216703,0.722486421289934,stable
PPP2R4,0.0236983194446252,0.442400590244388,0.710307297563252,stable
COX7B,0.0235743136808568,0.527818482233903,0.772328698094211,stable
SFTPC,0.0235541663799266,0.387500722211675,0.665536756821669,stable
TMEM97,0.0235359498798062,0.655822701170357,0.853575031846938,stable
ZHX2,0.0235139653961069,0.000792538778451691,0.0115059311493984,stable
CHIA,0.0235064630190052,0.00766027812472554,0.0599099422883205,stable
XAB2,0.0234956586634704,0.798118510642894,0.924232727747133,stable
TMEM41B,0.0234942087274306,0.768193232368567,0.910451238362745,stable
SOX4,0.0234868312370634,0.47298590327014,0.734058084445728,stable
TRAF7,0.0234682727429349,0.00408296215371953,0.0393923672983958,stable
PEX16,0.0234221333602532,0.767771237064483,0.910389852702304,stable
FUZ,0.0233993298674195,0.589522867488057,0.813983870268004,stable
HECTD1,0.0233927597939257,0.234230130709488,0.511151797926666,stable
PCDHB2,0.0233918199174751,0.019277266696636,0.110198186508659,stable
GOSR1,0.0233695913169421,0.563340352093562,0.797424681586939,stable
ZNF169,0.0233557356079713,0.196341738891663,0.465402640335795,stable
C20orf24,0.0233498954486164,0.279606131872477,0.561048154302226,stable
TMEM107,0.023349090862789,0.586845508632807,0.812228203977291,stable
SDHAF2,0.0233436710554384,0.76276900342598,0.908717179784226,stable
NUDCD2,0.0233349390481452,0.704439565360104,0.879129070644402,stable
CACNA2D2,0.0233195100375597,0.500537291337527,0.754101639227295,stable
FRAS1,0.0232971504662444,0.409310129706736,0.682372405871126,stable
PPM1M,0.02328853532068,0.554110058106707,0.790606963356382,stable
MTHFS,0.0232700193680593,0.778862224039387,0.914671133313235,stable
ARHGAP8,0.0232508246540337,0.362888911346205,0.643950991197067,stable
ADRBK2,0.0232499830690899,0.137339760303564,0.378543682063306,stable
ATP9B,0.0232461256191089,0.433684785072035,0.702912067451678,stable
DHFR,0.0232441218837613,0.319633200384994,0.602033319184308,stable
EAF2,0.0232435499518014,0.0606707035752309,0.228830200710775,stable
SLFNL1,0.0232367555048849,0.378749154761257,0.659320449147088,stable
MCM5,0.0232309490176538,0.377872696448882,0.658322314753866,stable
MAGIX,0.0232249232055919,0.252144809295734,0.531585624853859,stable
SLMO2,0.0232213296683139,0.733951204972044,0.893340588427588,stable
LENG9,0.0231922687004302,0.164961508393552,0.420734446614629,stable
TMEM218,0.0231768609116644,0.477539235183151,0.737329747490063,stable
A4GALT,0.0231632602149843,0.0577509190910342,0.222485734311,stable
MGME1,0.0231577479624604,0.617203310414836,0.828722898342592,stable
METTL25B,0.0231533668419839,0.679052364709466,0.86559677931336,stable
PJA1,0.0231383963464691,0.00728013890869117,0.0581728142379463,stable
CARD8,0.0231232007758735,0.351457865953633,0.632262097633143,stable
PUS10,0.0231206436570652,0.441228894302733,0.709620351448451,stable
CHRAC1,0.0230986171979184,0.759784881835308,0.907134406717153,stable
LSM14A,0.023098483485208,0.782080059165527,0.916688718308506,stable
PLEKHM2,0.0230981042471759,0.237026130018772,0.513393630455739,stable
GLCE,0.0230917092236012,0.0132312452287732,0.0858941803911436,stable
IKBKAP,0.0230781249748775,0.654763637390034,0.852287371255008,stable
SLC39A1,0.023073801149584,0.639081399682975,0.843187375037743,stable
SUPT6H,0.0230699259174931,0.31638737206348,0.599615385442477,stable
WBSCR22,0.0230632035431775,0.148693130262627,0.395651899070605,stable
CHCHD1,0.0230599322083475,0.0715736328315135,0.253093259619002,stable
SF3B4,0.0230527285527298,0.621332171023353,0.831253634517836,stable
GLTPD1,0.0230456364465658,0.618492132897319,0.82973744150684,stable
HDAC5,0.0230426246019388,0.687576417006994,0.8712063627628,stable
ZNF467,0.0230384875044292,0.0744161300711966,0.25852145705985,stable
MTRFR,0.0230261939324397,0.535255389289242,0.777258479291007,stable
TJAP1,0.0229947883861642,0.673443078516124,0.862645918506465,stable
LRCH3,0.0229904378364489,0.679380416011269,0.865820577569723,stable
SOX13,0.022987452403027,0.478736033268291,0.738338287997929,stable
DGKD,0.0229816906856901,0.517246279382069,0.765924920218977,stable
CCDC174,0.0229794509057389,0.597106894352622,0.818275723296654,stable
CH25H,0.0229622153898238,0.179164696142917,0.441020790505641,stable
ZNF582-DT,0.0229420528014545,0.155656474237498,0.40605088186364,stable
EEF1AKNMT,0.0229396421457531,0.600139769381416,0.819743130444437,stable
SNRPB,0.022915862492963,0.0311331653254277,0.152025410674416,stable
EIF1B,0.0228805767673664,0.342593877979053,0.622283331928261,stable
DNM3,0.0228311717009422,0.432623072776001,0.701842659802766,stable
MRE11A,0.0227766290639743,0.510673907880064,0.760813875676526,stable
RABEP2,0.0227681578401672,0.6258282489848,0.833982831744271,stable
PDS5B,0.0227442744597631,0.453948915570661,0.71795465699777,stable
ABT1,0.0227432118294473,0.177954951319003,0.440001433966884,stable
RAC2,0.0227220386948171,0.0979381956916663,0.309193312018318,stable
SLC2A11,0.022716389798831,0.508275164068894,0.759086974076438,stable
TRIM41,0.0227150353381669,0.37576518866194,0.656380918291449,stable
PELI2,0.0227144991111775,0.163769105992484,0.418985674267922,stable
NDUFA9,0.0227084039326267,0.292284546004766,0.57488796959905,stable
USP10,0.0226769373552056,0.598515549781481,0.819006064979712,stable
FGFR1,0.0226752086114021,0.159016429333976,0.410607695855201,stable
AFMID,0.0226646468095624,0.596489520565569,0.818256974457807,stable
DNAH1,0.0226635922403863,0.0197273460414194,0.111590503475387,stable
HIP1R,0.0226442394281577,0.0891248704890806,0.290988893391699,stable
PANX1,0.0226130415632219,0.45738425383322,0.720242265410079,stable
TLE3,0.022580797262011,0.211522897024393,0.484168304757748,stable
ASB16-AS1,0.0225758503333071,0.0703742076026601,0.250876148654103,stable
WRAP53,0.0225694746453856,0.447609680959307,0.713670809428239,stable
KCTD18,0.0225596916087503,0.571092683541122,0.802438991922104,stable
ZNF117,0.022555741812699,0.234902872997229,0.511662993499309,stable
HEATR6,0.0225394025871871,0.679079934032651,0.86559677931336,stable
IGHM,0.0225317922155244,0.0476244649493097,0.197142383860603,stable
GAR1,0.0225298739380119,0.710584054708093,0.882380865210646,stable
NQO2,0.0225223739145891,0.00719443457275286,0.0578446091045058,stable
PHLDB3,0.0225164532507545,0.0110158504576568,0.0757355208067476,stable
SNRPA,0.0224763358112058,0.625749068912631,0.833968231398605,stable
SDCBP2-AS1,0.0224744966977172,0.0311662750627361,0.152025410674416,stable
APEX2,0.0224430324013822,0.00327327769280189,0.0334833025245274,stable
ACTA2,0.0224329670697211,0.664698259409985,0.857729496783243,stable
COQ4,0.0224136221651374,0.592090537777693,0.815400462692856,stable
HSF2,0.0224005284968465,0.0999730506419565,0.313834250397349,stable
UBXN2B,0.0223940870998542,0.535405363008417,0.777352076084883,stable
CEP70,0.0223886851860162,0.188996911021961,0.455051849582912,stable
PHYKPL,0.0223466040141223,0.120335485488691,0.350316974187607,stable
PRR14,0.0223260208553957,0.689077902485418,0.871795516454332,stable
UGDH,0.0223184390493093,0.581187327645374,0.808516432586441,stable
RCN1,0.0223008619763369,0.650746793790254,0.84908900344509,stable
HAT1,0.0222824684036645,0.531776596622348,0.774506984047609,stable
CAMTA1,0.0222821826579169,0.804782917634872,0.92738182363958,stable
PRKAA2,0.0222733791900629,0.010434544273123,0.0729284558002607,stable
CCDC28B,0.0222657167029567,0.312006912099196,0.595448722826565,stable
ACO2,0.0222639217039052,0.173566743089925,0.433438175185137,stable
SIK1,0.0222593024395208,0.332891397161838,0.613927945913799,stable
RSAD2,0.022227508463159,0.416487878210132,0.688923927366801,stable
FAM120AOS,0.0222264202224012,0.734755502333494,0.893816398556622,stable
SMIM1,0.0222237973035674,0.671608648597682,0.861915393223944,stable
LINC00115,0.0222189507047062,0.091362456644338,0.29545361640751,stable
DPP3-DT,0.0221986488793163,0.00112508001058804,0.0150575954302533,stable
RNF31,0.0221926431552229,0.0881277298769895,0.28897550444833,stable
CYP2J2,0.0221883961198616,0.121440044663588,0.35267641850717,stable
SLC25A29,0.0221780624006627,0.464784968213929,0.726985570867648,stable
FANCA,0.0221767230175852,0.0704716463431546,0.251150263818869,stable
ACAD11,0.0220867607135126,0.0121678969142306,0.080916985968615,stable
EXOSC10,0.0220782199793634,0.645942104752751,0.847028136504787,stable
TBC1D30,0.0220756731953392,0.00941780329058939,0.0682413914784616,stable
SLC46A1,0.0220581493050842,0.529633800642192,0.773513860553901,stable
TMEM110,0.0220291942248283,0.194183146283277,0.462908123929361,stable
SYNE4,0.0220256698157735,0.786286957850707,0.918578784015409,stable
MAD2L2,0.0220158642830291,0.422340643624568,0.692748615716087,stable
VWA9,0.0219774064902889,0.694920267357608,0.87439066888105,stable
ABCF3,0.0219709966959446,0.727985197644459,0.889711163367913,stable
MTMR3,0.0219550268765162,0.723103479661404,0.88747157985753,stable
TMED10,0.0219520664178505,0.526966387964018,0.771772809803131,stable
ARHGAP33,0.0219444325787846,0.213883078192305,0.486782116518849,stable
ZDHHC15,0.0219421802531813,0.398011420755702,0.67273657930586,stable
CLDN15,0.0219368198604993,0.419859867958116,0.691468902289065,stable
MDS2,0.021931065238489,0.00328627577569519,0.0335320827062588,stable
PRCC,0.0219228153493682,0.636530183594226,0.841230139176721,stable
ABL2,0.0219028808307501,0.637238656314138,0.841846464366586,stable
ZNF623,0.021886382756785,0.0374784434219104,0.170121237426451,stable
SFXN4,0.0218852144593777,0.45748234412093,0.720242265410079,stable
KCNK5,0.0218778431485215,0.170487302656328,0.428990693221686,stable
FAM47E-STBD1,0.0218261263566585,0.125378674661577,0.359013567360768,stable
SLC38A7,0.021786205515005,0.0039399367718206,0.0384349851806166,stable
COQ7,0.0217811186780341,0.705014660418792,0.879397878465237,stable
SHPK,0.0217712341173584,0.407439657137261,0.681425963722244,stable
UBE2R2,0.0217575218035141,0.268763402157154,0.550404394030666,stable
RP9,0.021710408312874,0.741818965927546,0.897328134182867,stable
RABEP1,0.0216966604705897,0.814728552754427,0.932164154705177,stable
PATL2,0.0216942425795824,0.0962625570523695,0.305560503092227,stable
MIDN,0.0216933752005032,0.620461536115676,0.830816279710595,stable
SCN1B,0.0216655451566761,0.123742475553989,0.356527585682461,stable
TP53RK,0.0216608675359485,0.734507251398273,0.893816398556622,stable
BLOC1S1,0.0216443820371065,0.313368408070615,0.596390381481426,stable
SLC12A9,0.0216226274745743,0.658152607103261,0.854759241287671,stable
PSMF1,0.021619848545216,0.355041090016144,0.635435180725819,stable
EPHA2,0.0216099510437313,0.244407194921971,0.522587642247013,stable
NEK9,0.0216095219865492,0.808012383181562,0.929319829335574,stable
STK16,0.021596230041899,0.0144137767597396,0.0912922316637597,stable
ATP8B1,0.0215960457411245,0.768182136293528,0.910451238362745,stable
MMS22L,0.021589653879516,0.509604056418112,0.760239197663534,stable
CCNG1,0.0215609459980677,0.60306547363912,0.820922097044217,stable
SETDB1,0.0215514297161408,0.143003064985077,0.387341811415934,stable
LAPTM5,0.0215444279576431,0.581619384543917,0.808841337504532,stable
RNF44,0.0215369020347221,0.451015786597945,0.716723039534043,stable
TBC1D8B,0.0215330572177084,0.666211377692656,0.858413395268791,stable
RBAK,0.0215307069911407,0.426751270983973,0.696383331532251,stable
SIPA1L1-AS1,0.0215261350274089,0.174870288778876,0.435270700475051,stable
TSGA10,0.0215177799668661,0.62231954359163,0.832210272493609,stable
TMEM164,0.0214809168430823,0.305019188913152,0.588285668235149,stable
OGG1,0.0214785769739249,0.416037074204411,0.688364536420508,stable
AP3S2,0.0214764101267874,0.582923859843973,0.809777429376235,stable
DTX3,0.0214689054104353,0.067042060961287,0.243357936240048,stable
TVP23C,0.0214534657136982,0.134841618954886,0.374019503087027,stable
HSD17B12,0.0214351334306509,0.00299387619903455,0.0312796091085456,stable
ZFP62,0.021397449132181,0.568490552568474,0.8009221980066,stable
ZBTB8A,0.0213523245752728,0.664659992169843,0.857729496783243,stable
EFNA5,0.0213457948739083,1.40348912422492e-05,0.000399912611993599,stable
RABGAP1,0.0213083342535751,0.689655296992664,0.872074723330746,stable
OCRL,0.0212698591039958,0.695994612748587,0.874951787258026,stable
RAE1,0.0212644078020364,0.196196093227162,0.465371915690331,stable
SLC25A27,0.0212620911895325,0.623703930679341,0.832484582412062,stable
ZNF350,0.0212566877130725,0.0980955953435551,0.309530345245126,stable
PPM1D,0.0212450731516685,0.478925770803225,0.738444578998312,stable
DCTN3,0.02123772236743,0.707524965676824,0.880696618039056,stable
MICALL1,0.0212301812880634,0.0196445579458932,0.111329691223787,stable
MTUS1-DT,0.0212062727166233,0.231545153012884,0.508601003361155,stable
ADAT3,0.0211898851158132,0.332083083352222,0.613107326823374,stable
TMEM138,0.02118532406092,0.677040331339171,0.864750964754659,stable
IRF2BP1,0.021180702577107,0.566992314137668,0.800445598565668,stable
NARFL,0.0211598256503174,0.801035559409891,0.92596930751406,stable
KIF18A,0.0211594710750598,0.163314273858045,0.41825972839739,stable
CCL5,0.0211299221260438,0.23201663133159,0.509186948186239,stable
COA3,0.0211162723456917,0.0439825051292594,0.187005962678284,stable
PIR,0.0211067214904903,0.157960016834411,0.409003017535233,stable
UFL1,0.0211052584804314,0.12439288740676,0.357194892097776,stable
ZNF823,0.0210766066739765,0.346767151706221,0.626946662371847,stable
RQCD1,0.0210229798598364,0.727668731534379,0.889502257427625,stable
WDR12,0.0210138593915741,0.0416524463716801,0.181972660631672,stable
HOOK1,0.0209886221929237,0.618529741985625,0.82973744150684,stable
FAM229A,0.0209788524347556,0.421466685010335,0.692334675097074,stable
SLC31A1,0.0209588240127091,0.481474221866411,0.741158656100618,stable
LCN2,0.0209538355864152,0.017327179091168,0.103069312511162,stable
ZNF687,0.0209496597921864,0.584082682364082,0.810407769955977,stable
IL4R,0.0209446466220551,8.65433843181784e-05,0.00195908579612113,stable
TRIM34,0.0209382851674676,0.157508325445937,0.408439068784711,stable
DR1,0.0209343771457612,0.334751376080291,0.615523589230667,stable
GMDS,0.0209328940105722,0.379840883622254,0.660124189711231,stable
CHSY1,0.0209165129932059,0.426565411250556,0.696172975584352,stable
MAP3K7,0.0209141156904826,0.013962296788496,0.0893777090722652,stable
NEURL4,0.0209010601348021,0.112794305982489,0.335882483880619,stable
PTK2,0.020894331520962,0.645414004087398,0.846696453474019,stable
THNSL1,0.0208819433254838,0.0665321296119681,0.242050223921636,stable
INHBB,0.0208583346029202,0.285840624209891,0.568426190066977,stable
TMEM168,0.0208295587928772,0.402933463652582,0.677153138765792,stable
WDR6,0.0208094019510064,0.900948799527652,0.964898637295907,stable
CLSTN3,0.0208059822498831,0.0302139224924437,0.149226257999043,stable
UNC93B1,0.0208048996967457,0.0313901729318604,0.152501333042928,stable
ANKRD13C-DT,0.0207862127470992,0.266505372964261,0.547600146746012,stable
DCUN1D3,0.0207760432525691,0.00934273143007241,0.0678180219722121,stable
XKR8,0.0207754025266992,0.473238605746856,0.734058084445728,stable
WDFY1,0.0207720324498255,0.493790521971137,0.749174052448204,stable
CXCL1,0.0207269899219228,0.60657058520574,0.82297422995068,stable
ACOXL,0.0207081495669332,0.0896968473965785,0.291998472057463,stable
EML4,0.0206993969227894,0.315944768231706,0.599241093384697,stable
AK3,0.0206895097053061,0.602271519597234,0.820754409761047,stable
GNA15,0.0206683038396177,0.459497452888796,0.721984084132801,stable
CNOT2,0.0206565988425729,0.793287825885563,0.921869986084716,stable
ASH1L-AS1,0.0206476284415698,0.00069395815437524,0.0103450542427841,stable
MPDU1,0.020641889192989,0.343759000942124,0.6233659735227,stable
TMEM56,0.020617093321513,0.727274545881288,0.889287191042599,stable
C12orf23,0.0206161538650278,0.367152930275486,0.64753677964039,stable
NFATC1,0.0205690586813953,0.0789786673924793,0.268923462452832,stable
AK9,0.0205519115114295,0.634719701407972,0.840068904297171,stable
ARL6,0.0205387605846892,0.629936470224275,0.836918368436159,stable
SNRNP200,0.0205098086824222,0.813988350975981,0.932133737998271,stable
RBPJ,0.0205043087160835,0.629888306878072,0.836918368436159,stable
ALPPL2,0.0205033718224524,0.130538262233855,0.366911868831145,stable
ZNF570,0.0204924566440213,0.233707053438978,0.510787595429655,stable
ZSWIM3,0.0204916079063823,0.10356397018931,0.320092533904963,stable
C6orf203,0.020488612017563,0.658643304133327,0.854759241287671,stable
NRBP1,0.0204339363992326,0.279821325451192,0.561387802776197,stable
NUPL2,0.0203995495227808,0.754065621211215,0.903607308468374,stable
MYL12B,0.0203952987315152,0.578820040523253,0.807520677397426,stable
MPV17L2,0.0203859907718295,0.504113982528389,0.756669066616843,stable
ALDH5A1,0.0203796810033715,0.611984337288141,0.825068549576512,stable
CPSF4,0.0203769745939988,0.0045557535966348,0.0422530591542214,stable
SCAF4,0.0203750320861371,0.42531702280952,0.694784883980164,stable
LINC01138,0.0203698988684763,0.0848020882772767,0.282304119580999,stable
NKX2-1-AS1,0.0203560471526261,0.0112732605242256,0.0766877101788891,stable
DCTN6-DT,0.0203471321530837,0.263869758218034,0.54494890014223,stable
TRAM1L1,0.0203215340420524,0.393980842403647,0.670147725764571,stable
MED24,0.0203063044669441,0.00106044581165234,0.0144032106684869,stable
LACE1,0.020291703473132,0.0924975598007297,0.297315322378154,stable
PARP9,0.0202874329889629,0.721989239643605,0.886727264684359,stable
FIBP,0.0202615821953706,0.811667255726956,0.930927053293893,stable
TUSC3,0.0202287118408313,0.288186286981172,0.570892348186762,stable
LRRC49,0.0201849757421398,0.0568660719825962,0.22032673975127,stable
TBC1D25,0.0201844809334535,0.668876727860389,0.859625288951437,stable
CLEC11A,0.0201604615531973,0.0885478008349355,0.289801423669679,stable
BNIP3L,0.020138718080389,0.545089338935913,0.784456331428374,stable
DHCR7-DT,0.0201126070212207,0.0554636530921642,0.216800358460155,stable
GYPC,0.0201090461971261,0.287280532827896,0.570061775343525,stable
B4GALNT3,0.0200938132020461,0.786362487972655,0.918578784015409,stable
PCYT2,0.0200840133143818,0.830778057914345,0.937020758437438,stable
KCTD5,0.020074742636034,0.567069607622602,0.800445598565668,stable
TSSC1,0.0200743973380503,0.52855135765906,0.772663453243763,stable
SHKBP1,0.0200692616422671,0.806796828879752,0.928735263660645,stable
SERP2,0.0200670196450648,0.0225454085496814,0.123088465436045,stable
TCTA,0.0200670064408297,0.587233183062677,0.812286252133597,stable
RAB2B,0.020049730176137,0.771883191666367,0.91199498694468,stable
KCNN4,0.0200494760881426,0.0453452302440859,0.190836587844467,stable
GRN,0.020049289677455,0.960398804200056,0.985198790962606,stable
MAGT1,0.0200352891887858,0.901702634717476,0.965155975877754,stable
GBA2,0.0200032425060087,0.493156612737645,0.748756947531649,stable
COMT,0.01997223751388,0.0851292292885057,0.28307442624732,stable
MEGF6,0.0199457350473812,0.772219566532788,0.912127933258943,stable
TRAPPC2P1,0.0199410502146435,0.558489521371359,0.79448107869702,stable
PIP5KL1,0.0199177313045713,0.411607717328786,0.684463710600882,stable
NUPR2P1,0.0199062775061912,0.0235025447468641,0.126785131061636,stable
VPS25,0.0198818462815938,0.415092306098268,0.687768581333121,stable
ETHE1,0.0198708738551113,0.313533126923875,0.596610981244933,stable
MAP1S,0.0198384005677267,0.142056303578751,0.386262560956717,stable
SORD,0.0198364483672847,0.1426046839999,0.386810895013855,stable
MCUR1,0.0198128052923456,0.897386975307735,0.963421175688929,stable
ACADSB,0.019796239831205,0.436345707529374,0.705727696326948,stable
VCPKMT,0.0197953366109186,0.669373089767446,0.860037745955168,stable
CCNL1,0.0197863648188625,0.888866916203423,0.96095420391533,stable
CREB3L2,0.0197780785813922,0.803197649477976,0.926603252851904,stable
COSMOC,0.019716839848944,0.222996278336747,0.497455606118969,stable
UPRT,0.0196890710525049,0.567537977529179,0.800608688047625,stable
SCFD2,0.0196774043237465,0.00402287957379084,0.0389998240136177,stable
KANSL1-AS1,0.0196664493161156,0.0426867375843234,0.183951371678549,stable
ZNF486,0.0196613462803571,0.0173743024283852,0.103261714672418,stable
CHRFAM7A,0.0196588168967066,0.306351587894392,0.590110590989765,stable
RNF144A,0.0196551832505162,0.35621925126029,0.636681430362373,stable
GPATCH3,0.019647082067097,0.491577243351518,0.747804513954856,stable
PPARG,0.0196085550383157,0.0058424417142156,0.0497686463516178,stable
SMIM10,0.0195966732898651,0.0909418335794706,0.294795272785852,stable
ZNF600,0.0195893816050712,0.758959566054136,0.906599052402916,stable
ZBTB41,0.019583489100804,0.752814213259955,0.90334749611168,stable
SYP,0.0195695531608886,0.57672877951182,0.806259446563642,stable
ZFR,0.0195684587240678,0.681401943853255,0.867019606709919,stable
PTPN12,0.0195637069263168,0.689349978638978,0.871959244503607,stable
IQCG,0.0195477723274796,0.457133163210044,0.720198520016056,stable
SPIDR,0.0195383820686186,0.0295654501263541,0.146999749250379,stable
HYKK,0.0195346371958197,0.406242453868457,0.680261336450413,stable
CALCOCO1,0.0194665536121588,0.818651212138296,0.933952710571231,stable
ATP6V0A2,0.0194532844072685,0.0369054259211405,0.16877363503929,stable
CLCF1,0.0194430733213147,0.318212777126544,0.601008800450912,stable
EMG1,0.0194164635231741,0.089396908173753,0.291446497190606,stable
COMMD10,0.0194080518069027,0.0464507326910501,0.194257186594388,stable
LIN37,0.0193939107711813,0.369948147937351,0.650401878125481,stable
TRMT10B,0.0193917267565004,0.49840787556113,0.752350934904823,stable
CFAP90,0.0193912646855175,0.234176271109429,0.511151797926666,stable
WDR90,0.0193911835839443,0.245419776204469,0.523845746776661,stable
TAF4B,0.0193845498332103,0.308435112823357,0.592257433105988,stable
EIF4G3,0.0193781349116132,0.390728190814709,0.667917983830555,stable
HRASLS5,0.0193678238034953,0.0470361501505543,0.195767756023281,stable
HIVEP3,0.0193641154602865,0.317396179817995,0.600761562257224,stable
TEAD2,0.019359623785131,0.0501243771036565,0.203291435207398,stable
PHACTR3,0.0193588371792313,0.430588176270911,0.699562714877142,stable
RBM7,0.019341610504655,0.145620158501978,0.391177471131047,stable
TAF2,0.0193317712770398,0.437349632269014,0.706514309006854,stable
CAMSAP1,0.0193274025279649,0.653482736366288,0.851254579000587,stable
FBXO16,0.019324651626002,0.0640204152189582,0.236074074098505,stable
GSTZ1,0.0192944166779276,0.0480304948846398,0.198018471996572,stable
FANK1,0.0192906791253427,0.0785871027984549,0.267963387617382,stable
PC,0.0192827959881083,0.169041797205944,0.426142901432348,stable
FLOT1,0.0192780216847697,0.573352056215258,0.804113760345952,stable
NR3C2,0.0192532986586758,0.00133711277873874,0.0170971408026175,stable
APOM,0.0192481840015671,0.00252521637428643,0.0275609329993547,stable
VGLL1,0.0192389880854126,0.487184904747068,0.745546062944595,stable
PDE5A,0.0192336644121094,0.430790978558572,0.699799192279068,stable
CXCL16,0.0192197527659248,0.802140436069696,0.926363821945207,stable
ENPP5,0.0192094813271859,0.691211235558172,0.872958584922316,stable
CCNQ,0.0191999104699373,0.519616217336071,0.767773315691542,stable
TMEM175,0.0191997441620656,0.840234714086677,0.941123400738549,stable
PMM2,0.0191880454150465,0.729117769944243,0.89080575608164,stable
AP2A1,0.0191828146163023,0.569451952084949,0.801345415508665,stable
AXIN2,0.0191760006541405,0.649804600130874,0.848543043691892,stable
GADD45GIP1,0.0191655758602621,0.851965225354867,0.945304793931006,stable
MCM4,0.0191476093677815,0.0583576399669657,0.223505409533515,stable
LRP3,0.0191475631490482,0.00732534613109312,0.0583355251508028,stable
LRWD1,0.0191388066830293,0.200178526709194,0.471066018387701,stable
PPP1R3B,0.0191376321740118,0.276217060016269,0.557457457887431,stable
WDR54,0.0191337530361807,0.596367025428263,0.818181967556851,stable
LIN7B,0.0191196223524532,0.365049319301056,0.645970306765505,stable
SUPT5H,0.0191020657208781,0.0784608250115079,0.267607456735679,stable
AKNA,0.0190846213778351,0.0586575428123266,0.223795270645637,stable
CCR3,0.0190715065996728,0.163038021637686,0.417727263990583,stable
DNAJC27,0.0190520124629199,0.455751949480573,0.719038697786594,stable
TRIM17,0.0190477929958119,0.258559094915697,0.538712523649136,stable
ZNF446,0.0190267732079511,0.603882059333559,0.821415780026364,stable
TMEM50A,0.0189974475622561,0.950625498122841,0.981808013445876,stable
THBD,0.0189916327184292,0.179359455447149,0.441254136077889,stable
NDUFB6,0.0189826238663825,0.615241995383028,0.82736173284512,stable
TARS3,0.0189641885223305,0.747446749099765,0.900333750866363,stable
MTA1,0.0189607366485872,0.626196181809916,0.834382180776587,stable
LIFR,0.0189560097306802,0.68828571967343,0.871514878525793,stable
DDB2,0.0189440452168944,0.0376375612901897,0.170526889996768,stable
LGMN,0.0189341653271094,0.638251859769912,0.842729610480384,stable
NRBF2,0.0189298708179067,0.182268070199079,0.445335326490241,stable
LINC02894,0.0189176774762635,0.107360176848935,0.326785558217476,stable
FAM98C,0.0189098472373601,0.677397719108989,0.864895521034916,stable
TIPARP-AS1,0.0188831803679894,0.195522880057142,0.464271889242134,stable
NAPRT1,0.0188760916556514,0.829022459162952,0.936513822915223,stable
VCP,0.0188691119660536,0.963834099262938,0.986441438635774,stable
PHF7,0.0188577403960454,0.400476419249878,0.675081198291105,stable
ERCC1,0.0188431922961629,0.0819623361678788,0.275691038519719,stable
EFCAB2,0.0188195410504283,0.341498532584935,0.621387029222722,stable
TIMELESS,0.0188112402232842,0.395574078309838,0.671317164134313,stable
GAREM,0.0188044231115087,0.00100722252732362,0.0138030136479864,stable
FPGS,0.0188031659831082,0.715763424075831,0.884323033748025,stable
GOLGA6L10,0.0187922779998314,0.407599665601876,0.68160031632248,stable
OAZ2,0.0187438544378435,0.44575825233009,0.71256033431189,stable
WDR46,0.0187298994343007,0.211887815095545,0.48467751716466,stable
ZNF564,0.0187246963110454,0.179403882224076,0.441254136077889,stable
PKD2L2-DT,0.0187155249003774,0.162823611234106,0.417265371850255,stable
STAU2,0.0187135580759076,0.571443032925873,0.802438991922104,stable
RMND1,0.0186976656190832,0.686922761007673,0.870871585828438,stable
TSPAN10,0.0186833431938486,0.227289252106558,0.502511090206288,stable
DTX2,0.0186789000141364,0.749245264112747,0.901125775207391,stable
WASH9P,0.0186701339651524,0.562001729823232,0.79660356509267,stable
CDC26,0.018650851248488,0.760917160779173,0.907635770234642,stable
CELSR2,0.018624377338718,0.634428622238494,0.839858726255507,stable
ME3,0.0186074081024427,0.504144811113908,0.756669066616843,stable
SPEN,0.0185804256030095,0.629651859202459,0.836918368436159,stable
PDP2,0.0185793261253108,0.454740120682493,0.718243656275597,stable
CREG1,0.0185759534025995,0.141871816507772,0.385987332515247,stable
ZNF331,0.0185705398104991,0.71821516479708,0.885562051087302,stable
ALS2,0.0185463856793985,0.687088071674001,0.870900517227602,stable
TAF9B,0.0185362048098067,0.00623092289839141,0.0521333343668286,stable
GNG7,0.0185328650254548,0.250951563782395,0.531007774913623,stable
YBX3,0.0185209006637314,0.974663806405293,0.990295553154174,stable
SNRNP70,0.0185161511788601,0.680342756269904,0.866664219741904,stable
TMEM116,0.018503556126219,0.432235491229637,0.701399629776989,stable
FN3KRP,0.0184843823551427,0.157776723679336,0.408701561825855,stable
HARS2,0.0184830035712594,0.522339931373553,0.769566496191375,stable
EME2,0.0184762747752976,6.1897498489734e-05,0.00147362507677107,stable
RCBTB2,0.0184756668990873,0.474630734146125,0.735160427547165,stable
THRA,0.0184255075558947,0.236121075746458,0.512672118991955,stable
MAPK8,0.0184224643365805,0.397100176179341,0.672412898390679,stable
AADAT,0.0184127445745521,0.150759645762112,0.398547990872849,stable
WDR31,0.0184102617506783,0.525190351411382,0.771069764070711,stable
NIP7,0.0183949556745408,0.635656459184981,0.840755740865312,stable
PARP3,0.0183942847104947,0.806517094134908,0.928504893454994,stable
LIG4,0.0183941862721212,0.680907859642663,0.866862729033799,stable
CDK16,0.0183841537922,0.300413050353051,0.583042970352632,stable
NAT6,0.0183706277949997,0.597077015376699,0.818275723296654,stable
ANTXR2,0.0183642208442767,0.182071534589182,0.445128487763633,stable
UBE2G2,0.0183580814049729,0.818369486681531,0.933952710571231,stable
C12orf43,0.0183309727601079,0.441149506657622,0.709620351448451,stable
ULK3,0.0183276942763049,0.453561458233087,0.717713302969742,stable
TMEM53,0.0183229309417543,0.717228544046114,0.885496058128456,stable
ANKEF1,0.018301630657693,0.661895080043009,0.85628166562025,stable
CCDC90B,0.0182971674190202,0.860318714859014,0.948689739517514,stable
SAP130,0.018284129753627,0.018096533613428,0.105792456666927,stable
PDHX,0.0182787198390584,0.74503454696119,0.899402772414854,stable
TBCD,0.0182633319169202,0.881598923432967,0.957595656394998,stable
PRKX,0.0182299203191076,0.0439373980854202,0.186879176825392,stable
NDRG3,0.018219965012726,0.692983925892396,0.873639512428346,stable
CARS2,0.0182132475552859,0.702321740789209,0.877858812139094,stable
AK2,0.018203049550535,0.241417283917002,0.518826455450323,stable
C20orf112,0.018201870031054,0.0529229657872901,0.210178795901181,stable
RELL1,0.0181773021938765,0.261678189081058,0.542161506002524,stable
GLTSCR1L,0.0181746774965271,0.74185194077651,0.897328134182867,stable
RHOT1,0.0181610930724011,0.879179678048568,0.957279352263137,stable
SNX11,0.0181534572950887,0.15731445163296,0.408109477241362,stable
CMAS,0.0181445106126887,0.550657467453435,0.788549183453226,stable
POP4,0.0181431543364282,0.801695027266983,0.92635598953697,stable
TNFSF9,0.0181197345048737,0.317520615256073,0.600761562257224,stable
VRK1,0.0181064854725039,0.295540881777395,0.577568623316847,stable
DTYMK,0.0180922148345901,0.188385330012035,0.454116007506825,stable
EFCAB11,0.0180648616757247,0.00401264431345754,0.038959939704293,stable
GON4L,0.0180636111944367,0.157242782505611,0.408010140808446,stable
BRI3BP,0.0180600579413977,0.0769795589725431,0.264399586648038,stable
KIAA1377,0.0180087829901369,0.408325970339741,0.681975223586965,stable
ACSF2,0.0180060990651775,0.872439155736844,0.954506062805619,stable
AVIL,0.017999551442669,0.0185322475442503,0.107332111032563,stable
ZNF69,0.0179871519185942,0.765918660554599,0.909951660675258,stable
KDM1B,0.0179777822828267,0.437036624033589,0.706377851670844,stable
HNRNPA0,0.0179689057409632,0.74525938169094,0.899402772414854,stable
HLA-DMB,0.0179592657443516,0.254222058262535,0.534324826178832,stable
SNHG10,0.0179312763420418,0.589750355118616,0.813983870268004,stable
SMC5,0.0179186694657875,0.87053206800806,0.953427155756343,stable
OAS2,0.0179157131486867,0.358562464383683,0.639210670063605,stable
BAG5,0.0179156267258027,0.656501280656977,0.854003581435659,stable
CAPN1-AS1,0.017890282955822,0.390508782294838,0.667917983830555,stable
PTPN20A,0.017876900704083,0.048130680859627,0.198217422025746,stable
NCDN,0.0178706085655722,0.229224235682218,0.505137969690803,stable
CASTOR3P,0.0178536536641877,4.4157241149749e-06,0.000147078505671535,stable
ERAP1,0.0178266854212165,0.814511523554101,0.932164154705177,stable
TNNI3,0.0178183243619512,0.0518809672869214,0.207932112824697,stable
POLA2,0.0177912182267741,0.00435177336364036,0.0410788548182429,stable
NMB,0.0177746696945893,0.207750415628273,0.479792382512754,stable
LINC03011,0.0177468110141771,0.200195350582797,0.471066018387701,stable
PROM2,0.0177374810929432,0.136815550583853,0.377657856291245,stable
NDUFA12,0.0177337603581621,0.0731791072077913,0.256432464987112,stable
TPRKB,0.0177172797763995,0.730788321276511,0.891276459635537,stable
SCRN2,0.0177104035500701,0.669219402634059,0.859932511068931,stable
HPS4,0.0176469104223602,0.891084771300118,0.961652449637532,stable
TOX,0.0176457481614381,0.439362843541822,0.708171334316355,stable
SPRYD4,0.0176398581763276,0.699793682047556,0.876590090704604,stable
CNIH3,0.0175261353267718,0.234025563966281,0.511151797926666,stable
PEX11A,0.0175160331409273,0.729755304434026,0.89080575608164,stable
FGFBP1,0.0174953351088984,0.215371352415315,0.4884414493367,stable
TAPBPL,0.0174745517065713,0.0110627668610548,0.0759053294556866,stable
AIM1,0.0174387082878232,0.0333962422944619,0.158476578341421,stable
CNOT6L,0.0174229256466721,0.363103821281844,0.644057758942205,stable
KPTN,0.0174196153487267,0.00474050538117742,0.0430199983515314,stable
TRAPPC6A,0.0174170033021515,0.775816108831608,0.913833816741939,stable
ZGPAT,0.0174056477945129,0.603451653727677,0.821172549834924,stable
ZNF239,0.0174051835000818,0.0473559035984851,0.19644140542535,stable
ZNF765,0.0173765234463378,0.0358586407642089,0.165659873281062,stable
PACS2,0.0173737194405754,0.817880503406041,0.933760275860227,stable
SFPQ,0.0173727415200612,0.924252261329123,0.973771162061825,stable
TBRG1,0.0173651219247674,0.803076473158633,0.926550902113367,stable
CBLC,0.017356450800537,0.348712895791021,0.628990178272015,stable
NACC1,0.0173515944298381,0.853808730718795,0.945839960805358,stable
POM121C,0.0173490528968333,0.804160473423995,0.9269266975139,stable
C2orf68,0.0173161714157303,0.836069501262123,0.939558745217603,stable
PSAT1,0.0173067842357692,0.063151884559645,0.234355991759897,stable
RBM12B,0.017304333447386,0.842101314825942,0.941855471536939,stable
IMP3,0.0172783965027286,0.641322300341762,0.844685249367277,stable
CERS6,0.0172693387817897,0.0179585477225561,0.105287907606967,stable
FBXL16,0.017257881089192,0.018469874425075,0.107155075924118,stable
TMSB15B,0.0172513514451417,0.309546258794645,0.592893795434542,stable
SIRT7,0.0172341847355314,0.440143971823017,0.708496169550244,stable
PPARA,0.0172139022495168,0.397375911732181,0.672507703864624,stable
MSH5,0.017204660864147,0.0184662870856673,0.107155075924118,stable
GLOD5,0.0171907737318518,0.064544352881543,0.237005157592064,stable
DCAF4,0.017180621259737,0.559506572635501,0.794849504145506,stable
ZNF30,0.0171654463857408,0.00243982134694797,0.026933616494555,stable
GTF2H4,0.0171577397021615,0.541479510417662,0.781930955150089,stable
ERCC8,0.0171372225924325,0.172030464593098,0.431275717634544,stable
TCF7L2,0.0171277341071593,0.711115094336855,0.882751397841644,stable
CCDC92,0.0171115676764311,0.328432133169468,0.610330555771295,stable
EVPLL,0.017103576712122,0.664660307407527,0.857729496783243,stable
SLC41A1,0.0170855976532478,0.476947373621871,0.736974427399033,stable
GATSL3,0.0170777903715766,0.0707950882409308,0.25178910638846,stable
SENP8,0.0170773513088301,0.381038423487456,0.660862954874224,stable
C19orf81,0.0170768216671838,0.00994793664236383,0.0709340352442141,stable
ACTR3B,0.0170700106077181,0.210477047605451,0.482624541348534,stable
KIAA1958,0.0170434397170925,0.446415349765531,0.713051252519777,stable
TMEM54,0.0170392434633871,0.165514170793633,0.421597254382449,stable
POF1B,0.0170253055461261,4.25717581163132e-06,0.000143117055775919,stable
PAK1,0.0170229291136403,0.084754444557073,0.282304119580999,stable
DIMT1,0.0170181052463556,0.00290205565467447,0.0305553215527483,stable
POP7,0.0170160392774731,0.561453425425849,0.796253120441214,stable
PRDX5,0.0170055894827441,0.357129638298305,0.637493092663329,stable
PDE4C,0.0169836463971974,0.474166760625192,0.734937904231877,stable
RAB30-AS1,0.0169833118250178,0.724463108948694,0.888248449728068,stable
THAP2,0.016974495857812,0.0777317506733121,0.266085947978316,stable
LMNA,0.0169686056046832,0.129314723568735,0.365067709215755,stable
BRD7,0.016956410096349,0.127151873390914,0.362224306765445,stable
NDUFAF2,0.0169541930579046,0.273081941383896,0.555330836507495,stable
FBXL12,0.0169490248006751,0.274552920208242,0.556388411244288,stable
CDK5RAP1,0.0169481725303425,0.788931181690589,0.919801494323818,stable
SPSB3,0.0169481468818872,0.79036508559053,0.920135505357966,stable
SDCCAG8,0.0169375945106934,0.40140786151052,0.676235302181493,stable
PHF3,0.0169325440331032,0.323903782083457,0.60531052561368,stable
BCL9,0.0169112371636619,0.275471492458125,0.55684793503027,stable
CEBPA,0.0169031219640697,0.493157832026683,0.748756947531649,stable
RAD51B,0.0169020309864482,0.0120012051615131,0.0800779104226727,stable
COG3,0.0168661905262168,0.820861364682068,0.934544968042619,stable
OSBPL5,0.0168512086187247,0.000180074925147689,0.00356764324960349,stable
CENPB,0.016825103761626,0.0719390388223512,0.253570591281552,stable
HSD17B1,0.0168062035387814,0.388149460393015,0.666115260963669,stable
EFCAB10,0.0167935073213057,0.278324134245936,0.559854240089242,stable
RBL2,0.0167907737395971,0.71794861061458,0.885501343573063,stable
ELMOD3,0.0167874938504515,0.800235623699965,0.92563212188762,stable
KIN,0.0167767451573196,0.392124339982836,0.668817129081668,stable
TPCN1,0.0167701827956909,0.656958060882902,0.854325035769425,stable
MAGOHB,0.0167678001466982,0.81021705308804,0.930362273094961,stable
RGS1,0.0167673105288494,0.240793633412236,0.517913063383704,stable
CD82,0.0167637118203268,0.63856949930969,0.84287588376651,stable
IFT46,0.0167609080912038,0.133982219057037,0.372738431426614,stable
PIH1D2,0.0167448580890573,0.263223384651937,0.5440721430479,stable
TTC40,0.0167243803664166,0.257028297438785,0.537262980145642,stable
HNRNPH3,0.0167207981663967,0.922506564164855,0.972969822290871,stable
GFM2,0.0167073633269612,0.0199204089037601,0.11231876311788,stable
ZNF837,0.016707015552781,0.05804409452872,0.22291266463056,stable
ACOT11,0.0167028824300935,0.0498454708820639,0.20283323437495,stable
SLC16A12,0.0166931876675101,0.320096690587369,0.602256725525628,stable
CMPK2,0.0166888878688684,0.0936695824069188,0.300450531446386,stable
BTBD9,0.0166820643509429,0.622388920643077,0.83221200677543,stable
NR4A2,0.0166796282444847,0.42069006551045,0.691978843661484,stable
GUCD1,0.0166705637610076,0.625736796243977,0.833968231398605,stable
PRDM4,0.0166629980973557,0.799959230460714,0.92556698204243,stable
PACRGL,0.01666076560992,0.552860778446474,0.789874959762704,stable
CAPN15,0.0166345626918607,0.544525477205965,0.784448195227159,stable
PIN4,0.0166193378774956,0.935609088150843,0.977337184141583,stable
SLC31A2,0.0166175180599748,0.696556538779929,0.875278282282675,stable
TSTD2,0.0166021976673482,0.726081337965879,0.888777278617642,stable
TMEM44-AS1,0.0165810233980219,0.624934034208995,0.833336275135896,stable
NICN1,0.0165764521120403,0.0861813011430707,0.284451357768987,stable
TXNDC12,0.0165743462446029,0.459264823942979,0.721786218549624,stable
ZNF502,0.0165699108461782,0.363963157674888,0.644672743576032,stable
GLUD1,0.0165693938118751,0.307907133251935,0.591615340595985,stable
ITSN2,0.0165642236268589,0.279982843386123,0.561429332290573,stable
NGDN,0.0165542872726194,0.886061228002091,0.959533349672002,stable
PGAP6,0.016506868010607,0.903193349847056,0.965596948445899,stable
ACP3,0.0165059482397648,0.100911400846178,0.315322332296442,stable
MTM1,0.0165043114982162,0.567776183425938,0.800608688047625,stable
TARS2,0.0164853595128444,0.517966250478629,0.766151224379454,stable
SRPRB,0.0164774671314728,0.884529746259024,0.959035006877988,stable
ZNF699,0.0164737898056979,0.12373272820323,0.356527585682461,stable
LTB4R,0.01647090581134,0.281583337049369,0.562614369416718,stable
PCM1,0.016456983102206,0.912266460101786,0.968066494032688,stable
CCSER1,0.0164566231341133,0.536344858923836,0.7779164161705,stable
CASP8,0.016455435976941,0.0114731296395043,0.0774848269134256,stable
RCAN2,0.0164532652731466,0.382058993340143,0.661607753873057,stable
UBE2D4,0.0164404400286828,0.682591907203999,0.868172247805814,stable
EFNA4,0.0164308982020589,0.000132930068449375,0.00275413077411043,stable
PELI1,0.0164191102024065,0.850726600700831,0.944726375738379,stable
RNF126,0.0164176495134455,0.784356703181394,0.917868875037064,stable
OLA1,0.0164086028239839,0.220120377848909,0.494011951993017,stable
PINLYP,0.0163880971507787,0.0147355789517744,0.0925155198287061,stable
USO1,0.0163827287167733,0.22045286123885,0.49412819248399,stable
ATP6AP1-DT,0.0163740326831024,0.0609048220946392,0.229430060180237,stable
TNRC6C,0.0163738251976479,0.132103636060636,0.369781279414979,stable
RRP15,0.0163722024073376,0.365772851650391,0.646241655969526,stable
USF1,0.0163695344370651,0.143827025269087,0.388367916255647,stable
MITD1,0.0163642036330966,0.438074201532868,0.706936849277219,stable
IKBKB,0.0163568349450931,0.837455423288363,0.940041790108076,stable
PROCR,0.0163251702359642,0.0103645774416264,0.0726471299578219,stable
PRKACA,0.0163248710586136,0.699392784384457,0.876409779222512,stable
ACD,0.0163110782657767,0.720737148034241,0.886067471996831,stable
MIOS,0.0162975819692815,0.0859177315539468,0.284073511950252,stable
CES1,0.0162918259604854,0.0567487625352083,0.220107001718541,stable
FH,0.0162893354289196,0.386822116328003,0.664957607930461,stable
USP30-AS1,0.0162789139940705,0.162786027730832,0.417256532392889,stable
MAN2B2,0.016260021617502,0.515893614323339,0.764781250539107,stable
EOLA2-DT,0.0162506349486587,0.223048419645552,0.497455606118969,stable
ZNF107,0.0162490902851051,0.0425977774227781,0.183788279132968,stable
SLC37A4,0.0162436741575273,0.280336070256878,0.561486642581062,stable
ABRACL,0.0162317885367598,0.235188329037611,0.512193503323668,stable
BLTP3B,0.0162186563163197,0.814425081517833,0.932164154705177,stable
HRSP12,0.0162171789653931,0.427625143228461,0.697007367045485,stable
TAGAP-AS1,0.0161989387049238,0.213587248797658,0.486782116518849,stable
CDKN2AIPNL,0.0161924922421172,0.356970146479415,0.637310643606104,stable
PIK3R3,0.0161887888573092,0.35973677244482,0.640183768578465,stable
ENOX2,0.0161801463795772,0.0179822331052494,0.105376230814271,stable
ZNF181,0.0161695859827834,0.647952270928831,0.847580833510842,stable
ZNF622,0.0161409491618807,0.898456139114487,0.963881176203082,stable
ICAM3,0.0161389196285622,0.240293509468094,0.517224897106653,stable
PLEKHB1,0.0161338786721236,0.46396832780299,0.726004715701964,stable
HAUS5,0.016130524771843,0.251914349916632,0.531585624853859,stable
GATD3,0.0160989811098107,0.279105393603912,0.560553514989362,stable
ADCK5,0.0160872676284173,0.620530245763296,0.830817275379028,stable
EIF2A,0.0160747866543256,0.495544498218404,0.750066362830829,stable
EPB41L4A-AS1,0.0160589515737103,0.119529457147784,0.348801165952377,stable
FAM173A,0.0160164113422164,0.604699174765551,0.821958118418445,stable
DNAJC10,0.0160113879063972,0.910269804734223,0.967596159570772,stable
CD53,0.0159932084863838,0.537208750755996,0.778378505279642,stable
RPUSD2,0.0159765068350412,0.46059600778102,0.722948844262351,stable
TIMM21,0.0159638750432387,0.0132003924852792,0.0857850067730212,stable
FAM83E,0.0159494037738328,0.766115397830741,0.909951660675258,stable
HECTD2,0.0159338398562237,0.04580180593276,0.192099509075573,stable
RNF217,0.0159271467391728,0.299929023483934,0.582704587558942,stable
METTL8,0.0159067069204649,0.675462717304724,0.863959009765925,stable
CLCN5,0.0158953601855598,0.467554546102932,0.729189432452442,stable
BEND5,0.0158771901526719,0.269597060302781,0.551834304276825,stable
MED17,0.0158508868274939,0.857910316440653,0.947367208436745,stable
C1orf27,0.0158402203193372,0.774711901637247,0.913306807369439,stable
HOXD-AS1,0.0158398457433707,0.075218486212441,0.260325814116897,stable
TTC39B,0.0158328611763262,0.723863516922499,0.887956854192317,stable
DDX20,0.0158262151414764,0.826801284989868,0.93590577110693,stable
RETN,0.015825942470945,0.404591242410599,0.678705001677942,stable
INTS6-AS1,0.0158154807610123,0.0627933329225003,0.234114701781782,stable
TOPORS,0.0158022461790791,0.748271244689387,0.90078962654438,stable
QNG1,0.015794789786676,0.810164029274922,0.930362273094961,stable
FGFBP3,0.0157873424850497,0.21262815136366,0.485734726643502,stable
ELOF1,0.0157821981880477,0.92298010953385,0.973217360384869,stable
TMEM38B,0.0157739221870318,0.10407407964728,0.320611076337767,stable
GPM6B,0.015773340299411,0.470955658815478,0.732071821156161,stable
GRK6,0.0157724062330924,0.0903388737049136,0.293307408278583,stable
IQCE,0.0157709160863996,0.314614690340081,0.597924436367716,stable
ACTR3,0.0157609601722981,0.688243798961452,0.871514878525793,stable
PRKAB2,0.0157501325436311,0.806230797612329,0.928483555073326,stable
RHPN1,0.0157377422411977,0.58713203925611,0.812286252133597,stable
ZC3H4,0.01572332211177,0.708591623708186,0.881341474176726,stable
TPST2,0.01572272357016,0.867231038184469,0.951726722493959,stable
NOP56,0.015721227436106,0.907572302548122,0.966643184311949,stable
GTPBP3,0.0157065856401676,0.811502543132463,0.930825475016537,stable
PCID2,0.0157056940674214,0.913064360096315,0.968190383224962,stable
KIF2A,0.0156827295454113,0.780750208119114,0.915920397701348,stable
BCKDHA,0.0156790011141584,0.395225994216805,0.671099118392309,stable
CREM,0.0156408198431926,0.530500431148821,0.773845876216077,stable
SLC2A13,0.0156324709702596,0.228437245248522,0.50395128396384,stable
STK32A,0.0156302741264755,0.757728279313287,0.906068965738157,stable
EHMT2,0.0156088218676343,0.832372956407256,0.938040658165603,stable
ANKDD1B,0.0156038825126703,0.0138966364092429,0.0890316999300763,stable
CNOT7,0.0156001561851618,0.558452937663272,0.79448107869702,stable
GMCL1,0.0155860946848918,0.000506012591811718,0.00808561819909339,stable
PFKFB2,0.0155310373261337,0.018676276493642,0.10761189899298,stable
PITPNM1,0.0155080848607903,0.632918992418833,0.83913251229152,stable
TRIB2,0.0155030001411466,0.0594608116828389,0.225799615411936,stable
XKRX,0.0154956711456545,0.563108572278771,0.797424681586939,stable
PPP1R37,0.0154910333555529,0.724726387712156,0.888393036842498,stable
CA11,0.0154783737241834,0.00618674401940517,0.0518702050022008,stable
CEP97,0.0154647624735913,0.72383389845722,0.887956854192317,stable
TCAIM,0.0154498729693593,0.148465589364817,0.395476871735786,stable
DUOX2,0.015444399134184,0.480009800035854,0.739556314045662,stable
TRABD-AS1,0.0154192924574562,0.471480824226483,0.732322947311884,stable
TRAF6,0.0153913040043042,0.694179903977624,0.874103660725478,stable
EHMT1,0.0153628360086267,0.631159181186094,0.837707907797917,stable
HDHD2,0.0153334117444788,0.253966065263661,0.534242158283083,stable
RABIF,0.0153284300675434,0.0795184534475216,0.270084349803419,stable
KDM5C,0.015322563138989,0.906673863560013,0.96637189045661,stable
PLCG1,0.0153200944816536,0.871620222289416,0.953951615835421,stable
MRNIP-DT,0.0153181472453526,0.00753071024333318,0.0593057443745821,stable
OSBPL2,0.0153145182246102,0.796677310624529,0.923710862100529,stable
NYAP2,0.0152900970457454,0.608190108700644,0.823711625771496,stable
UHMK1,0.0152777414440385,0.0128929296386159,0.084144779446044,stable
TIMM17B,0.0152712834102521,0.96416903704354,0.986441438635774,stable
PLEKHN1,0.0152529280736182,0.392160802246171,0.668817129081668,stable
KDM3B,0.015249602705772,0.862218103463859,0.949356340906342,stable
WIBG,0.0152419216753755,0.0219863693574733,0.120954716033193,stable
SGSM1,0.0152383447504464,0.0605117775495658,0.228371710023431,stable
H2AC25,0.0152266016989516,0.122510195509319,0.354621034787098,stable
CBFA2T2,0.0152249038797424,0.802825286625189,0.926550902113367,stable
ATP6V1F,0.0152154358760411,0.973236087440897,0.989443745888316,stable
SREK1,0.01518542475197,0.884456530014717,0.959035006877988,stable
IQCH-AS1,0.0151850930096294,0.559380288899667,0.794849504145506,stable
NUDT17,0.0151522309597318,0.247145116135537,0.526406478390864,stable
C15orf61,0.0151316169033804,0.84151576605106,0.941727220633964,stable
TRMT44,0.0151292074315827,0.563186940081999,0.797424681586939,stable
EFS,0.0151159034594872,0.0309578762542132,0.151312251831258,stable
SLC43A2,0.0151150521136703,0.00596648996002156,0.0506137219093015,stable
NOC2L,0.0151132462677109,0.91954035347851,0.971349920577368,stable
RAB35,0.0151116792137591,0.850380168165299,0.944679526855665,stable
RTN2,0.0151023039486943,0.474481561607971,0.735160427547165,stable
ZNF251,0.0150858723763077,0.333923481773351,0.614820479041941,stable
GSDMD,0.0150855619461069,0.0741429324071025,0.257936320065542,stable
NMNAT3,0.0150832700600028,0.151858395605039,0.400068324973276,stable
SPSB2,0.0150447911227492,0.0941090009913188,0.30114880317222,stable
COPB2,0.0150424820677704,0.0306664759328098,0.15060948244382,stable
EDC4,0.0150292469294659,0.409401114582693,0.682372405871126,stable
ARAF,0.0149855730684949,0.934694458155668,0.977133108461485,stable
F2RL1,0.0149444277500539,0.756198750626216,0.905301949705956,stable
LINC00467,0.0149334062023812,0.325191087753795,0.606328472649722,stable
ACOT2,0.0149319808536533,0.0460167231446556,0.192837992362108,stable
RAP1GDS1,0.0149212868135762,0.549817067882793,0.787736033497335,stable
PATL1,0.0149208391807114,0.841123012137623,0.941564807726218,stable
SLC9A5,0.0149166785867995,0.3375520703148,0.618440723550377,stable
EEIG1,0.014909522491712,0.489287886634986,0.746325820592222,stable
C4orf29,0.0149023386202364,0.745251393492704,0.899402772414854,stable
SLC25A40,0.014860290018053,0.00804007647730201,0.0614633908740623,stable
TMEM140,0.0148420732887245,0.24795965027717,0.527324071849013,stable
POLR1E,0.0148231062888018,0.0159116420127453,0.0973493052871865,stable
EDNRB,0.0147938190554839,0.156097512294439,0.406262472781613,stable
C17orf75,0.0147900667371195,0.594612002133267,0.817132065106821,stable
TRIM3,0.0147870079433059,0.787451043838058,0.919027039207824,stable
FRAT1,0.0147524716551894,0.561827882608869,0.796541873928417,stable
ZNF614,0.0147327104415902,0.509989075560496,0.760627923334737,stable
PIDD,0.0147326075115942,0.720073900708405,0.885977187947614,stable
AMOT,0.0147302885678421,0.6479732684576,0.847580833510842,stable
GOLT1B,0.0147292374625257,0.693251249227336,0.873639512428346,stable
RHBDL1,0.0146956980570318,0.179375365227228,0.441254136077889,stable
EDEM2,0.0146941034082943,0.00393422193882218,0.0384120838499699,stable
TPTEP1,0.0146836187203887,0.337698626486039,0.618560241318467,stable
IREB2,0.0146831029349262,0.721444394428201,0.88641434088756,stable
C2orf49,0.0146618354792099,0.502504807744633,0.7555496641907,stable
ARHGEF3,0.0146519045250372,0.680331321980124,0.866664219741904,stable
PNPO,0.0146415947020515,0.0465936934891722,0.194559365766123,stable
PPP6R1,0.0146377709503159,0.11188021351002,0.33440915210613,stable
KLHL22,0.0146322270409905,0.736891605639858,0.894659033678724,stable
PDP1,0.0146287006508804,0.621043581776918,0.831049451958516,stable
SEMA4C,0.0146006371643316,0.647267599400076,0.84742536350458,stable
ARL5A,0.0145863029770723,0.939754247350393,0.978064239181509,stable
TYROBP,0.0145816775591008,0.766575230250331,0.909951660675258,stable
FCN3,0.0145687532743304,0.733644666092791,0.893301134768601,stable
SERINC1,0.0145652549882589,0.127020810860963,0.362019676373144,stable
STX16,0.0145634313089518,0.44324942541181,0.710594226391339,stable
CCPG1,0.0145615317299296,0.592191600517504,0.815400462692856,stable
CD36,0.0145595603088907,0.0231157802551406,0.125473933320976,stable
GPATCH4,0.0145444167149142,0.242671734340755,0.520150671678308,stable
C9orf156,0.0145417341337754,0.77970490306512,0.9150453854712,stable
UNC119,0.0145392747437483,0.842690114317314,0.941855471536939,stable
DUSP2,0.0145339752190924,0.207027490929726,0.478989863976608,stable
TBCK,0.0145313172716445,0.458276502921821,0.720974513734407,stable
CENPJ,0.0145210910534306,0.0122617633509676,0.0812840537973039,stable
COQ5,0.0145096909985548,0.255549148997484,0.535676894599448,stable
ANKHD1,0.01450477829094,0.102527257722543,0.318175475603037,stable
EBLN2,0.0145043554848455,0.0183407449340283,0.106720890480651,stable
ARHGAP4,0.0144934059217214,0.223340857922836,0.497731675057621,stable
ZNF419,0.0144657645459593,0.45152423458083,0.716723039534043,stable
LTC4S,0.0144585724724845,0.405847634497325,0.679972791131483,stable
RAF1,0.0144217506469932,0.802477483834679,0.926416185439346,stable
MAPK8IP1,0.0144207761210761,0.172992172123892,0.432710520164202,stable
FABP3,0.0144164970910579,0.0789657902128358,0.268923462452832,stable
CAPN12,0.0144077102124071,0.0106795207245666,0.074089932654428,stable
ADRB1,0.0144029878269538,0.925403730291744,0.973976694581732,stable
RNF121,0.0143979071057151,0.609259453819962,0.824057889673116,stable
DDR1,0.014392080527783,0.819619431858527,0.934088004385478,stable
LYPLA1,0.0143843056642787,0.782836774806726,0.917135972324843,stable
CIBAR2,0.0143454868900802,0.082660374683644,0.277212735290224,stable
OSBPL6,0.0143332136287142,0.294087488378136,0.57675685190668,stable
MLEC,0.0143159587500671,0.947511187055268,0.980561187317429,stable
UBE2T,0.014296717885386,0.590236285568382,0.814431465717112,stable
DIDO1,0.0142873341354254,0.751317326089092,0.902791997848526,stable
ARFIP2,0.0142861690893065,0.469759158625637,0.731228314661885,stable
POLR1HASP,0.014282776378898,0.45279816168667,0.717379572619152,stable
TMEM55A,0.0142664280781885,0.0015718283410797,0.0193494759731704,stable
MBOAT1,0.0142602187686113,0.0954772764589585,0.304015167344181,stable
FAM3B,0.0142249340721097,0.892819492390076,0.961652449637532,stable
PHKA1,0.0142109252026985,0.206404693757584,0.47822042769005,stable
SH3BGRL,0.014190819119024,0.270299725595499,0.552166283931741,stable
DUS4L,0.01417640395535,0.460563825164663,0.722948844262351,stable
TTYH3,0.0141756554488361,0.457441744774035,0.720242265410079,stable
CHDH,0.0141602676716409,0.00175963520825167,0.0211710440803823,stable
ARRB2,0.0141593527899199,0.184774928448433,0.448330433774045,stable
FAH,0.0141455122515908,0.171314266465399,0.430186029842447,stable
GTPBP2,0.0141449875766002,0.051482084844178,0.207148454619892,stable
COPS5,0.0141429135306775,0.933003707722278,0.976590883484143,stable
RAD51D,0.0141383792012524,0.0330361270105593,0.157378650263865,stable
KTI12,0.0141348417130217,0.592891810161191,0.815977199663409,stable
SPATA6,0.0141094660475264,0.716791907800821,0.885146406804448,stable
TSHZ1,0.0140982117570424,0.492660946884106,0.74857519138736,stable
FABP6,0.0140884662748529,0.308287049123452,0.592066125449345,stable
PLIN3,0.0140883084978791,0.698959913749715,0.876355325282287,stable
THOC1,0.0140857153859886,0.526638475035791,0.771772809803131,stable
SFXN5,0.0140718444760966,0.0196607854726467,0.111329691223787,stable
C4orf19,0.0140677153945648,0.114348251546759,0.338936677488716,stable
CCNG2,0.014061202805723,0.707943413817055,0.880978676990971,stable
WDHD1,0.0140357684227269,0.0717365601936284,0.253221978575487,stable
CHMP6,0.014021830322173,0.247480909259676,0.526838767426041,stable
ABCA1,0.0140201015666829,0.977734432007439,0.992217468325685,stable
ZKSCAN4,0.0140125183085773,0.00926946785088517,0.0674964669214656,stable
CBX8,0.0140072351045141,0.225689488325538,0.499980006778905,stable
PEX19,0.0139980722566786,0.874975875324905,0.955701506332611,stable
RRM1,0.0139913169572283,0.414035259923418,0.6868018804227,stable
SOCS2,0.0139864165703116,0.702625471889158,0.877940689806099,stable
PTPDC1,0.0139849426144609,0.873127170939344,0.954656467042105,stable
MYO1G,0.0139827528714401,0.393516425663081,0.66987115823778,stable
UTP11L,0.013978843804046,0.680924077567289,0.866862729033799,stable
RFXAP,0.0139480557130324,0.309456740610518,0.592893795434542,stable
PPP2R3A,0.0139479649187734,0.70896544750104,0.881500206920002,stable
PDSS1,0.0139198071831836,0.245119614613799,0.523469980614794,stable
PCNA,0.013915751033514,0.86680757737629,0.951495674016502,stable
TOLLIP-DT,0.0139134155058625,0.581023953648571,0.808388188758653,stable
TSPYL4,0.0139092430261643,0.674739946816559,0.863667131925195,stable
ZNF317,0.0139042151606543,0.782749220424417,0.917121294974415,stable
LPL,0.013898332580373,0.424876909993851,0.694530001038358,stable
TMEM198,0.0138697990173907,0.0375018983245855,0.170164515634645,stable
C1QTNF9B-AS1,0.0138590015628488,0.0088782986936498,0.0654968758184521,stable
BBS1,0.0138569496784231,0.598439262254156,0.819001516098836,stable
PRMT1,0.0138545174067857,0.350261779527225,0.630842106109999,stable
RNF7,0.0138459060466585,0.955542579588431,0.983330677390333,stable
LSM2,0.0138453928869536,0.7484866705533,0.900896126510786,stable
UBE2F,0.013845154312634,0.332443214470968,0.61350353547312,stable
ZSCAN26,0.0138386316608861,0.0607153650252495,0.228928014209947,stable
TNFAIP3,0.0138264369426584,0.86168866874021,0.949200890932714,stable
PPP4C,0.0138248963175135,0.220688891083322,0.494169222147665,stable
NOS3,0.0137973381359911,0.000276145751532673,0.00507609874697052,stable
GM2A,0.0137945385931142,0.849616180057198,0.944584646204564,stable
ICAM4-AS1,0.0137911207613846,0.0710252281766175,0.252129696198067,stable
C14orf64,0.0137800524607138,0.0011845581181275,0.0156710372683881,stable
ARHGEF17-AS1,0.0137790508030494,0.00342122824041177,0.0345914756085968,stable
KDM4A,0.0137780699240669,0.26456756586973,0.545636699683847,stable
PML,0.013768173476458,0.687076756393241,0.870900517227602,stable
XRCC4,0.0137586595312506,0.711169483470591,0.882751397841644,stable
AIFM1,0.013755529193926,0.646809225812222,0.84742536350458,stable
ZFP14,0.0137544397912986,0.78920253373042,0.920008185712561,stable
PKNOX1,0.0137451505746603,0.778033211818825,0.914534160241108,stable
KLRB1,0.0137357250454418,0.33989380430225,0.620591764569186,stable
GPX7,0.0137355582048635,0.666388220261962,0.858550759325698,stable
DHX58,0.0137349757669068,0.751871525591994,0.902916592497534,stable
METTL6,0.0137219003854942,0.189429151210418,0.45600274604099,stable
CTBS,0.0137175065494742,0.826133062533579,0.93590577110693,stable
DHX9,0.0137127733663654,0.83677759451485,0.939724252982514,stable
PTPRC,0.013709249309822,0.00582510159084831,0.0496555382472313,stable
FAM50B,0.0136883163634521,0.823259038855796,0.93516169120241,stable
PIGN,0.0136723123639877,0.496253621131666,0.750709190712722,stable
CAPZA1,0.0136716189906467,0.36616781319836,0.646430345478151,stable
SPAG8,0.0136667241542386,0.0762811544491319,0.262739034090219,stable
NT5DC1,0.0136589962462338,0.69086772532771,0.872705081575481,stable
ZCCHC4,0.0136531530910985,0.00116006046526168,0.015396937163256,stable
LARS2,0.0136452863575946,0.261328140414558,0.541803797223126,stable
MLST8,0.0136330925104513,0.252696800744533,0.532396706704787,stable
PITPNC1,0.0136298617089798,0.449999537186604,0.716000623212277,stable
GEM,0.0136236076658578,0.397866355797992,0.672685799899676,stable
AKIP1,0.0136091106410364,0.422278567646757,0.692748615716087,stable
EMC2,0.0135973161939262,0.528107881313424,0.772569499901304,stable
ANAPC10,0.0135971960002694,0.726793291563376,0.888794742518853,stable
HDAC1,0.0135965732425641,0.844206889760426,0.941945441098819,stable
HYOU1,0.0135811680554356,0.0937325894789215,0.300573760175849,stable
NINL,0.0135774531915335,0.857557150416481,0.947367208436745,stable
ODF2,0.0135726497790582,0.782057236731008,0.916688718308506,stable
ZNF652,0.0135476897151367,0.849962163880052,0.944679526855665,stable
SLC7A2,0.0135390240954971,0.0364483956049511,0.167561183856684,stable
CEP44,0.01351090322269,0.646131384076557,0.847094598772183,stable
EIF4E,0.0135008196531893,0.258793906989881,0.53897429304107,stable
RNF114,0.013500574874537,0.691988831594705,0.873489413198438,stable
TMEM185A,0.0134998997173895,0.589775518483338,0.813983870268004,stable
HNRNPLL,0.013495213910371,0.884465830894588,0.959035006877988,stable
ALMS1,0.0134676462846012,0.0262163585285836,0.135791850276867,stable
SLC19A1,0.0134631595407488,0.963893512939094,0.986441438635774,stable
ASAP1,0.0134592043696897,0.546934512841183,0.7855395940513,stable
PCSK2,0.0134527201614132,0.0316019850594687,0.153051769162815,stable
NLRC5,0.0134473789301152,0.567787087463238,0.800608688047625,stable
RSPH4A,0.0134429721628773,0.291026896134848,0.573673498488007,stable
TJP3,0.0134273331661285,0.139283685371151,0.381151504360185,stable
STK36,0.0134187670121919,0.00247183028760323,0.0271723502119262,stable
NBDY,0.0134060175266876,0.114115730537854,0.33868648595535,stable
INCENP,0.0133842467996196,0.138818090556161,0.380254360225633,stable
PAPOLG,0.0133675546315016,0.778585543153835,0.914671133313235,stable
TAF1B,0.0133644472654773,0.321013460493012,0.602807641241152,stable
IFFO2,0.0133572313080226,0.15682973459927,0.407370734326705,stable
PAIP2B,0.0133572099226969,0.412078752601765,0.68494780232838,stable
TCEAL2,0.0133464541393334,0.0491208804019973,0.200820616064888,stable
SP5,0.0133395491356268,0.00949549128894635,0.0686009961678961,stable
CLPTM1,0.0132981542577033,0.819280000031054,0.933952710571231,stable
TLE4,0.0132782720425365,0.390952413995118,0.66792485096804,stable
KLHDC2,0.0132701480026893,0.322592507256059,0.604105248577171,stable
KAT6A,0.0132679633561233,0.723526932553175,0.887813011797833,stable
H4C8,0.013262695455578,0.74703655840602,0.900333750866363,stable
CCDC59,0.0132393734428668,0.883318099648158,0.958730961433017,stable
ZNF232,0.0132321716446808,0.0259716136596641,0.134924354175832,stable
RAD18,0.0132167240101321,0.775716637123137,0.913833816741939,stable
HAUS2,0.0132027566084256,0.735146439061541,0.893816398556622,stable
C4orf27,0.0132020702857711,0.927417905207236,0.974466235107503,stable
DCPS,0.0131886414174176,0.279902325445431,0.561429332290573,stable
THOC2,0.0131875408731663,0.788254819321886,0.919517789043872,stable
ATP13A2,0.0131679782492409,0.909341890423337,0.967191701426525,stable
LAGE3,0.0131624106953882,0.876060780278513,0.955901720800191,stable
ATXN7L1,0.0131336591809219,0.478240780001395,0.738040057409045,stable
B4GAT1-DT,0.0131310109814466,0.333209639753053,0.614166863139524,stable
DGCR6L,0.0131272271750604,0.000457717160426362,0.00752768790052527,stable
PRPF4,0.0130968950363013,0.507421549999059,0.758666156427512,stable
VCF2,0.0130872113728037,0.879619224001653,0.957281275272343,stable
PCGF3,0.0130848713239513,0.902725065794431,0.965518523429094,stable
GPBP1L1,0.0130768170418485,0.709007692607777,0.881500206920002,stable
AKT1S1,0.0130727460025619,0.91987289149966,0.971533283712791,stable
MFSD8,0.0130706474751006,0.589179495513173,0.8136161492491,stable
LMLN,0.0130705873924774,0.251672277998497,0.531337120251057,stable
ZNF577,0.0130696237846258,0.300962883576597,0.583315409678187,stable
USP34-DT,0.0130587383029417,0.611265613831824,0.824703660807809,stable
GIPR,0.0130581828088589,0.0213245456252613,0.118325576814886,stable
HIF3A,0.0130570324250185,0.271638014742153,0.553601715939993,stable
PIP5K1A,0.0130388930512154,0.000961887309886535,0.01327617233659,stable
GPR37,0.0130297359888638,0.421857623801503,0.69246509914725,stable
TMEM141,0.0130282318608949,0.628328041376823,0.835765177126255,stable
TEN1,0.0130198066055625,0.158451280381476,0.409840975747602,stable
TRAPPC11,0.0130063184073647,0.673074089602601,0.86259108150795,stable
CUL5,0.0129994604011996,0.749008815332339,0.901125775207391,stable
SEPT1,0.012993344528458,0.204643678169379,0.47585397031434,stable
NKX2-8,0.0129799998282059,0.342535440674397,0.622283331928261,stable
ALKBH2,0.0129767314584393,0.849235232938225,0.944246997220016,stable
GLT8D2,0.012954448265814,0.263103397059902,0.544008106505454,stable
SMIM6,0.0129541534661842,0.0950515637149318,0.303212503875607,stable
CHAMP1,0.012945117153017,0.457516458680404,0.720242265410079,stable
HYI,0.0129433739538143,0.527323846029704,0.771976849564922,stable
VPS72,0.0129293750800487,0.431880725397361,0.700917417320411,stable
DHX8,0.0129088415808732,0.703831908278652,0.878894406379778,stable
FAM135A,0.0128612857230933,0.366090959716543,0.646409922226639,stable
LUM,0.0128441266587577,0.424456549126728,0.694121318598678,stable
RTP4,0.0128273311977106,0.752737299943899,0.90334749611168,stable
DNAJC11,0.0128234078210485,0.691160523589394,0.872958584922316,stable
DIRAS3,0.0128171182602596,0.324246974523965,0.605776404796109,stable
SPAG1,0.0128154585225587,0.108246124749956,0.328156321217929,stable
ABHD17C,0.0127972231133282,0.418189076659087,0.690336701293812,stable
SBNO2,0.0127970117851274,0.884710434208492,0.959035006877988,stable
ATIC,0.0127857117578039,0.0403054630262983,0.178125083164667,stable
AMMECR1,0.0127703970835798,0.00460074027512249,0.0424769253195599,stable
GPATCH2L,0.0127282133913322,0.02712861914592,0.13885832459626,stable
ENTHD2,0.0127277179608762,0.35462224859087,0.635057481215176,stable
LRRC46,0.0127078748776724,0.015041175677812,0.0937599854592424,stable
CCDC115,0.0127073419001326,0.710440065431664,0.882380865210646,stable
HSPBP1,0.0126906770784339,0.0628381571381302,0.234149857188824,stable
KLF4,0.0126884795739255,0.251172913072206,0.531106105111994,stable
CCDC159,0.0126872662372638,0.758347835839821,0.906339846040865,stable
PRPF38A,0.01267688989681,0.70461437466811,0.879179163462358,stable
ZNF112,0.0126683867899768,0.00370796863446524,0.0367080803009381,stable
TNPO2,0.0126659294192521,0.890260009483181,0.961624309481796,stable
H2BC12,0.0126533228386609,0.625337582452477,0.833692508223261,stable
TRADD,0.012652997288555,0.249733540915571,0.52953835713561,stable
PRUNE,0.0126325575655253,0.749889701376705,0.901539205767577,stable
BTG1-DT,0.0126167284766918,0.488595851105851,0.745976000832474,stable
STRN3,0.0125902291185619,0.597668938076692,0.818355309925933,stable
PIBF1,0.0125898354037933,0.903097110067334,0.965578507256459,stable
DOCK1,0.0125774751709862,0.0287488828039283,0.144798658176852,stable
TRIM69,0.0125764681889764,0.826779156032655,0.93590577110693,stable
SPTLC2,0.0125565691576397,0.936552563575633,0.977661702574598,stable
LCOR,0.0125515180362535,0.491771698954513,0.747804513954856,stable
SFSWAP,0.0125343551757243,0.965895849362235,0.98713798355911,stable
KCNQ1OT1,0.0125320305795326,0.438553324126579,0.707332871635216,stable
RUSF1,0.0125095342712004,0.908521903511028,0.967147801314866,stable
MTHFD1,0.0124695923300267,0.71177622094506,0.883015177920431,stable
FAM98B,0.012451508861804,0.485042157060449,0.744494641876812,stable
SWT1,0.0124475134810368,0.457014289802792,0.720198520016056,stable
NAP1L5,0.0124429113186426,0.342096338936168,0.621734410817086,stable
ZNHIT2,0.0124416733382491,0.830564829052356,0.936950613003778,stable
MROH8,0.0124171669115419,0.286828679438352,0.569635394650956,stable
MMAB,0.0124151568859021,0.65967022625464,0.854990663385513,stable
ZNF490,0.0124059046821322,0.472844871618739,0.733975328338726,stable
CDK17,0.0124025954511311,0.69980030075218,0.876590090704604,stable
SLC35B2,0.0123935505696534,0.39670896128875,0.672123401634606,stable
RRAGC-DT,0.0123900520998631,0.341367911146285,0.621387029222722,stable
HEATR3,0.0123798082987702,0.82926986889573,0.936513822915223,stable
RGMA,0.0123770417603753,0.00261816098941716,0.0283610238075159,stable
RASGEF1A,0.0123767383960292,0.614585830453916,0.826661222652803,stable
RING1,0.0123443239411282,0.725497154604686,0.888777278617642,stable
ABCD3,0.0123349872486211,0.940253781401469,0.978070140826027,stable
FOXP1,0.0123322526285662,0.353276032036646,0.633552511102359,stable
CHID1,0.0123245673777919,0.295782547189356,0.577763799431558,stable
BANP,0.012308284410939,0.513623256559369,0.763161624915733,stable
MAP2K5,0.0123079592300117,0.636085889731858,0.841050721047293,stable
AAMDC,0.0122960696397838,0.781119073830424,0.91608937527613,stable
FAM66C,0.0122958728715945,0.310905420345843,0.594107840910987,stable
HEMK1,0.0122900469851062,0.870595051746752,0.953427155756343,stable
SYMPK,0.0122871014766429,0.316081105688434,0.599313701866824,stable
FANCE,0.0122859038012378,0.335406721040541,0.616265107169633,stable
SEPT6,0.0122563235969283,0.535447028847735,0.777352076084883,stable
IPMK,0.0122535734496173,0.563362521645285,0.797424681586939,stable
ZDBF2,0.0122520613288099,0.664522564179394,0.857729496783243,stable
CUTC,0.0122453476633952,0.2287643515504,0.504494936560002,stable
ARFGEF1,0.0122401817964272,0.734775552573104,0.893816398556622,stable
SUGP1,0.0122360500706257,0.736368621546045,0.894244374878314,stable
AGFG2,0.0122157608105197,0.545494364997758,0.784506848218329,stable
CR381653.1,0.0122136038928117,0.66743041710995,0.859361206628978,stable
USP21,0.0122058183228867,0.789352572951025,0.920008185712561,stable
CENPU,0.0122026222951172,0.326549334184409,0.608125999553659,stable
TAS2R4,0.012179976222638,0.454400923900517,0.718019246866587,stable
MYBBP1A,0.0121531055399365,0.242417588053574,0.519970625788188,stable
FCHO2,0.012147982803428,0.618291247152578,0.82973744150684,stable
GET4,0.0121430321752272,0.119614088539272,0.348964825370896,stable
TLR5,0.0121428681441543,0.380656589286921,0.660676721204504,stable
KBTBD4,0.0121350981182995,0.553180908038231,0.790087066322856,stable
TRMT2B,0.0121304197244058,0.83465570994425,0.939141329009436,stable
TMEM98,0.0121112635079124,0.861881781765564,0.949242535390779,stable
FBXL14,0.0121081534667856,0.180623468568428,0.443141800380728,stable
ZNF433,0.0121001615006019,0.267820370615455,0.549138381912848,stable
C11orf96,0.0120754512494347,0.0165014914050887,0.0999574979860281,stable
MEMO1,0.0120596666560066,0.80469293977971,0.92738182363958,stable
HERPUD1,0.0120563334195579,0.354586052590901,0.635057481215176,stable
MLKL,0.0120489721702731,0.555408579474714,0.791849134067985,stable
CSNK2A2,0.0120487821622234,0.402454033784721,0.677034159296713,stable
C10orf95,0.0120356141074234,0.204342693167146,0.475425405648115,stable
NEURL2,0.0120301563865833,0.0122489629613831,0.0812840537973039,stable
SCIN,0.0120249360055493,0.503061198520406,0.755828428062124,stable
ZNF726,0.0120197722751581,0.494529539529172,0.749574020192384,stable
ABCC9,0.0120052531042297,0.21741970809012,0.490991781210719,stable
DNAAF1,0.0120017990727931,0.693818073771093,0.874063274863137,stable
MFSD2A,0.011998053356256,0.0590298158258874,0.224691170719055,stable
RNF2,0.0119701098910161,0.801359126343239,0.926055394254089,stable
EFNB1,0.0119661175619761,0.516442312887354,0.76530377412232,stable
B4GALT2,0.0119596537060732,0.80223228232264,0.926363821945207,stable
LPCAT4,0.0119540937264192,0.596779457063574,0.818275723296654,stable
PEX11G,0.0119534866229983,0.278257938050917,0.559813205189994,stable
ETV2,0.0119288516912972,0.0681517287872959,0.246127664868305,stable
NELFCD,0.0119207255788258,0.344502092892928,0.624075792201696,stable
PRKACB-DT,0.0119177868398558,0.504098124434563,0.756669066616843,stable
SYAP1,0.0119142856594519,0.433402808947911,0.702548194745957,stable
PANK1,0.0119019831923762,0.811980743514076,0.931129827570615,stable
RYBP,0.0119002474900464,0.606174898966199,0.822863072177992,stable
LPHN2,0.0118993367822519,0.0683798054729618,0.246789117833329,stable
TGFA,0.0118678018549148,0.000555702623276044,0.00870885752170047,stable
NDUFB3,0.0118664783330197,0.0629860128164818,0.234238217422779,stable
IFI30,0.0118600724757451,0.00176368000565201,0.0211808968422781,stable
AGAP4,0.0118592057738099,0.0055730367747079,0.0479414507628638,stable
TEC,0.0118462241152203,0.837951791824354,0.940253598610327,stable
ZNF354C,0.0118175240908891,0.799261180729346,0.925205366783667,stable
REEP1,0.0118091091033926,0.816741180008682,0.933433313130128,stable
SNAPC3,0.0118058959261695,0.735112366244797,0.893816398556622,stable
BCL2L12,0.011802086414305,0.483291071331387,0.742723519017424,stable
FERRY3,0.0117949539520296,0.782990219914232,0.917139943295474,stable
LIFR-AS1,0.0117899397896348,0.143038931891089,0.387341811415934,stable
NME6,0.0117892791420297,0.841046522880878,0.941564807726218,stable
MARCKS,0.0117695642380497,0.0430834759050716,0.184686932605949,stable
SLC38A6,0.0117573152255744,0.00982578744382255,0.0704047044040368,stable
HELT,0.0117542069221174,0.302957096689016,0.585509494059531,stable
PWP2,0.011754123447301,0.454777969533141,0.718243656275597,stable
KANK4,0.0117538230860987,0.263951338575445,0.545023845058487,stable
PBLD,0.0117473354139675,0.151785257897539,0.399961843617056,stable
ADAT2,0.0117417652790213,0.801891104813334,0.926363821945207,stable
KLF9,0.0117370327365406,0.0326431411206885,0.156728105679221,stable
ALG8,0.0117299266999347,0.901485564028567,0.965155975877754,stable
DPAGT1,0.0117202115826435,0.878663139991105,0.957203299460945,stable
NCF1,0.0117030404502876,0.27363768754112,0.55563905191074,stable
CDKL3,0.0116955029078148,0.465885886434632,0.727794131089705,stable
NIFK-AS1,0.011695087524505,0.398937535452374,0.673544649224959,stable
MECR,0.0116886328076327,0.0769432813285573,0.264399586648038,stable
CCDC106,0.0116481721419335,0.572542332822106,0.803254616827432,stable
SGOL2,0.0116432872232089,0.544971858192421,0.784448195227159,stable
EMILIN2,0.0116304792243068,0.0707320628896029,0.25178910638846,stable
LUZP1,0.0116300388371681,0.580563470433689,0.808237619883783,stable
PCDH20,0.0116252989193909,0.024552009086206,0.129923705225014,stable
LINC00094,0.011619838306207,0.810825976862926,0.93060503042426,stable
CXXC1,0.011616126349436,0.929050524654376,0.97455070192995,stable
ERN1,0.0116158959421831,0.0424070784464029,0.183438973032511,stable
UBR7,0.0116126916106683,0.54177800418845,0.782084827964054,stable
EXT2,0.011611822494047,0.927629457128323,0.974466235107503,stable
EPHB3,0.0116067711516993,0.770016006402079,0.911144003987955,stable
NPAS1,0.0115973263679472,0.129182259036207,0.36477799363793,stable
PLA2G4C,0.0115854093306488,0.453329038661417,0.717713302969742,stable
PCED1A,0.0115806324099556,0.682820678057744,0.868282530799735,stable
GCDH,0.0115754866194449,0.237032767640578,0.513393630455739,stable
KLHL20,0.0115672738830829,0.380984637847299,0.660862954874224,stable
CD2AP-DT,0.0115281759101884,0.354910975388663,0.635388366015087,stable
ELK1,0.0115277173262724,0.517654997841326,0.766003049616771,stable
PRKAR2A,0.0115005734578573,0.960557630444583,0.985198790962606,stable
GLIDR,0.0114838161288292,0.0452186971940552,0.190690764069527,stable
H4C16,0.0114606172966635,0.497902961252924,0.75207670931422,stable
PLEK,0.0114456422362906,0.488348090548138,0.745916163796131,stable
ZNF528,0.0114417432753197,0.818284386834385,0.933952710571231,stable
RPF2,0.0114380677822683,0.61560586844841,0.827668954675909,stable
SPAG7,0.0114334058750537,0.34994117887142,0.630461454756704,stable
CYP7B1,0.0114267524914065,0.719410813636518,0.885977187947614,stable
KANSL1,0.011416386691382,0.858548617090716,0.947724275850062,stable
AIRIM,0.011400326893225,0.767059010124781,0.910241996970474,stable
STK10,0.0113918811848708,0.203495895203989,0.474901455321412,stable
CCDC132,0.0113755066526309,0.494058861283604,0.749395150804166,stable
NFATC2,0.0113604977118314,0.667872898155857,0.859478037067766,stable
GOLGA1,0.0113458404664777,0.349546562797327,0.630022016940088,stable
CCDC149,0.0113165495998655,0.480330473383451,0.739770657255802,stable
SRA1,0.0113132018617702,0.942881224487379,0.979333850635884,stable
GPC3,0.0113062426081417,0.446384369448555,0.713051252519777,stable
ELP3,0.0113033775448875,0.000571031332662744,0.00892619822310662,stable
IGIP,0.0113021977322292,0.752502115471156,0.903238988562393,stable
SETMAR,0.0112933197494916,0.0126227279967506,0.0829420770947652,stable
CEP76,0.0112891133422262,0.701464120731729,0.877788580320475,stable
TMED1,0.0112725186937164,0.101698891363684,0.316649833935219,stable
PEX12,0.0112603595521705,0.441716522365408,0.709905701997732,stable
RANBP6,0.0112348816200305,0.538193275694347,0.779210541524066,stable
C14orf28,0.0112324543716451,0.000655109032524792,0.00992323768721569,stable
SEC22A,0.0112293516688546,0.891345223807897,0.961652449637532,stable
APLF,0.0112201026951067,0.0175122167927318,0.103712052729923,stable
ZNF396,0.0112004299390655,0.0407902103621818,0.179843675857262,stable
LSR,0.0111953627847228,0.56959484372119,0.801345415508665,stable
SCARF1,0.0111897808441852,0.806464011030335,0.928504893454994,stable
GRID2IP,0.0111724916373724,0.106437422788612,0.325598362404403,stable
CLPX,0.0111481806121879,0.937759316156542,0.977899101908071,stable
IRF9,0.0111471510175111,0.0726741617628927,0.255228200245188,stable
INTS9,0.0111409371881699,0.226541563416161,0.501311381462554,stable
SFT2D2,0.0111160874074171,0.435606469874917,0.704811844837987,stable
RIOK1,0.0111048091319017,0.0963549874184927,0.305695137867546,stable
H2BC4,0.0110927530732452,0.607123093151001,0.823236016714125,stable
C21orf119,0.0110904598240777,0.657696727585988,0.854479910511795,stable
ABCB9,0.0110898666918019,0.3183188890403,0.601008800450912,stable
PPP1R35,0.0110797115979324,0.168483199376065,0.425706729717441,stable
BCL2A1,0.0110672289460742,0.585547796848182,0.811410942596434,stable
SORL1,0.0110617179434828,0.358782889829732,0.639417122799044,stable
DFNA5,0.0110179250968121,0.766727182263878,0.909951660675258,stable
PLXDC2,0.0110074866035791,0.81929590532652,0.933952710571231,stable
UBIAD1,0.0109952263488645,0.668730194113091,0.859625288951437,stable
TGM2,0.0109921213813495,0.461676028175277,0.723900432069599,stable
VPS51,0.0109765402692822,0.819752585937772,0.934113927925434,stable
C3orf33,0.0109743153623245,0.825544293025139,0.935850933184653,stable
WWC3,0.0109675459559244,0.971223281693355,0.98882979464914,stable
ZNF57,0.010964573932571,0.394315441376918,0.670408385291767,stable
LIMA1,0.0109639422437403,0.417532469580776,0.689651348257911,stable
SESN3,0.0109605640378342,0.880066015339545,0.957281275272343,stable
GLTSCR1,0.0109274333887196,0.011199058763925,0.0765216849246611,stable
SEC23B,0.0109255556361984,0.591745158658098,0.815400462692856,stable
CAMK1,0.0109083239651284,0.794809600663854,0.922959488755479,stable
DUSP28,0.0108973534449299,0.756590495216603,0.905390329273397,stable
ETV5,0.0108881142229663,0.00970432869233786,0.069752229046102,stable
DNMT1,0.0108734688527943,0.498130308364924,0.752165707546211,stable
ITPR1,0.0108690368862626,0.0432436767368159,0.185022997700678,stable
CRTC3,0.0108663445149718,0.196637545890217,0.465832821891862,stable
NUBPL,0.0108628562687015,0.425288494612202,0.694784883980164,stable
PECR,0.0108458394425854,0.287315984775152,0.570061775343525,stable
GSE1,0.0108444020791972,0.981107333396336,0.993084958362173,stable
PPP5D1P,0.0108384481247601,0.024964592368648,0.131480903539144,stable
ICAM2,0.0108380135601976,0.54879691931617,0.787104721544158,stable
CWF19L1,0.0108236320568816,0.0224114403849956,0.122576039045274,stable
FEN1,0.0108231579398773,0.00632568010759899,0.0527816475326212,stable
GPANK1,0.0108222661351509,0.87940234705726,0.957279352263137,stable
PICK1,0.010797895146916,0.912551555197862,0.968066494032688,stable
CLYBL,0.0107916538449411,0.0278330748869262,0.14170408472211,stable
MAP3K14-AS1,0.0107720650573834,0.499438952445967,0.753163305539045,stable
PDF,0.0107514655954477,0.14545110227674,0.390882770874809,stable
NAT10,0.0107484969353324,0.452881066909522,0.717379572619152,stable
TMED9,0.010745693832753,0.770533725661473,0.911281372144528,stable
ZNHIT3,0.0107368599014834,0.946142179359918,0.980023053251926,stable
MERTK,0.0107345133791611,0.178099042061958,0.440017240454563,stable
BMS1,0.0107298089060288,0.895890830555873,0.962661151373214,stable
RAB30,0.0107261056536008,0.0130856088055616,0.0853111904208985,stable
NUBP2,0.0107258480666099,0.0202184364428766,0.113527867284209,stable
FYB,0.0107227509614058,0.137765419834707,0.379033196502241,stable
CHADL,0.010719147436968,0.0582010710848886,0.223375162619051,stable
GTPBP6,0.0107037819313721,0.40237413081153,0.677034159296713,stable
RASEF,0.0107023587022003,0.71558887455682,0.884323033748025,stable
BTBD3,0.0106960815070686,0.568925251885943,0.801054168303377,stable
PPIE,0.0106757880877315,0.235421184030239,0.51224431356099,stable
FCGR3A,0.0106678436211598,0.71881536287107,0.885766027795963,stable
CARD6,0.0106543424180924,0.106922676445325,0.32610477741451,stable
GPR82,0.0106506662246969,0.406192475839146,0.680261336450413,stable
SLC29A1,0.0106495496820733,0.919079105740582,0.971241225954176,stable
PARAIL,0.0106366684720249,0.170831268551125,0.429394990003488,stable
CCT6B,0.010629549067945,0.0170762242218408,0.101873970174613,stable
MSH2,0.0106288656791984,0.837889358637931,0.940253598610327,stable
BLMH,0.010626652828034,0.661622206207157,0.856117929110602,stable
IGFBP3,0.0106028397743846,0.14697489004197,0.393219753966522,stable
LINC00957,0.0106002022557698,0.0686358383486656,0.247348021218776,stable
DKC1,0.0105933484945359,0.142429104148622,0.386698886627426,stable
SEC23A,0.0105784915580189,0.233328275812603,0.510284430206857,stable
IMPA1,0.0105675489209266,0.668909992515222,0.859625288951437,stable
PTPN6,0.0105587752334647,0.0312283872875867,0.152025410674416,stable
EDRF1,0.0105381380740566,0.768957615006775,0.910547965388189,stable
ARHGAP28,0.010518713393739,0.39065535663688,0.667917983830555,stable
MAMDC4,0.0105165774665378,0.00158400856111208,0.0194797994477204,stable
PLA2G6,0.0105120347441817,0.444078991048009,0.711364380365727,stable
FARSA,0.0105051361561365,0.152801487840876,0.401255722312968,stable
DLEU1,0.0105022844742024,0.712524117439214,0.883356471762369,stable
HMBS,0.0104802904202921,0.883594814422805,0.958730961433017,stable
HYAL3,0.010477752286288,0.00509628625336109,0.0447857679087606,stable
DHX34,0.0104680542759959,0.138022574989818,0.379448896468949,stable
CRYL1,0.010454201491672,0.0422375474670495,0.183183226304651,stable
SMC5-AS1,0.0104352994558109,0.106936156515357,0.32610477741451,stable
UGT8,0.0104350860241309,0.178446193073377,0.440316161511699,stable
ZNF799,0.0104211227338751,0.719821818212532,0.885977187947614,stable
ZNF594,0.0104132084516017,0.328572450133645,0.610488419528008,stable
MYO18A,0.0104126767402986,0.825348685955241,0.935818786487049,stable
ATG4C,0.0104042224159345,0.827378608101428,0.935956867721307,stable
UBXN7,0.0103898025530379,0.743852653793713,0.898802132680815,stable
ZBTB42,0.0103753257133509,0.852467756674517,0.945386907352478,stable
PNN,0.0103563593692834,0.969170296048929,0.988167294928861,stable
HRH1,0.0103453351595976,0.277096488926732,0.558303524087748,stable
WDR96,0.0103440606258903,0.614865052944405,0.826945803409881,stable
ATP7A,0.010341445698942,0.722465334412782,0.887133726555686,stable
TANGO6,0.0103399835639763,0.0365939684487432,0.168040086431447,stable
FAXC,0.0102976780847149,0.871438951340409,0.953869539101905,stable
C17orf58,0.0102779073186304,0.148854324441845,0.395785012912484,stable
ZNF76,0.0102748042698243,0.0609722135254456,0.229613166400199,stable
HNRNPH2,0.01026182202381,0.148736695075032,0.39568168892213,stable
ACTMAP,0.0102487675336983,0.909098222759092,0.967191701426525,stable
TTC23,0.0102286284207324,0.845385902139874,0.942453011195424,stable
SH3BP4,0.0102243698353801,0.022974663395255,0.124929842234696,stable
NRL,0.0102138676510263,0.0561337221815806,0.218319637272555,stable
VWDE,0.0102007517808043,0.220106502321342,0.494011951993017,stable
FTCDNL1,0.0101749941235904,0.3417022668736,0.621490735242686,stable
CTPS2,0.0101613436207093,0.896673930434143,0.963091303543359,stable
SIGIRR,0.0101563417696425,0.786190131474177,0.918578784015409,stable
TRMT1L,0.0101550436173172,0.939405188237508,0.978050338217809,stable
RWDD2B,0.0101465461631291,0.0277968239690046,0.14157849008213,stable
SPIN3,0.01014349264301,0.267052369693265,0.548240380203883,stable
CDK5RAP3,0.0101164020457964,0.828526393267498,0.936412634041397,stable
RAI14,0.010113376585818,0.00695325464724867,0.056523181686906,stable
NFYA,0.0101124385390216,0.816914560287047,0.933433313130128,stable
VAMP7,0.0101047747119974,0.743500742554717,0.898570698803887,stable
VPS33B,0.01010072495761,0.391886641076982,0.668773181701107,stable
TUBGCP2,0.010094151510071,0.752779131118327,0.90334749611168,stable
POLM,0.0100841074452779,0.911000016402161,0.967596159570772,stable
ZC3H8,0.0100702281603291,0.543472237534151,0.783596767536335,stable
APOL4,0.0100518095514229,0.172384097215405,0.431808033680555,stable
AKIRIN2,0.0100126833455225,0.611331249453286,0.824703660807809,stable
RAMP2,0.0100005407499993,0.153057023899277,0.401613558325046,stable
NCAPD3,0.00999101474818311,0.765228728898887,0.909951660675258,stable
DMRTA1,0.00999013804985831,0.854603063045969,0.946170441325416,stable
MYOM2,0.00997065741048266,0.488239799548717,0.745916163796131,stable
SLC9A1,0.00996461052560403,0.735429766251853,0.893983041235347,stable
E2F1,0.00993173511676048,0.210355950486176,0.482448521289817,stable
PAK6,0.00992834953582284,0.0578733063189195,0.222623936963517,stable
ARRDC3-AS1,0.00992711261402821,0.572472937154194,0.803249447173194,stable
C17orf49,0.00990169746575609,0.0261733967497223,0.135684309528671,stable
SYTL3,0.00989579511147439,0.689839272954942,0.872126928596672,stable
PLA2G15,0.00986770698949993,0.890019879251521,0.961520371539602,stable
CLUL1,0.00985775558749625,0.68333917815348,0.868597367969918,stable
EPB41L1,0.00985424114891492,0.925531030137885,0.973976694581732,stable
TOR1A,0.00983026246905988,0.949275749318606,0.981531959428647,stable
USP6,0.00981709676150237,0.148872667651473,0.395785012912484,stable
ZNF273,0.00981031142258853,0.314547218475942,0.597889161662248,stable
GBP4,0.00980708831066429,0.251158497172385,0.531106105111994,stable
THG1L,0.00980675780001018,0.526074057391604,0.771533206665263,stable
FCF1,0.00980149457078128,0.511793922743603,0.76155434103686,stable
LINC00478,0.00979872850817309,0.00229072749742347,0.0256096515477426,stable
SNF8,0.00979702187080822,0.137512897051466,0.378617523961729,stable
EMC8,0.00979550982354985,0.606593407383477,0.82297422995068,stable
C7orf63,0.00979322968693339,0.56149384149548,0.796253120441214,stable
TRUB1,0.00978738656902729,0.640785055229998,0.84439412697194,stable
DCP1B,0.00978080508275318,0.734880557288293,0.893816398556622,stable
HSPA4L,0.00974940620552079,0.688883129694864,0.871765414914015,stable
UBE2H,0.00974291006097255,0.972821965940813,0.989443745888316,stable
TXNRD2,0.00973300686637932,0.109487447314569,0.330381277702614,stable
CSTF1,0.00973230473369481,0.070000359429926,0.250200115108601,stable
TDG,0.00973197603255718,0.418834354671932,0.690857563706477,stable
NPHP1,0.00972386454321444,0.903059322590411,0.965578507256459,stable
ARHGAP42,0.00970186860817884,0.880229900205929,0.957289172608298,stable
DRC12,0.00970042759590014,0.00139223717837411,0.0176676850260323,stable
MED18,0.00968440176735298,0.48965588237338,0.746420268725866,stable
GPR133,0.00967741569723923,0.0643491187888359,0.236714904626762,stable
EHD4,0.00967527606405781,0.885378937836337,0.959049369615541,stable
METTL21B,0.00967409392154445,0.410709649487978,0.683821754263527,stable
PIK3C3,0.00967297507299616,0.315276557073121,0.598623894635264,stable
TLK1,0.00966193589044015,0.901592569750044,0.965155975877754,stable
RBM34,0.0096523013144072,0.708334278704075,0.881213824722444,stable
ATP6V0E2-AS1,0.00965008121287793,0.264977253955374,0.545943359573654,stable
FAM86C1P,0.00962616801182768,0.0585291824520566,0.223623893251487,stable
MUC3A,0.00962258413139262,0.786397821884919,0.918578784015409,stable
CFAP263,0.00960749674986285,0.663514296950109,0.857106495394498,stable
ZNF718,0.00960654958594079,0.772717231616843,0.912170525039587,stable
UBN2,0.00960204728515138,0.369572462870038,0.650022127499762,stable
SYNGAP1,0.00959209084664751,0.689157279444444,0.871805710848482,stable
EBNA1BP2,0.00959087658922614,0.967161277894372,0.987463803929576,stable
ALKBH4,0.00957255105782732,0.230050105339783,0.506508012909493,stable
B3GNTL1,0.0095675133305798,0.627242684227203,0.835168610144732,stable
C5AR1,0.00956072850053942,0.0025005319533443,0.0273893392452336,stable
DAB2,0.00955478357672158,0.225460660585148,0.499824286360691,stable
TBCEL,0.00955417200154206,0.94449314374683,0.979725294121969,stable
C16orf62,0.00955162401771229,0.486796879057059,0.745370943669012,stable
PPP2R5B,0.00952041478625711,0.569016803153295,0.801057269398488,stable
MUM1,0.00951751825216751,0.304678607749326,0.587907072001226,stable
LYPLAL1,0.00949065259793391,0.729516396094242,0.89080575608164,stable
SEMA4A,0.00948357057758495,0.783911281904759,0.917524616413021,stable
TNFAIP2,0.0094781914616859,0.579820781361601,0.807818514001755,stable
STX1A,0.00947723872334346,0.221249110183776,0.494976047380395,stable
ALKBH1,0.00947656942921835,0.129561034888211,0.365256939684845,stable
MTHFSD,0.00947534059298612,0.0262967189186584,0.136150399009606,stable
WDR75,0.0094723702624417,0.933050141378543,0.976590883484143,stable
CHKB,0.00947087173706604,0.897600960067049,0.963493996530512,stable
PPP1R13B,0.00946951282368963,0.94911719054581,0.981531959428647,stable
PAK1IP1,0.00946085997393933,0.0713308841295981,0.252738761623248,stable
PEX3,0.0094521877860208,0.520217921893649,0.76810531190095,stable
ABAT,0.00944486234451586,0.566272341312522,0.800244289040955,stable
GAL3ST1,0.00943234887055595,0.806446528807361,0.928504893454994,stable
MYL11,0.00942068492077775,0.237041365370762,0.513393630455739,stable
KDSR-DT,0.00941386062927001,0.362387593031068,0.643473592139833,stable
RAB36,0.00941203616122413,0.409143012924958,0.68231435061319,stable
MATN2,0.00938077564997024,0.255606389610523,0.535676894599448,stable
NAIF1,0.00937084671770064,0.669512368333555,0.860037745955168,stable
ZNF10,0.00936599743458938,0.687685716156598,0.8712063627628,stable
PNMA2,0.00936307845253428,0.411165730843989,0.683821754263527,stable
ARIH2OS,0.00935728528546511,0.0404940947484281,0.178829412646237,stable
EVL,0.0093561205431367,0.760915480300156,0.907635770234642,stable
ASPA,0.0093540132750214,0.0212822487109888,0.118144508738931,stable
WDR3,0.00933858435677204,0.750716039472979,0.902246865255894,stable
COPS7A,0.00933804536795915,0.350902487825174,0.631541815544012,stable
H2BC5,0.00933340074219328,0.528822144746682,0.772966865644319,stable
PGAP2,0.00933169423781355,0.00246368174214146,0.0271071517695204,stable
NARF,0.0093316347571252,0.912373782721814,0.968066494032688,stable
NFKBIL1,0.00933084992617827,0.887377507236094,0.960108218131882,stable
ZCWPW2,0.00932884086671671,0.531534692770622,0.774433823972907,stable
SOCS4,0.00930715414504304,0.952672551253084,0.98240840783851,stable
TBX1,0.00930582857706285,0.454732777699297,0.718243656275597,stable
EED,0.00930166099159101,0.837656526698982,0.94018119386359,stable
TXNL4B,0.00929212127817266,0.415414082368251,0.687858694605079,stable
ATXN7L2,0.00928218838632653,0.448489576701988,0.714497143960003,stable
NFKBIE,0.00925434305394906,0.129504078529336,0.365256939684845,stable
ERAL1,0.00924433654518972,0.579415525132551,0.807795692976952,stable
GDAP1,0.00924380425208643,0.453538212695406,0.717713302969742,stable
NUP62,0.00922695734837939,0.343518003732942,0.623021376503187,stable
MIR181A2HG,0.0092077441602502,0.488692393215515,0.745976000832474,stable
PPP4R2,0.00920515772242453,0.952532726682334,0.982372858078393,stable
ZYX,0.00920159161422188,0.623039093009753,0.832484582412062,stable
PRKCA,0.00919540272049519,0.396977403254246,0.672391821723694,stable
TNFAIP8,0.0091747427239372,0.185162397573203,0.448825133439387,stable
PDIA5,0.00914211889400304,0.839726231395974,0.94069957075156,stable
C21orf67,0.00912423647459006,0.0268158202904403,0.137903486424208,stable
GPX3,0.00910916724571448,0.834195712382799,0.939023713906832,stable
MPHOSPH10,0.0091090755651898,0.776815880997434,0.914099754351936,stable
TFEB,0.00909115633389375,0.464886619272816,0.726985570867648,stable
SNUPN,0.00906946461783288,0.793180202266144,0.921862564918008,stable
CACNA1F,0.00905978903753649,0.0702603723863046,0.250616513583364,stable
IRF7,0.00903608017019436,0.37895742678157,0.659320449147088,stable
TMEM216,0.00902765694807348,0.863577635658196,0.950074953026825,stable
ENTPD1-AS1,0.00902398998317684,0.0090889709374536,0.0665689519109843,stable
USP49,0.00902094702608688,0.148645537438805,0.395651899070605,stable
MMAA,0.00901357990345661,0.57270625461101,0.80339238654636,stable
POLB,0.00900165881036491,0.15607556768828,0.406262472781613,stable
ACSM3,0.008991060450429,0.582010057949842,0.809292566076541,stable
MILIP,0.00897850761639239,0.358373831601437,0.639154029398303,stable
CDKN1C,0.00895401446752955,0.93867938372349,0.978050338217809,stable
PDK2,0.00894963768047587,0.88514721278945,0.959049369615541,stable
PRMT8,0.00894849997891194,0.170403425251817,0.428943159586559,stable
CAMSAP3,0.00894807875114177,0.837796757792806,0.940252255532433,stable
NCBP2,0.00894599010857045,0.915119764876293,0.968985313296893,stable
TMEM60,0.00893891146223869,0.198241722409957,0.467971083406594,stable
CHURC1,0.00893430592761968,0.159659607421986,0.41183351785743,stable
UQCC1,0.00892603572168507,0.879437755719489,0.957279352263137,stable
SLC38A9,0.00892109564252531,0.906420791382212,0.96637189045661,stable
KLHL36,0.0088965755685258,0.856303919134028,0.946938583996233,stable
PRPS1,0.00888984301099828,0.712104354052651,0.883015177920431,stable
TTC17,0.00888469124562502,0.180780773059172,0.443213832706642,stable
INTS15,0.00886755217508153,0.737890574451246,0.894824514912249,stable
MMADHC,0.0088665228706728,0.913480550358832,0.968295720394239,stable
PSMC5,0.00885609675929611,0.900922235225813,0.964898637295907,stable
SPCS3,0.00885434302288796,0.283885550906654,0.565451877992397,stable
GNL1,0.00885021113782142,0.573628402270665,0.804349090091737,stable
SLC39A11,0.00883893578083159,0.69253554992597,0.873639512428346,stable
ACP6,0.00882272354551218,0.791409831224404,0.920671481459974,stable
ORC6,0.0088173648696991,0.45678515429734,0.720018275452054,stable
AKAP7,0.00880668959267342,0.885289289322982,0.959049369615541,stable
COMMD9,0.00877853638273929,0.937304083063381,0.977861663511715,stable
TMEM128,0.00876173416681578,0.471044453493611,0.732110286014736,stable
PRRC2A,0.00874697888703474,0.951974695055321,0.982020141127109,stable
PTK2B,0.0087453425455535,0.694549153847069,0.874103660725478,stable
TOB2,0.00873978366746581,0.602821665857778,0.820863544997826,stable
GTF3C4,0.00873284917218659,0.548772705106301,0.787104721544158,stable
SUN1,0.00872196597189084,0.925149984604033,0.973976694581732,stable
S100P,0.00870396205391853,0.67907241345667,0.86559677931336,stable
PITPNA-AS1,0.0086783708723195,0.837392520430848,0.940041790108076,stable
SPIRE1,0.00865103932872727,0.486021112543738,0.745256403898909,stable
FAM110A,0.0086501692996408,0.0365758448776649,0.168040086431447,stable
IPO4,0.00864715421233496,0.0346065687967106,0.161770821021411,stable
PIGB,0.00864679114722289,0.00312329705068793,0.0322459317125078,stable
PCSK4,0.00864600643168137,0.526205918544743,0.771541459552709,stable
SLC15A3,0.0086377707643908,0.501705587060216,0.75482021624286,stable
LTV1,0.00863417479126028,0.340421849468023,0.62063428308399,stable
UGDH-AS1,0.00863294863988934,0.319378022956446,0.601843871958821,stable
KLF15,0.00862699109466227,0.693589935045441,0.873976225749455,stable
FIGN,0.0086250452385892,0.885023287191372,0.959049369615541,stable
C19orf52,0.00859285808725332,0.537511633496421,0.778592511892434,stable
TMEM125,0.00858468526441847,0.760290861696969,0.907419985684802,stable
PGM2L1,0.00857358475612328,0.719942184860682,0.885977187947614,stable
FAM111A,0.0085597587132723,0.678760045733466,0.86559677931336,stable
SLFN12,0.00855880560604218,0.0539499077944279,0.212805315546656,stable
ZEB1-AS1,0.00853563904453472,0.214918636509503,0.487867300407087,stable
MCPH1-DT,0.00853539918742989,0.085937814724479,0.284073511950252,stable
DDX23,0.00846459657228371,0.90028954932231,0.964855291155174,stable
TRIM73,0.00844784177251512,0.211467535971392,0.484168304757748,stable
GFUS,0.00841700881915672,0.254879519511119,0.535242612352502,stable
RNMTL1,0.00841307449501749,0.822294490048392,0.935022317554033,stable
ACTR8,0.00840911797114511,0.78775821324806,0.919225625665327,stable
PTTG1,0.00840799604424925,0.158849616862227,0.410437056969744,stable
SEPT2,0.00840411250026674,0.208172541498968,0.480404218856595,stable
APOBEC3G,0.00839824263998928,0.678114268952437,0.865268144433674,stable
EFCAB13,0.00839207575535885,0.600444500430048,0.819743130444437,stable
GSK3A,0.00838830006797037,0.342917560874783,0.62246695799077,stable
ERCC2,0.00837924652372853,0.781446650427796,0.916385634576878,stable
PIGT,0.00837547184455684,0.292402503389412,0.57488796959905,stable
RWDD3,0.0083604190094884,0.406628962480357,0.680722053870157,stable
POLR1C,0.00834813678392021,0.1845725060793,0.448106120022516,stable
NECAB1,0.00833009755073358,0.870421615958231,0.953427155756343,stable
COA5,0.00832520998539826,0.120296209682321,0.350286056969197,stable
ASTE1,0.00832391217362346,0.31129382677545,0.594664125410704,stable
CENPH,0.00831687765057144,0.00742763229185275,0.0589447607388263,stable
PRR7,0.00831397187128069,0.761884674043138,0.908258070558155,stable
FHOD1,0.00830655687867156,0.647085393826722,0.84742536350458,stable
GAS6-AS1,0.00830495380325521,0.73766513873826,0.894824514912249,stable
ITPA,0.00828849699740347,0.0842815679649666,0.281394399062773,stable
EMD,0.00825298873685898,0.159784506291589,0.411981819217124,stable
CUL9,0.00822293052778464,0.932203236820942,0.976200888042819,stable
CCDC18,0.00822050608863101,0.76536433394034,0.909951660675258,stable
CIMIP1,0.00821014118918971,0.737614229998619,0.894824514912249,stable
C17orf51,0.00819415460260215,0.739574243481336,0.895970076011018,stable
DARS2,0.00816836231713428,0.0473416289792459,0.19644140542535,stable
SMARCC2,0.00816773628426704,0.425815380940363,0.695134510765892,stable
ERP27,0.0081654125010284,0.24256585430318,0.520106122259617,stable
KDELR2,0.008154212189461,0.490482634884425,0.747029619838925,stable
NDUFS7,0.00815174770108462,0.985692413948021,0.994232533055583,stable
DHODH,0.00814961115656934,0.166095922859672,0.42246287162643,stable
RNPC3,0.00814711957333686,0.981548794742455,0.993084958362173,stable
SNHG15,0.00813171233147425,0.787944700871228,0.919331490259605,stable
TUBGCP3,0.00812312235823161,0.63695233911842,0.841559164870684,stable
GAS2L1,0.00811999555743419,0.847086646459962,0.943093055781728,stable
NARS2,0.0081170391032009,0.0234953917531398,0.126785131061636,stable
CNNM3,0.00810356747983897,0.92138813606473,0.972461455297466,stable
COL6A1,0.00810178885858619,0.719871172340177,0.885977187947614,stable
DLAT,0.00810131532704908,0.970393601501134,0.988672394128177,stable
PAXIP1-AS2,0.00809685584085115,0.931166578042039,0.975868798610168,stable
XXbac-BPG299F13.17,0.00809589596447207,0.066553334477846,0.242055328966733,stable
MFAP2,0.00809543865844577,0.908527458427291,0.967147801314866,stable
ATG13,0.00809263464746593,0.603148989277326,0.820943463414545,stable
DHTKD1,0.00808526335066365,0.795582384465273,0.923219960860404,stable
WDR27,0.00807056606591796,0.682669209236106,0.868180234467558,stable
ZNF408,0.00805925429714657,0.00200331803675949,0.0232559921000455,stable
CEP72,0.0080588648559335,0.167996919323925,0.42535094072404,stable
C2orf42,0.00804973386811115,0.0180573955762919,0.105715327358521,stable
SDPR,0.00802631592929726,0.815487216647986,0.932761472610336,stable
TFAP2C,0.00800793423420423,0.408791554820047,0.682100459475873,stable
USE1,0.00800029645365985,0.701570224945275,0.877788580320475,stable
LRRC14,0.00799163321275383,0.810627404225691,0.93052017928959,stable
GCC2,0.0079907248634381,0.826468935822092,0.93590577110693,stable
TBC1D32,0.00797755454137917,0.0525025658529746,0.209325298430125,stable
SACS,0.00797381967248107,0.590977983822004,0.814811061836248,stable
HOXD1,0.00796068081067727,0.659823125531769,0.854990663385513,stable
ITLN1,0.00794157751112365,0.0312552934678229,0.152095822989915,stable
PELATON,0.00794088765808951,0.648466058363411,0.847876846749173,stable
TWF2,0.00793926949515214,0.907063672888255,0.96637189045661,stable
RNU12,0.00793133738953159,0.277850921493484,0.55936259294077,stable
PHF23,0.00791657234298933,0.896401085249647,0.962967472193663,stable
GGACT,0.00790637583532795,0.103813225868789,0.320434136843904,stable
STMN3,0.00790408685725303,0.00647959484198398,0.0537357987438346,stable
SYNJ1,0.00790216152635891,0.926386156890518,0.974287566190286,stable
FAM118A,0.00789536279829618,0.0344044747118786,0.161505491120585,stable
MAMSTR,0.00789447799425934,0.243129705441755,0.520675809271201,stable
NDUFA8,0.00787771791458392,0.951705153090845,0.981824946525656,stable
RIF1,0.00787152984533035,0.709448341241285,0.881738433505517,stable
FHL3,0.00785824526438297,0.459248934735661,0.721786218549624,stable
HMGXB3,0.00784334990369745,0.951232186765969,0.981808013445876,stable
SYBU,0.00782718656807564,0.726180113848185,0.888777278617642,stable
TUBB2A,0.00779855027891446,0.0307801105573115,0.150693557930077,stable
GBP3,0.00779283558059245,0.647183400151106,0.84742536350458,stable
ZNF721,0.00778890217947442,0.906371302463689,0.96637189045661,stable
COQ9,0.00775436388034736,0.672934242569989,0.86259108150795,stable
ZBED5-AS1,0.00773871572867715,0.133047941446478,0.371686077122081,stable
TXNRD3,0.00773135273291309,0.92081131130573,0.972133137745347,stable
PNP,0.00771794151860186,0.89236956081484,0.961652449637532,stable
SMUG1,0.0077178788803252,0.120726664512696,0.351288442514448,stable
TMEM191C,0.00771286877839461,0.824938571358462,0.935818786487049,stable
AGPAT1,0.00768980654948945,0.673450340908409,0.862645918506465,stable
ZBTB45,0.00768961540993766,0.938774840906415,0.978050338217809,stable
GK,0.00768240201672725,0.855205667953315,0.94640902453932,stable
TMEM17,0.00767586711854142,0.182338294264043,0.445335326490241,stable
EFHD1,0.00767019200010335,0.0499567245814413,0.202941231771661,stable
G0S2,0.00766793825132599,0.763627250037515,0.909024715670191,stable
MYO15A,0.00765530071747334,0.136863899163139,0.377657856291245,stable
SS18L1,0.00765406011406683,0.934931853201821,0.977133108461485,stable
RRN3,0.00765248116599303,0.393103581232761,0.669541337186745,stable
MAN1B1,0.0076471227894116,0.973111349211697,0.989443745888316,stable
IFI44L,0.00764440645102965,0.370947125079404,0.651315377329881,stable
ANKS1B,0.0076372315955337,0.0078376902527989,0.0605230105181388,stable
GAMT,0.00762939527387182,0.504239710132592,0.756669066616843,stable
TRIM39,0.00762301615110773,0.333522081473039,0.614285615232675,stable
ANKRD6,0.00761932063160072,0.939343179827909,0.978050338217809,stable
MTR,0.00760826001112208,0.778793136959447,0.914671133313235,stable
ITGB8,0.0075997443048187,0.261444239013452,0.541925357656876,stable
LYL1,0.00759727810068496,0.45587858491044,0.719145673241092,stable
TUSC2,0.00759271792031246,0.587646487239802,0.812600753395852,stable
TNFRSF10D,0.00758044473437386,0.396664188329733,0.672123401634606,stable
CNTN4,0.00757973424673428,0.0776382507235698,0.265914815591179,stable
MOCS2-DT,0.00757748374702911,0.000727407862621323,0.0107130526658832,stable
H2BC11,0.00757518643183277,0.807019255342493,0.928735263660645,stable
ZNF85,0.00757466119643888,0.825007129373159,0.935818786487049,stable
TMEM39B,0.0075689208195619,0.648531455914985,0.847876846749173,stable
TIAL1,0.00756737276974745,0.642764018076905,0.845022399300519,stable
COL1A1,0.00756114388612454,0.804710901352852,0.92738182363958,stable
TP53TG1,0.00755155105208982,0.841598501956917,0.941727220633964,stable
CECR1,0.00754417594090748,0.245899135023649,0.524493286778762,stable
ALKBH8,0.00754381923358595,0.0415781262601774,0.18196882980705,stable
TYW1,0.00754353054477017,0.70070765153411,0.877337942471879,stable
IGFBP6,0.00753999365999826,0.650778376413371,0.84908900344509,stable
PTGER4,0.00751945258245283,0.39183682777318,0.668773181701107,stable
KLHL11,0.0075004555064872,0.157745488843062,0.408701561825855,stable
CHD1L,0.0074975275757761,0.892859497825798,0.961652449637532,stable
NCKIPSD,0.00749738893465739,0.553639603187803,0.790282645585939,stable
FAM46C,0.00747737888744622,0.83959746658256,0.94069957075156,stable
CASC2,0.00746749617896615,0.249737289666786,0.52953835713561,stable
MFSD12,0.00746671173581726,0.0102543578499449,0.072289083251284,stable
DHPS,0.00745050402338193,0.967199710531003,0.987463803929576,stable
LINC00685,0.00742961191455011,0.0499855989543667,0.202941231771661,stable
IGLV1-51,0.00738591848202666,0.186653647125746,0.451365812554919,stable
ZNF749,0.00736971828802149,0.818869618365491,0.933952710571231,stable
KIF27,0.00736622089368617,0.00235365964835239,0.0261597197324818,stable
VPS16,0.00735247493621628,0.76805374759178,0.910451238362745,stable
ADAT1,0.00734782249104457,0.194700103267642,0.463473721992388,stable
HELLS,0.0073409090638551,0.714686135604807,0.884243251177445,stable
HLTF,0.00733655645994478,0.916102135438291,0.969813155243584,stable
H2AC19,0.00732674455974913,0.502835243720437,0.755741424031484,stable
ATP2B1,0.00730383124583145,0.813097404475312,0.931518525989336,stable
TMEM199,0.00730269935035,0.661628442106336,0.856117929110602,stable
ZFP28,0.00729519617133301,0.428557391444774,0.697840089652447,stable
BRAT1,0.00728600372675883,0.970154672041689,0.988672394128177,stable
TFF3,0.00727493364850518,0.670602040702246,0.861052661800173,stable
ZNF318,0.00726250174425126,0.733249581715842,0.893109095944046,stable
SNX10,0.00726114522846526,0.16727829121912,0.424498615707395,stable
CENPBD1P,0.0072596725887837,0.340334849191024,0.62063428308399,stable
STUB1,0.00724813377344225,0.863514300406851,0.950074953026825,stable
HNRNPUL1,0.00724633410182174,0.850397047899193,0.944679526855665,stable
CIAPIN1,0.00724438726972473,0.00214582366986532,0.0243326053250776,stable
FAIM3,0.00724432905738418,0.392720683280977,0.669355498107454,stable
CCDC40,0.00723426753331796,0.264194880244753,0.545139832633708,stable
EHBP1-AS1,0.0072292021658764,0.570205738707369,0.801816973422165,stable
STX18-AS1,0.00722728295965247,0.50173993336075,0.75482021624286,stable
LINC02916,0.00722568921586671,0.648353745946351,0.847825865473705,stable
PIK3R2,0.00722469994616936,0.122382710636801,0.354335920138383,stable
OPHN1,0.00719038106643855,0.0320810678229468,0.154881111006201,stable
YJEFN3,0.00718847551312675,0.524938468825368,0.771069764070711,stable
CTBP2,0.00718709925663055,0.980675357051176,0.993084958362173,stable
ANKRD26,0.00718592585682526,0.945654004604441,0.980023053251926,stable
ACADL,0.0071721311190992,0.852747533048875,0.945412847798335,stable
THEM6,0.0071683913681132,0.467935332603985,0.72931805504923,stable
PASK,0.00716666321259684,0.891110413709099,0.961652449637532,stable
NOM1,0.00715904647988609,0.608360103438293,0.823725510016582,stable
TM4SF1-AS1,0.00715684710554107,0.217842092700017,0.491205038678189,stable
OBFC1,0.0071511771544675,0.0091948065973055,0.0671077001346489,stable
P4HA1,0.00712085319418217,0.714285419739954,0.884105404100972,stable
TOX4,0.00712075843847948,0.955819298818058,0.983330677390333,stable
CD3E,0.0071169401910112,0.067217298631332,0.243744959498488,stable
RBPMS,0.00711198827847792,0.971606778901842,0.988891388046104,stable
ING2,0.00710816581409139,0.951175354075667,0.981808013445876,stable
POLR3D,0.00710702861828728,0.803899334907056,0.9269266975139,stable
EIF4A3,0.00709289489579573,0.312406759296516,0.595584451924267,stable
OAS1,0.00708954461551933,0.643657729629371,0.845483783256977,stable
SFT2D1,0.0070860073644623,0.979206037645513,0.993073914798438,stable
EPHA4,0.00707911336961779,0.696156199534605,0.874955108277916,stable
NRTN,0.007075301506313,0.34145934454823,0.621387029222722,stable
CCDC51,0.0070747468737743,0.685687799199609,0.870098522473871,stable
DHX40,0.00707340102547023,0.685814730369417,0.870098522473871,stable
ZNF624,0.00706383749925083,0.799461809811435,0.925306552595283,stable
HEXDC,0.00706257347153935,0.761131856549674,0.907803279779804,stable
NAA60,0.00705454900967334,0.721889744445886,0.886694155557326,stable
C6orf57,0.00704555662217074,0.918916810494071,0.971241225954176,stable
CRIPT,0.00703896371255089,0.880950589951432,0.957391537301414,stable
C3orf18,0.00703121823065814,0.709487829839681,0.881738433505517,stable
LY6G5C,0.00701569566013343,0.638870882626021,0.843120511395235,stable
DEAF1,0.00701151178757442,0.129999733396344,0.365818770956932,stable
TEX9,0.00699226726742648,0.381583135066874,0.661106602132356,stable
ZNF513,0.00699115429666123,0.291147437395643,0.573673498488007,stable
PLEK2,0.00698878274855525,0.760483924715453,0.907542545763866,stable
KLHL3,0.00697370875008819,0.470409487441544,0.731720516099404,stable
ABL1,0.00696656845489189,0.965616288047716,0.98713798355911,stable
FKBP11,0.00696421177456003,0.886535772425727,0.95967956510185,stable
PCDHAC2,0.00696191226183543,0.499225113658303,0.75311655537668,stable
MID1,0.00695547817869618,0.480468427135654,0.739889903414743,stable
ZNF813,0.00695140476713358,0.226400992259299,0.501272546527381,stable
ROBO3,0.00695105668077494,0.415097111877073,0.687768581333121,stable
IER5L,0.00695001907264008,0.129144713518986,0.36477799363793,stable
WDR48,0.00694963508793026,0.816640089778811,0.933433313130128,stable
NR6A1,0.00694416208088085,0.638510778338766,0.84287588376651,stable
PRKG1,0.00693830059667219,0.956146812118805,0.983429148124073,stable
LOX,0.0069219808621127,0.767646634802769,0.91033479780403,stable
C11orf71,0.00690990981320318,0.00310281024986518,0.0320886230916683,stable
VPS37D,0.00688742525768569,0.00453003089495259,0.0421087952741478,stable
LINC00997,0.00688626159080012,0.304804667079943,0.587964691555187,stable
SLX9,0.00688211079956069,0.000656943199060106,0.00993870503132517,stable
LARP7,0.00687870189261264,0.508608804575406,0.759403203509194,stable
WDR24,0.00684748396291304,0.150685751342783,0.398547990872849,stable
KRT13,0.0068464939706239,0.137583363991983,0.378617523961729,stable
TMEM167A,0.0068459397808921,0.371069463090649,0.651351645532529,stable
ADIPOR2,0.00683302099525289,0.399186488294721,0.673686574768973,stable
CKAP2,0.00681057099045025,0.912541287469704,0.968066494032688,stable
SPIN1,0.00680087153627412,0.640842517608331,0.84439412697194,stable
CHMP4A,0.00679475137202112,0.0956576947573956,0.30443104939193,stable
GLIS3,0.0067817468712593,0.908630617695787,0.967147801314866,stable
KIAA0922,0.0067764132453025,0.102798183670294,0.318531051251122,stable
ZNF202,0.00677186212974279,0.114374492362643,0.338936677488716,stable
GOLPH3L,0.00676352656393824,0.965710907939194,0.98713798355911,stable
RMDN3,0.00676062055651289,0.979479523635837,0.993073914798438,stable
USP15,0.00674335237580376,0.927545639892534,0.974466235107503,stable
RINL,0.00674196704784699,0.0176704916743044,0.104292161351182,stable
AP4S1,0.00674101847279359,0.250644088703657,0.530540838149525,stable
GPSM1,0.00673673050116805,0.914058014202523,0.968555387432409,stable
ELP2,0.00673672420160934,0.334561218583035,0.615266486529113,stable
CFAP276,0.00672478649405474,0.737711796587689,0.894824514912249,stable
FANCI,0.00671994780155944,0.0112452501951279,0.0766877101788891,stable
NSD1,0.00671891085635634,0.286914686261939,0.569635394650956,stable
UTP14C,0.0067147955872377,0.79505468591502,0.922959488755479,stable
UTP14A,0.00670157344750687,0.799060933502274,0.925089537467349,stable
PMF1-BGLAP,0.00669029551489674,0.808045040671695,0.929319829335574,stable
FBLN7,0.00667990077473253,0.0134951577135093,0.0870526690712075,stable
DNAJC27-AS1,0.0066797684409869,0.722747955256251,0.887391623649298,stable
CHERP,0.00667810187891119,0.96725665076594,0.987463803929576,stable
ABHD16A,0.00667549772914453,0.388370809596436,0.666214535013589,stable
NUDT1,0.00667099462891616,0.119292454547187,0.348525565101533,stable
TCEB1,0.00665824876329602,0.529882298042291,0.773591450050037,stable
HAUS3,0.00665543793014217,0.736757035791662,0.894617860883806,stable
BIK,0.00665153709998375,0.0240597463962152,0.128542980746213,stable
AD000090.2,0.00664770952583257,0.0402252155034998,0.177963457949613,stable
KIRREL,0.00663853832685488,0.955707819825705,0.983330677390333,stable
RNF113A,0.00663849555838211,0.0155943364402989,0.0959083548398411,stable
NAA16,0.00663724636166518,0.960586887459608,0.985198790962606,stable
NR4A3,0.00663243095369694,0.00499291797154785,0.0442591155630607,stable
TTC13,0.00663121259623879,0.797250940915166,0.923716965938172,stable
NEK4,0.00663071523114255,0.551379741250682,0.789142484141007,stable
BCAP29,0.00662920211286899,0.677818844607975,0.865162113029956,stable
KREMEN1,0.00662571832746911,0.694422623824402,0.874103660725478,stable
C1orf51,0.00662279587380275,0.781040806640482,0.916085474992635,stable
APOLD1,0.00661606613790343,0.25811934369985,0.538648830508999,stable
CHKB-AS1,0.00660335897191125,0.0269345322032835,0.138297439492383,stable
PLK1,0.00659745742255251,0.607676590966158,0.823423490253329,stable
FRAT2,0.00659724117314723,0.280676981398292,0.561629631791246,stable
USP37,0.00658793894148076,0.839650163863738,0.94069957075156,stable
MLH1,0.00658459214792478,0.333525329540189,0.614285615232675,stable
ZNF480,0.0065839618359778,0.445117576375449,0.712337145865723,stable
MX2,0.00656836299916294,0.606585085542956,0.82297422995068,stable
ZCCHC7,0.00656540813853243,0.713982889712665,0.884055731808493,stable
MEST,0.00655027015720351,0.776207549468402,0.913924203881887,stable
PAQR8,0.00654483592332822,0.952316469107247,0.982289808317187,stable
ZNF780B,0.00654176502948459,0.836237553541246,0.939558745217603,stable
CDK11A,0.00652770316610471,0.567993731357534,0.800671315769296,stable
CDKL2,0.00652710586222505,0.00163037346166546,0.0199696244442871,stable
SPTBN2,0.00650847632860283,0.0431204398832962,0.184686932605949,stable
ACRC,0.00648726211001493,0.531490921796019,0.774433823972907,stable
FGFR3,0.00647190768766133,0.0915038562819853,0.29573353763539,stable
LINC01004,0.00646265065454784,0.0411378779057273,0.180628383448136,stable
IL17RC,0.00645184079174332,0.724016306898504,0.887967827383095,stable
FUT3,0.00644325177184297,0.60694477257382,0.823176844551468,stable
FAM208A,0.00643804555425392,0.610501798113123,0.824524801694267,stable
NBPF11,0.0064323289875135,0.00927082525860117,0.0674964669214656,stable
RGS10,0.0064318834738184,0.715684002177952,0.884323033748025,stable
RBMX2,0.0064307873160466,0.0741482516942339,0.257936320065542,stable
TWF1,0.00642113614747991,0.100868493352459,0.315268847542944,stable
LCMT2,0.00642018559677888,0.822497163483741,0.935100941817825,stable
HHIP,0.00642011156100839,0.0250177410298456,0.131590734229274,stable
SLC6A9,0.00641064031090025,0.740186580064558,0.89620524629441,stable
PITPNB,0.00640660760805353,0.885895002267468,0.959438336822675,stable
NOP16,0.00639954125031876,0.902902761556244,0.965578507256459,stable
WDR81,0.00638575576573663,0.951396619327888,0.981824946525656,stable
EOLA1-DT,0.00638542875675803,0.37799045247835,0.658322314753866,stable
BTBD8,0.00637639226682164,0.0810079011015719,0.273469498070929,stable
UBE2D1,0.00637257532364485,0.274221240593287,0.555937104873728,stable
VPS26A,0.00634861486849686,0.98874347142243,0.995682616483544,stable
PLA2G4F,0.00634176087933081,0.103623049279409,0.320194174517568,stable
FAM120B,0.00633843515397536,0.749499649520184,0.90131664689963,stable
MAD2L1BP,0.00632968857230297,0.952768599715205,0.982410738255818,stable
RAB18,0.00632544765065046,0.707465834222738,0.880696618039056,stable
ASRGL1,0.00632492737869443,0.975871594585108,0.991003677764228,stable
COX7A2,0.00628285226751602,0.497527326807795,0.751950302039872,stable
ALG14,0.00628177642077553,0.906279024393394,0.96637189045661,stable
LINC01023,0.00627445526841082,0.416682478137177,0.688975221196434,stable
TRAF3,0.00625021282538101,0.955793545622105,0.983330677390333,stable
TDRD6,0.00624548847732515,0.074134831968153,0.257936320065542,stable
CCBL1,0.00623732391709327,0.0857128113950591,0.283769710063456,stable
SLC25A33,0.00623389427720288,0.110975332476788,0.333144023623834,stable
CHTF18,0.0062243337473693,0.382462666235042,0.662071874431743,stable
DMD,0.00622312962910077,0.958266675027155,0.983889316884436,stable
NACA2,0.00621733064033746,0.590584430244298,0.814518309106604,stable
ACTRT3,0.00621587577377491,0.00209610941443882,0.0239019043676307,stable
KDM4C,0.00621093190856198,0.974518953565149,0.990234388061545,stable
SLC25A35,0.00620346668807966,0.81036036224462,0.930388378705572,stable
TRRAP,0.00619632935330543,0.113763414498721,0.337945073835324,stable
BBS2,0.00619405685656337,0.784669371797647,0.917875445057841,stable
MYLK,0.00617983188934166,0.846849411449389,0.943093055781728,stable
DNPEP,0.00617745790183555,0.0121732932915807,0.080916985968615,stable
RPF1,0.00617006839981865,0.478217791260503,0.738040057409045,stable
ITPKC,0.00615226832092075,0.960617178459039,0.985198790962606,stable
FASTKD2,0.00614673034078209,0.00783666758152846,0.0605230105181388,stable
GCN1L1,0.00614341453890341,0.664918365225023,0.857741884393276,stable
ASTN2,0.00612127737462222,0.229212618910405,0.505137969690803,stable
STAT5A,0.00611415886159776,0.159195751352563,0.410897142004589,stable
MCM6,0.00611175534773042,0.587218977145692,0.812286252133597,stable
ROCK1,0.00610359031894614,0.616333199399326,0.828191385012351,stable
ZNF668,0.00610102789057757,0.841662420815737,0.941727220633964,stable
SPECC1L,0.00609742951411128,0.973711109010425,0.989824914473466,stable
BDH2,0.00608443224826299,0.231638875409343,0.508601003361155,stable
TSR1,0.00607989934221498,0.94433568909291,0.979725294121969,stable
CDK2AP1,0.00607929631340234,0.974169650844653,0.990008845424245,stable
GRID1,0.00607682394346144,0.000720764264472278,0.0106408482716294,stable
LMNB2,0.00607471809542945,0.925286903618046,0.973976694581732,stable
FRMD8,0.00607278947784749,0.864247540611153,0.950074953026825,stable
FN1,0.00606773764639923,0.290313943579093,0.573366342769618,stable
ENTPD7,0.00606575184901504,0.029068946972369,0.145772225564414,stable
LINC00936,0.00606320361203877,0.797531233864249,0.923815199730558,stable
CEP19,0.00605510540778326,0.789872261311428,0.920056596383028,stable
PPM1H,0.00605383719955404,0.764720720961944,0.909687241440133,stable
HOMEZ,0.00603174364770583,0.00949117548260956,0.0686009961678961,stable
NSMAF,0.00602379816221081,0.317525479203449,0.600761562257224,stable
DDX1,0.00602237084489171,0.951115639280866,0.981808013445876,stable
PHLDA1,0.00600982276347944,0.0118449289210063,0.0792948582313152,stable
NSMF,0.00599763776077617,0.602937949508743,0.820922097044217,stable
CIDEB,0.00599597261864746,0.820950931205544,0.934556906362491,stable
LY96,0.00598189658152813,0.501737788050345,0.75482021624286,stable
HSCB,0.00597362634224282,0.133305532055813,0.371686077122081,stable
ZCCHC11,0.00596853529466956,0.863897738568975,0.950074953026825,stable
MTPAP,0.00596800816885523,0.455292021350245,0.718776917084515,stable
MXRA8,0.0059445897309411,0.871467196718756,0.953869539101905,stable
ARID5A,0.00594304360301402,0.88862666597907,0.960864428565074,stable
TBC1D8,0.0059415149694397,0.0881536040647761,0.28897550444833,stable
TMED4,0.00594142021916611,0.585856346069237,0.8115023200397,stable
CCT6A,0.00593596112350014,0.931224742660779,0.975868798610168,stable
FAM173B,0.00592873854140692,0.933423043683019,0.976741432998343,stable
GAB2,0.00591046037412482,0.8853266680681,0.959049369615541,stable
SLCO4A1-AS2,0.005904150132408,0.850659407360872,0.944726375738379,stable
SPOPL-DT,0.00590293824050019,0.0321746211022105,0.155223679456527,stable
C1orf159,0.00589370437004851,0.963864626949308,0.986441438635774,stable
MESDC1,0.00589065404132147,0.909474553874718,0.967191701426525,stable
FAM171A1,0.00587096256671501,0.740271758664175,0.89620524629441,stable
INO80D,0.00586421841473692,0.665985762920369,0.858213152639531,stable
MCTP1,0.0058596925431143,0.181492085376525,0.444333917813467,stable
PRRG1,0.00584826924290538,0.32086157648935,0.602807641241152,stable
TRIM16L,0.00582227838083167,0.907085454466335,0.96637189045661,stable
MED14,0.00581684033126471,0.698274916617372,0.876176614733192,stable
RANBP2,0.00580596419274509,0.58301742974609,0.809777429376235,stable
FOXQ1,0.00580570411201829,0.779154045717842,0.914782792356371,stable
RPA4,0.00578530343217008,0.249920639220735,0.529577056339398,stable
WDR83,0.00577597035684131,0.40851088537602,0.682004515547182,stable
KIAA1430,0.00577150469570431,0.984628523607246,0.994232533055583,stable
UQCRHL,0.00576877987375285,0.555025325880858,0.791487352259403,stable
DLEC1,0.00575363531848005,0.597239529061907,0.818275723296654,stable
ANKRD28,0.00574914460189635,0.856057762591332,0.946902357125559,stable
GALNS,0.00574784881210923,0.486784051661619,0.745370943669012,stable
BRICD5,0.00574187990655549,0.0735942554398189,0.256883146787513,stable
ZNF155,0.00570328937089767,0.846865951470945,0.943093055781728,stable
SF1-DT,0.0056947202041418,0.00463123505694022,0.0425016646666946,stable
NUFIP1,0.00568863954266301,0.651884609771239,0.849808643146492,stable
MAN2C1,0.0056860322823436,0.600671846062399,0.819743130444437,stable
BCAS3,0.0056856917764871,0.0167969301691069,0.100798072845932,stable
GALNT5,0.00568448775568464,0.985817318783426,0.994248756738527,stable
NDUFAF1,0.00568340515456745,0.533200127335214,0.775577661712834,stable
GPAA1,0.0056808468307476,0.0046144927552116,0.0424917686354891,stable
ATP8B1-AS1,0.00567439026233524,0.879991568277797,0.957281275272343,stable
LIPT1,0.00566775585737612,0.797964643164341,0.924229656816459,stable
SLC25A10,0.00566537112244707,0.226778247998104,0.501653511315386,stable
CLPB,0.00565946380007962,0.266240059808726,0.5475573273129,stable
ARL16,0.00565756067394974,0.884738037676952,0.959035006877988,stable
HHIP-AS1,0.00564608961473977,0.00497183719701075,0.044202186143666,stable
RRAD,0.00564435487942527,0.751706811180105,0.902916592497534,stable
L2HGDH,0.00563930248070866,0.90692981419078,0.96637189045661,stable
CEP41,0.00563536188740858,0.888788561587032,0.96095420391533,stable
CCDC11,0.00563349752703515,0.562193263601128,0.796698780611937,stable
C1QB,0.00562756540790391,0.985518325145136,0.994232533055583,stable
KLF16,0.00562417353817766,0.607364554281149,0.823380759846153,stable
MYD88,0.0056149830199195,0.206048488637243,0.477575642445993,stable
USP46,0.00559666783461862,0.846840700483376,0.943093055781728,stable
CDH26,0.00558659933665699,0.863088929740553,0.950074953026825,stable
RELA,0.00557785933271229,0.718943518345635,0.885783545648686,stable
PPIF,0.00557126626428244,0.896150500820735,0.962782889965958,stable
SETD9,0.00557038637382513,0.877749598764477,0.956698780467053,stable
ADAMTS9-AS2,0.00555079119369916,0.436969775206571,0.706377851670844,stable
UBE3A,0.00554898578139329,0.676231714800919,0.86446121627513,stable
ZNF772,0.00554222872036988,0.51361464531161,0.763161624915733,stable
SARM1,0.00553848405824434,0.889802521892201,0.961520371539602,stable
ELAPOR2,0.00553155032225725,0.0111831836977642,0.0764559493967948,stable
RSRC1,0.00551670525279299,0.566979275070031,0.800445598565668,stable
KCTD21,0.00550587414437007,0.938311126896445,0.978002289322673,stable
CLDN5,0.00550198595548396,0.192349079811535,0.459772223624599,stable
PDCD6IP-DT,0.00549229463678666,0.841501138889073,0.941727220633964,stable
MISFA,0.0054871575851772,0.0133452538988018,0.0863591231651421,stable
LINC03008,0.0054845426028627,0.752943095575055,0.90341346685409,stable
TBC1D7,0.00547870654321968,0.946637499873792,0.980023053251926,stable
RPRD1A,0.00547744074907944,0.935086968486784,0.977133108461485,stable
VPS11,0.00547743214838448,0.955778424775307,0.983330677390333,stable
CCNJ,0.00545220300006971,0.0869890442197685,0.28661729408019,stable
ZNF563,0.00545024165980384,0.0148866753803874,0.0932594974603771,stable
PATZ1,0.00544920042577655,0.90671802168705,0.96637189045661,stable
S100PBP,0.00544459866383221,0.983403066792782,0.993891615417525,stable
SLC41A2,0.0054394806610574,0.971453046058338,0.988891388046104,stable
ZNF425,0.00543797141240735,0.718722985910663,0.885741483997575,stable
IFT56,0.0054365955333027,0.495811872910923,0.750285260517841,stable
LINC00984,0.00543158203160788,0.880376432957802,0.957289503662979,stable
CLTC,0.00542610594235593,0.965542761722073,0.98713798355911,stable
FAF2,0.00540793520382177,0.95418089168585,0.982654451054287,stable
GFOD1,0.00540693941572299,0.342451545588216,0.622283331928261,stable
TCEA2,0.00540646642525014,0.968365288670974,0.987869714625912,stable
FAM88B,0.00540308083102008,0.683363664881164,0.868597367969918,stable
UAP1L1,0.00540253236830753,0.843911934946327,0.941855471536939,stable
IFNLR1,0.00539937327025822,0.0875587342905035,0.287990235928372,stable
TRIM13,0.00539681839712669,0.200679965447973,0.471661583856186,stable
MORN1,0.00539574251156588,0.0660785166242356,0.241061966179845,stable
PIK3IP1,0.00538647097456751,0.544717500374041,0.784448195227159,stable
ATP6V0A4,0.00538487803497301,0.077697298411351,0.266042514224189,stable
CTA-211A9.5,0.00538250898499079,0.00490794657455321,0.0438878850968094,stable
BAIAP2-AS1,0.00536903862752959,0.630937180388957,0.837504190799719,stable
LINC00630,0.00536899616873616,0.494131417925851,0.749410756552946,stable
CEP95,0.0053615949032044,0.714236314743193,0.884105404100972,stable
RAD54B,0.00535559704667148,0.525124722126354,0.771069764070711,stable
PPM1N,0.00534886172170372,0.0786914298099256,0.26816951156859,stable
RAB17-DT,0.0053474984358746,0.930631169569546,0.975562594701838,stable
HID1,0.00534281369517255,0.796631246350141,0.923710862100529,stable
PXN-AS1,0.0053411913351436,0.0997205307909154,0.31328290115347,stable
TMEM232,0.00533423801054872,0.836991820367667,0.939724252982514,stable
LGALS4,0.00530940816025173,0.490219895175125,0.746815553168087,stable
CCDC88A,0.00530680414007387,0.934785126776932,0.977133108461485,stable
INCA1,0.0053062716451696,0.322931714696522,0.604429950581703,stable
ANKRD10,0.00528949266705059,0.926513225788749,0.974337377154308,stable
C16orf86,0.00528719610140142,0.00476407855053686,0.043114327278533,stable
PTGFRN,0.00527530480479824,0.255822093598851,0.535749404172067,stable
ZNF334,0.00526920054189309,0.811374335760816,0.930765754536431,stable
RNF141,0.00524035300959003,0.971956235897115,0.988891388046104,stable
HSD17B14,0.0052259253073495,0.523981496834483,0.77071958114984,stable
ZNF865,0.0051966896163262,0.957190274059411,0.983727119653955,stable
ELP6,0.00513482417997516,0.881707314660184,0.957595656394998,stable
SOAT1,0.00513063155659434,0.717455458161321,0.885496058128456,stable
RAPGEFL1,0.00512921752678958,0.889974899580695,0.961520371539602,stable
ZNF613,0.00511819391733773,0.600519525889184,0.819743130444437,stable
CADM4,0.00511599892544954,0.203989380531365,0.475065277000676,stable
ZNF610,0.00511095719155409,0.0381925444811802,0.172086953266106,stable
H2AZ2,0.00511037642474066,0.00703113010085144,0.0569950493055756,stable
USP45,0.00510713177925555,0.821780358373287,0.934873241652459,stable
KIAA0101,0.00510191853931449,0.807927192604524,0.929319829335574,stable
APOO,0.00509916754295286,0.596732778301217,0.818275723296654,stable
SLC35A4,0.00509839062103704,0.205820080692923,0.477227744004229,stable
MYPOP,0.00509376180013222,0.259746027503489,0.539897201190725,stable
ZRANB3,0.00508584264099707,0.821607941093858,0.934873241652459,stable
LINC00174,0.00508530576016181,0.255563972631187,0.535676894599448,stable
PRRG2,0.00508279826754374,0.924236290210273,0.973771162061825,stable
KSR1,0.00507407948525486,0.38268957443807,0.662071874431743,stable
TXNDC11-AS1,0.0050608446533157,0.290693390631388,0.573673498488007,stable
IL20RA,0.00505305751151423,0.598643585617943,0.819006064979712,stable
GARIN4,0.00503383193982571,0.774701930686126,0.913306807369439,stable
HIBCH,0.00503233660589333,0.636823695979949,0.841480149136191,stable
POLG2,0.00502759479571447,0.529639317149554,0.773513860553901,stable
GPR143,0.00502660229353944,0.44272777099204,0.710307297563252,stable
SKIDA1,0.00502198856797264,0.174117589052737,0.434281454515538,stable
LINC00342,0.00501121706073932,0.0149981186455776,0.0935670661841082,stable
TFPT,0.00501092288901756,0.406873434938484,0.681038048567442,stable
CYTIP,0.00500591155434328,0.484844196067099,0.744284246229337,stable
EPCIP-AS1,0.00500244377338166,0.836450228578677,0.939603712014864,stable
CAMKMT,0.00499286282583888,0.0413551903796386,0.181387099820848,stable
PTS,0.0049563580540142,0.13061010474618,0.366945051808159,stable
IQCD,0.00495276257168208,0.470415772888924,0.731720516099404,stable
ARID3B,0.00494768297147281,0.158610442131318,0.410165865160405,stable
PRICKLE2-AS1,0.00494463050891179,0.784588667806143,0.917868875037064,stable
MFAP3L,0.00494062950346454,0.0523021935958788,0.208775777432598,stable
MTOR,0.00493597781305527,0.0624637664220217,0.233502112899287,stable
NOA1,0.00492195298821457,0.415449995277266,0.687858694605079,stable
ZNF337,0.0049008808058876,0.9334336894868,0.976741432998343,stable
DEGS2,0.00489024232155769,0.492804707405153,0.748700564668232,stable
C20ORF135,0.00489013417553466,0.0866585219241545,0.285760391691628,stable
CEP85,0.0048890033968647,0.962517126108802,0.986343968228629,stable
DIP2B,0.00488774981675177,0.574870916246243,0.80496530463586,stable
E2F5,0.00488622745972934,0.850306059747237,0.944679526855665,stable
ZNF74,0.00488538440066711,0.776470364601202,0.91405756325935,stable
RORC,0.00488060224541512,0.687382829436501,0.871183795441347,stable
EXO5,0.00487985416723651,0.280420236012609,0.561486642581062,stable
GLS2,0.00487328643191421,0.440137490809149,0.708496169550244,stable
SOS1,0.00487267045647688,0.892597566102185,0.961652449637532,stable
CCNF,0.00486307921308857,1.90448224769674e-06,7.22993509187731e-05,stable
TBKBP1,0.00485389725425561,0.304764245933552,0.587964691555187,stable
CLCN3,0.00484578958228227,0.839378291711068,0.94069957075156,stable
MANEA-AS1,0.00484212632530373,0.408298924675332,0.681975223586965,stable
RAB3A,0.00482682760605149,0.737484046952107,0.894824514912249,stable
LSP1,0.00482355992557316,0.822975972892962,0.935137709382477,stable
DGUOK-AS1,0.00482150727422494,0.923060411849299,0.973218084737436,stable
CAVIN2-AS1,0.00480211622198994,0.870104338467009,0.953231352699473,stable
PQLC1,0.00479458603764382,0.928496362039848,0.974508274426508,stable
TMEM101,0.00479275255971717,0.880198697790414,0.957289172608298,stable
GSR,0.00479015533846065,0.506402113225137,0.758145674472024,stable
HEATR2,0.00477804510101981,0.633424333757375,0.839386108399163,stable
SKA2,0.00477416086687294,0.775556236648812,0.913833816741939,stable
IFT172,0.00477259989351431,0.957959714620627,0.983837071754167,stable
SHC2,0.00475271724392852,0.0811575616478336,0.273674492022929,stable
MYLK-AS1,0.0047509731784545,0.54391430520536,0.783866408544538,stable
SRP14-DT,0.00474234457487758,0.946055804672563,0.980023053251926,stable
CLDND2,0.00473989626597376,0.97111959183028,0.98882979464914,stable
GEMIN4,0.00473659977195892,0.840420733185701,0.941123400738549,stable
AMH,0.00472800768510915,0.874638507338275,0.955680231780165,stable
NVL,0.00472766181483488,0.837018788160472,0.939724252982514,stable
ZNF426,0.00472691183604559,0.5706066018533,0.802070509321038,stable
EID3,0.00471006240096277,0.0582275922170186,0.223406807049854,stable
MSTO1,0.0047042233456913,0.085349684532868,0.283355389388859,stable
PHF19,0.00469550114278598,0.126780848417356,0.361640209220556,stable
PLCB3,0.00468691229502199,0.0147136766391864,0.0924819820423263,stable
ERRFI1-DT,0.00466359624158715,0.735001869582349,0.893816398556622,stable
PLCD1,0.00465932207824579,0.928290183189055,0.974508274426508,stable
SOX9,0.00465071723996537,0.917377770143493,0.97024084154067,stable
PRMT10,0.00464373840238359,0.300547134989731,0.583042970352632,stable
L3MBTL2,0.00463961009655232,0.0363492437132691,0.167337547653692,stable
GSS,0.00463656824918712,0.712951934104563,0.883528430909791,stable
ZFYVE20,0.00463597041712097,0.783536178313811,0.917339933311754,stable
ARRDC3,0.00463551601151127,0.980558366861906,0.993084958362173,stable
FANCF,0.00463154131654843,0.706464668839884,0.880218541626617,stable
NFIL3,0.00462635098082502,0.945690031810908,0.980023053251926,stable
CRISPLD2,0.00462469738616403,0.289698621407567,0.572743967020234,stable
CDR2,0.0046202920757716,0.959653743886672,0.984623750652231,stable
NAB1,0.00461901152973128,0.877468510099313,0.956698780467053,stable
C10orf88,0.00461766632851656,0.0346287751892541,0.161812747673334,stable
ATP5G1,0.00461583960788381,0.0333449333644294,0.158294549688072,stable
FAM151B,0.00460974917570919,0.475233693670749,0.735721462947219,stable
TIMM8A,0.00460663733308639,0.86725163300558,0.951726722493959,stable
TMEM256-PLSCR3,0.00460387996825884,0.846275160425943,0.943014362903074,stable
ZFAND5,0.00459734560749936,0.824229609137856,0.935767551016388,stable
FICD,0.0045813192827562,0.916901235136688,0.970071031531147,stable
KCNAB2,0.00457657758111802,0.797295296761588,0.923716965938172,stable
GYPE,0.00457025884214663,0.163849505808324,0.419015974686391,stable
LIMK2,0.00456918832601533,0.619306376078201,0.830087234689641,stable
ZNF567-DT,0.00456339301969448,0.35219512936592,0.632621011374859,stable
ANK2,0.00455287064179407,0.778481248331203,0.914671133313235,stable
LNX2,0.00455119914243218,0.574048725814028,0.804536989721471,stable
AGAP1,0.00454618384091637,0.768619012695254,0.910547965388189,stable
RGMB-AS1,0.00453283118521568,0.0427486686661688,0.183951371678549,stable
ZNF543,0.00450242472268105,0.724191583227176,0.888004605614304,stable
ZNF410,0.00449078513942029,0.566889511037666,0.800445598565668,stable
ATP11C,0.00448761955098888,0.833924640561124,0.938923717990161,stable
COQ6,0.00448331089144466,0.969730424313537,0.988655938849764,stable
MAML2,0.00447711284948016,0.907159476684358,0.96637189045661,stable
SMARCC1,0.00447271610321301,0.135342181959644,0.375067520352458,stable
PDE6D,0.00447140272485458,0.919630244582698,0.971360935779738,stable
KLHDC4,0.00446706581878242,0.932739177006746,0.97643729212322,stable
ERI1,0.00446444355443733,0.696010404065531,0.874951787258026,stable
C1orf74,0.00445746799543906,0.806270691844188,0.928483555073326,stable
PEX5,0.00445458219297924,0.919422234168526,0.971349920577368,stable
ZNF397,0.0044521338668301,0.0623997572961668,0.233335770323751,stable
CTDP1,0.0044397356499031,0.982888938203505,0.993536292119379,stable
THYN1,0.00441760019255186,0.56801551459026,0.800671315769296,stable
FAM227B,0.00440939092413502,0.0728183083389903,0.25561824891876,stable
SNORA76,0.00440482311423346,0.988829177363084,0.995682616483544,stable
CEP164,0.00438909937337131,0.939724356494887,0.978064239181509,stable
ZNF333,0.00438564989295809,0.943957065728898,0.97961891259615,stable
CASK,0.00438271611637352,0.0735802220122347,0.256883146787513,stable
MAPK7,0.0043770184571256,0.607914231765126,0.823577919660523,stable
PRELID2,0.00434742369321324,0.84374150752577,0.941855471536939,stable
ERMAP,0.00434074595220767,0.213534360828156,0.486782116518849,stable
VKORC1L1,0.00433437951298632,0.609094443397784,0.824049074850903,stable
ZNF337-AS1,0.00432390302153573,0.521911261711292,0.769304625968749,stable
PRR14L,0.00432161682885185,0.917836889737459,0.970640898014595,stable
ZNF530,0.00431930102278537,0.847968463835744,0.943336227044716,stable
PRSS53,0.00431459097264085,0.847194440898164,0.943093055781728,stable
PLA2G12A,0.00431388871152805,0.382571766505451,0.662071874431743,stable
CSK,0.00431337460543379,0.00667775087986755,0.0550022898258766,stable
STARD5,0.00430928905972231,0.294806340789329,0.57716910920292,stable
ACSF3,0.0043026875488785,0.980800472295648,0.993084958362173,stable
DARC,0.00430191535019549,0.699823518912486,0.876590090704604,stable
SNX12,0.00429555335814064,0.824839642017356,0.935818786487049,stable
ZNF625,0.0042929732293943,0.143107902130733,0.387367359531905,stable
SNORD3D,0.0042927080320357,0.427516608970622,0.697007367045485,stable
RELL2,0.00428956700747912,0.301784095671149,0.584073588582033,stable
PCOLCE,0.00427963274684609,0.617628204326453,0.82902022287104,stable
NAPA-AS1,0.00427133086544968,0.0906242099493513,0.294155693685839,stable
ITM2A,0.00426934813398708,0.661351161043302,0.855967601191577,stable
MGMT,0.00426910475209047,0.678809105085471,0.86559677931336,stable
LCN12,0.00426790537582835,0.544743111721212,0.784448195227159,stable
ST7-AS1,0.00426644404436633,0.917379225010395,0.97024084154067,stable
NUDT8,0.00425440458722468,0.872901911191631,0.954585163929727,stable
TTC23L-AS1,0.00424725592556039,0.118565888863299,0.346983343419911,stable
F8A3,0.00422402117705594,0.00105856079270559,0.0143936008120502,stable
ZNF124,0.00422387860641259,0.93421350585422,0.977057150778723,stable
NBEAL1,0.00422358445504434,0.241102086524943,0.51833132354571,stable
RPA1,0.0042104649266503,0.605632160058884,0.822628723183373,stable
FAM120C,0.00418833509120858,0.869493179973449,0.953108845409739,stable
NAP1L2,0.00417675720318814,0.893811902510485,0.961788990120593,stable
MIS18A,0.00417504399462067,0.938850120873395,0.978050338217809,stable
ERBB4,0.00413809957626689,0.118196726841106,0.346400572741713,stable
SH3BP5-AS1,0.00413425584349648,0.971983804595381,0.988891388046104,stable
FAM24B,0.00411376292952874,0.234632208882662,0.51141645121798,stable
DNAI4,0.00410317610699073,0.941634144085734,0.978752045674001,stable
RAB43,0.00409625960780112,0.00339933085633562,0.034455572460901,stable
SRCAP,0.00408829408685114,0.0681046685040616,0.246086747795935,stable
GFPT1,0.00408235945429558,0.93868339132141,0.978050338217809,stable
AGBL3,0.00408046677141238,0.34118674775979,0.621387029222722,stable
NPM2,0.00407029266313602,0.639526279644535,0.843683276751003,stable
ZNF761,0.0040700398210145,0.776407766110219,0.91405756325935,stable
ZNF558,0.00406951069694242,0.172829563041588,0.432480773514917,stable
DCAF16,0.00405702887700871,0.0618684627587696,0.231916617222692,stable
DYNLT1,0.0040548415768924,0.857520832327023,0.947367208436745,stable
C7orf25,0.00404374048850444,0.160610912592492,0.413240958857214,stable
KCNK6,0.0040402646053305,0.932245803285938,0.976200888042819,stable
SYK,0.00402832763606803,0.889737825803445,0.961520371539602,stable
RPAP2,0.00401607482879512,0.98921842388713,0.995705231859479,stable
CFAP96,0.00400417823091653,0.755920932051758,0.905209391986744,stable
IPPK,0.00400412604711603,0.0135656860846267,0.0873693080603144,stable
NDOR1,0.0039954066457774,0.0173968495097635,0.10328270442319,stable
SLC25A11,0.00399321602014036,0.826846527674376,0.93590577110693,stable
FYCO1,0.00398421332895382,0.539094627979631,0.780096929599553,stable
UTP15,0.00398399172200501,0.694210839565462,0.874103660725478,stable
HERC6,0.00397480156798346,0.93426881135519,0.977057150778723,stable
PLK4,0.0039684367516729,0.243695825042061,0.521415245091949,stable
DCDC1,0.00394605050551943,0.487671478243447,0.745628036278661,stable
DNAAF2,0.00392634938664486,0.980547511535322,0.993084958362173,stable
ELF2,0.00392011023025363,0.830273597033564,0.936950613003778,stable
TMEM217,0.00391372185450699,0.817195722809134,0.933433313130128,stable
TTI1,0.00391292913908301,0.823523204833663,0.93525303137207,stable
TMEM106C,0.00389291943540188,0.361723166475394,0.642969897774498,stable
COA7,0.00388606114662263,0.826671968364397,0.93590577110693,stable
GMPR,0.00388568104868749,0.695283678362359,0.874667869126426,stable
CISD1,0.00388375835558624,0.899454607986698,0.964467818248192,stable
CCDC34,0.0038799712503867,0.704886116729342,0.879337920875275,stable
PCDH18,0.00387400600959049,0.778495998053044,0.914671133313235,stable
IRAK4,0.00385042987177162,0.324573514578296,0.605966067892649,stable
PKIG,0.00384983678477334,0.844798202311643,0.942227484038095,stable
GTF2B,0.00384011919368302,0.851749019936819,0.945150691694597,stable
CYB5R4,0.00383816262660162,0.98234769460553,0.993235584686352,stable
STAM-DT,0.00383415652681554,0.633732832780847,0.839470247135143,stable
DLEU2,0.00382980033941683,0.0471492430203458,0.196171663267769,stable
TBC1D1,0.00382911942639243,0.505047156075182,0.757230030156141,stable
MFAP1,0.00382855992526093,0.829660075293903,0.936710516338105,stable
SH3D21,0.00382782897145926,0.396478350311349,0.672012112341366,stable
FCHSD2,0.00381985932316142,0.347781329111369,0.62793781292733,stable
SLC39A9,0.00381468155683115,0.204609682272566,0.47585397031434,stable
DUSP5,0.0038059229103553,0.454062481591371,0.718019246866587,stable
FLVCR1,0.0038010653862832,0.0255051023839405,0.133115808464229,stable
SLC35A5,0.00378711465500418,0.403268367970159,0.67752961210448,stable
RAD21,0.00378175069507813,0.998392778719623,0.998964829914764,stable
SLC26A11,0.0037779634834785,0.758869911075486,0.906599052402916,stable
NLN,0.0037734374280223,0.0856526421603458,0.283667812995954,stable
GCOM1,0.00375950202274486,0.949372465902447,0.981531959428647,stable
TOMM34,0.00373191641628984,0.610687176973608,0.824631972600864,stable
ARF5,0.00373128887793728,0.822186108302347,0.935022317554033,stable
SUV39H2-DT,0.00372866884003788,0.914732676571974,0.968866843290513,stable
SLC2A1,0.00371606632987593,0.403426309334256,0.67752961210448,stable
C6orf226,0.00370245299722335,0.690175737765383,0.87229965937384,stable
SUCLG2-DT,0.00368731883102999,0.948040021680156,0.980609343799139,stable
RNLS,0.0036868297651523,0.360797569655909,0.641697874505142,stable
EMB,0.00368573580517442,0.788372451433634,0.919567256328696,stable
RFT1,0.00368371664432218,0.00755864767438871,0.0593892670629819,stable
CTA-292E10.6,0.00367874489383201,0.447702531263849,0.713670809428239,stable
WIPI2,0.00367704177825501,0.901830957572301,0.965155975877754,stable
NIPSNAP1,0.00367659458290141,0.0188048232973578,0.108021691723168,stable
NSMCE1,0.0036757857264377,0.989777373685726,0.995723694834525,stable
ATP2C1,0.00366500163310707,0.40971073387958,0.682644126076359,stable
RNPS1,0.00364301610530071,0.103124379258492,0.319218134225324,stable
MEPCE,0.00363648420687415,0.976006152068505,0.991004170021215,stable
TDRKH,0.00362943914298406,0.935682024379004,0.977337184141583,stable
SIRT3,0.00361986525818583,0.764243569388328,0.909385125299612,stable
DEPDC5,0.0036006097269628,0.747717953310731,0.900333750866363,stable
PAAF1,0.00359352506811281,0.447052915407773,0.713523249034978,stable
RAP2B,0.00359293837778532,0.498162438218307,0.752165707546211,stable
ZNF594-DT,0.00359230163815931,0.0208752629613822,0.116733400933182,stable
ZNF717,0.00359162574018339,0.766225810582218,0.909951660675258,stable
MAFIP,0.00358944449649997,0.69442121059187,0.874103660725478,stable
LINC00324,0.0035847445642449,0.74884390896456,0.901059941252365,stable
MRTO4,0.00357677762723155,0.873067526400105,0.954656467042105,stable
SNX2,0.00357284463568597,0.852950252747681,0.945412847798335,stable
ZNF470,0.00356707824689372,0.276391649931749,0.557457457887431,stable
KDM6B,0.0035622081694732,0.742541790423411,0.897718410259695,stable
RGS14,0.00355077911310189,0.125251767492435,0.35873420942538,stable
IFT27,0.00354629237495456,0.0399617690125339,0.177159316847563,stable
IGSF6,0.003539455967048,0.00365387306522359,0.0363425096414102,stable
ADHFE1,0.00352619519384018,0.0145476517375378,0.0917124779987943,stable
RNF32,0.00350222056399146,0.747215981549189,0.900333750866363,stable
PPP4R3B-DT,0.00349669839234575,0.639029699462458,0.843187375037743,stable
GRK4,0.00347835850590592,0.130274826148588,0.366424177367774,stable
DNAH7,0.003470884858411,0.954438506001927,0.982654451054287,stable
TNFRSF1B,0.00346488677771876,0.127541128887288,0.362578516310841,stable
SUGT1,0.00346436404259637,0.845159376823572,0.942453011195424,stable
PTPN23,0.00345940670998285,0.328926896385192,0.610785717972443,stable
CDKN2B-AS1,0.00345639265680581,0.958251076560417,0.983889316884436,stable
ZNF691,0.00345371124484253,0.879945833697764,0.957281275272343,stable
LINC00921,0.00345230817769874,0.772131495748618,0.912127933258943,stable
PI4K2A,0.00344823167781812,0.604238304568549,0.821785606925449,stable
CTNNB1,0.0034473172044045,0.23107814985721,0.507948085569959,stable
FGF7,0.00344421537372464,0.980348129930897,0.993084958362173,stable
KIF20B,0.00344271191645398,0.886779856965808,0.959732686618073,stable
CD96,0.00344104300442031,0.908142302516122,0.966997517940512,stable
ACER3,0.00342151822266822,0.966433268531767,0.987360802843401,stable
C6orf211,0.003418971798892,0.963964879671056,0.986441438635774,stable
SUGT1-DT,0.00340942576537718,0.00316133526362903,0.0325895746920091,stable
PRDM6,0.00340864922735863,0.101306489354373,0.31599145850162,stable
FZD4,0.00340486849979898,0.957070462647933,0.983727119653955,stable
MIR4453,0.00340231010032162,0.344400321761977,0.624075792201696,stable
DUSP15,0.0033967178214802,0.728776613469043,0.890500332171689,stable
C2CD2,0.0033961847827786,0.0473510895450956,0.19644140542535,stable
CDK14,0.00339583017408218,0.711927198617407,0.883015177920431,stable
TMEM50B,0.00338739949382472,0.652613226687022,0.850575123469682,stable
PRKAR1B,0.00338349074836763,0.990274099568147,0.995977504782049,stable
PCBP3,0.00337560691614022,0.874213743722173,0.95533602746825,stable
RGS9BP,0.00336500514550983,0.611376355876994,0.824703660807809,stable
FAM86A,0.00336470572036438,0.0234181385891127,0.126549787366648,stable
ZBTB2,0.00335833848473371,0.769168708327752,0.910547965388189,stable
MCTP2,0.00335751637693946,0.0268285151801161,0.137910752549091,stable
PAQR6,0.00333583209541636,0.00178251734753059,0.0213622471139352,stable
TLCD1,0.00332176757881207,0.985117917897307,0.994232533055583,stable
SEPT11,0.0033033569674821,0.901721639443989,0.965155975877754,stable
MATCAP1,0.00328439711395743,0.673518704697783,0.862645918506465,stable
MUM1L1,0.00327986690339065,0.40419660399997,0.678389266996478,stable
SLC9A7,0.0032739083260428,0.843434437114304,0.941855471536939,stable
CYP2R1,0.00327185998627469,0.993122802494929,0.996483019854554,stable
PIP4K2A,0.00325799061166647,0.016519717882656,0.100018341454971,stable
FGR,0.00324878175102757,0.961092106216058,0.98535518798835,stable
RIN3,0.00324705537622133,0.804053551854676,0.9269266975139,stable
CHD1-DT,0.00324009646462323,0.606692102259179,0.823016785930109,stable
DNAJA4,0.00323017998469347,0.968662041875024,0.987978706706741,stable
EPM2A,0.00322954091982322,0.928907919962178,0.974508274426508,stable
MTA2,0.00322331276925759,0.977051760362387,0.991901064585152,stable
ZNF34,0.00322184191982144,0.941880863041125,0.978793817037721,stable
BAZ1A,0.00321351149821689,0.302026836418259,0.58435834890421,stable
MID2,0.00321048052096935,0.0507847504899877,0.205177215961993,stable
NNT-AS1,0.00319588386665326,0.894638819087348,0.962088935033319,stable
ZNF835,0.00318282496806508,0.76871713465378,0.910547965388189,stable
KIF23,0.00317133605027152,0.126074909178318,0.360500512232926,stable
ZBTB48,0.00316978621174417,0.925165342056412,0.973976694581732,stable
LRRC20,0.00316721216125894,0.0283590997189716,0.143340411703457,stable
KAZALD1,0.00316547363073265,0.0485018318479446,0.199214082106156,stable
FBXO27,0.00315457984199827,0.911637178041828,0.967964416875136,stable
IZUMO4,0.00314205376930192,0.85392140782268,0.945839960805358,stable
NDE1,0.00313483203930706,0.0195406702836052,0.111151769914746,stable
RASSF3,0.00312190465859424,0.992456979347965,0.996399972695511,stable
PSD,0.00311764354237114,0.213812880238674,0.486782116518849,stable
PLOD3,0.00311587350620871,0.87624373488217,0.955930693012017,stable
GABBR1,0.00310128371693845,0.988746388564614,0.995682616483544,stable
ZFYVE28,0.00309685473033899,0.469410373055287,0.730986738622567,stable
DARS1,0.00309431454188486,0.809908037349733,0.930362273094961,stable
HCLS1,0.00309104961958232,0.90264725348048,0.965518523429094,stable
GARIN5A,0.0030875571087796,0.00750543200740572,0.0593057443745821,stable
ZNF20,0.00308440667132779,0.909466538353934,0.967191701426525,stable
NBEA,0.00307754554791861,0.967479269529878,0.987513910381866,stable
NMNAT1,0.00307453297930736,0.756299219615777,0.905301949705956,stable
SAP25,0.00307312690544884,0.469442355392007,0.730986738622567,stable
ZNF223,0.0030692672925669,0.860526164248216,0.948689739517514,stable
ZNF512B,0.00306253559058589,0.356713882367674,0.637123100242905,stable
FAM200C,0.00303421534883411,0.863150813014189,0.950074953026825,stable
RNF43,0.00302325606533754,0.993140758416888,0.996483019854554,stable
CTNNAL1,0.00301707473018578,0.610860093729277,0.824641899453861,stable
KLHL12,0.0030102034841364,0.973986227683795,0.990008845424245,stable
CAHM,0.00300726163889079,0.000135037121062307,0.00279305206068636,stable
C11orf48,0.00300253250597459,0.0692468819855768,0.248578360120619,stable
COX10,0.00298862544843342,0.985642774927154,0.994232533055583,stable
PDE4DIPP6,0.002985871890884,0.201454839484108,0.472937191829025,stable
SGK3,0.00298247874594682,0.920566007935247,0.972097346320012,stable
LRRC41,0.00298065558912961,0.657095593916668,0.854355424132687,stable
POT1-AS1,0.00297927569085332,0.910409607215519,0.967596159570772,stable
ESAM-AS1,0.00297228165142657,0.0185509049524755,0.107332111032563,stable
ZNF696,0.00297100537586516,0.775906510468307,0.913833816741939,stable
MACIR,0.0029614683274506,0.791299140403174,0.920671481459974,stable
INMT,0.00294825995737869,0.0246036398928306,0.130028056225664,stable
MTHFD2,0.00294670679869095,0.96319089841202,0.986440465869669,stable
FAM219A,0.00294159817920095,0.97122109787135,0.98882979464914,stable
SMARCD3,0.00294103191370297,0.788860749375621,0.919801494323818,stable
SAFB2,0.00292839960358782,0.979458505846636,0.993073914798438,stable
MIX23,0.00292322593497306,0.0754790050041109,0.260858172793399,stable
AGPAT5,0.00292243336475145,6.69352293710006e-06,0.000208728633630385,stable
SELT,0.00291991260220181,0.202002615892119,0.473382765383942,stable
C16orf46,0.00289467403594337,0.673193628729208,0.86259108150795,stable
LINC02986,0.0028770920047256,0.745698963763653,0.899844435641352,stable
STK19,0.002876320622686,0.91059632596178,0.967596159570772,stable
ATAT1,0.00287122652024695,0.713738399771402,0.883965369686486,stable
ELAC1,0.00286770592859003,0.971276124374364,0.98882979464914,stable
HERPUD2-AS1,0.00286542608603703,0.989270291306722,0.995705231859479,stable
CERK,0.00285909139590344,0.883216397061082,0.958730961433017,stable
RECK,0.00284711290183572,0.646767664956539,0.84742536350458,stable
TGIF2,0.00284224206874432,0.979916923337692,0.993084958362173,stable
CYB5D1,0.00283226293277664,0.123585311275898,0.356527585682461,stable
ADNP2,0.00282436773945838,0.284082184373458,0.565665519104276,stable
PGAP1,0.00281794992061071,0.325662059924945,0.606935968977363,stable
TREM1,0.00280642042376691,0.595749193068264,0.817792042230933,stable
BCAS2,0.00279992759878298,0.717694363767593,0.885496058128456,stable
ACADM,0.00279323714230545,0.23965637011137,0.516678224197733,stable
CRTC1,0.00279280575868652,0.0235771751329078,0.126958404052589,stable
IGKV4-1,0.00279272172410314,0.507454889641513,0.758666156427512,stable
PSCA,0.00278898915919973,0.920873396211556,0.972133137745347,stable
FRRS1,0.00278676428924933,0.0210773768542172,0.117487393828523,stable
PLCH1,0.00278327249546598,0.110319429453429,0.331826945285117,stable
UEVLD,0.00278209770472948,0.935040690014042,0.977133108461485,stable
CCL18,0.00278171501708243,0.2371108580814,0.513453167260767,stable
FAM149A,0.0027701431011754,0.602230883976562,0.820754409761047,stable
FOSL2-AS1,0.00276670420231753,0.920918008433502,0.972133137745347,stable
ZSCAN22,0.00274751480674612,0.468363598415292,0.729613435329238,stable
SNX16,0.00274089232020882,0.000446802052018718,0.00739067426776293,stable
ARL15,0.00272611420027193,0.945694850309689,0.980023053251926,stable
SSPN,0.00272239648482553,0.825822938401556,0.935850933184653,stable
GDPGP1,0.0027147541507975,0.867458321513396,0.951782651663204,stable
SLTM,0.00271420573383763,0.327072763425054,0.608729820357469,stable
HP,0.0027135373555117,0.889827825911766,0.961520371539602,stable
ZNF737,0.00269483210058095,0.944620636253862,0.979725323058477,stable
CDC20-DT,0.00268911667464824,0.714028324619212,0.884055731808493,stable
FAM129B,0.002688918475241,0.659759356258495,0.854990663385513,stable
ZNF786,0.0026876067179429,0.323948090523944,0.60531052561368,stable
FPR1,0.00267922353822895,0.833285841785724,0.938377349607433,stable
OCA2,0.00266463200370067,0.539478913829548,0.780332533741853,stable
LINC02925,0.00265176329814463,0.0345096371937939,0.161629131109697,stable
SLC30A6,0.00264080549330842,0.949782362997484,0.981531959428647,stable
RIMOC1,0.00263948394770103,0.302919290153335,0.585509494059531,stable
BLOC1S3,0.00263285268587141,0.943111235096433,0.979389111038598,stable
CCDC19,0.00262741795661315,0.309674707630948,0.592893795434542,stable
SOCS3-DT,0.00262292169666164,0.893254189705673,0.961784481191064,stable
ACSM1,0.00262041355312742,0.954410476267831,0.982654451054287,stable
KLB,0.00261922314183034,0.735734869036256,0.894087189491917,stable
MAF,0.00261645604342713,0.884372818384888,0.959035006877988,stable
XRCC6BP1,0.00261420992570023,0.309503624361209,0.592893795434542,stable
ALG10,0.00261256665925352,0.853106579287223,0.945455559855577,stable
MOB3C,0.00260232110273451,0.0639180608699248,0.235910137703491,stable
HSPA6,0.00260068341742249,0.859874210791355,0.948547117974925,stable
MED28,0.00258580353093665,0.9719262744351,0.988891388046104,stable
UBAC1,0.00258351611076768,0.843944950545229,0.941855471536939,stable
ATG7,0.00258245114124051,0.905296798219977,0.96626332787898,stable
MRFAP1L2,0.00257847606819704,0.0013231868040534,0.01696591441928,stable
TUBGCP4,0.00256637665950568,0.866798514301036,0.951495674016502,stable
TCFL5,0.00254748599196189,0.00286684844831241,0.0303604709802956,stable
ZNF442,0.00254289542532324,0.718974504247894,0.885783545648686,stable
IGKC,0.00253666343004171,0.698034364713409,0.876163931610284,stable
CDS1,0.00252644864699805,0.410786524337133,0.683821754263527,stable
TIMM23,0.0025201463822381,0.979961337499443,0.993084958362173,stable
ZNF19,0.00251727522654331,0.950275928357478,0.981676071008351,stable
LINC00294,0.00250658763292836,0.969116872219396,0.988167294928861,stable
ZUFSP,0.00249053343886678,0.0469127219783778,0.195463416992883,stable
KDM1A,0.0024887064016966,0.539901865522019,0.780667187620198,stable
FXN,0.00248252672913231,0.936464510490684,0.977653273228979,stable
ZNF674-AS1,0.00247954600326187,0.559911076742839,0.795300139682136,stable
ZNF319,0.0024622459134783,0.98543676305725,0.994232533055583,stable
KSR2,0.00244552066043891,0.115977365566864,0.342606891418401,stable
CD276,0.002437145071402,0.205224848241808,0.4768881985464,stable
KIAA1456,0.00243249015326098,0.957607148477147,0.983762482812391,stable
CCDC170,0.00242948270491525,0.604586143165341,0.821958118418445,stable
MALRD1,0.00241992232889382,0.53912457961854,0.780096929599553,stable
OR5P2,0.00241587528343887,0.0714694645638245,0.252866179578223,stable
PPM1A,0.00241429322038431,0.928774401729541,0.974508274426508,stable
GATD3B,0.00241260162647916,0.0027341590260252,0.0293435995909851,stable
CIMAP3,0.00241026090520605,0.191216274914462,0.458139503048685,stable
IDH3G,0.00240801336780788,0.990886781782767,0.996189688481448,stable
AKT2,0.00240730911779621,0.0546019313557478,0.214546450945889,stable
ZNF789,0.00239784655275137,0.079356733151072,0.269822997990567,stable
AMDHD1,0.00238858001054249,0.40811960306051,0.681974158910177,stable
ZNF747-DT,0.00238097119831666,0.981423305395842,0.993084958362173,stable
RAD51C,0.00237267151133755,0.0417283354242715,0.182043958681761,stable
HSD3B7,0.00235102000396131,0.749267210340963,0.901125775207391,stable
UST,0.00234871882420428,0.183302331890034,0.446441064957916,stable
DCAF12,0.00233532037064634,0.899896400964127,0.964762992600565,stable
COQ3,0.00233420406635083,0.769861342283682,0.9111032092241,stable
PTPN11,0.00232714850667148,0.98205905937645,0.993218159417392,stable
ZNF764,0.00232544227673787,0.102683687415367,0.318441090257183,stable
SLC38A4-AS1,0.00232495110466362,0.720267975364157,0.886037610028324,stable
DGUOK,0.00231127596788616,0.810070217512526,0.930362273094961,stable
BTD,0.00230912686230803,0.236899988841397,0.513360302002701,stable
LRIG3,0.00230816019825549,0.410676549871943,0.683821754263527,stable
ELL2,0.00230168113592241,0.985596457227345,0.994232533055583,stable
PAGR1,0.00229479871443395,0.0641710069749119,0.236273008813652,stable
TUBG2,0.00228693733964069,0.77702965866091,0.914099754351936,stable
KHDRBS2,0.00228061625255765,0.388304217178058,0.666214535013589,stable
PMAIP1,0.00227775100445615,0.833157916055837,0.938377349607433,stable
CTCF,0.00227734605304628,0.904390851174252,0.96626332787898,stable
USP46-DT,0.00226135284672397,0.937016200533485,0.97772821470946,stable
ADAMTS1,0.00225883272858985,0.000910469320977227,0.0127531943610248,stable
SMPD2,0.00225726600894034,0.415703703748761,0.688185546400982,stable
ITGBL1,0.002252779315637,0.875168806804518,0.955701506332611,stable
INTS5,0.00224811713417117,0.965006921416951,0.986959641759916,stable
CCDC17,0.00223825267152155,0.786278143636816,0.918578784015409,stable
FAM85A,0.00223742244297115,0.413004757719819,0.685815950205815,stable
SRBD1,0.00223164666182426,0.594804512848358,0.817229444201229,stable
APP-DT,0.00222736413462391,0.0452235377157688,0.190690764069527,stable
ZNF778-DT,0.00220983645255557,0.488574323858456,0.745976000832474,stable
METTL14,0.00220474603870383,0.787458214059453,0.919027039207824,stable
RTN4IP1,0.00220004553874455,0.719508886235803,0.885977187947614,stable
NEK5,0.00218115761133245,0.826809183802278,0.93590577110693,stable
FAM134A,0.00217741933322974,0.451554493246472,0.716723039534043,stable
ATP5L2,0.00217219812292293,0.921691269789913,0.97260504587103,stable
RFC5,0.00215719380425555,0.979506887330233,0.993073914798438,stable
PSMC4,0.00215083762330964,0.67505762978688,0.863802414583358,stable
SPTLC3,0.00213886137971435,0.173308024728107,0.433234620506418,stable
SLC6A8,0.00213427267736003,0.749258711083196,0.901125775207391,stable
RABL5,0.00212323642521212,0.988986322622305,0.995682616483544,stable
COG6,0.00210100586328678,0.888160303579216,0.960530085017459,stable
RHOT2,0.00208615904075521,0.46707298342128,0.728810333079107,stable
TRABD,0.00207594691816221,0.378149179850159,0.658475153061018,stable
PCIF1,0.00206739764160282,0.0729569194660409,0.255977435003698,stable
AP1B1,0.00206578000667187,0.224264130915281,0.49793285467505,stable
ZNF805,0.0020636550680905,0.947755495123507,0.980595000995251,stable
CDC34,0.00204542882027645,0.154083396534624,0.403322363862792,stable
MADCAM1,0.00204288243405278,0.968124836997982,0.987869714625912,stable
ZBTB7C,0.00203735025326639,0.0194516250673036,0.110748330145654,stable
GAA,0.00203497763274191,0.647967115882452,0.847580833510842,stable
CCDC30,0.00203496728643066,0.0391453257577089,0.174958852673577,stable
DBF4B,0.00203430254071321,0.954212950102795,0.982654451054287,stable
KLHL42,0.00203416403230894,0.866065005347569,0.950997076086496,stable
SRRD,0.00202239903115821,0.993042033733689,0.996483019854554,stable
DNAJB13,0.00201588610956458,0.940252824895772,0.978070140826027,stable
NEIL2,0.00201421129450341,0.883840669872414,0.958827506968441,stable
COPB2-DT,0.0020124638685083,0.910610944535891,0.967596159570772,stable
TIGD6,0.00201028076524963,0.326165313365229,0.607503396400513,stable
CCL4L2,0.00200540640833733,0.583087445465447,0.809777429376235,stable
TMEM254,0.00199925403733783,0.996792297377962,0.998344042863434,stable
RNF26,0.00199754904651948,0.993090948798699,0.996483019854554,stable
ZC3H12B,0.00199407458008324,0.559019603346847,0.79470711408721,stable
TMEM231,0.00198744910239302,0.90977473399458,0.967387469411078,stable
ENG,0.00197740585071357,0.117324290233076,0.344670947524172,stable
ETV6,0.0019770562512883,0.00133168380230345,0.0170455526694842,stable
TBC1D13,0.00197097750494894,0.995193327280771,0.997641728118758,stable
TCF19,0.00196422004156816,0.895824477710463,0.962661151373214,stable
HCCS,0.00196357614013994,0.875248311683563,0.955701506332611,stable
LCDR,0.00195700861706759,0.78965536498641,0.920056596383028,stable
SYDE1,0.00195111690249795,0.845737005502579,0.942554511458394,stable
CENPP,0.00193827161119535,0.958373286675909,0.983889316884436,stable
ZNF778,0.00192465259800813,0.98444364978932,0.994232533055583,stable
RASSF1-AS1,0.00190820508349567,0.845254942591073,0.942453011195424,stable
SNAP47,0.00188362668322996,0.812474922173351,0.931129827570615,stable
LARGE,0.00186265333099463,0.957573799819959,0.983762482812391,stable
NABP2,0.00186253337083879,0.167575334117842,0.424709457180594,stable
FAM133B,0.0018590130412231,0.602497293863951,0.820826971995407,stable
EEFSEC,0.00184865161165776,0.504770229068741,0.756977199410325,stable
GAB3,0.00184724811951658,0.989505787171862,0.995723694834525,stable
VWA1,0.00184073709171922,0.916529206772062,0.969904023295652,stable
TRIM5,0.00183695912704071,0.824648441596792,0.935818786487049,stable
DHFRL1,0.00182262350234905,0.816626790006843,0.933433313130128,stable
LEPRE1,0.00182191435364731,0.327816009964086,0.6094715323444,stable
DDX60L,0.00180428143133002,0.810514834929269,0.930478337920303,stable
MCF2L-AS1,0.00179855892117781,0.00804687551272692,0.0614633908740623,stable
TMEM201,0.00179304581336993,0.81953844794154,0.934082796050106,stable
SEC24C,0.00178658478319271,0.745919145941651,0.900006979875993,stable
TNS2-AS1,0.0017590255696449,0.202525764709797,0.473976151439988,stable
C9orf96,0.00175878818749653,0.822234925781095,0.935022317554033,stable
SIRT5,0.00174799205118664,0.501977654587207,0.7549427718595,stable
EEIG2,0.00174093479766997,0.657838455805063,0.854479910511795,stable
NHSL2,0.00171567786268365,0.831666142303331,0.937416959291463,stable
LRRC37A2,0.00171450099310927,0.0261997553962523,0.135763378534883,stable
PARP16,0.00171242938687418,0.000333139988198612,0.00585942908739544,stable
TOB1,0.0016806624119407,0.447131666770608,0.713523249034978,stable
SLC66A1LP,0.00166865294598406,0.992444542747959,0.996399972695511,stable
KIAA0195,0.00165112736135827,0.300332097189725,0.583017239327806,stable
MIR4519,0.00164377427687992,0.0731685461464233,0.256432464987112,stable
ATAD3A,0.00163912369600759,0.854979030736132,0.946329561003121,stable
PPP1R14A,0.00163683085166891,0.00256152547413188,0.0278958593249176,stable
PPP1R18,0.00163658994184996,0.344558942669423,0.624075939426733,stable
DCK,0.00163522204403095,0.129464191106467,0.365256939684845,stable
NOMO2,0.00162746333846743,0.316505700987948,0.599661068340004,stable
ZNF92,0.00162416197413393,0.00483883157586491,0.0434606004286353,stable
TMED2,0.00162113826344212,0.999242360021379,0.999662711728147,stable
ZNF385A,0.00161944258507207,0.487538651732493,0.745567864680294,stable
ERICH1,0.0016008185404604,0.299533647209472,0.582392127165356,stable
SDSL,0.00159921750113119,0.633997817535311,0.839470247135143,stable
PIAS4,0.00159577815425392,0.901841826056964,0.965155975877754,stable
TET2,0.00158912792823814,0.956156366611142,0.983429148124073,stable
ZNF549,0.00158781968726831,0.87007978760106,0.953231352699473,stable
NIPAL1,0.00157600926944907,0.969133087997982,0.988167294928861,stable
EIF4E3,0.00157456045087326,0.992414886040219,0.996399972695511,stable
NUP93,0.00155063421536814,0.00821744223785943,0.0623511112083165,stable
EXOC3L1,0.00153919831581677,0.35247374569813,0.632785316093923,stable
ADPRM,0.00153490780075951,0.657677925465872,0.854479910511795,stable
HAUS7,0.00153427606320269,0.680078429959897,0.866598428836629,stable
CNOT11,0.00153413344081708,0.364157828402528,0.644672743576032,stable
DDX19A,0.00153284797497966,0.527880094288051,0.772328698094211,stable
SLC2A6,0.00153240184187977,0.740615350533774,0.89627581872338,stable
LRR1,0.001529910214813,0.98249309300126,0.993255457141741,stable
TMPRSS7,0.00152966422902858,0.94343258243012,0.979490393037691,stable
SOCS7,0.00151404360945855,0.607478321654976,0.823423490253329,stable
MYG1,0.0014834651327553,0.234073703425679,0.511151797926666,stable
SLC30A6-DT,0.00147520838650538,0.282748593554088,0.56396643595965,stable
LRRC36,0.00146481914603962,0.918721481839446,0.971240283144979,stable
SAMHD1,0.00144776381084073,0.956274991528572,0.983468407912272,stable
FBXL13,0.00143896639042116,0.484295849794776,0.743722671845646,stable
CCDC117,0.00143239933730656,0.91091075126706,0.967596159570772,stable
HMOX2,0.00142366848644243,0.784508163547538,0.917868875037064,stable
BMPER,0.00141840085800432,0.692838164895574,0.873639512428346,stable
CABLES2,0.00140733920100405,0.0689095826633379,0.247969013387295,stable
BIN3,0.00140031745290668,0.763522126238843,0.909024715670191,stable
TRPV1,0.00138959645003475,0.0164431994666623,0.0996537780270101,stable
GNPNAT1,0.00138908683181077,0.965883824849788,0.98713798355911,stable
DOCK6,0.00137429223761552,0.0486011289796832,0.199429406058291,stable
KCNAB3,0.00136391244319046,0.99437887817229,0.996988796487703,stable
POC1A,0.00135654204117836,0.0999047066763064,0.313770420078993,stable
LINC03052,0.0013420664707168,0.983552470075811,0.993960432722116,stable
PRIMPOL,0.00133093670220451,0.228176739060877,0.503744348614803,stable
ERMARD,0.00132302463034836,0.717799446989109,0.885496058128456,stable
APPBP2,0.00132079849135067,0.877692692448439,0.956698780467053,stable
C1RL-AS1,0.00131794770986772,0.22046590001699,0.49412819248399,stable
ZC3H11A,0.00131723071821616,0.911842084126933,0.967964416875136,stable
LINC03073,0.00131602443795554,0.920214797747279,0.971810426579935,stable
APOBEC3C,0.00131467854922155,0.986353753553619,0.994316436516614,stable
DLST,0.00131082650760903,0.532142871246736,0.77476351335399,stable
FBXL18,0.00131076358050394,0.0497736485895401,0.202675909513171,stable
AIF1,0.001310409822667,0.0547954356439918,0.215099359445137,stable
SPATA18,0.00130156396580609,0.901429090367184,0.965155975877754,stable
CDC42SE1,0.00129693910096884,0.99808531331419,0.998784492923537,stable
DCUN1D5,0.00129352492774246,0.840366234092814,0.941123400738549,stable
MIR181A1HG,0.00129113020272021,0.436602797800588,0.706050086031802,stable
RNF166,0.00129015860054921,0.643816958561244,0.845499012722268,stable
MTIF2,0.00128991194277446,0.653014132853374,0.850825707757407,stable
PRIM1,0.00128331166048037,0.233943331472105,0.511151797926666,stable
HOATZ,0.00127824253696597,0.167792317126905,0.424920920770517,stable
RYR1,0.00127444144817606,0.936038315580265,0.977455505622988,stable
PDCD2L,0.00126034231323655,0.958944196887866,0.984226184950233,stable
ASB8,0.00125712432158359,0.81934791133556,0.933952710571231,stable
PI4KB,0.00124488966931535,0.90529219694956,0.96626332787898,stable
PMF1,0.00122520658858083,0.491973324803426,0.747804513954856,stable
CRYBB2,0.00122221656719569,0.990183476588268,0.995977504782049,stable
FAM175A,0.00121971201379498,0.78162264995505,0.916416197300071,stable
PIK3C2B,0.00121776941511039,0.0088734105894471,0.0654968758184521,stable
RLIM,0.0012090167902785,0.995909321922421,0.998071534959333,stable
DLGAP1-AS2,0.00120717888206526,0.0110076038388719,0.075721412113883,stable
RAD52,0.00120597530608163,0.789838176682519,0.920056596383028,stable
EIF4E2,0.00119758039720008,0.989004284084255,0.995682616483544,stable
MTA3,0.00118739923359645,0.99647801446877,0.998330711231211,stable
ZNF416,0.00116320450833071,0.541439770117983,0.781930955150089,stable
ZNF500,0.00116222748494757,0.00112587060072411,0.0150575954302533,stable
POU2AF3,0.00116195343551526,0.853995062778856,0.945839960805358,stable
BRAF,0.00114305914048776,0.709452236824779,0.881738433505517,stable
DDA1,0.00114252293181905,0.00186143351538367,0.0221775470682748,stable
TACC1,0.00113382382690497,0.877615916463021,0.956698780467053,stable
TRIM47,0.00112600583000702,0.860378647458924,0.948689739517514,stable
ISCA2,0.00112337151986458,0.904005963976859,0.966043264590709,stable
SPIN2B,0.00112007186321081,0.68429655661857,0.868984116778038,stable
ATP6V1E2,0.00111132786475678,0.957470369507948,0.983762482812391,stable
TTC4,0.0010978708452281,0.365873137286592,0.646241655969526,stable
BCDIN3D,0.00109652032981099,0.988767151972586,0.995682616483544,stable
WDR53,0.00109508663774281,0.877937879465958,0.956698780467053,stable
NEDD4,0.0010883586701742,0.868660104247904,0.952417357101657,stable
CALCRL,0.00108271301778776,0.990218315710409,0.995977504782049,stable
FAM218A,0.00107704071474189,0.0522699753580933,0.208775777432598,stable
MIR3677HG,0.00107605904418393,0.153788133273846,0.402808258225732,stable
TAF12,0.00106928381205709,0.299398050621436,0.582221089849895,stable
DYNC2H1,0.0010656662694917,0.667351239438295,0.859361206628978,stable
ASCL5,0.00106350457232835,0.913291816908584,0.968263588021728,stable
WDR20,0.0010566391660732,0.888475607410065,0.9607860779353,stable
FAM109B,0.00105632805141047,0.980123409175165,0.993084958362173,stable
C11orf24,0.00105427023582602,0.848030251881085,0.943336227044716,stable
ZCCHC14,0.00104913543061527,0.966821253406483,0.987419416963895,stable
SHC1,0.00104282908329215,0.0504013734874623,0.204131322199343,stable
DYRK2,0.00103808502191587,0.966562220939021,0.987360802843401,stable
PFKFB4,0.00102823230585528,0.445757535590672,0.71256033431189,stable
FCER1G,0.00102793557011301,0.993093580954255,0.996483019854554,stable
SYTL2,0.00102792393108723,0.965060792194072,0.986959641759916,stable
DYRK3,0.00102739700401058,0.708738385733436,0.881344661974112,stable
FAM168A,0.00101730819160989,0.979394904815727,0.993073914798438,stable
C16orf95-DT,0.00101340465278768,0.992144447698527,0.996399972695511,stable
SUV39H1,0.00100454055135565,0.388892675647,0.666780466376766,stable
NSMCE2,0.00100181340098102,0.942123220388235,0.978962448659112,stable
DNAJC18,0.00100170565152842,0.267984756297874,0.549148348992775,stable
BBS5,0.000993966312521914,0.993548201092132,0.996653085674945,stable
SLA,0.000993594442281824,0.954118024238545,0.982654451054287,stable
LINC00960,0.000979827951345519,0.811120620405413,0.93060503042426,stable
LIMK1,0.000974606184981762,0.877869953834798,0.956698780467053,stable
DNAL4,0.000974010891347105,0.164698620232803,0.42048369543145,stable
THAP7,0.000964351869523428,0.309688063142142,0.592893795434542,stable
FOXO1,0.000963113282926344,0.51494092292167,0.764376179938615,stable
ZNF140,0.000956950143176372,0.994146960126523,0.99683803138271,stable
CD63-AS1,0.000951951958554575,0.879826064703114,0.957281275272343,stable
RNF19B,0.000943269452139822,0.240776855889683,0.517913063383704,stable
CLEC2D,0.000935114514569756,0.0103879744142829,0.072686090005835,stable
METTL18,0.000932659328015385,0.89154197033167,0.961652449637532,stable
GARNL3,0.000931714418687921,0.0177920034216074,0.104640596978301,stable
PSD3,0.000926351305552065,0.214835440324366,0.487867300407087,stable
MUTYH,0.000921630669013171,0.651955616445337,0.849808643146492,stable
EFCAB7,0.000916710826347387,0.765332015723852,0.909951660675258,stable
ZDHHC4,0.000916148898762903,0.356975292602339,0.637310643606104,stable
ZCWPW1,0.000914069889439949,0.945126319537722,0.979834121790273,stable
TRIM71,0.00090848093814621,0.000568920402669497,0.00890458771092437,stable
WDR55,0.000908274031835396,0.929638636160361,0.975007190252002,stable
PAPD5,0.000905906625177519,0.30437969418518,0.587423015743548,stable
TADA2A,0.000903413342312559,0.997750545463339,0.998784492923537,stable
PRPF6,0.000900987393220309,0.218844420544036,0.492480522225754,stable
IWS1,0.000897164054670108,0.864058141912723,0.950074953026825,stable
FRY,0.000893094656191626,0.858304923818534,0.947693920039541,stable
CNN3-DT,0.000876898413895454,0.00453330943887258,0.0421087952741478,stable
BBS12,0.00087678603809669,0.900888673020896,0.964898637295907,stable
TMEM241,0.000868046466038983,0.994987398011126,0.997517096144345,stable
ASIC3,0.000852794429947207,0.262125087617356,0.542627785103228,stable
CMPK1,0.00084992462790412,0.886794886727023,0.959732686618073,stable
SMYD5,0.000849547974558957,0.0755424892927971,0.261003784373983,stable
SEPSECS-AS1,0.000832031890945162,0.831790483267271,0.937470668214929,stable
OSCAR,0.000830489779240627,0.00195422520040917,0.0229283285530566,stable
TMEM69,0.000820658909072236,0.996982817155999,0.998371258860893,stable
CDK8,0.000815528978841948,0.996667576120499,0.998330711231211,stable
SLC29A2,0.000807021070833601,0.834360229739389,0.93906817496863,stable
STXBP4,0.000800819143262188,0.92512042133797,0.973976694581732,stable
SLC35E3,0.000799477273470517,0.891754629428852,0.961652449637532,stable
SLC35B3,0.000795938184376802,0.898150016997957,0.963829848808974,stable
NAALADL2,0.000792226396193092,0.897721716934617,0.963493996530512,stable
NR2C2,0.00076049664865907,0.714358325292377,0.88410612213972,stable
LINC02696,0.00075951895250026,0.730981115505395,0.891323008073611,stable
MAGEF1,0.000742045959958859,0.847930701807881,0.943336227044716,stable
SLC20A1,0.000735860509194358,0.821829171932633,0.934873241652459,stable
ALDH18A1,0.000732675152440909,0.757840728065673,0.906068965738157,stable
PPAT,0.000725682568011608,0.93274364038963,0.97643729212322,stable
LDHD,0.000713811249929534,0.979306079626922,0.993073914798438,stable
PARVB,0.000704343504906425,0.00919789614323655,0.0671077001346489,stable
C1QA,0.000703780471838389,0.995807310708509,0.998071534959333,stable
DKFZP667F0711,0.000703131725396355,0.9068468327368,0.96637189045661,stable
SUV39H2,0.000698017450397076,0.906920307254223,0.96637189045661,stable
GPR63,0.000690619337911791,0.00843068076866797,0.0635282251719004,stable
PAPSS1,0.000684392938343104,0.741465854738974,0.897127448117313,stable
ANKRD17,0.000676409371720921,0.531759407107627,0.774506984047609,stable
RBM38,0.000672037663661786,0.975924596934373,0.991003677764228,stable
C1orf192,0.000666605645942037,0.828127968884022,0.936412634041397,stable
UCKL1-AS1,0.000664926048454122,0.820707258561004,0.934474621181832,stable
ZFYVE1,0.000662486382491348,0.277825275295064,0.55936259294077,stable
LNC-LBCS,0.00065341266437712,0.905312448526087,0.96626332787898,stable
ZNF70,0.000650866878493986,0.905366828816865,0.96626332787898,stable
ZNF671,0.000646261605835162,0.839734433576655,0.94069957075156,stable
FAM220A,0.00064456625011599,0.312172556630717,0.595584451924267,stable
ZNF174,0.00064246793212247,0.21369703646637,0.486782116518849,stable
SUPV3L1,0.000641940855759568,0.670961784068419,0.861356526827594,stable
TMEM86B,0.00063349397804402,0.69632352852553,0.875075440803544,stable
AUH,0.000627469961832355,0.93990238397948,0.978064239181509,stable
MFI2,0.000622814005913013,0.489717517767169,0.746420268725866,stable
FBXO3,0.000622072582706579,0.892646349640742,0.961652449637532,stable
NAGS,0.000621160115940676,0.974121708610262,0.990008845424245,stable
FBXL9P,0.00061801107836235,0.117324592003279,0.344670947524172,stable
SLC11A1,0.000607321978260994,0.77104283898517,0.91159616222782,stable
ZNF585B,0.000601256137013465,0.596671137608593,0.818275723296654,stable
KRT81,0.000597563041598049,0.827033224762522,0.93590577110693,stable
THTPA,0.000594067417909495,0.335739187512841,0.616597930913006,stable
ATXN7,0.000593023976700663,0.981851454788915,0.993196350494133,stable
TGDS,0.000583467154013709,0.986230600715166,0.994283122733376,stable
SEMA4D,0.000583001894654552,0.680171345326897,0.866626487937877,stable
TYMS,0.000582942623906371,0.457861222360442,0.720599405450502,stable
AMER1,0.000573594667572241,0.900214778700341,0.964855291155174,stable
C9orf40,0.000572003908101889,0.905189962578076,0.96626332787898,stable
FBXW9,0.000569561101095177,0.150699431488292,0.398547990872849,stable
PGLS-DT,0.00056847040425554,0.97583964077405,0.991003677764228,stable
BDH1,0.000565893648295124,0.978790536261661,0.993073914798438,stable
ZFP82,0.000563646771637436,0.650137856121779,0.848706231656624,stable
KRT10,0.000558004078439756,0.237895794438995,0.514241943629049,stable
PRDM10,0.000550154999872571,0.133257128314543,0.371686077122081,stable
CFAP210,0.00054325112233319,0.997884141562749,0.998784492923537,stable
USP27X,0.000529438184216257,0.645399236153924,0.846696453474019,stable
C1QTNF1,0.000498279096974086,0.902513805469114,0.965518523429094,stable
MTNAP1,0.000492921073741839,0.986706871554874,0.994435221196041,stable
GART,0.000487180427274692,0.99669731674294,0.998330711231211,stable
LINC00482,0.000483683836557435,0.74041040431342,0.89620524629441,stable
ZNF774,0.000479958233422013,0.72679910391185,0.888794742518853,stable
LINC00886,0.000478391614146045,0.470138608802131,0.731539505345882,stable
TMEM117,0.000473604397979624,0.580875200743184,0.808374267621068,stable
MSS51,0.000458488649642928,0.140358646200069,0.38323522250383,stable
NAA20,0.000458487138970232,0.468098685345449,0.729479644271133,stable
ZMYM6,0.000451934364795084,0.275549836396489,0.55684793503027,stable
WASHC1,0.000448964553620534,0.729575026760583,0.89080575608164,stable
LRP2BP,0.000429147211221139,0.895875915433905,0.962661151373214,stable
KMT2E-AS1,0.000410271054655062,0.207539410395592,0.479667565262945,stable
FP565260.6,0.000409006615351024,0.0225412997891225,0.123088465436045,stable
RAB7B,0.000404330639173712,0.104552958494777,0.321151543835952,stable
NTAQ1,0.000377118756586428,0.826554572552753,0.93590577110693,stable
COX7A1,0.000376084182242725,0.944785373016501,0.979729928720199,stable
KIFC1,0.000375691523715626,0.318583015939915,0.601166839587761,stable
DHRS13,0.000367485035084117,0.143632199463059,0.388111767230646,stable
OXSR1,0.000365671258937272,0.907750182665783,0.966664189642523,stable
DUS2,0.000365222045113772,0.260770031594334,0.540937687629015,stable
CAB39,0.000363304702631462,0.473235022633447,0.734058084445728,stable
ZNF569,0.000359223819929061,0.996563532538898,0.998330711231211,stable
RPUSD1,0.000353427717378736,0.102698516827476,0.318441090257183,stable
PSME3,0.000352585572684333,0.901257696591534,0.965131325723602,stable
ERICH2,0.000341663654413876,0.00378476927186507,0.037250418340804,stable
ZNF665,0.000329337942932061,0.532664086817482,0.775055098965982,stable
PRKD1,0.00032894273265642,0.9906677926996,0.996189688481448,stable
DAPL1,0.000325291310601961,0.984907281329587,0.994232533055583,stable
FRS3,0.000317425195296924,0.567053494602429,0.800445598565668,stable
CROT,0.000310573811369508,0.471273506192631,0.732322947311884,stable
KCTD6,0.000296697973836552,0.0109396921809988,0.0754240255050925,stable
ZXDA,0.000283299639077281,0.957250825284996,0.983727119653955,stable
SUSD1,0.000275048870857223,0.557919120554055,0.79435620843399,stable
SSH3,0.000274889305499654,0.987073599198456,0.994640810864885,stable
CHIC2,0.000274267666502334,0.936943417493151,0.97772821470946,stable
SLC30A1,0.000244520042984153,0.66548709092704,0.858186140161618,stable
ZNF35,0.000242066274285486,0.294929846807306,0.57716910920292,stable
ZSCAN5A,0.000241724609653087,0.411113561508168,0.683821754263527,stable
RBKS,0.000240616292377253,0.997914854850563,0.998784492923537,stable
KCNC4,0.000239004031322276,0.0737981193912215,0.257230741784514,stable
SNAI1,0.000226059886614984,0.172891010339987,0.432545990666393,stable
DNAH6,0.000212692102532358,0.422337655104449,0.692748615716087,stable
LIN54,0.000205081489570696,0.979623373639859,0.993084958362173,stable
SNX29,0.000203384954437696,0.812381989080448,0.931129827570615,stable
RNASET2,0.000202239330837711,0.553431492351737,0.790136248832939,stable
DOLPP1,0.000201921505287334,0.605665781139591,0.822628723183373,stable
LINC00526,0.000195646655570682,0.473247010636246,0.734058084445728,stable
PTCH2,0.000195604649422242,0.0974856017266648,0.308100698109462,stable
HDAC4,0.000192002945146576,0.899949215767201,0.964762992600565,stable
ALG12,0.000180744611375128,0.47915255104566,0.738607917273915,stable
GTDC1,0.00017987253811136,0.911865390146176,0.967964416875136,stable
MTMR11,0.000178485281371793,0.963447858312845,0.986441438635774,stable
FUNDC1,0.000174730476384444,0.0637044534901713,0.235615108510495,stable
WDTC1,0.00016783754649799,0.91397422126599,0.968555387432409,stable
JPH1,0.000163845593801573,0.802497426224041,0.926416185439346,stable
ARHGAP5-AS1,0.000155927524174572,0.953433157199526,0.982529667307959,stable
ALG11,0.000155454352694429,0.662188888173524,0.856299266797118,stable
RASA4B,0.00015409334156566,0.987775299625094,0.995183817903004,stable
XXYLT1,0.000148600113294307,0.597101437841908,0.818275723296654,stable
NFKBID,0.000147496010423701,0.986452242829348,0.994316436516614,stable
KLHDC9,0.000144220391150973,0.657645800285332,0.854479910511795,stable
MBOAT2,0.000143360874513138,0.739719144583409,0.895970076011018,stable
CTA-85E5.10,0.000127455469354656,0.118981695656493,0.347950298494013,stable
CBLB,0.000126243674473323,0.39074668181049,0.667917983830555,stable
WNT3,0.000125393708209898,0.423335871906458,0.693587682372944,stable
PCNX,0.000123092325200802,0.890873343211759,0.961652449637532,stable
ZBTB11-AS1,0.000118083777733417,0.100761993872685,0.31515523457051,stable
RPP30,0.000111653411947188,0.961465278766485,0.985489817846849,stable
CCL28,0.000104423464839867,0.977158568938948,0.991927117315205,stable
TMEM106A,8.89482029257233e-05,0.00614628983684662,0.0516727970877669,stable
TCF25,6.99448768939348e-05,0.783715584177177,0.91746210505476,stable
UCHL3,6.60673584612359e-05,0.92755529857623,0.974466235107503,stable
EDA,6.41866447184409e-05,0.805374737759526,0.927888859036046,stable
KRT86,6.3194434740595e-05,0.241596131430968,0.519028314694579,stable
CEBPA-AS1,5.03747707252117e-05,0.718143360716735,0.885562051087302,stable
ZNF616,4.30202640997537e-05,0.99196048110734,0.996399972695511,stable
NFS1,2.73825101388264e-05,0.999997206477333,0.999997206477333,stable
EML3,2.47634282390385e-05,0.735843200302556,0.894129948359687,stable
CCDC22,1.54046372535382e-05,0.827959748487034,0.936412634041397,stable
LSM4,-3.35871732648485e-08,0.442771228334743,0.710307297563252,stable
POLR3F,-3.35650060037662e-06,0.659880789783838,0.854990663385513,stable
PDLIM7,-8.016217627832e-06,0.774289310845646,0.913228416708115,stable
UBL7-DT,-9.80222857912411e-06,0.248760122663354,0.528199364154392,stable
BRCA2,-1.38091768323162e-05,0.867649596855557,0.951811189550792,stable
CCDC97,-1.54150748280374e-05,0.367796146589561,0.647829985001555,stable
LCORL,-2.92882447944648e-05,0.455407815901167,0.718781201985554,stable
LITATS1,-3.34953502574564e-05,0.22337663361961,0.497731675057621,stable
FAM84B,-3.52113210297655e-05,0.947481493347725,0.980561187317429,stable
C22orf46P,-3.79007064625347e-05,0.0507907604303821,0.205177215961993,stable
SNX19,-4.30335063835441e-05,0.858905696362306,0.94792914701452,stable
GSTM4,-5.04995777383388e-05,0.71058295481005,0.882380865210646,stable
AMPD2,-5.80768719302995e-05,0.289908093178367,0.572880137570701,stable
HAUS6,-7.17573823751927e-05,0.999607802493665,0.999726949796551,stable
SLCO2A1,-7.22772284678392e-05,0.539290922424165,0.780152927303313,stable
PGBD4,-7.35419349551011e-05,0.441306766337625,0.709620351448451,stable
CLEC7A,-7.75259536215725e-05,0.224233945971296,0.49793285467505,stable
CPSF3,-9.14897887844823e-05,0.583591897362394,0.810017866851131,stable
VBP1,-0.000100399801004014,0.353850367474084,0.634232682111906,stable
TMEM177,-0.000105080541454781,0.248723757216842,0.528199364154392,stable
KLHL9,-0.000105134754082969,0.398980432349307,0.673544649224959,stable
IL6,-0.000113789457967965,0.514032832188831,0.76358455956693,stable
ATL2,-0.000117439397056274,0.14729899238379,0.393753272630297,stable
INPP5J,-0.000126973945303737,0.359884920595019,0.640260991028018,stable
AGK,-0.000139746463193917,0.000138271803413557,0.00284073029399549,stable
TIGD7,-0.000152539211624444,0.00470952702991994,0.0428342696530814,stable
MS4A4A,-0.000153379157399899,0.522687063170027,0.769705657172679,stable
GSEC,-0.00015423852379403,0.833262643005087,0.938377349607433,stable
CHD9,-0.000158844804967417,0.267830745497742,0.549138381912848,stable
DMKN,-0.000164196635427549,0.984543931402823,0.994232533055583,stable
PGBD2,-0.000164292019275817,0.0823694860882271,0.276616381410097,stable
SLC25A43,-0.000166764284321413,0.981743548425562,0.993196350494133,stable
PYGO2-AS1,-0.000167010466605531,0.834885201856137,0.93922664342807,stable
C2orf49-DT,-0.000168209220679946,0.255281105710871,0.535676894599448,stable
ZP3,-0.000168254648212824,0.526982311027509,0.771772809803131,stable
RNF181,-0.000171743769662891,0.0716376540955166,0.253148198502349,stable
SPDL1,-0.000172964032111964,0.949916747547406,0.981531959428647,stable
BTC,-0.000177023020991929,0.576657378774487,0.806259446563642,stable
NFE2L3,-0.00019522314757172,0.998130838150682,0.998784492923537,stable
IBTK,-0.000215845838305195,0.792561153110914,0.92142552601504,stable
GLIPR2,-0.000216698103632968,0.980319585850283,0.993084958362173,stable
PDCL3,-0.000218257872516336,0.8500499789418,0.944679526855665,stable
GZMB,-0.000225259913048993,0.029962216783582,0.148342704723575,stable
TRIP12,-0.000227831080465757,0.946384134319752,0.980023053251926,stable
KRBA2,-0.000228388913066549,0.0303848096185721,0.149757589776021,stable
MED26,-0.00023112758489853,0.996927292324338,0.998371258860893,stable
TOM1L1,-0.000234821588805251,0.569162362665294,0.801087014533167,stable
ILKAP,-0.000256709098802738,0.0550596446195815,0.215797755024879,stable
WDR65,-0.000259883711916809,0.999308150331517,0.999662711728147,stable
AJUBA-DT,-0.000274723286654946,0.296390727286595,0.578581962687852,stable
LINC03040,-0.000280259710086831,0.96734939889207,0.987463803929576,stable
ACVR2B,-0.000283360000406741,0.691544500025084,0.873094345014574,stable
YPEL1,-0.000292220888111788,0.545351217860843,0.784506848218329,stable
TAB3,-0.00029741825574095,0.969933080798951,0.988672394128177,stable
CRTC2,-0.000297705874432216,0.000855123189608681,0.0121405643086835,stable
NRM,-0.000298913106493548,0.928070673193844,0.974466235107503,stable
PTCD1,-0.000299150512338232,0.983272259896629,0.99384158301442,stable
SLC16A13,-0.000300361915494861,0.659185362186225,0.854916794326876,stable
GPR137,-0.000304027070945109,0.992472767178773,0.996399972695511,stable
GCH1,-0.000323531498417469,0.987069852137552,0.994640810864885,stable
CLCC1,-0.00032405413035913,0.99961889678981,0.999726949796551,stable
FP236383.4,-0.000325365963532415,0.388070543892384,0.666073340148905,stable
VAMP1-AS1,-0.000334003713985451,0.247653979009674,0.526949040803178,stable
TPD52L2,-0.000336983077029951,0.346810645529976,0.626946662371847,stable
SRD5A1,-0.000337006229489033,0.881843447647128,0.957595656394998,stable
NDUFB2-AS1,-0.000341366428898125,0.152925424473474,0.401494928858193,stable
PEMT,-0.000343575126453777,0.782160174568539,0.916694724249839,stable
ACHE,-0.000344355112593543,0.912689831283379,0.968076943897541,stable
LIAS,-0.000365611636218552,0.0850847573935871,0.283013897790261,stable
HMGXB4,-0.000369124916169417,0.797409024230729,0.923761174393142,stable
KIAA1191,-0.000371856850153118,0.997707788110104,0.998784492923537,stable
C19orf47,-0.000379353214529407,0.226682954144197,0.501533471757223,stable
CATSPERG,-0.00038002669572574,0.544284875525358,0.784221866857847,stable
ZNF684,-0.000381203129073185,0.89591493680983,0.962661151373214,stable
MZT2B,-0.00038717015189782,0.957141518190821,0.983727119653955,stable
QPCTL,-0.000391808020051056,0.949907980386712,0.981531959428647,stable
GEMIN8,-0.000399073630262592,0.847872954812638,0.943336227044716,stable
EPB41L2,-0.000400024138157453,0.979259914891129,0.993073914798438,stable
SMG6,-0.000400894506646349,0.78595198393273,0.918496850056759,stable
SHF,-0.000402010910635241,0.762952638400094,0.908815067665243,stable
C1orf131,-0.00040925578345187,0.821838011681718,0.934873241652459,stable
MICB,-0.000415068021226421,0.927350578724267,0.974466235107503,stable
CYB561A3,-0.000415299973161795,0.953797202003588,0.982573487046339,stable
ZC3H10,-0.000415504487350841,0.834998882188255,0.939268090169249,stable
ADSS2,-0.000422686327617661,0.462783896734552,0.725079512135755,stable
UNKL,-0.000424754011369252,0.504816600915655,0.756977199410325,stable
LMCD1-AS1,-0.000427708467363586,0.0804067079951262,0.271817366850781,stable
FAM35A,-0.000431061720616493,0.559094687612785,0.79470711408721,stable
IFNGR2,-0.000432682765708459,0.892189825608011,0.961652449637532,stable
PRODH,-0.000438591186625724,0.0104801800581803,0.0731637470195293,stable
LINC00869-1,-0.00044487261328352,0.00799896402206866,0.061224021469843,stable
ZNF134,-0.000447784392759811,0.794985731933808,0.922959488755479,stable
TIGD2,-0.000457173080764536,0.590615151894785,0.814518309106604,stable
CMC4,-0.000462989928919204,0.00415415908845805,0.0397965836185825,stable
ZNF101,-0.000464703717367304,0.802946179383161,0.926550902113367,stable
CDKN2D,-0.000471540725295538,0.999335596966456,0.999662711728147,stable
C1orf172,-0.000478791479863225,0.351716751637065,0.632418695881334,stable
GNL3L,-0.000495737994916964,0.520972822014656,0.768848457842225,stable
LINC00472,-0.000506778262536069,0.986033841454611,0.994248756738527,stable
MPI,-0.000510174961362429,0.973153418331117,0.989443745888316,stable
GLB1L2,-0.000513132032033344,0.914102746656372,0.968555387432409,stable
RFWD3,-0.000516449695181005,0.775579882932832,0.913833816741939,stable
HNRNPK-AS1,-0.00052509424675317,0.834846942788888,0.93922664342807,stable
CLASP1,-0.000525742228310838,0.989776695315213,0.995723694834525,stable
GPS2,-0.000531174987119604,0.505511892095855,0.757648034450679,stable
RCN3,-0.000534390972788021,0.0327823018477476,0.156961753776808,stable
NDRG2,-0.000563251062329184,0.306178643719599,0.589870408325985,stable
RWDD2A,-0.000563370471104979,0.78249745185573,0.917002094859979,stable
HAX1,-0.000563915783433844,0.99964516585105,0.999726949796551,stable
CFAP144,-0.000564085391598804,0.934444332955373,0.977057150778723,stable
RMI2,-0.00056738052981011,0.0357637194708393,0.165397640565024,stable
PMPCA,-0.000583169435313585,0.805321925032252,0.927888859036046,stable
SEC14L4,-0.000584754389179029,0.98532937035203,0.994232533055583,stable
MAP4K5,-0.000591539025726701,0.998047746573227,0.998784492923537,stable
GTF2A1-AS1,-0.000592209104673997,0.992946043329504,0.996483019854554,stable
ZMYND12,-0.000596570267211841,0.273045140548352,0.555330836507495,stable
STYXL1,-0.000598256563421523,0.994058805113097,0.996831405553938,stable
HYDIN,-0.00060036546875342,0.159829573533685,0.41201111490421,stable
BEX5,-0.000603781400851315,0.868857424960675,0.952548265714734,stable
ZBTB3,-0.000611072287273542,0.152703270291528,0.401255722312968,stable
TBX19,-0.000612760493436232,0.443903653345997,0.711294964181544,stable
TMEM206,-0.000629370740498143,0.677174397111784,0.864750964754659,stable
ASH2L,-0.000640025697820026,0.995643203992847,0.998010867208574,stable
TOE1,-0.000644994704213184,0.677620691745525,0.864999512938315,stable
FCHSD1,-0.000658689685704206,0.950980458437754,0.981808013445876,stable
NHERF1,-0.000671944045301694,0.858571705757884,0.947724275850062,stable
LEKR1,-0.000679445497504174,0.867795787593552,0.951811189550792,stable
UAP1,-0.000696856040327945,0.560801633596297,0.79573292734546,stable
FP236383.5,-0.000698562042525569,0.0088142305725532,0.0652130355495754,stable
PIGU,-0.000698610756398918,0.874841947835033,0.955680783765455,stable
FBXO10,-0.000707222926914176,0.966809072453264,0.987419416963895,stable
CYB561D1,-0.000713360765410752,0.966930454985248,0.98744844458978,stable
RAB12,-0.000718398060915462,0.56731932159112,0.800608688047625,stable
ZEB2,-0.000723359825587839,0.991128684594624,0.996263221814381,stable
ZNF708,-0.000726281958873143,0.266542937920384,0.547600146746012,stable
RSPH9,-0.000733459471187938,0.779405479671138,0.914957513060596,stable
FER1L5,-0.000747360245039718,0.828027825896827,0.936412634041397,stable
RNF139,-0.000749457173576565,0.991105683175611,0.996263221814381,stable
ZFAND3,-0.000750652210272762,0.546688076112107,0.785369370557306,stable
BAMBI,-0.000752252887560775,0.534311713543737,0.776533870688223,stable
VANGL1,-0.000757508679400255,0.70291570291277,0.87797128224157,stable
SIRT4,-0.000781257041741925,0.207697483002323,0.479760777063566,stable
C1QTNF3,-0.000786573259543693,0.993587635575629,0.996653085674945,stable
LEPREL1-AS1,-0.000791778577264016,0.951525863677476,0.981824946525656,stable
BOK-AS1,-0.000803174967993089,0.991915088644021,0.996399972695511,stable
ZNF22-AS1,-0.000810081278749632,0.644024032908648,0.845601479943643,stable
FAM193A,-0.000811811458941034,0.861595085762211,0.949200890932714,stable
LEO1,-0.000813164513606163,0.796967933019902,0.923710862100529,stable
CRLF3,-0.000813658453207994,0.0523134985500695,0.208775777432598,stable
FOXRED1,-0.000823459130155635,0.958630610091885,0.984069581605912,stable
CYBB,-0.000828445402826098,0.940379268671245,0.978070140826027,stable
ZFAND2A-DT,-0.000835189943513179,0.387541378649934,0.665536756821669,stable
TRAF3IP2,-0.000839161862910727,0.000952257858592331,0.0131827860288026,stable
B3GNT5,-0.000840979273820638,0.668381989363874,0.859625288951437,stable
CAMKK2,-0.00084634851276838,0.864072511317466,0.950074953026825,stable
RBM23,-0.000848610815534612,0.510155773816114,0.760690922069795,stable
ZNF860,-0.000850651993560502,0.886512374236494,0.95967956510185,stable
FBXO32,-0.000870207606745638,0.850118653965692,0.944679526855665,stable
ZNF527,-0.000875983561500419,0.852402139703932,0.945386907352478,stable
SLX1B,-0.000876306577430043,0.514209457338688,0.763661329912297,stable
GEMIN5,-0.000877184947366959,0.168734575879209,0.425706729717441,stable
NYNRIN,-0.000878644477456088,0.120590655556825,0.350976231792053,stable
HSD17B1-AS1,-0.00088814366432742,0.265504892771692,0.546754010990761,stable
PNO1,-0.000901998734923581,0.948004600529126,0.980609343799139,stable
RRP8,-0.000905782889116968,0.181939112317308,0.44498273488731,stable
ORAI2,-0.000906871533046378,0.988265512883063,0.995513607703549,stable
NRGN,-0.000912155904735173,0.647153303464805,0.84742536350458,stable
QRSL1,-0.000913722404687373,0.617120164143727,0.828702283477196,stable
SCMH1,-0.00092015606904576,0.992268001078599,0.996399972695511,stable
NOP14,-0.000921534683066397,0.945406653164689,0.980023053251926,stable
TECPR2,-0.00092603343694124,0.898817260705399,0.963950699882196,stable
SDR39U1,-0.000928838044691682,0.859283386968352,0.948260370344058,stable
TMEM38A,-0.000931049201486424,0.217402543185375,0.490991781210719,stable
B3GALT6,-0.000935222623707654,0.879302777166806,0.957279352263137,stable
C8orf33,-0.000939130006089306,0.804140374268856,0.9269266975139,stable
EPG5,-0.00093947584801693,0.761793318592956,0.908258070558155,stable
ZNF780A,-0.000939558403826798,0.0126695570325722,0.0829420770947652,stable
CDIN1,-0.000943664028373283,0.898893490506966,0.963950699882196,stable
CBR1,-0.000947305679861787,0.93409903771738,0.977057150778723,stable
MMACHC,-0.000956208819138577,0.771791939863635,0.911975318791017,stable
LEPREL4,-0.00096705817379808,0.124223649775982,0.357044414498378,stable
CCDC121,-0.000973688731264407,0.967282251941622,0.987463803929576,stable
AGAP2-AS1,-0.000974936758166168,0.922494369171715,0.972969822290871,stable
SENP7,-0.000979034122475547,0.850714219137663,0.944726375738379,stable
KBTBD3,-0.00098408375808115,0.776894914354732,0.914099754351936,stable
ZNF586,-0.000985537591013136,0.730149495867783,0.891020009732233,stable
DGCR6,-0.000992610250897648,0.435114879305199,0.704202870995201,stable
ZNF808,-0.000994323725024074,0.984889026236909,0.994232533055583,stable
NAB2,-0.00100091619831372,0.563363837547841,0.797424681586939,stable
GYG1,-0.00100635654523333,0.984190807201703,0.994232533055583,stable
ZNF681,-0.00101892148302905,0.0153897154728911,0.0953008520469203,stable
C2CD3,-0.00102354763635816,0.0942317260846964,0.301462606558317,stable
AAAS,-0.00103402960064287,0.926136571119485,0.97410888361423,stable
ANGPTL2,-0.00103858804375251,0.697959042251157,0.876163931610284,stable
PIP5K1C,-0.00104469822677082,0.968214564207921,0.987869714625912,stable
ZNF143,-0.00104695684522718,0.93831895035801,0.978002289322673,stable
NOL8,-0.00105199489585267,0.736937320853327,0.894659033678724,stable
C9orf117,-0.0010536943470226,0.98487588129287,0.994232533055583,stable
ZNF662,-0.00105667994848703,0.245509839928296,0.523845746776661,stable
TDRD9,-0.00105724866173114,0.752312915947005,0.903189263851521,stable
PET112,-0.00107719362206732,0.63123060058529,0.83771174265059,stable
CDC5L,-0.00107735338795531,0.0513723817166938,0.20697956298776,stable
TRIM14,-0.00107938773175995,0.0324871619565993,0.156347664471445,stable
PUS7L,-0.00108531590706937,0.951672446459645,0.981824946525656,stable
KRBOX1,-0.00108612950649536,1.92574046340718e-12,1.96168761872411e-10,stable
PYCRL,-0.00108975450395579,0.947310865787488,0.980561187317429,stable
OLR1,-0.00109710123867544,0.212721496334303,0.485766405976185,stable
CST7,-0.00109951611566133,0.843648243404316,0.941855471536939,stable
DTHD1,-0.00110930673335204,0.896578362327542,0.963073277776087,stable
CPSF1,-0.00111333254173038,0.983701325005534,0.994028684538947,stable
MAPKBP1,-0.0011139956148467,0.00637011541297538,0.0530076982959482,stable
SUV420H2,-0.00111962479423662,0.989432009594243,0.995723694834525,stable
CRCP,-0.00112089531266144,0.953546659517939,0.982563800551908,stable
FAM131B-AS2,-0.00112231254836797,0.0227298282653813,0.123973398675865,stable
RANBP9,-0.0011290160950789,0.571501461360752,0.802438991922104,stable
CCL3,-0.00113486752277039,0.893110991519961,0.961715007077168,stable
ZNF79,-0.00113737094466659,0.788642446821705,0.91970666570774,stable
COBL,-0.00113866728387035,0.929702536778251,0.975007190252002,stable
LINC00240,-0.00113878172239311,0.875834211144768,0.955872607055735,stable
POLR1B,-0.00114308137027186,0.9323197462034,0.976200888042819,stable
TYW1B,-0.00114537059942339,0.562714744568823,0.797336853785707,stable
C11orf70,-0.00114980797605064,0.402620835812828,0.677153138765792,stable
PCNXL2,-0.00115311855065778,0.930577052275436,0.975562594701838,stable
SPATA13,-0.00115594874412761,0.75797294205157,0.906068965738157,stable
CFAP418,-0.00116710739075656,0.255890908821909,0.535801724809698,stable
NAMPT-AS1,-0.00116948558792924,0.00274159385255167,0.0293718170495983,stable
CEP128,-0.00117179639966317,0.0175727565418266,0.103903792728303,stable
LINC03007,-0.00117273113373804,0.928732217547769,0.974508274426508,stable
KCTD10,-0.00118086092288697,0.665886204348613,0.858202539311645,stable
WDR47,-0.00118789860987539,0.721771804362074,0.886638381722641,stable
LRRC48,-0.00118809150360232,0.983894294660144,0.994141499249926,stable
ACLY,-0.00119951252563388,0.835635525117958,0.939464257223401,stable
TRIOBP,-0.00120433407285075,0.924606624263584,0.973924289099358,stable
TACC3,-0.00120672578491156,0.986155792255764,0.994283122733376,stable
MYEF2,-0.00120849745576448,0.789327327380162,0.920008185712561,stable
EMSY-DT,-0.00121318772677489,0.676728006925051,0.864750964754659,stable
XKR6,-0.00121945140925905,0.935359904252997,0.977251236716978,stable
MAPKAPK5-AS1,-0.00122079365281194,0.627264644121301,0.835168610144732,stable
ZWILCH,-0.00123010287978011,0.989609864619226,0.995723694834525,stable
HM13-AS1,-0.0012567684534067,0.808846373471641,0.929697984891146,stable
SETX,-0.00127901676344355,0.783483583591632,0.917339933311754,stable
SPI1,-0.00127951176433052,0.297286435006816,0.579405194758182,stable
MTA1-DT,-0.00128252825107776,0.924183068714768,0.973771162061825,stable
METTL12,-0.00129212499222255,0.987467480237316,0.994955693902156,stable
GIT2,-0.0012955072504687,0.191804520039535,0.458772936417695,stable
ZNF544,-0.00129562439702939,0.997962191122211,0.998784492923537,stable
LYRM5,-0.00129579253063383,0.23965686609957,0.516678224197733,stable
ZBED3,-0.00130028042691582,0.991225200046508,0.99627831321892,stable
ZNF620,-0.00130874089515313,0.0891800864415761,0.290994448464511,stable
MCAT,-0.00131274253730004,0.733045561384898,0.893038563122284,stable
DDX31,-0.00132255683727164,0.74392364693441,0.898802132680815,stable
ABLIM2,-0.0013241470906,0.941760598921597,0.978752045674001,stable
FBXO46,-0.0013278700455844,0.400528465657095,0.675081198291105,stable
RMI1,-0.00132869543329313,0.911998901213089,0.967984246629226,stable
HACL1,-0.00133291375942361,0.300769371107847,0.583310295481885,stable
BCL9L,-0.00134432840199744,0.93814932754612,0.978002289322673,stable
FDXACB1,-0.00134502911777543,0.495445170101732,0.750008886603538,stable
FPGT,-0.00134784363149806,0.98146943547607,0.993084958362173,stable
MMGT1,-0.00135224064058939,0.82305096692792,0.935137709382477,stable
BEND7,-0.00135488382738515,0.907124741445044,0.96637189045661,stable
ZNF415,-0.0013579335112314,0.974913111140419,0.990305623282407,stable
PHTF1,-0.00137476027789012,0.934113212537005,0.977057150778723,stable
HAUS8,-0.00137924658032662,0.938246033155186,0.978002289322673,stable
ORC3,-0.00138104459312911,0.201180552857689,0.472656367121352,stable
LHFPL2,-0.00138479675707267,0.0735728621591242,0.256883146787513,stable
EXOC6,-0.00138635939656563,0.392567138095642,0.669280431810479,stable
LBX2-AS1,-0.00139747007499096,0.387093901642388,0.665144202091165,stable
ZNF571,-0.00139829585682187,0.962933434883792,0.986343968228629,stable
LRRC61,-0.0014026314188785,0.657185518613687,0.854355424132687,stable
AFDN-DT,-0.00140267081065167,0.725740526839272,0.888777278617642,stable
CTA-204B4.2,-0.00140622860878508,0.6235865715327,0.832484582412062,stable
STYK1,-0.00141588044440952,0.955709356595987,0.983330677390333,stable
ZBTB33,-0.00141843752959754,0.80021614363669,0.92563212188762,stable
YAF2,-0.00142894805701951,0.0329990462314302,0.157324626026912,stable
ZNF487,-0.00143522367929202,0.995948673383013,0.998071534959333,stable
MBLAC1,-0.00143652723500303,0.0310119285391462,0.151514714013798,stable
TMEM255B,-0.00144367800517893,0.974216001440465,0.990008845424245,stable
XXbac-B135H6.15,-0.00145537172685082,0.753957041239911,0.903592090158113,stable
LINC02210-CRHR1,-0.00145907130811243,0.937653716901642,0.977899101908071,stable
USP48,-0.00146297832271439,0.931969407886662,0.976128355925504,stable
ASB6,-0.00146341861367573,0.165957681060647,0.422374910115626,stable
KIAA0513,-0.00146690563706001,0.716053565711316,0.884502706877034,stable
E2F3,-0.00147470084879798,0.892974227408019,0.961652449637532,stable
WBSCR27,-0.00147531422097037,0.0419968293762086,0.18282380423603,stable
SSX2IP,-0.00147726206818351,0.900726191183383,0.964898637295907,stable
KIAA1549,-0.00148852951094741,0.869770556726782,0.953121944009698,stable
FBXO45,-0.00149663063718312,0.322982365608613,0.604429950581703,stable
TRIB3,-0.00150021856283383,0.272149526553457,0.554296064229462,stable
RAB22A,-0.00152420279700641,0.729626834171511,0.89080575608164,stable
FHIP1A,-0.00152534434190756,0.000149572118296507,0.00302710194380215,stable
ZSWIM1,-0.00152607247999335,0.990892541086872,0.996189688481448,stable
ARHGEF16,-0.00153066270809971,0.910799105527826,0.967596159570772,stable
TOP3A,-0.00153461745058625,0.606454083814772,0.82297422995068,stable
SPRY4,-0.00153950406744995,0.937759874645918,0.977899101908071,stable
ARAP3,-0.0015458065183142,0.00893575235771636,0.0658015884462198,stable
ZDHHC6,-0.00155130306916393,0.52502355762764,0.771069764070711,stable
MOB3A,-0.00156477594447224,0.0497431302282871,0.202619134925219,stable
TMSB4Y,-0.00158044638501879,0.290927106781666,0.573673498488007,stable
AP1G2-AS1,-0.00158328343285258,0.616159219572545,0.828048625775593,stable
ATXN7L3,-0.00158415907251522,0.808061229221844,0.929319829335574,stable
SLC1A4,-0.00158711263813224,0.951282171330581,0.981808013445876,stable
NCS1,-0.00159822935703223,0.903525582119175,0.965695611883349,stable
HECTD3,-0.00160280907270748,0.0722648483958559,0.254354354283107,stable
SLC35C2,-0.00160450049337407,0.95790477388444,0.983837071754167,stable
SCN9A,-0.00160724533440118,0.0420821756008853,0.182927424174085,stable
USP3,-0.00161730495624199,0.6200390534061,0.830564172639369,stable
RAMP3,-0.0016227971200807,0.00913618544346293,0.0668354796964722,stable
NAF1,-0.0016417444234383,0.0852907097698763,0.283267966580339,stable
NPIPA6,-0.00164358367811152,0.96376693213901,0.986441438635774,stable
APPL2,-0.00165325813867734,0.559463545435999,0.794849504145506,stable
PGBD1,-0.00165333664622011,0.962438898712129,0.986343968228629,stable
HARBI1,-0.00166037713181721,0.125448855898049,0.359041640652788,stable
LATS1,-0.00166700939057288,0.865086330198719,0.950288937845897,stable
RBM25,-0.00167582245977393,0.038656573816055,0.173727190561565,stable
LEPROTL1,-0.00169215028217234,0.946312700664569,0.980023053251926,stable
TPP2,-0.0016958091793006,0.226884927386922,0.501798688687848,stable
PPARD,-0.0016992680317098,0.990792042021865,0.996189688481448,stable
C1orf115,-0.00171300885505008,0.892522458981965,0.961652449637532,stable
HIBADH,-0.00171904902670297,0.0695761564137269,0.249178917709503,stable
HHAT,-0.00171919495671268,0.859911997038723,0.948547117974925,stable
MICA-AS1,-0.00171970056809827,0.956792826500341,0.983727119653955,stable
ABCA2,-0.00173182571604667,0.715492856218417,0.884323033748025,stable
PRPF39,-0.00173269833027703,0.469484365586205,0.730986738622567,stable
C3orf83,-0.00174242567504564,0.98102594128734,0.993084958362173,stable
ZNF670-1,-0.00175494646213194,0.0538678143622016,0.21268615091725,stable
PFAS,-0.00176249402208738,0.549150443819725,0.787426982434289,stable
ODAD4,-0.00176389138904028,0.1113504133647,0.333612946353884,stable
XKR9,-0.00176796767201557,0.852165708630588,0.945386907352478,stable
ATF7-NPFF,-0.00177792764252972,0.332059815270191,0.613107326823374,stable
PRR4,-0.00181199441264798,0.672705945398411,0.86259108150795,stable
SHROOM4,-0.00181234388387716,0.880016653025496,0.957281275272343,stable
TMEM79,-0.00182014129369949,0.047974625896247,0.198018471996572,stable
ATG3,-0.00182038120069458,0.964521445238639,0.986719403012564,stable
PIERCE2,-0.00182316308588638,0.790660040853787,0.920141798423914,stable
PCMTD1-DT,-0.0018296816134847,0.704325139979512,0.879119797343647,stable
TMEM190,-0.00183105554530349,0.927634931602719,0.974466235107503,stable
TYW5,-0.00183457071703304,0.945091983476164,0.979834121790273,stable
SEC31B,-0.00183874725342799,0.992346376977618,0.996399972695511,stable
ZNF669,-0.00184061634357204,0.992487407357702,0.996399972695511,stable
TYK2,-0.00184785715459079,0.876641162381613,0.956263172229819,stable
TFCP2,-0.00185657385635726,0.939600804615458,0.978064239181509,stable
SPATA17,-0.00185990250015566,0.633876302330081,0.839470247135143,stable
POLE3,-0.00186201996164834,0.540698012331019,0.781541031421826,stable
SERAC1,-0.00188867593561344,0.929107810887732,0.97455070192995,stable
DPH5-DT,-0.00189521131362267,0.781739138113099,0.916464872378874,stable
CENATAC-DT,-0.00189800895959624,0.643876825051668,0.845499012722268,stable
ANKRD18A,-0.00189917438420353,0.984324821265436,0.994232533055583,stable
CDIP1,-0.00190336633288191,0.0127195522863083,0.0831909080512751,stable
NAIP,-0.00191271288229064,0.154291976810271,0.403781872089221,stable
SLC36A1,-0.00192200656119503,0.215473980326331,0.488492940561772,stable
EDA2R,-0.00192655725900349,0.942380300569593,0.979146348845109,stable
ISPD,-0.00192882115995737,0.826745779725852,0.93590577110693,stable
RHBDF2,-0.00193834463002011,0.993675541892557,0.996653085674945,stable
EFTUD2,-0.00194182206947544,0.270115536431474,0.552072931515202,stable
OLMALINC,-0.00194446836808188,0.828361448566297,0.936412634041397,stable
ZNF182,-0.00194865474520375,0.849102876014159,0.944185714217874,stable
SPATA24,-0.00195244876533515,0.103768141358316,0.320434136843904,stable
NAT14,-0.0019535111384628,0.620117213623084,0.830564172639369,stable
ZNF554,-0.00195620559085936,0.563160196198829,0.797424681586939,stable
ZNG1B,-0.0019610044641258,0.855337084166776,0.946424517702236,stable
EPM2A-DT,-0.00196345128962189,0.365786759578938,0.646241655969526,stable
STX19,-0.00196489619485558,0.980951957539224,0.993084958362173,stable
TLR3,-0.00200594789339621,0.967840510685889,0.98771768263686,stable
GEMIN2,-0.00201711273874633,0.982086705896434,0.993218159417392,stable
SMN1,-0.00201835781861883,0.673395071251895,0.862645918506465,stable
LOH12CR2,-0.00201909464574336,0.742173679222417,0.897539676970204,stable
ZNF41,-0.00201993095160253,0.911796647114019,0.967964416875136,stable
SLC25A16,-0.00202262347294826,0.996507707090742,0.998330711231211,stable
ATP6V1C1,-0.00202554449564024,0.78092217756976,0.916034228827631,stable
FRY-AS1,-0.00204194227599565,0.0298620506040082,0.148026645005433,stable
TMEM132A,-0.00205347368875584,0.918296967250898,0.971007763438969,stable
ZNF420,-0.00205845319528349,0.678094266500308,0.865268144433674,stable
N4BP3,-0.00206047982750876,0.0631329444147818,0.234355991759897,stable
NSUN6,-0.00206412502096226,0.621626201061749,0.83148880361935,stable
SMARCA2,-0.00206975444608146,0.521110331310123,0.76895855745231,stable
ZNF773,-0.00207823774406692,0.336025735832734,0.616938809675479,stable
PLCXD1,-0.00207849290961305,0.0120608844785269,0.0803007907764234,stable
SLC18B1,-0.00207886476803166,0.938831909346149,0.978050338217809,stable
PGPEP1,-0.00208425472222154,0.953762633237824,0.982573487046339,stable
ALDH1A3-AS1,-0.00208681774447236,0.146584106585769,0.392611928116272,stable
JMJD7-PLA2G4B,-0.00208720498151666,0.730948430706234,0.891323008073611,stable
ANGPTL4,-0.0020936727651845,0.965899658160219,0.98713798355911,stable
LIG1,-0.00211369395296463,0.668336611721398,0.859625288951437,stable
ZKSCAN3,-0.00211867567171041,0.935987510492535,0.977455505622988,stable
SMTNL2,-0.00212386894208184,0.773319385684271,0.912526344957698,stable
C20orf196,-0.00212566833402317,0.932358096196,0.976200888042819,stable
PEG3,-0.00212609034390252,0.815584654303462,0.932761472610336,stable
BCKDK,-0.00212876878759574,0.341429086679095,0.621387029222722,stable
PLEKHG4,-0.00212880454414107,0.962931736616924,0.986343968228629,stable
IKZF2,-0.00212948815915411,0.0337659033781701,0.159385187752599,stable
RIIAD1,-0.00214058207835084,0.178743636164166,0.440532508026499,stable
SFXN1,-0.00214483361150372,0.966038194495142,0.987145700394165,stable
AGGF1,-0.0021541000824945,0.866175838435571,0.950997076086496,stable
CORO1A,-0.0021600491125433,0.778221886029778,0.914534160241108,stable
ZBTB34,-0.00216439347493459,0.992835756343925,0.996483019854554,stable
FUT4,-0.00218024395456496,0.785511239421408,0.918206541245487,stable
CHSY3,-0.00218529981409069,0.817365034664994,0.933433313130128,stable
ZNF14,-0.00219684347334008,0.704239564144519,0.879119797343647,stable
ABCC10,-0.00219721297673948,0.251258721029341,0.531106105111994,stable
LYRM1,-0.00220096708005044,0.953367864668773,0.982529667307959,stable
RASAL2-AS1,-0.00220587425296148,0.0143960586669501,0.0912922316637597,stable
ZKSCAN7,-0.00221171214855976,0.842664826345805,0.941855471536939,stable
DNAJC24,-0.00221399372872996,0.737884673551581,0.894824514912249,stable
KANSL3,-0.00221496508932867,0.00591950111372309,0.0502998039990959,stable
KRBA1,-0.00222096007269712,0.715711993935103,0.884323033748025,stable
IER5,-0.00225047557909243,0.216778118180213,0.490358200709645,stable
THBS3-AS1,-0.00225427702131455,0.721184636609033,0.88621063170792,stable
LRRC8D,-0.00225663714368977,0.467876686691766,0.72931805504923,stable
MFAP3,-0.00225737366401935,0.0357748168892281,0.165397640565024,stable
H3-5,-0.0022590133103077,0.457148627296046,0.720198520016056,stable
DCUN1D1,-0.00225961354002505,0.99712949750578,0.998436351368828,stable
ZNF584-DT,-0.00226583493431671,0.910647551274102,0.967596159570772,stable
NT5C3A,-0.0022732241164263,0.960725936195395,0.985227671480915,stable
ZNF320,-0.0022806683019589,0.723378327487451,0.887719774641763,stable
CCDC157,-0.0022827848707536,0.942840627333941,0.979333850635884,stable
STK31,-0.00228428692867295,0.927858472820168,0.974466235107503,stable
WWOX,-0.00228820720544905,0.991578536159931,0.996399972695511,stable
ZNF846,-0.00229536274621132,0.526916545372627,0.771772809803131,stable
CACTIN,-0.00229637860470724,0.972551000445796,0.989386104315031,stable
ODAD3,-0.00229660571332722,0.886187770867117,0.959553854338116,stable
MLF1-DT,-0.00230322431429131,0.383599984967134,0.662305962745515,stable
SUFU,-0.00230573126219872,0.977769275478665,0.992217468325685,stable
IQCC,-0.00230921230540315,0.408594023967179,0.682050163727269,stable
CDC7,-0.00231187535915269,0.668645436663168,0.859625288951437,stable
HPX,-0.00231419401901061,0.000412594938709563,0.00695663521487682,stable
ZNF550,-0.00232265385048619,0.928486505811655,0.974508274426508,stable
RCC2,-0.00233022768726331,0.937819958415274,0.977899101908071,stable
RARS2,-0.00233655199542798,0.857525559053921,0.947367208436745,stable
APH1B,-0.00234286812120883,0.0517355689884514,0.207656569792988,stable
HLA-DQA1,-0.00235181268876706,0.908679032894408,0.967147801314866,stable
IQSEC3-AS2,-0.00235946866164648,0.966602317377862,0.987360802843401,stable
FANCG,-0.00236012535204503,0.188976808885054,0.455051849582912,stable
PCP2,-0.00236332564304754,0.857807807332753,0.947367208436745,stable
PRMT5,-0.00236813997581149,0.590908466427331,0.814807117158228,stable
TUBD1,-0.00236975995806001,0.0578891673571903,0.222623936963517,stable
GXYLT2,-0.00237388674444074,0.881652204439939,0.957595656394998,stable
PEDS1,-0.00237849595074358,0.78661869755458,0.91874899282507,stable
SUV420H1,-0.0023824656521225,0.959576917409877,0.984623750652231,stable
ADAP2,-0.00239034629329977,0.960911063781732,0.985252209668503,stable
PTPN18,-0.00239378216517522,0.873357420129682,0.954656467042105,stable
ROM1,-0.00239517292260609,0.543834949451691,0.783866408544538,stable
ZNF689,-0.00239679389318518,0.970569859203186,0.988751014113423,stable
DSEL,-0.00240104741947267,0.77152865824851,0.911752350969623,stable
TRMT10A,-0.00240397434306349,0.843545460187636,0.941855471536939,stable
XKR4,-0.00240448335459638,0.767843535778858,0.910389852702304,stable
NOP14-AS1,-0.00240732242812516,0.716387254786927,0.884825482723593,stable
DNAJC14,-0.00241084531964006,0.988912056640826,0.995682616483544,stable
IMP4,-0.00241091017318676,0.891932777382656,0.961652449637532,stable
LRCH4,-0.00241168199942618,0.910898991696236,0.967596159570772,stable
LDLRAP1,-0.00242771614226439,0.952557713252879,0.982372858078393,stable
DVL2,-0.00242865016629616,0.607663471644464,0.823423490253329,stable
CLN3,-0.00243191192298126,0.238243088482245,0.514719602970477,stable
USP27X-DT,-0.00244104968159607,0.771098193507498,0.91159616222782,stable
SAAL1,-0.00244634886180042,0.0401277328282216,0.177660777288004,stable
WWP1,-0.00244751566196202,0.248553730545781,0.528036288180679,stable
ABHD6,-0.00244776076123732,0.931425610079955,0.975868798610168,stable
LRRIQ3,-0.00244900841155818,0.92189984324942,0.97260504587103,stable
ZNF250,-0.00245786213074717,0.981238486331712,0.993084958362173,stable
TRIM68,-0.00246770444653834,0.176574822964898,0.4374646607059,stable
LRRC24,-0.00246776770897069,0.90892229056983,0.967191701426525,stable
FIGNL1,-0.00246878989742539,0.833575202587701,0.938616735117175,stable
CAMKK1,-0.00246902163889558,0.0599797186710532,0.227144614462532,stable
SLAIN1,-0.00247183606712677,0.0195631243811146,0.111164204476521,stable
SLC7A11,-0.00247287830189494,0.926925258897179,0.974466235107503,stable
DAAM2,-0.00248053430101097,0.813298025633135,0.931573750500322,stable
B3GNT4,-0.00248588309791207,0.00769187716919083,0.0599270277349832,stable
TTC31,-0.00249110380180939,0.905522222784275,0.966311973052377,stable
ACVR1B,-0.00249535464811846,0.241817273180151,0.519311043308622,stable
CCDC122,-0.00250018722554295,0.540998872494574,0.781698607254571,stable
ZNF214,-0.00251954850972103,0.628492247114901,0.835801700253759,stable
SPATC1L,-0.00252363383320538,0.918720725885918,0.971240283144979,stable
SLC30A9,-0.00252674984107737,0.986507668690568,0.994316436516614,stable
RIMS2,-0.00252763733266809,0.511631050367089,0.76146007201741,stable
SUPT3H,-0.00253105706566306,0.94667148337686,0.980023053251926,stable
DOCK7,-0.00253472128209621,0.981902641992932,0.993196350494133,stable
MAGEE1,-0.00253481227198727,0.941330996605079,0.978721621374541,stable
IP6K1,-0.00253788459236998,0.964093003445224,0.986441438635774,stable
FAHD2A,-0.0025388518410403,0.341708052320525,0.621490735242686,stable
POU2F3,-0.00254371097907383,0.107446589433885,0.326919950947711,stable
HOGA1,-0.0025449902198507,0.632458207818473,0.838794524506132,stable
NGLY1,-0.00254920370133793,0.0427935398397047,0.183951371678549,stable
ZMAT5,-0.00255254552923009,0.993400914920516,0.996653085674945,stable
RBP4,-0.00255360686174392,6.89992478027958e-14,8.26908632491545e-12,stable
WBP1L,-0.00256156966907074,0.981499656591451,0.993084958362173,stable
PTER,-0.00257251961362442,0.681351063364559,0.867019606709919,stable
ABCD1,-0.00257339901280053,0.909148620751312,0.967191701426525,stable
EIF1AY,-0.00258206936232275,0.747166772713216,0.900333750866363,stable
SCUBE3-AS1,-0.00258679429261011,0.459250451801659,0.721786218549624,stable
GFPT2,-0.00258978951130032,0.759657034750373,0.907106339043524,stable
TRIP4,-0.00259041087534598,0.944540460669781,0.979725294121969,stable
CCNB1,-0.00261057209530021,0.904972564259062,0.96626332787898,stable
TTC6,-0.00262306317987173,0.331440533146965,0.61295639741396,stable
PAQR4,-0.002627719687403,0.950934866290968,0.981808013445876,stable
ATP13A4-AS1,-0.00263034932549962,0.817192777509178,0.933433313130128,stable
LINC01024,-0.00263973068991764,0.342873684538623,0.62246695799077,stable
C8orf48,-0.00264218709033394,0.907679402891357,0.966664189642523,stable
MORN3,-0.00264406933926125,0.297044848543422,0.579135688077033,stable
PPP1R3F,-0.00264784694319334,0.280226413341118,0.561452758474604,stable
PRR3,-0.00265107254863482,0.634724836394689,0.840068904297171,stable
KLHL17,-0.00265643902444146,0.871279378657063,0.953834777422885,stable
ZNF3,-0.00266492107436168,0.210360816301924,0.482448521289817,stable
LIAT1,-0.00266493089164042,0.0193343646706564,0.110309743036329,stable
STX5,-0.00268334715600341,0.909121639292226,0.967191701426525,stable
ZBTB26,-0.00269073655679431,0.852665300447674,0.945412847798335,stable
EDAR,-0.0026924645307252,0.121384165759948,0.35267641850717,stable
SMC2,-0.00269513112831336,0.329715914612387,0.611136821868358,stable
SLC35E2,-0.0026976388941625,0.381054925105348,0.660862954874224,stable
KLC2,-0.00269861906651761,0.893537845764761,0.961788990120593,stable
CRADD,-0.0026996620134027,0.673860250197471,0.862992949021885,stable
L3MBTL1,-0.00270132149296081,0.205379182875799,0.4768881985464,stable
FAM149B1,-0.00270990843273331,0.828670342177453,0.936412634041397,stable
SLC35E4,-0.00271338577016482,0.720611495176736,0.886067471996831,stable
ASAH1-AS1,-0.00272690011106075,0.292439001042063,0.57488796959905,stable
SMARCA4,-0.00272751610938671,0.0447494861282696,0.189017870916368,stable
KPNA7,-0.00273652757105946,0.287753047554984,0.570425556862518,stable
ZNF33B,-0.00273745652502053,0.697852131088966,0.876163931610284,stable
C21orf2,-0.00273808411346577,0.911901032782565,0.967964416875136,stable
OLIG1,-0.00274239856818518,0.72613899549771,0.888777278617642,stable
FSD1L,-0.00274416287206584,0.886588786706086,0.95967956510185,stable
MOSPD1,-0.00275099591805714,0.992107544486497,0.996399972695511,stable
GFOD2,-0.00275260627169118,1.11280246521212e-05,0.000328572399390168,stable
FRYL,-0.00275697948133274,0.996610674317903,0.998330711231211,stable
VAMP1,-0.00275925412122174,0.248058291989627,0.5273607152065,stable
HIC2,-0.00276097443536893,0.417250188605548,0.689438538187917,stable
MTCP1,-0.00276357177982602,0.805551735534477,0.927897975274902,stable
USP51,-0.00277587649809945,0.937681393695968,0.977899101908071,stable
ACOX3,-0.00277616133726545,0.143685996581844,0.388158590545075,stable
INIP,-0.00279118092379964,0.266771477889741,0.547885508354199,stable
XPC-AS1,-0.00279550400655075,0.844253325098072,0.941945441098819,stable
LINC01011,-0.00279639321032165,0.953069848956033,0.982529667307959,stable
SFT2D3,-0.00279654500748566,0.893496780425364,0.961788990120593,stable
ZNF2,-0.00280347515965018,0.838777598986561,0.940507104068627,stable
ANGPT2,-0.00281265191615884,0.668694362011195,0.859625288951437,stable
SLC25A46,-0.0028165218341083,0.537098353264603,0.778378505279642,stable
CLN8-AS1,-0.00282074577379558,0.0065664757904753,0.054308931030291,stable
ZNRF1,-0.00282297212865616,0.990735881108464,0.996189688481448,stable
ST3GAL5,-0.00283985702842382,0.927870708732938,0.974466235107503,stable
ZNF418,-0.0028402758198933,0.711667816164281,0.883015177920431,stable
CTR9,-0.00285093606950435,0.761768252352935,0.908258070558155,stable
ZNF28,-0.00286136450139027,0.827004165543705,0.93590577110693,stable
ACSS3,-0.00286583251405644,0.0373475358121428,0.169711209417045,stable
TAS2R14,-0.00286840193275689,0.168594918551123,0.425706729717441,stable
CCDC9,-0.00288147068174285,0.752255666342565,0.903189263851521,stable
KRBOX5,-0.00289383554641196,0.842093494710657,0.941855471536939,stable
AKAP1-DT,-0.00289439945976789,0.0107543564995532,0.0744573823931207,stable
EIF4H,-0.0029032393086702,0.914993119634947,0.968985313296893,stable
LYRM7,-0.00292753725362219,0.0370429953909458,0.168960289424971,stable
TRMT2A,-0.00293488727895883,0.636159885681875,0.841057586261652,stable
CATSPER2,-0.00293832091438627,0.749129809779033,0.901125775207391,stable
KRI1,-0.00296348459456953,0.763552179488303,0.909024715670191,stable
DDX28,-0.00297005200659082,0.174736779116793,0.435204235518271,stable
ZBED9,-0.00297292528573053,0.648687395419052,0.847929454077259,stable
RAB3D,-0.00297900217529939,0.567062990498005,0.800445598565668,stable
TADA2B,-0.00298055109103456,0.87554313273336,0.955848821517602,stable
CCRL2,-0.00298120950426093,0.776192573859154,0.913924203881887,stable
ZNF75D,-0.00300327770862643,0.752401234879368,0.903206588938957,stable
MAP2K7,-0.00300469426766986,0.81506442183305,0.93237389972742,stable
FAM41C,-0.00300522713741528,0.823549053475864,0.93525303137207,stable
PHF8,-0.00300547634949658,0.406299965905501,0.680264454626605,stable
MARCO,-0.00301471453039408,0.743380913063563,0.898555154878769,stable
NXT1,-0.00302360383954964,0.238723996881108,0.515485274311016,stable
C11orf83,-0.00302748796299562,0.433293887627142,0.702523567094268,stable
GPSM3,-0.00303586756446391,0.0724244851683377,0.254547701753237,stable
FAM69A,-0.00303607708124053,0.835518802899219,0.939464257223401,stable
SIAH2,-0.00304618140419731,0.00295342500319884,0.0309894139391439,stable
GTF3A,-0.00306829547347526,0.654115521094871,0.851715821246666,stable
LINC00869,-0.00307270590544721,0.841690584052765,0.941727220633964,stable
HFE,-0.0030736537451113,0.961404491239285,0.985489817846849,stable
TMEM70,-0.0030747077118731,0.887836300444996,0.960349609471695,stable
ASF1A,-0.00307524389168254,0.879301983093078,0.957279352263137,stable
TMEM194B,-0.00307533621998185,0.892176089038358,0.961652449637532,stable
CLUH,-0.00307718282334904,0.922925551458543,0.973217360384869,stable
GPR124,-0.00307871155571285,0.850909177583612,0.944806778801347,stable
ESR2,-0.00307897788111363,0.0104932480739738,0.0731957787589005,stable
PIGW,-0.00308023982580121,0.828536575300103,0.936412634041397,stable
ZNF845,-0.00308122075040913,0.167349600807794,0.424583565824734,stable
BBIP1,-0.00308584668393039,0.864448258862056,0.950074953026825,stable
INTS2,-0.00309805156476099,0.624523523051053,0.8328797235191,stable
PSMD5,-0.00310833452911061,0.74769112352889,0.900333750866363,stable
MED27,-0.00311148310160199,1.38237178565499e-05,0.00039481571747305,stable
IGJ,-0.00312148725244389,0.101293940945898,0.31599145850162,stable
PPP1R7,-0.00314069517290594,0.98565818647959,0.994232533055583,stable
POU5F2,-0.00314791179701058,0.106898225462079,0.32610477741451,stable
CDKN2AIP,-0.00314976859229826,0.395889327297619,0.67140845342152,stable
SMARCE1,-0.00315793478132764,0.11142196717906,0.333612946353884,stable
RAB6B,-0.00315912558236722,0.732831692713491,0.892867000072732,stable
RAB11FIP4,-0.00316195969828537,0.489603078685399,0.746420268725866,stable
MFAP5,-0.00317773337282253,0.59966980605593,0.81973389730744,stable
GMEB1,-0.00318660334253873,0.154524839011036,0.404174726899884,stable
C1orf86,-0.00318716706720029,0.131489832652495,0.368569528627402,stable
GSDMB,-0.00318955621784464,0.658373916580464,0.854759241287671,stable
PIP5K1B,-0.00318991318988349,0.97907101544189,0.993073914798438,stable
YY2,-0.00319101508322069,0.743540790117909,0.898570698803887,stable
APOOL,-0.00319305321635552,0.99384583659097,0.996699606734598,stable
NFU1,-0.00320298033036334,1.17885999094442e-05,0.000343923258455958,stable
SKIC2,-0.00320504084514532,0.968444823725214,0.987869714625912,stable
ARSG,-0.00321222323053392,0.695923016209471,0.874951787258026,stable
S100A12,-0.00322550935551531,0.921781768063511,0.97260504587103,stable
ZNF77,-0.00322875054609687,0.294806197024663,0.57716910920292,stable
CLSTN1,-0.0032288105200563,0.00347826201340814,0.034994464898684,stable
KLHL32,-0.00322985850323413,0.224200058317494,0.49793285467505,stable
UFSP1,-0.00323088915161985,0.838947109192106,0.940507104068627,stable
GSDMC,-0.00323995676890728,0.291610985829164,0.574383506520097,stable
RAB3IP,-0.00324279517788539,0.829530958053166,0.936651249883789,stable
CU638689.5,-0.00324967632422222,0.167225224710408,0.424452065377913,stable
IL17RA,-0.00325228573008814,0.0714702757233933,0.252866179578223,stable
ZNF621,-0.0032556517398533,0.944256993317122,0.979725294121969,stable
TRIM7-AS2,-0.00325571445873763,0.869524692736372,0.953108845409739,stable
DCN,-0.0032569832977297,0.982258656204191,0.993227712254118,stable
C1QTNF4,-0.00326019908028851,0.276985368960557,0.558171637021736,stable
ZNF836,-0.00326848294414397,0.0295118771441888,0.146887452962143,stable
PHGDH,-0.00326934761477744,0.624204582468238,0.832726925252837,stable
CNBD2,-0.00329578736295137,0.0542089147635343,0.213482530305877,stable
SPMIP6,-0.00329884163445471,0.846643575319555,0.943093055781728,stable
FAM184B,-0.00330601028217455,0.668784047377568,0.859625288951437,stable
ERP44,-0.00330631675403853,0.957058107800776,0.983727119653955,stable
NAV1,-0.00331054927689934,0.59226074000682,0.815400462692856,stable
NADK2,-0.003311131121157,0.315621571293636,0.598999858328429,stable
PALB2,-0.00331680060349294,0.865989182845025,0.950997076086496,stable
KLHL25,-0.00332076001682712,0.0295097107213294,0.146887452962143,stable
SENP1,-0.00333002359859538,0.966539818361209,0.987360802843401,stable
ELOVL6,-0.00333098528132858,0.723052049842771,0.88747157985753,stable
CSRP2,-0.00334229576972408,0.888095873997888,0.960530085017459,stable
RRP1B,-0.00334616738943469,0.985568353821575,0.994232533055583,stable
CCDC171,-0.00336076946132737,0.0049826066567978,0.0442319417376153,stable
REM2,-0.00336281586188532,0.926979060058233,0.974466235107503,stable
TCF3,-0.00336568069333987,0.612875637966297,0.825541795977962,stable
ST6GALNAC3,-0.00338303697710395,0.970330064317112,0.988672394128177,stable
ZNF407,-0.00338352135239385,0.911519139159416,0.967964416875136,stable
SULT1A3,-0.00339382395784717,0.0664252424981954,0.241858689456526,stable
SERPINB9,-0.00339416849527182,0.000451601463138266,0.00745996795324617,stable
MPRIP-AS1,-0.00339601202733006,0.483686391076675,0.743066789559039,stable
GZMA,-0.00340024869635341,0.864346693539252,0.950074953026825,stable
ZNF197,-0.00341926908674933,0.736051467191284,0.894244374878314,stable
MAP3K10,-0.00342298893470667,0.00067819856651782,0.0101971700825508,stable
ICAM5,-0.00342662837031964,0.939248640690043,0.978050338217809,stable
PCBD2,-0.00342842550281033,0.807918822821305,0.929319829335574,stable
DEFA3,-0.00343682126343408,0.877965225726391,0.956698780467053,stable
PRR22,-0.00343938505735475,0.629678195566545,0.836918368436159,stable
C13orf45,-0.00345605232534403,0.202645709308328,0.474003281780521,stable
FBXO44,-0.0034608441403076,0.989084915899842,0.995682616483544,stable
GDI1,-0.00346286360578901,0.526826159470693,0.771772809803131,stable
FPGT-TNNI3K,-0.00346668960556803,0.14147808198435,0.385344936313881,stable
ANKMY2,-0.0034759079282663,0.968474366825666,0.987869714625912,stable
LRRC37A3,-0.00348242151570728,0.864390092789099,0.950074953026825,stable
CAND2,-0.00348523018709321,0.165618469372762,0.421687183839335,stable
STT3A,-0.00349292665006565,0.755691936915246,0.905023830396,stable
TFIP11,-0.00350407960114178,0.46023337191181,0.722697082888635,stable
STK32C,-0.0035054309891884,0.954003621141212,0.982654451054287,stable
BOP1,-0.0035117948942661,0.751662214355054,0.902916592497534,stable
ZNF844,-0.00351243539422098,0.795386683471462,0.923080491669529,stable
BEND3,-0.00351323059565772,0.552314361372452,0.789601897496009,stable
CEP89,-0.00352060637267559,0.915158557301391,0.968985313296893,stable
VMAC,-0.00353368010462687,0.971063552128939,0.98882979464914,stable
FAM153A,-0.00354396149241236,0.803650939174112,0.9269266975139,stable
UTP23,-0.00355193867224915,0.0736143376306166,0.256883146787513,stable
CD7,-0.00355378220231841,0.000492807471958705,0.00794733316256359,stable
TMEM255A,-0.00355523134950031,0.667195596954347,0.859355998111695,stable
THUMPD1,-0.00355623024257079,0.740838125705334,0.896456666860226,stable
ANKRD33B,-0.0035753528304417,0.483269753919773,0.742723519017424,stable
TBL1XR1,-0.00358068021832014,0.641991660519664,0.844730779757674,stable
PDGFC,-0.00358639653634694,0.97704071592254,0.991901064585152,stable
SPIRE2,-0.00358664885126993,0.821669622680764,0.934873241652459,stable
ZNF546,-0.00359084931753365,0.00498749742183629,0.0442432282180891,stable
SARS2,-0.00359484824428697,0.856193697096597,0.946902357125559,stable
CYB5D2,-0.00359747212740755,0.955154086230548,0.983308367027305,stable
EID2B,-0.00359869891388527,0.116506842880759,0.3432585315436,stable
TFAP4,-0.00361443641504127,0.133331433915275,0.371686077122081,stable
USP47,-0.00361600477384288,0.47095981688253,0.732071821156161,stable
BIVM,-0.00362074042443362,0.971049788607949,0.98882979464914,stable
HSD17B8,-0.00362497978404219,0.459508849358082,0.721984084132801,stable
WAPL-DT,-0.00362598029585767,0.921017712413464,0.972154435415093,stable
ARHGAP17,-0.00363577503300626,0.905397591420635,0.96626332787898,stable
PFN2,-0.00363929283180992,0.726416521732746,0.888777278617642,stable
NCF2,-0.00364350775096529,0.618569805665235,0.82973744150684,stable
PHAF1,-0.00364536284171549,0.874763261893673,0.955680231780165,stable
A2M,-0.00365007552963529,0.943399618713951,0.979490393037691,stable
LINC02334,-0.00365107502133509,0.320952928234595,0.602807641241152,stable
VPS36,-0.00365984385467355,0.00452998695959229,0.0421087952741478,stable
NUDCD1,-0.00366417656186049,0.619414322759356,0.830087234689641,stable
GPSM2,-0.00368285164964426,0.0044764850009936,0.0417077383019403,stable
CYP2A7,-0.00368860315079256,9.37084979315543e-16,1.38011166110279e-13,stable
FAM161B,-0.00370706161131885,0.494757689730407,0.749652497507881,stable
LINC02975,-0.00371855057389566,0.649609554358783,0.848469622019635,stable
PTPN9,-0.00371978043978118,0.895873294631468,0.962661151373214,stable
COPS8-DT,-0.0037271553807285,0.00474547995646714,0.0430331950948474,stable
H2BC18,-0.00373584193622234,0.862061265943844,0.949291718999642,stable
ENC1,-0.00374740390366304,0.762446118744084,0.908659520483029,stable
ZBED4,-0.00375583625032964,0.941016395210526,0.978477748813667,stable
BECN1,-0.00375724839227498,0.93859749887523,0.978050338217809,stable
RAB40AL,-0.0037586143471846,0.64445557832151,0.845986360545762,stable
LINC00663,-0.00375956634361613,0.421488136536504,0.692334675097074,stable
TTC8,-0.00376177693913959,0.835809650553079,0.939488475251571,stable
TOX-DT,-0.00376237092290958,0.000102127278316346,0.00223728288555379,stable
PAN3-AS1,-0.00376238052560242,0.0362072251030963,0.166954779200396,stable
SHQ1,-0.00376263060592949,0.28681004693491,0.569635394650956,stable
APBA3,-0.00376532072992656,0.044181715702187,0.187396701160144,stable
C5orf42,-0.0037802677594882,0.449912666629981,0.716000623212277,stable
SCAF11,-0.0037819165192442,0.208749514165766,0.481553889632444,stable
FERMT3,-0.00378677318027924,0.677201267665788,0.864750964754659,stable
MCM3AP-AS1,-0.00379361350633659,0.174212284363674,0.434429001236546,stable
SLU7,-0.00381130211542621,0.867080606382144,0.951709915813534,stable
BDNF-AS,-0.00381225634956,0.630544767518749,0.837348483430467,stable
HBS1L,-0.00382748808260014,0.660521400907191,0.855228641530506,stable
DKFZP761J1410,-0.00382797450008176,0.875031182975405,0.955701506332611,stable
WDR89,-0.00383085504981289,0.953416603563046,0.982529667307959,stable
TICAM2-AS1,-0.00383370387771531,0.812407163395614,0.931129827570615,stable
PPRC1,-0.00383668739770005,0.766682434259165,0.909951660675258,stable
LYPD1,-0.00383948573120396,0.928054580913776,0.974466235107503,stable
SH2B2,-0.00384836205773042,0.170585644978006,0.429149809469262,stable
TPR,-0.00385663141346981,0.860766484811559,0.948763985488192,stable
EIF3C,-0.00385983413525308,0.477496563894278,0.737329747490063,stable
RRS1,-0.00386487191658061,0.353002474044554,0.633338888402553,stable
SLC39A3,-0.00387275899097873,0.274098377800096,0.555879700528242,stable
KIFBP,-0.00387376649752488,0.935316416558724,0.977251236716978,stable
HNRNPA1L2,-0.00388118330713867,0.883587829866074,0.958730961433017,stable
ARL17A,-0.00389579297354874,0.236024642942662,0.512672118991955,stable
EVA1A,-0.00390529328567735,0.87252440941954,0.954513905561522,stable
ANKHD1-EIF4EBP3,-0.00390710039742591,0.554035458852827,0.790606963356382,stable
USP31,-0.00391299217116588,0.970276712181627,0.988672394128177,stable
SCARF2,-0.00391896130003533,0.155555194924162,0.405957878469889,stable
SYT15-AS1,-0.00391968889846633,0.199035219807433,0.469420514552587,stable
CREB3,-0.0039327453485738,0.619301133944955,0.830087234689641,stable
ANKRD13D,-0.00393288102236802,0.406991042555726,0.681048392087775,stable
CSRNP2,-0.00395345350105623,0.912841069703168,0.968115566449362,stable
IGF2R,-0.00395798914690376,0.765897175228973,0.909951660675258,stable
C9orf85,-0.00396030668222661,0.00193194343770998,0.022817465297166,stable
H1-10-AS1,-0.00396550072048092,0.328659249568558,0.610488419528008,stable
PLEKHG2,-0.00396902795536369,0.937148256176638,0.977782543829227,stable
HYLS1,-0.00398623665584321,0.329165392793024,0.610830250578354,stable
C15orf57,-0.00398749150150278,0.0387586668757622,0.1739941035216,stable
NLGN2,-0.00399859137276951,0.674269004474799,0.863313779463634,stable
ZNF785,-0.0040053020254123,0.256031570032234,0.535912656177059,stable
AMDHD2,-0.00400913648985306,0.59016751073019,0.814428499792938,stable
ZFP28-DT,-0.00401205677469746,0.00273729579666004,0.0293514945775196,stable
PPP3CB,-0.00401285428169737,0.753520072645744,0.903489642712834,stable
ZNF473,-0.00401607200545419,0.116543098389505,0.343282610774293,stable
TNFSF13B,-0.00402064265492339,0.645811614973682,0.846975987916286,stable
KIAA1875,-0.00402579704226526,0.714656904693346,0.884243251177445,stable
CTDNEP1,-0.00402703189807041,0.838798322062314,0.940507104068627,stable
DUSP12,-0.00403085471705583,0.295507205754184,0.577568623316847,stable
ZNF462,-0.00403937619310614,0.56479637124436,0.798897343449555,stable
BOLA3,-0.0040463582429115,0.121662005188896,0.353054619273289,stable
ATAD5,-0.00404750949847593,0.847282086235672,0.943104737037411,stable
ELAVL1,-0.00404839625658998,0.445869279015469,0.712566084995048,stable
TEX30,-0.00404886141829445,0.0488583396714539,0.19994788889985,stable
DNAAF3,-0.00405539711473433,0.681531801111927,0.867031446866085,stable
C4orf46,-0.00405667406721212,0.715126023202598,0.884323033748025,stable
PURB,-0.00405910811864732,0.971892538447569,0.988891388046104,stable
GNPDA2,-0.0040602088487284,0.9511419797529,0.981808013445876,stable
ZNHIT6,-0.00406834147940885,0.967745837644931,0.987703525037291,stable
H4C2,-0.00406977416956999,0.769739521691989,0.911047241785716,stable
MBLAC2,-0.00407328373325352,0.0111145174522005,0.0760901488504698,stable
CMTM3,-0.00407448496431986,0.581029010670282,0.808388188758653,stable
ZNF667-AS1,-0.00407700933946096,0.738075108255854,0.894824514912249,stable
PIGZ,-0.00407819720463688,0.718305455734137,0.885584053544538,stable
SLC6A6,-0.00408057053990654,0.873357597425708,0.954656467042105,stable
WDR37,-0.00408193638036335,0.852503262413806,0.945386907352478,stable
PTCD2,-0.0040913380233049,0.763548685687547,0.909024715670191,stable
DUSP10,-0.0040931714201431,0.0221033502792657,0.12148891808172,stable
FBXO8,-0.00410458766780183,0.754457062327375,0.903987760232291,stable
ADCY3,-0.00410527013768224,0.868134955564173,0.952015707350666,stable
TTC7B,-0.00412012372364948,0.850748359303671,0.944726375738379,stable
LINC02950,-0.00414442960431973,0.141545652728597,0.385443096225076,stable
TRAF1,-0.00414531525178119,0.946563377034256,0.980023053251926,stable
NDUFV1,-0.00414999268320571,0.419652854137338,0.691468902289065,stable
PRMT6,-0.00417303888730983,0.0627582440472811,0.234103379686898,stable
FES,-0.00418832102419639,5.07458407554905e-05,0.00124312055590204,stable
ABHD3,-0.00420527526853981,0.512754708995497,0.762612673410507,stable
NATD1,-0.0042075953029881,0.394717367887374,0.670749166573262,stable
TECTA,-0.00420863077555403,0.486814439635847,0.745370943669012,stable
DYX1C1,-0.00421819540294763,0.86450292069023,0.950074953026825,stable
IL7,-0.00421942633315094,0.670361960652195,0.860857716883332,stable
FBLN1,-0.00422606667824864,0.00575126703747051,0.0491289226177775,stable
PMEL,-0.00423059688513571,0.371408720697165,0.65165784438096,stable
C9orf91,-0.00423409903294229,0.742410784897279,0.897718410259695,stable
PLAUR,-0.00423793271364363,0.843404306253826,0.941855471536939,stable
TOR2A,-0.00424004448357347,0.613323314031745,0.825821746333986,stable
GOLPH3,-0.00425495141780707,0.810901270749943,0.93060503042426,stable
ADAL,-0.00425937689667304,0.936062196020504,0.977455505622988,stable
H2AC20,-0.00426465245790235,0.683660241691475,0.868664403553678,stable
TRAF5,-0.0042647451735846,0.390017934407496,0.667796835267848,stable
ZBTB39,-0.00426565220375174,0.890876421552147,0.961652449637532,stable
DYNLT4,-0.00426782176748676,0.312408990979908,0.595584451924267,stable
SUNO1,-0.00427146953236843,0.637570852941997,0.842012327826596,stable
PRTFDC1,-0.00427386310173376,0.300490988718109,0.583042970352632,stable
LRCH2,-0.00427509332688514,0.885074502783795,0.959049369615541,stable
PCMT1,-0.00427663238485587,0.665264125569124,0.858006823270413,stable
SIPA1,-0.00427844896232098,0.515902011775644,0.764781250539107,stable
C14orf119,-0.00428163278372129,0.442437268579396,0.710307297563252,stable
CECR2,-0.00428209267993751,0.953244569222299,0.982529667307959,stable
ZNF304,-0.00428521832030991,0.640894037143787,0.84439412697194,stable
MBTPS1-DT,-0.00429221864888835,0.697668309607507,0.876163931610284,stable
IKZF4,-0.00429338142796733,0.641251002768302,0.844682355370659,stable
HSDL1,-0.00429656667260798,0.924828317966458,0.973976694581732,stable
GRHL2,-0.00432533542886919,0.135038163276101,0.374394762505571,stable
C11orf65,-0.00432664277414486,0.489077099539874,0.746213314913209,stable
UBTF,-0.00433225386109309,0.893854469184278,0.961788990120593,stable
SAMD15,-0.00433324368399078,0.713301561014846,0.883782513870411,stable
TMPRSS2,-0.00434518278675355,0.820274352406425,0.934224698016969,stable
RPH3AL-AS2,-0.00434842492080307,0.714109336523295,0.88406649074952,stable
CLEC3B,-0.00435165958783329,0.00414190493613991,0.0397414803291792,stable
CCSAP,-0.00435459501822145,0.0501057613818678,0.203283381059393,stable
C17orf100,-0.00435776804526969,0.568561605899777,0.8009221980066,stable
STAT5B,-0.00436626992899759,0.918976456199783,0.971241225954176,stable
INO80B,-0.00436729591555012,0.0709571884658555,0.252118784302559,stable
OSMR-DT,-0.00437449436060282,0.09784594080479,0.308981860087252,stable
SLC2A8,-0.00437715042574434,0.575247846689986,0.804982738757607,stable
MTFR1,-0.0043772159,0.0107657253252412,0.0744573823931207,stable
MTMR8,-0.00437799383161652,0.725910757937048,0.888777278617642,stable
S1PR2,-0.00438260421293381,0.767123122774037,0.910241996970474,stable
CDCA4,-0.00438589972388475,0.916517398928813,0.969904023295652,stable
OSER1-AS1,-0.0043874328781328,0.222581533634593,0.496865717156549,stable
UBR1,-0.00438892056002121,0.453171421492296,0.717653511636459,stable
EXD3,-0.00439229170154978,0.956718838427119,0.983727119653955,stable
CNFN,-0.00440666043216984,0.00616242661404824,0.0517372959684929,stable
FHL2,-0.00441305464121337,0.715268013258517,0.884323033748025,stable
MFSD3,-0.00442846613008863,0.259235132070107,0.539385575221275,stable
ZNF48,-0.00442978672475441,0.869723734139192,0.953121944009698,stable
LIF,-0.00443597044509386,0.588155006675994,0.812799061294214,stable
LINC00571,-0.00443984250347291,0.194312410157743,0.463106824287045,stable
IL2RG,-0.00444369378739683,0.443670298323894,0.711082434340014,stable
ALG6,-0.00444529161843012,0.0482875876896751,0.19860951275861,stable
THAP11,-0.00444706607284585,0.533787494448557,0.775956514703195,stable
SS18L2,-0.00444958685155755,0.58429670029021,0.810473075526747,stable
EVI5L,-0.00444996020296051,0.965424735550799,0.98713798355911,stable
ZNG1F,-0.00446075848772968,0.863704166487212,0.950074953026825,stable
ZNF615,-0.00446347256539233,0.891040691482469,0.961652449637532,stable
VSIG10L,-0.00446903564721957,0.0773294747788002,0.26508006160854,stable
NANP,-0.00448872418133343,0.264617957539996,0.545636699683847,stable
KCTD21-AS1,-0.00449390894934365,0.379477186327365,0.659847670791709,stable
TESK2,-0.00450587561552394,0.0221430986002363,0.121489248946469,stable
TMEM63A,-0.00451249576620944,0.692286116949357,0.873622743628333,stable
TSPAN31,-0.0045177345853582,0.985887410586219,0.994248756738527,stable
HCN3,-0.00451827835462188,0.180684389285111,0.443155291858186,stable
ZNF525,-0.00452057663373806,0.355911636539134,0.636434149364303,stable
ARSB,-0.00453194046356637,0.295173401755556,0.577328137899387,stable
DSP-AS1,-0.00455610995755633,0.637672746277032,0.842055919897422,stable
PARS2,-0.00455616743644135,0.82579425711301,0.935850933184653,stable
DNAJC3-AS1,-0.00455635216453875,0.928796367098764,0.974508274426508,stable
ZNF740,-0.00455917241434276,0.970269899594523,0.988672394128177,stable
ASMTL-AS1,-0.00456222683372744,0.356308642308682,0.636681430362373,stable
METTL1,-0.00456579846067864,0.0329113384957249,0.157213052665784,stable
IL11RA,-0.00457981384799901,0.116283651526122,0.342893950638712,stable
BMAL2,-0.00458685880080893,0.817087044695008,0.933433313130128,stable
ZNF132,-0.00458746062566231,0.700981299585881,0.877590680677776,stable
OXNAD1,-0.00459938043115696,0.968385767030226,0.987869714625912,stable
ATP13A5,-0.00460419198284215,0.761824264967963,0.908258070558155,stable
SMTN,-0.00460477460975323,0.536953429348084,0.778337331951971,stable
MIPEP,-0.00461342674418151,0.973255202925484,0.989443745888316,stable
MAP3K4-AS1,-0.00461783396256753,0.0894797589930418,0.291602392410275,stable
PCTP,-0.00462093307230696,0.937431422236216,0.977899101908071,stable
SETD2,-0.00462426381694103,0.522949473075366,0.769906583027011,stable
LDLRAD4,-0.00462575245846203,0.66293923359654,0.856685379710297,stable
DCAF13,-0.00462999703747431,0.926092090966708,0.97410888361423,stable
HDX,-0.00463615172519545,0.179015007648381,0.440855683118001,stable
ITGB3BP,-0.00464285310435557,0.488190043673628,0.745916163796131,stable
NAT1,-0.00464320242429127,0.116194867613139,0.34283056523551,stable
PRPF19,-0.00464471507121994,0.830639217369269,0.936950613003778,stable
PSMD10,-0.00465181437065031,0.640174082092875,0.843900353661523,stable
IGF2BP2,-0.00465289720435569,0.331350483675305,0.61295639741396,stable
ABTB2,-0.00467865176995702,0.585091175070286,0.811085793157086,stable
PAPOLA-DT,-0.00468624635780668,0.623300374204408,0.832484582412062,stable
STK35,-0.00469982789541594,0.787046264931555,0.918809430094864,stable
TMEM42,-0.00470700092567294,0.97519456505684,0.990509211737002,stable
TIPIN,-0.00470889068299613,0.95005613088676,0.981531959428647,stable
TMUB2,-0.00471057324940522,0.594666790836901,0.817132065106821,stable
SLX4IP,-0.00471079311599858,0.0312271985164473,0.152025410674416,stable
P4HTM,-0.00472756941601538,0.693939753977557,0.874063274863137,stable
NAA30,-0.00472824036210694,0.947689237307665,0.980595000995251,stable
PPIL4,-0.00472892140640327,0.701367340956641,0.877788580320475,stable
KCNG3,-0.00473122819755352,0.574742379641934,0.80496530463586,stable
SNX15,-0.00473146585634568,0.220203284245953,0.494016923095374,stable
LOXL1-AS1,-0.00473979985217077,0.000921644101893153,0.0128756314303336,stable
SYT7,-0.00474334200499679,0.18215737570738,0.445160288014196,stable
HBB,-0.00474683454139309,0.747564385025737,0.900333750866363,stable
ALG9,-0.00474811448877503,0.201864161669411,0.473382765383942,stable
DPYSL3,-0.00475124310622828,0.000230133651032805,0.00436825116494566,stable
SIL1,-0.00475344838143002,0.892793615607239,0.961652449637532,stable
FANCM,-0.00475586669146211,0.0218083188882722,0.12030004065444,stable
CAPS2,-0.00475738048251485,0.856140083544599,0.946902357125559,stable
KLHDC8B,-0.00475906649442162,0.0415645038306165,0.18196882980705,stable
PRDM15,-0.00476460923164411,0.220214186350351,0.494016923095374,stable
ELL3,-0.00476516531260629,0.618806197333114,0.829963457998682,stable
PODXL2,-0.00477197779847397,0.0327502160765851,0.156934002869532,stable
D2HGDH,-0.00479903444634416,0.835358734851595,0.939464257223401,stable
PFDN2,-0.00479985169003616,0.980961189524361,0.993084958362173,stable
PARP6,-0.00481254035944118,0.0726147118384445,0.255142925413379,stable
FBXO15,-0.004816507469669,0.785254880579352,0.918206541245487,stable
WDR91,-0.00481759655242792,0.931641778184574,0.975952446356006,stable
SAP30-DT,-0.00482665867088603,0.0574403347194283,0.221778474924287,stable
LRP5L,-0.00482723244771717,0.884960262784401,0.959049369615541,stable
PRRT3-AS1,-0.00482829324789025,4.17145191434675e-07,1.80183138519345e-05,stable
ARMC5,-0.00483455641067762,0.972866597512238,0.989443745888316,stable
SERF1A,-0.00484128407110823,0.199395584250061,0.469886263544403,stable
ZNF185,-0.00484714499853289,0.979229797755981,0.993073914798438,stable
ZNF532,-0.00485023876420986,0.800612980414331,0.925805796290302,stable
QRICH1,-0.00485171886204158,0.000640486951650393,0.00975007782935791,stable
SEMA4F,-0.00487125662806988,0.193664676873383,0.462013468013316,stable
DET1,-0.00488035808365141,0.0347265622273898,0.162145720652259,stable
MYCL,-0.00488625461450635,0.297885570426638,0.580110436975501,stable
METTL15,-0.00489068848313115,0.206666542429623,0.478736368137144,stable
FADD,-0.00489638806660399,0.274789111941476,0.556480577311378,stable
EML5,-0.00489755290997681,0.399080409513012,0.673620398493103,stable
GTPBP10,-0.00489901580334366,0.93139369119055,0.975868798610168,stable
MRFAP1P1,-0.00490068983323083,0.829149643376208,0.936513822915223,stable
ZCCHC2,-0.00490401743984963,0.849036606057692,0.944185714217874,stable
STAG3,-0.00490404539248147,0.468246689658821,0.729577275875312,stable
TBC1D12,-0.00491695422266592,0.719306181785118,0.885977187947614,stable
TMEM45A,-0.00491987124957146,0.903601636839148,0.965695611883349,stable
TTL,-0.00491999356320633,0.940464368068482,0.978070140826027,stable
TRAPPC2,-0.00492451693092619,0.914449093373785,0.968734354571553,stable
ALDOC,-0.0049292737611633,0.626339436441962,0.83442964873896,stable
BCORL1,-0.00494382843628026,0.390316584365563,0.667917983830555,stable
GPR135,-0.00495697579029112,0.643195526346773,0.845073152622544,stable
ZNF598,-0.00495769416350028,0.881781458418236,0.957595656394998,stable
PSMD6-AS2,-0.00496096402938083,0.348670933524527,0.628990178272015,stable
FEM1C,-0.00496132909999422,0.969112734932299,0.988167294928861,stable
PHYH,-0.00496506116251022,0.500554703917725,0.754101639227295,stable
TCF20,-0.00496720151373874,0.947865717585069,0.980595000995251,stable
RPUSD3,-0.00496815295436001,0.97172610633124,0.988891388046104,stable
CSTA,-0.00497923233287713,0.444896368165849,0.712337145865723,stable
XXbac-BPG27H4.8,-0.00497940490644528,0.413335226254283,0.68611183255559,stable
CTAGE5,-0.00501179854894775,0.953198606560276,0.982529667307959,stable
NOX4,-0.00501815626431636,0.174356214862219,0.434671841829531,stable
TMCO6,-0.00501944203364491,0.127311356697746,0.362426945146047,stable
RAVER1,-0.00502299425009583,0.488652069757821,0.745976000832474,stable
PRKRA,-0.00502661206860353,0.987987330338899,0.995315405147742,stable
ZNF792,-0.00502919799719724,0.138141839464645,0.379567787981774,stable
LINC00865,-0.00503297835766253,0.0532591183344469,0.210965477161464,stable
PLSCR1,-0.00505886149085455,0.792775642521416,0.92153760500017,stable
LIPT2-AS1,-0.00507070581442187,0.267579115717701,0.548898659260475,stable
CGNL1,-0.00507484759015875,0.515749888320249,0.764781250539107,stable
CLP1,-0.00508045743951846,0.213062499826479,0.486363398296709,stable
TECPR1,-0.0050851000175008,0.0114239406972074,0.0772379707315618,stable
NEU3,-0.00509980127036863,0.422079776280304,0.692736732713539,stable
BCL2,-0.00510336336276546,0.175172384088053,0.435667797170368,stable
MCM8,-0.00510559613901217,0.881506519689913,0.957595656394998,stable
FAM117A,-0.00510665260188299,0.87192822747286,0.954082813506048,stable
ETV7,-0.00512899151203693,0.960897219183405,0.985252209668503,stable
ATPAF2,-0.00512968902077247,0.423134517343152,0.69348671063891,stable
RNF20,-0.00512971232188377,0.689800488607081,0.872126928596672,stable
TMEM167B-DT,-0.00513219539609508,0.578468290442503,0.807122061678936,stable
HMGCLL1,-0.00513468812832527,0.744994009779145,0.899402772414854,stable
RITA1,-0.00513545496361414,0.921886425176534,0.97260504587103,stable
CMTM6,-0.00513861232018542,0.981370781982623,0.993084958362173,stable
MSH3,-0.0051400476611025,0.944377732999619,0.979725294121969,stable
TMEM108,-0.00515486897096944,0.779181245209975,0.914782792356371,stable
PNMA1,-0.00515858473789112,0.233279503686646,0.510284430206857,stable
WHAMM,-0.00515891729035146,0.785552263983892,0.918206541245487,stable
KRTAP5-AS1,-0.00516300731217966,0.617338244322832,0.828813036639462,stable
IL1B,-0.00516369142392548,0.694511759859118,0.874103660725478,stable
NCAPG2,-0.00516405323461937,0.667618950418549,0.859411757573331,stable
PLEKHO2,-0.00516699996801919,0.612055869334338,0.825073990598031,stable
MT1G,-0.00517008540423324,0.303159665644703,0.585808370667223,stable
EXOC4,-0.00517867715204076,0.94282946314916,0.979333850635884,stable
SWI5,-0.00518095317334691,0.219417638100232,0.493178375612015,stable
MNDA,-0.00518305189115643,0.668035746487991,0.859586206849389,stable
GEN1,-0.00518647811700639,0.00249094225633547,0.0273087696335828,stable
DNALI1,-0.00519196833240176,0.986023207718566,0.994248756738527,stable
LAIR1,-0.00519212774851392,0.0170205275355967,0.101640903075298,stable
ENTREP2,-0.00519664475780637,0.0256200509490576,0.13343822019654,stable
SHROOM2,-0.00519807381030493,0.0234278606684166,0.126549787366648,stable
LTBP1,-0.00520607451264864,0.108904642248505,0.3293543658698,stable
GPLD1,-0.00520720005457151,0.684257210439905,0.868984116778038,stable
FOXJ2,-0.00520837689132978,0.677514122522154,0.864953799865359,stable
FOXRED2,-0.00521197339895595,0.510335101027363,0.760772716458352,stable
GIT1,-0.00522365964374925,0.814589274238869,0.932164154705177,stable
ATF7,-0.00522509839256188,0.73801306372936,0.894824514912249,stable
CLHC1,-0.00522780425342636,0.0670211698441535,0.243357936240048,stable
SERHL2,-0.00523265571560719,0.387090745374078,0.665144202091165,stable
ENO3,-0.00523555671188248,0.7565790933571,0.905390329273397,stable
BLOC1S4,-0.00523913168521054,0.00501787115713778,0.0443582899597298,stable
SPOP,-0.00525123776536879,0.993717916247237,0.996653085674945,stable
PDE6B,-0.00525165806453866,0.384740075386846,0.663178024100086,stable
ATL1,-0.00525891357221663,0.947512168242267,0.980561187317429,stable
MBNL3,-0.00526800351550841,0.91271979535497,0.968076943897541,stable
ZNF555,-0.00526861706615684,0.766111141144236,0.909951660675258,stable
C10orf11,-0.00527289543491689,0.529875397161296,0.773591450050037,stable
PBDC1,-0.00527293455162617,0.924787073584029,0.973976694581732,stable
UTP18,-0.00527544044911839,0.00044383573934209,0.00736153063462376,stable
ASUN,-0.00527560565188908,0.810261515000733,0.930362273094961,stable
CDKN1B,-0.00527734780286604,0.751580448348099,0.902916592497534,stable
THAP7-AS1,-0.00527942581632572,0.918342666321819,0.971007763438969,stable
SLC30A4-AS1,-0.00528092646445309,0.925771859812266,0.973976694581732,stable
SLC35E2B,-0.00529313889456229,0.275008112527654,0.556480577311378,stable
LMAN2L,-0.00530451669319541,0.0648016674671633,0.237461315204865,stable
STAT4,-0.00531901615065514,0.700445663460695,0.87718961071033,stable
ZNF335,-0.00531943650876501,0.123812492787029,0.356527585682461,stable
GAS6-AS2,-0.00533620276205826,0.581541630509636,0.8088252237285,stable
ARL6IP6,-0.00534885572532878,0.727400672317541,0.889352452331428,stable
INO80D-AS1,-0.00535284539271143,0.702011150972031,0.877858812139094,stable
CBLL1-AS1,-0.00535423063524419,0.803047091390919,0.926550902113367,stable
TNIP3,-0.00535506783461574,0.595005448722383,0.817380661556318,stable
GMIP,-0.00536362353962527,0.646050592160525,0.847079527895555,stable
RBM44,-0.00537541087348286,0.566629641063688,0.800445598565668,stable
ERC2,-0.00538487732058395,0.352199369712445,0.632621011374859,stable
CTAG2,-0.00538867610012175,0.775656423419085,0.913833816741939,stable
WDR5B-DT,-0.00539111630687946,0.352859029222214,0.633234641773662,stable
FUK,-0.00539864710459519,0.877177068823342,0.956605824619445,stable
MIB2,-0.00540056837171113,0.738442416525828,0.894975223043003,stable
ALOX5,-0.00540316270727529,0.895958435796225,0.962661151373214,stable
GLTP,-0.00540578274128042,0.0844475363941559,0.281652024694463,stable
UBXN8,-0.00541001403987856,0.782929892961067,0.917139943295474,stable
PKD2,-0.00541189837358771,0.924966299429608,0.973976694581732,stable
PM20D2,-0.00541796105268588,0.583078935666,0.809777429376235,stable
PPP6R2,-0.00542660838765519,0.989652046398552,0.995723694834525,stable
KIAA0141,-0.00542798806826322,0.838864558184128,0.940507104068627,stable
CBX1,-0.00542969404440452,0.234747849131551,0.51141645121798,stable
ENTPD3,-0.00543214414311145,0.493603262098554,0.748982904157488,stable
Y-RNA,-0.00543549317583808,0.718472710725122,0.885611618019955,stable
ABCD4,-0.00543616542019437,0.633453603565304,0.839386108399163,stable
FBXO5,-0.00544369426947548,0.852211532656826,0.945386907352478,stable
DNAI7,-0.00544396059507813,0.803033960104166,0.926550902113367,stable
GLIPR1L2,-0.00545098110181215,7.25219277147719e-08,3.6481812526147e-06,stable
R3HCC1L,-0.00545212277759717,0.825156120973322,0.935818786487049,stable
ZNF17,-0.00545517371124103,0.444946081448814,0.712337145865723,stable
CDHR3,-0.00545590135158721,0.861867636748377,0.949242535390779,stable
RABGEF1,-0.00545653188339709,0.619441733870984,0.830087234689641,stable
TXK,-0.0054627684043103,0.853437189468577,0.945609011256718,stable
TAF5,-0.00546803068021372,0.713384734093043,0.883795985563328,stable
CCNE2,-0.00546956108256389,0.619100179899878,0.830087234689641,stable
ZFP69,-0.00547066448758172,0.571910179420328,0.802736253672532,stable
CHAC2,-0.00548568410869632,0.913172223763583,0.968220770516614,stable
VARS2,-0.0054888325645263,0.377440706523232,0.657913262340565,stable
LETM2,-0.00550668479149683,2.29363875875912e-05,0.000613510726194124,stable
SPTSSB,-0.00551541566100714,0.325236894237912,0.606328472649722,stable
C4orf21,-0.00552475093630338,0.633288823181378,0.839386108399163,stable
ATG4A,-0.00552593655771835,0.475905907841189,0.736209171294046,stable
LINC00649,-0.00553793985873398,0.649394334940309,0.848279156904289,stable
GSK3B-DT,-0.00554307189577529,0.101752356745311,0.316735627413976,stable
TIGD1,-0.00554608632663315,0.919144602845582,0.971241225954176,stable
BNAT1,-0.00554609032735192,0.609521929464521,0.824057889673116,stable
CHPF2,-0.00554660444031443,0.148261957451213,0.39519279718352,stable
DPCD,-0.00554895518347086,0.230655480078647,0.507475267905216,stable
SGK494,-0.00555069999473044,0.839105498987339,0.940512160244016,stable
PSMG3-AS1,-0.00555113159976573,0.560345976853274,0.795501354992976,stable
MSANTD4,-0.00557274295385935,0.944481563836687,0.979725294121969,stable
SETD1B,-0.0055803940160527,0.924118211391,0.973771162061825,stable
RCSD1,-0.00558970329130354,0.68820284985198,0.871514878525793,stable
FBXO33,-0.00559037607419602,0.980793375313565,0.993084958362173,stable
CP,-0.00559439841499466,0.714794600214231,0.884287945857582,stable
NOL11,-0.00559584849385167,0.516116551003563,0.764956028756496,stable
TTC18,-0.00559785560675527,0.000806489506708888,0.0115930202000194,stable
ADM,-0.00560526193013552,0.391202238588184,0.66825826781749,stable
MED19,-0.00560644536925872,0.783233445035315,0.917336938977838,stable
SLC25A53,-0.00560720179766945,0.0021924968740655,0.0247457396006943,stable
IFT122,-0.00560963965831938,0.801273503615359,0.926055394254089,stable
ABHD2,-0.00561204263797721,0.887612298424188,0.960192277516572,stable
NEU1,-0.00561399137760182,0.98522719892745,0.994232533055583,stable
ZBED1,-0.00561841271626762,0.613260375466484,0.825821746333986,stable
ADH1C,-0.00562616091055458,0.487571131401691,0.745567864680294,stable
PRPF31,-0.00563651091992898,0.667439078512395,0.859361206628978,stable
FNBP1,-0.0056402875849694,0.815632148292857,0.932761472610336,stable
SSRP1,-0.00564499157812021,0.842926913133361,0.941855471536939,stable
LL0XNC01-237H1.2,-0.00564774312270651,0.511584713547656,0.76146007201741,stable
ACOX1,-0.00565810843975673,0.166135501964831,0.42247563470316,stable
TUBGCP6,-0.00566196837378102,0.95652438793478,0.983642139994511,stable
KIAA1919,-0.00567197365126686,0.132053985454629,0.369726962482223,stable
ZNF852,-0.00568172411515917,0.833254664268473,0.938377349607433,stable
ARSK,-0.00568723997710353,0.958729337716592,0.984088288206198,stable
ASAH2B,-0.00569977961587014,0.721007200235517,0.88621063170792,stable
NOLC1,-0.00570715365521166,0.964065207039551,0.986441438635774,stable
MBOAT7,-0.0057096569512988,0.827229231918087,0.935954288316059,stable
EARS2,-0.005753132185565,0.846498638096642,0.943093055781728,stable
GPRASP3,-0.00575661370831605,0.292816446265767,0.575186925783824,stable
AZI1,-0.00576300320815371,0.939854495619709,0.978064239181509,stable
CBR4,-0.00576476226229769,0.0802709275892856,0.271488193219445,stable
RGS11,-0.00576511441077008,0.836779777122688,0.939724252982514,stable
FP565260.1,-0.00576610136744557,3.53957129577948e-06,0.000121880900055235,stable
AKR1B1,-0.00576614723185123,0.792532913566437,0.92142552601504,stable
CLEC14A,-0.00576771798857849,0.599491805594476,0.819616131482707,stable
TSPAN5,-0.00577027090015354,0.879156124671236,0.957279352263137,stable
DDX49,-0.0057805687016283,0.925916170669358,0.974044687630141,stable
LYSMD2,-0.00578096862732196,0.941431175546367,0.97874253188287,stable
ZNF678,-0.00579445683956644,0.912914605240657,0.968115566449362,stable
TMEM170B,-0.00580000942264458,0.712231092311699,0.883082754074268,stable
CPB2,-0.00580066339403186,1.2771171955676e-09,8.43863816141535e-08,stable
RBM26,-0.00580889693636333,0.0660742174327437,0.241061966179845,stable
ZNF565,-0.00582383207334971,0.602110527948259,0.820754409761047,stable
ZNF583,-0.00582444753952082,0.497977350166029,0.75207670931422,stable
ZNF136,-0.00582800870707433,0.889528519801801,0.961499392170591,stable
PPFIBP2,-0.00582821298200295,0.89060560452074,0.961652449637532,stable
CASTOR2,-0.00583397511133881,0.129867366912308,0.365530438207702,stable
ITGA5,-0.00583608050216644,0.332946088628662,0.613927945913799,stable
WDR25,-0.00584316052931396,0.0277865683925534,0.14157849008213,stable
TXNDC15,-0.00586179816145277,0.991651855802934,0.996399972695511,stable
HCFC1R1,-0.00586188724101455,0.638396280306867,0.8428292613102,stable
TCEB3,-0.00587878040811179,0.892963849080573,0.961652449637532,stable
BPIFB1,-0.00588701897621979,0.583432783522548,0.809994554724415,stable
SMAD1,-0.00589580432538312,0.486830768254666,0.745370943669012,stable
SEMA3F,-0.00589583268273344,0.00153160486538281,0.0189253430197673,stable
PCGF3-AS1,-0.00590297414628361,0.610993265981153,0.824641899453861,stable
UBTD2,-0.00590536529143794,0.965705770409551,0.98713798355911,stable
JHDM1D-AS1,-0.00591615578412527,0.85395550479641,0.945839960805358,stable
TICAM2,-0.0059166807127896,0.203554550219653,0.474947665944845,stable
SLC20A2,-0.00592263541749841,0.483609657433334,0.743042289148451,stable
ZCCHC9,-0.00592762071495734,0.454951548044298,0.718424973943095,stable
GNB1L,-0.00593114969104406,0.803958287299295,0.9269266975139,stable
GGA1,-0.00593148868667492,0.985452210023963,0.994232533055583,stable
DSN1,-0.00594030836265425,0.0520172321881839,0.208068928752736,stable
PIK3CD,-0.00594549144329035,0.945917305518902,0.980023053251926,stable
RGS19,-0.00594764833104065,0.821024756006773,0.934556906362491,stable
EDN2,-0.00595070300489471,0.501772666654898,0.75482021624286,stable
RAB33B-AS1,-0.00595187611742006,0.94624176662217,0.980023053251926,stable
DDX50,-0.00596177066417258,0.96269419264505,0.986343968228629,stable
ZSCAN21,-0.00596426574767144,0.0280860468110219,0.142640910545711,stable
BMP8B,-0.00596943532246862,0.00309014428644278,0.0320117997944717,stable
LENG8-AS1,-0.00597270597738128,0.57491617015517,0.80496530463586,stable
CTH,-0.00597340496831023,0.765394426365763,0.909951660675258,stable
NKX3-1,-0.00597772328807367,0.595399495577691,0.817587444837306,stable
NKILA,-0.00598096407144576,0.0175779649347292,0.103903792728303,stable
C14orf37,-0.00598114062676928,0.639670585106029,0.843782586849692,stable
ABCE1,-0.0059824943981526,0.692862583424791,0.873639512428346,stable
FOXO3,-0.00599066567737971,0.166178089858669,0.422496042103238,stable
CMTR1,-0.0059939415236053,0.949778026704794,0.981531959428647,stable
C1orf233,-0.00599755325414034,0.778101646776553,0.914534160241108,stable
AK8,-0.00600045211595346,0.70407030522136,0.879027209787142,stable
SEMA7A,-0.00600511391332414,0.719250607863839,0.885977187947614,stable
ZNF879,-0.00601026616421584,0.430500515633199,0.699513266396413,stable
ZNF259,-0.00601576793753646,0.76847051671787,0.910547965388189,stable
ZNF324B,-0.00601899273289822,0.228298700007515,0.503898788682847,stable
TBC1D3D,-0.00602466836818127,0.000795993401107397,0.0115085139359797,stable
BRCA1,-0.00603459533376024,0.729321378457806,0.89080575608164,stable
FTSJ3,-0.00605524289280869,0.440054463434289,0.708496169550244,stable
SLC4A2,-0.00607322359825674,0.7067002523843,0.880332608289583,stable
ORC5,-0.00608040889133837,0.946316617570136,0.980023053251926,stable
SLC25A34,-0.00610249990748454,0.785553338379034,0.918206541245487,stable
SPICE1,-0.00610525871528522,0.856925165311112,0.947367208436745,stable
ZKSCAN8,-0.00611982650777258,0.74655670613523,0.90025739131864,stable
ZNF891,-0.00612473177600761,0.720617904927085,0.886067471996831,stable
KANSL2,-0.0061279531670511,0.698779744506946,0.876310808010699,stable
MFSD14CP,-0.00612881657276226,0.383530576393266,0.662305962745515,stable
HUS1,-0.00613844223363071,0.203715844021879,0.475011253190647,stable
MAPK8IP2,-0.00614176643022304,0.204256370275855,0.475315033362279,stable
FDX1L,-0.00616049408897369,0.89703922443207,0.963399005399545,stable
RAB28,-0.00616214349340091,0.953705240531692,0.982573487046339,stable
FAIM,-0.00616499398288661,0.0815621882044789,0.274584463952506,stable
HMGN2,-0.00616974379344759,0.991497667919691,0.996399972695511,stable
SCIRT,-0.00616978456066669,0.307486584772607,0.591178989031196,stable
SLC25A15,-0.0061794849246671,0.783531775051508,0.917339933311754,stable
CFLAR-AS1,-0.00618514916299253,0.839077821201077,0.940512160244016,stable
RPP14-1,-0.00619579977609256,0.0243896039630812,0.129512823129759,stable
C12orf75,-0.00619947775984366,0.738967548703381,0.895434111355088,stable
MARCHF6-DT,-0.00624190402595175,0.334356830727022,0.615075680783615,stable
VHL,-0.00624619219484761,0.000435168523992587,0.00725716239738798,stable
KIAA1407,-0.0062508404533895,0.950405765218585,0.981727232890991,stable
KIF6,-0.00625125065954052,0.542065693484082,0.782265851300546,stable
PRMT7,-0.00625943986389216,0.340422219108246,0.62063428308399,stable
VPS11-DT,-0.00626389630423017,0.549569002417346,0.787565238634189,stable
LY75,-0.0062654626830035,0.582172695335173,0.809426641011961,stable
ANGEL1,-0.00626776533578882,0.440470850549069,0.708826041075062,stable
C14orf80,-0.00627948546236912,0.916378254413561,0.969904023295652,stable
CENPN,-0.0062912875499925,0.00477845511627346,0.0431402033540079,stable
KMO,-0.00629201706243717,0.662516709572539,0.856393820937994,stable
UMPS,-0.00629265299719191,0.950013525511534,0.981531959428647,stable
ZNF354B,-0.00629328390155969,0.548747583400366,0.787104721544158,stable
CD163,-0.00629472573388461,0.835262138702176,0.939464257223401,stable
YWHAG,-0.00629514718174878,0.290740865325825,0.573673498488007,stable
YARS1,-0.00629952576555942,0.59547756622535,0.817602804620766,stable
STX6,-0.00629958126371885,0.314837124146921,0.597975296080168,stable
APOBEC3F,-0.00629973279263043,0.452201926038925,0.717140158783059,stable
TRAPPC2L,-0.00630093045324343,0.321638141285984,0.603299775829349,stable
SUPT4H1,-0.00631687620956028,0.943513650652515,0.979491368626441,stable
FAM95B1,-0.00631738824025145,0.680779323456719,0.866859005201556,stable
FOXK1,-0.00632278442354664,0.758703577196717,0.906599052402916,stable
MYO5A,-0.00632763996258276,0.74813659281682,0.900740836264435,stable
SGSM2,-0.00633461840347524,0.977723335215345,0.992217468325685,stable
GPX2,-0.00633740619820544,0.0216174466141438,0.11946277911903,stable
TAPSAR1,-0.00634100547061996,0.880491292872854,0.957289503662979,stable
MKL1,-0.00634484266853337,0.951287149153547,0.981808013445876,stable
IBA57,-0.00635124239557444,0.851041212070887,0.944806778801347,stable
STRN4,-0.00635799928796159,0.45435686134804,0.718019246866587,stable
GCFC2,-0.0063634194517925,0.0265237099375075,0.137035431224045,stable
TMTC4,-0.00636919369141933,0.916360299153814,0.969904023295652,stable
CAAP1,-0.00637292506237407,0.955939257399929,0.983371327312693,stable
POLA1,-0.00637423864980992,0.1683303139006,0.425706729717441,stable
PELI3,-0.00637601708402208,0.0033974549011362,0.034455572460901,stable
SLC9A8,-0.0063800978943346,0.940058634337659,0.978064239181509,stable
RIBC1,-0.00638981528020805,0.371074350416274,0.651351645532529,stable
SPATA6L,-0.00639134501905277,0.0596445911566832,0.226076118542417,stable
RAB11FIP3,-0.00639218971369457,0.345189063670699,0.624754384706933,stable
GPT2,-0.00639985076341548,0.195314128960809,0.464265320822959,stable
USP35,-0.00640327506524732,0.00624525943186931,0.0522175453455338,stable
WBP2NL,-0.00640481076887065,0.292029768252689,0.574657419047146,stable
ZNF829,-0.00641090270161737,0.492031389540159,0.747804513954856,stable
RAP2C-AS1,-0.00642577359457021,0.848435839842179,0.94370152013019,stable
TRAF3IP2-AS1,-0.00643177362186843,0.271752199774469,0.553649815007184,stable
ZDHHC24,-0.00644353604827999,0.946440443962229,0.980023053251926,stable
LEAP2,-0.00645214501888485,0.00172686398181445,0.0209208972385529,stable
PCCA,-0.00645767309452232,0.883508557631201,0.958730961433017,stable
YLPM1,-0.00646564274567535,0.36387786620529,0.644672743576032,stable
ST6GALNAC4,-0.00648053362433108,0.857044152682917,0.947367208436745,stable
GNS,-0.00649037979172168,0.67298226775028,0.86259108150795,stable
PRKCH-AS1,-0.00649466656465841,0.851671119686736,0.945150046940595,stable
AGAP6,-0.00651308038582921,0.705728066130885,0.879718582111626,stable
RASGEF1B,-0.00652253576611748,0.92430958636672,0.973771162061825,stable
RASGRF1,-0.00653995938951306,0.361569889111901,0.642790913976713,stable
PSTPIP2,-0.00654066765730285,0.0142742038525817,0.0908896331353325,stable
SQRDL,-0.00655627096715644,0.977577678549802,0.992217468325685,stable
CTTN-DT,-0.00655895952741369,0.0682496393169459,0.246392082401166,stable
SPATA7,-0.00658326393865895,0.925548033297461,0.973976694581732,stable
C2orf88,-0.00658581486480009,0.788467927550902,0.919590873617233,stable
PRDM11,-0.00658600452695798,0.0793688669326953,0.269822997990567,stable
LIME1,-0.00659588778179045,0.304369438866602,0.587423015743548,stable
GPCPD1,-0.00659617975486195,0.613297638915716,0.825821746333986,stable
CYP2U1,-0.00659897751062482,0.875816518429822,0.955872607055735,stable
RSBN1L-AS1,-0.00660138452735543,0.613421257911698,0.825821746333986,stable
NSF,-0.00660515755898082,0.757412743050358,0.905868824379837,stable
GDAP2,-0.00660528958733479,0.0116796054564502,0.0784458775272785,stable
HPGD,-0.00660581886081554,0.88451554647415,0.959035006877988,stable
C2orf43,-0.00661266397835342,0.18438197077806,0.447821420781045,stable
XBP1,-0.00661546515647871,0.404500523038538,0.678705001677942,stable
SPNS2,-0.0066186337968519,0.146688063512168,0.392611928116272,stable
PLD6,-0.00661896114166041,0.621643993478177,0.83148880361935,stable
LINC00847,-0.00661960246677766,0.843945177818911,0.941855471536939,stable
STAT2,-0.00662006390583447,0.961407973567342,0.985489817846849,stable
ZMYND15,-0.00662637617304279,0.891955448955422,0.961652449637532,stable
FIRRM,-0.00662995014958044,0.126684895852277,0.361483699089223,stable
GPR56,-0.00663061734038613,0.902331151987509,0.965435098634163,stable
DENND5B,-0.0066333943279455,0.240254723789904,0.517224897106653,stable
TUBGCP5,-0.00663562198707963,0.930063674452507,0.975218592941108,stable
MOCS3,-0.00663953977774167,0.0771224493075748,0.264592989148413,stable
C21orf58,-0.00664137059786175,0.894580284543204,0.962088935033319,stable
ECT2,-0.00664872449814589,0.0424887544140249,0.183645023280837,stable
STAM,-0.00665392619474997,0.859931214119611,0.948547117974925,stable
ZNF286A,-0.00665776487204086,0.0924419533210523,0.297292932753629,stable
ABCG1,-0.00667056013242027,0.477310143177161,0.737255394263029,stable
FGG,-0.00667464165471091,1.27497821605365e-18,2.5137635021032e-16,stable
CTA-363E6.2,-0.00667779402152122,0.851284510938976,0.944806778801347,stable
GNRH1,-0.00667874051460134,0.836980857041857,0.939724252982514,stable
NCK1,-0.00668423515613806,0.698811989241516,0.876310808010699,stable
FMO4,-0.00668495259009225,0.0307679878243038,0.150693557930077,stable
CNNM2,-0.0066919257054698,0.760542035242559,0.907542545763866,stable
PPIL1,-0.00669357316986276,0.0128608204126931,0.0840249431986961,stable
DNM2,-0.00669895029031731,0.733245229261531,0.893109095944046,stable
SPHK2,-0.00670512039516995,0.873863569742955,0.955038737285461,stable
UBA6,-0.0067069932665767,0.893532039004312,0.961788990120593,stable
RMDN1,-0.00670752158425039,0.750667519915304,0.902246865255894,stable
FBXO36,-0.00671447785548046,0.853359597850617,0.945609011256718,stable
LTB,-0.00673691790789062,0.502910211222903,0.755741424031484,stable
CYFIP1,-0.00673797134838711,0.873577707697249,0.954811686238481,stable
TELO2,-0.0067389710796165,0.944904539688188,0.979770387068318,stable
CMC1,-0.00673903460816791,0.540938780068046,0.781698607254571,stable
STAG2,-0.00674109793484085,0.705476752128917,0.879615240516512,stable
BOLA3-DT,-0.00674851231312719,0.181886323472763,0.444942649215741,stable
CD68,-0.00674872358846085,0.470023986125266,0.731454259248282,stable
ARMCX4,-0.0067566125202936,0.864313690073003,0.950074953026825,stable
LINC01610,-0.00679863911989941,0.75350214762178,0.903489642712834,stable
BCKDHB,-0.00679930245830659,0.939042795672995,0.978050338217809,stable
MKKS,-0.00680394925571085,0.809457898990203,0.930225943147151,stable
TTPAL,-0.0068054246616614,0.0458652494504861,0.192269138985851,stable
TUT1,-0.00680635693218475,0.497461431712735,0.751943680135584,stable
UBAP1L,-0.00681613255895472,0.393829964985177,0.670147725764571,stable
MYL6,-0.0068172415616985,0.20563603376042,0.477188968715388,stable
TOR3A,-0.00681981900148287,0.517823281318289,0.766050077554734,stable
TRMT5,-0.0068388395224212,0.795852646315063,0.923358271502973,stable
NUP205,-0.00684169358204426,0.399562841098595,0.673969390035771,stable
LINC00205,-0.00684959847413974,0.366992521009628,0.647440695168378,stable
LFNG,-0.00685045926746689,0.792603845390064,0.92142552601504,stable
ZNF175,-0.00685374252258591,0.839455276989907,0.94069957075156,stable
CSGALNACT1,-0.00685560968329284,0.63980279579023,0.843865923148443,stable
ZNF589,-0.00686547804183514,0.483341426193031,0.742723519017424,stable
LOXL1,-0.00687125268728365,0.857510488133747,0.947367208436745,stable
MOV10,-0.0068822196117912,0.958001690534183,0.983837071754167,stable
HCST,-0.00688287375003329,0.921922011330794,0.97260504587103,stable
LINC02980,-0.0068899568648477,0.459116846183948,0.721786218549624,stable
PRKRIR,-0.00690438449342836,0.844002358901802,0.941855471536939,stable
ZNF135,-0.00690812322555758,0.861254201150766,0.949064396904982,stable
ZNF234,-0.00693156275057705,0.6125390411332,0.825361247664489,stable
WDSUB1,-0.00696122495048615,0.973086461832211,0.989443745888316,stable
HYPK,-0.00696183978035981,0.834455757361633,0.939089226476579,stable
PCCB,-0.00696251879375832,0.549491826544597,0.787557134653553,stable
MSMB,-0.00696329805277321,0.609353585639994,0.824057889673116,stable
SEMA3A,-0.00696834645280947,0.650949230557893,0.849206320299496,stable
B3GALTL,-0.00697061209700237,0.835467108888477,0.939464257223401,stable
PPP1R3D,-0.00697084341936248,0.607116379709304,0.823236016714125,stable
MAST3,-0.00697608424357794,0.141975675865997,0.386183947882943,stable
BAG3,-0.00697775983717294,0.831399062746363,0.937306012640529,stable
SCYL1,-0.00701404732164687,0.871151243282766,0.953826916558925,stable
PXK,-0.00702322215965918,0.936732649110709,0.977718902629205,stable
XRCC1,-0.00703001014969001,0.933362718479233,0.976741432998343,stable
FUOM,-0.00703336343355743,0.835601551468509,0.939464257223401,stable
PORCN,-0.00704284534693977,0.633227737071434,0.839386108399163,stable
DNA2,-0.00705759041020754,0.327259727021342,0.60898506669339,stable
ADAMTS6,-0.0070578614673445,0.830883601295815,0.937053339075564,stable
RNF208,-0.00706456884274726,0.000116353561327585,0.00246500161814281,stable
DZIP1L,-0.00706501735439377,0.00456028086109287,0.0422629819909016,stable
DOHH,-0.00706557386466372,0.590303439624154,0.81443219480425,stable
ZNF280C,-0.00707567587130312,0.698450375397462,0.876234829031632,stable
RPUSD4,-0.00709819131490783,0.892789005176708,0.961652449637532,stable
NCOA5,-0.00710888359002236,0.668674726905585,0.859625288951437,stable
CNPY4,-0.00711790132758285,0.332720528050326,0.613820666297493,stable
TFIP11-DT,-0.00712015496111193,0.173719813791405,0.433731822668738,stable
GPC6,-0.00712127980631489,0.719941771376652,0.885977187947614,stable
AARS2,-0.00712822914724588,0.283665440462164,0.56538989332386,stable
LINC00607,-0.00714311453416336,0.667224131060054,0.859355998111695,stable
THBS3,-0.00714546996060715,0.939810006353722,0.978064239181509,stable
WNT5B,-0.00714596463007547,0.0888987494035899,0.290511577193442,stable
ZNF619,-0.00714714449962839,0.783919101261256,0.917524616413021,stable
HIF1A-AS2,-0.00715414129467205,0.190581987285916,0.457336908634282,stable
LMBR1L,-0.00716295151557685,0.757805619707126,0.906068965738157,stable
HCG27,-0.00716445291873491,0.309875783537308,0.59295156965945,stable
TRIM8-DT,-0.00716861012433736,0.449944039131792,0.716000623212277,stable
NPIPB4,-0.00716917032375296,0.561128350417795,0.796011715853212,stable
RNF187,-0.0071869608051594,0.260277392343071,0.540450287752964,stable
TMEM263-DT,-0.00718890443890422,0.124539483248125,0.357531856088558,stable
TGFB1,-0.00719442063234969,0.00124439497075209,0.016200442618102,stable
MOB1B,-0.00719623602455719,0.587071693180225,0.812286252133597,stable
C15orf37,-0.00720173520769475,0.419712729047728,0.691468902289065,stable
SDF4,-0.00720394853501261,0.568942432036152,0.801054168303377,stable
SAMSN1,-0.00721062726116785,0.00425668559086624,0.0405247076812686,stable
AASDH,-0.00722464543597812,0.895186113799822,0.96250814100528,stable
P2RY11,-0.00722842788077453,0.85125536624723,0.944806778801347,stable
TAMM41,-0.00723117734672898,0.421470914198422,0.692334675097074,stable
MAK16,-0.00725421655793115,0.813292767979144,0.931573750500322,stable
LINC01001,-0.0072565960936931,0.904788792481577,0.96626332787898,stable
ZNF100,-0.00726771698384066,0.855374515017532,0.946424517702236,stable
ZNF71,-0.00726840623243619,0.917160540640318,0.97024084154067,stable
EFTUD1,-0.00727272052270032,0.935085219238846,0.977133108461485,stable
GUF1,-0.0072783075535354,0.943931700839254,0.97961891259615,stable
KIF1C,-0.00727839093071869,0.970632540032811,0.988751014113423,stable
B4GALT7,-0.00728927292421412,0.936804826204314,0.977718902629205,stable
CLCN2,-0.00728951509318019,0.814281772122817,0.932164154705177,stable
GOLPH3-DT,-0.00729442441040458,0.693241594571103,0.873639512428346,stable
LSM11,-0.00729504090715002,0.818378562028946,0.933952710571231,stable
GPR146,-0.007300156566379,0.891518913200265,0.961652449637532,stable
CNPY2-AS1,-0.00730558280796543,0.818975585522459,0.933952710571231,stable
ZNF18,-0.00731367954444011,0.567059048378776,0.800445598565668,stable
VPS28,-0.00731398734039579,0.838271041715488,0.940275308367928,stable
EOLA2,-0.00732613671163152,0.793779160237202,0.92226560733196,stable
PPP1R2,-0.00732701307458319,0.155938174376491,0.406262472781613,stable
LYZ,-0.00733524524613589,0.823054229112233,0.935137709382477,stable
ZC2HC1C,-0.00733967525932031,0.735511979927881,0.893994078019133,stable
C17orf67,-0.00734998723763165,0.76406930599806,0.90926627691981,stable
SLC24A3,-0.00735242867377998,0.777017701607699,0.914099754351936,stable
CCRN4L,-0.00735540655381969,0.397540650233056,0.672627654117546,stable
ZBTB49,-0.00736924023537613,0.545432902223808,0.784506848218329,stable
HYAL2,-0.00737334421422664,0.980641200535955,0.993084958362173,stable
TYRO3,-0.00737620594965124,0.649989950125733,0.848603775535294,stable
PILRA,-0.00738248330683195,0.613852929757138,0.826129936513405,stable
NUP43,-0.00738737750024222,0.05425098914072,0.213579417473804,stable
PAQR5,-0.00738762553430301,0.594078460129961,0.816690856570923,stable
KCTD2,-0.00738867734076214,0.808164341523152,0.929350979377141,stable
GLI4,-0.00738906995273628,0.493153297545628,0.748756947531649,stable
ICOSLG,-0.00739182565291185,0.43320455971057,0.702523567094268,stable
KCTD7,-0.00740162241356159,0.20960146113752,0.481701120689049,stable
PTDSS2,-0.00740629407355209,0.836266666803129,0.939558745217603,stable
NAE1,-0.00742152806158128,0.978864723724705,0.993073914798438,stable
TMSB15C,-0.00742187187660311,0.452649688000103,0.717291909011311,stable
KLHL26,-0.00742338789216285,0.00880030078895005,0.0652130355495754,stable
ARHGAP1,-0.00742848113519473,0.971186973094476,0.98882979464914,stable
ZNF503-AS2,-0.00743089776195572,0.674322641223722,0.863313779463634,stable
WDR45B,-0.00743200609843228,0.757434984782912,0.905868824379837,stable
FAM188B,-0.0074381299243914,0.777747031618918,0.91441566937671,stable
FEM1A,-0.00743925429356883,0.925696463598709,0.973976694581732,stable
HYCC1,-0.00744212154632441,0.688982793969592,0.871765414914015,stable
ZNF559,-0.00744231960221903,0.916584692172069,0.969904023295652,stable
KCNMB3,-0.00745259581163851,0.215962379724903,0.489055970684924,stable
SND1-IT1,-0.00745676435887952,0.531338821219156,0.774433823972907,stable
BCYRN1,-0.0074637100284483,0.940043476969128,0.978064239181509,stable
POLR3A,-0.00746490727972381,0.255625816636831,0.535676894599448,stable
SMIM8,-0.00747398317679504,0.926698193319771,0.974448061517495,stable
TP53,-0.00747479075651344,0.13498353206901,0.374328197824769,stable
ZNF37A,-0.00748365803279483,0.842173223589309,0.941855471536939,stable
ITGB2,-0.00748866520293033,0.819175510051132,0.933952710571231,stable
ZBTB1,-0.00749002992003978,0.900177551021722,0.964855291155174,stable
PRKACB,-0.00749450162214681,0.834070970523212,0.939001984129282,stable
LLGL1,-0.0074976392696085,0.0098503885550604,0.0705396307539885,stable
NOL9,-0.0074991739581885,0.197041166116632,0.46642742343333,stable
METAP1,-0.00751153350869055,0.923657535633511,0.973595732998537,stable
ZNF540,-0.00751569948191887,0.00601283357438222,0.0509361591221402,stable
PHRF1,-0.0075290995117951,0.858642535588959,0.947724275850062,stable
ZNF461,-0.00754196522869833,0.418713444359584,0.690829146153536,stable
RPPH1,-0.00754732197004047,0.698536355441202,0.876234829031632,stable
PCDHAC1,-0.00755273663755118,0.321030574646588,0.602807641241152,stable
ARSA,-0.0075541939523795,0.718402686359914,0.885611618019955,stable
RNASEH2B,-0.00755666846776609,0.659650760816071,0.854990663385513,stable
IYD,-0.00755692070362192,0.757165259275781,0.905812108963314,stable
ZMYND10,-0.00756088632185152,0.116712274868032,0.343532590413393,stable
DPY19L4,-0.00756260333058645,0.298856485507272,0.581450302760193,stable
FGFRL1,-0.00756404829428607,0.93474773392501,0.977133108461485,stable
ATR,-0.00756691720941939,0.36131624025123,0.64243341393906,stable
FA2H,-0.00757026827460328,0.224004136741427,0.49793285467505,stable
SAXO4,-0.00758089749779695,0.562926549510719,0.797424681586939,stable
CDC42EP4,-0.00759368179461634,0.828130008101219,0.936412634041397,stable
PRKD2,-0.00759615105850911,0.29715202402301,0.579235583105927,stable
ATN1,-0.00759664318625786,0.411023809120873,0.683821754263527,stable
DPH5,-0.007601377448852,0.875955901851958,0.955872607055735,stable
ZNF443,-0.00761030908412924,0.495073544555821,0.749724852409608,stable
ZNF417,-0.00762245571472173,0.65639050031415,0.853950348641994,stable
LRRN1,-0.00763474900842578,0.239766567337067,0.516823579461877,stable
NAGK,-0.00764664745688337,0.362368820359965,0.643473592139833,stable
ZMYND19,-0.00764827792982099,0.872760945614557,0.954585163929727,stable
SCLY,-0.0076608504109593,0.756866461581674,0.905631913309944,stable
SGTA,-0.00766406219529353,0.521222310613204,0.768988054452158,stable
ZNF518B,-0.0076710098825612,0.902581376028796,0.965518523429094,stable
PRSS27,-0.00767116032565792,0.0692619350925089,0.248578360120619,stable
RPGR,-0.00767163684511144,0.00115767974175122,0.0153945210254715,stable
ABCA10,-0.0076717167591977,0.8449374788536,0.942296847140444,stable
U62317.2,-0.00767745545433595,0.451643979633238,0.716723039534043,stable
PPM1F-AS1,-0.00769132085881933,0.0254918275098667,0.133115808464229,stable
PAFAH2,-0.00771006655660845,0.903591604675845,0.965695611883349,stable
ZNF517,-0.00772922227630016,0.0799904510599565,0.270859632619642,stable
KCNK15,-0.00773518341209502,0.828184015130367,0.936412634041397,stable
EP400P1,-0.00774322006048621,0.628148274073179,0.835616987949782,stable
C1orf204,-0.00774490708237883,0.488200546782305,0.745916163796131,stable
PABIR3,-0.00776593304320282,0.822863700261764,0.935137709382477,stable
RAD23B,-0.00776622271953864,0.521883330465628,0.769304625968749,stable
FAM114A2,-0.00777199093815781,0.892942176412659,0.961652449637532,stable
LINC01018,-0.00777478097359918,0.320039191124178,0.602256725525628,stable
WNT2B,-0.00777595669164024,0.732217868477677,0.892297001721775,stable
ZNF224,-0.00777720420696204,0.93553878457434,0.977337184141583,stable
MEX3D,-0.00779762319718941,0.914135283058368,0.968555387432409,stable
ZBTB18,-0.0078056892535617,0.612229995362185,0.825217715658545,stable
CUL7,-0.00780754158867179,0.494780460560666,0.749652497507881,stable
PHF12,-0.0078080149343517,0.0179475381561326,0.105273851449407,stable
ZNF566,-0.00781121988519232,0.859779144361817,0.948547117974925,stable
KBTBD2,-0.00782263292949464,0.857567678672292,0.947367208436745,stable
RC3H1,-0.007824436288218,0.97474117273814,0.990295553154174,stable
CCDC142,-0.00784340636945889,0.729723663737443,0.89080575608164,stable
MSH6,-0.00784437052186265,0.824711772464522,0.935818786487049,stable
NEXN-AS1,-0.00786151952609211,0.271449156081556,0.553493658705745,stable
C12orf60,-0.00786261251894924,0.518493777542745,0.766485419843091,stable
GSTM1,-0.00788136494069204,0.779904072018137,0.915103414892465,stable
DISP1,-0.00788389638320437,0.405213336391988,0.679282477242959,stable
TUBA1B,-0.00788501393356245,0.886237157679756,0.959553854338116,stable
INPP5A,-0.00789372368414935,0.347821247654692,0.62793781292733,stable
PAICS,-0.00789590077513033,0.465710378270429,0.727664904512936,stable
CEP120,-0.00789978830647545,0.577317886798517,0.806608554288743,stable
SMG8,-0.00790284243034486,0.797058342422642,0.923710862100529,stable
WDR13,-0.00791059520276194,0.28140031704048,0.56243254995141,stable
CCDC138,-0.00793028093964023,0.1454246640689,0.390882770874809,stable
RPAP1,-0.00793724884255831,0.897309970166358,0.963421175688929,stable
RIMS3,-0.00794187108970533,0.0369960318603146,0.168872103607351,stable
TNFSF12,-0.00795071062666972,0.898760428526642,0.963950699882196,stable
DNAJB9,-0.00795129401242611,0.981418009856743,0.993084958362173,stable
IQUB,-0.00795144583006728,0.153755580324849,0.402808258225732,stable
GEMIN7,-0.00798932250111145,0.142595411036676,0.386810895013855,stable
GATD1-DT,-0.00799457536475022,0.010304410935845,0.0725164762692973,stable
TRANK1,-0.00800678172958141,0.856708848913703,0.947300675632846,stable
USP30,-0.00800842227342356,0.906834635237787,0.96637189045661,stable
ENTPD6,-0.00801263683646039,0.405373276896065,0.679457416259084,stable
EIF2AK3,-0.00801291596938748,0.300463149162029,0.583042970352632,stable
KPNA5,-0.00802221234367789,0.874686219986055,0.955680231780165,stable
KMT2B,-0.00802475924117785,0.955745034421929,0.983330677390333,stable
LSM5,-0.00802799438810375,0.213277615752599,0.486719052895499,stable
ZSWIM4,-0.0080290694966706,0.88068818993838,0.957289503662979,stable
IGLC2,-0.00803139057809711,0.470014631865406,0.731454259248282,stable
ETAA1,-0.00803264940456402,0.21702502077755,0.490735082128148,stable
ADO,-0.00803307804069847,0.733726535926783,0.893301134768601,stable
TMEM25,-0.0080364474427605,0.971625360181085,0.988891388046104,stable
DSE,-0.00804428542344939,0.653246498474444,0.851037535687052,stable
CENPL,-0.00804968453227172,0.38092818849179,0.660862954874224,stable
DGKA,-0.00805229658508791,0.00145857702917186,0.0182493813762506,stable
YPEL3-DT,-0.00805586856597263,0.568310561041011,0.800902501517791,stable
USP38,-0.00806133601456638,0.180879401251802,0.443366713635859,stable
LMOD3,-0.00806715952519897,0.386814100953977,0.664957607930461,stable
FZD1,-0.00807393298249393,0.0124518364980166,0.0821773714070395,stable
VCAN,-0.00808994480916849,0.56538572544723,0.799405736581788,stable
C2ORF15,-0.00809925871210976,0.325907491790272,0.607272746066748,stable
ZFAND2A,-0.00810410349846521,0.928604368289667,0.974508274426508,stable
C9orf172,-0.00810503998230382,0.832571060704104,0.938177419436483,stable
SCRIB,-0.00810579862135796,0.565675508371303,0.799585732461934,stable
OR2A1-AS1,-0.00811265755773186,0.766301056639724,0.909951660675258,stable
BLVRA,-0.00811996786621894,0.8164400605642,0.93342342876326,stable
LAMP1,-0.00812061059082492,0.94153707971265,0.978752045674001,stable
HMGN3-AS1,-0.00812177184706727,0.0188039300287064,0.108021691723168,stable
RDH13,-0.00812385056742632,0.826138324658249,0.93590577110693,stable
NBPF8,-0.00813430960059887,0.203459908380038,0.474901455321412,stable
NUP133,-0.00813613566955895,0.740132370024198,0.89620524629441,stable
UNC45A,-0.00813670874958589,0.0699052332008544,0.250079476338087,stable
PIERCE1,-0.0081417880208732,0.608267156900548,0.823711625771496,stable
SLMO1,-0.00815732120377958,0.517666164339344,0.766003049616771,stable
CREB5,-0.0081628769540135,0.476182032087313,0.736277102121825,stable
SALL2,-0.00817130415965091,0.181018661956529,0.443619110616803,stable
ZNF275,-0.00817438131670883,0.320715125683296,0.602807641241152,stable
RFC4,-0.00818136449380872,0.644432615400899,0.845986360545762,stable
RECQL5,-0.00818870375853745,0.319387948522658,0.601843871958821,stable
RBL1,-0.00819323826678448,0.753523961670267,0.903489642712834,stable
BTN2A1,-0.00820086291000508,0.42022273216751,0.691545864030109,stable
NEK3,-0.00820176985166948,0.142752958768538,0.386920658090158,stable
ZNF483,-0.00820205738080716,0.653833622824775,0.851530173173881,stable
NT5DC3,-0.00820747945401623,0.682431001504597,0.868057914921144,stable
LURAP1L,-0.00821900006603266,0.855140838701955,0.94640902453932,stable
NPIPB15,-0.00822719443016003,0.551891627482958,0.789597759170375,stable
ZFYVE26,-0.0082411753626467,0.852421883649716,0.945386907352478,stable
SPIN4,-0.00824280334540195,0.00207662519149079,0.0237987751460861,stable
PLBD2,-0.00824504778932435,0.894317181061015,0.96199693957144,stable
BTBD1,-0.0082479099301582,0.899966656137454,0.964762992600565,stable
THRB,-0.00826101703311457,0.76672955701531,0.909951660675258,stable
CHKA,-0.00826947385215632,0.653680826663107,0.851421888665937,stable
ZNF519,-0.00827275136497264,0.156309660701359,0.406624663207793,stable
DYNLT2,-0.00828180515330337,0.158382217156179,0.409835779533686,stable
TRIM61,-0.00828992181808741,0.601453744586414,0.820371632874841,stable
AFG2B,-0.0082936621551976,0.000646520817523208,0.00981747884894868,stable
INTS10,-0.00829847139965306,0.812410665439941,0.931129827570615,stable
CCNH,-0.0082994896684625,0.691409674125122,0.873028804514564,stable
MMP17,-0.00830548135253391,1.58386562132171e-17,2.76588190786238e-15,stable
SH3TC1,-0.008306304522052,0.758215430087948,0.90627020801751,stable
MOCS1,-0.00831102939540686,0.278851055595178,0.560453025911782,stable
NIT1,-0.00831173621412998,0.0844358481071602,0.281652024694463,stable
CHMP4C,-0.0083187111244441,0.679397167870483,0.865820577569723,stable
LCP1,-0.0083235763446286,0.481007335922126,0.740533208351646,stable
ME1,-0.00832642740385511,0.95170427016885,0.981824946525656,stable
MTFR1L,-0.00832795954097757,0.223982491363128,0.49793285467505,stable
STMN1,-0.00833132345558785,0.928851964217418,0.974508274426508,stable
ULK1,-0.00833177647361302,0.550021726333419,0.787936901757848,stable
NR2C2AP,-0.00834167948437779,0.369366705692045,0.649847238108745,stable
MFN1,-0.00834926285004042,0.763142617990515,0.908871333039367,stable
FAM215B,-0.00834984702738835,0.628644342446678,0.835913025352788,stable
SLC9A9,-0.00835528202798651,0.237953008612751,0.514274677737318,stable
THAP9,-0.00836050661490949,0.221930608985778,0.495854340466507,stable
HBP1,-0.0083691116265861,0.891260799595463,0.961652449637532,stable
CDC23,-0.00837249295216583,0.811101869801217,0.93060503042426,stable
DMAP1,-0.00837430096452502,0.909400943470034,0.967191701426525,stable
MTIF3,-0.00837628028415,0.386666391562346,0.664957607930461,stable
GMDS-AS1,-0.00838035657597133,0.779671573865118,0.9150453854712,stable
PPFIA3,-0.00838608746801416,0.126340140805416,0.360901285899081,stable
CEP170,-0.00839249397483864,0.844314152333095,0.941945441098819,stable
TIMM22,-0.00839459508675708,0.794524571252289,0.922956225314832,stable
DPH2,-0.00839860650354429,0.266058530767884,0.547433004562635,stable
ZNF787,-0.00840220917998222,0.88087883337451,0.957391537301414,stable
MKLN1,-0.00841916965875716,0.868457796790071,0.952280956939525,stable
IPO11,-0.00842390552439892,0.0406866882021521,0.179485411975138,stable
TEKT2,-0.0084280676259784,0.508175734978101,0.759086974076438,stable
MORF4L2,-0.00842821218500955,0.702428231304953,0.877858812139094,stable
HES5,-0.00844269940246816,0.00642233031442354,0.0533695212532382,stable
ZNF674,-0.00845051440747998,0.408199881559721,0.681974158910177,stable
EFCAB15P,-0.00846873366696153,0.0253500056534861,0.132699110876964,stable
HMGA1,-0.00847593993162801,0.823036914594065,0.935137709382477,stable
C5orf55,-0.00847748143366307,0.824751029464058,0.935818786487049,stable
CERS5,-0.00847765374917796,0.26645979576159,0.547600146746012,stable
TUBG1,-0.00848115915759984,0.0135356101707364,0.0872215596874445,stable
KRT15,-0.0084832805196309,0.598757519488372,0.819070268378006,stable
MIRLET7A1HG,-0.00848467950454551,0.428763669951544,0.697990025501088,stable
PLEKHF1,-0.00849699877798351,0.524539561889897,0.770939655273075,stable
ACAP1,-0.00850333933235301,0.264648490210209,0.545636699683847,stable
CIC,-0.00850487233472648,0.207650867079673,0.479760777063566,stable
SUCLA2,-0.00850974152458017,0.959340632854133,0.98455040685156,stable
LRRC51,-0.00851241907586762,0.0333118042945117,0.158198716276655,stable
PSTK,-0.00852442693518826,0.819946871982372,0.934113927925434,stable
RNF215,-0.00853053411272,0.298904697935418,0.581450302760193,stable
CENPQ,-0.00853482794402462,0.25549800232515,0.535676894599448,stable
LCA5L,-0.00853576163625295,0.00637011688455071,0.0530076982959482,stable
GCLC,-0.00854209476314587,0.575012782272415,0.80496530463586,stable
TXNDC16,-0.00855083133893206,0.889959859597382,0.961520371539602,stable
BCOR,-0.00855540315726457,0.290178690616713,0.573229527165272,stable
NLRP2,-0.00855704832676449,0.692212571866815,0.873622743628333,stable
CFAP91,-0.00855893233739206,0.822652712351586,0.935137709382477,stable
NDC1,-0.00856385153071284,0.0750248002851862,0.259802594528645,stable
MAP3K7CL,-0.00857151631732611,0.607732880322769,0.823423490253329,stable
GARIN1A,-0.00858485264144307,0.415292889659025,0.687784891368639,stable
NLRX1,-0.00859274424285342,0.814586564474933,0.932164154705177,stable
TGFBR1,-0.00861180428975304,0.927802827432309,0.974466235107503,stable
TYSND1,-0.0086140143691934,0.867409088841767,0.951782651663204,stable
AKAP17A,-0.00861447722805736,0.942985504899341,0.979358947484243,stable
COG5,-0.00861611434742009,0.955386017941242,0.983330677390333,stable
FBXO18,-0.00861683616292663,0.327808702669353,0.6094715323444,stable
SMAD6,-0.00862208860251464,0.907040117953517,0.96637189045661,stable
FOSL1,-0.00862606198722007,0.0769642380197813,0.264399586648038,stable
PQLC2,-0.00862760935540521,0.236010723463916,0.512672118991955,stable
RNASEH1,-0.00862982804656195,0.482139610252613,0.741529264686455,stable
SLX4,-0.00863289837739543,0.00233226614179137,0.0260108584748589,stable
ZNF32,-0.00863692040442396,0.452076655305596,0.71712756740924,stable
TEX10,-0.00863840392068427,0.880700078386278,0.957289503662979,stable
MED8,-0.00864682507370654,0.220764830315839,0.494169222147665,stable
NR2F2-AS1,-0.0086590984829935,0.489777239483817,0.746420268725866,stable
NOP9,-0.00866166457751208,0.90856638864922,0.967147801314866,stable
CRISPLD1,-0.00867476492577353,0.835711251067348,0.939464257223401,stable
SERTAD3,-0.00868075357542558,0.712702434896061,0.883487938765789,stable
ALG1,-0.00868112112419285,0.0366939977395047,0.168310479687695,stable
ZNF526,-0.00869962756126606,0.273828367118162,0.555866595277353,stable
C2orf47,-0.00870648140156731,0.852933355446073,0.945412847798335,stable
ZBED10P,-0.00870706906824209,0.51679928892218,0.765647134624255,stable
ALG10B,-0.00870750284056126,0.622721104602768,0.832473473114108,stable
ZMYM1,-0.0087394357525407,0.0707685026125983,0.25178910638846,stable
RLF,-0.0087440428714793,0.940754502039153,0.978288645931655,stable
MESP1,-0.00875293832246494,0.441024535317807,0.709539868350206,stable
WDR76,-0.00876001044205207,0.811143480837011,0.93060503042426,stable
FAM211B,-0.00876426814317,0.789686169484911,0.920056596383028,stable
SLC35B4,-0.00877652751671742,0.439210799958815,0.708019625306153,stable
C18orf8,-0.00877698262222532,0.957338018545188,0.983734023091491,stable
HSPBAP1,-0.00878067829474301,0.857841948225652,0.947367208436745,stable
BOLA2B,-0.00878463224770505,0.00286864724985614,0.0303604709802956,stable
TRIM44,-0.00878772460479466,0.42897867103455,0.698154077316781,stable
BAZ1A-AS1,-0.0087967872428568,0.562835898212037,0.797416089446446,stable
EFHD2,-0.00879736319466263,0.125927198298916,0.360162394011686,stable
LDLRAD1,-0.00879938313000067,0.160566095157866,0.413212620465211,stable
IGKV1-5,-0.00880231607246792,0.0109554383853608,0.0754474810268452,stable
CLNS1A,-0.0088085137327347,0.0427440181299529,0.183951371678549,stable
KNTC1,-0.00881293888531482,0.00515836169698775,0.0451689207621621,stable
TXNDC9,-0.00882676089183559,0.462860078927849,0.725105934232221,stable
SYT15B,-0.00882759395498737,0.842456685075506,0.941855471536939,stable
REPS2,-0.00883553701534401,0.337732417068506,0.618560241318467,stable
POLR1F,-0.00884214256602334,0.327978244707701,0.609672454882442,stable
TRMT12,-0.00884691645054892,0.575846051785136,0.805670383085899,stable
PSME4,-0.00884914494924111,0.681003979525309,0.866874169084388,stable
TRIM66,-0.00885844350741374,0.00215556991984235,0.0244204696016246,stable
TVP23B,-0.00885882443900612,0.778116848517496,0.914534160241108,stable
WDR72,-0.00886974940348271,0.143636913854012,0.388111767230646,stable
ZNF391,-0.00887911969373037,0.141469292716567,0.385344936313881,stable
CHUK,-0.00888049738953384,0.903096509763418,0.965578507256459,stable
LYSMD4,-0.00889357525455938,0.0237716977441695,0.127393789226097,stable
FBXL19,-0.00889479235788528,0.767604841227152,0.91033479780403,stable
HMGCL,-0.00889806272929589,0.79500170528271,0.922959488755479,stable
DHRS2,-0.00889819652075946,0.658763598014005,0.854759241287671,stable
AFG2A,-0.00892212032608066,0.900837472220227,0.964898637295907,stable
ERVW-1,-0.00892593900008203,7.50949581951951e-22,1.95310801910226e-19,stable
LINC00982,-0.00892595529343553,0.861562215346452,0.949200890932714,stable
METTL5,-0.00893401238291736,0.367123178807686,0.64753677964039,stable
NRG3,-0.00895908303843742,0.443424100532617,0.710781039196264,stable
ZSCAN2,-0.00896432278837915,0.743986306287858,0.898802132680815,stable
SETBP1,-0.00896498709289221,0.193226607611089,0.461238440038655,stable
SLC39A14,-0.00896720534940382,0.860255879129285,0.948689739517514,stable
TCTN2,-0.00897357938967369,0.881730966607156,0.957595656394998,stable
PCDHGA10,-0.00898367424097606,0.684986734905754,0.869582576214657,stable
CEP250,-0.00899313656473753,0.705919467599226,0.879718582111626,stable
RPGRIP1L,-0.00902767629308705,0.863722935967554,0.950074953026825,stable
LINC00662,-0.00904617866587251,0.481749355830985,0.741302130624114,stable
TCEANC2,-0.0090552043532657,0.600724718792643,0.819743130444437,stable
ZSCAN23,-0.00905905562149911,0.11024177136123,0.331674972463617,stable
PSMD11,-0.0090604944778922,0.842518002555035,0.941855471536939,stable
TRIM35,-0.00906667442443264,0.100106202172226,0.313929762789455,stable
DCAF17,-0.00907250437061268,0.730116822752233,0.891020009732233,stable
PEX13,-0.00907966708364902,0.397721914591101,0.672627654117546,stable
ZNF771,-0.00909419500142518,0.305746368268144,0.589371729334421,stable
RASGRP1,-0.00910083816271485,0.52676342802649,0.771772809803131,stable
EXOSC3,-0.00910138155742224,0.394005631359696,0.670147725764571,stable
ZFP3,-0.00912008754427807,0.301731254568234,0.584063793482516,stable
LPAR6,-0.00913256003287906,0.508876394738649,0.759617175392019,stable
SMYD3,-0.0091384801423165,0.556118165478587,0.79267589258515,stable
MCF2L,-0.00914326369842972,0.585847883371901,0.8115023200397,stable
CERS2,-0.00914877859736207,0.303985908148114,0.587126519387352,stable
FUNDC2,-0.0091494584333528,0.231531159866143,0.508601003361155,stable
ZNF287,-0.00914965054724227,0.472476542975187,0.733632597737197,stable
GPR75-ASB3,-0.00916849900256828,0.736281196124683,0.894244374878314,stable
CPVL-AS2,-0.00916855627808173,0.424550727753673,0.69418246335753,stable
COIL,-0.00916987745048709,0.91734182983712,0.97024084154067,stable
FSCN1,-0.00917456377958156,0.678906559076813,0.86559677931336,stable
DDX10,-0.0091842138295271,0.893706310210098,0.961788990120593,stable
IL7R,-0.00919755502365744,0.14864954174336,0.395651899070605,stable
CCDC71L,-0.0092033076763151,0.766503124298398,0.909951660675258,stable
TMEM144,-0.00920458619727911,0.392663293569691,0.669351011099693,stable
RRAGD,-0.00920466831092204,0.906448223962659,0.96637189045661,stable
MASTL,-0.00920705357315537,0.651308935775148,0.849365477630093,stable
HNRNPD-DT,-0.00920904321179591,0.829332635230472,0.936513822915223,stable
ACVR1,-0.0092129025751815,0.845545052173011,0.942458531755529,stable
MFF,-0.0092135977152612,0.561493938007466,0.796253120441214,stable
ETS1,-0.00925194390480577,0.173226008856882,0.433118169823383,stable
COL6A2,-0.00925299461509295,0.55237733644974,0.789601897496009,stable
MANBAL,-0.00925788053180976,0.919199095473156,0.971241225954176,stable
ZNF225,-0.00926907821706544,0.475970310924153,0.736209171294046,stable
NBPF10,-0.00927061223169327,0.570070767433684,0.801719404177331,stable
UBE4B,-0.00928248432772349,0.852990698492133,0.945412847798335,stable
ZFAND4,-0.00929253928225406,0.526165609812655,0.771541459552709,stable
SLC41A3,-0.00929686740241398,0.0796122842146968,0.270102848248808,stable
PIGK,-0.00929935173930362,0.533869093583669,0.77598285374159,stable
LIPT2,-0.00931246513205455,0.380477508305963,0.660553481257221,stable
KRCC1,-0.0093125202894635,0.211585307709806,0.484168304757748,stable
GPNMB,-0.00931488287476868,0.558074843238076,0.79435620843399,stable
C9orf169,-0.00931649966432382,0.182501587565431,0.445582895870103,stable
BRF1,-0.00931776446834273,0.823091768362706,0.935137709382477,stable
ATF1,-0.00933389128982687,0.962944119505927,0.986343968228629,stable
SOX5,-0.00933674244221113,0.545547924272208,0.784506848218329,stable
FHIT,-0.00933683252197999,0.808527510620595,0.929418872468136,stable
BCL2L11,-0.00934237318740696,0.8033781225154,0.926723994491672,stable
EAF1,-0.0093470811458136,0.298089174351379,0.580229628546379,stable
TRMT10C,-0.00934905630564647,0.595362515726386,0.817587444837306,stable
CYP20A1,-0.00936345430693364,0.569673728793382,0.801345415508665,stable
ECI1,-0.00936927293192319,0.47556605766944,0.735956385485661,stable
TSN,-0.00936978840953007,0.85784338904933,0.947367208436745,stable
C19orf59,-0.00937283033601279,0.227350952689559,0.50255660862155,stable
MROH6,-0.00937327280972936,0.437670964870958,0.706531238804527,stable
PRPSAP2,-0.00938139993376194,0.0487866398986371,0.199855189718813,stable
MGA,-0.00938428085873382,0.805510179905417,0.927897975274902,stable
COPS4,-0.00940682224420078,0.457387716445294,0.720242265410079,stable
USP28,-0.00942041263127297,0.851087198428581,0.944806778801347,stable
RBCK1,-0.00942121810481517,0.76895433678885,0.910547965388189,stable
PRX,-0.00942385974338766,0.0133094938851368,0.086197431920254,stable
ARL4A,-0.00944216022925201,0.579318137740423,0.807754638501076,stable
VAPA,-0.0094423739965146,0.227622058247591,0.502883072477599,stable
NIF3L1,-0.00946634287681688,0.562199254054202,0.796698780611937,stable
NKAPL,-0.0094859079506117,0.659401720944363,0.854990663385513,stable
RBM15B,-0.00948739351990369,0.943705110048244,0.979606934887036,stable
HSD17B7,-0.00949213911250643,0.786801067865239,0.918774178576672,stable
TMC6,-0.00949527933468336,0.802044404386525,0.926363821945207,stable
IPO9-AS1,-0.00949590082965204,0.000505998405653992,0.00808561819909339,stable
SMIM14,-0.00949905133440759,0.233244613985503,0.510284430206857,stable
SMARCD1,-0.00950093155423615,0.927869972355242,0.974466235107503,stable
DCLRE1B,-0.00950423552982532,0.689536423171289,0.872074723330746,stable
TERF1,-0.00950605567163235,0.661985708093978,0.856299266797118,stable
CDK20,-0.00950704319062408,0.168687624105438,0.425706729717441,stable
GNE,-0.00951222747810166,0.552127929149371,0.789601897496009,stable
GIN1,-0.00951848704375706,0.000100849727442084,0.00221326224102699,stable
ZNF529,-0.0095457727570427,0.792321790966285,0.92142552601504,stable
RNF40,-0.00954775380720427,0.662608143149462,0.856393820937994,stable
WDR52,-0.00955489458435063,0.447795738572856,0.713670809428239,stable
CXorf24,-0.00956001599840327,0.582949283051191,0.809777429376235,stable
RBM45,-0.0095603358356273,0.00238043883356478,0.0263812187683552,stable
PRDX6-AS1,-0.00957151772404738,0.419795153821383,0.691468902289065,stable
ANKRD16,-0.00958026093516314,0.717912875716451,0.885501343573063,stable
BBC3,-0.00958200446418417,0.910053055865374,0.967567791283452,stable
TBCCD1,-0.00959148536116789,0.416687975319473,0.688975221196434,stable
PPP1R9A,-0.00961997087291108,0.962721289811211,0.986343968228629,stable
SLC25A14,-0.0096334059816131,0.298906552891447,0.581450302760193,stable
CCDC152,-0.00964118958636271,0.116191514296328,0.34283056523551,stable
ASNSD1,-0.00965242422507401,0.431754967915406,0.700806364068241,stable
GNB5,-0.00965773500888692,0.878570649016545,0.957187844347437,stable
MS4A7,-0.00967707873361212,0.767570371323817,0.91033479780403,stable
EIF3H,-0.00967823547639557,0.257723511315636,0.538164024995273,stable
MAU2,-0.00969661219817644,0.516535416872735,0.765348961921493,stable
GDPD1,-0.00971179982094835,0.753861083567354,0.903592090158113,stable
NBPF26,-0.00971590945616754,0.179453815403726,0.44128815922252,stable
ZFPM2,-0.00971827080269161,0.6423243290124,0.844730779757674,stable
PIAS2,-0.00972260213674082,0.296798185786735,0.579005240966078,stable
CD274,-0.00973214333595977,0.358492464851379,0.639179097191257,stable
HS3ST5,-0.00973500498802237,0.179381731918006,0.441254136077889,stable
CALU,-0.00974480412197731,0.923188787277377,0.973269489924852,stable
METTL20,-0.00975044945979425,0.145415312659701,0.390882770874809,stable
RAB35-AS1,-0.00977502145704394,0.720732922408357,0.886067471996831,stable
NUDT13,-0.00978756546212017,0.00461045275757353,0.0424917686354891,stable
BICRA-AS2,-0.00980698360348671,0.0210199718749924,0.117274366134143,stable
DUSP16,-0.00981737635731664,0.940458938738035,0.978070140826027,stable
SERPINB8,-0.00983300627400589,0.773493577368871,0.912574605709592,stable
PPP2R3C,-0.00983965575943488,0.688550309996913,0.871669323674634,stable
DEF8,-0.00984252586281153,0.970329980298539,0.988672394128177,stable
KICS2,-0.00984391766119028,0.690189979177338,0.87229965937384,stable
RAB5C,-0.00987660498446785,0.0798015059811371,0.270594621113293,stable
DGCR14,-0.00987822357665927,0.451346051289386,0.716723039534043,stable
ERF,-0.00988646031700487,0.729439055618322,0.89080575608164,stable
GPRASP2,-0.00988676932095751,0.420062309266353,0.691545864030109,stable
NUDT15,-0.00989506669058513,0.630682876876989,0.837348483430467,stable
POLDIP3,-0.0098975574366329,0.801057381132296,0.92596930751406,stable
SPRTN,-0.00990033249680047,0.0192918945622161,0.110198186508659,stable
ZNF345,-0.00990444215841275,0.253165129957836,0.533015940166136,stable
GS1-251I9.4,-0.00991068801573569,0.970253409092645,0.988672394128177,stable
TSPYL5,-0.0099147859159358,0.0076043628113896,0.0595870070554016,stable
CLDN9,-0.00991493334534113,0.38554979276223,0.663890782747641,stable
NECAP1,-0.00993230846419156,0.522334822297718,0.769566496191375,stable
HAGHL,-0.00993848861314746,0.662090022943241,0.856299266797118,stable
ACTR5,-0.00993998816370267,0.148562861517825,0.39564976453026,stable
PARP11,-0.00994506658105782,0.739776339756152,0.895970076011018,stable
XPNPEP1,-0.00995683938426227,0.558917240884959,0.79470711408721,stable
TMEM242,-0.00996324110135675,0.860714848316794,0.948763985488192,stable
ALDH4A1,-0.00996988586904269,0.0158089050620526,0.0968661932223211,stable
CCS,-0.00998369836604712,0.428734888077821,0.697990025501088,stable
ROGDI,-0.00999461902443444,0.0144541933902046,0.0914144881631174,stable
DRG1,-0.00999604152631067,0.530487208195867,0.773845876216077,stable
KHDRBS1,-0.0100033384523315,0.952835545873771,0.982410738255818,stable
SLC7A6OS,-0.0100131495108966,0.814106115151233,0.932133737998271,stable
RIC8B,-0.0100210901409334,0.596125989373476,0.818125529819397,stable
H2AX,-0.0100225376901904,0.118136372477641,0.346400572741713,stable
MED16,-0.0100247347725728,0.949855206567783,0.981531959428647,stable
HADHB,-0.010026222727557,0.964839952349212,0.986959641759916,stable
CREBL2,-0.0100314242378384,0.915161603567787,0.968985313296893,stable
TIMMDC1,-0.0100372292801554,0.925356926372815,0.973976694581732,stable
PAPOLB,-0.0100398606199541,0.147438188657438,0.393907583950512,stable
SH3BGR,-0.010064375117142,0.0961281575926146,0.305316807454901,stable
NR1H3,-0.0100653685966761,0.146707340942161,0.392611928116272,stable
LSMEM1,-0.0100692735197371,0.103926675343191,0.320453019816309,stable
UBOX5,-0.0100703524727074,0.742002142869889,0.89742101458806,stable
RBM27,-0.0100723915096165,0.649270655214088,0.848279156904289,stable
CCDC88B,-0.0100756659673713,0.785418516147474,0.918206541245487,stable
TOP1MT,-0.0100772611699529,0.254591126489335,0.534912672775116,stable
NTF4,-0.0100816606336289,0.914200921154707,0.968555387432409,stable
CEP57L1,-0.0100828526753131,0.854118801035304,0.945891304933462,stable
SLC25A42,-0.0100864183446435,0.796440031467674,0.923710862100529,stable
CKAP5,-0.0100885510888365,0.772467959607583,0.912170525039587,stable
CTDSP1,-0.0100903874779656,0.860483005967425,0.948689739517514,stable
PTRH1,-0.010098006180087,0.914619084281029,0.968830475411725,stable
RACGAP1,-0.0101023524832051,0.00852855706066351,0.0638976810734287,stable
NMI,-0.0101334788452225,0.576212536901837,0.805998632691161,stable
RFX7,-0.0101474518420951,0.890273421989977,0.961624309481796,stable
ACSS2,-0.0101523774252653,0.965079237398256,0.986959641759916,stable
SENP6,-0.0101578023103084,0.984799451546146,0.994232533055583,stable
MFSD6L,-0.0101605730897827,0.500776754423377,0.754221944967905,stable
CRYGS,-0.0101607204355381,0.145877350456706,0.391573197158144,stable
TTC9,-0.0101716425380084,0.745083323904524,0.899402772414854,stable
ERI2,-0.0101734744222403,0.713151157453202,0.883685732256253,stable
USP32,-0.0101790127068463,0.934166090724992,0.977057150778723,stable
TMEM44,-0.010184355349202,0.304324777621917,0.587423015743548,stable
IQSEC2,-0.0101858799830702,0.876704955103042,0.956263172229819,stable
YIPF4,-0.0102137667503471,0.982231798480587,0.993227712254118,stable
PIM2,-0.0102374770694903,0.216576019241588,0.490173164082424,stable
H2BC21,-0.0102397099722571,0.825278564169946,0.935818786487049,stable
RUNDC1,-0.0102421333826716,0.863045140053258,0.950074953026825,stable
CBLL1,-0.0102457741697237,0.511060478362308,0.761204250944419,stable
PPP2R3B,-0.0102653995858586,0.0420915231336312,0.182927424174085,stable
KANK2,-0.0102711372466394,0.982529858291715,0.993255457141741,stable
CTXN1,-0.0102789671051623,0.0393294042688545,0.175561127000678,stable
C18orf21,-0.0102794306777773,0.834243908133851,0.939023713906832,stable
FAM206A,-0.0102820131800568,0.803747196373856,0.9269266975139,stable
TSEN2,-0.0102831272867979,0.809867911201161,0.930362273094961,stable
FCGBP,-0.0102857985781596,0.111294819347299,0.333611542839965,stable
ZNF548,-0.0102896213789106,0.0273182072152791,0.139598249379343,stable
ABHD4,-0.0102900301655326,0.772654633901262,0.912170525039587,stable
HPSE,-0.010290157688905,0.123898002616091,0.356527585682461,stable
FLOT2,-0.0102966995846081,0.624369228607047,0.832764806382165,stable
NASP,-0.0102991662349286,0.894408616533392,0.962010640431516,stable
DCAF5,-0.0103038663420988,0.920869483323041,0.972133137745347,stable
BAG2,-0.0103114809386331,0.384424663442566,0.662824748705525,stable
GRPEL2,-0.0103144865761037,0.745228862270334,0.899402772414854,stable
UPF3A,-0.0103190355261661,0.683689481887266,0.868664403553678,stable
C11orf30,-0.0103264701293581,0.794498718712459,0.922956225314832,stable
TIFA,-0.010334326348563,0.885616664009796,0.959221876737174,stable
CASD1,-0.0103471840461297,0.271397073553051,0.553479784303052,stable
NACAD,-0.0103500971483777,0.230327266750856,0.506884443084731,stable
TPK1,-0.0103619787546035,0.497980111681062,0.75207670931422,stable
ZBTB14,-0.0103658355440997,0.760006617281684,0.907242930597947,stable
STAT6,-0.0103766707919887,0.822351516363171,0.935022317554033,stable
C19orf55,-0.0103848234953115,0.824069246337552,0.93575684786161,stable
RPP25L,-0.0103879098379679,0.30102486136762,0.583343041432749,stable
RBM18,-0.0103892728416713,0.892518954943343,0.961652449637532,stable
FMNL1,-0.0103912134868931,0.493348084899549,0.748781597940413,stable
KBTBD6,-0.010393518942542,0.792348352549461,0.92142552601504,stable
YRDC,-0.0104146708230796,0.7798411744092,0.915103414892465,stable
FBXO6,-0.0104168554831095,0.873329548948354,0.954656467042105,stable
TIMM44,-0.0104236441743465,0.927972814467571,0.974466235107503,stable
ANO10,-0.0104253027180129,0.0735882510461743,0.256883146787513,stable
GPR39,-0.010433611818342,0.512999329325878,0.762856177616839,stable
CTF1,-0.0104387043746484,0.887459851938587,0.960112331188361,stable
PDIK1L,-0.0104538909183186,0.000662679953519377,0.0100131022890246,stable
ZNF609,-0.0104660572614206,0.456782751496846,0.720018275452054,stable
JMJD4,-0.0104921408972044,0.604857638169226,0.821987745300791,stable
ZNF862,-0.0104984973016812,0.798094759241831,0.924232727747133,stable
SETDB2,-0.0105007489476681,0.842739660760609,0.941855471536939,stable
SMC6,-0.0105101680914757,0.904696117463408,0.96626332787898,stable
PAK4,-0.0105106632608342,0.881225451426434,0.957595656394998,stable
UBE2J2,-0.0105116041868731,0.37498736251315,0.655584313409718,stable
WDR77,-0.0105148180511917,0.578332548724104,0.807024780320029,stable
ANKRD2,-0.0105297739469778,0.802216317033484,0.926363821945207,stable
DFFB,-0.0105303733141516,0.536792575615403,0.778288749178352,stable
TNNI2,-0.0105369249287681,0.585284783303422,0.811170203072679,stable
FBXO48,-0.0105402299731277,0.489092038537683,0.746213314913209,stable
MXD3,-0.010541527764956,0.00162177302828761,0.0199041701785017,stable
KLHL15,-0.0105514090854259,0.185033653643568,0.448602019464295,stable
EVC,-0.0105526288098391,0.613359751824331,0.825821746333986,stable
SEPT5,-0.0105587550528819,0.643603746405754,0.845483783256977,stable
NOMO3,-0.0105600642439225,0.000131028672882538,0.00271934549629227,stable
BRAP,-0.0105602479433011,0.57755522597417,0.806768950098075,stable
TAB1,-0.0105695141277404,0.0512495261884696,0.206552656817624,stable
RGS9,-0.0105701604276004,0.697823072659253,0.876163931610284,stable
GRIPAP1,-0.0105831230425914,0.93190286581088,0.976128355925504,stable
PUS1,-0.0105833035810754,0.695939615858767,0.874951787258026,stable
POMZP3,-0.0105857550857482,0.738231094046437,0.894896558272873,stable
ZNF704,-0.0106343556013996,0.939227943866961,0.978050338217809,stable
DOPEY1,-0.010635089948776,0.255449468668582,0.535676894599448,stable
UBE2L3,-0.0106374595177197,0.934454773376477,0.977057150778723,stable
CHMP3,-0.0106395739000594,0.509577036706648,0.760239197663534,stable
INPP5E,-0.0106520382619738,0.225108647417266,0.499224982951498,stable
ELMO2,-0.0106579764710502,0.812529603296445,0.931129827570615,stable
HERC2,-0.0106617670392535,0.0842986166040475,0.281394399062773,stable
UBAP2,-0.0106682351716699,0.506474819826386,0.75816167004136,stable
RAB11B-AS1,-0.0106750084849793,0.572071930856467,0.802871100205448,stable
SH3GL2,-0.0106761302150902,0.718177049483698,0.885562051087302,stable
ZNF8,-0.0106764954362157,0.647008476584157,0.84742536350458,stable
KLHDC7A,-0.0106786175385856,0.0356732209974817,0.165240414351351,stable
MPHOSPH9,-0.0106879279948884,0.595048307198108,0.817380661556318,stable
PLEKHA7,-0.0106884382071715,0.788949498362666,0.919801494323818,stable
CCDC176,-0.0107319977177057,0.543530513084144,0.783596767536335,stable
CSF3,-0.0107494860910236,0.387474450036489,0.665536756821669,stable
CCDC7,-0.0107518657138021,0.39687700483305,0.672314926147339,stable
ARMC10,-0.0107519753972088,0.370376712140746,0.650781217365025,stable
NDUFAF6,-0.0107633075384958,0.214459463662315,0.487458624731896,stable
IHH,-0.0107654548063398,0.707000165931999,0.880512842401672,stable
MARCHF8,-0.0107669369780672,0.728458694318054,0.890200847680086,stable
FAM201A,-0.0107975841171389,0.52895513050515,0.772991143150926,stable
DNAJC6,-0.0108025735522911,0.181976156012408,0.444984303079751,stable
TTLL11,-0.0108034489602464,0.291709952602776,0.574383506520097,stable
PTPN23-DT,-0.0108224731302495,0.205773426095853,0.477227744004229,stable
PDK1,-0.0108234158039333,0.280244834187132,0.561452758474604,stable
ZNF816,-0.0108315196213847,0.014352061605638,0.091137455099906,stable
CCDC146,-0.0108435540021516,0.827183474175626,0.935954288316059,stable
CBL,-0.0108482465214135,0.871082566333267,0.953826916558925,stable
IL1RAP,-0.0108490160031655,0.612506696926193,0.825361247664489,stable
FAM88C,-0.010854979809469,0.152750619503408,0.401255722312968,stable
SLC52A2,-0.0108587212846642,0.915836351358483,0.969615759484331,stable
PTBP1,-0.0108596599189689,0.948951244910969,0.981468822894635,stable
PLEKHA2,-0.0108758431449578,0.610276091572703,0.824493251921389,stable
SNURF,-0.0108851416475489,0.536143902608921,0.77771722623608,stable
MAG,-0.0108874526350902,0.523978698218298,0.77071958114984,stable
DNAH5,-0.010893547978441,0.77615519398891,0.913924203881887,stable
ZNF658,-0.0108951005228742,0.456683135052084,0.720018275452054,stable
ZFAND6,-0.0109100933701877,0.665720919182915,0.858202539311645,stable
CCDC134,-0.0109334274538369,0.509396305947199,0.760114800280586,stable
APBB1IP,-0.0109354707391374,0.294025837561326,0.576728472135694,stable
GOSR2,-0.0109361445620795,0.857789061553324,0.947367208436745,stable
BLOC1S2,-0.0109400817846769,0.880636306573974,0.957289503662979,stable
ZNF627,-0.0109404544236325,0.772777974256378,0.912170525039587,stable
CCNY-AS1,-0.0109442821979155,0.00533999820227182,0.0463279900813135,stable
ZNF607,-0.0109507337376289,0.409246026105748,0.682372405871126,stable
OGFR,-0.0109516682711284,0.963533641809137,0.986441438635774,stable
NUP35,-0.0109524766416644,0.531882967653273,0.774569620752157,stable
ZDHHC14,-0.0109551672719082,0.0916578186594353,0.295749133887858,stable
BOD1,-0.0109627279796958,0.933730798199381,0.976968696155887,stable
TAF5L,-0.010966520234029,0.709702683121718,0.881915787179006,stable
PDE4B,-0.0109736471735354,0.895795961293855,0.962661151373214,stable
LAMTOR3,-0.0109752363077356,0.891126496026964,0.961652449637532,stable
CHCHD3,-0.0109752958361165,0.217644567441223,0.491205038678189,stable
NLGN1,-0.0109763135256044,0.560443199378232,0.795501354992976,stable
MYH10,-0.0109821150372417,0.872648516599822,0.954564247598768,stable
TP53INP2,-0.0109854389898415,0.73038018385763,0.891073991955914,stable
CFL1,-0.0109898586159369,0.564160872786771,0.798367968157617,stable
PRICKLE3,-0.0109958558493767,0.649897566903488,0.848573793829122,stable
C7orf49,-0.0110000558865747,0.904931496449778,0.96626332787898,stable
LYNX1,-0.0110161777455353,0.47130357697448,0.732322947311884,stable
BYSL,-0.0110187790348506,0.637548155559686,0.842012327826596,stable
SPPL2B,-0.0110190279021201,0.947814219337859,0.980595000995251,stable
EPHB2,-0.0110311245058011,0.633651285000224,0.839466056989568,stable
NME5,-0.0110314806184406,0.791528609911817,0.920700897094115,stable
YTHDF3-DT,-0.0110419091078134,0.370533123797709,0.650868933079924,stable
ARK2N,-0.0110523283814612,0.912409676513145,0.968066494032688,stable
ARF4,-0.0110619524893161,0.453907582642901,0.71795465699777,stable
ACSL3,-0.0110627735595334,0.642162540788232,0.844730779757674,stable
CSTF2,-0.0110719427823122,0.762593097237843,0.908659520483029,stable
PEX7,-0.0110723150077989,0.812774262983979,0.931235597592666,stable
ZNF713,-0.0110951669923879,0.183365154339187,0.446505108892874,stable
DUSP7,-0.0110956457779688,0.0965686803864764,0.306134737822689,stable
NAAA,-0.0110998662153333,0.00544668190905657,0.0471197732882573,stable
ORAI3,-0.011100309578272,0.784438252578416,0.917868875037064,stable
DSTYK,-0.0111084903707964,0.879579900273663,0.957281275272343,stable
TRPS1,-0.011108976078265,0.00849892299365942,0.0638150090138161,stable
ALYREF,-0.0111141853217928,0.517190025609425,0.765924920218977,stable
SRFBP1,-0.0111371627654693,0.936847309104702,0.977718902629205,stable
RLN2,-0.0111407820361059,0.621242395424181,0.831224501057924,stable
ZBTB47,-0.0111447646020367,0.324589067154058,0.605966067892649,stable
BBS4,-0.011148877823705,0.584845755322285,0.810837531253217,stable
SARS1,-0.0111517267235411,0.294508966401066,0.57716910920292,stable
APAF1,-0.0112150922330172,0.715853662044167,0.884345140457594,stable
GFOD3P,-0.0112177624285766,0.900917552067821,0.964898637295907,stable
TBC1D10B,-0.0112229760693731,0.852965060612882,0.945412847798335,stable
FAM174A,-0.0112238184773164,0.491457800710162,0.747804513954856,stable
NKIRAS2,-0.0112249561427489,0.774346575521893,0.913228416708115,stable
CCZ1B,-0.0112356615135565,0.012457024641463,0.0821773714070395,stable
ZNF573,-0.0112361944812915,0.547640999544313,0.786092482201701,stable
ARMC1,-0.0112372052464924,0.750414845137892,0.902062254593922,stable
ANKMY1,-0.0112440736875689,0.114243218248813,0.338936677488716,stable
ZNF213,-0.0112472000486469,0.50135363246928,0.754561290729435,stable
LL0XNC01-250H12.3,-0.0112496343802151,0.442200707150509,0.710307297563252,stable
BRPF3,-0.011260123902047,0.770865994702354,0.911497960847512,stable
FAM151B-DT,-0.0112666152342485,0.0161805904360925,0.0985017616986029,stable
VOPP1,-0.0112703260155767,0.901912361947937,0.965155975877754,stable
DCAF7,-0.0112733600333004,0.954349648375768,0.982654451054287,stable
CASC15,-0.0112817337036431,0.0193290512652714,0.110309743036329,stable
ZFHX3-AS1,-0.0112843354645539,0.0442945413646354,0.187614855731567,stable
IGHA1,-0.0112846809565896,0.175355261877898,0.435873060674627,stable
NUAK2,-0.0112847744778336,0.556502888775257,0.793131784119009,stable
LIN9,-0.0112852351739312,0.529607502618175,0.773513860553901,stable
TINCR,-0.0112858417653196,0.527524929776156,0.771993863472254,stable
AIP,-0.0112859437749586,0.657260995463333,0.854355424132687,stable
NPAT,-0.0112882309989993,0.864740202273647,0.950164874839826,stable
MCM7,-0.0112913530123635,0.895493470503694,0.962661151373214,stable
LINC01106,-0.011292817997094,0.0043838259624211,0.0412531859619981,stable
FOXA1,-0.0113063558309395,0.891471143290204,0.961652449637532,stable
PTGDS,-0.0113089387317158,0.579897459210494,0.807825246881946,stable
LACC1,-0.0113094034408513,0.734705262604098,0.893816398556622,stable
PMVK,-0.0113120610328625,0.974874413049923,0.990305623282407,stable
MIIP,-0.0113165252581952,0.949605202668125,0.981531959428647,stable
MAP4K2,-0.0113201955173299,0.00881185910878571,0.0652130355495754,stable
DNAJC9,-0.0113278455658047,0.0510834372513608,0.20615514590975,stable
ALAS1,-0.0113283095304823,0.79347298444459,0.921997505879341,stable
C5orf45,-0.0113291111001103,0.757376835731907,0.905868824379837,stable
DHX35,-0.011335841048648,0.724147151296315,0.888004605614304,stable
CD69,-0.0113364377277849,0.585657619971232,0.811410942596434,stable
DPP7,-0.0113471339466823,0.114359859954348,0.338936677488716,stable
IRF2-DT,-0.0113523323383364,0.253472379799576,0.533570926583437,stable
USB1,-0.011353666707129,0.0431349143152801,0.184686932605949,stable
MRC1,-0.011356288040064,0.588080013231435,0.812799061294214,stable
BMF,-0.0113571728673357,0.580886744664878,0.808374267621068,stable
SP140L,-0.011395290134985,0.909511502609449,0.967191701426525,stable
C1orf122,-0.0113971309861107,0.957125498674975,0.983727119653955,stable
LYSMD1,-0.011398892323501,0.414303455773035,0.687077118894258,stable
RNF139-DT,-0.0113992899134056,0.481647059441517,0.741258717491393,stable
LYSET,-0.0114031852569616,0.613937644314325,0.82615299032346,stable
WDR70,-0.0114062309157231,0.40354286931984,0.677597257495291,stable
BCAR3,-0.0114297608222708,0.790222039056398,0.920056596383028,stable
PARL,-0.0114399591006306,0.129070971456841,0.364775485283999,stable
SPATA2,-0.0114418178905106,0.023872109703118,0.127763865591469,stable
NUDT16L1,-0.0114461509755655,0.841939975512584,0.941855471536939,stable
STRADA,-0.0114487795642904,0.588194292283208,0.812799061294214,stable
POLR2J2,-0.0114499364336097,0.597495721744212,0.81835307287244,stable
URB2,-0.0114509620639795,0.111434583083301,0.333612946353884,stable
TGFBI,-0.0114743803888728,0.354109115690336,0.634510382614873,stable
TRAM2-AS1,-0.0114811745163413,0.380153119051976,0.660271629339493,stable
ARHGAP19,-0.0114813968775678,0.642437075263258,0.844788167816058,stable
ZNF496,-0.0114850297859489,0.61891446255061,0.830017596293873,stable
COL28A1,-0.0115027948596773,0.396181637793204,0.671695470233582,stable
HINFP,-0.0115053041864011,0.875381279148358,0.955757480913677,stable
PRKCH,-0.0115171642340199,0.202224013592163,0.473560601944561,stable
SDR42E1,-0.0115182854123925,0.00150229931270893,0.018662710161132,stable
TRMU,-0.0115230465423845,0.0374356300318338,0.169990022848862,stable
FBXL17,-0.0115329970805997,0.865645047777772,0.950817240006782,stable
ALOX15B,-0.0115442355122794,0.445587064527089,0.71252468320862,stable
SGTB,-0.0115528309838179,0.0288102454731635,0.145047957439848,stable
ZNF148,-0.0115535242951328,0.330755830545359,0.612414309691982,stable
ILF3,-0.01157464887909,0.964017692861401,0.986441438635774,stable
TBC1D23,-0.0115975806584591,0.680473700494354,0.866740701765446,stable
ADARB1,-0.0115990777407974,0.49037460061763,0.746958145538929,stable
GTF2H3,-0.01160920791034,0.359628685825718,0.640106280966478,stable
SLC10A7,-0.0116128335541063,0.780728790346124,0.915920397701348,stable
ZNF783,-0.0116142741292385,0.545019512603424,0.784448195227159,stable
UROD,-0.0116153322012734,0.91010262305114,0.967567791283452,stable
LRRC28,-0.0116220590558619,0.785130494219746,0.918206541245487,stable
MAP3K14,-0.0116226533757285,0.710683019877186,0.882380865210646,stable
BACE1-AS,-0.0116238422889864,0.0964415376346591,0.305810987301186,stable
TAOK2,-0.0116247043210852,0.91343705222827,0.968295720394239,stable
OSCP1,-0.0116256160253595,0.0664399115833618,0.241858689456526,stable
MBD1,-0.0116378585289641,0.659909368877416,0.854990663385513,stable
FBXL6,-0.0116383726420232,0.584468057060996,0.810497734488215,stable
PRADC1,-0.0116479431146902,0.707402250703567,0.880696618039056,stable
DGAT1,-0.0116581472915679,0.929987704827884,0.975218592941108,stable
ZNF45,-0.0116621073452876,0.196951143465887,0.46642742343333,stable
PUS3,-0.0116624327495386,0.81115809875413,0.93060503042426,stable
ADAMTS9,-0.0116678156181162,0.211686493005379,0.484307634381012,stable
REPS1,-0.0116802729656416,0.238159213831569,0.514629349456797,stable
ZNF212,-0.011694762402036,0.620855365340769,0.830979523259121,stable
PEX10,-0.0117119003359229,0.83266851020969,0.93820074373705,stable
CHORDC1,-0.0117236900886753,0.942470422145281,0.979156760182213,stable
DHRS4-AS1,-0.0117270877911168,0.790748367157076,0.920143554510052,stable
SLC25A25,-0.0117363847468698,0.105237945475264,0.322494019927205,stable
CMSS1,-0.0117374991620852,0.580656313630513,0.808237619883783,stable
RBM11,-0.0117397965012926,0.66329937174125,0.856919416631266,stable
EPHA1,-0.0117402167050528,0.654446455240482,0.851965225650655,stable
KIF9,-0.0117527845606185,0.627636858579812,0.83530026774955,stable
TAB2,-0.0117631832777673,0.820176287254302,0.934200049887867,stable
RRAGA,-0.0117663682653644,0.818819273357315,0.933952710571231,stable
COPS2,-0.0117666934029978,0.957989294880007,0.983837071754167,stable
JADE3,-0.0117711671523793,0.627221779525344,0.835168610144732,stable
TTC21B,-0.0117792487901812,0.81993029758011,0.934113927925434,stable
CENPO,-0.01177977990175,0.428226977171218,0.697487883936171,stable
PPP6C,-0.0117846753699727,0.907368149328289,0.966509956203295,stable
FARS2,-0.0118014006274546,0.646484435404024,0.847284843827468,stable
ZNF341,-0.0118105817406213,0.32866690845172,0.610488419528008,stable
KDM2B,-0.0118306466222415,0.0645837659491497,0.237078665153876,stable
TBC1D2B,-0.0118347449345303,0.830520491537052,0.936950613003778,stable
CRY1,-0.0118411935805803,0.818807712115702,0.933952710571231,stable
MIER2,-0.0118440087733661,0.710678859210731,0.882380865210646,stable
ARRDC4,-0.0118459854311744,0.799861469189352,0.925549659160416,stable
BICD1,-0.0118465234194374,0.869938362572644,0.953220378638222,stable
ACACB,-0.0118477143089313,0.564079466806821,0.798345189561953,stable
PVRL1,-0.0118494603247506,0.000372324051598601,0.00641026648836802,stable
TMEM143,-0.0118514397378329,0.0169002091667036,0.101219087140512,stable
ZNF510,-0.0118586639709163,0.620991950315821,0.831049451958516,stable
GSTO2,-0.011893864307052,0.847427024427534,0.943180182700735,stable
NAGA,-0.011894702911938,0.855854605495205,0.946784316522478,stable
MFSD9,-0.0118949326358347,0.320066327306861,0.602256725525628,stable
GTF3C5,-0.0119082028630234,0.0951133937843733,0.303330583255982,stable
NPR2,-0.0119124086477944,0.00785353791257086,0.0606071006586276,stable
ZDHHC2,-0.0119210476629859,0.650453749450236,0.84898308511137,stable
GLB1L,-0.0119320534793203,0.288584450710817,0.571225628426405,stable
MTFMT,-0.0119379792835896,0.772184288853098,0.912127933258943,stable
COX18,-0.0119434600059358,0.025639238515547,0.133440476186468,stable
CAB39L,-0.011958486041464,0.0295139913607467,0.146887452962143,stable
SESN2,-0.0119743555682858,0.60891305566446,0.823926631884254,stable
ASXL1,-0.0119749641757996,0.608656839144055,0.823868839926208,stable
NUP50,-0.0119812652314713,0.930952432955104,0.97581568688417,stable
ZNF284,-0.0119849798631663,0.208934007273781,0.481701120689049,stable
RTTN,-0.0119988726870155,0.62734292423411,0.835181867331492,stable
PSPH,-0.0120205316886953,0.676213220337943,0.86446121627513,stable
C9orf37,-0.0120268157429278,0.57773643345779,0.806792348207554,stable
CD83,-0.0120311751765212,0.441684678187656,0.709905701997732,stable
NUDT6,-0.0120359086414869,0.67703575895284,0.864750964754659,stable
BSDC1,-0.0120374956994878,0.958374517027403,0.983889316884436,stable
USP19,-0.0120422339515044,0.892758199683832,0.961652449637532,stable
GBP2,-0.0120460545656326,0.82423177534305,0.935767551016388,stable
RBX1,-0.0120622356714539,0.737232636383454,0.894824514912249,stable
TRIM29,-0.0120838522591953,0.434003888560721,0.70323483558071,stable
FAM110C,-0.0120964371588533,0.537891451828911,0.778884896295811,stable
TRIM32,-0.0120969666570329,0.699250226259799,0.876409779222512,stable
CYB5R1,-0.0121071336839367,0.930590831531043,0.975562594701838,stable
PSMG4,-0.0121372720833378,0.4349944886097,0.704101248512311,stable
ADCK3,-0.0121435530114728,0.552219383694152,0.789601897496009,stable
CAPRIN1,-0.0121443866295333,0.487520427888373,0.745567864680294,stable
WFIKKN1,-0.0121447086355168,0.627895148988342,0.835391574225812,stable
OAZ3,-0.0121549117187402,0.408050837239044,0.681974158910177,stable
IQCH,-0.0121552167819132,0.504015918157486,0.756669066616843,stable
C14orf93,-0.0121625849102302,0.027406450806918,0.139940039542091,stable
ZNF468,-0.0121861160116148,0.0821678928995801,0.276091347664779,stable
USP42,-0.0122019261778093,0.799085440618271,0.925089537467349,stable
ZNF793,-0.0122024854990081,0.580512895985733,0.808237619883783,stable
POLH,-0.0122044494205619,0.787195460687501,0.918895847158519,stable
PROSC,-0.0122076746853813,0.919194528510132,0.971241225954176,stable
FAM57A,-0.0122088263141516,0.609429408283975,0.824057889673116,stable
DYNC2I2,-0.012215221583712,0.23178831015138,0.508777213735045,stable
CAD,-0.0122186584284452,0.593136118617927,0.816129661637273,stable
ELMOD2,-0.0122558086315095,0.666606173243242,0.85874105403366,stable
ZNF296,-0.0122565138919857,0.14402230655414,0.388723487595011,stable
COPG2,-0.0122566748552709,0.587210974918579,0.812286252133597,stable
FTSJ1,-0.0122592154691818,0.0283655477675608,0.143340411703457,stable
PRAF2,-0.0122616683259688,0.499284732065823,0.75311655537668,stable
CES4A,-0.012266574542036,0.689633786073486,0.872074723330746,stable
PPAPDC2,-0.0122748383456983,0.439777577659691,0.708372790790889,stable
IFT80,-0.0122986839498418,0.892191679137437,0.961652449637532,stable
SMAD5,-0.012301562842761,0.503957671988058,0.756669066616843,stable
C19orf68,-0.0123047510226711,0.552354956026348,0.789601897496009,stable
PGGT1B,-0.0123200580761756,0.517488049418237,0.765924920218977,stable
KDM5D,-0.0123296898267508,0.10708400800059,0.326213291256097,stable
SLC35D1,-0.0123322235092197,0.420322326277517,0.691616653172212,stable
CLUAP1,-0.01233263810654,0.904920852089484,0.96626332787898,stable
FAM203A,-0.0123362605889556,0.69757177471595,0.876163931610284,stable
C1orf101,-0.0123544361613201,0.3896998655349,0.667651178177802,stable
U73166.2,-0.0123580703939069,0.00780909349449361,0.060454945457055,stable
PDE8A,-0.0123697632296409,0.145406317671482,0.390882770874809,stable
PYGO2,-0.0123713649850539,0.591199329549787,0.815024315373475,stable
MSR1,-0.0123810819618741,0.47325848850759,0.734058084445728,stable
ATP6AP1L,-0.0123810880893058,0.549446415790105,0.787557134653553,stable
ST3GAL3,-0.0124204290878408,0.55320314141503,0.790087066322856,stable
ARG2,-0.0124298156824393,0.537643840935645,0.778691743080251,stable
MTRF1,-0.0124318211920477,0.678846442306394,0.86559677931336,stable
RAB24,-0.0124376266930155,0.92287118243671,0.973217360384869,stable
ZNF184,-0.0124388670534044,0.392185960508622,0.668817129081668,stable
VPRBP,-0.0124423121497514,0.71765710260274,0.885496058128456,stable
PPIP5K1,-0.0124435014394356,0.460282855723128,0.722697082888635,stable
ZMAT3,-0.0124439167179222,0.511644492314747,0.76146007201741,stable
MTRR,-0.0124468526853694,0.785505433016001,0.918206541245487,stable
SLC25A45,-0.0124559155809826,0.013482448020404,0.0870526690712075,stable
HIVEP2,-0.0124568193705573,0.823141504659314,0.935137709382477,stable
ZKSCAN5,-0.0124616852519329,0.404903144307984,0.679041848816133,stable
PIGS,-0.0124682506668853,0.757953372106454,0.906068965738157,stable
RBM42,-0.0124885698756962,0.941734482777811,0.978752045674001,stable
VSIG4,-0.0124927187696754,0.530012744717316,0.773689490258475,stable
PRDM5,-0.012506578132923,0.074146322940266,0.257936320065542,stable
ZNF790,-0.0125070722571324,0.194880308804127,0.463736985559985,stable
SEC16B,-0.0125085100859941,0.430976114752373,0.699820938726489,stable
MYO1F,-0.012513312429622,0.372876510058697,0.653392645035086,stable
KIAA1009,-0.0125332827363858,0.719685092113739,0.885977187947614,stable
COMMD3,-0.0125338642297497,0.769692750942792,0.911047241785716,stable
ATXN1-AS1,-0.0125473637603091,0.000679202739478926,0.0101997227117818,stable
XRCC6,-0.0125492681888429,0.980570902043542,0.993084958362173,stable
FBXW8,-0.0125496876421166,0.566141245737636,0.800151530569646,stable
SASS6,-0.0125666052576291,0.525666640858537,0.771213276266774,stable
SLC25A26,-0.0125786900815203,0.706859150410857,0.880440824803578,stable
ASAP3,-0.0126016077653608,0.875251829466098,0.955701506332611,stable
UBE2A,-0.012602863198698,0.972650284658445,0.989404766552786,stable
SLC52A3,-0.0126127145859053,0.00483841572076968,0.0434606004286353,stable
P2RY2,-0.0126267514997985,0.0699874594143595,0.250200115108601,stable
ADH1B,-0.012631095584651,0.177630605183648,0.439429292364441,stable
SAMD9,-0.012634138571068,0.871974246767798,0.954082813506048,stable
FGF14-AS2,-0.0126342393907909,0.000745371314475181,0.0109118789798139,stable
DDX6,-0.0126390423991319,0.96403928458687,0.986441438635774,stable
ZBED6,-0.0126467390027965,0.321817392987445,0.603412358796383,stable
WIZ,-0.0126618824531051,0.00829654701553882,0.0627580388106105,stable
ZBTB7B,-0.0126700660111597,0.912496000106538,0.968066494032688,stable
LONRF1,-0.012672138790176,0.722431040133777,0.887133726555686,stable
TASP1,-0.0126932758274451,0.661771230228163,0.856212057399351,stable
IL13RA1,-0.0126951713837563,0.123544923422444,0.356527585682461,stable
CLEC2B,-0.0127000681370523,0.558300004945936,0.79448107869702,stable
STK11IP,-0.0127121469462357,0.642982602912202,0.845050998602168,stable
C4orf33,-0.0127442859434185,0.00730719528078255,0.0582473730726166,stable
SLC25A21-AS1,-0.0127740252514238,0.491127285892025,0.747452682114556,stable
SPEF2,-0.0127931920264429,0.608799102726651,0.823868839926208,stable
VPS54,-0.0127956561856865,0.817704808062185,0.933646887142925,stable
NKRF,-0.0128095133815977,0.397644892551961,0.672627654117546,stable
CRYZL1,-0.0128125550138679,0.0519034661791062,0.207954103760536,stable
ZNF736,-0.0128141914833442,0.697899709374794,0.876163931610284,stable
ZNF347,-0.0128224837233415,0.00467225302287492,0.0427733547848064,stable
F8,-0.0128255784338997,0.164587753687564,0.420288427214704,stable
RIOX1,-0.0128549881739824,0.280991642812008,0.562049476874993,stable
ZNNT1,-0.0128582399563211,0.130594612797252,0.366945051808159,stable
ZNF628,-0.0128643576219873,0.73212527702648,0.892273119279331,stable
ZNF775,-0.0128739089136977,0.000489926856798408,0.00793362691340637,stable
CCDC109B,-0.0128759363788817,0.840269684328625,0.941123400738549,stable
NEK8,-0.0128772664894435,0.575288711206353,0.804982738757607,stable
DNASE1,-0.012887323284241,0.753979001931672,0.903592090158113,stable
BRMS1L,-0.0128902053056426,0.795332585841288,0.923080491669529,stable
MOCOS,-0.0128979190976066,0.17150226603036,0.430392876196905,stable
TRAM1,-0.0129108933303936,0.46179826104163,0.723999223159277,stable
TNFRSF25,-0.0129116269341742,0.678718261703355,0.86559677931336,stable
PBRM1,-0.0129160999202252,0.854936243071963,0.946329561003121,stable
TNK1,-0.0129195904928196,0.650696670091528,0.84908900344509,stable
MAML3,-0.0129270140559749,0.000938221676451297,0.0130624393769256,stable
BROX,-0.012932874551377,0.383719749702704,0.662325645349599,stable
RNF223,-0.0129356396037866,0.000730396781202826,0.010744127862122,stable
ADCK2,-0.012935741354302,0.902023354920543,0.965190256525623,stable
KAT6B,-0.0129427444698698,0.439124162474244,0.707973326574144,stable
NPM3,-0.0129495801625461,0.220738816888971,0.494169222147665,stable
OSGEPL1,-0.012973499359409,0.658846994594136,0.854759241287671,stable
KIAA0226,-0.0129796813220225,0.847748179726602,0.943336227044716,stable
DOCK8,-0.0129920820694968,0.801296222096429,0.926055394254089,stable
DYNLL1-AS1,-0.0129993797283729,0.476393630467197,0.736491177289872,stable
SRGN,-0.0130085025488043,0.866197762201166,0.950997076086496,stable
SOX6,-0.0130114241004561,0.369862839650894,0.650401878125481,stable
GNAI3,-0.0130165997299796,0.951040718458753,0.981808013445876,stable
ARL8B,-0.013021104153248,0.86165962905903,0.949200890932714,stable
KLHL28,-0.0130257962645213,0.762555145288682,0.908659520483029,stable
GTPBP8,-0.0130349696889617,0.0446009566112641,0.188651243465776,stable
ZDHHC13,-0.0130368907733522,0.587362563808834,0.8123000316777,stable
MARVELD3,-0.0130408029110818,0.235860544508421,0.512632631868453,stable
HEXIM2,-0.0130420226801195,0.351185192887613,0.631864556646773,stable
C6orf106,-0.0130484852389866,0.694002632799677,0.874063274863137,stable
PI4K2B,-0.0130587833121091,0.860826354961514,0.948763985488192,stable
GCC1,-0.013065926969173,0.702006759550644,0.877858812139094,stable
THUMPD2,-0.0130705245524471,0.650488839590404,0.84898308511137,stable
MTO1,-0.0130789029734595,0.751218127377518,0.902761540411205,stable
C2orf76,-0.013086111324658,0.0499456055433706,0.202941231771661,stable
MKNK2,-0.0130937853222041,0.925690454467787,0.973976694581732,stable
CHMP2B,-0.0131053363971663,0.106370803060169,0.325482348897726,stable
COL4A6,-0.0131115204009878,0.0297192117403645,0.147498028548199,stable
ULK4,-0.0131262452533524,0.766370743372338,0.909951660675258,stable
ATXN1L,-0.0131276713940117,0.802504989170259,0.926416185439346,stable
FAM210B,-0.013133495142723,0.838768698204384,0.940507104068627,stable
WASL-DT,-0.0131338712755506,0.417548235312238,0.689651348257911,stable
TULP3,-0.013136721499466,0.735357900637531,0.893983041235347,stable
C1orf54,-0.0131594152136962,0.397208611315473,0.672412898390679,stable
NEDD1,-0.0131676294164703,0.860227580147108,0.948689739517514,stable
TTLL5,-0.0131795261092545,0.835900498851862,0.939504201725373,stable
ZNF253,-0.0131894329376427,0.389981718302624,0.667796835267848,stable
GPAM,-0.0132130562938829,0.717498220117262,0.885496058128456,stable
PVRL3,-0.0132178985963606,0.86208175495869,0.949291718999642,stable
DPF2,-0.0132229295957731,0.565417375530607,0.799405736581788,stable
PSMC3IP,-0.0132333960618189,0.68484687291934,0.869582576214657,stable
RRP12,-0.0132383648440378,0.630331818137057,0.837337116377677,stable
RS1,-0.0132471446984608,0.577284970851604,0.806608554288743,stable
GABPA,-0.0132486225861096,0.342784687768,0.62246695799077,stable
UBA2,-0.0132548406213144,0.753126995499091,0.903467747568899,stable
GNLY,-0.0132614658568446,0.000239269641993306,0.00449974169804027,stable
ZNF497,-0.0132680354365674,0.151452841722264,0.399563167507255,stable
SPON1,-0.0132731567386247,0.264230489885039,0.545139832633708,stable
AASDHPPT,-0.0132748382507454,0.651407178728904,0.849365477630093,stable
DTWD2,-0.0132858979435936,0.115463409366571,0.341307882637303,stable
CFAP251,-0.0132915899081718,0.309151868511494,0.59277945752821,stable
CIRH1A,-0.0132981909265142,0.722906265466279,0.887407731377767,stable
MBTD1,-0.0132984629775983,0.312389222848453,0.595584451924267,stable
MANBA,-0.0132987691406406,0.91097894766342,0.967596159570772,stable
NEK11,-0.0133038490414406,0.575144549303796,0.80496530463586,stable
FAM227A,-0.0133041688695229,0.199418207603631,0.469886263544403,stable
OGFOD2,-0.0133218402120645,0.675433032341707,0.863959009765925,stable
ASCC3,-0.0133404852772487,0.878843523994043,0.95722919337995,stable
PSKH1,-0.0133439507499417,0.574351635366971,0.804684743922734,stable
RBM4B,-0.013347778394053,0.353483127280816,0.633680787912538,stable
NOTCH1,-0.0133531532841528,0.812233330262598,0.931129827570615,stable
RAPGEF3,-0.0133654431515618,0.375415724144784,0.655957949106037,stable
RAD54L2,-0.0133734440016033,0.0638163327683791,0.235676994489627,stable
MYO1E,-0.0133796860015192,0.527487141750927,0.771993863472254,stable
PHLPP1,-0.0133819677624789,0.317571363132746,0.600761562257224,stable
CCHCR1,-0.0133830474632595,0.604785425075462,0.821980991341166,stable
NCK2,-0.0133946225527166,0.805610373984991,0.927897975274902,stable
PLEKHJ1,-0.0133957821989833,0.979728416800061,0.993084958362173,stable
GPKOW,-0.0133963910283198,0.818725630238875,0.933952710571231,stable
CCDC180,-0.0133989647671415,0.218593534176727,0.49209712003247,stable
PKD1,-0.0134097632957341,0.50290383210407,0.755741424031484,stable
SLC20A1-DT,-0.0134159431839752,0.41917338316431,0.691308072827918,stable
FLAD1,-0.0134209067155824,0.795055907771204,0.922959488755479,stable
POLR3B,-0.0134221058366671,0.183530246479935,0.446640201666479,stable
HLA-DOB,-0.0134279744402917,0.0717934152564054,0.25327639483241,stable
AP4M1,-0.0134300514599025,0.473114195657151,0.734058084445728,stable
FUT1,-0.0134356589908584,0.311263599715243,0.594664125410704,stable
NPIPA5,-0.0134407843409211,0.0236546983078264,0.127212948576713,stable
AKAP6,-0.0134423755040903,0.771240115772092,0.911675773638724,stable
ZFP41,-0.013443963925047,0.374101573209232,0.654597427842779,stable
MAP3K4,-0.0134468245118861,0.233340652262286,0.510284430206857,stable
PPP5C,-0.0134541439871635,0.0472360563382484,0.196332387854046,stable
NENF,-0.0134598859602832,0.602526212345778,0.820826971995407,stable
MRFAP1,-0.0134622708221789,0.91128580680977,0.967815612723078,stable
UBA6-DT,-0.0134625950936923,0.417064887193504,0.689411924415603,stable
RNF219,-0.0134793323769221,0.302770809751235,0.585334552965222,stable
DNAJC25,-0.0134824867402179,0.799747587610916,0.925505491901528,stable
TIRAP,-0.0134825297075438,0.384055867025728,0.662625112000353,stable
CNKSR3,-0.0134911115789109,0.212063875795721,0.484808082612099,stable
NFXL1,-0.0134993328886431,0.797063332251013,0.923710862100529,stable
RORA,-0.0135137428981557,0.389952492237558,0.667796835267848,stable
AKAP5,-0.0135223983138155,0.559103499766852,0.79470711408721,stable
FTO,-0.0135235360213854,0.0176462173607324,0.104206454597871,stable
FMNL1-AS1,-0.0135261806049931,0.221751939337546,0.495647413871305,stable
SWSAP1,-0.0135450562168113,0.590632386446412,0.814518309106604,stable
PYGO1,-0.0135472814198135,0.648068009134116,0.847580833510842,stable
SLC16A3,-0.0135722328221809,0.832985825070868,0.938377349607433,stable
POLRMT,-0.0136063720161907,0.686677916636053,0.870651473183188,stable
DERL2,-0.0136491161363083,0.146715583085335,0.392611928116272,stable
KMT2D,-0.0136576797742992,0.736376298881308,0.894244374878314,stable
SLC7A4,-0.0136579683131239,0.291749606674025,0.574383506520097,stable
NPR3,-0.0136610163529275,0.329444658828578,0.611097345905999,stable
PRANCR,-0.0136648323703063,0.6758271644748,0.86424429946019,stable
PLEKHG5,-0.0136814597939471,0.394789546909089,0.670749166573262,stable
ZBED5,-0.0136857279335798,0.56193288432279,0.796598350685583,stable
TSNARE1,-0.0136891252676483,0.485665589280173,0.744890359267356,stable
ZBTB21,-0.0136920111578687,0.744964493098036,0.899402772414854,stable
GMFG,-0.0136985226262241,0.62994812728903,0.836918368436159,stable
HEXIM1,-0.013699389337539,0.610383077283592,0.824524801694267,stable
RALGPS2,-0.0136994069263859,0.660402615582985,0.855165420856611,stable
RINT1,-0.0137031119478096,0.00890275952930521,0.0656254100987469,stable
KIAA0319,-0.0137111899664638,0.649108664194041,0.848268581474018,stable
HELZ,-0.0137189369407794,0.946234944572986,0.980023053251926,stable
ZNF180,-0.0137349456974611,0.542446061492651,0.782679491936516,stable
FASTKD3,-0.0137397534532917,0.223841588634748,0.49793285467505,stable
ATP5A1,-0.013747598809309,0.898480072756013,0.963881176203082,stable
VPS8,-0.013750688424039,0.757128182737368,0.905812108963314,stable
PDZD8,-0.0137564914476762,0.893956609880876,0.961788990120593,stable
ERLIN1,-0.0137657481999046,0.168530517467276,0.425706729717441,stable
ZNF436,-0.0137790959663413,0.460317366440683,0.722697082888635,stable
FAM127C,-0.0137829863759268,0.882673806042748,0.958327081007776,stable
ZSCAN12,-0.0137890350004721,0.510922664573192,0.761091719685925,stable
DERL1,-0.0137894278665986,0.740369925489764,0.89620524629441,stable
PPAN,-0.0138024300190452,0.611491391702465,0.824767822152812,stable
LPP-AS2,-0.0138090898205747,0.348866573124829,0.629174533767765,stable
PAQR3,-0.0138185405155569,0.401514710670262,0.676235302181493,stable
AIFM2,-0.0138315136969769,0.573911572111192,0.804525263391565,stable
GTF2H2C,-0.0138323556630759,0.183955339268204,0.447318493577586,stable
PARD6A,-0.0138555224956227,0.392288545063801,0.668898755036951,stable
AP5S1,-0.0138577549005301,0.664123029408274,0.857530359299328,stable
XNDC1N,-0.0138747841052075,0.279158719320722,0.560553514989362,stable
PTCH1,-0.013887665090026,0.633527480565818,0.839393011319809,stable
SNAP29,-0.0138915506789196,0.532125343862516,0.77476351335399,stable
ZNF230,-0.013893625708075,0.107571380877063,0.32718401588485,stable
VIM-AS1,-0.013904244776547,0.567763576942831,0.800608688047625,stable
SLC30A4,-0.01391422670507,0.517400953818092,0.765924920218977,stable
LINC01003,-0.0139220483551269,0.697879628356158,0.876163931610284,stable
PIP4K2B,-0.013922053615179,0.858388191969834,0.947700258186349,stable
DYNLL2,-0.0139248864029893,0.553322050091011,0.790136248832939,stable
EXOC2,-0.0139317001436007,0.170433321835072,0.428943159586559,stable
TMUB1,-0.0139437964364492,0.949988910919168,0.981531959428647,stable
DESI1,-0.0139470554097813,0.665857375056447,0.858202539311645,stable
CD37,-0.0139689500674737,0.279945360699811,0.561429332290573,stable
FAM115C,-0.0139819460207068,0.00437938026508268,0.0412531859619981,stable
PDGFA-DT,-0.0139895831083526,0.322330705515647,0.603857554670233,stable
SNAPC4,-0.0139905755651597,0.600948063436928,0.819864857974667,stable
RAB2A,-0.0140004158190417,0.939202087907866,0.978050338217809,stable
LEPR,-0.0140068412649746,0.131546918577503,0.368645009787116,stable
PPP2R5D,-0.0140140411274816,0.77033839366604,0.911144003987955,stable
RBAK-RBAKDN,-0.0140265771147861,0.297773064766604,0.580012620980696,stable
GRPEL1,-0.0140277135296547,0.282880176714065,0.564099066909092,stable
BTBD2,-0.0140346966134151,0.836132178637314,0.939558745217603,stable
SHPRH,-0.0140363351910096,0.518017005030774,0.766151224379454,stable
GOLGA8N,-0.0140367140193935,0.491554534525552,0.747804513954856,stable
ACP2,-0.0140388188111535,0.551685300788834,0.789487370269574,stable
SAV1,-0.0140428898683744,0.879753934685912,0.957281275272343,stable
LINC02878,-0.0140537129496473,0.192525107094374,0.460009830565443,stable
DBNDD1,-0.0140560521047469,0.807108759904088,0.928748703856498,stable
ORAI1,-0.0140608122214922,0.370203960830698,0.650571192811164,stable
DGCR8,-0.01406769025969,0.726289889994733,0.888777278617642,stable
ZNF66,-0.0140854756908254,0.86395608735434,0.950074953026825,stable
TPM1,-0.0140859246764035,0.0339669530443439,0.160004637384994,stable
ZNF321P,-0.0141043718591763,0.233211965456304,0.510284430206857,stable
NAGLU,-0.0141129042058032,0.451480254231499,0.716723039534043,stable
LINC00961,-0.0141430933601119,0.425703674506797,0.695044973577011,stable
CTNNBL1,-0.0141697962228242,0.53153630424842,0.774433823972907,stable
POLR2D,-0.0141876007238957,0.693059334721224,0.873639512428346,stable
PCGF6,-0.0141993190619157,0.119902659577475,0.34957440393566,stable
CSTF2T,-0.0142048751571916,0.658838089012986,0.854759241287671,stable
MARK4,-0.0142131231976462,0.367477427242936,0.647757403196566,stable
ESCO1,-0.0142134085955409,0.382626047250557,0.662071874431743,stable
TTTY14,-0.0142492849257439,0.648097026409182,0.847580833510842,stable
STEEP1,-0.0142521514257244,0.662129351557832,0.856299266797118,stable
DUSP11,-0.014253440632754,0.825836388764959,0.935850933184653,stable
CD80,-0.0142773890189522,0.258517911472281,0.538712523649136,stable
GPN2,-0.0142888233464365,0.143411379759638,0.387822404554965,stable
RARB,-0.0142946744160363,0.407107821937536,0.681086102357561,stable
FASTKD5,-0.0142975606422216,0.544749502927291,0.784448195227159,stable
NUS1,-0.0143080743301115,0.421807701096029,0.69246509914725,stable
REV1,-0.014314677138949,0.720746915534799,0.886067471996831,stable
ZC4H2,-0.0143299243731452,0.00100654018557861,0.0138030136479864,stable
DUS3L,-0.0143361216410516,0.622856870508969,0.832473473114108,stable
LCIIAR,-0.0143504383862833,0.549467556976863,0.787557134653553,stable
EAPP,-0.0143642373418938,0.0103765166354904,0.072686090005835,stable
ERO1L,-0.0143672536888474,0.868138014548256,0.952015707350666,stable
SNX27,-0.0143682552984477,0.409132638971289,0.68231435061319,stable
MYO9B,-0.0143708411181756,0.863287981018005,0.950074953026825,stable
ZNF384,-0.0143802005841341,0.812424789309791,0.931129827570615,stable
PIGH,-0.0143937082269689,0.504635537756986,0.756977199410325,stable
SANBR,-0.0143967656363603,0.726216610285796,0.888777278617642,stable
PAXIP1,-0.0143985608725228,0.747263831677805,0.900333750866363,stable
NKG7,-0.0144185419053421,0.014404519974715,0.0912922316637597,stable
PPP1R3E,-0.0144243300313564,0.664080478159166,0.857530359299328,stable
DDX26B,-0.0144569557875225,0.261766787338587,0.542161506002524,stable
RCCD1,-0.0144657220513037,0.558379264419405,0.79448107869702,stable
SRGAP1,-0.0144840412829922,0.737372193742568,0.894824514912249,stable
RBBP8,-0.0144870093132916,0.838171712838719,0.940275308367928,stable
SERTAD2,-0.0144881536572306,0.690029114580431,0.872276721471685,stable
METTL16,-0.0144931106349253,0.905239984969019,0.96626332787898,stable
OCLN,-0.0145090843278022,0.264010889426667,0.545054739461506,stable
APOA1,-0.0145221972354436,0.857931527928237,0.947367208436745,stable
GNL2,-0.0145253048538788,0.692809783836578,0.873639512428346,stable
MSANTD2,-0.0145263444117023,0.594507675993245,0.817097125178932,stable
WDR19,-0.0145380399785785,0.773357891561354,0.912526344957698,stable
TTC5,-0.0145509984004143,0.475968298404085,0.736209171294046,stable
KIAA0408,-0.0145604679988151,0.445344730733125,0.712365086166151,stable
DNAJA3,-0.0145730152980468,0.465592671807168,0.727664904512936,stable
EVC2,-0.0145830908917303,0.434834723575521,0.703935857633051,stable
SLC48A1,-0.0145966638728688,0.928368922355496,0.974508274426508,stable
KIZ,-0.0146036759944936,0.747439578341653,0.900333750866363,stable
PSMG1,-0.0146044650595499,0.845472782820204,0.942458531755529,stable
RANGAP1,-0.0146135223501143,0.641807574412616,0.84468731585054,stable
ANKRD32,-0.0146294334969437,0.721640785233043,0.88656652851143,stable
GALNT11,-0.0146311754235342,0.887248483989988,0.960053595493813,stable
MPZL3,-0.014634434877667,0.897358300393679,0.963421175688929,stable
MON1B,-0.0146370175599949,0.345009503917295,0.624571528946873,stable
DCAKD,-0.0146388634775377,0.593458346169011,0.816297380845053,stable
CHCHD4,-0.0146389263684461,0.660210826698748,0.855098235385198,stable
HUWE1,-0.0146401038419062,0.863772511992327,0.950074953026825,stable
BANK1,-0.0146651190962174,0.883950291509968,0.958861333163355,stable
RNF4,-0.014672466217401,0.185654521323911,0.449750469414087,stable
ISCA1,-0.014712417599593,0.473859379746716,0.734710433539301,stable
NEBL-AS1,-0.0147125168359187,0.000227950097005819,0.00433353341492866,stable
RENBP,-0.014716563484168,0.433971790678351,0.70323483558071,stable
NCOR1,-0.0147176314729386,0.705568070732233,0.879639377524815,stable
GAS8,-0.0147259530656693,0.803935603264009,0.9269266975139,stable
FAM212B,-0.0147274261783662,0.24810630506811,0.5273607152065,stable
SMURF2,-0.0147291502165971,0.789784055447233,0.920056596383028,stable
RNF38,-0.0147402125092471,0.838278821220033,0.940275308367928,stable
TMEM61,-0.0147452582315964,0.287825984516362,0.570425556862518,stable
C8orf76,-0.0147459826940804,0.701274426282052,0.877788580320475,stable
ZNF260,-0.0147553707027632,0.796079992663841,0.923499348181627,stable
G2E3,-0.0147589014255821,0.831302017227531,0.937306012640529,stable
UTP3,-0.0147597050305642,0.847009411629952,0.943093055781728,stable
MBTPS2,-0.014764065660377,0.692908229249579,0.873639512428346,stable
MOSPD2,-0.0147690810292003,0.672987048420398,0.86259108150795,stable
CCDC61,-0.0147777080473968,0.712100571583934,0.883015177920431,stable
IFIT3,-0.0147850122333053,0.135613754332727,0.375172911674635,stable
TOMM40L,-0.014800148269159,0.341642844730674,0.621490735242686,stable
ZNF471,-0.0148082431338976,0.49526421570006,0.749920695245576,stable
POC5,-0.0148166200808326,0.667604799215142,0.859411757573331,stable
RTF1,-0.0148260754375955,0.777517867428013,0.914382538995076,stable
TTLL1,-0.0148381890868687,0.0575276494644265,0.222045464809962,stable
TTC14,-0.0148438638432049,0.905838593877379,0.96637189045661,stable
ZNF432,-0.0148479752390093,0.355124008924048,0.635451479246224,stable
RSPH1,-0.014853539966908,0.507294326932039,0.758666156427512,stable
TAF6,-0.0148633129963316,0.89851325284965,0.963881176203082,stable
BCAS1,-0.0148774651429942,0.396277178533698,0.671764281014551,stable
TSEN54,-0.0148966886980561,0.843311116374028,0.941855471536939,stable
EFNA1,-0.0148986699850013,0.985546195681609,0.994232533055583,stable
HIF1A,-0.0149098591461394,0.747143493349217,0.900333750866363,stable
PLBD1,-0.014921523345142,0.209538300239593,0.481701120689049,stable
NUP188,-0.0149333735226446,0.486550998289378,0.745370943669012,stable
RASGRP3,-0.0149520938118361,0.434165200242232,0.703317705772733,stable
GID8,-0.0149537673975299,0.898843815263211,0.963950699882196,stable
MIER3,-0.0149724539966891,0.0815231404523041,0.274528614018999,stable
NDUFA5,-0.0150087346697815,0.704623549119823,0.879179163462358,stable
BRF2,-0.0150180596285208,0.779536873690593,0.915023885538103,stable
HEXIM2-AS1,-0.0150181222264747,0.588255341563311,0.812799061294214,stable
PRKAG2,-0.0150450183868779,0.818925108729428,0.933952710571231,stable
KBTBD7,-0.0150453855097011,0.725231395129919,0.888654211511024,stable
ZNF611,-0.0150456030127913,0.733772635324896,0.893301134768601,stable
SFR1,-0.0150482961899683,0.554149252457254,0.790606963356382,stable
FKTN,-0.0150553267199081,0.659231487510237,0.854916794326876,stable
SLC4A11,-0.0150631106153878,0.237867160540757,0.514241943629049,stable
DHRS1,-0.0150636708698534,0.847687696056017,0.943336227044716,stable
CCT8,-0.015069212606777,0.0362745868755316,0.16707688810426,stable
RAB40C,-0.0150788321382825,0.897758231387641,0.963493996530512,stable
POLR3C,-0.0150801618904926,0.54391062032344,0.783866408544538,stable
BMP2,-0.0151109732108245,0.680682089778203,0.866825488639312,stable
AKT3,-0.0151123008086108,0.656210750002884,0.853807366475279,stable
TTC27,-0.0151203773643067,0.0896722881440251,0.291996284036378,stable
ZNF441,-0.0151345078313846,0.366613253546275,0.646864955448855,stable
VEGFB,-0.015136750830159,0.736144471742548,0.894244374878314,stable
ADCK1,-0.0151477140374665,0.447759293835328,0.713670809428239,stable
POLR1A,-0.0151530526384118,0.808426890048357,0.929390605092741,stable
PBX3,-0.0151649106313713,0.201496223873339,0.472943517785656,stable
MTURN,-0.0151669106757101,0.891597646227219,0.961652449637532,stable
GPER1,-0.015175896296742,0.48166050335685,0.741258717491393,stable
ABCB6,-0.0151832499872397,0.421533470917954,0.692334675097074,stable
KIAA0825,-0.0151857671181492,0.510620753151148,0.760813875676526,stable
SETD1A,-0.0151957297376299,0.712015694422079,0.883015177920431,stable
ZNF200,-0.01519928318645,0.219861437342878,0.493873367976075,stable
SLC8B1,-0.0152075764441029,0.720152301017018,0.885984473392918,stable
ZKSCAN2,-0.0152102925518387,0.453675300230637,0.717800526795148,stable
TTN-AS1,-0.0152182371585071,0.558076825755162,0.79435620843399,stable
PRSS35,-0.0152233044102213,0.207999305353931,0.480276446665367,stable
KLHL23,-0.0152239783474234,0.103942753891661,0.320453019816309,stable
SENP3,-0.015225206883043,0.38108826643557,0.660862954874224,stable
DIEXF,-0.0152355065262568,0.203877722099911,0.475065277000676,stable
LRRC2,-0.0152444660292165,9.84736687622419e-07,3.97274629356319e-05,stable
FAM63A,-0.0152455536692422,0.701821706623361,0.877858812139094,stable
MAP4K3,-0.0152587496878926,0.586233157726223,0.811751943509136,stable
PIGM,-0.0152687540271155,0.337362365173543,0.618301964965783,stable
NME7,-0.0152840952324,0.00124216008850572,0.016200442618102,stable
TRAF2,-0.0152856203848567,0.467520831511125,0.729189432452442,stable
CASP2,-0.0152873625322856,0.779181809065325,0.914782792356371,stable
CWC22,-0.0152958620945367,0.182144262060023,0.445160288014196,stable
POU5F1,-0.0152974238475597,0.0877185476113935,0.288264543907019,stable
MAP3K11,-0.0152997623263109,0.861240685526569,0.949064396904982,stable
KRT17,-0.0153203724101153,0.206787373159068,0.478887053019005,stable
NAA15,-0.0153255786798912,0.38392617131994,0.662494850115041,stable
TRMT13,-0.0153318550690408,0.777478169135099,0.914382538995076,stable
GTF2I,-0.0153348757730507,0.812128922341173,0.931129827570615,stable
ZNF414,-0.0153415317030653,0.775678744329315,0.913833816741939,stable
ZHX1,-0.0153549212693948,0.444667044617556,0.712213044209251,stable
RNPEPL1,-0.0153734585192497,0.52459719016373,0.770939655273075,stable
MAMDC2-AS1,-0.0153764487067777,0.236589636482189,0.513051572885982,stable
EIF1AD,-0.0153831061005934,0.361020296200131,0.642000596559558,stable
EFCAB6,-0.0153927782058398,0.343059546464645,0.62246695799077,stable
RNGTT,-0.0154165783984853,0.759828958636856,0.907134406717153,stable
POT1,-0.0154483575680598,0.111416814929149,0.333612946353884,stable
LY6K,-0.0154528753592091,5.28540443870129e-05,0.00128702756690607,stable
EHBP1L1,-0.015457169817972,0.709891667120628,0.881971312011642,stable
EIF2B4,-0.0154681566678731,0.089531152773401,0.291614391553971,stable
TMX1,-0.0154686565951029,0.2926114661203,0.57488796959905,stable
DCUN1D2,-0.0154767127124934,0.609549365054345,0.824057889673116,stable
DHRS11,-0.015491586029249,0.415771256249732,0.68820417554458,stable
GPR125,-0.0155008322860839,0.636565673051757,0.841230139176721,stable
HSPA9,-0.0155171062674563,0.60387115018599,0.821415780026364,stable
FAM76A,-0.0155317909262762,0.229930775596578,0.506427711872535,stable
CBX4,-0.0155385608040794,0.685626738136807,0.870098522473871,stable
FRMD3,-0.0155402804833576,0.818464008922128,0.933952710571231,stable
SEPSECS,-0.0155558458336354,0.318547791279666,0.601166839587761,stable
NAA40,-0.0155607729952969,0.57497226076191,0.80496530463586,stable
ST3GAL2,-0.0155709005554373,0.368122790295395,0.648218523274403,stable
IGHMBP2,-0.0155733299223374,0.663933719871998,0.857530359299328,stable
ATXN10,-0.0155745197914255,0.959617838368813,0.984623750652231,stable
PALS1,-0.0155903257314197,0.582378050497013,0.809620071565505,stable
RRP7A,-0.0155983741156019,0.0422117558625843,0.18317234776863,stable
PHB1,-0.0155998515962511,0.187764346128118,0.452887010076975,stable
TMEM104,-0.0156033707190178,0.390784474832799,0.667917983830555,stable
RNF185,-0.0156100918292448,0.386521114281753,0.664892266085126,stable
PARP2,-0.0156149811985371,0.817299586354092,0.933433313130128,stable
DIS3L,-0.0156174222339802,0.42990994617682,0.699111238800777,stable
VPS33A,-0.0156234005908035,0.470887878811307,0.732071821156161,stable
C9orf78,-0.0156525126471967,0.869696327271451,0.953121944009698,stable
TMPRSS6,-0.0156532385210474,0.16772084916578,0.424827944509427,stable
NANOS1,-0.0156593807582579,0.195095905424815,0.46406934187837,stable
TERF2,-0.0156638787729699,0.559528794434889,0.794849504145506,stable
RGN,-0.0156784522504839,0.146583708644189,0.392611928116272,stable
VRK2,-0.0156922260189664,0.717628605945729,0.885496058128456,stable
AZIN1,-0.0156925666364603,0.836333336609354,0.939558745217603,stable
ATOSB,-0.0156985754923812,0.579726740457341,0.807818514001755,stable
TRIM21,-0.0157001734686123,0.832784915525333,0.938245420035176,stable
FBXO17,-0.0157066619662137,0.506696432977073,0.758214860657576,stable
BFSP1,-0.0157134644888407,0.288651838398264,0.571228763571373,stable
CSRP2BP,-0.0157151171082825,0.669503221175256,0.860037745955168,stable
MSRB2,-0.0157266564104821,0.922386005692815,0.972969822290871,stable
FAM83H-AS1,-0.0157376158945487,0.519739648017828,0.76786287857988,stable
SARNP,-0.0157590033804418,0.506172454536202,0.758080382780021,stable
RPIA,-0.0157652422916016,0.448034259016657,0.71386480477315,stable
ZNF131,-0.0157727264397748,0.209369524239003,0.481701120689049,stable
GALK2,-0.0157860871247636,0.700531551417305,0.877207302245968,stable
PLK3,-0.0157933961837704,0.675010430992172,0.863802414583358,stable
FAM179A,-0.0157963995061318,0.079196993587915,0.269516717599853,stable
MYZAP,-0.0158213008346391,0.42433472451559,0.694077795179427,stable
B3GALT4,-0.0158238687080391,0.770825053915626,0.911497960847512,stable
PRAG1,-0.0158272244088944,0.877253868945025,0.956605824619445,stable
LCA5,-0.0158283895997008,0.476194925505166,0.736277102121825,stable
LRRC8B,-0.0158299033663294,0.640085203334023,0.843874193869187,stable
SH2B1,-0.0158302964815565,0.0336175170150067,0.159094281065212,stable
COG8,-0.0158403727895971,0.672920936198006,0.86259108150795,stable
RGPD5,-0.0158553088039415,0.438170072258967,0.706994583328091,stable
KDSR,-0.0158605625693938,0.943857484199314,0.97961891259615,stable
ABCC5,-0.0158654526412105,0.842400840542889,0.941855471536939,stable
CSRNP3,-0.0158792184758617,0.288360070252343,0.571021140250225,stable
IQCB1,-0.015880618651526,0.538322002153368,0.77930461325471,stable
USP8,-0.0159065680090154,0.790671584640445,0.920141798423914,stable
SCHIP1,-0.0159089575369783,0.6806132649454,0.866825488639312,stable
MRM1,-0.0159123333742149,0.286282383990777,0.569212079034363,stable
APLP1,-0.0159164308757053,0.302505467958249,0.585014143960126,stable
PTPRN2,-0.015924854575457,0.23676280198933,0.513336021908047,stable
CNOT10,-0.015942076412419,0.702408382287559,0.877858812139094,stable
SERINC3,-0.0159454380326033,0.00459958213887602,0.0424769253195599,stable
PLIN2,-0.0159595644275813,0.746090562644921,0.900050433018012,stable
DRG2,-0.0159632456437641,0.0541170670512932,0.213261595388783,stable
FLT3LG,-0.0159735465408814,0.0309581104245726,0.151312251831258,stable
NKIRAS1,-0.0159737183711445,0.00107427901206724,0.0145587435072172,stable
CAPN10-AS1,-0.0159769697996221,0.126112234935733,0.360522909226941,stable
AMACR,-0.0159876151847858,0.504197572730039,0.756669066616843,stable
NCMAP-DT,-0.0160116141982924,0.291808275765365,0.574406499670824,stable
PUM1,-0.0160157872712779,0.642049748974695,0.844730779757674,stable
ARHGEF10,-0.0160351584792282,0.733913454090961,0.893340588427588,stable
ARL3,-0.0160616344015181,0.936115150877644,0.977455505622988,stable
CYP4F33P,-0.0160718360909545,0.384232138194258,0.662739875345269,stable
MALT1,-0.0160778470766334,0.626916441541581,0.834977836282882,stable
RBM43,-0.0160808969627989,0.00434531606853023,0.0410788548182429,stable
BTBD10,-0.016085313356467,0.825241851652495,0.935818786487049,stable
SUPT7L,-0.016088147500056,0.543455907292293,0.783596767536335,stable
YES1,-0.0160901631781347,0.89116327490876,0.961652449637532,stable
ING1,-0.0161012506009201,0.712855879874666,0.883528430909791,stable
RUSC1,-0.0161044193616515,0.546188240097219,0.785021169541259,stable
TPT1-AS1,-0.0161079523610842,0.584071268118117,0.810407769955977,stable
GSPT2,-0.0161314605201327,0.0811546645369879,0.273674492022929,stable
SIN3B,-0.0161332318138657,0.820427089199312,0.934311602233313,stable
DZANK1,-0.0161379829300088,0.380844112046811,0.660862954874224,stable
CREB3L4,-0.0161495319953381,0.00119524410088419,0.0157273023565214,stable
SLC25A30,-0.0161607923794821,0.170942656429041,0.429517581128181,stable
CNOT6,-0.0161680541900736,0.236861229385551,0.513360302002701,stable
OAS3,-0.0161832195448258,0.623707207950065,0.832484582412062,stable
RBM33-DT,-0.0161900066289475,0.162471105748096,0.416624039577245,stable
FBRS,-0.0162052555341168,0.599100696715222,0.819184161633394,stable
APITD1,-0.0162171736088143,0.205959629084364,0.477460744533901,stable
KDM3A,-0.0162522957758218,0.693924113209576,0.874063274863137,stable
GPR89B,-0.0162534915277307,0.256438043207076,0.536396071212064,stable
SHROOM1,-0.0162836134909656,0.11224422608233,0.335123449777775,stable
ZNF219,-0.0162922809644191,0.741560142842201,0.897152730216059,stable
VPS37C,-0.0163007696124616,0.676360141789191,0.864473690216548,stable
POLR1H,-0.0163009632253184,0.0610411107479167,0.229731076903489,stable
CIR1,-0.0163031447297784,0.937943584313738,0.977944590127187,stable
EPHX3,-0.016313310953586,0.261972308522083,0.542403370490166,stable
DCUN1D4,-0.0163143421133455,0.755130905404151,0.904529170765344,stable
ZBTB6,-0.0163337659326117,0.160002861692333,0.412236986447566,stable
SS18,-0.016339727214353,0.898375526154011,0.963881176203082,stable
MAPK9,-0.0163421611343234,0.843713207423896,0.941855471536939,stable
CST5,-0.0163457401501128,0.223067800982483,0.497455606118969,stable
VPS26B,-0.0163511125679642,0.494356140744896,0.749567038509751,stable
STIP1,-0.0163554030184153,0.794880462002816,0.922959488755479,stable
MINA,-0.0163584342449339,0.537904637968688,0.778884896295811,stable
TANGO2,-0.0163923433392845,0.00608154626819875,0.0513595434901528,stable
WDR43,-0.0163939274332753,0.579536564091837,0.807795692976952,stable
NOL10,-0.0164011188170013,0.571848033121474,0.802736253672532,stable
TBC1D15,-0.0164157285250439,0.900961473011738,0.964898637295907,stable
NRAS,-0.0164264753654123,0.0819810966147889,0.275691038519719,stable
L3MBTL4,-0.0164385604526998,0.730797116731592,0.891276459635537,stable
CACFD1,-0.0164452491232337,0.0910389854864468,0.294797498963265,stable
RNASEH1-DT,-0.0164488980503894,0.608282464482927,0.823711625771496,stable
HCG11,-0.0164524329141179,0.0266795542786735,0.137549924716367,stable
RRM2B,-0.0164527752827031,0.236266753720417,0.512841382466536,stable
CUL4B,-0.0164605796683782,0.771372250412761,0.911743800913323,stable
POU2F1,-0.0164724142921538,0.458101896122208,0.720882262177944,stable
DNAAF10,-0.0164747654001823,0.508334912450076,0.759086974076438,stable
HTT,-0.0164760889871496,0.778769414056231,0.914671133313235,stable
CHI3L2,-0.0164901537677156,3.20018168763733e-07,1.4173558315101e-05,stable
HSF4,-0.0165103225298928,0.596367909925682,0.818181967556851,stable
WRN,-0.0165128967191509,0.692682109679328,0.873639512428346,stable
RGS6,-0.0165434586748818,0.101922827757134,0.317185500637274,stable
UBE2N,-0.0165449423674972,0.523979608045756,0.77071958114984,stable
ID2,-0.0165506904471541,0.435362442563906,0.704510259187344,stable
CDK7,-0.0165575525461923,0.768184002584342,0.910451238362745,stable
CACUL1,-0.0165623189464515,0.108249738945834,0.328156321217929,stable
DNAJC7,-0.0165645102755155,0.312972617468516,0.596101164838757,stable
TTC32,-0.0165661489139871,0.821411369443269,0.934822882420121,stable
P2RX4,-0.016573742718622,0.848775615829117,0.94399355180558,stable
IFT70A,-0.0165785776562222,0.459052595158552,0.721786218549624,stable
MGAT2,-0.016585167332709,0.213743002443011,0.486782116518849,stable
NFKB2,-0.0165904711241671,0.828616900338626,0.936412634041397,stable
XYLT2,-0.0166020956174933,0.00062021733177219,0.00952454354721514,stable
ACYP1,-0.0166126313893068,0.842888521409423,0.941855471536939,stable
PPP1R21,-0.0166130391193451,0.213445457809938,0.486782116518849,stable
CPOX,-0.016623064159855,0.513043245761455,0.762856177616839,stable
POLD1,-0.0166415210168301,0.0134897961141911,0.0870526690712075,stable
PSMD12,-0.016681529482914,0.924381590687616,0.973771162061825,stable
GBA1,-0.0166901366872561,0.0480060378658742,0.198018471996572,stable
UBE2V2,-0.0167187760997148,0.534770718520583,0.777016196742614,stable
KIAA1715,-0.0167223638037604,0.800421927332989,0.925672435167309,stable
SAMD10,-0.0167320928074997,0.342601998026603,0.622283331928261,stable
GNPTG,-0.0167423863003021,0.162214409315874,0.416307672921764,stable
MTMR9,-0.0167425582679103,0.223679681477886,0.49793285467505,stable
MAGEH1,-0.016750143071268,0.158416717159406,0.409838296414091,stable
EHHADH,-0.0167539169771467,5.77534401434377e-09,3.50639568243397e-07,stable
LYSMD3,-0.0167578435804233,0.46652504057021,0.728420244722218,stable
THAP5,-0.0167629160696602,0.486459389983816,0.745370943669012,stable
RABL3,-0.0167635804965316,0.686219282226292,0.870340787085931,stable
WWC2-AS2,-0.0167644348070523,0.373554694780673,0.654202376647414,stable
ZNF568,-0.0167756125855982,0.144757044654617,0.389810045964332,stable
LASP1NB,-0.0167809579115511,0.246891164388978,0.526058496337957,stable
AMY2B,-0.0167816623685179,0.196211023296296,0.465371915690331,stable
MFI2-AS1,-0.0167867429246502,0.184271727283683,0.447770046296639,stable
GOT1,-0.0167867857545637,0.670125505819647,0.860644482363876,stable
SOCS5,-0.0167976431968095,0.797250651228937,0.923716965938172,stable
ZNF235,-0.0167989892004847,0.169571106710311,0.427212944853018,stable
ZNF165,-0.0167996862716814,0.519948887853967,0.767875142456692,stable
C6orf120,-0.0168175552304355,0.527108486410692,0.771772809803131,stable
TCF4,-0.0168218674336137,0.100720805301517,0.31515523457051,stable
FAM47E,-0.0168399250870496,0.317581905702404,0.600761562257224,stable
GSTM2,-0.016854217671182,0.679028111864763,0.86559677931336,stable
ST6GALNAC2,-0.0168571691862932,0.0242382182292889,0.129157794086673,stable
SART3,-0.0168625611304134,0.486832592789054,0.745370943669012,stable
CHST3,-0.0168636435020069,0.49859758007372,0.752544365825553,stable
MPND,-0.0168642452106055,0.00455168711294979,0.0422473980779789,stable
COQ2,-0.0168673920415095,0.013463598007595,0.086986798120952,stable
ZNF506,-0.0168749005888328,0.293772240613308,0.576416030378343,stable
ZNF606,-0.0169084893257658,0.656725791535313,0.854204732467298,stable
GTF2E1,-0.0169134998760727,0.175976824683243,0.436602538040991,stable
ZNF782,-0.0169145083284441,0.296844391781283,0.579005240966078,stable
B3GAT2,-0.0169240805488033,0.47143598938363,0.732322947311884,stable
CYTH3,-0.0169339848816867,0.8207231293364,0.934474621181832,stable
JMJD1C,-0.0169422562769643,0.427738546062767,0.697007367045485,stable
VWA8,-0.0169546094264679,0.280025739444996,0.561429332290573,stable
POMT1,-0.0169721688773875,0.79834710609339,0.924409872585545,stable
MSL2,-0.0169742353992259,0.228113949691139,0.503744348614803,stable
PHF5A,-0.0169869059329546,0.772723890948958,0.912170525039587,stable
GATAD2B,-0.0169884052908762,0.413630900446721,0.686427386242292,stable
HPS3,-0.0169933186803187,0.764605723330444,0.909638964670691,stable
SMC1A,-0.0169940284269236,0.702992069826574,0.87797128224157,stable
UBE3D,-0.0169990847331865,0.316302613671686,0.599615385442477,stable
MAST2,-0.0170046507088915,0.731094261360321,0.891372057736741,stable
CEP85L,-0.0170219740975096,0.152072673018576,0.400378688531747,stable
MAP3K1,-0.0170346225781229,0.600696958840716,0.819743130444437,stable
FAM89B,-0.0170423450733229,0.449017052477321,0.71487163968257,stable
RBM47,-0.0170578578222673,0.685094033286804,0.869582576214657,stable
MCPH1,-0.0170590235103655,0.338687919643099,0.619500393493526,stable
ANKRD54,-0.0170629548317402,0.507556595816769,0.758666156427512,stable
IQGAP1,-0.0170638380847825,0.711341376911745,0.882875113348479,stable
EYA3,-0.0170920808246288,0.747515954254278,0.900333750866363,stable
PABIR2,-0.0171079180094479,0.465743636527259,0.727664904512936,stable
FAHD1,-0.0171152945955982,0.155427059292285,0.405788630248703,stable
DCLRE1C,-0.0171194170365319,0.535016747241814,0.777115936687729,stable
RAB40B,-0.0171267496150599,0.24821175390419,0.527401439201254,stable
PCLO,-0.0171270396036737,0.66566497636979,0.858202539311645,stable
CACNB3,-0.0171605120230352,0.132824524202752,0.371373967029835,stable
ZNF267,-0.0171722783268595,0.199646820347858,0.470070263461324,stable
IGSF8,-0.0171738791710356,0.744200120469751,0.8989231494686,stable
THAP1,-0.0171792317462316,0.720024994880522,0.885977187947614,stable
IMPACT,-0.0171874091740281,0.180726226422159,0.443168985312832,stable
TIMM23B,-0.0171901090399108,0.614310818739689,0.826505731043138,stable
C15orf39,-0.0171945941981568,0.739047238938609,0.895441911862975,stable
IRF2,-0.0172115640274388,0.434457810572341,0.703631985154094,stable
REST,-0.0172244475239655,0.523138818819649,0.770092596489812,stable
JRKL,-0.0172324170158269,0.170751760204807,0.4293909723809,stable
TRIM65,-0.0172343477447042,0.756233479442069,0.905301949705956,stable
BANCR,-0.0172375755735668,0.312760335013315,0.595918657201452,stable
STAT1,-0.0172514193474829,0.296181618707845,0.578358483559856,stable
ETFDH,-0.0172533586575507,0.84478104565241,0.942227484038095,stable
UCKL1,-0.0172584369848776,0.577116664122203,0.806544189354539,stable
ZNF324,-0.017279947669331,0.570648496364943,0.802070509321038,stable
SULT1A2,-0.0172833742952916,0.702488129936569,0.877858812139094,stable
GGTLC2,-0.0172871091590519,0.127341600900055,0.362426945146047,stable
IFIT5,-0.0172902800556158,0.54341481216855,0.783596767536335,stable
TMEM88,-0.0172935475897938,0.200350417337687,0.471128991822527,stable
ZSCAN32,-0.0173366476591598,0.332448250897738,0.61350353547312,stable
LCLAT1,-0.0173469884659345,0.758829043298464,0.906599052402916,stable
CAPN9,-0.0173804684797902,0.612842136151793,0.825541795977962,stable
CPNE8,-0.0173929003593479,0.00538445744190014,0.046680572886374,stable
TTI2,-0.0174124165697585,0.337543582248777,0.618440723550377,stable
SLC36A4,-0.0174183137309907,0.6624980889586,0.856393820937994,stable
TLE6,-0.0174333921185658,0.282185306444225,0.563540791696489,stable
MATCAP2,-0.0174344948239767,0.322327803236371,0.603857554670233,stable
VPS37A,-0.0174387745155296,0.838917490965682,0.940507104068627,stable
C11orf35,-0.0174485277358163,0.221555730894505,0.495480653943364,stable
NRXN3,-0.0174695671126644,0.209252732910741,0.481701120689049,stable
ZNF16,-0.0174710641615179,0.439896864438222,0.708395094005128,stable
CCDC144A,-0.017480714284548,0.5525537508668,0.789713205962325,stable
CWC27,-0.017488242408812,0.83055773996031,0.936950613003778,stable
ZSCAN18,-0.017521377628489,0.499618441426731,0.75334104206246,stable
CTC1,-0.0175626561950981,0.581385518490364,0.808700111291103,stable
PITRM1,-0.0175735586614658,0.913702039494942,0.96844652135491,stable
CTU2,-0.0175898466548922,0.397259737790653,0.672412898390679,stable
ZNF880,-0.0175998569962402,0.240333558210552,0.517224897106653,stable
ZNF649,-0.0176056269542999,0.0910966555853568,0.294906122318697,stable
LRRC3,-0.0176332973881638,0.0106589767589276,0.0739893991488533,stable
RARRES1,-0.0176427345595031,0.26578076403598,0.547229924132695,stable
TEX2,-0.0176454039145297,0.451393087707599,0.716723039534043,stable
CKLF,-0.0176457076458716,0.699365117456474,0.876409779222512,stable
DPP3,-0.0176607451073921,0.65429354667299,0.851856887264952,stable
CERCAM,-0.0176766198456072,0.574333320126794,0.804684743922734,stable
ANKRD42,-0.0176873269628932,0.47424657956324,0.734937904231877,stable
VTA1,-0.0177006291321682,0.620137862944732,0.830564172639369,stable
MAN2A1,-0.0177036490703048,0.602808587511131,0.820863544997826,stable
THOC7,-0.0177255802164983,0.949176667932074,0.981531959428647,stable
TRAK2,-0.0177271923126178,0.770296464878356,0.911144003987955,stable
FAM210A,-0.0177407818356845,0.620205314778482,0.830564172639369,stable
U47924.27,-0.017740958473312,0.134247142658843,0.373235691946964,stable
NUDT14,-0.0177436621605561,0.809631379596321,0.930250397987163,stable
KLHL2,-0.0177661602900842,0.635818003008428,0.840878423539438,stable
C19orf12,-0.0177700010032205,0.731720177362292,0.89187207134005,stable
KNDC1,-0.017773472805118,0.306923715048656,0.59046828655253,stable
LDB1,-0.0177769978904528,0.0137430536860558,0.0882327144214001,stable
CTNS,-0.0177788955521036,0.599108835487774,0.819184161633394,stable
DICER1-AS1,-0.0177792683265945,0.42390317960172,0.693922720383373,stable
CHAC1,-0.0177838233791597,0.219949489422412,0.493949609303095,stable
SLC25A24,-0.0177979356444057,0.960463419053201,0.985198790962606,stable
URGCP,-0.0178103461950787,0.494612689150369,0.749584120031503,stable
ZNF264,-0.0178322261927632,0.759303751848481,0.906861657312734,stable
CD9,-0.0178365675974197,0.605327479235455,0.822396609460654,stable
C21orf91,-0.0178377058166816,0.44287098653579,0.710307297563252,stable
HES6,-0.017844155700968,0.333513343576101,0.614285615232675,stable
ZFAT,-0.0178511911795671,0.000341443081106998,0.00597110189335042,stable
NAA25,-0.0178612751761388,0.045769769931262,0.192099509075573,stable
MB21D1,-0.0178698350709032,3.76552466079057e-05,0.000949067493886678,stable
USPL1,-0.0178737187949837,0.232102959968213,0.509246725227569,stable
AP5Z1,-0.0178846594585905,0.557195267964191,0.793844175432647,stable
SNN,-0.0178963321215279,0.412019580668487,0.68494780232838,stable
PRR5,-0.0179143047220242,0.134171783560747,0.373177675141426,stable
ARFGAP1,-0.0179333592873857,0.838162070899742,0.940275308367928,stable
SLC4A8,-0.0179377850996891,0.276720768192365,0.557730366097851,stable
GMEB2,-0.017939586348804,0.553849946465836,0.790456712854452,stable
CNOT1,-0.0179539747513041,0.515317247675739,0.764557146974488,stable
PLCD3,-0.0179690997120644,0.150377770067639,0.398231364934459,stable
CPEB3,-0.0179720031206676,0.244764411628809,0.523076952403944,stable
SDCCAG3,-0.0179820348275494,0.138726394143569,0.380191867207122,stable
DDX19B,-0.0179886322134292,0.0720605088560662,0.253925529044841,stable
NOTCH2NL,-0.0179889624837577,0.677083445310496,0.864750964754659,stable
FBXO38,-0.0179917889200651,0.814682710860116,0.932164154705177,stable
COLGALT1,-0.0180388370776177,0.772723158330986,0.912170525039587,stable
FDX1,-0.0180416526572094,0.880477740483813,0.957289503662979,stable
HS2ST1,-0.0180456103605242,0.272644984116003,0.554913800505165,stable
VGLL3,-0.0180473619133942,0.311753351269662,0.595288167466015,stable
PCNT,-0.0180482384369959,0.690747676686226,0.872705081575481,stable
ZNF582,-0.0180496782436929,0.116179739224803,0.34283056523551,stable
DPY19L3,-0.0180604032756326,0.608730353569444,0.823868839926208,stable
POLE,-0.0180710816574277,0.620798104690193,0.830979523259121,stable
LRFN3,-0.018087655996755,0.479118413340664,0.738607917273915,stable
ADPGK,-0.0180955252069235,0.694491871118851,0.874103660725478,stable
DCTN2,-0.0181034960310702,0.557634193804105,0.794096037402304,stable
BRPF1,-0.0181133830964829,0.474234681032187,0.734937904231877,stable
C4orf32,-0.0181240015617736,0.699062563549376,0.876355325282287,stable
KHNYN,-0.0181556847086353,0.725609303347647,0.888777278617642,stable
EXOSC2,-0.0181569668930836,0.517807283542152,0.766050077554734,stable
GIGYF1,-0.0181679440904959,0.843305823532017,0.941855471536939,stable
FAM131A,-0.0181711107651402,0.700262321649503,0.877049858590526,stable
CTA-217C2.1,-0.0181723525793536,0.214387618733632,0.487385949674524,stable
WDR5B,-0.0181767401865813,0.0736600736769602,0.256969389448391,stable
ZDHHC23,-0.0181819761733653,0.649335799948179,0.848279156904289,stable
E2F4,-0.0181846226820104,0.525524469577995,0.771097241162094,stable
KIAA0586,-0.0181984645835171,0.684126075231795,0.868948165381698,stable
C5orf28,-0.0182006563137334,0.588580574435803,0.813064633506978,stable
RNF169,-0.0182017435997522,0.759009710593214,0.906599052402916,stable
THAP8,-0.0182049155408607,0.140332521704968,0.38323522250383,stable
UBN1,-0.0182071177696088,0.828399007231493,0.936412634041397,stable
SPTY2D1,-0.0182283004731139,0.844414654717905,0.941971595115137,stable
NUP155,-0.0182440526140936,0.00867877590593187,0.064634979263213,stable
KIAA2013,-0.0182484645049097,0.846973150040767,0.943093055781728,stable
PARD3B,-0.0182510494569056,0.615751566944613,0.827704896685484,stable
TRUB2,-0.0182602352496931,0.827017941212152,0.93590577110693,stable
CCL21,-0.0182606711711775,0.309972809205772,0.592974588377365,stable
C19orf73,-0.0182632897890585,0.20255368873508,0.473976151439988,stable
TOPORS-AS1,-0.0182761788926491,0.738526551545072,0.894988457032513,stable
HELB,-0.0182873300576537,0.173972358630022,0.434007777937426,stable
COA6,-0.0182893932043607,0.781550100021827,0.916416197300071,stable
ZNF561,-0.0182957722463952,0.6685955823265,0.859625288951437,stable
FNDC4,-0.0183057954830518,0.280886893308839,0.561957673290876,stable
C4orf36,-0.0183078032114124,0.181669263737709,0.444500616479134,stable
SLC5A6,-0.0183237284972777,0.432292605590628,0.701399629776989,stable
STIM2,-0.0183248365810107,0.270154655752544,0.552072931515202,stable
POLDIP2,-0.0183299012584352,0.580278300616929,0.808171578755992,stable
ZFP30,-0.0183541198274245,0.511668278104631,0.76146007201741,stable
MACROD1,-0.018363925096476,0.707568838822118,0.880696618039056,stable
SNRNP48,-0.0183819051339079,0.507234009125475,0.758666156427512,stable
DDX11,-0.0184063638839582,0.122711356689606,0.355091379055233,stable
ECHDC3,-0.0184245959377639,0.521666311698449,0.769304625968749,stable
FBXO11,-0.0184354105881768,0.787002108091741,0.918809430094864,stable
SETD7,-0.0184418458904027,0.740510890419132,0.896238131136977,stable
FUT11,-0.0184542557266149,0.576124113726573,0.805967173975009,stable
NIPAL2,-0.0184914460518878,0.646367961892032,0.847284843827468,stable
HELZ2,-0.0185377246323439,0.716627631133375,0.88503295241204,stable
RBBP4,-0.0185404449120055,0.916815392547791,0.970064170215892,stable
APOL3,-0.0185538091312707,0.453544531599083,0.717713302969742,stable
FKBPL,-0.0185602796446145,0.445533818640888,0.71252468320862,stable
AASS,-0.0185833046797329,0.571245417961047,0.802438991922104,stable
CSRNP1,-0.0185893769123009,0.749905975478135,0.901539205767577,stable
RNF34,-0.0185909524818556,0.385315153198595,0.663767253762631,stable
ZNF776,-0.0185978318672551,0.336461816581366,0.617553940824418,stable
NAPB,-0.0186093813764074,0.284755109969115,0.566820788839353,stable
LSM14B,-0.0186132515724442,0.542866587161743,0.783101387947268,stable
C5orf22,-0.0186157394471873,0.45043056645008,0.71637564978998,stable
BCL3,-0.0186163193961606,0.358293303812957,0.63910365472196,stable
CEP78,-0.018622028274032,0.53985318577169,0.780667187620198,stable
WDR44,-0.0186335424611813,0.746324255828284,0.90015468211593,stable
ERCC6,-0.018643980757727,0.00357037016003604,0.035715388573061,stable
PDE4A,-0.0186569276920374,0.533552139640032,0.775798900316373,stable
CSNK1G2,-0.0186730829485164,0.157225821197914,0.408010140808446,stable
ANKRD36,-0.01867484426169,0.493270590516392,0.748756947531649,stable
NOC4L,-0.0186980302131416,0.538967113833903,0.780053753197445,stable
DGKE,-0.0186991010796623,0.234572280974295,0.51141645121798,stable
CEP68,-0.0187049914984572,0.415018512136065,0.687768581333121,stable
C6orf132,-0.0187163017658882,0.825229632110239,0.935818786487049,stable
POMGNT2,-0.0187264618135019,0.00331785991847695,0.0337406390912727,stable
SCCPDH,-0.018728107423271,0.490866647789489,0.747297323197921,stable
DBP,-0.0187290234923871,0.402079974728652,0.677000772876451,stable
ZSWIM8,-0.0187521999611936,0.632416314024565,0.838794524506132,stable
VDAC3,-0.0187765096595305,0.282343931462671,0.563673398366764,stable
SLC38A10,-0.0187811174804706,0.12825488479261,0.363389709473168,stable
ZNF821,-0.0187862809499323,0.710161618583505,0.882217035118371,stable
FBXO31,-0.0187938491128922,0.567737022995537,0.800608688047625,stable
DDX47,-0.0188040790362485,0.306653465211893,0.590403987707559,stable
LANCL2,-0.0188175161865864,0.509198463414096,0.760005130253225,stable
AIMP2,-0.0188205347135522,0.795361257333432,0.923080491669529,stable
CARS1,-0.0188262888336598,0.280075699560368,0.561437414140035,stable
SP4,-0.0188327569342056,0.15877243196191,0.410400172637221,stable
RNF39,-0.01883565986611,0.373674250767499,0.654266532890335,stable
SKIC8,-0.0188505170275262,0.536042830502192,0.77771722623608,stable
TCTN3,-0.0188597148679088,0.825476348866044,0.935850933184653,stable
LLPH,-0.0188748846902365,0.540888879408502,0.781698607254571,stable
METTL22,-0.0188928261780017,0.598432579380711,0.819001516098836,stable
KIF13B,-0.0188938106214232,0.647514036722305,0.84751943696922,stable
VPS18,-0.018893910383065,0.395128606967794,0.671099118392309,stable
PTPRU,-0.0189210543616039,0.280599942014101,0.561629631791246,stable
SNIP1,-0.0189231193818371,0.177051988878085,0.438380294114992,stable
ZNF26,-0.0189327013082702,0.466162258075192,0.728060841470789,stable
PFKL,-0.018947141196928,0.515210698015634,0.764557146974488,stable
INTS7,-0.0189650911477915,0.3929937811815,0.66952213546201,stable
RAPGEF4,-0.0189700141401689,0.496276257374796,0.750709190712722,stable
LINC00680,-0.0189830663440698,0.223089956867162,0.497455606118969,stable
PPP1R9B,-0.0189915832865585,0.000105630518818773,0.00229513127099077,stable
CCDC102B,-0.0190031685012965,0.000209047357092968,0.00404820411348643,stable
ZNF507,-0.0190079420418005,0.320807711750436,0.602807641241152,stable
MAPK13,-0.0190085053097174,0.900917956145296,0.964898637295907,stable
TXLNG,-0.0190100834501727,0.770071198195307,0.911144003987955,stable
NXF1,-0.0190140539035515,0.270165271296134,0.552072931515202,stable
VAMP8,-0.0190231617696517,0.966068718407673,0.987145700394165,stable
TMEM187,-0.0190296451573196,0.309757972115384,0.592934771553156,stable
TTC9C,-0.0190304890234094,0.112698635235122,0.335701526315751,stable
HERPUD2,-0.0190651932620268,0.830621145602383,0.936950613003778,stable
ABHD15,-0.0190742187377993,0.181227335783329,0.44395249551411,stable
KATNIP,-0.0190774051280132,0.199456396370843,0.469886263544403,stable
KLC1-AS1,-0.0190943750168937,2.78679129241037e-06,9.87412659664475e-05,stable
BRE,-0.0190951768282126,0.768977323740325,0.910547965388189,stable
MED12,-0.0191064441726874,0.00532258159570781,0.0462451801219383,stable
C2CD5,-0.0191341272168982,0.75193806541434,0.902916592497534,stable
AP3D1,-0.0191823778171708,0.78777876754499,0.919225625665327,stable
KPNA2,-0.0192243306219771,0.0138771433076973,0.0890001048233427,stable
PRRT3,-0.0192245752585596,0.113753769267857,0.337945073835324,stable
KLHDC3,-0.0192446878086216,0.504308105411772,0.756678811900515,stable
MSL1,-0.0192505940087834,0.847049461296168,0.943093055781728,stable
NDUFAF7,-0.0192570818718721,0.368249610863041,0.648348443495579,stable
ACAD9,-0.0192611648885294,0.085884617394938,0.284073511950252,stable
LGR4,-0.0192621410740655,0.438542450645977,0.707332871635216,stable
TCOF1,-0.0192663111933665,0.458563407901607,0.721240233940973,stable
G6PC3,-0.0192741009594251,0.816964190599582,0.933433313130128,stable
THOP1,-0.0192938411143442,0.00838426425805683,0.0632649668459794,stable
ZFP64,-0.0192939327271717,0.132633315642768,0.371009073322014,stable
HEATR1,-0.0192967838859109,0.485183007219024,0.744617335875122,stable
POFUT2,-0.0193160329923558,0.597699297040145,0.818355309925933,stable
CRYBG3,-0.019325039330586,0.520882638904215,0.768808183767825,stable
FAM84A,-0.0193276168739216,0.634799116501321,0.840076258537637,stable
CDKL1,-0.0193404925691656,0.248910246032145,0.528426336835175,stable
DTNBP1,-0.0193575542835829,0.676893987935627,0.864750964754659,stable
KLHDC1,-0.0193627354327784,0.397233841950481,0.672412898390679,stable
KAT7,-0.0193649253368561,0.735692405573259,0.894087189491917,stable
KIAA1467,-0.0193690095640692,0.486541701347546,0.745370943669012,stable
PNPT1,-0.0193739847967842,0.876971381114711,0.9564684299381,stable
ZNF25,-0.0193763692815408,0.160912487738315,0.41366861201118,stable
IPO8,-0.0193862946174554,0.611375815844011,0.824703660807809,stable
MOK,-0.0193907970242346,0.762320567531039,0.908600489225763,stable
IFT70B,-0.0193983850781851,0.322611179868437,0.604105248577171,stable
APPAT,-0.0194022714469166,0.554560416615965,0.791101240834817,stable
GORAB,-0.0194114479287179,0.657222336524665,0.854355424132687,stable
RABGEF1P1,-0.0194116231049387,0.0515529096128482,0.207232104061664,stable
TMEM106B,-0.0194239424521883,0.683883877047695,0.868821088446375,stable
CCDC54-AS1,-0.0194396450782691,0.088430429392411,0.289649938074178,stable
TBC1D24,-0.019480729209245,0.541333845747373,0.781905344489648,stable
CIBAR1,-0.0194840893873432,0.66016249678525,0.855098235385198,stable
GPR155,-0.0194842924094673,0.60144159896816,0.820371632874841,stable
TMEM115,-0.0194844075267921,0.90701826636521,0.96637189045661,stable
KIAA0391,-0.0194900681345359,0.12192375590897,0.353593355215007,stable
ECD,-0.0195005980654168,0.630606816581269,0.837348483430467,stable
ARHGEF10L,-0.0195039422391092,0.528176810641616,0.772577878818131,stable
DNAJA2,-0.0195054824520278,0.58664584061226,0.812043795226391,stable
ARL14EP,-0.0195072296772683,0.707061032478306,0.880512842401672,stable
YIPF5,-0.0195130425393268,0.524092296873232,0.77071958114984,stable
PCYT1A,-0.0195178437664648,0.41303804200059,0.685815950205815,stable
ERCC6L2,-0.0195298523158317,0.668792689848224,0.859625288951437,stable
DZIP3,-0.0195401591792358,0.612331752751822,0.825263874932554,stable
MST1,-0.019548570983326,0.52844119380202,0.772611097706959,stable
ESF1,-0.0195576720111773,0.910539324006321,0.967596159570772,stable
FBXW2,-0.0195864154994363,0.905242921984216,0.96626332787898,stable
CUEDC1,-0.0196368491170764,0.746865863241489,0.900333750866363,stable
BABAM1,-0.0196422099365249,0.234246654358236,0.511151797926666,stable
ZNF8-DT,-0.0196479051402165,0.345036938398089,0.624571528946873,stable
SMAP2,-0.0196677705908231,0.583508839079123,0.809994554724415,stable
C1orf52,-0.0196757272337679,0.641780694270186,0.84468731585054,stable
ARHGEF35,-0.0196759444382955,0.385435869258855,0.663881649404008,stable
LRRC37B,-0.019683366866642,0.0631810956042436,0.234393236014043,stable
GTF2A2,-0.0197077680595816,0.53657836203239,0.778070450472591,stable
SAMD9L,-0.0197080313166798,0.146699722850761,0.392611928116272,stable
NCEH1,-0.0197081968501102,0.710726603310211,0.882380865210646,stable
C1QC,-0.0197213993074896,0.464353984846396,0.726515181205983,stable
ARHGAP32,-0.0197333833138844,0.702205443167865,0.877858812139094,stable
GALNT10,-0.0197490595773951,0.717737239040516,0.885496058128456,stable
NIN,-0.0197720961286534,0.00208317158101376,0.0237987751460861,stable
C1orf216,-0.0197740045948778,0.0732491791622242,0.256432464987112,stable
CUL1,-0.0197742065920649,0.742532166276969,0.897718410259695,stable
RNF25,-0.0197999044298872,0.675732851796468,0.864214101314085,stable
RP2,-0.0198008004671348,0.419768476041855,0.691468902289065,stable
CECR5,-0.0198072567732186,0.597059115314379,0.818275723296654,stable
FOCAD,-0.0198489273465587,0.47791926696345,0.737730157767548,stable
SLC45A4,-0.0198509287405086,0.004617418011931,0.0424917686354891,stable
CHAF1A,-0.0198865263452318,0.141775572776075,0.385897261548595,stable
IRAK1,-0.019893924946095,0.361862328416268,0.643123742739236,stable
HIGD2A,-0.0199083143381499,0.273512756587823,0.55556994624951,stable
PGBD5,-0.0199169453351214,0.515367663999718,0.764557146974488,stable
FIP1L1,-0.01991752540952,0.834577423993885,0.939139688014476,stable
TGOLN2,-0.0199369184250949,0.825123491459924,0.935818786487049,stable
IDUA,-0.0199377152680721,0.404715991926589,0.678821114888944,stable
EIF5AL1,-0.0199457754750214,0.0654075229920207,0.239097356774659,stable
SLC35B1,-0.0199472092953962,0.850087350816393,0.944679526855665,stable
AGAP5,-0.0199615259850932,0.12475286408055,0.357870762203497,stable
PLEKHG6,-0.019977582968608,2.06238701946211e-06,7.73331868892786e-05,stable
RBMXL1,-0.0199795782215325,0.454259120265364,0.718019246866587,stable
EIF3J-AS1,-0.0199805818696153,0.466512363303633,0.728420244722218,stable
HIF1AN,-0.0199906888242385,0.224100010602131,0.49793285467505,stable
GNAI1,-0.0199937250106207,0.536125080749866,0.77771722623608,stable
SEMA3B-AS1,-0.0199994291013427,0.0178508739168647,0.104857800461198,stable
SNHG8,-0.0200082105276725,0.525161078804479,0.771069764070711,stable
ZNF248,-0.020009105835881,0.23102636863452,0.507925598954744,stable
GNA12,-0.0200247704186829,0.337283087339169,0.618301964965783,stable
EDIL3-DT,-0.0200300989560904,0.0670906614143457,0.243357936240048,stable
SLC10A3,-0.0200333892399224,0.315079716263506,0.598343087091051,stable
TBC1D16,-0.02003948646127,0.399489341644858,0.673969390035771,stable
CLK2,-0.0200413736173423,0.693142454202217,0.873639512428346,stable
GTPBP1,-0.0200418780322544,0.827384645991202,0.935956867721307,stable
DDX39A,-0.0200518681626399,0.136834834105916,0.377657856291245,stable
CLTCL1,-0.0200664988109614,0.112404313926267,0.335292907133893,stable
FAM178A,-0.0200667732527865,0.467049484702174,0.728810333079107,stable
DNAH14,-0.0200691425373069,0.715295509934087,0.884323033748025,stable
LIMS1,-0.0200693890044573,0.177498869233882,0.439292486923956,stable
CCDC41,-0.0200894917245828,0.451442623605969,0.716723039534043,stable
STT3B,-0.0201044951524449,0.944710450165198,0.979729928720199,stable
ZNF460,-0.020106278273131,0.260087068827824,0.54023862860685,stable
RYK,-0.0201188137604616,0.878751687018996,0.957214455722706,stable
SMC3,-0.0201216271821629,0.314374825385098,0.597840364889147,stable
ARIH1,-0.0201263178328324,0.843664897115589,0.941855471536939,stable
TMEM185B,-0.0201304352028087,0.12397107273149,0.356573108901783,stable
USP20,-0.0201549240953284,0.651327137780049,0.849365477630093,stable
ST7L,-0.02015753014255,0.0446443336165114,0.188704126600358,stable
KDM5A,-0.0201755244213333,0.385894257537359,0.664385475239091,stable
TTC21A,-0.0201843225922861,0.0307427782601966,0.150693557930077,stable
LST1,-0.0201850776377374,0.266298127525785,0.5475573273129,stable
TPCN2,-0.0201873613921463,0.25102862069607,0.531078895705911,stable
NDUFA1,-0.0202084912909086,0.8292219707245,0.936513822915223,stable
SNX33,-0.0202141960486826,0.715324928308801,0.884323033748025,stable
C9orf9,-0.020222909240391,0.602353093897629,0.820774074217436,stable
ANKZF1,-0.0202376941553634,0.831589015400658,0.937416462952568,stable
PPM1F,-0.0202412206369246,0.155867562361396,0.406166080218653,stable
ZNF383,-0.0202729056013033,0.288868114438357,0.571490668798322,stable
CHD1,-0.0202749139974266,0.705879031725819,0.879718582111626,stable
C10orf32,-0.0202909168890643,0.533209642427574,0.775577661712834,stable
STXBP1,-0.0202958721401577,0.59562821008031,0.817717794252214,stable
C1orf174,-0.0203041581867624,0.703892035214171,0.878894406379778,stable
GBP1,-0.0203054767301971,0.209262492530099,0.481701120689049,stable
MYO16-AS1,-0.0203121417658311,0.36562321605399,0.646241655969526,stable
ANGEL2,-0.0203155783297039,0.830293300094171,0.936950613003778,stable
RPE,-0.0203337524654399,0.015105460217374,0.0940647711142028,stable
JAZF1,-0.0203358765341263,0.314141190206789,0.597489016506581,stable
CEP43,-0.020342324182788,0.72385870255201,0.887956854192317,stable
NPHP4,-0.0203876833721546,0.517485078674783,0.765924920218977,stable
C3orf38,-0.0203912596570453,0.275210405137918,0.556790181317862,stable
APIP,-0.0203912671320038,0.0431062129337821,0.184686932605949,stable
TTLL3,-0.0203934179947909,0.69160442921925,0.873094345014574,stable
RNASEL,-0.0203940943811545,0.488220804634214,0.745916163796131,stable
TAF1A,-0.0204116594468968,0.0101427698739316,0.0717566072137132,stable
PPM1B,-0.0204217334468422,0.709425836783776,0.881738433505517,stable
CRLS1,-0.0204269971669511,0.328749942458454,0.610549877941681,stable
RGS2,-0.0204289822919559,0.602649819849022,0.820863544997826,stable
UBFD1,-0.0204296361877798,0.698779676691795,0.876310808010699,stable
RGS12,-0.0204321409629979,0.641175326911341,0.844673692872533,stable
TAF7,-0.0204491639069093,0.843016828766468,0.941855471536939,stable
FAM175B,-0.0204652271001202,0.541609409230986,0.782026153843559,stable
KLHL21,-0.020465341501076,0.664807006475537,0.857732620755801,stable
MBNL1-AS1,-0.0204687733930906,0.522064205058771,0.769437285102293,stable
USP18,-0.020478906364853,0.288919889951175,0.571490668798322,stable
ST6GAL2,-0.020503959780479,0.0521166136090601,0.208330112739421,stable
GLRX2,-0.0205419167753492,0.65597517294712,0.85368258427612,stable
MLLT1,-0.020564549881608,0.746313941733557,0.90015468211593,stable
ZNF654,-0.0205660569555704,0.559072370607423,0.79470711408721,stable
SEC22B,-0.0205794688940387,0.819279912079906,0.933952710571231,stable
KLHL35,-0.0205994106523269,0.356310345640461,0.636681430362373,stable
MED6,-0.0206116283336578,0.480294980378987,0.739770657255802,stable
TAF13,-0.0206334367778857,0.708344816894858,0.881213824722444,stable
CHMP7,-0.020643048014493,0.67867329913613,0.86559677931336,stable
REP15,-0.0206625221739997,0.116221356539263,0.34283056523551,stable
ANXA6,-0.0206666557463458,0.295905339352699,0.577911306638025,stable
WDR36,-0.0206693920503426,0.510539387282967,0.760798911391807,stable
PRPS2,-0.0206885661615686,0.217863242700031,0.491205038678189,stable
ADRM1,-0.0206961909659546,0.821193360289676,0.934661791078305,stable
EIF4EBP1,-0.0207150673831104,0.819238321303377,0.933952710571231,stable
NMRAL1,-0.0207199114719545,0.841036930388473,0.941564807726218,stable
LINC00863,-0.0207322945508946,0.338564472194172,0.619459977264115,stable
SETD4,-0.0207453265134238,0.619855705115924,0.830550930542262,stable
PHKG1,-0.0207540357887266,0.32118773705391,0.603010120987098,stable
ZNF707,-0.0207540472004943,0.1215470881798,0.352835812374704,stable
UBAP2L,-0.0207710600068648,0.776584942772642,0.914084807995966,stable
PBX2,-0.0207717677799857,0.88340100874262,0.958730961433017,stable
QSOX2,-0.0207722462172902,0.245428907289696,0.523845746776661,stable
RASSF8-AS1,-0.0207802817289014,0.365677907256697,0.646241655969526,stable
PROS1,-0.0208017780650033,0.943174788542734,0.979389111038598,stable
VPS45,-0.0208019661662358,0.807021103616113,0.928735263660645,stable
MON1A,-0.0208056112122763,0.491775898496482,0.747804513954856,stable
COPS7B,-0.0208060177925311,0.251120240038237,0.531106105111994,stable
ARHGAP18,-0.0208064473504148,0.568586619298206,0.8009221980066,stable
PTBP2,-0.0208187040592299,0.302509358963675,0.585014143960126,stable
NBL1,-0.0208282153821699,0.34717448516479,0.627326076371677,stable
SNRNP35,-0.0208351115724217,0.362010845773967,0.643200665514676,stable
ZNF574,-0.0208553995712335,0.343055508510086,0.62246695799077,stable
CEACAM5,-0.0208628113509892,0.853477112336009,0.945609011256718,stable
KATNBL1,-0.0208674332598457,0.894752509949802,0.962126555385853,stable
PRICKLE1,-0.0209189489631782,0.352226652766467,0.632621011374859,stable
ZNF195,-0.0209219920471257,0.64320685634818,0.845073152622544,stable
NAV2-AS2,-0.0209688983585093,0.0178223767222908,0.104740737044848,stable
DROSHA,-0.0209694176910686,0.726653521771245,0.888794742518853,stable
ENTREP3,-0.0209881605909706,0.00329300751472501,0.0335651666543689,stable
RFESD,-0.0209920066296684,0.0471896134926645,0.196206066440249,stable
RSBN1L,-0.0209972589656449,0.774579116404953,0.913306807369439,stable
NTMT1,-0.0209986754527348,0.569921237510893,0.801601335557837,stable
PPHLN1,-0.0209994037646844,0.12016109990564,0.350059410211284,stable
CHRNB1,-0.0209998210109195,0.0106885464930838,0.0741104891273147,stable
PEX2,-0.0210079928562719,0.063024155373542,0.234308782021344,stable
HMGN5,-0.021015879154362,0.419737460585628,0.691468902289065,stable
IDH3B,-0.0210197939571878,0.577956535993772,0.806792348207554,stable
RNF8,-0.0210217223837939,0.410036217614093,0.683058425199601,stable
TIMM9,-0.0210279453512643,0.377250714691051,0.657913262340565,stable
C15orf48,-0.0210307861455486,0.235885855887907,0.512632631868453,stable
MEF2BNB,-0.0210408935055369,0.765584447119341,0.909951660675258,stable
MEN1,-0.0210543831896502,0.531484966011194,0.774433823972907,stable
ALDH1B1,-0.0210612738112185,0.00735231638171904,0.0584831585527666,stable
ITPRIP,-0.0210863616943519,0.174575717351667,0.434906843445049,stable
PTK6,-0.0210928023415865,0.320965535393187,0.602807641241152,stable
A1BG-AS1,-0.0211137873427273,0.363651899189314,0.644672743576032,stable
MANF,-0.0211161397588512,0.103938009414597,0.320453019816309,stable
AHI1,-0.0211294607019552,0.936230891965653,0.977492861580812,stable
PIH1D1,-0.0211607692233772,0.44727469678689,0.713584689835937,stable
TSPAN9,-0.0211640613376192,0.0861195660134168,0.284443549026751,stable
CIPC,-0.0211649293464113,0.250136069395468,0.529817141985037,stable
FBXL2,-0.0211672569501528,0.598322160520492,0.819001516098836,stable
SMCR5,-0.0211728590891153,0.057694246770843,0.22236326258583,stable
PRR12,-0.0211972217497279,0.325204805278861,0.606328472649722,stable
TRMT61A,-0.0212059211456333,0.698176845122752,0.876163931610284,stable
MDM1,-0.0212128225145463,0.507537050564135,0.758666156427512,stable
ZMAT1,-0.0212241964473718,0.649355459741968,0.848279156904289,stable
TNFRSF10A,-0.0212292880923296,0.113280450112057,0.337001757646576,stable
ZNF445,-0.0212331015162842,0.469681554710347,0.731200627200622,stable
FKRP,-0.0212496497639968,0.201956239626198,0.473382765383942,stable
LINC02987,-0.0212622194659507,0.184738314335891,0.448330433774045,stable
CALCOCO2,-0.0212685428966162,0.919490711639484,0.971349920577368,stable
OVCH2,-0.0212711637964639,0.128045844893252,0.363093184292869,stable
MRGBP,-0.0213039964522055,0.28666514710857,0.569635394650956,stable
TBL2,-0.0213093257343761,0.405077634476729,0.67918768998502,stable
SP1,-0.0213097939810645,0.788246446262735,0.919517789043872,stable
NSFL1C,-0.0213102191136002,0.570466349631937,0.802041426868697,stable
MAPK6,-0.0213269997768279,0.640660394850344,0.844359317159096,stable
C5orf63,-0.0213281495040149,0.645833048377594,0.846975987916286,stable
NMT2,-0.0213524470533211,0.395823817234683,0.67140845342152,stable
TOMM70A,-0.0213649898874593,0.42437315454606,0.694077795179427,stable
PROSER1,-0.0214290102383431,0.66400654866356,0.857530359299328,stable
SP100,-0.0214312383573934,0.460241952342381,0.722697082888635,stable
RNF168,-0.021443274744885,0.640071853043976,0.843874193869187,stable
NTAN1,-0.0214467176769073,0.748704311683914,0.90098065623392,stable
IFIT2,-0.0214502469884233,0.19393308522817,0.462563518795931,stable
PPP1R16A,-0.0214510811575189,0.790111781784373,0.920056596383028,stable
NELFE,-0.0214706500189056,0.894307567830563,0.96199693957144,stable
LINC03072,-0.0214779972214035,0.133121533395562,0.371686077122081,stable
DNAL1,-0.0215058977767711,0.109815093415372,0.330798349410918,stable
AEN,-0.0215293365437572,0.477787663170324,0.737620155922461,stable
FAXDC2,-0.0215322888080636,0.845785375996983,0.942554511458394,stable
NFKB1,-0.0215371566371731,0.82581128869707,0.935850933184653,stable
FIG4,-0.0215569298783354,0.338287459457388,0.619045794072921,stable
FXR2,-0.0215756176346457,0.705206911241533,0.879547932151464,stable
PHAX,-0.0215944901098733,0.52664081782979,0.771772809803131,stable
PWP1,-0.0216136165762771,0.217334389767574,0.490991781210719,stable
PGAM5,-0.0216274827401593,0.488248162025575,0.745916163796131,stable
OXSM,-0.0216282779089136,0.474607379585623,0.735160427547165,stable
DKK3,-0.0216436485840184,0.857613119018419,0.947367208436745,stable
RNF170,-0.0216530684181652,0.814136421018995,0.932133737998271,stable
NBPF14,-0.0216658454070939,0.671951631735727,0.862174529897925,stable
DDX41,-0.0216824687241074,0.478569237393663,0.738265402767009,stable
EVA1B,-0.0216848822254932,0.425389339368473,0.694810166280093,stable
PRDM16,-0.0216868289824898,0.660792340911724,0.85548883449533,stable
ABHD10,-0.0216915619540537,0.0350253681197752,0.163291418724688,stable
IFIH1,-0.0216967748598322,0.108232182187986,0.328156321217929,stable
TBC1D17,-0.0217057239071918,0.546606274968691,0.785369370557306,stable
PCGF1,-0.0217058693617382,0.0373290852568003,0.169695328441475,stable
ZNF330,-0.0217107453576327,0.645320369731311,0.846696453474019,stable
RHBDD1,-0.0217326232679975,0.417705279711208,0.689817527585762,stable
ACOX2,-0.0217368760243188,0.597861151240102,0.818485240537462,stable
PKIA,-0.0217511899662536,0.179041922347517,0.440855683118001,stable
SNX25,-0.0217694672571377,0.600453957391973,0.819743130444437,stable
TXLNA,-0.0217731293668082,0.744601053519488,0.899318573087859,stable
NRF1,-0.02177602537339,0.606863574498704,0.823158048676449,stable
ZMYM3,-0.0217796790638461,0.656858606182649,0.854286583889424,stable
REEP5,-0.0217996921962391,0.389925370645293,0.667796835267848,stable
MCCC2,-0.0218138771851763,0.747703844172773,0.900333750866363,stable
LXN,-0.0218172126736128,0.446803651214864,0.713298659063667,stable
UBA3,-0.0218386581205022,0.801919306375289,0.926363821945207,stable
ICT1,-0.0218688819840794,0.421426253736581,0.692334675097074,stable
NOMO1,-0.021870243113557,0.364124502122527,0.644672743576032,stable
LUC7L,-0.0218761038343266,0.809970438665964,0.930362273094961,stable
NBPF19,-0.0218766951592819,0.535790425197457,0.777665893803575,stable
PPM1L,-0.0218879334571877,0.616850180495277,0.828612813887281,stable
ZNF343,-0.02189259971276,0.117455240457177,0.344844336284675,stable
PSMB1,-0.0218928811113439,0.962725469464064,0.986343968228629,stable
GSTCD,-0.0218931517344021,0.259859448663869,0.539987789265465,stable
B3GNT7,-0.0219003626605385,0.885329519017416,0.959049369615541,stable
COPG1,-0.0219223310644814,0.871194169124706,0.953826916558925,stable
SDC3,-0.0219262836972795,0.0367741954166157,0.168425539442754,stable
ZNF281,-0.0219424192711201,0.744839483474413,0.899402772414854,stable
CELF4,-0.0219467435926679,0.412693871913213,0.685523833437575,stable
NUMBL,-0.0219577432417675,0.354474323556412,0.634978624143257,stable
TCP11L1,-0.0219751449624854,0.335535477426913,0.61640902856426,stable
BID,-0.0219874477482508,0.117142300894273,0.344632367300023,stable
CGRRF1,-0.0219884900143152,0.111166101051812,0.333523358867019,stable
PAX8,-0.022003039984783,0.104503874000607,0.321151543835952,stable
DNM1L,-0.0220136557217311,0.422487030852391,0.692760755459984,stable
CREBBP,-0.0220294747619582,0.796685177138451,0.923710862100529,stable
DDX60,-0.0220664317085953,0.726662777925184,0.888794742518853,stable
SH2B3,-0.0220732654744985,0.274008422308392,0.555866595277353,stable
FGF9,-0.022075071017373,0.0563313574789318,0.218879375023033,stable
GNL3,-0.0220871450760417,0.712044017473141,0.883015177920431,stable
ASB13,-0.0220903337912589,0.493248189688393,0.748756947531649,stable
CYS1,-0.0220939404059291,0.331716164951056,0.61295639741396,stable
R3HDM1,-0.0221069543858246,0.508803380591686,0.759600943374788,stable
FAM228B,-0.022115456017321,0.514318164393921,0.763690994486786,stable
IVNS1ABP,-0.0221180085768215,0.582821703812608,0.809777429376235,stable
LRRC8E,-0.0221180948849949,0.00109390846000993,0.0147593123787653,stable
PARD3,-0.0221201642508254,0.501340771097623,0.754561290729435,stable
FANCC,-0.022120798481389,0.455565178121805,0.718836806165088,stable
FAM188A,-0.0221299969095275,0.76364322686659,0.909024715670191,stable
RTN4R,-0.0221368734280484,0.195418611314615,0.464265320822959,stable
MED9,-0.0221563234153326,0.00234849255608908,0.0261456949049481,stable
ZNF747,-0.022166308955608,0.0166076606498438,0.100206835096108,stable
ZFX,-0.0221672057457597,0.308884832421179,0.592602013893638,stable
TDRD10,-0.022171423625232,0.546484772152578,0.785355026427594,stable
PARG,-0.0221842810702264,0.256366820744594,0.536396071212064,stable
SOCS6,-0.0222040497550077,0.730065812437248,0.891020009732233,stable
SNAPC1,-0.0222161860785424,0.790023662215113,0.920056596383028,stable
TFE3,-0.0222221924362039,0.408747637415231,0.682100459475873,stable
EXTL2,-0.0222226363795163,0.609311699369128,0.824057889673116,stable
QSER1,-0.0222337317736497,0.421551618680262,0.692334675097074,stable
GALM,-0.0222693428523977,0.588934754179106,0.813370063844243,stable
ZNF814,-0.0222759439584251,0.242757768672057,0.5202438576871,stable
KCNA4,-0.0222777462874807,0.000753115224560441,0.011012058020367,stable
RPA3-AS1,-0.0222784324300568,0.702958074148911,0.87797128224157,stable
SLC46A3,-0.0222863265711479,0.0689909991090576,0.248053040186878,stable
EFHC1,-0.0222954768743936,0.0918159099164693,0.295749133887858,stable
DMTN,-0.0222957010687769,0.570720528392185,0.802079528519897,stable
AAGAB,-0.0222981039335554,0.383100853251041,0.66219242507646,stable
ZNF567,-0.022313025308106,0.446215654268532,0.713011785330527,stable
OSTM1,-0.0223394348702403,0.541691533527719,0.782052356896521,stable
MAPKAP1,-0.0223494218450002,0.547876499839223,0.786153578358335,stable
RBBP5,-0.0223623840772543,0.0511303247057735,0.206208211548458,stable
SLC25A22,-0.0223650311079345,0.447722088318563,0.713670809428239,stable
C11orf57,-0.0223651389732812,0.683494607534575,0.868597367969918,stable
PSMD13,-0.0223706510842425,0.0631328120393299,0.234355991759897,stable
POLR3K,-0.0223790589944535,0.64308259679043,0.845073152622544,stable
AAR2,-0.0224101596706289,0.535632868856435,0.777529531991576,stable
MIEF1,-0.022415136291566,0.54608245858561,0.78496142682861,stable
RASA1,-0.0224192924564391,0.460701491028892,0.723021572260519,stable
LMCD1,-0.0224362563855145,0.418355001213801,0.690517355500609,stable
KIAA0232,-0.0224387562040911,0.883705074899888,0.958765495302763,stable
DMPK,-0.0224428269385008,0.534576414829064,0.776826211943709,stable
SUMO3,-0.0224465221995505,0.500217268726399,0.753964968299814,stable
PELP1,-0.0224661247043592,0.537300214950067,0.778378505279642,stable
TRIM56,-0.0224775429403987,0.724722100743527,0.888393036842498,stable
CABIN1,-0.0224990285605062,0.702481238573452,0.877858812139094,stable
TMEM237,-0.0225061006230594,0.475491149473794,0.735933630180762,stable
GNPDA1,-0.0225340471092658,0.0734823121963757,0.25678896063136,stable
ZNF395,-0.0225373933013567,0.658970148060783,0.854759241287671,stable
NOP2,-0.022541277033855,0.551365386173593,0.789142484141007,stable
TRMT6,-0.0225456076089545,0.0435959751142027,0.185944591694353,stable
AARS1,-0.0225506066956198,0.8728914516446,0.954585163929727,stable
DNHD1,-0.0225543834127596,0.0961358304887037,0.305316807454901,stable
PABIR1,-0.0225665275859606,0.467306328583312,0.728988330857887,stable
DOPEY2,-0.0225708331900246,0.661127415844688,0.855831995264796,stable
ZNG1C,-0.022580113505328,0.0422716112851575,0.183236941968002,stable
TDRD7,-0.0225804495692747,0.0136338895824273,0.0876699980302955,stable
TNFRSF1A,-0.0225934163064119,0.790516687045912,0.920141798423914,stable
ZNF703,-0.022593828500406,0.0620456116310163,0.232366898461257,stable
ZNF7,-0.0225963910258798,0.452880727688153,0.717379572619152,stable
PNPLA7,-0.0226063810608176,0.522531658219073,0.769671702267021,stable
DUS1L,-0.0226095000478511,0.0715758670241237,0.253093259619002,stable
PPL,-0.0226149930059573,0.530091019393715,0.773711357739555,stable
NCBP2-AS2,-0.022625458368798,0.851250245983572,0.944806778801347,stable
AKAP8,-0.0226574186776244,0.445878434565373,0.712566084995048,stable
URB1,-0.022663546076961,0.462656501540397,0.725065778824334,stable
XPO5,-0.0226677115078233,0.437709511736476,0.706531238804527,stable
WTAP,-0.0226773741438788,0.580070159837852,0.807973750439598,stable
STPG1,-0.0226797511013999,0.000223105684088898,0.00425599343351574,stable
SEC14L2,-0.022695612016666,0.00134226020145063,0.0171450247675365,stable
CASP9,-0.0226963162672048,0.391987427242817,0.668817129081668,stable
HARS1,-0.0227011182923261,0.42154600317849,0.692334675097074,stable
TAP1,-0.022711023142342,0.0570623559256804,0.220737417353012,stable
SMG9,-0.0227131160597477,0.790005999974217,0.920056596383028,stable
AP4B1,-0.0227131974567891,0.280671738063043,0.561629631791246,stable
ZNF653,-0.022719771041527,0.129834679365412,0.365530438207702,stable
KRBOX4,-0.0227299444328919,0.370729795585848,0.651069457518179,stable
SUB1,-0.0227728223973384,0.963199721909388,0.986440465869669,stable
GPATCH8,-0.0227893719271379,0.763021027441786,0.908815067665243,stable
NSRP1,-0.0227938529099707,0.90930033533977,0.967191701426525,stable
DECR2,-0.0227958119200819,0.437655817475781,0.706531238804527,stable
AGPAT4,-0.0228057885936455,0.40780901102614,0.681763860883963,stable
LRRC45,-0.0228436782762311,0.376121756247536,0.656722232305368,stable
CDYL,-0.022852536897687,0.496809642234752,0.75114422593415,stable
DSCR3,-0.0228531511920933,0.134639076672112,0.373712096557652,stable
FRK,-0.0228649381836838,0.496458598640248,0.750799197052875,stable
ANKRD46,-0.022897991298294,0.407180729387194,0.681086102357561,stable
MTERF,-0.0229227689042932,0.00285601484532945,0.0303571287485255,stable
PCK2,-0.0229279443555888,0.627756807701752,0.835368954642522,stable
KLF11,-0.0229338645566178,0.0345739053310108,0.161696438972502,stable
TSR3,-0.0229400476942064,0.629276867988799,0.836663088350563,stable
TSFM,-0.0229422270769336,0.00862836291484691,0.0644701150801275,stable
CHIC1,-0.0229568093732686,0.255323547487669,0.535676894599448,stable
SEC61A2,-0.022960661848841,0.085069480128471,0.283013897790261,stable
ELP4,-0.0229632428527945,0.321503418633906,0.603219103922589,stable
C2orf69,-0.0229816892576856,0.466819802986207,0.728694326612617,stable
DYM,-0.0229888552546916,0.512136509968435,0.761971360498315,stable
FBXL20,-0.0229944657529819,0.646555338120959,0.847286926800021,stable
SOX12,-0.0229954496939079,0.168855899885417,0.425849911326456,stable
ZNF562,-0.0229992506508368,0.656175720585412,0.853807366475279,stable
SPEN-AS1,-0.0230165468369513,0.626847901407025,0.834977524986321,stable
ZNF346,-0.023050248610115,0.198180200557503,0.467971083406594,stable
CSPG5,-0.023057950287013,0.402895493503382,0.677153138765792,stable
PTPRS,-0.0230720310799498,0.706157236062596,0.879925183856185,stable
EIF4G1,-0.0230722811604764,0.335103806452577,0.615801101935704,stable
FMN1,-0.0230726602720508,0.642297006233062,0.844730779757674,stable
TMEM33,-0.0230760904213981,0.878484319795576,0.957179100203326,stable
ZNF777,-0.0230796814018793,0.15114513395471,0.399221719417108,stable
MARK2,-0.0230805123739388,0.355206148371192,0.635451479246224,stable
TLDC1,-0.0230975703517797,0.389509739239897,0.667606148691602,stable
PDXDC1,-0.0231026223928732,0.0245896765073536,0.130010469561371,stable
GIGYF2,-0.023131391413033,0.690811723935497,0.872705081575481,stable
LMF1,-0.0231529831746548,0.673074574378686,0.86259108150795,stable
DNAH17,-0.0231579276864994,0.286743112613116,0.569635394650956,stable
IMMT,-0.0231725600371582,0.829212889446063,0.936513822915223,stable
MTMR10,-0.0231762768303342,0.631937364771717,0.8383766384816,stable
AGPAT9,-0.023182032908351,0.41999406673359,0.691541954707894,stable
MXI1,-0.0231947560323196,0.604701354625088,0.821958118418445,stable
HNRNPC,-0.0231983734037027,0.864950635240679,0.950225268732099,stable
WDR35,-0.0232023559293082,0.542095388282634,0.782265851300546,stable
CDPF1,-0.0232039241249575,0.292617224054752,0.57488796959905,stable
PHF10,-0.0232123787651989,0.77328318231105,0.912526344957698,stable
HDAC6,-0.0232137438983973,0.207232290422547,0.479229572100872,stable
DNAJC15,-0.0232274283981432,0.176241602284665,0.436993376537068,stable
ZMPSTE24,-0.023229324161606,0.616991092607074,0.828643065372687,stable
BLTP2,-0.0232426109839221,0.251397547619137,0.531183489533801,stable
ACTR3C,-0.0232540974648885,0.307397371495389,0.591133046056951,stable
PAN2,-0.0232555485523435,0.67150741370179,0.86187595811536,stable
ERCC4,-0.0232597350418946,0.390058033688844,0.667796835267848,stable
CAPN10,-0.0232676920729272,0.532425993579091,0.774866736560388,stable
FAM179B,-0.0232704893470968,0.367483058791806,0.647757403196566,stable
BNIP2,-0.0232908812798102,0.281777011812896,0.562817351699485,stable
ATP5S,-0.0233131361441842,0.443173902671475,0.710566341324253,stable
TCERG1,-0.0233388300643655,0.0180276123858901,0.105591535124639,stable
KIFAP3,-0.0233471130127015,0.7098680554129,0.881971312011642,stable
CTPS1,-0.023357961777231,0.356822099821098,0.637223279505201,stable
ANKDD1A,-0.0233718983938722,0.213675042141483,0.486782116518849,stable
SIN3A,-0.023373026082163,0.610484053327833,0.824524801694267,stable
MYOZ1,-0.0233743946379023,0.0874698784957105,0.287814749591269,stable
FTX,-0.023390570914871,0.547770848491056,0.78611427879542,stable
CAPS,-0.0234075838024336,0.365712454749823,0.646241655969526,stable
NOTCH3,-0.0234119929603722,0.33499637408722,0.615788823585289,stable
RELB,-0.0234165290151541,0.234356245913148,0.511224701473207,stable
CTSK,-0.0234357456303462,0.0583514242492591,0.223505409533515,stable
BCAR1,-0.0234439820093532,0.615386763398724,0.827465382882631,stable
VTI1A,-0.0234466177249151,0.392045106212969,0.668817129081668,stable
SUCO,-0.0234665108189062,0.816358195169322,0.933422259266399,stable
RPTOR,-0.0234672292642359,0.59145121108908,0.815187687941471,stable
ZNF142,-0.023470755391558,0.420384643069515,0.691626093792967,stable
SCAF1,-0.0234754066887558,0.532723571786009,0.775055098965982,stable
SMARCAD1,-0.0235033308140639,0.191722031637097,0.458721885835169,stable
OCIAD1,-0.02352104191952,0.945904537078716,0.980023053251926,stable
REL,-0.0235488105777353,0.0494466845387324,0.20168043770486,stable
ZFP1,-0.023557688892914,0.0770039891901276,0.264409203331494,stable
ZNF274,-0.0235840945718347,0.525105931098335,0.771069764070711,stable
UQCC6,-0.0236222231134922,0.439721356283229,0.708372790790889,stable
TC2N,-0.0236334233690373,0.808353618487073,0.929390605092741,stable
PGM3,-0.0236424391503657,0.343244583919478,0.622710269194374,stable
DHDDS,-0.0236507594996035,0.420175817855712,0.691545864030109,stable
H6PD,-0.0236820647829878,0.729742368310182,0.89080575608164,stable
ILVBL,-0.0236960119940353,0.777707962695513,0.91441566937671,stable
IRX5,-0.0236987371115329,0.540396067967613,0.781289359531177,stable
WDR17,-0.0237009533456996,0.0144124571524601,0.0912922316637597,stable
FUBP3,-0.0237204810349026,0.761728850705129,0.908258070558155,stable
SMAD9,-0.0237327547491773,0.791428004514186,0.920671481459974,stable
TRIM28,-0.0237346750827136,0.85457160247424,0.946170441325416,stable
ZNF211,-0.0237825638872438,0.109705715184071,0.33063182012083,stable
TBC1D9B,-0.0237952885901738,0.770343036748652,0.911144003987955,stable
IQSEC1,-0.0237966327745743,0.607226241204848,0.823284557729376,stable
ZBTB37,-0.0237993394475655,0.383510954391644,0.662305962745515,stable
LMTK3,-0.0238254823377134,0.423955076106027,0.693922720383373,stable
IMMP1L,-0.0238262554863491,0.497688386572047,0.75207670931422,stable
GTF2IRD1,-0.0238278816706134,0.767328221748982,0.91033479780403,stable
C19orf44,-0.0238361183813116,0.0939478356544012,0.300869358930941,stable
TRMT11,-0.0238383912700776,0.715054628503879,0.884323033748025,stable
TIAM2,-0.0238414987630837,0.172615237061247,0.43212137166428,stable
JARID2,-0.023847559789564,0.0465602500301,0.19451554899793,stable
WDFY3,-0.0238727303239857,0.431108535605255,0.699942985687162,stable
SPATA20,-0.0238784155372626,0.545336437090861,0.784506848218329,stable
GINM1,-0.0238878589574982,0.796827777591534,0.923710862100529,stable
FYTTD1,-0.0238932459304822,0.0344791612933321,0.161629131109697,stable
DENND4B,-0.0239005458253683,0.474787660539643,0.735214156801052,stable
AQR,-0.0239169216033208,0.76897528692751,0.910547965388189,stable
ICA1L,-0.0239186284410132,0.133876036207642,0.372738431426614,stable
ZNF438,-0.02391867015722,0.405827036452512,0.679972791131483,stable
TTC12,-0.0239201093282951,0.333305004268555,0.614250018419844,stable
CAMLG,-0.0239601905025444,0.864944876614483,0.950225268732099,stable
TMEM65,-0.0239884885554435,0.324366865732032,0.60590778831118,stable
DOK7,-0.0240123665768665,0.624128052554942,0.832726925252837,stable
NAP1L4,-0.024028819721543,0.817261814241248,0.933433313130128,stable
CYP4X1,-0.0240304775198245,0.341842869149244,0.621534854427265,stable
ARPC4,-0.0240434906315979,0.617588618260144,0.82902022287104,stable
DDX59,-0.0240445758093259,0.393403801812841,0.669772712167154,stable
FAM83H,-0.0240537064180468,0.673134175297698,0.86259108150795,stable
GGH,-0.0240719577802344,0.808380621918236,0.929390605092741,stable
MFSD1,-0.0240920204024586,0.80957691792364,0.930250397987163,stable
C3orf62,-0.0241067917559769,0.275943063971375,0.557357570057186,stable
LONP1,-0.0241072185231175,0.0794129047158627,0.269822997990567,stable
PIGV,-0.0241107923491021,0.4627673384728,0.725079512135755,stable
SLC35F6,-0.0241176386541868,0.737335261640481,0.894824514912249,stable
LYST,-0.0241279445897616,0.772532718528832,0.912170525039587,stable
TSG101,-0.0241735355481582,0.140581633656114,0.383672670196994,stable
PHC1,-0.0241782963610333,0.609138370447706,0.824049074850903,stable
ZNF398,-0.024212745999819,0.0934256771082715,0.299746844349478,stable
EPSTI1,-0.0242187800620286,0.00282204517252631,0.030101815173614,stable
TEFM,-0.0242236116772138,0.45438380379815,0.718019246866587,stable
NBPF15,-0.0242411603065128,0.67532075622304,0.863958233811663,stable
TMEM131,-0.0242470378807853,0.802721499031968,0.926550902113367,stable
C10orf107,-0.0242608361655237,0.31454422650527,0.597889161662248,stable
ARVCF,-0.0242630306454739,0.180136340777089,0.442432515503141,stable
E2F6,-0.0242846609699428,0.173485646921596,0.433438175185137,stable
DHX38,-0.0242928733702135,0.295005938669817,0.57716910920292,stable
CD52,-0.0243145824043833,0.635271739905294,0.840519726009559,stable
YAE1D1,-0.0243188245393388,0.365381698348345,0.646241655969526,stable
TOPBP1,-0.0243265640499176,0.521506074017293,0.769263937346132,stable
ZNF75A,-0.024328554771114,0.183073227803799,0.446238711201124,stable
SEMA4G,-0.0243313388558915,0.111189489123486,0.333523358867019,stable
WDR7,-0.024335632962608,0.00496516638838064,0.044202186143666,stable
TEX261,-0.0243400546598303,0.247593908024872,0.52691294075488,stable
INTU,-0.0243439966697335,0.642822585986218,0.845022399300519,stable
CEBPZ,-0.0243558210176739,0.889237519395122,0.961269847637599,stable
TANK,-0.0243996358813642,0.631873082116579,0.8383766384816,stable
TRDMT1,-0.0244050300996286,0.296600856036206,0.578899706879545,stable
ZNF354A,-0.0244053275965995,0.0208111310182332,0.116481348702785,stable
RPP21,-0.024407613739228,0.814168187222475,0.932133737998271,stable
RREB1,-0.0244095224714316,0.644878422481942,0.846359656046732,stable
TTPA,-0.024411486974063,0.177655396176789,0.439429292364441,stable
NT5DC2,-0.0244417195288262,0.462096928399178,0.724374564343621,stable
LRFN4,-0.0244427658172856,0.0847870009051164,0.282304119580999,stable
TAF6L,-0.0244461328617532,0.368354632302186,0.648439951794632,stable
SNX6,-0.0244476216666077,0.9071350777614,0.96637189045661,stable
SAR1B,-0.024450479638555,0.379041134522699,0.659320449147088,stable
TBPL1,-0.024474932468713,0.452052645249282,0.71712756740924,stable
ELK4,-0.0244805132842494,0.698153556631634,0.876163931610284,stable
C19orf10,-0.0244852844537075,0.13571620506766,0.375253311636978,stable
SLC26A5,-0.0244863055575126,0.0144803048028569,0.0914766128734484,stable
MARCHF6,-0.0245055006584549,0.47461433999545,0.735160427547165,stable
TTF2,-0.0245093831373209,0.11412382490593,0.33868648595535,stable
ACAD8,-0.0245314447849719,0.485661315300739,0.744890359267356,stable
KIAA0753,-0.0245315175790961,0.404236536387626,0.678389266996478,stable
GPN1,-0.0245416707684332,0.500819660283417,0.754221944967905,stable
HMSD,-0.0245721994491676,0.31660040099718,0.599740167641334,stable
TEAD4,-0.0245927615812582,0.560289755304157,0.795501354992976,stable
GTPBP4,-0.0245993589948115,0.389595746711535,0.667651178177802,stable
CCDC125,-0.024603333777804,0.463690802134462,0.725800144420372,stable
ZNF449,-0.0246046671489227,0.249928831644469,0.529577056339398,stable
KLF12,-0.0246106440427228,0.452968767931489,0.717425527234325,stable
ZNF254,-0.0246117989062663,0.108476848883183,0.328466931074566,stable
STYX,-0.0246244571937997,0.0922680570979975,0.297046281265715,stable
TMEM150A,-0.0246490872429382,0.525489384505212,0.771097241162094,stable
CASP8AP2,-0.0246951893955429,0.67803211542886,0.865268144433674,stable
GPR89A,-0.0247124367034319,0.147786210536898,0.394268580882376,stable
BAK1,-0.0247244436158098,0.324726561751969,0.606024044405508,stable
MED4-AS1,-0.0247323515982373,0.0279145516078049,0.142000615419811,stable
STARD4,-0.0247469486602244,0.176387954314354,0.437178903799404,stable
CDC123,-0.0247470993351796,0.254096474493799,0.53428049712584,stable
FAR1,-0.0247577890165116,0.830160561909591,0.936950613003778,stable
TFRC,-0.0247578888823001,0.732396606829747,0.892425849470378,stable
PBX4,-0.0247749728637563,0.260617068282094,0.540879973290376,stable
ANG,-0.0248014658405551,0.884628004623784,0.959035006877988,stable
BRD8,-0.0248106416554971,0.0584937851054313,0.223586000352968,stable
OPTN,-0.0248342266702871,0.893966500797626,0.961788990120593,stable
DLG5,-0.0248469041994218,0.195413257212217,0.464265320822959,stable
MTERFD1,-0.0248561467135204,0.530389805406604,0.773845876216077,stable
GLE1,-0.0248624328159963,0.475799696009929,0.736209171294046,stable
DHCR7,-0.0248658389041441,0.491760017249399,0.747804513954856,stable
POP1,-0.0248766872309725,0.291283724404114,0.57383597858435,stable
IKBIP,-0.0248856309671393,0.0664012068689277,0.241858689456526,stable
UNC119B,-0.0248896057431427,0.450019043532389,0.716000623212277,stable
HABP4,-0.024889897163902,0.270727762768597,0.552852684945427,stable
LETM1,-0.0248952958655521,0.688070577011142,0.871513287056698,stable
ARNT,-0.0249044691899441,0.456033102445402,0.719296599263561,stable
VAV2,-0.0249065235570726,0.308949568405337,0.592602013893638,stable
TRPM7,-0.0249087503673893,0.796980845811142,0.923710862100529,stable
UBE2M,-0.0249148180623699,0.625018340951065,0.833357787934754,stable
NLK,-0.024930204558435,0.323469542722792,0.604803579002162,stable
MTF1,-0.0249694801620203,0.430265556633709,0.699381022969923,stable
XPR1,-0.0249710561483972,0.0716615236988213,0.253148198502349,stable
TIGD5,-0.0250078205657374,0.0148551172268871,0.0931225399904963,stable
STOX2,-0.0250278728244364,0.407794196072285,0.681763860883963,stable
ALDH16A1,-0.0250645574284609,0.490914560024532,0.747297323197921,stable
CANT1,-0.0250650213153637,0.739760246385913,0.895970076011018,stable
TMEM14C,-0.0250759348034459,0.236098843873009,0.512672118991955,stable
SSH1,-0.0250791320617789,0.730625981332977,0.891245583855335,stable
SBF2-AS1,-0.0250972573804381,0.168396164992682,0.425706729717441,stable
FOXJ3,-0.0251008178459269,0.321250200197561,0.603034773835225,stable
POLR1G,-0.0251449326802179,0.00370864522019458,0.0367080803009381,stable
LAMB2,-0.0251461575118892,0.0679443369006862,0.245798039145898,stable
PODXL,-0.0251515919568845,0.208379131547007,0.48079020461129,stable
PTPN3,-0.0251772676722809,0.312359753654251,0.595584451924267,stable
ZSCAN25,-0.0251918454524866,0.102743100456015,0.318441090257183,stable
TRIM38,-0.0251955475053026,0.386000134583444,0.664385475239091,stable
FBXO22,-0.0252565836675185,0.0630979959321775,0.234355991759897,stable
ATP6V1D,-0.0252614915723761,0.893853131736958,0.961788990120593,stable
B3GNT8,-0.0252798586066549,0.438252984136003,0.707035037360236,stable
ZSCAN29,-0.0252964165647565,0.322019008577862,0.603643668280293,stable
NR0B2,-0.025312315914737,0.0794089901945193,0.269822997990567,stable
CBFB,-0.0253170703167703,0.312806354177649,0.595918657201452,stable
ABI1,-0.0253543210139143,0.606489955657311,0.82297422995068,stable
CITF22-92A6.1,-0.0253635009576619,0.00819884549740292,0.0623425174866127,stable
TARBP2,-0.0253667326421966,0.482072808533861,0.741519820248889,stable
IPO13,-0.0253685169732377,0.0890893422304165,0.290950606311678,stable
PSMC3,-0.025370907431828,0.294849053933515,0.57716910920292,stable
SKP2,-0.0253932057798934,0.161944457502961,0.415795347904366,stable
LAMTOR2,-0.0253999344732886,0.876211606071458,0.955930693012017,stable
DEXI,-0.0254139243800229,0.240898763611628,0.517985309830877,stable
FAM199X,-0.0254182646369994,0.487396083483463,0.745567864680294,stable
SECTM1,-0.0254223213300121,0.370125058086395,0.650526054643867,stable
MTF2,-0.0254415275926928,0.77590458492829,0.913833816741939,stable
CITED4,-0.025453097861443,0.399632204033125,0.673993386051452,stable
CHST10,-0.0254580323915653,0.482260064845291,0.741621214324926,stable
ZNF12,-0.0254648527802612,0.367489986188497,0.647757403196566,stable
BUD13,-0.0254669119936601,0.241911012012027,0.519311043308622,stable
MCM9,-0.0254716775376157,0.144169509903042,0.388829416117594,stable
ZNF584,-0.0254822367084738,0.0452716882273303,0.190762191275728,stable
CLK4,-0.0254833137263275,0.783439176095873,0.917339933311754,stable
ING3,-0.0254870660791258,0.660041491159259,0.855060108937133,stable
RASSF6,-0.0254982914934024,0.47148018991667,0.732322947311884,stable
AKIRIN1,-0.0255037025694191,0.322578039733998,0.604105248577171,stable
GCNT4,-0.0255073371561395,0.0643081732540375,0.236635493635567,stable
PRPF40B,-0.0255117192128376,0.341323431777178,0.621387029222722,stable
FAM21C,-0.0255119664334267,0.754883833151907,0.904321832266651,stable
NPAS2,-0.0255223056505083,0.156984074340441,0.407685006317729,stable
ZNF599,-0.0255580606965916,0.323058349829449,0.604479606354689,stable
COMMD2,-0.0255614911300726,0.128305910198187,0.363394681710528,stable
KDELC2,-0.0255621815980093,0.400689913737093,0.675218294116656,stable
FBXW4,-0.0255674021421751,0.774632635842366,0.913306807369439,stable
XRRA1,-0.0255796434819825,0.0141781779671721,0.0904561834398287,stable
RAN,-0.0255953210439994,0.541235802917558,0.781905344489648,stable
ORC4,-0.0256193334457409,0.117206945576788,0.344656652088203,stable
FHIP1B,-0.0256213364434641,0.258008646123575,0.53857542524156,stable
MAT2B,-0.0256412718564581,0.580527701312753,0.808237619883783,stable
DHX57,-0.0256523662765482,0.263652154295269,0.544682091280272,stable
COX15,-0.0256553981737054,0.395503320428329,0.671290278938614,stable
ANKS6,-0.025679806099222,0.630677714907198,0.837348483430467,stable
DENND5A,-0.0256860176806133,0.544820387776291,0.784448195227159,stable
AP1AR,-0.0256991520776792,0.379033043720145,0.659320449147088,stable
TMEM120B,-0.0257194385634225,0.0995948521740554,0.313190994018042,stable
DLD,-0.0257455712452501,0.769115035955104,0.910547965388189,stable
SASH1,-0.0258110958320752,0.65100723392724,0.849206320299496,stable
RAP2C,-0.0258121411229022,0.515215398102045,0.764557146974488,stable
CYP4Z1,-0.0258152385374791,0.439731545292015,0.708372790790889,stable
SHARPIN,-0.0258283516413216,0.325232979546822,0.606328472649722,stable
TRIM11,-0.0258309023254148,0.213297935729809,0.486719052895499,stable
CARHSP1,-0.025831494305429,0.325072870659214,0.606328472649722,stable
SYCE1L,-0.0258448311421799,0.337288476681689,0.618301964965783,stable
ADRBK1,-0.0258506161181122,0.0556195836037823,0.216931837499131,stable
METTL2A,-0.0258607601204327,0.567023815067993,0.800445598565668,stable
MDN1,-0.0258617466999306,0.698057541529933,0.876163931610284,stable
ARL10,-0.0258785590886436,0.238894599349421,0.515762554300128,stable
TUBA1C,-0.0258826713190915,0.931482096055583,0.975868798610168,stable
TLE2,-0.0259010445062395,0.487190931839122,0.745546062944595,stable
PGAP3,-0.0259164674486494,0.664841016169929,0.857732620755801,stable
WDR18,-0.025922842733848,0.224660350426132,0.498592615034321,stable
PROSER2,-0.0259262465946351,0.569533926330029,0.801345415508665,stable
LINC00930,-0.0259748359331099,0.34671009469891,0.626946662371847,stable
SDAD1,-0.0259824791877484,0.214823617537648,0.487867300407087,stable
AVEN,-0.0260373050486865,0.047854994051735,0.197694980496252,stable
C7orf60,-0.0260402221647001,0.342976455045435,0.62246695799077,stable
SAP30BP,-0.0260406441818284,0.395420791962494,0.671277038215396,stable
RALGPS1,-0.0260721254109549,0.647564753050762,0.84751943696922,stable
TRAPPC12,-0.0260732540060862,0.0759022591072925,0.262024630140509,stable
MTMR4,-0.0260835847933148,0.415226777670029,0.687768581333121,stable
TRAPPC9,-0.0260878326614472,0.608236515567113,0.823711625771496,stable
RGL2,-0.0260955813398629,0.698496052081211,0.876234829031632,stable
RIC8A,-0.0261128488002783,0.66788137059119,0.859478037067766,stable
PIGL,-0.0261971759990931,0.147481920957931,0.393907583950512,stable
ZNF440,-0.0262354696287467,0.0769120024318751,0.264399586648038,stable
IFTAP,-0.0262439692808556,0.487330948133825,0.745567864680294,stable
CRKL,-0.0262528590327383,0.535030082065112,0.777115936687729,stable
ZBTB17,-0.0262573477305824,0.379120045570589,0.659320449147088,stable
SUMF2,-0.0262666117163143,0.505480385606784,0.757648034450679,stable
DAP3,-0.0262780642085731,0.822245107470878,0.935022317554033,stable
FGD6,-0.026304508317179,0.738382178086144,0.894975223043003,stable
SPAST,-0.0263153130671716,0.317326765547463,0.600761562257224,stable
FAT1,-0.0263448677640007,0.766039883989603,0.909951660675258,stable
CALD1,-0.0263485896968198,0.552390142190476,0.789601897496009,stable
HDGFRP3,-0.0263488978594003,0.529589842861471,0.773513860553901,stable
MST1R,-0.0263572190077724,0.539255234334869,0.780152927303313,stable
PAN3,-0.0263771860061717,0.603066134772339,0.820922097044217,stable
LZIC,-0.0263790531852812,0.00332051610166893,0.0337406390912727,stable
CD164L2,-0.0263901128866525,0.156611740657407,0.407063984222016,stable
TNNC2,-0.026392200399192,0.213821781722551,0.486782116518849,stable
CEP112,-0.026402089096549,0.451383201908499,0.716723039534043,stable
CARF,-0.0264052182521601,0.271199619661629,0.553375013386617,stable
UCK2,-0.026405715502788,0.165835130516396,0.422150902838905,stable
ABHD13,-0.0264198068400382,0.472658487701054,0.733779191472908,stable
ZRSR2,-0.0264296756576759,0.402331662796869,0.677034159296713,stable
CPT2,-0.026441421312674,0.552745195517344,0.789838981277057,stable
DRAP1,-0.0264566417059869,0.114514401441706,0.339269036166606,stable
TRAPPC14,-0.0264745245189616,0.000302900632435304,0.00545310358010184,stable
USP4,-0.0264952996585627,0.657719929101193,0.854479910511795,stable
RBM28,-0.0265133665578765,0.525893733821173,0.771453858421939,stable
ZNF596,-0.0265173628321137,0.0154391840687469,0.0953535165981724,stable
XPA,-0.0265317479691778,0.2586467459926,0.538803309988674,stable
DIS3,-0.0265655445721435,0.658932832015805,0.854759241287671,stable
ZNF439,-0.0265665375847625,0.62980266056724,0.836918368436159,stable
RRP1,-0.0265759349013615,0.272933761167927,0.555316627249791,stable
SETD5,-0.0266001458944682,0.401489370458376,0.676235302181493,stable
POU6F1,-0.0266139435424203,0.0327665787260132,0.156950884932126,stable
ERO1LB,-0.0266469283713023,0.424184971339971,0.693972321895068,stable
TYW3,-0.0266524057141884,0.66500768585537,0.857766587727767,stable
PIM3,-0.02666183351984,0.574305479983927,0.804684743922734,stable
ZC3H12A,-0.026668593241291,0.559463558307585,0.794849504145506,stable
PDPR,-0.0266688954345197,0.601933857539589,0.820660213536017,stable
CTNND2,-0.0266797714982684,0.0693399370155263,0.248712262346771,stable
CNN2,-0.0266864013714977,0.904731080713442,0.96626332787898,stable
SACM1L,-0.0266927443817802,0.812730946795494,0.931235597592666,stable
PPP1R15B,-0.0266998740874875,0.603239543361264,0.820975303723903,stable
CHMP1A,-0.0267127504144176,0.768492031014442,0.910547965388189,stable
DAW1,-0.0267320139813658,0.0625098195700383,0.233502112899287,stable
MICAL1,-0.0267350896030833,0.683487796927369,0.868597367969918,stable
LINC01125,-0.0267612329198322,0.123616772875367,0.356527585682461,stable
RABEPK,-0.0267640226059235,0.379917306224651,0.660124189711231,stable
SMIM13,-0.0267943633290109,0.039270119527498,0.175452463853851,stable
LEMD3,-0.0267970343150146,0.586372507670535,0.811757365092256,stable
FBXO25,-0.0268255443061229,0.270301296060826,0.552166283931741,stable
FAM3A,-0.026838891186507,0.849703948262802,0.944596313528964,stable
MIS18BP1,-0.0268447734723812,0.703009073182304,0.87797128224157,stable
PLEKHG1,-0.0268502693235287,0.329817593031055,0.611139951070429,stable
ZNF302,-0.0268596380743752,0.529742929667523,0.773572759796416,stable
TAF9,-0.0268630560270614,0.756368521952465,0.905301949705956,stable
SLC25A20,-0.0268704926275812,0.513517968243974,0.763161624915733,stable
SPOPL,-0.0268781369121962,0.558813485345037,0.79470711408721,stable
RNF180,-0.0268928574966264,0.390945615375221,0.66792485096804,stable
ATG5,-0.026911828480764,0.76555510113854,0.909951660675258,stable
TUSC1,-0.026920549195018,0.491927071402453,0.747804513954856,stable
MFSD7,-0.0269530304877636,0.0103514619393974,0.0725968277379199,stable
N6AMT1,-0.0269553278588134,0.154851861144132,0.404752630889026,stable
HADHA,-0.0269618008282426,0.923605040060461,0.973595732998537,stable
MAP2K1,-0.0269651677344259,0.550553454785453,0.788513817375205,stable
ARL13B,-0.0269737772693149,0.753775448581793,0.903592090158113,stable
ATF2,-0.0269764475418217,0.67065464602417,0.861052661800173,stable
TCF7,-0.0269965141748646,0.0610615818438354,0.229737388876283,stable
TRAF3IP1,-0.0270025721959318,0.381407004865982,0.660946870921713,stable
ANP32E,-0.027015893132214,0.283280673225577,0.564805569973813,stable
NUP214,-0.0270241417528226,0.340092710325789,0.62063428308399,stable
ZNF358,-0.0270447081224534,0.237636190807412,0.51386251484695,stable
RFC2,-0.0270642527614323,0.00247703495215072,0.0271806779668674,stable
DDX51,-0.027101457114042,0.094674029781813,0.30256087321644,stable
CLASP2,-0.0271017164943405,0.726421285231419,0.888777278617642,stable
ZNF700,-0.0271030070872101,0.139479493967151,0.381327311212685,stable
TXNRD1,-0.0271047018796868,0.859572075857201,0.948493325083808,stable
USP11,-0.0271135956877587,0.364539337960664,0.645254686827565,stable
MED1,-0.0271423116296914,0.0243157680644281,0.129261097146397,stable
FASTKD1,-0.0271493914758762,0.220807615458978,0.494169222147665,stable
CACNA2D1,-0.0271576212336906,0.157684763764641,0.408701561825855,stable
BCL7C,-0.0271791732213789,0.00341145247851915,0.0345256112277584,stable
C22orf29,-0.027202018242476,0.596732911561972,0.818275723296654,stable
POMC,-0.0272307837964674,0.259453309686634,0.539472232966391,stable
ERCC3,-0.0272430789647258,0.57397454368765,0.804525263391565,stable
DDX55,-0.0272433061350274,0.49183007540413,0.747804513954856,stable
TMEM170A,-0.0272654786472555,0.612675474297895,0.825454094325743,stable
UGGT2,-0.0272701290229628,0.605978359291096,0.822863072177992,stable
HPS6,-0.0272734267491618,0.107457817646262,0.326919950947711,stable
FAM76B,-0.0272773086447812,0.34596395864167,0.626064164387235,stable
SH2D3A,-0.0272878374130465,0.341223885905425,0.621387029222722,stable
CUL4A,-0.027306371518348,0.377680856125073,0.658208073345727,stable
RAB33B,-0.027321632569788,0.199565049759549,0.470035292535786,stable
PCF11,-0.02734511113761,0.315532532462697,0.59892386286087,stable
GULP1,-0.0273720633429668,0.623750514587048,0.832484582412062,stable
DGKQ,-0.027387619210729,0.164127298641381,0.419550836175708,stable
SURF1,-0.0273953724019008,0.850368447585525,0.944679526855665,stable
C9orf41,-0.0274033428085086,0.108280169546564,0.328156321217929,stable
RAPH1,-0.0274129899637412,0.715459304540583,0.884323033748025,stable
TMEM184C,-0.0274144355544158,0.421852188808789,0.69246509914725,stable
CAMTA2,-0.027458231459537,0.605360331473082,0.822396609460654,stable
SAMD8,-0.0274818457284629,0.498951573214127,0.752889924420777,stable
NSUN3,-0.0274962299654598,0.372878525177091,0.653392645035086,stable
SPARCL1,-0.0274988855998002,0.421465801609157,0.692334675097074,stable
GEMIN6,-0.0275063340355564,0.503991697579554,0.756669066616843,stable
RASA4,-0.0275139247810634,0.263424967873815,0.544304734159824,stable
KATNB1,-0.0275166541665249,0.000292768174422128,0.00531767929292139,stable
ZNF133,-0.0275193075068205,0.232452064451861,0.509685028853731,stable
DNAJC17,-0.02757730739672,0.261749305034677,0.542161506002524,stable
ZW10,-0.0275833753255914,0.249859829808216,0.529577056339398,stable
STRADB,-0.0275854734727471,0.178353744273929,0.440176896831113,stable
ATF6B,-0.0275869034159775,0.699008530307192,0.876355325282287,stable
MKNK1,-0.0275889463609732,0.641770827270593,0.84468731585054,stable
CRYZ,-0.0275918441486944,0.39480041340761,0.670749166573262,stable
MMP15,-0.0275952390114518,0.515604803243992,0.764781250539107,stable
LPIN3,-0.0276092351136243,0.503872619146486,0.756669066616843,stable
ZBTB5,-0.0276097217901582,0.337870315059179,0.618560241318467,stable
HCFC1,-0.0276125985289444,0.579644284782206,0.807818514001755,stable
MAP3K6,-0.0276420092014474,0.500150028858438,0.753964968299814,stable
GPR107,-0.0276609670436775,0.16001836556722,0.412236986447566,stable
TNRC18,-0.0276802528598765,0.829867928097515,0.93685865839158,stable
CDC37L1,-0.0276900712579931,0.59405154920584,0.816690856570923,stable
CDKAL1,-0.0276924334744099,0.168492918128949,0.425706729717441,stable
DCP2,-0.0277068287626452,0.632892057152199,0.83913251229152,stable
ARHGEF40,-0.0277156529128348,0.290897427523004,0.573673498488007,stable
TMEM87A,-0.0277277098488795,0.765903849027769,0.909951660675258,stable
CDAN1,-0.0277277239693411,0.0106108722587669,0.0736973309608902,stable
SMU1,-0.0277368012345765,0.183046203832911,0.446238711201124,stable
ABHD12,-0.0277377960333082,0.793206025671434,0.921862564918008,stable
EPN1,-0.0277529070733097,0.845333916628639,0.942453011195424,stable
NUDT18,-0.027758961095384,0.500906033556348,0.754259097584725,stable
KIAA0196,-0.0277605421001256,0.530400261027591,0.773845876216077,stable
ABHD17B,-0.027798014346143,0.209478369418203,0.481701120689049,stable
PLEKHA8,-0.0278388472207555,0.122119480828439,0.35390908810973,stable
GPR157,-0.027840164296395,0.108864207375617,0.329313553813298,stable
CFD,-0.0278765618818847,0.658949816533449,0.854759241287671,stable
POGLUT1,-0.0278829808514336,0.533635970402192,0.7758285088245,stable
ZBTB7A,-0.0279226950247442,0.313146588563971,0.596223076845254,stable
C11orf73,-0.0279424216662901,0.442731984899419,0.710307297563252,stable
LRRC8C,-0.0279478442609735,0.303908009903494,0.587068823176408,stable
ZNF688,-0.027966048318897,0.287463086489462,0.570261079072896,stable
CCDC68,-0.0279689854954811,0.72079965163093,0.886067471996831,stable
GZF1,-0.0279745863761534,0.108347424119401,0.328156321217929,stable
ZCCHC10,-0.0279812138861342,0.577717798765017,0.806792348207554,stable
COX20,-0.0279858088851371,0.765200322104216,0.909951660675258,stable
AREL1,-0.027994541342612,0.439907326455573,0.708395094005128,stable
DHX32,-0.0279987857617195,0.557476389589045,0.79398639459664,stable
RIT1,-0.02800054398969,0.56758184168199,0.800608688047625,stable
CNPY2,-0.028008148819284,0.770331793746777,0.911144003987955,stable
NINJ2,-0.0280495045656316,0.65870995819762,0.854759241287671,stable
GXYLT1,-0.0280574130152978,0.505772311057289,0.757774997558939,stable
TMEM11,-0.0280750401069967,0.699490715750118,0.876442651632784,stable
SELO,-0.0280780327847627,0.507710064901421,0.758802767252105,stable
CRAT,-0.0281287727126386,0.519260396078302,0.767340314514164,stable
OGFOD1,-0.0281293263774402,0.0807364605439373,0.272781230980953,stable
INPP5B,-0.0281334800796022,0.635534177707817,0.840684967893123,stable
WSB2,-0.0281578796292246,0.768672291813376,0.910547965388189,stable
SENP5,-0.0281676317344222,0.215847556026172,0.488966533330832,stable
CAP2,-0.0281781363506016,0.266985275953424,0.548232490047817,stable
WBP11,-0.0281908590613449,0.319770992030062,0.602107302306759,stable
KLHL18,-0.0282038695008131,0.199463336185529,0.469886263544403,stable
VCPIP1,-0.0282206941569275,0.524800902413211,0.771069764070711,stable
EFNB2,-0.0282547337943336,0.687621535689396,0.8712063627628,stable
DPH7,-0.028263322194698,0.514354381348962,0.763690994486786,stable
NOS1AP,-0.0282779059238326,0.288924438250461,0.571490668798322,stable
MNT,-0.0282825057459826,0.401014394450021,0.675671944556451,stable
BNIPL,-0.0282893950755857,0.373345410282996,0.654086399040468,stable
ST7,-0.0283171576698985,0.552411275146095,0.789601897496009,stable
MAML1,-0.0283368413655071,0.403376061462077,0.67752961210448,stable
DHX33,-0.0283408506063761,0.292356910481563,0.57488796959905,stable
OVOL2,-0.0283411751866309,0.157997850140386,0.409014341405354,stable
DTX3L,-0.0283467432843761,0.00930389146804073,0.0676453252913126,stable
RUNX1T1,-0.0283712889203955,0.285017609887847,0.567158597308977,stable
OSBPL11,-0.0283936561106506,0.442531280915527,0.710307297563252,stable
CTDSPL2,-0.0284183829906669,0.600705384157235,0.819743130444437,stable
UBE2E2,-0.0284341788152582,0.259419755977164,0.539472232966391,stable
STX18,-0.0284584200416048,0.018351383490701,0.106720890480651,stable
CCDC120,-0.0284632397646358,0.329651769552369,0.61111059008313,stable
VASP,-0.0284807893300311,0.139403284749477,0.381308067303113,stable
LINC00667,-0.0285220317370993,0.418034373765549,0.690174525244472,stable
TRIB1,-0.0285292457470787,0.422337768108997,0.692748615716087,stable
ARMC8,-0.0285361360095511,0.0281748316527429,0.142701880054903,stable
MARCHF5,-0.0285372975475015,0.604606644183076,0.821958118418445,stable
HDHD1,-0.0285392965032162,0.425030976729215,0.694596077478332,stable
TM4SF4,-0.0285515311817192,0.00503719248506272,0.0444903474981262,stable
C1orf226,-0.0286148953397212,0.0504149592375504,0.204131322199343,stable
ZNF830,-0.0286177121340424,0.519963526347591,0.767875142456692,stable
ZNF841,-0.0286211768850156,0.205757085732745,0.477227744004229,stable
BCS1L,-0.0286283915869817,0.262296693250805,0.542891090128318,stable
CMYA5,-0.0286583979712847,0.279267907909458,0.560553514989362,stable
TMEM184A,-0.0286684636703714,0.0852163235449818,0.283144662930229,stable
AGA,-0.0286884239831754,0.00439075367780778,0.0412865945827094,stable
ZNF766,-0.0287148322208898,0.448011728827989,0.71386480477315,stable
HINT2,-0.0287210362334565,0.841730334804213,0.941727220633964,stable
TOR1B,-0.0287254969393241,0.362427657222084,0.643473592139833,stable
GNA13,-0.0287285416732493,0.214262051603176,0.487281733729715,stable
MTRF1L,-0.0287395098079612,0.391346375393533,0.66832330315652,stable
CDC40,-0.0287458580125781,0.718603526665471,0.885683556156354,stable
SFI1,-0.0287480092326814,0.131340011724059,0.368403006726686,stable
NEO1,-0.02875482079109,0.756170272539755,0.905301949705956,stable
NUPR1L,-0.0287646591257671,0.259738281761768,0.539897201190725,stable
BCAS4,-0.0287660641088275,0.54199285685903,0.782265851300546,stable
REXO4,-0.0287679917978183,0.153707043602435,0.402768467523294,stable
MED7,-0.0288154068702144,0.56330056273701,0.797424681586939,stable
TMEM39A,-0.0288252750343128,0.419893133319023,0.691468902289065,stable
BAG4,-0.0288254315188675,0.371751907575304,0.652072796412759,stable
ASCC1,-0.0288299711912039,0.332979571450301,0.613927945913799,stable
HLCS,-0.0288313187755157,0.333382521718498,0.614285615232675,stable
UBE2J1,-0.0288421308791919,0.383387858305175,0.662305962745515,stable
C21orf59,-0.0288507529275379,0.697466203025198,0.876163931610284,stable
GLG1,-0.0288916504239997,0.776929754323946,0.914099754351936,stable
FEM1B,-0.0289060420336156,0.663095493371803,0.856746571290236,stable
FAM53C,-0.0289257090351177,0.398447724015116,0.673017131181536,stable
USP5,-0.0289444802331369,0.254223919261787,0.534324826178832,stable
CLOCK,-0.0289627229600379,0.692379645206702,0.873622743628333,stable
IGFALS,-0.0289811790759923,0.271055594200439,0.553337271794617,stable
ELL,-0.0289840065746505,0.362391181802092,0.643473592139833,stable
LOH12CR1,-0.0290069197612384,0.110597515510531,0.332418005802982,stable
STK11,-0.0290261104011889,0.530870708723188,0.774109930028897,stable
DNAJC5,-0.0290436695215812,0.017789916930287,0.104640596978301,stable
STRAP,-0.0290789697958102,0.640047266448936,0.843874193869187,stable
HSD17B10,-0.0290948790043212,0.277811444689698,0.55936259294077,stable
RAB8B,-0.0290980537762473,0.247721773537673,0.52695032588027,stable
RAD9A,-0.029101525345268,0.393270387986119,0.669732129108709,stable
DLGAP1-AS1,-0.0291018072411381,0.501227227925765,0.754561290729435,stable
SAFB,-0.0291064817769366,0.0359306737796934,0.165929941927832,stable
SCFD1,-0.0291492959133003,0.79242068716413,0.92142552601504,stable
NUDT12,-0.0291529283006896,0.560522282850194,0.795521233665479,stable
IFNAR1,-0.0291552294757634,0.753975479252921,0.903592090158113,stable
MED25,-0.0292022933230585,0.513341286665262,0.763020900802062,stable
USP14,-0.029210764433468,0.363991411748713,0.644672743576032,stable
LRRC16A,-0.0292264165962463,0.0808429032465489,0.273065390794643,stable
NCOA2,-0.0292346021356424,0.636406417518447,0.841201562256217,stable
FAT4,-0.0292515086999671,0.393611968034029,0.669940503654688,stable
PON2,-0.029262516045039,0.80002787403962,0.92556698204243,stable
ST6GALNAC6,-0.0292743958037569,0.652797668118678,0.850724807578115,stable
GTF2E2,-0.0292790637274964,0.309408989317821,0.592893795434542,stable
TBC1D14,-0.0292914778788169,0.708585785383488,0.881341474176726,stable
DOLK,-0.0293055761600403,0.263341871179857,0.544225026762902,stable
CORO7,-0.0293162525496273,0.174464491845667,0.434791834520169,stable
POLR3E,-0.0293503730023299,0.434531892664288,0.703631985154094,stable
LDOC1L,-0.0293647801750234,0.197804203808181,0.467695132952336,stable
UTP20,-0.0293702725091841,0.463491258727988,0.725800144420372,stable
HSPA14,-0.0293840567311312,0.456392970994142,0.719678492960835,stable
GATA6-AS1,-0.0293850863974409,0.395175584952837,0.671099118392309,stable
CCNJL,-0.0293892118853357,0.234367083365171,0.511224701473207,stable
ASCC2,-0.0294136987890371,0.674980948039933,0.863802414583358,stable
TARDBP,-0.0294154840887982,0.552957847929707,0.789921319749064,stable
GFER,-0.0294215869956553,0.31146652643037,0.594901065482006,stable
USP9X,-0.0294715537884123,0.823315618514426,0.93516169120241,stable
XXbac-BPGBPG55C20.2,-0.0294918594257768,0.214575076124922,0.487540098615436,stable
SGPL1,-0.0295005545686386,0.364129764551814,0.644672743576032,stable
C1orf50,-0.0295041499235333,0.40554048835657,0.679644492688608,stable
GNA11,-0.0295261772863285,0.623981602080811,0.832702085571598,stable
PLD1,-0.0295272990425447,0.0268129398715105,0.137903486424208,stable
ZNF791,-0.0295795352139418,0.522623618678001,0.76970495358071,stable
YTHDF3,-0.0296004298153852,0.494919706310858,0.749677631963312,stable
TICAM1,-0.0296127676918472,0.183178690057744,0.44631778099778,stable
IFT20,-0.0296196074338138,0.674729415172876,0.863667131925195,stable
WRNIP1,-0.0296375352948559,0.00532859703066222,0.0462619105843856,stable
PHF1,-0.0296519975185142,0.547097123974217,0.7856808321735,stable
ZNF770,-0.0297452105291154,0.2376359239084,0.51386251484695,stable
ADNP,-0.0297658990274329,0.688923578337781,0.871765414914015,stable
C16orf80,-0.0298195976343687,0.623633434868507,0.832484582412062,stable
CAPRIN2,-0.0298232529459018,0.521857998846157,0.769304625968749,stable
MRFAP1L1,-0.0298488565634472,0.408213753333259,0.681974158910177,stable
DONSON,-0.0298693122663097,0.00354416718014845,0.0355443402163379,stable
ITGA1,-0.0299010936108231,0.102223441148178,0.317716589014831,stable
TANC2,-0.0299077505210085,0.365896671922675,0.646241655969526,stable
RNF214,-0.0299103995446466,0.493530856966587,0.748966008138989,stable
PRMT3,-0.0299142502218398,0.374883561017718,0.655584313409718,stable
WDR5,-0.0299383522723592,0.531263536146126,0.774433823972907,stable
OXR1,-0.0299491352170419,0.557151469371887,0.793844175432647,stable
ARL2BP,-0.0299596386032441,0.867781056478273,0.951811189550792,stable
PELO,-0.0299705353836848,0.158801768371569,0.410400172637221,stable
LACTB2,-0.0299721884189502,0.598938667069108,0.819184161633394,stable
OSBPL10,-0.0299894951746222,0.508237331990022,0.759086974076438,stable
APPL1,-0.030018690718873,0.274601105525739,0.556393819649699,stable
CHST12,-0.0300223764974136,0.442939188601765,0.710307297563252,stable
INPP4A,-0.030035346208779,0.466610413330156,0.728460497132545,stable
TTF1,-0.0300399662371968,0.273876040669761,0.555866595277353,stable
MZT1,-0.0300400685423821,0.178786139751265,0.440532508026499,stable
ASXL2,-0.0300488983048131,0.623609204259473,0.832484582412062,stable
GLRX,-0.0300606187391821,0.820088948475795,0.934187615894895,stable
LINC02967,-0.0300657449381176,0.429826562590211,0.699068640380885,stable
AKT1,-0.0300824488688006,0.815027769324118,0.93237389972742,stable
TP53INP1,-0.0301167871247515,0.616796499249282,0.828612813887281,stable
MICU2,-0.0301226720880091,0.208843402210095,0.481588709416376,stable
HOMER3,-0.0301231100233823,0.073349300405755,0.256544162563648,stable
HERC3,-0.0301287776657627,0.00168857634718682,0.0205794190109787,stable
SDHA,-0.0301352421125795,0.725302934247831,0.888654211511024,stable
TMEM203,-0.0301359430687266,0.229013374924439,0.504953011377407,stable
TAF4,-0.03014328702797,0.255250618560267,0.535676894599448,stable
PCMTD2,-0.0301678961488673,0.338878862249638,0.61969055483088,stable
MAP3K5,-0.0301685679609399,0.20402595471578,0.475065277000676,stable
KIAA1432,-0.0301786388907355,0.329911841146361,0.611221937886195,stable
LRSAM1,-0.0302011590456235,0.353304879309075,0.633552511102359,stable
MAPRE1,-0.0302082477261536,0.665543570740522,0.858186140161618,stable
C3orf52,-0.0302184200251228,0.567525503994618,0.800608688047625,stable
HMBOX1,-0.0302275400974392,0.224281601590382,0.49793285467505,stable
ITGB1BP1,-0.030234525315066,0.258920636256776,0.539098255425452,stable
ZNF365,-0.0302534924825718,0.17818106513826,0.440017240454563,stable
ADAM15,-0.0302560065160862,0.0550348382537447,0.215797755024879,stable
RAD1,-0.0302574518087919,0.281508321914348,0.56255643731911,stable
SCYL3,-0.0302581531825287,0.22416546155072,0.49793285467505,stable
KLHL7,-0.0302688113970562,0.375170823452176,0.655762287695734,stable
BLTP3A,-0.0302828762451311,0.457596021605802,0.72027475767568,stable
PIK3R1,-0.0302851639864727,0.33185090298475,0.61295639741396,stable
ZNF407-AS1,-0.0302878163099507,0.033649563089686,0.159122730834941,stable
UCK1,-0.0303038943192083,0.389429501544038,0.667562225055998,stable
MREG,-0.0303095763409181,0.490964070893529,0.747297323197921,stable
MAPK15,-0.030319494242994,0.290341758977744,0.573366342769618,stable
PSMB4,-0.0303244502306862,0.474726857866644,0.735214156801052,stable
DYNC2I1,-0.0303310903133081,0.565051416525019,0.799146724006803,stable
SRSF7,-0.0303328114401072,0.448633200108371,0.714631819347716,stable
DCLK1,-0.0303358310595887,0.0362747104899137,0.16707688810426,stable
CSNK1G1,-0.0303393519274276,0.276005243793265,0.557391062304455,stable
EIF4G2,-0.0303435587865892,0.611624457414171,0.824769118483733,stable
NEK7,-0.0303494777222338,0.383467306732223,0.662305962745515,stable
COX19,-0.0303561733420414,0.196260676775326,0.465371915690331,stable
ERCC5,-0.0303578414295233,0.601738693639717,0.820577174369913,stable
ACBD4,-0.0303712911998039,0.46124841267052,0.723508353199593,stable
SMNDC1,-0.0304002108744758,0.595953301070599,0.817980367424994,stable
CABLES1,-0.0304040343333859,0.535905682868107,0.77771722623608,stable
DMXL2,-0.0304105837134425,0.0522830251686737,0.208775777432598,stable
CHPF,-0.0304125003797412,0.726168812335633,0.888777278617642,stable
RIC3,-0.03042002422074,0.667838311074826,0.859478037067766,stable
XPO7,-0.0304343246556387,0.585628581936228,0.811410942596434,stable
TMEM67,-0.0304549643966327,0.351582311178018,0.632392903449101,stable
KHSRP,-0.0304735771075003,0.397992174210962,0.67273657930586,stable
CEP20,-0.0304843066422723,0.276494156345836,0.557457457887431,stable
FKBP14,-0.0304848397991638,0.445059396693677,0.712337145865723,stable
TRNT1,-0.0304940526638707,0.308172284162955,0.59193871804022,stable
CCM2,-0.0304947506658501,0.000643369288298629,0.00978177385592343,stable
FBXW7,-0.0305206479991478,0.442609070515792,0.710307297563252,stable
SUGP2,-0.0305220694707598,0.657846076392875,0.854479910511795,stable
MTMR1,-0.0305222190090764,0.450889083403975,0.716638688796019,stable
SNX4,-0.030524674210849,0.67303784225232,0.86259108150795,stable
VPS53,-0.0305397863565687,0.681308883152107,0.867019606709919,stable
ARID1B,-0.0305463007438869,0.622677327258649,0.832473473114108,stable
CARKD,-0.0305491550926388,0.194393368997933,0.463209462501117,stable
MED29,-0.0305596278343509,0.383344387925852,0.662305962745515,stable
SCO1,-0.0306017219158569,0.407162912721577,0.681086102357561,stable
LZTS2,-0.0306034682428097,0.591410473560324,0.815187687941471,stable
SLC6A13,-0.0306274578367273,0.243632447537819,0.52139180679094,stable
SFMBT1,-0.0306357130528658,0.0555797061969215,0.216854876652145,stable
ZSCAN30,-0.0306396463144388,0.38698249661026,0.665139769201886,stable
ARRB1,-0.0306512930178913,0.760068296159488,0.907242930597947,stable
ACSL4,-0.0306528469022991,0.758915761485613,0.906599052402916,stable
B3GALNT2,-0.0306600222138978,0.174913642571744,0.435289976953786,stable
CTU1,-0.0306638810269963,0.275321836754791,0.556790181317862,stable
CACNA2D3,-0.03066433725406,0.0260366729286744,0.13509010606117,stable
RFX1,-0.0306744053263373,0.110131031147244,0.331586631710322,stable
WHSC1,-0.030690523276856,0.520673428333,0.768592197553748,stable
SLC4A1AP,-0.0306957583501676,0.478842303764356,0.738409022482084,stable
CWC15,-0.0307133798817812,0.801016930718523,0.92596930751406,stable
AXIN1,-0.0307851631435115,0.386160322901191,0.664567617505865,stable
NDN,-0.0307861622353163,0.0209492427183903,0.117040010507131,stable
C10orf35,-0.0308124965044208,0.195372640838104,0.464265320822959,stable
LINC00883,-0.0308161358782521,0.28245021248613,0.563793500560165,stable
SLC25A28,-0.0308201725672317,0.373458035031079,0.654126811895673,stable
ZFYVE19,-0.0308425634864197,0.398521056805405,0.673047996461629,stable
ZNF484,-0.0308644022748658,0.0221630419789452,0.121489248946469,stable
CLN8,-0.0308657832198565,0.500648772895699,0.754150412800619,stable
ATP5J,-0.0308657921933917,0.790167690388018,0.920056596383028,stable
MED30,-0.0309025304618832,0.506943705896347,0.758492027035122,stable
ZNF276,-0.0309033659366554,0.0699494083932348,0.250164297308046,stable
CDC73,-0.030904235168517,0.642681340302086,0.845018468737517,stable
REPIN1,-0.0309065653056433,0.43720608224135,0.706514309006854,stable
MANSC1,-0.0309066120342484,0.470634644481728,0.731866141603062,stable
PDCL,-0.0309108573549145,0.182698247886235,0.445769138155955,stable
TCF12,-0.0309173045474528,0.578931216639389,0.807550672629678,stable
LUC7L3,-0.0309210062604844,0.0283034051039454,0.14320398343983,stable
ZNF746,-0.0309543441479437,0.25848776093176,0.538712523649136,stable
PSEN2,-0.0309705362242582,0.172314098516634,0.431733538281912,stable
UCHL5,-0.0309889913120703,0.105174434239285,0.322380211670265,stable
DMTF1,-0.0310106157017292,0.606117031321609,0.822863072177992,stable
PLEKHG4B,-0.0310292832052857,0.234592303336033,0.51141645121798,stable
LSS,-0.0310558032971768,0.0642506704375435,0.236495090463274,stable
PLA2R1,-0.031078622401578,0.388516529429666,0.666370991405673,stable
SZT2,-0.0310886094375754,0.446379272007349,0.713051252519777,stable
AGO1,-0.0311006890472674,0.366531563729313,0.646814181467753,stable
FAM185A,-0.0311183042678152,0.295342988498756,0.577366494707947,stable
AATF,-0.0311585348148992,0.170858739477828,0.429394990003488,stable
ECE1,-0.0311644488280148,0.377136024376001,0.657913262340565,stable
GPATCH1,-0.0311887746836554,0.137203051265065,0.378252164786684,stable
ANKIB1,-0.0312009796156069,0.124374951045621,0.357194892097776,stable
DDX52,-0.0312015771361332,0.608802947566544,0.823868839926208,stable
OBSCN,-0.0312072782966759,0.0246566904895408,0.130252110866096,stable
DYNC2LI1,-0.0312118912700156,0.103916883677684,0.320453019816309,stable
TTC28,-0.0312350072808696,0.0948998637794876,0.303106479993604,stable
MARCHF7,-0.0312424919086734,0.73335062917795,0.893143179343555,stable
RAB7L1,-0.0312589429435429,0.214244008274524,0.487281733729715,stable
MIR4458HG,-0.0312693425597257,0.155785952369476,0.406145052421864,stable
KIAA1161,-0.0312723161820681,0.282575828776942,0.563860093204268,stable
DDHD1,-0.031281044823531,0.172793902659319,0.432480070865584,stable
TAF1,-0.0312845759169301,0.337821222912915,0.618560241318467,stable
BLZF1,-0.0312854384752845,0.611297104825414,0.824703660807809,stable
PPME1,-0.0313123947990363,0.59898109980342,0.819184161633394,stable
ELF4,-0.0313338259239087,0.124185159655048,0.357017730861549,stable
RMND5A,-0.031336245650761,0.375663235013108,0.656296610661745,stable
XRN2,-0.0313601860172522,0.731723249629365,0.89187207134005,stable
PUS7,-0.0313700163814642,0.112943923101987,0.336246107159934,stable
SBNO1,-0.031377475541353,0.565532726677087,0.79947635606577,stable
ITSN1,-0.0314254447803741,0.173865595737822,0.43391854681485,stable
MCFD2,-0.0314268676041761,0.819947844129574,0.934113927925434,stable
PDE12,-0.0314425183832598,0.347374312125663,0.627594382415624,stable
ENKD1,-0.0314455207086728,0.329024083250141,0.610830250578354,stable
ACSL1,-0.0314574428949393,0.0802871252035579,0.271488193219445,stable
PIK3CB,-0.0314786310157048,0.0750461158122577,0.259802809314369,stable
TRIM37,-0.0315017708740969,0.113541598428505,0.337532222565672,stable
MAFB,-0.0315321182641997,0.271548476659647,0.553601715939993,stable
MROH1,-0.0315364687186281,0.609930752424583,0.824218924701334,stable
TMOD2,-0.0315480988328864,0.335097247121997,0.615801101935704,stable
RHOBTB2,-0.031549450909831,0.676134996972569,0.86446121627513,stable
NFIC,-0.0315568343963009,0.688879781665604,0.871765414914015,stable
TMEM37,-0.0315575624856017,0.651407019503376,0.849365477630093,stable
KIAA0430,-0.0315721758538268,0.626368329256274,0.83442964873896,stable
TIMM50,-0.0315723707485983,0.512499780425023,0.762419047817389,stable
EIF2S1,-0.0315782218741343,0.460229952295155,0.722697082888635,stable
ACPL2,-0.0315785376845994,0.022758360271624,0.12402951224268,stable
SRR,-0.0315793541637031,0.0160195893951272,0.0979117303830175,stable
SAMM50,-0.0315809193666449,0.0354683221266006,0.164640100985138,stable
LRRC47,-0.031589662108946,0.545485690710582,0.784506848218329,stable
STX12,-0.0315960146687767,0.0636871608244115,0.235615108510495,stable
DCLRE1A,-0.0316036251990084,0.094277836294321,0.301531206400257,stable
SMEK1,-0.0316293331689495,0.525397507985552,0.771096066468409,stable
NDNL2,-0.0316495778114333,0.524238527783344,0.77071958114984,stable
FGD3,-0.0316803568203446,0.349566609493424,0.630022016940088,stable
ZCCHC17,-0.031684573961937,0.191176916998826,0.458139503048685,stable
FAM105B,-0.0317028569017788,0.437029437351318,0.706377851670844,stable
RFWD2,-0.0317320731587953,0.592089595537873,0.815400462692856,stable
ZNF701,-0.031740785187504,0.0556349239659502,0.216931837499131,stable
SF3A3,-0.0318047681193789,0.641601550170098,0.84468731585054,stable
ARID3A,-0.0318106552597181,0.188957454390876,0.455051849582912,stable
RBM48,-0.0318294185315592,0.392950920570082,0.66952213546201,stable
GLT8D1,-0.0318422707381646,0.638892776264239,0.843120511395235,stable
MAP2K3,-0.031847210307526,0.712905413766292,0.883528430909791,stable
ICMT,-0.0318618470425119,0.676279663877542,0.86446121627513,stable
TMEM192,-0.0318761062180271,0.364080480869812,0.644672743576032,stable
RBM5,-0.0318939825244235,0.840522299908865,0.941150920040851,stable
SVIL-AS1,-0.031896608829228,0.287305070037625,0.570061775343525,stable
ZRANB1,-0.0319058071561141,0.558913586573551,0.79470711408721,stable
EPOR,-0.0319149589834066,0.421144263160751,0.692334675097074,stable
UBQLN2,-0.0319278879455779,0.577907742063252,0.806792348207554,stable
RNF216,-0.0319319599823335,0.511482883915435,0.76146007201741,stable
MTMR6,-0.0319498737568009,0.515841182094261,0.764781250539107,stable
SMCHD1,-0.0319612533037341,0.661372218034559,0.855967601191577,stable
SEC22C,-0.0319668654888123,0.367726180766435,0.647829985001555,stable
METTL10,-0.0319811414187714,0.416485176242623,0.688923927366801,stable
C8orf82,-0.0320101582767451,0.0761599924981832,0.26258977494663,stable
KLF10,-0.032020112868335,0.330953633076668,0.612687749618233,stable
MAPRE3,-0.032048209720417,0.510524955680637,0.760798911391807,stable
ANO8,-0.0320499724798688,0.0482286177157288,0.198433733745227,stable
CEACAM19,-0.0320518782368879,0.144318745476348,0.389090246098985,stable
AFAP1,-0.0320538473508041,0.508298985016447,0.759086974076438,stable
SLC5A3,-0.0320640858267552,0.138837165682933,0.380254360225633,stable
CTDSP2,-0.0320804004105724,0.221540039539055,0.495480653943364,stable
YARS2,-0.0320988718067077,0.0371160487226597,0.169052906888606,stable
VPS4A,-0.0321028358789496,0.178266714422113,0.440050952563794,stable
SRRT,-0.0321057799739722,0.476586039788147,0.736671889874796,stable
SLC30A5,-0.0321208163008085,0.623652516145148,0.832484582412062,stable
USP12,-0.0321485586552231,0.610967298894425,0.824641899453861,stable
NRDE2,-0.0321496940112653,0.543974046440062,0.783866408544538,stable
ZNF44,-0.0321571783531489,0.00286014664008408,0.0303571287485255,stable
ZNF322,-0.0321580715236972,0.585224583051673,0.811170203072679,stable
ATP2A2,-0.0321791551032104,0.0379642359677057,0.171498455457958,stable
PEX14,-0.0321986581383238,0.402872492058571,0.677153138765792,stable
BTRC,-0.0322115838459076,0.172474015236701,0.431944757683556,stable
TBRG4,-0.0322297187718559,0.4898599998215,0.746453333061333,stable
MAP7D3,-0.0322339322954581,0.0838192677599979,0.280100253990764,stable
CDK18,-0.0323021634691767,0.447451032661105,0.713670809428239,stable
MAPK8IP3,-0.0323179279966291,0.537275780738677,0.778378505279642,stable
MGAT5,-0.0323334739287691,0.184306128573493,0.447770046296639,stable
ZNF84,-0.032369074000524,0.477079434874544,0.73699216629678,stable
CHD8,-0.0323819977510159,0.414972041431742,0.687768581333121,stable
ARHGEF5,-0.0323876669660986,0.427318814596949,0.696896785649372,stable
XPO6,-0.032394616840877,0.56460361209088,0.798809554884134,stable
AP4E1,-0.0324134193178512,0.204895440402223,0.476348775860932,stable
FITM2,-0.0324175015649429,0.473562744204774,0.734434613931711,stable
EXD2,-0.0324211325660891,0.433326656451803,0.702523567094268,stable
ARMC9,-0.0324526846348348,0.342847115811255,0.62246695799077,stable
SLC23A2,-0.0324947818097563,0.0820189355157975,0.275742427872692,stable
WRAP73,-0.032512055964496,0.521256137041114,0.768988054452158,stable
PAXIP1-DT,-0.0325453523730625,0.422951293461795,0.693329302839879,stable
ZNF205,-0.0325513115944483,0.408439075574612,0.681977770772307,stable
RIOK2,-0.0325785075411864,0.000303532229755003,0.00545643820077229,stable
CSE1L,-0.0325812047979451,0.210117636075142,0.482343283264326,stable
SEC24A,-0.0325860902640805,0.339892004846686,0.620591764569186,stable
VAPB,-0.0326091246871982,0.730296588428168,0.891073991955914,stable
SLC35F2,-0.0326098741610604,0.00130428182635195,0.0168536374686323,stable
ARMC7,-0.0326221421297384,0.524233670407578,0.77071958114984,stable
ENOPH1,-0.032641103605225,0.509356422472719,0.760114800280586,stable
ACTR1A,-0.0326858724034703,0.773378021413756,0.912526344957698,stable
MXD4,-0.0326989810770704,0.711796038077084,0.883015177920431,stable
ZNF680,-0.0327039350541986,0.0867377151783148,0.285944398689245,stable
SLC25A17,-0.0327418157650512,0.501842995257706,0.754833120958558,stable
NSL1,-0.0327711574135923,0.600649156223568,0.819743130444437,stable
KCTD11,-0.032793865875123,0.12732282318619,0.362426945146047,stable
RAB23,-0.0328001890433706,0.165551776390772,0.421605190541832,stable
RBFA,-0.032852963458628,0.519873633774687,0.767875142456692,stable
GRAMD4,-0.0328696120963742,0.0804520440608004,0.271895434503518,stable
SRGAP2B,-0.03287096171196,0.427598771583371,0.697007367045485,stable
HSPA13,-0.0328884986615238,0.476727121566488,0.736727223012484,stable
NAPEPLD,-0.0329084609699126,0.321791045915652,0.603412358796383,stable
CDK2,-0.0329418143015661,0.269775306933041,0.551949533074691,stable
RNF138,-0.0329467646171756,0.190012120972281,0.456638985283882,stable
BIN1,-0.033013133342889,0.767648159012102,0.91033479780403,stable
SCX,-0.0330234631325058,0.14406533618818,0.388725083824373,stable
RTFDC1,-0.0330252794394315,0.662978050724755,0.856685379710297,stable
FGF18,-0.0330933217116517,0.00886469288744882,0.0654755322393803,stable
RMND5B,-0.0330973877568396,0.536867408540292,0.778304933823118,stable
RALGDS,-0.0331037116959533,0.597522277063148,0.81835307287244,stable
SP3,-0.0331168529347726,0.564761929003418,0.798897343449555,stable
INPP5F,-0.0331400250908727,0.299086209913836,0.58170721240839,stable
CCDC66,-0.0331411593106653,0.210265432650631,0.482448521289817,stable
PPP6R3,-0.0331465723371024,0.401617343191574,0.676314974951618,stable
ARSJ,-0.0331470736104252,0.455225117797315,0.71876412295975,stable
ATG12,-0.0331621288300526,0.69517667790458,0.874623271995222,stable
ANKRD13C,-0.0331879879979806,0.384285032431877,0.662739875345269,stable
BSPRY,-0.03321566774965,0.411136282243889,0.683821754263527,stable
STK39,-0.0332352382366415,0.252140353031074,0.531585624853859,stable
AURKAIP1,-0.03329755899529,0.713636809845183,0.883965369686486,stable
METTL2B,-0.0333201920190012,0.472504044664999,0.733632597737197,stable
GPD1L,-0.0333209183404574,0.685775955760089,0.870098522473871,stable
IDH3A,-0.0333379072895304,0.217552069734119,0.491169097800768,stable
RILP,-0.0333609262700354,0.363023283164663,0.644057758942205,stable
TSPAN12,-0.0334030743609161,0.0758561727571408,0.261939507283415,stable
CTSL,-0.0334304309642096,0.405951941494088,0.680054341897182,stable
HDGF,-0.0334321284073203,0.800395893399393,0.925672435167309,stable
GCA,-0.0334399629183585,0.617008277243308,0.828643065372687,stable
GID4,-0.0334501245400997,0.13198902894806,0.369629757127395,stable
N6AMT2,-0.0334925628093287,0.50624727532351,0.758099558196077,stable
CCDC47,-0.0335227658521219,0.829221333908521,0.936513822915223,stable
NSUN4,-0.03352448682084,0.0632121137979082,0.234437159910689,stable
IRF6,-0.0335422414512709,0.506600453694215,0.758214860657576,stable
SYNRG,-0.0335488770880972,0.588250733628451,0.812799061294214,stable
YJU2B,-0.0335570736591788,0.484741992383672,0.74422081322507,stable
TRIM52,-0.0335596164228913,0.0153762074835221,0.0952654639019637,stable
RTCA,-0.0335700337060731,0.622855594800328,0.832473473114108,stable
MPP1,-0.0335835919761995,0.163223561622383,0.418115007810563,stable
KIAA1147,-0.0335947534106061,0.31873394733239,0.601358816513526,stable
AGAP3,-0.0335955464881295,0.725193149960061,0.888654211511024,stable
RSAD1,-0.0335976058737868,0.479572175972531,0.739068365997001,stable
ZNF394,-0.0336674196455168,0.285534912389259,0.567910636030963,stable
TMEM102,-0.0336897602810344,0.372190353132367,0.652654551239429,stable
UBE2Z,-0.0337058328953698,0.201230208335081,0.472682180378175,stable
ZXDB,-0.0337145582318019,0.00389843139665288,0.0381371570149129,stable
MYO19,-0.0337314182394312,0.355811860172881,0.636348819129963,stable
TFAM,-0.0337456426201823,0.576648572351833,0.806259446563642,stable
CENPT,-0.0337594518226695,0.185781762788297,0.449969539988933,stable
COG7,-0.0337603801511809,0.236460087316454,0.512861623022771,stable
TMX4,-0.0337782627200441,0.636355811053903,0.841201562256217,stable
KATNAL1,-0.0337824433730969,0.340172672935172,0.62063428308399,stable
RPRD2,-0.0338085045806215,0.52711094222761,0.771772809803131,stable
ENTPD4,-0.0338235764408829,0.119908824910195,0.34957440393566,stable
HGSNAT,-0.0338251975153493,0.156359997525081,0.406669065903531,stable
RNMT,-0.0338384150337364,0.796125337953042,0.923499348181627,stable
CLEC16A,-0.0338456229725468,0.4045438408508,0.678705001677942,stable
ARHGEF11,-0.0338466165623723,0.186851172544502,0.451486209366277,stable
ZNF43,-0.033894730228479,0.169414458337464,0.426994296642714,stable
NUDT19,-0.0339039051572855,0.338984793476803,0.619707063877316,stable
GRWD1,-0.0339202518070016,0.27920648228216,0.560553514989362,stable
ARMCX6,-0.0339328068998809,0.0918155860558341,0.295749133887858,stable
GAN,-0.033948026388491,0.418843701294887,0.690857563706477,stable
CNKSR1,-0.0339734620820449,0.778175724495759,0.914534160241108,stable
ZNF597,-0.0339859002197942,0.28670059889704,0.569635394650956,stable
METRN,-0.0340222053256193,0.376023000332225,0.656695342451075,stable
SPRY1,-0.0340364315882788,0.435883328278044,0.705166464382056,stable
PSORS1C1,-0.0340455624313323,0.383680320267606,0.662325645349599,stable
UNG,-0.0340492452860702,0.177528213792894,0.439292486923956,stable
PWWP2A,-0.0340502526096276,0.252144191631092,0.531585624853859,stable
DEDD2,-0.0340610966846415,0.239265261632277,0.516198121813088,stable
TMEM186,-0.0341033725172574,0.179061556502035,0.440855683118001,stable
BCL7B,-0.0341158003057734,0.715645573525275,0.884323033748025,stable
FHIP2A,-0.0341247490334173,0.255699826569681,0.535676894599448,stable
SECISBP2,-0.0341248312048499,0.843337875293401,0.941855471536939,stable
CCNK,-0.0341268324016753,0.568659293462511,0.80093227368196,stable
FAM222B,-0.0341394322295864,0.317959387921221,0.600981003148711,stable
ATPAF1,-0.0342388615531061,0.00361693584871332,0.0360631515617224,stable
PPIC,-0.0342402173826768,0.255455221620665,0.535676894599448,stable
SEMA3C,-0.034269811746437,0.00327798760624263,0.033503445233035,stable
SPPL2A,-0.0342811295694033,0.786865745706739,0.918774178576672,stable
PURA,-0.0343337368995933,0.540527633088211,0.78138715549554,stable
TP53I13,-0.0343403778980339,0.685990344644343,0.870231005908307,stable
MEF2D,-0.0343489332444118,0.461416038623593,0.723585587701707,stable
PSMA3,-0.0343510070126462,0.866048562975507,0.950997076086496,stable
ERC1,-0.0343768810887027,0.489066714146258,0.746213314913209,stable
DBN1,-0.0343799981870683,0.331628884115899,0.61295639741396,stable
RHBDD3,-0.0344209651668545,0.320871870762918,0.602807641241152,stable
IL15RA,-0.0344520709453285,0.490613539358441,0.747058283232161,stable
CDC14B,-0.0344535750017005,0.21855687499182,0.49209712003247,stable
TNFSF15,-0.0344933753416167,0.289452122334493,0.572349198223364,stable
STS,-0.0344984803197416,0.236346726566263,0.512841382466536,stable
NUDT9,-0.0345047755938361,0.826767819825603,0.93590577110693,stable
FLYWCH1,-0.0345065565878786,0.40294600224005,0.677153138765792,stable
TMEM135,-0.0345195612556633,0.25218136768059,0.531585624853859,stable
TMPRSS3,-0.0345226431858683,0.130341062322895,0.36644184586823,stable
WHSC1L1,-0.0345231697650557,0.1986085870921,0.468504702549948,stable
OTUD7A,-0.0345547350061728,7.39116209450363e-10,5.06352459996049e-08,stable
SMPD4,-0.0345603731747129,0.385502620228714,0.663890782747641,stable
DENND4C,-0.0345618680802975,0.287048509149519,0.569808537811582,stable
PHACTR4,-0.0345699553365271,0.477475697967197,0.737329747490063,stable
CYB5R2,-0.034610617758971,0.199287767868739,0.469886263544403,stable
FAM221A,-0.0346109744400054,0.00464629309329654,0.0425759271157847,stable
MAFF,-0.0346158101169372,0.0960334965894832,0.305195339181329,stable
ATMIN,-0.0346369366399733,0.43090583170831,0.699820938726489,stable
VRK3,-0.0346735662606263,0.445619371983794,0.71252468320862,stable
LYRM9,-0.0346922734225153,0.223690754472161,0.49793285467505,stable
JAK2,-0.0347086611139996,0.42254779063397,0.692760755459984,stable
ZBTB43,-0.0347327836197535,0.57500834452128,0.80496530463586,stable
TM2D3,-0.0347358681374402,0.297985641083832,0.580120477242995,stable
CLCN6,-0.0347397031184591,0.384933755401784,0.663390698721473,stable
RPAP3,-0.0347544455631544,0.196015747608917,0.465261456072117,stable
LSG1,-0.0347655894421595,0.339003692420453,0.619707063877316,stable
MTARC2,-0.0347807826918334,0.742778769288766,0.897916107178192,stable
GOT2,-0.0347948435794334,0.25813194119124,0.538648830508999,stable
PALM3,-0.0347984640044308,0.0177967769239109,0.104640596978301,stable
KANK3,-0.0348049092630371,0.101141260586709,0.315717765426949,stable
QTRTD1,-0.0348218609215615,0.224231385331377,0.49793285467505,stable
DMWD,-0.0348232566226532,0.359283569971285,0.640029489846835,stable
MESDC2,-0.0348276730387207,0.384259336900058,0.662739875345269,stable
APOL6,-0.0348456426182107,0.727509497779386,0.889396549740496,stable
PPTC7,-0.0348778577543528,0.178131873683661,0.440017240454563,stable
AMOTL1,-0.0348950501150372,0.586203394154006,0.811751943509136,stable
FAM161A,-0.0349188130016679,0.0166274388831917,0.100223773623341,stable
ANKRD36B,-0.0349746610638446,0.182840983476879,0.445939381887742,stable
SLC35A2,-0.034983248405379,0.191584606831584,0.458555707602047,stable
ZDHHC21,-0.0349834531251858,0.707644404499983,0.88070099782201,stable
TEF,-0.0349930844396197,0.439724242263353,0.708372790790889,stable
AHSA2P,-0.0350256494798167,0.170049907449469,0.428154494060207,stable
CISD3,-0.0350515207717558,0.716875119293929,0.885159743257474,stable
C10orf76,-0.0350534226078439,0.37730926715009,0.657913262340565,stable
HMCES,-0.0350919997101248,0.0185751255739774,0.107408862353974,stable
ENTPD5,-0.0351022530206852,0.171304788802632,0.430186029842447,stable
SNRK,-0.0351031045282652,0.278102653502039,0.559639671140481,stable
SLAIN2,-0.0351053506037065,0.526870035229251,0.771772809803131,stable
TINF2,-0.0351448656285949,0.547784802583393,0.78611427879542,stable
DOCK9,-0.0351505383998998,0.423577335554908,0.693629876025076,stable
TMEM191B,-0.035152783824735,0.195458835138672,0.464265320822959,stable
MPP7,-0.0351568643743491,0.129529284949076,0.365256939684845,stable
GORASP1,-0.0351879805744876,0.495360027467238,0.749972872895655,stable
IRGQ,-0.0352000480833383,0.210077076547581,0.482340755769653,stable
GTF3C3,-0.0352053027241746,0.0856079788065829,0.283623814742516,stable
SLC25A51,-0.0352055796610727,0.115130692132694,0.340517198313587,stable
MKRN2,-0.035207467347753,0.189586514582789,0.456209630574794,stable
GHITM,-0.0352105029766384,0.219982139483479,0.493949609303095,stable
SPRYD3,-0.0352380083927179,0.24915929907908,0.52870339907638,stable
SNRPA1,-0.0352697294243936,0.336760191987858,0.617916029249412,stable
IKBKG,-0.0353044273094933,0.528965225168316,0.772991143150926,stable
BMI1,-0.0353119094382604,0.292520427407816,0.57488796959905,stable
F11R,-0.0353141556322967,0.2471836703177,0.526406478390864,stable
ZFTRAF1,-0.0353565569319285,0.786833426237661,0.918774178576672,stable
LRRC42,-0.0353594191424224,0.00768133409256552,0.0599270277349832,stable
THOC6,-0.0353685458593332,0.471959393771439,0.732973145656469,stable
INTS8,-0.0353724453899925,0.296763111988206,0.579005240966078,stable
PLEKHA3,-0.0353761412983895,0.402259123501357,0.677034159296713,stable
MSLN,-0.0353786339061015,0.733690944185728,0.893301134768601,stable
CDC37,-0.0353815772727584,0.214144922712621,0.487281733729715,stable
THAP3,-0.0353829587491506,0.242967128078758,0.520510019914956,stable
SMIM3,-0.0353839161174848,0.0028960466421636,0.0305290889528433,stable
KPNA6,-0.0353868326320844,0.578973666142548,0.807550672629678,stable
ZNF552,-0.0353943288474141,0.40362545560737,0.677642847046352,stable
SH3BP2,-0.0354015621033141,0.0800576299697168,0.271012037870346,stable
RAB11FIP5,-0.0354038060661095,0.452586555612576,0.717284851005851,stable
LRIF1,-0.0354276038277749,0.175630070780976,0.436232848116315,stable
PANK4,-0.0354289558407349,0.16278365255526,0.417256532392889,stable
UIMC1,-0.0354453247932286,0.128704626928766,0.364069838396052,stable
EGLN1,-0.0355162259367259,0.234711855115186,0.51141645121798,stable
ZMPSTE24-DT,-0.0355254361769051,0.0529049392666712,0.210175488331423,stable
UQCRC1,-0.0355358845132715,0.704894656958182,0.879337920875275,stable
ANAPC7,-0.0355523802376288,0.516145069141327,0.764956028756496,stable
RNF111,-0.0355592571726351,0.448691035135285,0.714631819347716,stable
PLEKHH2,-0.0355628327539315,0.690273867611414,0.872315492368647,stable
RFK,-0.0356473746093416,0.391567597898694,0.668508703451626,stable
BANF1,-0.0356695196821282,0.754734693037596,0.904231783562832,stable
DBT,-0.0356733329265307,0.3588962833148,0.639525971900891,stable
TOR1AIP1,-0.0356825590703728,0.0140581540079424,0.0898780724859244,stable
SLC35D2,-0.035683821232718,0.150735907048692,0.398547990872849,stable
IL8,-0.0357121348918668,0.0656628954608304,0.239815725758348,stable
PPCDC,-0.035721521269319,0.246622362508953,0.525669007726145,stable
GLOD4,-0.0357373763604446,0.090186225873753,0.293045301722689,stable
MST4,-0.0357556362797205,0.18036382974091,0.442682299861564,stable
ZBTB25,-0.0357889816522397,0.0598867945049506,0.226923799140891,stable
DNAJB11,-0.0358073880979707,0.553380542969105,0.790136248832939,stable
FAM13A-AS1,-0.0358150071385328,0.0196754452865192,0.111348445917783,stable
ATP6V1B2,-0.0358259970338962,0.425690664181745,0.695044973577011,stable
MKRN1,-0.0358346994802452,0.246816557425574,0.525991213035253,stable
C16orf52,-0.0358379815267711,0.156668680873478,0.407125415603188,stable
BZW1,-0.035839852051707,0.130329180744062,0.36644184586823,stable
PHF2,-0.0358493555333547,0.101257640569213,0.31599145850162,stable
IRS1,-0.0358593774477645,0.102351890766798,0.317904047757662,stable
IFT52,-0.0358810660283368,0.150997399878273,0.39891770393603,stable
TOP6BL,-0.0358881623302185,0.270837793961938,0.552984999731206,stable
CASP3,-0.0359427554743778,0.194987084475502,0.46390076306511,stable
CDK10,-0.0359840878801928,0.317821094061305,0.600889116159214,stable
LINC02997,-0.0359848881017731,0.0161793084105019,0.0985017616986029,stable
DFFA,-0.0359903481515977,0.447177815024294,0.713523249034978,stable
PTPLB,-0.0360244164357573,0.715562135373628,0.884323033748025,stable
TGFBRAP1,-0.0360371893926164,0.127019639597964,0.362019676373144,stable
CCL2,-0.036079716990027,0.387187410989719,0.665211372022253,stable
RPP14,-0.0361198267985224,0.0568295227154445,0.220254941557893,stable
NBPF12,-0.03612682969558,0.408406569192011,0.681977770772307,stable
ZNF503,-0.036133173592128,0.579826541381822,0.807818514001755,stable
KHK,-0.0361417107404511,0.0159303224734003,0.0974148383766111,stable
ANKRA2,-0.0361417838604291,0.275388860949591,0.556790181317862,stable
TMOD3,-0.0361588160535871,0.763789068225827,0.909109792599076,stable
STAM2,-0.0361791186987567,0.437435444216251,0.706514309006854,stable
RUFY2,-0.0362055765505278,0.382857648099307,0.662071874431743,stable
HTRA2,-0.0362322395495622,0.352392747940383,0.632760500415723,stable
TK2,-0.0362578442481296,0.397818555742648,0.672685799899676,stable
TDRP,-0.0362944426138282,0.39052155434783,0.667917983830555,stable
PHF21A,-0.0362994896610076,0.495910051351974,0.750340941666856,stable
NCKAP5L,-0.0362998083962156,0.430479738743211,0.699513266396413,stable
DNAJC16,-0.0363027823703202,0.33803056662092,0.618671202682105,stable
OPA1,-0.036303620882646,0.313216240805229,0.596223076845254,stable
HEATR5B,-0.0363222326138779,0.473936447835568,0.734736732827139,stable
TTC22,-0.0363670542791782,0.133219799962288,0.371686077122081,stable
RPP25,-0.036381733597382,0.0774585005863252,0.265447914540858,stable
BMPR1B,-0.036400724578094,0.16748583219995,0.424709457180594,stable
LRIG2,-0.0364094402759094,0.313231724435555,0.596223076845254,stable
LAMP2,-0.0364442764885456,0.400501804454125,0.675081198291105,stable
C14orf142,-0.0364449701182577,0.253040725894516,0.532845793856084,stable
NUP160,-0.036449047901389,0.0186715344325798,0.10761189899298,stable
TBC1D19,-0.0365012170060696,0.039094642742757,0.174860194982606,stable
ETFB,-0.0365139308694241,0.53227969439241,0.774866736560388,stable
LRRK1,-0.0365158987365525,0.211289304636918,0.48403306969297,stable
DNASE1L1,-0.0365230585460289,0.0192832037380411,0.110198186508659,stable
PHOSPHO2,-0.0365254001432337,0.02817801453508,0.142701880054903,stable
ATE1,-0.0365348046926606,0.237168877684174,0.513487842864212,stable
PSMB5,-0.0365466293751429,0.288489169271512,0.571184257397953,stable
PIGC,-0.0365708567241137,0.489563930432254,0.746420268725866,stable
RALA,-0.0365728917818667,0.482423029811884,0.741685211472831,stable
SMG5,-0.0365754523349927,0.453428022053158,0.717713302969742,stable
SOGA3,-0.0366195611155812,1.81007651159249e-06,6.90538054277688e-05,stable
STXBP5,-0.0366263230304197,0.229127588893682,0.50511373248627,stable
ESYT1,-0.0366297725090236,0.430952997553898,0.699820938726489,stable
ZDHHC17,-0.0366382143441052,0.442954231783759,0.710307297563252,stable
CCNDBP1,-0.0366584862424825,0.379098701764511,0.659320449147088,stable
CSTF3,-0.0366672317888439,0.320558917590058,0.602755300510825,stable
ZNF587,-0.0366820618532379,0.0476544874773117,0.197199883183026,stable
YPEL3,-0.0367112285407765,0.0198468024134423,0.112047566037867,stable
RAB14,-0.0367432997600882,0.332893258687999,0.613927945913799,stable
KIAA1429,-0.0367623583892167,0.426326862918226,0.695876561932487,stable
NOP58,-0.0367833302453758,0.726371297498704,0.888777278617642,stable
NUTF2,-0.0368191308162688,0.817018566179201,0.933433313130128,stable
C6orf62,-0.0368237670233019,0.624143991794657,0.832726925252837,stable
PEX26,-0.0368280011519876,0.266016839939371,0.547433004562635,stable
MAZ,-0.0368577337274308,0.14456145852321,0.389490691864165,stable
TOMM40,-0.0368706167215131,0.0744222028299747,0.25852145705985,stable
NIPA2,-0.0368996037257627,0.306682734419479,0.590403987707559,stable
EWSR1,-0.0369027086562047,0.0416102424323983,0.18196882980705,stable
ANXA4,-0.036912434371984,0.854880883316617,0.946329561003121,stable
HES1,-0.0369139871788878,0.109650248136721,0.330627684564202,stable
NELFB,-0.0369286384280129,0.559993982244839,0.795325483787721,stable
DHRS12,-0.0369571065588903,0.398725091738064,0.673299560907044,stable
TMEM161B,-0.0370061678225688,0.1069497752499,0.32610477741451,stable
BIRC2,-0.0370180525996886,0.330229457228051,0.611717667094361,stable
CMC2,-0.0370193986688301,0.551848178485741,0.789597759170375,stable
KLRG2,-0.0370283338546466,0.26406186021084,0.545067912735108,stable
TRAPPC13,-0.0370371510794126,0.336397594833211,0.617528787992367,stable
MAP3K9,-0.0370447771724499,0.269947440622838,0.55199690769046,stable
BRWD1,-0.0370512860659049,0.723934719312879,0.887956854192317,stable
TMEM136,-0.0370638616444839,0.0586583808204042,0.223795270645637,stable
HS6ST1,-0.0370641695359347,0.300858204291842,0.583315409678187,stable
UBA5,-0.0370758593024191,0.28984767044241,0.572853342520293,stable
TTBK2,-0.0370835384353947,0.215308292935666,0.4884414493367,stable
GSKIP,-0.0371227848405377,0.103789271801501,0.320434136843904,stable
AMMECR1L,-0.0371312931163283,0.305658673384553,0.589333063636084,stable
ZNF768,-0.0371546232192959,0.434484333229804,0.703631985154094,stable
RXRA,-0.0371603921819137,0.409731671549595,0.682644126076359,stable
DUSP14,-0.0371612345078467,0.131078472570583,0.367753786711683,stable
AP5B1,-0.0371836646341167,0.102677631627999,0.318441090257183,stable
ZDHHC9,-0.0371859535703472,0.578130099029799,0.806843561144511,stable
MAP7,-0.0371894633534128,0.465041032504846,0.727031791960512,stable
CSNK1G3,-0.0372072817521735,0.500180311729564,0.753964968299814,stable
APBB3,-0.0372605949185324,0.108200587074383,0.328156321217929,stable
GTF3C2-AS2,-0.0372700539049611,0.00999747802123112,0.0710521915138093,stable
KIAA1328,-0.0372812470514518,0.458158891922484,0.720882262177944,stable
PHKA2,-0.0372899413941118,0.00461972844539962,0.0424917686354891,stable
PITHD1,-0.0373229536517967,0.495734358127801,0.7502608386473,stable
WDR74,-0.0373694649066046,0.517244031155871,0.765924920218977,stable
CEP104,-0.0373879537400913,0.582822591837976,0.809777429376235,stable
EVPL,-0.0374002640141329,0.349594186919553,0.630022016940088,stable
GOLGA5,-0.0374004189353988,0.199656806928272,0.470070263461324,stable
OTUD6B,-0.0374026378485032,0.071094828223063,0.252251875726565,stable
RBM14,-0.0374077419516471,0.126413200315133,0.360961214821814,stable
EIF2B1,-0.0374204614073549,0.334271885709555,0.615075680783615,stable
SDHB,-0.0374415717975772,0.675314787677029,0.863958233811663,stable
SIMC1,-0.0374665951542704,0.00197856494840792,0.0230782232150176,stable
ATG4B,-0.0374936757795444,0.513168202034226,0.762949173153294,stable
ZDHHC18,-0.0375181290463259,0.0690573282065475,0.248135443855625,stable
TMEM41A,-0.0375187583413644,0.0332460989690601,0.158070911628857,stable
POMT2,-0.0375871616132988,0.234123932862325,0.511151797926666,stable
STK38L,-0.0376099183437992,0.149828663836132,0.397289715126439,stable
SF3B1,-0.0376106204721984,0.336575362298098,0.617669603472744,stable
DIAPH3,-0.0376106497091247,0.577130401201256,0.806544189354539,stable
ZDHHC12,-0.0376445077787926,0.10715991844741,0.326257246102402,stable
GATC,-0.0376450480138057,0.373381453902518,0.654086399040468,stable
CNEP1R1,-0.0376623611962919,0.135234594400499,0.374854349648913,stable
RGL3,-0.0376627744713153,0.113499511708173,0.337489182953226,stable
CEP350,-0.037685510651927,0.695859407229356,0.874951787258026,stable
NUP54,-0.0377235342904027,0.419829901010314,0.691468902289065,stable
FBN3,-0.0377312768491419,0.0835796196485149,0.279452207490002,stable
NGF,-0.0377353352847698,0.0344908180163343,0.161629131109697,stable
PUF60,-0.0377356031230296,0.0315047352249922,0.152762349619319,stable
DNAJC3,-0.037759117600692,0.211585985276169,0.484168304757748,stable
PHLPP2,-0.0377953315462349,0.114780194226517,0.339809419768697,stable
ZNF292,-0.0378074822486223,0.0939099858497294,0.300869358930941,stable
PPT1,-0.037813980587147,0.806910622032371,0.928735263660645,stable
GNPAT,-0.0378320007242681,0.239358726495489,0.51630864172946,stable
ZNF626,-0.0378578714816962,0.242167230295894,0.519685874947664,stable
ZNF593,-0.0378593095919632,0.0440423067589642,0.18712628136849,stable
ACO1,-0.0378664871012187,0.331519243518797,0.61295639741396,stable
LIG3,-0.0378732285837014,0.0681562619092942,0.246127664868305,stable
ALOX5AP,-0.037897158573459,0.224634588463833,0.498592615034321,stable
EXOSC9,-0.037897260677606,0.247026162540659,0.526254411100909,stable
ZNF639,-0.0379103920513971,0.0595861200729982,0.225935942994955,stable
DCTD,-0.0379126884474065,0.134330016955416,0.373361027387545,stable
MORC2,-0.0379263795689805,0.108134590045533,0.328156321217929,stable
EMP1,-0.0379532737510707,0.319317564013874,0.601843871958821,stable
KIAA0040,-0.0379836237050052,0.4389650248571,0.707810112630681,stable
SETD6,-0.0380370145669319,0.360733923505492,0.64167803855226,stable
SNTA1,-0.0380388550473637,0.118161350875547,0.346400572741713,stable
FBF1,-0.0380789238874452,0.111238116336783,0.333523358867019,stable
AP3B1,-0.0380923739738993,0.363990935164873,0.644672743576032,stable
SLC25A38,-0.038161996053848,0.249213758628771,0.52870339907638,stable
ZNF277,-0.0381635035312804,0.62757113017643,0.83530026774955,stable
LOXL4,-0.0381915968804942,0.123803161479407,0.356527585682461,stable
PTPN4,-0.0381967229942915,0.354258218555242,0.634684517605054,stable
MED13L,-0.038201428044948,0.734940600299827,0.893816398556622,stable
PAIP1,-0.0382656241923181,0.600189002836377,0.819743130444437,stable
CHFR,-0.038267029920529,0.338893272173137,0.61969055483088,stable
YTHDF1,-0.0383185582966587,0.357666746025554,0.638172281917439,stable
PSMG2,-0.038335151842215,0.240685983946892,0.517892178800705,stable
TMEM68,-0.0383505302000531,0.521780395268286,0.769304625968749,stable
DHX37,-0.038375854218721,0.0114126293897222,0.0772074377763876,stable
FAM20C,-0.0383836001291677,0.128722990964311,0.364069838396052,stable
ATG9A,-0.0383961846002275,0.427350973922422,0.696896785649372,stable
TMEM194A,-0.038397044540788,0.112706075261767,0.335701526315751,stable
PPP2R1B,-0.0384054515406525,0.164972855400872,0.420734446614629,stable
MAP1LC3B,-0.0384121889548611,0.0484584526644394,0.199155010546377,stable
PHTF2,-0.0384328408014449,0.0024220736406695,0.0267772371280479,stable
ENDOG,-0.0384411384367033,0.283805005353011,0.56538989332386,stable
PDPK1,-0.0384474788538456,0.44288893899592,0.710307297563252,stable
FBXO28,-0.0384587485403699,0.356643855764309,0.637123100242905,stable
SLC12A2-DT,-0.0384612704761968,0.102718062356485,0.318441090257183,stable
SNTB2,-0.0384632994531172,0.212199047190876,0.485026393579144,stable
HECA,-0.0384708588854368,0.0290238765767341,0.145703436252155,stable
LMBRD2,-0.0384819883080298,0.352879121381069,0.633234641773662,stable
ARFGEF2,-0.0384888711652988,0.257597270641262,0.538008687090016,stable
RGL1,-0.0384991634503007,0.0478417449841501,0.197694980496252,stable
AKAP8L,-0.038529664123963,0.149464493827762,0.39665903651193,stable
TMOD1,-0.038567341478113,0.133175863472022,0.371686077122081,stable
C8orf58,-0.0385697616691615,0.033948683297258,0.159990347606378,stable
SCAMP1,-0.0385702488134467,0.452407766406463,0.717247561114894,stable
BBS10,-0.0385733570995268,0.217578588399146,0.491169097800768,stable
ZNF266,-0.0385770747359655,0.231658316105778,0.508601003361155,stable
MYCBP2,-0.0386009846444357,0.619200530332127,0.830087234689641,stable
ARHGEF6,-0.0386389555076638,0.0476824872217618,0.197248975904845,stable
PLEKHM1,-0.0386477552952224,0.32487333181973,0.606205405001431,stable
POFUT1,-0.0386628654342358,0.106894592874906,0.32610477741451,stable
KIAA0907,-0.0386718844194109,0.233001210969492,0.510284430206857,stable
WAPAL,-0.0386965779614398,0.649779281490705,0.848543043691892,stable
LMTK2,-0.0387008182937382,0.473621405564764,0.734434613931711,stable
MPLKIP,-0.0387024286323381,0.530392337643727,0.773845876216077,stable
A1BG,-0.0387140783730447,0.400553332068503,0.675081198291105,stable
CCDC24,-0.0387167995754839,0.241940149839872,0.519311043308622,stable
TRMT61B,-0.0387271599274235,0.297787893428898,0.580012620980696,stable
MAGED2,-0.0387339291480007,0.368655587099122,0.648782881759238,stable
PAF1,-0.0387982409078315,0.329223613446307,0.610830250578354,stable
FBXO42,-0.0388349166539839,0.27496292861363,0.556480577311378,stable
NOC3L,-0.0388551773718565,0.274697257493089,0.556480577311378,stable
EPM2AIP1,-0.0388910443120835,0.537116570264012,0.778378505279642,stable
ACAT1,-0.0389286814913269,0.729201743088526,0.89080575608164,stable
SLC12A6,-0.0389293302964221,0.177991831525682,0.440001433966884,stable
CNKSR2,-0.0389393443514307,0.0244842095186547,0.129898565333639,stable
HIVEP1,-0.038948842598877,0.356163568510939,0.636681430362373,stable
ZNF146,-0.0389523462158363,0.386740148806595,0.664957607930461,stable
TMEM234,-0.0389698286596815,0.387594582118248,0.665536756821669,stable
DTD1,-0.038984223715734,0.415185330198386,0.687768581333121,stable
ANKRD49,-0.0390054294450751,0.297036391163907,0.579135688077033,stable
KATNA1,-0.0390976384635168,0.200626676505553,0.471627018000745,stable
NSMCE4A,-0.0391082616351665,0.608441763805844,0.823744835614425,stable
TTLL4,-0.0391425442135617,0.0460636589148192,0.192968528641107,stable
ZC3H18,-0.0391776128002598,0.397655326386345,0.672627654117546,stable
DCBLD1,-0.039241823530916,0.187851223384304,0.452917821429928,stable
BCL10,-0.0392442861056187,0.217394296021182,0.490991781210719,stable
HSD11B1L,-0.0392732522845293,0.0110721108200568,0.0759053294556866,stable
TAOK3,-0.0392752620998619,0.644553556946361,0.846024125428146,stable
EDC3,-0.0392836856291282,0.198328908282167,0.467971083406594,stable
NUDT7,-0.0393238450366257,0.0782055168119544,0.267258662988351,stable
PPM1G,-0.039337587082549,0.451582222136314,0.716723039534043,stable
TMC7,-0.0393384653026402,0.181529591206963,0.444336748681202,stable
CPNE2,-0.0393668882085369,0.409719276924388,0.682644126076359,stable
TTC38,-0.039371193376472,0.194598490517823,0.463373186559335,stable
SMARCD2,-0.0393737380990036,0.361992769722029,0.643200665514676,stable
SYNC,-0.03938443342373,0.188719038124687,0.454830741726374,stable
ALPK1,-0.0394167744982902,0.285518223463922,0.567910636030963,stable
GADD45A,-0.0394205567908501,0.257605108437325,0.538008687090016,stable
RBM41,-0.0394611106241891,0.332640552865768,0.613765753695268,stable
C6orf1,-0.0395033363563709,0.724840462679865,0.888443779785287,stable
CMTR2,-0.0395049815709387,0.341884846299815,0.621534854427265,stable
TRAPPC10,-0.0395636192744311,0.05535841241493,0.216613711062774,stable
CASP6,-0.039567163680511,0.367364874402628,0.647757403196566,stable
SUDS3,-0.0395747670838149,0.262538313555168,0.54329919500565,stable
SHISA4,-0.0396118204152303,0.010128234667321,0.0717309041560443,stable
FOXN2,-0.0396291977787954,0.127627351334948,0.362733490518113,stable
ARB2A,-0.0396376834086782,0.419352707631689,0.691468902289065,stable
PLAGL1,-0.0396457172372927,0.0809154477541456,0.273234926338861,stable
SCLT1,-0.0396583980203392,0.0610904384691207,0.229775236875856,stable
NR3C1,-0.0396771381280081,0.726121770844085,0.888777278617642,stable
RRP36,-0.0396924865978727,0.256002581357982,0.535912656177059,stable
UPF3B,-0.0397077699241721,0.149010510159215,0.395979233953532,stable
WARS2,-0.0397259779874476,0.106792702335573,0.32610477741451,stable
VIPAS39,-0.0397299007855317,0.109404664795723,0.330212993200722,stable
TUBB4B,-0.0397385801789401,0.753383550151483,0.903489642712834,stable
NUDC,-0.0397439465410581,0.0186509382838641,0.10761189899298,stable
PLAGL2,-0.039752247228044,0.0148922234164476,0.0932594974603771,stable
PDCD5,-0.0397676572269218,0.870448709521613,0.953427155756343,stable
ZCCHC3,-0.0398173700913234,0.0943864560853316,0.3017996440458,stable
CDC14A,-0.0398217184685892,0.162433990696838,0.416616261493525,stable
TATDN1,-0.0398558179612472,0.35520605095391,0.635451479246224,stable
GOLGA3,-0.039860725206937,0.63080946540837,0.837425597866194,stable
ITGB5,-0.0398829435902364,0.368078170217126,0.648218523274403,stable
ZNF605,-0.0398854037322284,0.130732065036921,0.367118943949305,stable
ALKBH5,-0.0398875766651622,0.601911625520489,0.820660213536017,stable
ASB1,-0.039903480525644,0.186296380782829,0.450769390081017,stable
ZNF141,-0.0399321522824956,0.109020234876203,0.329540888013528,stable
SLC33A1,-0.0399473028601596,0.451836024972598,0.716931927474693,stable
C12orf76,-0.0399627711470922,0.696109112735587,0.874955108277916,stable
BCL7A,-0.0399663387465005,0.0327494488991675,0.156934002869532,stable
RIMKLB,-0.039971103788059,0.230006961381556,0.506504250752682,stable
C14orf159,-0.0400258387411407,0.17174884755038,0.430817537178948,stable
HELQ,-0.0400513735850348,0.102380569800434,0.317904047757662,stable
CCDC112,-0.0400613259656905,0.377074004852455,0.657913262340565,stable
PRICKLE2,-0.0400625140960896,0.122356083833721,0.354335920138383,stable
TLCD2,-0.0401607476033105,0.202020325330188,0.473382765383942,stable
RAB6A,-0.0402075183208801,0.648058122693851,0.847580833510842,stable
MED20,-0.0402233335963649,0.0635920149974668,0.23541756248608,stable
ATP6V1A,-0.0402436829316678,0.18601123495819,0.450352674373937,stable
USP9Y,-0.0402545524991546,0.254792001595504,0.535172674828265,stable
ZDHHC11,-0.0402941390056903,0.0394010656001996,0.175561304288539,stable
ORAOV1,-0.0402994862655531,0.128357154034598,0.363455605957591,stable
PPP3CA,-0.040310566629094,0.2977821643165,0.580012620980696,stable
ZNF677,-0.0403261048322476,0.091589680954436,0.29573353763539,stable
ZNG1E,-0.0403297805590159,0.260202228610605,0.540386007906224,stable
SBF2,-0.040337761171898,0.0222580086091343,0.121900491594112,stable
KARS1,-0.0403610215284447,0.15008132029195,0.397700858280684,stable
MAPK4,-0.0403795429903054,0.140993286448425,0.384624399362988,stable
CLCN4,-0.0403914141385954,0.0331152689441034,0.157632806687196,stable
TMA16,-0.0404420286651514,0.275868472020412,0.557357570057186,stable
TADA1,-0.0404456101195807,0.127474462622165,0.362566443037413,stable
U2AF1L4,-0.0404490295648214,0.165364554599012,0.421335055101942,stable
MED22,-0.0404515340529791,0.183027635761476,0.446238711201124,stable
AIMP1,-0.0404560286259016,0.45898084320644,0.721786218549624,stable
KDM7A,-0.0404819516789541,0.0409022752623645,0.180029960165493,stable
C9orf72,-0.0405183256453729,0.279037544114245,0.560551345809784,stable
CTBP1-AS2,-0.0405259065286094,0.0490347874769397,0.200535711648749,stable
RRAS2,-0.0405408295134178,0.482034795235805,0.741519820248889,stable
ATP7B,-0.0405422802173054,0.0128915979168354,0.084144779446044,stable
JADE2,-0.0406074253078782,0.0909224715167302,0.294795272785852,stable
TEP1,-0.0406095593976412,0.155690484562736,0.40605088186364,stable
GSTT2B,-0.0406138697171829,0.00182980701782606,0.0218220107179568,stable
SEC24B,-0.0406288714096567,0.467864094361569,0.72931805504923,stable
MDM2,-0.0406577830773646,0.237417724490843,0.513662701624082,stable
CUL3,-0.0406771509092983,0.465711060361532,0.727664904512936,stable
SEC16A,-0.0406835095867888,0.26929397496544,0.551306238482253,stable
TRIQK,-0.0406950962973873,0.267094386568347,0.548240380203883,stable
SSSCA1,-0.0407018382198689,0.592143251232175,0.815400462692856,stable
CLK3,-0.0407082194844715,0.192599011193876,0.460009830565443,stable
TMEM184B,-0.0407515585337478,0.600293727106191,0.819743130444437,stable
DYNC1LI1,-0.0408599541747541,0.596360634452694,0.818181967556851,stable
KLC3,-0.0409390376299811,0.0329713705660186,0.157324626026912,stable
PIK3CA,-0.040978327023601,0.1725113832713,0.431949846191801,stable
HECTD4,-0.040978991388142,0.426968945386578,0.696645540363792,stable
SPG7,-0.040994188869215,0.178705554675011,0.440532508026499,stable
ATG2A,-0.0409996975681672,0.0369887851303454,0.168872103607351,stable
LSM12,-0.0410019471944055,0.390782335670169,0.667917983830555,stable
ACTR6,-0.0410171180638425,0.0932889012340715,0.299465212364835,stable
ATXN7L3B,-0.0410529051645414,0.606156073102821,0.822863072177992,stable
ZDHHC11B,-0.041065916211782,0.00147383882723769,0.0183838834940342,stable
MAP6,-0.0410708072322224,0.0427730935976027,0.183951371678549,stable
PSMD14,-0.0410946428335751,0.359800127183869,0.640203312182767,stable
APTX,-0.0410993974364547,0.346513065405899,0.626686745305771,stable
PABPN1,-0.0411252546256431,0.496353900371341,0.750733738943242,stable
FBRSL1,-0.0411356130782077,0.273487527473016,0.55556994624951,stable
TUBE1,-0.0411401407781067,0.136652011346975,0.377413959942482,stable
CCDC183,-0.0411508614985979,0.0101492805360391,0.0717566072137132,stable
ARHGEF17,-0.0411672032262747,0.46325197397476,0.725626874662668,stable
HIRA,-0.0411855202045378,0.0314134781251711,0.152501333042928,stable
CYTH1,-0.0412452742605549,0.766262435038614,0.909951660675258,stable
EXOC3,-0.0413021568931647,0.461067511531034,0.723410250411418,stable
FAM217B,-0.0413038412290496,0.320253113998448,0.602365604787972,stable
CLIC4,-0.0413271305547911,0.450343255668483,0.716329987936439,stable
L3HYPDH,-0.0413345263049637,0.0292874314744501,0.14642517887267,stable
EZH1,-0.0413567989210353,0.428971494064053,0.698154077316781,stable
TFB1M,-0.0413573112163925,0.209272655463019,0.481701120689049,stable
FABP4,-0.0413999898043621,0.350539250980973,0.631073903386069,stable
CDADC1,-0.0414525933085178,0.0590928959585162,0.224751574423429,stable
ADAP1,-0.0414764209506193,0.254115413145421,0.53428049712584,stable
FRA10AC1,-0.0414897034380838,0.437467834168266,0.706514309006854,stable
OTUD3,-0.0415078407556187,0.100040580119475,0.313885023454943,stable
MED23,-0.0415089321471804,0.220371206076955,0.494097142898881,stable
CDCA7L,-0.0415101769887431,0.312045526703777,0.595448722826565,stable
WDR73,-0.0415334001657753,0.293959890833823,0.57669165552121,stable
RFC1,-0.0415396855047158,0.75959592701423,0.907106339043524,stable
LPAR2,-0.0415711196780362,0.124670105313813,0.357822814594049,stable
MLF1,-0.0416019968032001,0.234057304154227,0.511151797926666,stable
DIRC2,-0.0416341419636941,0.0394244474842331,0.175561304288539,stable
TRAPPC8,-0.0416453842427579,0.244639443765101,0.522992752812977,stable
PRDM2,-0.0416688871798571,0.553663332526013,0.790282645585939,stable
DYNLT2B,-0.041688937446943,0.186727847906832,0.451366662608881,stable
UBE2S,-0.0416899199188557,0.0636371948945961,0.235513493912063,stable
TRPC1,-0.0417147329298675,0.0429995010597886,0.18449487573003,stable
MB21D2,-0.0417305702410978,0.000376685145627699,0.00646713373616994,stable
REC8,-0.0417376659962448,0.351766920711395,0.632418695881334,stable
TMF1,-0.0417408255973347,0.658793407161727,0.854759241287671,stable
PACS1,-0.0417617591695619,0.2763359542223,0.557457457887431,stable
STON2,-0.0417950416900253,0.0626975633797967,0.233948417202269,stable
SHE,-0.0418038888469045,0.261475438437521,0.541925357656876,stable
ITCH,-0.0418220636228513,0.442260365753733,0.710307297563252,stable
CPSF2,-0.0418437265889916,0.388758539593943,0.666692534791857,stable
LRCH1,-0.0418632515605246,0.145635526105808,0.391177471131047,stable
PANK3,-0.041916950348026,0.0178976513495527,0.105031632307697,stable
NDUFA6,-0.0419188371217202,0.259417624216304,0.539472232966391,stable
HAPSTR1,-0.0419192094311913,0.600018286913886,0.819743130444437,stable
TNIP2,-0.0419272610966532,0.306861865543963,0.59046828655253,stable
NRD1,-0.0419277617836156,0.552770982070126,0.789838981277057,stable
FAM45A,-0.041938783717057,0.427225112882666,0.696877472628463,stable
FARSB,-0.0419532763098621,0.225542092882216,0.499865368525162,stable
ZNF738,-0.0419769647427405,0.290029676512867,0.57302776235547,stable
TFG,-0.042018457962061,0.737500124981868,0.894824514912249,stable
PAPD4,-0.0420191461678901,0.231666425614767,0.508601003361155,stable
TMEM222,-0.0420196977289984,0.26158889973312,0.542068606600722,stable
VEZT,-0.0420276515529827,0.506357416571258,0.758145674472024,stable
KCNIP1,-0.0420647716203642,0.00026475720244566,0.00490362430711478,stable
TMEM64,-0.0420712871704286,0.212715065678454,0.485766405976185,stable
CLIC2,-0.0421093943588868,0.475450935803565,0.735933630180762,stable
RALGAPA1,-0.0421116001616458,0.560411903876326,0.795501354992976,stable
AMIGO1,-0.0421254450496296,0.00147703718253376,0.0184049974712463,stable
NSDHL,-0.0421312634800639,0.332165295826204,0.613166501990262,stable
TRAPPC3,-0.0421348707255525,0.692712132350202,0.873639512428346,stable
IFI44,-0.0421503792279574,0.101074732748355,0.315596299721147,stable
IDE,-0.0421986893519433,0.20328568301767,0.474814703530952,stable
ACVR2A,-0.0422106186840627,0.0892894758061917,0.291215195372169,stable
HILPDA,-0.0422620197526129,0.0440217426296937,0.187107712762648,stable
SIK3,-0.042309767920636,0.112265259067407,0.335123449777775,stable
LONRF2,-0.0423217674685374,0.145176923455137,0.390632338172043,stable
CRACDL,-0.0423634826057539,0.106596675596308,0.325922401823229,stable
TAP2,-0.0423709225243705,0.209963426762101,0.48217037924853,stable
BRD1,-0.0423851401994366,0.376052633929771,0.656695342451075,stable
USP43,-0.0424363312971008,0.089979067531058,0.292761278014281,stable
COMMD5,-0.0424711131262327,0.320549846016954,0.602755300510825,stable
SDE2,-0.0424795716789299,0.203700501203794,0.475011253190647,stable
ADCY6,-0.0425112781742605,0.20372343832187,0.475011253190647,stable
SLC27A1,-0.0425321118415222,0.115899372222412,0.342459252126363,stable
SERTAD4,-0.0425465141460443,0.192972555204645,0.460811977890522,stable
PLAA,-0.0425475052398768,0.264704774275849,0.545657868591564,stable
EHBP1,-0.0425999835925693,0.197341437892984,0.467047770920393,stable
ZNF280D,-0.0426003630535812,0.306898116267472,0.59046828655253,stable
MIR29B2CHG,-0.0426336348610211,0.163521391267677,0.418635024979131,stable
AGPS,-0.0426406801473846,0.0303025294121659,0.149603440845846,stable
CCT2,-0.0426518484407567,0.705834412980939,0.879718582111626,stable
UBE3B,-0.0426537182763469,0.210294026520275,0.482448521289817,stable
METTL17,-0.0426575119329491,0.628400406221057,0.835770489135699,stable
NXPE3,-0.0427512803532989,0.0471702339044963,0.196192221588487,stable
FAM13B,-0.0427665799361469,0.428186369407521,0.697487883936171,stable
NUP153,-0.0427721205883717,0.485297441918429,0.744699463973246,stable
RRBP1,-0.0427837559476129,0.159437235295054,0.411346721031393,stable
TFB2M,-0.0427988428444193,0.107662658863942,0.327298766961657,stable
WDR41,-0.0428039023591713,0.497001477567892,0.751341338336621,stable
SUPT16H,-0.0428154997667731,0.450734198375292,0.716519226456047,stable
KAT2A,-0.0428206691384276,0.154919627788363,0.404817770432866,stable
TOP2B,-0.0429103972396167,0.637560790380078,0.842012327826596,stable
MIR210HG,-0.0429219190167913,0.138300308195144,0.379692494747848,stable
GALNT1,-0.0429297738347975,0.552033163074477,0.789601897496009,stable
CREBRF,-0.0429502498759596,0.476631051784994,0.736671889874796,stable
CDR2L,-0.0429608700326969,0.236453405334018,0.512861623022771,stable
HSDL2,-0.0429838320849507,0.282653133571279,0.563922295540284,stable
KLHDC10,-0.0430530220037925,0.191467756154147,0.458449591592253,stable
ZNF236,-0.043054755478129,0.191615064989468,0.458555707602047,stable
DBR1,-0.0430557534372446,0.0740902176375514,0.257936320065542,stable
CHM,-0.0430849401708709,0.286645873427515,0.569635394650956,stable
SDF2,-0.0431057625546663,0.42718928310153,0.696877472628463,stable
UBE2W,-0.0431067095521264,0.390204664595711,0.667860798098287,stable
CHST14,-0.0431144968559455,0.111887720603405,0.33440915210613,stable
CCL20,-0.0431300907352105,0.0107690324010993,0.0744573823931207,stable
ZCCHC8,-0.0431606460257884,0.293120676298706,0.575626786831274,stable
UBE2O,-0.0431757340628531,0.0770813348312928,0.264526175456969,stable
ANKS3,-0.0431794748852389,0.233519027620354,0.510559219036166,stable
C9orf89,-0.0431959094529196,0.57796798046904,0.806792348207554,stable
METTL9,-0.0431989674624352,0.623241565625252,0.832484582412062,stable
GTF2IRD2,-0.0432068380118818,0.303705305891976,0.586769979330412,stable
SRPK2,-0.0432073471632604,0.593703163415509,0.8164503846992,stable
FAM193B,-0.0432366757546581,0.412530560206282,0.68543884300144,stable
GGTLC3,-0.0432394810561199,0.142630315711706,0.386810895013855,stable
DLGAP4,-0.0432602943656114,0.171777215004106,0.430817537178948,stable
EXOSC1,-0.0432631255972231,0.147644578047078,0.394234889044884,stable
MBD6,-0.0432926192798852,0.133699155767136,0.372456353714101,stable
ZFYVE27,-0.0432941211959172,0.127479595236813,0.362566443037413,stable
FARP2,-0.0433008413967628,0.380075723646376,0.660231014047648,stable
NPR1,-0.0433012506134081,9.50937259145719e-06,0.00028560828146922,stable
STIM1,-0.0433067221521973,0.27535211980163,0.556790181317862,stable
ATG4D,-0.0433272287134114,0.284923826289385,0.567064287294276,stable
SAMD12,-0.0433435701046956,0.381304533300246,0.66088272731721,stable
DCTN4,-0.0433906862572395,0.429599193627425,0.698884820721539,stable
EIF3J,-0.0434125819294597,0.610987918876537,0.824641899453861,stable
GDPD5,-0.0434127206428315,0.186498425910133,0.451168960681864,stable
FBXO30,-0.0434135040600773,0.0185448076176617,0.107332111032563,stable
CDC16,-0.0434263897112008,0.252110449755184,0.531585624853859,stable
RER1,-0.0434266831742556,0.015323599927008,0.0950841043186524,stable
ZBTB22,-0.0434286162550538,0.0712732169754558,0.252607655641627,stable
SEC23IP,-0.0434542465167083,0.268515761145314,0.549989387439732,stable
MEGF8,-0.0434709607096762,0.0930968858418016,0.299084450073635,stable
LSM3,-0.0434946039244909,0.746453688152398,0.900221969610785,stable
PMS2,-0.0435218779617058,0.0161415414269292,0.0983620151559235,stable
MLTK,-0.0435412921766217,0.514786576266163,0.764239872270777,stable
ELOVL1,-0.0435626877171949,0.784955018268833,0.918121724554417,stable
PLGRKT,-0.0435761116776626,0.0337832969132022,0.159385187752599,stable
MTERFD3,-0.0436327828932881,0.0592219293888356,0.225102258970499,stable
EIF6,-0.0436439403315578,0.550972426905257,0.788774430377168,stable
CNOT4,-0.043652676024819,0.598613523462856,0.819006064979712,stable
PTBP3,-0.0436605093051595,0.465241937676697,0.727252870352934,stable
ORMDL1,-0.0436760792253847,0.807926638397022,0.929319829335574,stable
SMARCAL1,-0.0436846612321043,0.0586987314435869,0.22380951128085,stable
FBXL4,-0.0437058366551267,0.0623161819603426,0.233094555778222,stable
DDI2,-0.0437181419092803,0.313055636119307,0.596166395999752,stable
SH3GL1,-0.0437318532741208,0.268015301872619,0.549148348992775,stable
CISD2,-0.0437326317153604,0.00477619174599418,0.0431402033540079,stable
C1D,-0.0437425183404546,0.720055298421205,0.885977187947614,stable
PITPNA,-0.0437436754959103,0.145226005727573,0.390678409774174,stable
ESRRA,-0.0437747573219709,0.502941466336398,0.755741424031484,stable
EPC2,-0.0437792640949266,0.104765697350128,0.32169200814066,stable
TATDN2,-0.0437881396555684,0.0398800782513428,0.176948848110495,stable
MOCS2,-0.0438220568874255,0.620156355261557,0.830564172639369,stable
SRSF6,-0.0438447177995542,0.420221799877046,0.691545864030109,stable
GGPS1,-0.0438603628114623,0.340314164560944,0.62063428308399,stable
NFKBIB,-0.0438661188329566,0.19834409220628,0.467971083406594,stable
JMJD6,-0.0438689155896833,0.203381036296471,0.474814703530952,stable
SNRPD1,-0.0438786680533506,0.554831939107847,0.791396222130026,stable
PHLDA2,-0.0438871778548032,0.244811250759226,0.523085602041737,stable
NBPF9,-0.0439124200520994,0.124846102478283,0.357904542130238,stable
TPRG1L,-0.0439645369248809,0.308773767551416,0.5925354057376,stable
YY1AP1,-0.0439719158322217,0.463677944247847,0.725800144420372,stable
PIK3C2A,-0.0440195564363093,0.272160093055075,0.554296064229462,stable
TNK2,-0.044034623888213,0.205067112393542,0.476657231773845,stable
STAG1,-0.044049712993568,0.235409478119526,0.51224431356099,stable
SDHAF1,-0.0440675672623385,0.194492698398244,0.463265538819201,stable
TMEM8B,-0.044079919812991,0.00702966414866254,0.0569950493055756,stable
CYP2S1,-0.0441009833486498,0.151613607007139,0.399718520664741,stable
EDEM3,-0.0441196381530433,0.351968787716995,0.632621011374859,stable
PCNXL3,-0.0441758364443648,0.0981403890597433,0.309591771836465,stable
EIF2B2,-0.044225979367259,0.20184951162049,0.473382765383942,stable
TMEM55B,-0.0442502593482581,0.488631262996029,0.745976000832474,stable
KLF8,-0.0442511003935305,0.222401757517433,0.496645795376891,stable
ZNF189,-0.0442840049677281,0.00622521729994725,0.0521212714209282,stable
METTL3,-0.0443212800662237,0.278846227785904,0.560453025911782,stable
DHRS4L2,-0.0443462109301424,0.28976620198531,0.572784937430213,stable
RAP1GAP2,-0.0443639531694313,0.145461855751759,0.390882770874809,stable
CARM1,-0.044364256908709,0.205441068006024,0.476891685397957,stable
ABCC6,-0.0443945498312752,0.577374415087246,0.806608554288743,stable
PACSIN3,-0.0444091025674132,0.507545457967934,0.758666156427512,stable
RPH3AL,-0.0444189950355066,0.408866988006169,0.682133214328841,stable
ATAD2B,-0.0444336327213701,0.156265659563514,0.406596726799572,stable
AP3M1,-0.0444777682139698,0.220799501633114,0.494169222147665,stable
SLCO1A2,-0.0444832991907207,0.170673679406035,0.429282933551312,stable
ZER1,-0.044494902283359,0.213864186193911,0.486782116518849,stable
ELOVL7,-0.0444950137524191,0.103224140677627,0.319365197581197,stable
ACCS,-0.0445072709788707,0.0885287745474748,0.289801423669679,stable
BNIP3,-0.0445277490472827,0.249177350430991,0.52870339907638,stable
ANKH,-0.0445397881340857,0.15929249336422,0.411060046207353,stable
RCHY1,-0.0445423849155957,0.398256307082727,0.672926450584985,stable
MAP4,-0.0445907528010604,0.691385123911414,0.873028804514564,stable
NHP2L1,-0.0445933618618072,0.12476329595961,0.357870762203497,stable
CDC42SE2,-0.0446007231508351,0.307608199113084,0.591319802792631,stable
ZNF91,-0.0447164398664466,0.220289689085606,0.494090289713315,stable
OTUD5,-0.0447715677796461,0.0565390763629558,0.219546908977373,stable
STK33,-0.044774425917647,0.317524769664012,0.600761562257224,stable
OFD1,-0.0448021448048108,0.635904352560923,0.84090164492695,stable
FHIP2B,-0.0448070880476282,0.141122832474433,0.384891901866906,stable
CDC25B,-0.0448171832136702,0.167381233942195,0.424583565824734,stable
CCNB1IP1,-0.0448233086065861,0.461048775294408,0.723410250411418,stable
EIF2AK1,-0.0448645380116725,0.520481694898124,0.768401961163607,stable
PTGR3,-0.0449107911156756,0.294907254601321,0.57716910920292,stable
FKBP15,-0.0449190158297404,0.231001302073057,0.507925598954744,stable
COPE,-0.0449268995908519,0.26304343604248,0.543976139770474,stable
RIGI,-0.0449622110227745,0.235893206336719,0.512632631868453,stable
PIKFYVE,-0.0449943687970469,0.370001199319748,0.650401878125481,stable
TMEM214,-0.0450343610647524,0.27531336346694,0.556790181317862,stable
KIF3B,-0.0450607979670975,0.353040836516279,0.633338888402553,stable
LONRF3,-0.045166578303513,0.00831296448911128,0.0628433382281363,stable
R3HDM4,-0.0452365696789425,0.106528834176779,0.325796464592681,stable
KLHL29,-0.0452430413384621,0.100841331540791,0.315264561829828,stable
ESYT3,-0.0452540813638611,0.597433742739363,0.81835307287244,stable
SPATA2L,-0.0452548262072603,0.0410589134302669,0.180346445480267,stable
LRRIQ1,-0.045261754994551,0.0346536959322239,0.161867321007071,stable
AP2B1,-0.0452698878632415,0.60354916344475,0.821213821677273,stable
TM2D1,-0.0452933646099878,0.647019427631034,0.84742536350458,stable
RHBDD2,-0.045340854068189,0.767525182125913,0.91033479780403,stable
NDUFAF5,-0.0453821206110581,0.0395954667720232,0.175941470672923,stable
STX17,-0.0454059176938979,0.108850155938722,0.329313553813298,stable
ZMIZ1,-0.0454439341841772,0.567572229420075,0.800608688047625,stable
RNF14,-0.045451844161997,0.209260094379556,0.481701120689049,stable
SOGA2,-0.0454527067310315,0.00615474068186828,0.0517082818523422,stable
ASPG,-0.0455091566208811,0.0917928464688882,0.295749133887858,stable
ZNF430,-0.0455281843875674,0.164326164190579,0.419795826763977,stable
LIN7C,-0.0455283349599471,0.323577831043369,0.604803579002162,stable
PTAR1,-0.0455295437525997,0.422370372458442,0.692748615716087,stable
NUP85,-0.0455600105514836,0.130815669415798,0.367269348401175,stable
SATB1,-0.0455816884779172,0.227405118872,0.502585458884708,stable
PTDSS1,-0.0455855255082565,0.284136228199181,0.565680985913158,stable
SLC19A3,-0.0455918803517083,0.209823959649778,0.482031212696652,stable
TNPO1,-0.0456073014050527,0.20145300896752,0.472937191829025,stable
CMIP,-0.0456153508706214,0.326737444929532,0.608383629370692,stable
WDR1,-0.0456451979671439,0.686585207700712,0.870624230179824,stable
EEF2K,-0.045688596769865,0.288603524309676,0.571225628426405,stable
ARHGEF7,-0.0457413571201137,0.391349656740377,0.66832330315652,stable
OPA3,-0.0458091550602502,0.0256423166362904,0.133440476186468,stable
PCNXL4,-0.0458093877784984,0.47706252383678,0.73699216629678,stable
IL17D,-0.0458192040792375,0.00423055845763046,0.0403564768454705,stable
NF1,-0.0458870908395538,0.267151893721081,0.548240380203883,stable
SKI,-0.0458911422367082,0.318903710345643,0.601586258528571,stable
JRK,-0.0459012248043868,0.111391401414955,0.333612946353884,stable
COPZ2,-0.0459073405295806,0.0147151059450527,0.0924819820423263,stable
KMT2A,-0.045945458629862,0.0875703294294632,0.287990235928372,stable
ATAD3B,-0.045988466432833,0.153841865559942,0.402862674508296,stable
PTPRQ,-0.0459886495288293,0.153237923639083,0.401797592999604,stable
C11orf63,-0.0459899208552168,0.049027388126761,0.200535711648749,stable
C3orf17,-0.0459976910232092,0.202595336328038,0.473976151439988,stable
NPHP3,-0.0460264899303398,0.17701326477979,0.438373206780419,stable
TMEM127,-0.0460434811941122,0.348934337279017,0.629203914869259,stable
ZNF160,-0.0461191691193308,0.225175835337175,0.499283404890555,stable
CPD,-0.0461295581636794,0.299878170538655,0.582704587558942,stable
MVD,-0.0461374847854748,0.369532750005704,0.650022127499762,stable
ZNF675,-0.0461798641633299,0.00720158085553636,0.0578446091045058,stable
PICALM,-0.0462167970648038,0.492934739214676,0.748734631756442,stable
MAFG,-0.0462290330816752,0.189963057433562,0.456638985283882,stable
TIMM10B,-0.046294107976442,0.104102089024958,0.320611076337767,stable
MRI1,-0.0463827445653941,0.0615430401445953,0.231051020493714,stable
NIPSNAP3A,-0.046399213496578,0.290861143908104,0.573673498488007,stable
EPS8L1,-0.0464080901765654,0.227467668877361,0.502632824359519,stable
ABCB10,-0.0464414836330765,0.0335251150759562,0.158779932851023,stable
CD2BP2,-0.0464449699528919,0.0702008836511396,0.250550540657381,stable
RNF123,-0.0464580055770579,0.124874253287424,0.357904542130238,stable
ECI2,-0.046507576220886,0.543274927549732,0.783596767536335,stable
ZNF316,-0.0465110939639815,0.251558102799064,0.531187812854683,stable
RPP38,-0.0465227677235235,0.0488140314889545,0.199876409522502,stable
SUPT20H,-0.0465326901250427,0.486807826518383,0.745370943669012,stable
WEE1,-0.0465460894854498,0.168489370661263,0.425706729717441,stable
SLC15A4,-0.0465618945558358,0.230746707604469,0.50758462367411,stable
NDUFV3,-0.0465751340000938,0.600926403263444,0.819864857974667,stable
ZBTB40,-0.0465754838546207,0.181272050576648,0.443973060759157,stable
PLEKHF2,-0.0465851767089873,0.171738624100583,0.430817537178948,stable
ATF6,-0.0465961954605511,0.326081939392588,0.607440662471044,stable
IFIT1,-0.0466245455629682,0.292529261218831,0.57488796959905,stable
CEP192,-0.0466401902663352,0.176139086356675,0.436827792985189,stable
GRB10,-0.0466483834002362,0.105015383197301,0.322054200753588,stable
PPP1R26,-0.0466723661498605,0.209953207870515,0.48217037924853,stable
HIRIP3,-0.0467221217014798,0.458512499650798,0.721240233940973,stable
NBR1,-0.0467555300079609,0.436791795297883,0.706262289116577,stable
PRKCZ,-0.046817904732523,0.813599427529244,0.931831668895107,stable
MSANTD3,-0.0468398335850409,0.0122199288717773,0.0811387346706167,stable
HKR1,-0.0469015000682532,0.0186395683079651,0.10761189899298,stable
LINS,-0.0469201910437706,0.0689646855014403,0.248053040186878,stable
PISD,-0.0469409647969596,0.214886833757768,0.487867300407087,stable
APMAP,-0.0469779257311251,0.234717807346999,0.51141645121798,stable
HAUS1,-0.0469786153468631,0.235249205484751,0.512234821490132,stable
FAN1,-0.0469865645095587,0.0811573527146992,0.273674492022929,stable
TMPO,-0.0470118670175736,0.1557930424416,0.406145052421864,stable
PPWD1,-0.0470165632242214,0.053509723482179,0.211683773412995,stable
DNAJA1,-0.0470224299891255,0.214203304081286,0.487281733729715,stable
CAP1,-0.0470361310397638,0.512749468771595,0.762612673410507,stable
NAT9,-0.0470684933041639,0.0923320451953071,0.297095793752944,stable
YDJC,-0.0470811822693215,0.268918346710179,0.550629458992501,stable
JAG1,-0.0471244812140932,0.0582962437008845,0.223505409533515,stable
GLYR1,-0.0471355628102019,0.4783704236819,0.738146940051444,stable
FMR1,-0.0471387077188449,0.497904064781981,0.75207670931422,stable
RIPK1,-0.0471845662137027,0.154770044900956,0.404686423287549,stable
PHF20L1,-0.0472237113202848,0.569628074575783,0.801345415508665,stable
GATAD2A,-0.047248063705058,0.271624262572767,0.553601715939993,stable
CDK12,-0.0472734965752293,0.41289062849042,0.685757478623219,stable
HDAC11,-0.0472736926311088,0.135655956474435,0.375172911674635,stable
STARD13,-0.0472953512526861,0.535979169552343,0.77771722623608,stable
TAF1C,-0.0473121937836796,0.344907230657136,0.624521698645065,stable
GTF2H1,-0.0473647063941727,0.0193635260639901,0.110349530352548,stable
CD200,-0.0474026917179626,0.00518196660764579,0.0453107008668542,stable
ZFY,-0.0474042677401183,0.0397395726506709,0.176486149677779,stable
PANK2,-0.0474079996196655,0.0240813778641623,0.128546184721188,stable
NCOA3,-0.047425979696215,0.207153552212987,0.479138130984212,stable
YKT6,-0.0474276603467671,0.227175244986093,0.502349890504703,stable
INO80,-0.0474731087084759,0.331356145364306,0.61295639741396,stable
RARA,-0.0474785163047993,0.0423957526387677,0.183438973032511,stable
CLN6,-0.0474887937312603,0.129091847949819,0.364775485283999,stable
OMA1,-0.0474917918042374,0.0485967651874103,0.199429406058291,stable
UFD1L,-0.0475087946216543,0.486242595711456,0.745370943669012,stable
FOXJ1,-0.0475162386994669,0.0352754787523757,0.164051535189171,stable
PAQR7,-0.0475183251604736,0.0113613331864613,0.0770704422149296,stable
EMC1,-0.0475327428639995,0.03118458354194,0.152025410674416,stable
TMEM9B,-0.0476060539268601,0.0939413935417216,0.300869358930941,stable
PSMA1,-0.0476215839443166,0.692380328883449,0.873622743628333,stable
RCC1L,-0.047632818226479,0.0689938102614027,0.248053040186878,stable
ARIH2,-0.0476584532668254,0.243524767096413,0.52139180679094,stable
KAT2B,-0.0476816682974707,0.26648035588572,0.547600146746012,stable
EID2,-0.0476836972066536,0.0859229864437317,0.284073511950252,stable
GKAP1,-0.0477226680919316,0.107077304039469,0.326213291256097,stable
CRBN,-0.0477457427583368,0.145878954504106,0.391573197158144,stable
MIA3,-0.0477702750561489,0.669929139549951,0.860482694321592,stable
HACE1,-0.047772461598216,0.00301668157312931,0.0314909611869621,stable
GOLGA7,-0.0477762956909143,0.37388109869924,0.654398990621349,stable
GGT2P,-0.0477989190937142,0.0114096736829739,0.0772074377763876,stable
GPR161,-0.0478077157775937,0.058101909025712,0.223064615556,stable
ACKR3,-0.0478134286234969,0.00197632555171619,0.0230741199084802,stable
S100A9,-0.047821984990298,0.301236505926539,0.583568153477973,stable
ACSS1,-0.0478534211678701,0.247251488739843,0.526459188008333,stable
MICU3,-0.0479213702933027,0.0732548118227517,0.256432464987112,stable
SLC44A1,-0.0479357493214453,0.415118451941872,0.687768581333121,stable
CSAD,-0.0479407740202291,0.102251623383318,0.317723397111765,stable
GGT6,-0.0480492043198953,0.0781038366799827,0.267060503377932,stable
SLC7A1,-0.0480600876390293,0.182549013622176,0.445582895870103,stable
CDK11B,-0.0480609209136647,0.0344542099158637,0.161629131109697,stable
TMEM238,-0.0480657595887573,0.124774639112508,0.357870762203497,stable
CTBP1,-0.048065983649689,0.627910486255461,0.835391574225812,stable
CRNDE,-0.0480894897860721,0.721206099822512,0.88621063170792,stable
TAF8,-0.048121362576376,0.0149715983796749,0.0935170253414131,stable
CSGALNACT2,-0.0481263223769958,0.0984271259743234,0.310096182451064,stable
ISG20L2,-0.0481269753926596,0.0862469543084084,0.284479970174308,stable
ANKRD40,-0.0481510683165894,0.221966209999405,0.495854340466507,stable
TRA2A,-0.0481858156265005,0.623119487162689,0.832484582412062,stable
PHF13,-0.0482211811846163,0.119062525154866,0.348103398108845,stable
BCL2L13,-0.0482692779920988,0.218570965065434,0.49209712003247,stable
LRP12,-0.0483106587681857,0.0719211368124595,0.253570591281552,stable
TRIM27,-0.0483130763610573,0.339885795884305,0.620591764569186,stable
LRRC40,-0.0483194181200922,0.107962827767289,0.32804812493844,stable
SMIM12,-0.0483204136249926,0.219148058356265,0.493073047183321,stable
RAB4A,-0.0483696097470116,0.486680771387427,0.745370943669012,stable
FAM53B,-0.0484410744558625,0.133531909646904,0.372075236727548,stable
ADAR,-0.0484564356608827,0.557207225253571,0.793844175432647,stable
EIF1,-0.0484699353484861,0.825985305872561,0.93590577110693,stable
TSNAX,-0.0484955814827219,0.264649868490308,0.545636699683847,stable
BLOC1S6,-0.0485168103386937,0.018080190845476,0.105758587562116,stable
TCHP,-0.048550653741521,0.144775655160182,0.389810045964332,stable
ZMYM5,-0.0485509892126009,0.194477431970705,0.463265538819201,stable
HN1,-0.0485863704865739,0.614335002638903,0.826505731043138,stable
ATG16L1,-0.0485931416721112,0.0923783173470714,0.297166460855421,stable
FAM91A1,-0.0486081300090681,0.289317587616969,0.572175730630939,stable
LARP1B,-0.0486232117729145,0.266273848637124,0.5475573273129,stable
POMGNT1,-0.0486386568135494,0.456175536777777,0.71942843008277,stable
AXL,-0.0487157510812973,0.0779539902416961,0.266697334652811,stable
APOPT1,-0.0487222843988403,0.209363249270187,0.481701120689049,stable
KIAA1731,-0.0487817990218902,0.097491287654401,0.308100698109462,stable
INTS4,-0.0488473287524731,0.0197853341488294,0.111815036817055,stable
VLDLR,-0.0488547770827132,0.119439816864573,0.348702092270366,stable
SLC22A23,-0.0488733458127382,0.000818312988878306,0.0117041231536516,stable
SAE1,-0.0489022463003772,0.00728587848480823,0.0581728142379463,stable
NDUFA10,-0.0489272370736172,0.183640281041828,0.446764904983132,stable
HMG20A,-0.0489292239888448,0.0421449778445372,0.182947517461514,stable
RFNG,-0.0489650415253224,0.157133874582732,0.407987358304867,stable
POLI,-0.0489912462310497,0.155010839720405,0.404969545788038,stable
C14orf79,-0.0490031971103892,0.0416232164588827,0.18196882980705,stable
CKAP4,-0.049038611758822,0.495040051853708,0.749724852409608,stable
EPB41L4B,-0.0490433358696605,0.0308182701915109,0.150749313653873,stable
HSF1,-0.0490971430509591,0.441256498625519,0.709620351448451,stable
PIK3R4,-0.049106068741203,0.144188787897665,0.388829416117594,stable
CHPT1,-0.0491093808005048,0.500464442283399,0.754101639227295,stable
RAB3GAP1,-0.0491380626593543,0.331850498810188,0.61295639741396,stable
CPPED1,-0.0491427213805427,0.0461634859850531,0.193292576645832,stable
LRRC58,-0.0491560152644088,0.486901765999719,0.745383492496001,stable
BCLAF1,-0.0491636122227037,0.5183445621838,0.766450215088276,stable
PHKG2,-0.0491925155974884,0.240111097479958,0.517110298730621,stable
EIF3B,-0.0492009259106953,0.421442076270384,0.692334675097074,stable
RAB25,-0.0492292973561795,0.795750779372705,0.923327719701181,stable
UBQLN1,-0.0492551593620629,0.30767955455536,0.591363974038478,stable
LTBR,-0.0492638615577989,0.0467264679180632,0.19499104111254,stable
PHLDB1,-0.049278472916636,0.0187809639025723,0.108017264252088,stable
EIF3M,-0.0493426672652612,0.0855139167280195,0.28359254424398,stable
AMIGO2,-0.0493989568149805,0.0534642039312749,0.21157216861635,stable
NRIP1,-0.0494041774202651,0.024092545141278,0.128549660326051,stable
ATP13A4,-0.0494254390640623,0.830030546149772,0.936950613003778,stable
MIB1,-0.049455943135773,0.267168516432799,0.548240380203883,stable
CEP135,-0.0495035073218775,0.00610954911892032,0.0515056058135738,stable
USF2,-0.049508444818045,0.205647209358038,0.477188968715388,stable
MGAT1,-0.0495450728672353,0.65741497327601,0.854464713803928,stable
RASSF4,-0.0496202112016891,0.463512522062753,0.725800144420372,stable
SMARCA1,-0.0496207026247017,0.609938186587718,0.824218924701334,stable
HEBP2,-0.0496445211179414,0.528452338672111,0.772611097706959,stable
ZC3H3,-0.0496482106118287,0.0169815971858116,0.101548176682121,stable
RDH10,-0.0496597389231928,0.113254138984199,0.337001757646576,stable
SZRD1,-0.0496836947461601,0.394303219142522,0.670408385291767,stable
RHOBTB1,-0.0497035872730384,0.0873952089398729,0.287723952082146,stable
MDC1,-0.0497295681826088,0.07783988875084,0.266381522981598,stable
PLAG1,-0.0497565908071157,0.224257125976677,0.49793285467505,stable
SLC35F5,-0.049764743913632,0.195668712902417,0.464527936787561,stable
ZNF22,-0.0497698355494855,0.395440604727509,0.671277038215396,stable
EEA1,-0.0497825911649268,0.525362173393486,0.771096066468409,stable
CORO2A,-0.0497894072171364,0.0645231656423395,0.237005157592064,stable
RBM3,-0.0498528986164868,0.142649174960934,0.386810895013855,stable
CEP63,-0.0498770060299384,0.224987758785591,0.499137996986399,stable
PDS5A,-0.0499563540284651,0.606092688542617,0.822863072177992,stable
REXO1,-0.0499850410075682,0.0353439642006266,0.164150690877074,stable
UBP1,-0.0500558546130691,0.20335250326085,0.474814703530952,stable
COPS6,-0.0500562651926078,0.65991794085752,0.854990663385513,stable
IRF3,-0.0501202088317789,0.440328360012558,0.708699654087361,stable
RLIG1,-0.0501653105281268,0.0855878349624751,0.283623814742516,stable
TRIT1,-0.0501965866490749,0.0769205454728702,0.264399586648038,stable
FAM103A1,-0.0502142583172418,0.318165322022177,0.601008800450912,stable
ZNF576,-0.0502773489685153,0.02871804771462,0.144702974139949,stable
GRB2,-0.0503376881794649,0.445156465129787,0.712337145865723,stable
ARFRP1,-0.0503871790548056,0.103330645263495,0.319613817738098,stable
TAFAZZIN,-0.0503972722763148,0.14575619384958,0.391415578562667,stable
SRF,-0.0503993889928369,0.118508105097265,0.346897288483949,stable
SLC5A1,-0.0504576762168543,0.0210000620720415,0.117216784825861,stable
NHLRC3,-0.0504862306753532,0.301470929287328,0.5839039220367,stable
HCFC2,-0.0504912371861115,0.174380784713025,0.434671841829531,stable
KIAA2018,-0.0506271773105801,0.118796383631934,0.347491503593386,stable
AKAP10,-0.0506404505432607,0.108164100551945,0.328156321217929,stable
RARS1,-0.0506724425925557,0.175748644151142,0.436390702032005,stable
PAK2,-0.0508000381335556,0.379929818400906,0.660124189711231,stable
ATP6V1H,-0.0508118029875183,0.530563014444285,0.773845876216077,stable
TRIP10,-0.0508316538174916,0.0433999513065354,0.185413579535971,stable
ESRP1,-0.0508394808161715,0.557960427360092,0.79435620843399,stable
WDR82,-0.0508531217442195,0.235808576353709,0.512632631868453,stable
TSPAN17,-0.0508552237698798,0.245827401045133,0.524431788896283,stable
RANBP10,-0.0508739853235385,0.0552095838697611,0.216182059148772,stable
HNRNPDL,-0.0509493994981716,0.0732754090477735,0.256432464987112,stable
AIDA,-0.0509599863018214,0.297360256168502,0.579456682831782,stable
DTWD1,-0.0509719666970281,0.338032146818863,0.618671202682105,stable
ATF7IP2,-0.0509738621420747,0.0363586818200431,0.167337547653692,stable
GPATCH11,-0.051032151134479,0.0498822243174648,0.202915244611211,stable
ZBTB11,-0.0510491291436777,0.0590730440582164,0.224745997686784,stable
PFDN6,-0.0510536438879388,0.365446224627038,0.646241655969526,stable
SHH,-0.0511225299111607,0.0716742404300252,0.253148198502349,stable
TBK1,-0.0511734284952412,0.0829766560521314,0.277968386840574,stable
NPIPA1,-0.0511800519655441,0.01445551420315,0.0914144881631174,stable
RHPN2,-0.0511918974062524,0.134420965439511,0.373361027387545,stable
RETSAT,-0.0512300883302322,0.560648855375816,0.79560849873624,stable
DNAJB12,-0.0512364966959016,0.310719912086957,0.593939046966531,stable
MAP3K3,-0.051250314576628,0.253734367321254,0.533938527480634,stable
TRIL,-0.0512897903109732,0.0519528554937277,0.207978826301482,stable
EP300,-0.0513544224948875,0.00992692102396479,0.0708800716103654,stable
HIPK3,-0.0514448273658537,0.380286981787284,0.660410294838438,stable
MCMBP,-0.0514690731779467,0.350037427626396,0.630541926805934,stable
URI1,-0.0514775419831503,0.273489347809453,0.55556994624951,stable
SEL1L,-0.0515156000238232,0.233663456890271,0.510783636807345,stable
SLC22A5,-0.0515201916252983,0.0747668459590809,0.259295939247705,stable
GTF2H5,-0.0515532341464058,0.569075697599515,0.801057269398488,stable
CASKIN2,-0.0515571406301032,0.0698131054075584,0.249823009514635,stable
ARPC2,-0.0516699346976566,0.0170092861801027,0.101623418507124,stable
ZMYM4,-0.0517319462618074,0.350492975582336,0.631073903386069,stable
RHOG,-0.0517825790662974,0.320852655226422,0.602807641241152,stable
GMPS,-0.051783939800097,0.175863765296148,0.43649922172185,stable
RTKN,-0.0517961959139923,0.222911272643062,0.497420116244759,stable
PIAS1,-0.0518582471489831,0.647284900117986,0.84742536350458,stable
BCL2L2,-0.0518734208197629,0.126362688452885,0.360901285899081,stable
ANAPC1,-0.05188519704393,0.0810296565782809,0.273469498070929,stable
FAM73A,-0.0519300707850848,0.0414901127382747,0.181848382256246,stable
RNPEP,-0.0519313762978192,0.39462220399979,0.670726059746028,stable
CTSZ,-0.051945647649128,0.748324497509668,0.90078962654438,stable
SPSB1,-0.0519713808002829,0.123404136601689,0.356527585682461,stable
IGF1R,-0.0520187666399524,0.329234573346241,0.610830250578354,stable
DDX27,-0.052020967099555,0.308558327046021,0.592307944379799,stable
C17orf70,-0.0520391689525884,0.0361202155805643,0.166679318707745,stable
RRAGB,-0.0521042990142612,0.0336991529436099,0.159234033854924,stable
APOA1BP,-0.0521128268778955,0.740380546033841,0.89620524629441,stable
LACTB,-0.0521196645669102,0.0964247493483978,0.305810987301186,stable
MBNL2,-0.0521256086935641,0.38131592570094,0.66088272731721,stable
DYRK1B,-0.0521300333812008,0.0483965977082117,0.198990921757545,stable
ARL5B,-0.0521548409751692,0.319434149318458,0.601843871958821,stable
APOL2,-0.0521579155330685,0.073202542944514,0.256432464987112,stable
CAT,-0.0522032590032548,0.854594284637662,0.946170441325416,stable
MTMR2,-0.0522375144739049,0.0514533498461703,0.207101003793081,stable
HTATSF1,-0.0522572148016456,0.0955772692878412,0.304254307232961,stable
WAC-AS1,-0.0522816927152647,0.245046916099148,0.523406168512317,stable
MBD3,-0.052306771987738,0.0746030144498436,0.259075922907639,stable
PPFIA1,-0.0524105498459147,0.41408130388705,0.6868018804227,stable
SUZ12,-0.052423086088933,0.00134475444552087,0.0171589544280242,stable
PNPLA6,-0.0524393442290958,0.058424499549474,0.223505409533515,stable
LINC00998,-0.0524513138750858,0.486808602728778,0.745370943669012,stable
SH3KBP1,-0.0524702698720956,0.259089514893188,0.539293583991218,stable
TBC1D20,-0.0525434169790889,0.0155137887714626,0.095633158821159,stable
UBE2D2,-0.0525436499453007,0.152180406958658,0.400524276243828,stable
UBL4A,-0.0526464254403041,0.17137751536182,0.430256469045571,stable
MORC3,-0.0526500277317095,0.22503531434099,0.499152909182409,stable
SYT15,-0.0526774756696389,0.0209614928540794,0.11705495141538,stable
NPRL3,-0.0526888153315895,0.0667702900286465,0.242627831542858,stable
RC3H2,-0.0526949490721711,0.383094322667457,0.66219242507646,stable
CNTRL,-0.0527232143467208,0.0769372795881115,0.264399586648038,stable
NBN,-0.0527256285231026,0.577051585510537,0.806544189354539,stable
AP3M2,-0.0527593261953099,0.00618003814023868,0.0518495444243498,stable
SEPT8,-0.052854214808794,0.163563553607684,0.418635024979131,stable
FAHD2B,-0.0528702645217971,0.0324697350063154,0.156325340967782,stable
PNRC1,-0.0529418776175192,0.191495714550887,0.458449591592253,stable
PRPF8,-0.052947022998015,0.133324365303497,0.371686077122081,stable
SLC11A2,-0.0529504503396015,0.178019744894356,0.440001433966884,stable
SH3BP5L,-0.0529874372110866,0.0105014189833618,0.0731957787589005,stable
RDH14,-0.0530311014717054,0.182660602206606,0.445766261004902,stable
MARCHF9,-0.0530370088620967,0.310323461158488,0.593459635356909,stable
FNTA,-0.0530452206898667,0.0675304410578811,0.244517805536593,stable
WDR26,-0.0530514563684965,0.282553638397402,0.563860093204268,stable
PYROXD1,-0.0530560468056322,0.160352131528951,0.412748885198968,stable
SIDT2,-0.0530673932677534,0.171911508099498,0.431065902565797,stable
TMEM181,-0.0531315326706799,0.0151632585365409,0.0943144407201285,stable
EBLN3P,-0.0531766393332165,0.0629612011395773,0.234217201074313,stable
MYO5C,-0.0531805945260055,0.702343800057234,0.877858812139094,stable
RAP1B,-0.053215512015124,0.217107851040034,0.490781168861187,stable
ANXA5,-0.0532466306203707,0.593659311927592,0.8164503846992,stable
IL15,-0.0533058260834183,0.139948105195612,0.382324155980771,stable
ZNG1A,-0.0533299882644393,0.137033775428716,0.377885938735981,stable
CD2AP,-0.0533819953956899,0.396597678530191,0.67212117320852,stable
NAPG,-0.0533829988144681,0.273604720488443,0.55563905191074,stable
CAMSAP2,-0.0533912555143935,0.363760185609961,0.644672743576032,stable
TRAP1,-0.0534266976073121,0.021858246546155,0.120483971026171,stable
DYRK1A,-0.0534516306797184,0.260669739366783,0.540897452727815,stable
KDM4B,-0.0534751660390877,0.0753453308341635,0.260617239421849,stable
AGL,-0.0535048669481713,0.325942120986906,0.607272746066748,stable
FMNL2,-0.0535148810177269,0.178554464094957,0.440316677243646,stable
ATP13A3,-0.0535448621593345,0.382868625683736,0.662071874431743,stable
AMFR,-0.0535462249435781,0.180642636722609,0.443141800380728,stable
YWHAZ,-0.053550558755751,0.828706796061832,0.936412634041397,stable
DDHD2,-0.0535533439030983,0.156509562833904,0.406884920476743,stable
LEMD2,-0.0535924129398387,0.0754383578914507,0.260792657135278,stable
MADD,-0.0536012882329157,0.0380639969843185,0.171885592588219,stable
CCNYL1,-0.0536363463007969,0.00209493713170609,0.0239019043676307,stable
UBE2Q1,-0.0536460667613919,0.362426852334646,0.643473592139833,stable
ZKSCAN1,-0.0536611507154122,0.251477772613251,0.531184522231667,stable
IQCA1,-0.0536613220175491,0.0625531987247588,0.233552321689509,stable
ANKRD52,-0.0536925324411736,0.0677039001512525,0.245073282632192,stable
ACOT7,-0.0537317775530864,0.0117736018688035,0.078947070347918,stable
FBXO34,-0.0537752943899933,0.340386044686165,0.62063428308399,stable
MIEF2,-0.0537864058496504,0.150752134967085,0.398547990872849,stable
RAPGEF2,-0.0538258965851612,0.500535814171016,0.754101639227295,stable
M6PR,-0.0538351842652884,0.437446207132969,0.706514309006854,stable
RBM19,-0.0538687161703638,0.0579326022864507,0.222694380613073,stable
PPP2R2D,-0.0538717828740451,0.0580027040834138,0.222876204018468,stable
FAM8A1,-0.0538988116150157,0.141613778402777,0.385542723206134,stable
ANXA2,-0.0539040644247164,0.736188848972965,0.894244374878314,stable
GPR98,-0.0539529569722036,0.0915941732237882,0.29573353763539,stable
C11orf68,-0.0539663295011579,0.0734785888524877,0.25678896063136,stable
VAMP3,-0.0540376459175464,0.419468517673221,0.691468902289065,stable
RSBN1,-0.0540618194408871,0.0854836491910299,0.28359254424398,stable
INSR,-0.0540820019513245,0.000436207067236374,0.00726416133057517,stable
BMPR1A,-0.0541738886898196,0.374079112639977,0.654597427842779,stable
RAB15,-0.0541890561427317,0.150850239134309,0.39870125906547,stable
KCMF1,-0.054246106956804,0.249305051823709,0.528805301664587,stable
BAHD1,-0.054342161518358,0.114671097487823,0.339568676281772,stable
BBX,-0.0543806855092576,0.362624506128077,0.643729590895965,stable
RAP2A,-0.0545302376177795,0.169917695738477,0.427997921431516,stable
CIZ1,-0.0545510437406376,0.239969164131609,0.516921976575724,stable
EML1,-0.0546123450744734,0.000362041851827174,0.00625968825563702,stable
MAPK1,-0.0546800203480242,0.593274124061741,0.816227675017526,stable
NNT,-0.0546934776251255,0.272369580784036,0.554445587927404,stable
PPP1R14B,-0.0546986966846137,0.139141348029046,0.380847254435079,stable
MLH3,-0.0547145072101772,0.27402258697164,0.555866595277353,stable
SLC25A44,-0.0547324987160014,0.00225952976274979,0.0253399007521591,stable
CHD7,-0.0547765422412226,0.0748046080383017,0.259295939247705,stable
PRR5L,-0.0547822300448426,0.0233738069401963,0.126369489622716,stable
EFEMP2,-0.0548094239553724,0.228329138621915,0.503898788682847,stable
CCDC82,-0.0548382700300538,0.25142569293542,0.531183489533801,stable
ERLEC1,-0.0548981456735298,0.331994873783822,0.613107326823374,stable
FRMD4A,-0.0549536239467954,0.10304522987548,0.319134758043545,stable
PPOX,-0.0549579076818527,0.100640805586126,0.315146645298029,stable
FZD2,-0.0549620012993517,0.212008123920577,0.484771288216449,stable
DNAH11,-0.0549740346816863,0.0307338623542621,0.150693557930077,stable
FLJ27365,-0.0549835983145898,0.166034708443871,0.42241846149126,stable
MAP2K4,-0.0550212171111766,0.109315279934019,0.330024692989243,stable
ERLIN2,-0.0550484571842102,0.278458590868002,0.559953795218224,stable
DHX15,-0.0550784682706243,0.453553638123038,0.717713302969742,stable
PI4KA,-0.0550853446426433,0.144606478871439,0.389526134359734,stable
MUL1,-0.0551059418701932,0.0371628320031778,0.169128242147001,stable
CXorf38,-0.0551197463353931,0.079919407770666,0.270802680387308,stable
TMCO4,-0.0551782372043708,0.118040482162223,0.346274742968805,stable
PDLIM3,-0.0551913819744367,0.0548589680461185,0.215210534465903,stable
DHX36,-0.0552064063125455,0.118173291061709,0.346400572741713,stable
U2SURP,-0.0552636318673545,0.536532407888359,0.778070450472591,stable
WTIP,-0.0553369196034209,0.436083282104566,0.705396591298957,stable
FOXK2,-0.0553726091603081,0.143003471515015,0.387341811415934,stable
NAA50,-0.0553731039798859,0.326795757448521,0.608399533818265,stable
TBC1D22A,-0.0553748587970636,0.138862521600722,0.380254360225633,stable
PEA15,-0.0553880255804397,0.375250098366464,0.655762287695734,stable
CPQ,-0.0554153678728168,0.292607671735818,0.57488796959905,stable
CEP290,-0.0554463653037759,0.341101047743713,0.621387029222722,stable
ANAPC4,-0.0554472662845904,0.141416114465749,0.385344936313881,stable
RBM33,-0.055595177181679,0.142449696211003,0.386698886627426,stable
MTPN,-0.055603401074533,0.410926668534949,0.683821754263527,stable
RP1,-0.0556795147712935,0.0824359121049726,0.276687696202961,stable
NSUN5,-0.0557052444161219,0.0131156778111003,0.085461644756338,stable
VSIG2,-0.0557068945790187,0.381201888636363,0.66088272731721,stable
FXR1,-0.0557365826267247,0.424995493922491,0.694596077478332,stable
MFSD11,-0.0557379566058368,0.130198415226299,0.366293539177509,stable
RGP1,-0.0558257012083934,0.142316610424457,0.386595165739681,stable
ZFAND1,-0.0558305275674164,0.38629369528602,0.664703565762431,stable
MAPK14,-0.0558376322372494,0.234587721686996,0.51141645121798,stable
PPARGC1A,-0.055839787269291,0.107092108786871,0.326213291256097,stable
RGS3,-0.0558717294315668,0.26584123661423,0.547262256041149,stable
PNISR,-0.0559882104207705,0.713818680086793,0.883975235070505,stable
C9orf69,-0.0560206650197522,0.0378784235581053,0.171427563707619,stable
PTPLAD2,-0.0560939672357473,0.369907565535468,0.650401878125481,stable
PRKDC,-0.0561128548141097,0.0721993882307588,0.254268315105962,stable
IKZF5,-0.0561415406980137,0.00470098022545614,0.0428202550491623,stable
PIP4K2C,-0.056159688108858,0.203789927613256,0.475043492590472,stable
MAN1A2,-0.0561939800663462,0.277909963170584,0.559389328140494,stable
POR,-0.0562308296890008,0.252016723949921,0.531585624853859,stable
TMEM45B,-0.0562540275976557,0.218135270806639,0.491608692909358,stable
ZNF263,-0.0562688725315457,0.00846146814783527,0.0636510687010082,stable
MAGI2,-0.0562886574229208,0.00263696802736319,0.0285007048333224,stable
PGRMC2,-0.0563068002546988,0.254115289712826,0.53428049712584,stable
CAMK2G,-0.0563139489749019,0.398407940500024,0.673017131181536,stable
MMS19,-0.0563187482218291,0.0618676532295152,0.231916617222692,stable
DESI2,-0.0563340442650663,0.643807694110664,0.845499012722268,stable
PMS1,-0.0563532275812719,0.148106536330728,0.394950763548607,stable
ZCCHC6,-0.0563708459577006,0.0813634292363188,0.274141829929647,stable
IFT88,-0.0563714730696881,0.151627518023757,0.399718520664741,stable
SRP19,-0.056409956317266,0.00122377200579766,0.0160164764441869,stable
IPO5,-0.0564345097586646,0.331386164014044,0.61295639741396,stable
LAYN,-0.0564365790726606,0.100209770413558,0.314173950637427,stable
POLR2B,-0.0564494132467044,0.212461795982856,0.485536173881927,stable
SYNCRIP,-0.0564842068754091,0.402886499062204,0.677153138765792,stable
MTX3,-0.0565106336525062,0.0413021209697066,0.181219356329395,stable
UBE4A,-0.0565374900969572,0.112515487930253,0.335493157196311,stable
TGM1,-0.056557105354306,0.0131630920823538,0.0856336549306506,stable
GRAMD1C,-0.0565661563827699,0.0455903547150078,0.191642536463637,stable
SON,-0.0566212432663549,0.00746234176456386,0.0590418548414424,stable
ACKR4,-0.0566347993470245,0.147732092180096,0.394268580882376,stable
INSIG2,-0.0566572964454163,0.266411261667998,0.547600146746012,stable
RXRB,-0.0566845191667176,0.155682650110153,0.40605088186364,stable
UTY,-0.0567010513734133,0.0445775086056666,0.188617329593516,stable
KHDRBS3,-0.0567225323812863,0.211012203974749,0.483488881234739,stable
TMEM161B-DT,-0.0567764362157127,0.0292180335252729,0.146263334078828,stable
MOGS,-0.056824338960755,0.217984396250551,0.491359258669876,stable
OSBPL8,-0.0568933663495528,0.141380313191639,0.385344936313881,stable
MANEA,-0.0569223681775119,0.0319315326502569,0.154403107245546,stable
SOWAHC,-0.0569546670771391,0.244877539712406,0.523135799623287,stable
SNX17,-0.0569824363945609,0.521652622997719,0.769304625968749,stable
SLMAP,-0.0569851560429729,0.204224926473523,0.475315033362279,stable
PLRG1,-0.0569863795482663,0.150380803017687,0.398231364934459,stable
DIXDC1,-0.0569951062791886,0.128686032371469,0.364069838396052,stable
ARFGAP2,-0.0570495126768222,0.1347995449572,0.374019503087027,stable
DAGLA,-0.0570703966434382,0.00655390152772054,0.0542416332260364,stable
FAM136A,-0.0571081888725863,0.339118406181774,0.619824072542764,stable
TMTC2,-0.0571397839404839,0.391457352995127,0.668413840342566,stable
WIPF2,-0.0571558494744508,0.340760957170624,0.621154479638191,stable
PTPN14,-0.0572016477507817,0.288222579452527,0.570892348186762,stable
TWSG1,-0.057202987235702,0.133043739098834,0.371686077122081,stable
NEK1,-0.0572141477006824,0.026619534062257,0.13741435151057,stable
MMP24,-0.0572394629314259,0.166965368688648,0.424144807602103,stable
IGSF3,-0.057298034759147,0.309191902912293,0.59277945752821,stable
LRRFIP2,-0.057343343280657,0.347142001204282,0.627326076371677,stable
CCAR1,-0.057379655202476,0.321545785435176,0.603219103922589,stable
RBM6,-0.0573885152539899,0.378007552949721,0.658322314753866,stable
UBXN2A,-0.0573965404045706,0.322972807482065,0.604429950581703,stable
WWTR1,-0.0574057390858949,0.526068139611038,0.771533206665263,stable
GDPD3,-0.057425312779717,0.0211178901332886,0.117566745604532,stable
GLRX5,-0.0574430561797687,0.293727636350933,0.576416030378343,stable
BNIP1,-0.057458480295587,0.00070930718183667,0.0105002826511596,stable
TMEM62,-0.057478601973209,0.0599822329421672,0.227144614462532,stable
EXOSC7,-0.0574958051471774,0.314780464389554,0.597960590007446,stable
SCAF8,-0.0575195192628295,0.0284301724348452,0.143607614811383,stable
DCP1A,-0.05752628657626,0.0180820883511799,0.105758587562116,stable
WIPF1,-0.0575493449703264,0.027906088474828,0.142000615419811,stable
ABTB1,-0.0575503756946068,0.412122961888517,0.68494780232838,stable
AGO2,-0.0575620506164154,0.365729875185724,0.646241655969526,stable
C10orf118,-0.0575743149967149,0.545573684285342,0.784506848218329,stable
LSM10,-0.0576041343784602,0.0687419446218408,0.247511496629567,stable
ACAP2,-0.0576353275214745,0.325125697812785,0.606328472649722,stable
PSMC6,-0.057650660054819,0.542850968885611,0.783101387947268,stable
DPH6,-0.0576872684688285,0.0795944090527342,0.270102848248808,stable
CCDC85C,-0.0577048503498095,0.0530889030748311,0.2105641632663,stable
KANSL1L,-0.0577397241305114,0.27396360123129,0.555866595277353,stable
FBXL5,-0.0577624635069532,0.466175736763078,0.728060841470789,stable
CHCHD6,-0.057849651944746,0.348580094997792,0.628936248155425,stable
PQLC3,-0.0578758503612519,0.12740491213179,0.36252272949232,stable
RCBTB1,-0.0578777313225845,0.112581227979325,0.335493157196311,stable
SRC,-0.0580710930166165,0.142137301826325,0.386304294030544,stable
RIPK4,-0.0580810079056187,0.126863534593778,0.361740108904675,stable
CPT1A,-0.0580819610702353,0.152264196936062,0.400619359308313,stable
SEC31A,-0.058114301991279,0.344625898234916,0.624104737781276,stable
KPNA1,-0.05819700692803,0.253732440364992,0.533938527480634,stable
CDK13,-0.0582471278163079,0.274315260794866,0.555998963348771,stable
GPR180,-0.0582735489663422,0.0166557186247394,0.100344753311392,stable
MLLT10,-0.0582768935239944,0.295287074924786,0.577349520774245,stable
TMPRSS13,-0.0583536122122337,0.0263186552050017,0.136206283330204,stable
DENND4A,-0.0583693596349113,0.0701446824737731,0.250483697745391,stable
RAPGEF6,-0.0583941385128801,0.028969166201199,0.145504546858383,stable
CSNK2A1,-0.0584244802141373,0.290907158275439,0.573673498488007,stable
STXBP3,-0.0584338176011983,0.141870587737768,0.385987332515247,stable
RSPRY1,-0.0584495735665996,0.160008770831953,0.412236986447566,stable
RILPL1,-0.0584517357652188,0.147211584199016,0.393753272630297,stable
LARP4B,-0.0584694849426758,0.331812107371026,0.61295639741396,stable
LYN,-0.0584798521624453,0.190202139753549,0.456784077867854,stable
CPED1,-0.0585400682733099,0.000125268100439788,0.0026220501023561,stable
EPPK1,-0.0586190605842123,0.137582318980096,0.378617523961729,stable
ATXN2L,-0.0586312462761555,0.379960225687846,0.660124189711231,stable
PLCL1,-0.0586498544610181,0.0334805716781806,0.158691938035704,stable
RUSC2,-0.0586510500991215,0.0442434787749267,0.187485656393664,stable
DDX39B,-0.058769738555101,0.18739738548552,0.452299202449968,stable
FLVCR2,-0.0588617940748882,0.0982517206965252,0.309703206238866,stable
FAM83G,-0.0588703732359864,0.0154384505887451,0.0953535165981724,stable
DTD2,-0.0589374579321443,0.0389252101881298,0.174357555639318,stable
PTPRJ,-0.0589383086517755,0.0783008535132919,0.267359846150114,stable
ZNRF2,-0.0589804007194368,0.00997519917338393,0.0710521915138093,stable
AIG1,-0.0590053311594322,0.29199716273589,0.574657419047146,stable
NPLOC4,-0.0590077865096273,0.0816852730863058,0.274923121753029,stable
ZZEF1,-0.0590319158617566,0.167502029803577,0.424709457180594,stable
SLC2A4RG,-0.0590394401346563,0.0709702827867396,0.252118784302559,stable
TRIM8,-0.0590417795958246,0.359640865320498,0.640106280966478,stable
ANKAR,-0.0591217187970124,0.0173039045423581,0.103031139369599,stable
AZI2,-0.059134256819329,0.214840424322434,0.487867300407087,stable
ZNF579,-0.0591935878456877,0.00768879532754276,0.0599270277349832,stable
ZNF24,-0.0592034822200364,0.0881047613961179,0.28897550444833,stable
HIGD1A,-0.059270688106912,0.254463364465,0.534736147020829,stable
MYLIP,-0.0593267737019646,0.0154365794214768,0.0953535165981724,stable
LRRC57,-0.0593615817855383,0.187371314576009,0.452299202449968,stable
PCMTD1,-0.0594222209194144,0.532372748756425,0.774866736560388,stable
KCNMB1,-0.0594527593728837,6.98579248769305e-06,0.000216736871496345,stable
SHB,-0.0594930172183174,0.00512288710782943,0.0448904458825139,stable
TPM2,-0.0595103669075411,0.0890727550825016,0.290950606311678,stable
PLEKHB2,-0.0595316302164577,0.410786698975722,0.683821754263527,stable
CCSER2,-0.0595986584671115,0.42340361716472,0.693605711099106,stable
MEX3C,-0.0596332885253739,0.00164985635406201,0.0201880321041582,stable
PLEKHH3,-0.0596908364623002,0.101658204560916,0.316603794280926,stable
IFI27,-0.0596962579192835,0.468929739425962,0.730402285262865,stable
ACTR10,-0.0597107319424094,0.438076458873931,0.706936849277219,stable
FOXA2,-0.0597268970416582,0.414395603122345,0.687136713587568,stable
C19orf70,-0.0597982965554289,0.42330743746183,0.693587682372944,stable
MVK,-0.0598359461876507,0.120779409077844,0.351358280953727,stable
MRS2,-0.0598595530912572,0.265217289203769,0.546253773079507,stable
FAM204A,-0.0598608578602859,0.294493376225798,0.57716910920292,stable
VAT1,-0.0598958470642834,0.316003508078719,0.599259522611582,stable
N4BP2L2,-0.0598974539027104,0.301521472172405,0.5839039220367,stable
MORC4,-0.0600768795736286,0.0497201632744018,0.202593091955429,stable
ARID4A,-0.0601112098795807,0.280584652054107,0.561629631791246,stable
TESK1,-0.0601326558215879,0.00089197219490414,0.0125615992056546,stable
FAM168B,-0.0602016434342687,0.0949439391275777,0.303106479993604,stable
EPS15L1,-0.0602141416167072,0.0507883257584282,0.205177215961993,stable
NCLN,-0.0602509885243734,0.301853146219515,0.584114747409744,stable
PTPRE,-0.0602574788286041,0.69937616572656,0.876409779222512,stable
UBE3C,-0.0602923535759369,0.224067837194256,0.49793285467505,stable
LARP4,-0.0603305373002592,0.34432211205146,0.624075792201696,stable
CARINH,-0.0603540227654088,0.31226231060824,0.595584451924267,stable
EXOC7,-0.0603905628858855,0.300926447996383,0.583315409678187,stable
CCDC126,-0.0604585159821107,0.0357997236444575,0.16545021619276,stable
BRD9,-0.0605037957803551,0.200376278508288,0.471128991822527,stable
TCP11L2,-0.0605079496719248,0.0318315706506294,0.154041615056728,stable
KLK7,-0.0605537652574656,0.00197318246128232,0.023059447807567,stable
UBA1,-0.0605827242328397,0.632866378562171,0.83913251229152,stable
KCTD9,-0.0606093514969758,0.182814266000493,0.445939381887742,stable
NPTN,-0.0606099514155199,0.30419004977202,0.587423015743548,stable
CYB561,-0.0606149536861145,0.217840839679805,0.491205038678189,stable
ZNF282,-0.0606844002149563,0.0341088311119347,0.160401108108307,stable
PSEN1,-0.0607208508956607,0.215146633809447,0.488203536604173,stable
ZMIZ2,-0.0607271058178206,0.283770594409418,0.56538989332386,stable
C17orf85,-0.0607392222412113,0.355028748797903,0.635435180725819,stable
UBE2G1,-0.0607448214485613,0.228136801640801,0.503744348614803,stable
CCZ1,-0.0607565527930491,0.0614306974405327,0.230904311062982,stable
PIN1,-0.0608871383630006,0.367612538086074,0.647818236603304,stable
NSUN2,-0.0608963781057202,0.0588631685807826,0.224226666479117,stable
CNNM4,-0.0609347936859413,0.0254967204611075,0.133115808464229,stable
NR2F2,-0.0609799450219533,0.127090562272986,0.362134040378783,stable
CXorf23,-0.0609857653403547,0.0506753541346988,0.204981975162991,stable
SLC25A19,-0.0611927876309055,0.0102509603476348,0.072289083251284,stable
ZXDC,-0.0612317724586932,0.132235315459092,0.370065131907495,stable
CDC42BPA,-0.0612546324627973,0.405101230994828,0.67918768998502,stable
GPATCH2,-0.0613053747218443,0.0794194328182315,0.269822997990567,stable
RUNX1,-0.0613276093450427,0.265153654568206,0.546214741058603,stable
ANKRD13A,-0.0613844274981867,0.226515700004006,0.501311381462554,stable
ROBO1,-0.0614008213905259,0.00011931217092269,0.00250596559683671,stable
SLC12A7,-0.0614236751487428,0.250256807460009,0.529904592827153,stable
XPC,-0.061431881567266,0.324524394957586,0.605966067892649,stable
CC2D1B,-0.061448516663117,0.160078493400877,0.412304994381021,stable
OTUD4,-0.0616445555384746,0.148146549889423,0.394971303347504,stable
FOXN3,-0.0616620261153724,0.014275707953529,0.0908896331353325,stable
DCAF15,-0.0617501246501153,0.00715284463694391,0.0576430932544372,stable
EYA4,-0.0617715626536964,0.038778856639073,0.174020830967705,stable
HIATL1,-0.0618010747439133,0.334973154344199,0.615788823585289,stable
PDCD10,-0.0618082715441869,0.0627995833722564,0.234114701781782,stable
RALGAPB,-0.0618591273544338,0.12795742397431,0.363093184292869,stable
MYNN,-0.0618769133046983,0.0255967183032192,0.133389179792805,stable
RDH11,-0.061880118851511,0.252972886702323,0.532794722096692,stable
TRPM4,-0.0619144646802388,0.250166336462068,0.529817141985037,stable
MLLT6,-0.0619156915574702,0.355483972001591,0.635855439529917,stable
IL32,-0.0619427892601261,0.00141593447471258,0.0178621083786239,stable
RSF1,-0.0619461078523429,0.244233333642136,0.522307255150712,stable
MAF1,-0.0619829040275569,0.507450051580243,0.758666156427512,stable
TMEM167B,-0.0619975228315809,0.160304195706624,0.412712402762799,stable
MMP14,-0.0620132725317898,0.341246188073049,0.621387029222722,stable
PMPCB,-0.0620340896572235,0.299941565004472,0.582704587558942,stable
SCAPER,-0.0620712024156387,0.178525948370962,0.440316677243646,stable
SENP2,-0.0621149393042887,0.0604609083418584,0.228276477514058,stable
RASSF7,-0.0621188266045407,0.777569248433721,0.914382538995076,stable
BBS7,-0.0621201727595675,0.0417067509227858,0.182043958681761,stable
ZHX3,-0.0621232809222078,0.0781605532912995,0.267179698946545,stable
LPGAT1,-0.0621428398450286,0.0664273348801693,0.241858689456526,stable
LINC00261,-0.0621920369065184,0.0433178209706744,0.185145819421512,stable
EXOC6B,-0.0621990314356275,0.0546601098685865,0.214706035679178,stable
KIAA1551,-0.0622265404816482,0.0795913628662116,0.270102848248808,stable
SURF2,-0.0622354698752302,0.0201319910663329,0.113302697419361,stable
BMP2K,-0.06227816648902,0.109524014902002,0.330410058776424,stable
KNOP1,-0.0622885529234071,0.0595516481825336,0.225933999808594,stable
PKP4,-0.0623361303039371,0.190377033154268,0.457114290567232,stable
TMTC3,-0.0623863866133559,0.123025173849077,0.355606461369382,stable
SPRED2,-0.0624178712774322,0.0922100274523082,0.296937664799003,stable
ZBTB10,-0.0624337007112933,0.0255997231506807,0.133389179792805,stable
SLC9A6,-0.0624590588153054,0.000800420362809616,0.0115381350412556,stable
IP6K2,-0.0624942693612841,0.352188438506891,0.632621011374859,stable
TIPRL,-0.0625523907859418,0.123820819352674,0.356527585682461,stable
HN1L,-0.0625532261040132,0.0600274997993481,0.227245635660338,stable
ATOSA,-0.0626379632114668,0.23238869130153,0.509637488781827,stable
FAM208B,-0.0626760750520351,0.239247441502654,0.516198121813088,stable
GALT,-0.0627185211242081,0.116143425294498,0.34283056523551,stable
CCDC85A,-0.0627869696708037,0.229262553652207,0.505137969690803,stable
CCAR2,-0.0628019809452027,0.0344908582695671,0.161629131109697,stable
UBR5,-0.0628585850594882,0.29672628487903,0.579005240966078,stable
PRKD3,-0.0629059591624202,0.117238351368014,0.344666091179076,stable
ALDOA,-0.0629228619202682,0.0595891263265489,0.225935942994955,stable
BRIX1,-0.0629917310946347,0.0764303916000322,0.263178903357407,stable
MBD2,-0.0630429810035014,0.257601403277898,0.538008687090016,stable
INTS1,-0.0631407233844261,0.215460992358696,0.488492940561772,stable
CD99L2,-0.0631496895767794,0.011324448062567,0.076864962072394,stable
NDUFAB1,-0.0631867438027168,0.629795361817307,0.836918368436159,stable
DDX42,-0.063267069892366,0.339828780454557,0.620591764569186,stable
LMO4,-0.0633019773563064,0.156054324782383,0.406262472781613,stable
KIAA0368,-0.0633157871178629,0.321309870341721,0.603042196041885,stable
ATP10A,-0.0633234780785506,0.0746403886470487,0.259132096228777,stable
YOD1,-0.0634163399868515,0.0478023951260108,0.197611253980506,stable
FAM20B,-0.0634398591435542,0.113172076672065,0.3368433078255,stable
NFX1,-0.063449990180252,0.359477572273594,0.640106280966478,stable
PDRG1,-0.0634503451567629,0.0847834115579967,0.282304119580999,stable
SART1,-0.0634715415257405,0.085300178745274,0.283267966580339,stable
GLS,-0.0634814027688532,0.600429945767675,0.819743130444437,stable
UPF2,-0.0635169310636112,0.309660808718549,0.592893795434542,stable
CXorf57,-0.0635640814713455,0.00343191255266477,0.0346708256560117,stable
B4GALT1,-0.0636047950034256,0.0428540200598091,0.183999908186932,stable
PUM2,-0.0636110122405651,0.379870238969307,0.660124189711231,stable
FNTB,-0.0636374995407111,0.00404420581619259,0.0391730363685722,stable
RBMS2,-0.0636527803182608,0.582524334724352,0.809731347244766,stable
ALDH1A3,-0.0636682051459977,0.00213828164273777,0.0242695959153449,stable
ADAM17,-0.06369272073921,0.117736776121384,0.345549664179543,stable
KIAA0930,-0.0637314015075196,0.0284786017215602,0.143733454766454,stable
MUT,-0.0637703046884661,0.142731249609642,0.386920658090158,stable
LZTR1,-0.0637870854509696,0.104457462267608,0.321151543835952,stable
CBX7,-0.0638099219573805,0.0621438936947566,0.232592454539101,stable
MKL2,-0.0638573228475561,0.111150000355984,0.333523358867019,stable
UBE2K,-0.0638577739504943,0.427817921706665,0.697007367045485,stable
MAN2A2,-0.0638658709408124,0.129852979423736,0.365530438207702,stable
SETD8,-0.0639174456817448,0.0293187041099281,0.146521602223942,stable
ZNF514,-0.0639437536416903,0.0114910602481995,0.0775630703887304,stable
CCDC91,-0.0639717195082462,0.129806549620872,0.365530438207702,stable
PSME3IP1,-0.0640218602206769,0.341998195258395,0.621648466741803,stable
LPIN1,-0.0641089759684824,0.413841255334138,0.686590052280742,stable
CCT5,-0.0641144406869206,0.30424587437103,0.587423015743548,stable
ANKRD9,-0.0641708271198812,0.286904615855727,0.569635394650956,stable
MGAT4A,-0.0641946704650555,0.192185088299435,0.459559960753579,stable
VSIG10,-0.0642003524801685,0.257281915011493,0.537701167567189,stable
TOLLIP,-0.0642161899772845,0.197858822989603,0.467695132952336,stable
LRP6,-0.0642942154180144,0.154460688388469,0.404136869619146,stable
MED13,-0.0643960766102973,0.327820298197352,0.6094715323444,stable
CLDN12,-0.0643997834770557,0.124813136421091,0.357897203755905,stable
SLC30A7,-0.0644913169736857,0.141429931014552,0.385344936313881,stable
XPOT,-0.0644918845456502,0.0583783526719991,0.223505409533515,stable
UBE2Q2,-0.0644980247311495,0.0341167278371727,0.160401108108307,stable
FAM115A,-0.0645008611149618,0.0951519354264256,0.303374350196303,stable
HNF1B,-0.0645191765063797,0.0230188556914933,0.125058885321251,stable
FNBP4,-0.0645404639323211,0.423160779994734,0.69348671063891,stable
BET1,-0.0645735978751684,0.0109695755609444,0.0755023038609146,stable
TRIM23,-0.0646412688321842,0.0528191233975207,0.210077567455048,stable
ZNF714,-0.0646505364155614,0.120900340896389,0.351626401883765,stable
DCTN5,-0.0646843625111136,0.0373603455940173,0.169711209417045,stable
ZNF672,-0.0647218785976973,0.0572275622965489,0.221236471066734,stable
NADK,-0.0648398584912265,0.1007436508348,0.31515523457051,stable
MGAT4B,-0.0648666472530357,0.510477633898586,0.760798911391807,stable
DENND6A,-0.0649065589125459,0.1872411511584,0.452160377668962,stable
ARL1,-0.0649553412269331,0.447572569917854,0.713670809428239,stable
ZBTB24,-0.0650361527276983,0.0576408283943355,0.222360548531588,stable
TMEM87B,-0.0650374460889314,0.207692554160758,0.479760777063566,stable
C2CD2L,-0.0650498893193024,0.000370624798865469,0.00639001063657474,stable
MSL3,-0.0650990918477676,0.0580163678981319,0.222876204018468,stable
KAT5,-0.0651015269868603,0.0858410156394638,0.284060794579536,stable
SOS2,-0.0651024033505972,0.0255145892696081,0.133115808464229,stable
IL10RB,-0.0651615751626474,0.209444007074442,0.481701120689049,stable
RAD17,-0.0651652734384534,0.0711160060447721,0.252251875726565,stable
RCAN3,-0.0651847019043511,0.14926367289572,0.396479603971595,stable
PWWP2B,-0.0652430399412573,0.0345774289491262,0.161696438972502,stable
KIAA1586,-0.0652578131409409,0.00959547130558565,0.0692006143005776,stable
CDC42BPB,-0.0652909297019763,0.275926701946332,0.557357570057186,stable
SYTL4,-0.0653928380035043,0.039799966447088,0.176657512654032,stable
GTF2H2,-0.065458526860888,0.0112652944466147,0.0766877101788891,stable
GPD2,-0.0654651962304184,0.0393391315109775,0.175561127000678,stable
NPEPL1,-0.0655088240551334,0.00694861438635683,0.056523181686906,stable
CAMK2D,-0.0655314200834321,0.266163698749033,0.547557228796395,stable
PHC2,-0.0655401935393547,0.160298067616362,0.412712402762799,stable
TBCB,-0.0655536751410361,0.518978355304361,0.767016251389252,stable
ARHGAP27,-0.0655547327643094,0.10714061508004,0.326257246102402,stable
PSMB7,-0.0655968708844043,0.343874360333721,0.623482672904095,stable
ATP2C2,-0.0656709617857379,0.324616620981399,0.605966067892649,stable
CLN5,-0.0657969695812076,0.119157018304929,0.348296363404937,stable
ABI2,-0.0658386031200244,0.243107399096074,0.520675809271201,stable
PPIL2,-0.0658821271943603,0.142626938025278,0.386810895013855,stable
VAMP2,-0.0658884321966096,0.607617809819001,0.823423490253329,stable
TGIF1,-0.0659625079134434,0.237238490038621,0.513547600891112,stable
RADIL,-0.0660271738124912,0.0049720227378551,0.044202186143666,stable
KRT80,-0.0660492438612239,0.101405789481333,0.316220502709136,stable
MLK4,-0.0660577508656892,0.0885339850636523,0.289801423669679,stable
PEX1,-0.066060573517615,0.0576521107864746,0.222360548531588,stable
USP36,-0.0660869692405234,0.00114689090186972,0.0153219610759076,stable
RRAGC,-0.0661506105212064,0.203355232723026,0.474814703530952,stable
RNF103,-0.0661508164698221,0.0752706469262084,0.260432603460507,stable
OXCT1,-0.0661574873920299,0.0145783955958694,0.0918440404727372,stable
EIF2S2,-0.0661577253935171,0.704360217210707,0.879119797343647,stable
TSC2,-0.0661984684363454,0.276251138082225,0.557457457887431,stable
SNTB1,-0.0662699537031078,0.0418738150012845,0.182449719445869,stable
MAP1LC3A,-0.0662938472814555,0.695813018910908,0.874951787258026,stable
CBX6,-0.0663335750844439,0.197768773776983,0.467695132952336,stable
PIM1,-0.0663664435724747,0.127658823178565,0.362738599380469,stable
IFNAR2,-0.0664396296393161,0.218381738442489,0.491982744327495,stable
NBAS,-0.066453302171353,0.190909079911928,0.45771953664559,stable
ZNF827,-0.0666065387962919,0.0247399477376837,0.130579067852092,stable
MAVS,-0.0666085716894292,0.295736730495104,0.577763799431558,stable
NABP1,-0.0666298196369629,0.0236095643164009,0.127026106603734,stable
EOGT,-0.0667300341205675,0.0293532271486445,0.146574284585388,stable
ZNF800,-0.0668160379851309,0.0637680147448879,0.235625319028129,stable
SEC14L1,-0.0668306592989871,0.151960312959255,0.400250563588435,stable
TRIM25,-0.0668592548150023,0.116629848040588,0.343372654732213,stable
EIF2B5,-0.0670321608084762,0.0019257597538313,0.0227664286565124,stable
S100A8,-0.0670407929900104,0.20538665306547,0.4768881985464,stable
SLC3A2,-0.0670937938234517,0.252335938666004,0.531819743836764,stable
FAM219B,-0.067094745612819,0.320172456296059,0.602306572139586,stable
INO80C,-0.0670973046153652,0.0507448606192259,0.205177215961993,stable
OSER1,-0.0671194896641955,0.106851087781547,0.32610477741451,stable
PIGG,-0.0672186398755579,0.112330050052828,0.335234993126409,stable
SH2D4A,-0.0672610981074409,0.198242376959241,0.467971083406594,stable
NUFIP2,-0.0673565833080488,0.183141186577939,0.446315363781645,stable
ZDHHC5,-0.0673918850410898,0.0399471297353622,0.177159316847563,stable
TNPO3,-0.0674493791863485,0.147764762202406,0.394268580882376,stable
FAM195A,-0.0674534994245177,0.0329907979588955,0.157324626026912,stable
EPN2,-0.0674878590107947,0.194191169789739,0.462908123929361,stable
AHCTF1,-0.067504036097338,0.143757591791425,0.388266195770742,stable
CDC27,-0.0675233613153426,0.04876738759755,0.199843293996799,stable
STK3,-0.0675267142332608,0.259948259629969,0.54004206759292,stable
ST3GAL4,-0.0675737453232734,0.273122463112161,0.555330836507495,stable
LINC-PINT,-0.0675939978210033,0.224950774697402,0.499137996986399,stable
NDUFS4,-0.0676085765932563,0.39432561274933,0.670408385291767,stable
AP5M1,-0.0676126949411209,0.0162798996286729,0.0989584749183976,stable
ATG2B,-0.0676359898780664,0.116321749426377,0.342893950638712,stable
STRN,-0.0677038971073245,0.0408881574307503,0.180029960165493,stable
PREP,-0.0677297722717304,0.0315811277871418,0.153051769162815,stable
AGPAT3,-0.0677717339274735,0.168597448030694,0.425706729717441,stable
SPMIP8,-0.0677788998236027,0.00489636015141033,0.0438163297883162,stable
MTMR12,-0.0677894396289683,0.0771684780243448,0.264676620474071,stable
GANAB,-0.0678318855564887,0.319386474569804,0.601843871958821,stable
TARS1,-0.0678754269760638,0.213439450511319,0.486782116518849,stable
RB1,-0.0679914504577484,0.128705295385367,0.364069838396052,stable
RHOU,-0.0680183079685019,0.108121096928994,0.328156321217929,stable
PLOD2,-0.0680258401642748,0.123310411455836,0.356346683129111,stable
STK40,-0.0680863227271871,0.0527888012727386,0.210055438397772,stable
PILRB,-0.0683147547191812,0.122247827403205,0.354152498179391,stable
ZBTB38,-0.0683342240564246,0.525051458696074,0.771069764070711,stable
TLK2,-0.0683658799717649,0.031761243329469,0.153762153845318,stable
ANKRD50,-0.0683722342684824,0.101431853547488,0.316221111391099,stable
NMD3,-0.0683757976936894,0.0545190436521192,0.214427538482466,stable
HAGH,-0.0683860130336644,0.568125499177344,0.800734013829569,stable
NR2C1,-0.0685029562845812,0.208837043864485,0.481588709416376,stable
SCNN1G,-0.0685743960185667,0.0251088778360573,0.131843179840191,stable
ASH1L,-0.0687004972831328,0.192580385934696,0.460009830565443,stable
RERE,-0.0688053917978004,0.402487502913057,0.677034159296713,stable
C11orf58,-0.0688073746517715,0.641710994130048,0.84468731585054,stable
LPCAT3,-0.0688963285765878,0.479525838259473,0.739068365997001,stable
NCOA6,-0.0689085434829684,0.100780580164932,0.31515523457051,stable
LMAN1,-0.0689120559183477,0.211398924200777,0.484168304757748,stable
DGKH,-0.0689302148275264,0.0185071331165562,0.107269414517204,stable
RAI2,-0.0689502282660756,0.00986397349417398,0.0705955573728237,stable
EFR3A,-0.0689679007754898,0.194613705807888,0.463373186559335,stable
SERTAD4-AS1,-0.0689731923275634,0.239872852550479,0.516870394778258,stable
HERC4,-0.0689992302121248,0.00548252703938764,0.047329385967143,stable
HPS5,-0.0690278285562211,0.176081580236348,0.436773789936916,stable
MARVELD1,-0.0690912986829702,0.121909389004494,0.353593355215007,stable
ABO,-0.0690927760408608,0.348083299678403,0.62822534405268,stable
EIF5B,-0.0691807183787225,0.531728523357303,0.774506984047609,stable
NINJ2-AS1,-0.0692469179478296,0.00086877170887706,0.0123200294307578,stable
ZNF592,-0.0692571701488129,0.0172109456642943,0.1026276096587,stable
WAC,-0.0692605190067329,0.443919280247137,0.711294964181544,stable
C1orf63,-0.0692684786711733,0.594167870000176,0.816721920935809,stable
ACTR1B,-0.0692910883825944,0.206820952966157,0.478887053019005,stable
VKORC1,-0.0693782279629235,0.337289208921631,0.618301964965783,stable
GRAMD2,-0.0693970144753537,0.251513090205897,0.531184522231667,stable
DKK1,-0.0694186208042832,0.0158275721870739,0.0969319851777513,stable
BRD10,-0.0694468161555109,0.161917904397413,0.415795347904366,stable
DVL3,-0.0694994782917487,0.128021674742606,0.363093184292869,stable
EXTL3,-0.0695055794716676,0.000805697014453042,0.0115930202000194,stable
PJA2,-0.0695361844852713,0.447596541050241,0.713670809428239,stable
ST14,-0.0695413917371205,0.103475003809031,0.3199563728986,stable
BACE1,-0.0695680808523503,0.224029741852004,0.49793285467505,stable
PHACTR1,-0.0697944705868132,0.155457146225023,0.405788630248703,stable
WDFY2,-0.0698442914157359,0.0269931451752154,0.138465886119108,stable
SLFN5,-0.0698450916710165,0.0614538021899847,0.230904311062982,stable
DENND6B,-0.0698701636953624,0.0253587306126136,0.132699110876964,stable
ADPRS,-0.0698906014799208,0.252868993638687,0.532667685376411,stable
CASZ1,-0.0699160309709095,0.0716018442709771,0.253111898313599,stable
TET3,-0.0699325868926215,0.00472343817805148,0.042896960095469,stable
CLDND1,-0.0700092771643875,0.305790440862548,0.589371729334421,stable
RHBDF1,-0.0700129425869923,0.0956951202640703,0.304470887586672,stable
KANK1,-0.0700782106789742,0.067088880744033,0.243357936240048,stable
PAFAH1B2,-0.0701065855147476,0.0555637563822811,0.216854876652145,stable
THAP9-AS1,-0.0701277848655665,0.0303946242763557,0.149757589776021,stable
BIRC3,-0.0701386841763486,0.423588598210667,0.693629876025076,stable
CDK9,-0.0701405425079294,0.0357588515263313,0.165397640565024,stable
ARHGEF28,-0.0701901559744484,0.0280870968327492,0.142640910545711,stable
INTS3,-0.0702025785479714,0.135592751476292,0.375172911674635,stable
DTNA,-0.0702227704395422,0.000205212575167163,0.00400721808121949,stable
NPIPB5,-0.0703714074931168,0.0198988355526795,0.112248899767399,stable
GTF3C1,-0.0703825326474392,0.153467890316926,0.40222802127661,stable
NDEL1,-0.0704004640346395,0.0594828732196257,0.225813242930654,stable
hsa-mir-1199,-0.0704168699316191,0.0424232638058661,0.183438973032511,stable
CERS4,-0.0705074527004332,0.197860923845384,0.467695132952336,stable
TMEM30A,-0.070538308806725,0.560337385982703,0.795501354992976,stable
DCDC2,-0.0705758883902412,0.0910355673622109,0.294797498963265,stable
AFTPH,-0.0705924451721806,0.0637224761727501,0.235615108510495,stable
CDK5RAP2,-0.0706086516070596,0.0685488389785657,0.247253174291528,stable
RABL6,-0.0706363917516355,0.2027232011051,0.47409382251937,stable
SRGAP2,-0.0706469326553216,0.0200959744244319,0.113188344424964,stable
ASNS,-0.0706714900222883,0.0707840212194912,0.25178910638846,stable
GBF1,-0.0707074311571946,0.0325011716997358,0.156353531230842,stable
NIT2,-0.0708526014209335,0.331617077788279,0.61295639741396,stable
IARS2,-0.0709096187348843,0.24114654150464,0.518335734720014,stable
FASTK,-0.0710039335425589,0.206849119759518,0.478887053019005,stable
SMG1,-0.0710171248905935,0.417375040295069,0.689551627593854,stable
MSMO1,-0.0710412564586387,0.0646038188400017,0.237081081206899,stable
PIGQ,-0.0710932558686204,0.281273789962649,0.562363560435627,stable
HGS,-0.071107571894141,0.300583835010004,0.583042970352632,stable
YTHDC2,-0.0711114280366112,0.00708663222246256,0.0573426101710691,stable
BRWD3,-0.0711732134517016,0.00200832745542736,0.0232920254413131,stable
USP40,-0.0712886076466805,0.0742366277835364,0.258138099663873,stable
PNPLA8,-0.0715699185851577,0.152987887929023,0.401572673833879,stable
ZC3HAV1,-0.07157958175825,0.249127982459663,0.52870339907638,stable
PGM1,-0.0716398845246049,0.0371036832645439,0.169052906888606,stable
TROVE2,-0.0716621182518715,0.224228090509282,0.49793285467505,stable
IAH1,-0.0716651900297539,0.281070717615906,0.562049476874993,stable
MAPK3,-0.0717360735613678,0.105688196644169,0.323792610470758,stable
SUCLG2,-0.0717566365888382,0.137578547243041,0.378617523961729,stable
SRSF11,-0.0717777307322212,0.653920638428014,0.85155277342538,stable
TSC1,-0.071838669037168,0.0298043402314561,0.147860493096315,stable
TMEM57,-0.0719322896894025,0.052828733831546,0.210077567455048,stable
PTPLA,-0.0720029960499516,0.463834407740807,0.725888080940164,stable
BAIAP2L1,-0.0720220264982676,0.183835913315738,0.447117032306323,stable
JAG2,-0.0720492667452572,0.00440502254404372,0.04138892819246,stable
TMEM126A,-0.0720767002969843,0.199446813333833,0.469886263544403,stable
KAZN,-0.0721306789284679,0.0669546006529519,0.243225271435865,stable
VPS13C,-0.0721499537002886,0.423507864379361,0.693629876025076,stable
ZFYVE16,-0.0721690155705386,0.138040677568506,0.379448896468949,stable
RAB4B,-0.0721899780615475,0.00237546683256534,0.0263500059539735,stable
EXOG,-0.0723726772573379,0.0457792603626564,0.192099509075573,stable
TSSC4,-0.0723754910556333,0.0879534913456295,0.28873319591296,stable
C6orf47,-0.0725851516068111,0.0266663296256698,0.137549924716367,stable
ZDHHC20,-0.0726288789104542,0.257873165017724,0.538384554940505,stable
DHX30,-0.0726425363880721,0.202481223103973,0.473976151439988,stable
ARPC5L,-0.0727327206673676,0.586302184983816,0.811751943509136,stable
INTS6,-0.0727367713481291,0.10833630561311,0.328156321217929,stable
RNFT1,-0.0727527128267981,0.00124445481171448,0.016200442618102,stable
ATXN3,-0.0727550098469021,0.102833291619192,0.318559086860872,stable
RBP2,-0.0728737949878213,0.00435185839247584,0.0410788548182429,stable
CC2D1A,-0.0728741363843433,0.0449826885101096,0.189806138884218,stable
PPP2R5C,-0.0729183486508749,0.122759830488172,0.355091379055233,stable
NIPA1,-0.0729336308534283,0.00227149859493717,0.0254507780243006,stable
ATP11B,-0.0729829050349477,0.0739694606817365,0.257754471885276,stable
ORMDL2,-0.0730122320668914,0.125064258230222,0.358365094375582,stable
CCDC6,-0.07301365946912,0.152656894961201,0.401255722312968,stable
B3GALNT1,-0.0730397811690893,0.0144245840832092,0.0913133691523299,stable
OSBPL1A,-0.0730805619338927,0.0783226119980006,0.267359846150114,stable
CDC42BPG,-0.0731050476778413,0.00409278138860589,0.0394559619040366,stable
DCBLD2,-0.0731353510551808,0.051797381806094,0.207733331757773,stable
EDEM1,-0.0732385228893768,0.358747217801104,0.639417122799044,stable
PPP2R2A,-0.0732402635612434,0.300282530511817,0.58301360434823,stable
ACBD5,-0.0732598164640383,0.0545995801536752,0.214546450945889,stable
FBXL3,-0.0735120971380805,0.118310467747221,0.346567734901038,stable
TANC1,-0.0735194564047327,0.208139061691252,0.480404218856595,stable
UBALD2,-0.0735431190418638,0.100425031612048,0.314687410004018,stable
CCBE1,-0.0736282553530864,0.00791000727283446,0.060927491432343,stable
NCOA4,-0.0736770738794894,0.291114023918526,0.573673498488007,stable
PPP1CB,-0.0737986448392289,0.220753123841021,0.494169222147665,stable
CLIC3,-0.0738149132105503,0.528324917154087,0.772611097706959,stable
NCSTN,-0.0738395182733843,0.173775755406145,0.433782894442459,stable
NOSTRIN,-0.0738727094150537,0.024581642261157,0.130010469561371,stable
AMT,-0.0739097802597597,0.000438736475847661,0.00728684059886116,stable
SLC12A8,-0.0739105482961444,0.00511898441092102,0.0448904458825139,stable
ZFC3H1,-0.0739350777731931,0.0997160230130874,0.31328290115347,stable
ARID2,-0.0741202804200269,0.0303619855480987,0.149757589776021,stable
KCTD20,-0.0741345020450666,0.0210571080420078,0.117427960175868,stable
TNKS2,-0.0741558763141274,0.052856136790072,0.210118184104663,stable
SLC35A1,-0.0742756244502384,0.198236387797111,0.467971083406594,stable
CHD6,-0.0743274998056135,0.168655159778341,0.425706729717441,stable
MCU,-0.0743336136671569,0.0608428059200217,0.229275565856354,stable
NMRK1,-0.074385785013703,0.0876018367025069,0.28801636682395,stable
ITPK1,-0.0744803356582432,0.00954279870674726,0.0688613762640369,stable
ZCRB1,-0.0744936406959139,0.317992893354537,0.600981003148711,stable
TPRG1,-0.0744959039679331,0.00194775646105507,0.0229156640807865,stable
CROCC,-0.0745103524466491,0.0103239465594672,0.0725968277379199,stable
ATP6AP2,-0.0745599267875663,0.425670942755595,0.695044973577011,stable
KPNB1,-0.0746896467940766,0.524413819773087,0.770855523437495,stable
RAB21,-0.0747301108994868,0.0122783681802505,0.0813310275740747,stable
VDAC1,-0.0747365702521219,0.467674333987034,0.729198855584405,stable
ERMP1,-0.074750854527035,0.000485208931544882,0.00789772833449353,stable
STRIP1,-0.0749170207348327,0.00876499058601102,0.0650535791884631,stable
FBXO2,-0.0749365894678839,0.000209629679633255,0.00404820411348643,stable
RNF6,-0.0749386961928217,0.0160320910217917,0.0979391707398208,stable
CHTOP,-0.0749397030378624,0.203189062084488,0.474814703530952,stable
MARCHF2,-0.0749515431032808,0.0362221679459944,0.16696070172392,stable
NEIL1,-0.0750012470030215,0.110643942363355,0.33247403023057,stable
GLIS2,-0.075002789818325,0.0515537326940051,0.207232104061664,stable
DNTTIP2,-0.0750078783075229,0.11840801709887,0.346687329584812,stable
ANKRD36C,-0.075086774712443,0.095017636695824,0.303183396233295,stable
RND3,-0.0751438680959871,0.00252242569942718,0.0275550775243948,stable
VAMP4,-0.0751456818204332,0.0142411289781106,0.0908104124300593,stable
ZFAND2B,-0.0752818592331996,0.0878812837944427,0.288624613944994,stable
CTIF,-0.0753241230284147,0.122848479966569,0.355263737665328,stable
ERBB2IP,-0.0753268404137545,0.219867381260291,0.493873367976075,stable
TRIO,-0.0753646428024189,0.00875609532871648,0.0650535791884631,stable
SCARA3,-0.07547045006188,0.00316643253463972,0.0326086531621196,stable
DSC2,-0.0754932132208877,0.0530695029583568,0.210555535268729,stable
RHOD,-0.0756927147333477,0.000766073451455931,0.011148192703092,stable
ZDHHC7,-0.0757759376155534,0.322283138266589,0.603857554670233,stable
WBP4,-0.0758389149525283,0.0709540443491297,0.252118784302559,stable
MTAP,-0.0758872784003012,0.0547568561311546,0.215016964133387,stable
ERBB3,-0.0759675347526047,0.19640337826884,0.465458490879857,stable
SYT8,-0.0759737892552927,0.00794248743017226,0.0610484286654196,stable
SKIV2L2,-0.0761012610301389,0.0770425284869313,0.264467247465388,stable
HSPB8,-0.0761460783895427,0.206984050791132,0.478989863976608,stable
FAAH,-0.0761619080394915,0.0182422030784692,0.106338908169388,stable
SNX13,-0.0761635972764624,0.137433253516546,0.37854531117311,stable
DNAJB6,-0.07619446278426,0.377284741017715,0.657913262340565,stable
BRD2,-0.0762566562240307,0.437279710440705,0.706514309006854,stable
TKT,-0.0763492993615249,0.409368143564682,0.682372405871126,stable
KCNT2,-0.0763818342548986,0.0586911414496887,0.22380951128085,stable
MBD4,-0.0764402819184148,0.0152981488806002,0.0949743889875351,stable
HIPK1,-0.0764512023263589,0.0856161548102,0.283623814742516,stable
TTC19,-0.0764812637560112,0.177251064745608,0.438784328766771,stable
GFM1,-0.0764880607933911,0.0181903732073191,0.106138005769102,stable
HSPA4,-0.0765153615180561,0.106188188843667,0.325079995097668,stable
ATL3,-0.0765591262008664,0.0401755640680946,0.177808144521502,stable
GABPB1,-0.0765657046945367,0.0825526031573333,0.276927283478387,stable
BICD2,-0.0765927021349515,0.0915354330369938,0.29573353763539,stable
PYGB,-0.0766157068982419,0.132898710887503,0.371496419366301,stable
NFYB,-0.0766931663688646,0.194731760156488,0.463473721992388,stable
FER,-0.0767701470902586,0.071715509997197,0.253220795553361,stable
ATP10D,-0.0767780376862059,0.0584544170712244,0.223505409533515,stable
MON2,-0.07677972819649,0.160817710254415,0.413511924726541,stable
UBXN4,-0.0767867728010774,0.232784896565346,0.510048857432299,stable
SMAD4,-0.0767892002429135,0.190434529570675,0.457162547029053,stable
DAAM1,-0.0768730943761831,0.260416063964299,0.540554587519033,stable
ITFG1,-0.0768950692738234,0.365942796353162,0.646241655969526,stable
C1orf167,-0.0769210230349344,0.35349061622837,0.633680787912538,stable
MYSM1,-0.0769924736566223,0.03201797942266,0.154637605872223,stable
HRCT1,-0.0770300048041409,0.111219806308322,0.333523358867019,stable
NACC2,-0.0771076251486337,0.0311609155211089,0.152025410674416,stable
WDR59,-0.0771941446777214,0.000973151898854568,0.0133961810941422,stable
ITFG3,-0.0772270140588114,0.100106076670046,0.313929762789455,stable
MOB2,-0.0772424925838635,0.0125804592125945,0.0828128882147307,stable
UNC50,-0.0773935659998085,0.230837717825296,0.507693462162004,stable
SNRNP27,-0.0774107185702276,0.0557151663318244,0.216967885708895,stable
EIF3A,-0.0774284791381393,0.457085834076767,0.720198520016056,stable
YIF1A,-0.0774785779938922,0.258280365684444,0.538702480378935,stable
USP33,-0.0774809636409316,0.270119404890358,0.552072931515202,stable
SORBS3,-0.0775153000119234,0.158782134400122,0.410400172637221,stable
XRN1,-0.0775814967697014,0.0962305622170316,0.305538283776882,stable
CYB5B,-0.0776217717665094,0.0700446736133046,0.250285323077766,stable
FAM127A,-0.0777092140557604,0.204032452900323,0.475065277000676,stable
PIGX,-0.0777301156763478,0.0196260976770296,0.111326876103949,stable
EIF1AX,-0.0777366889660517,0.0857298379633788,0.283769710063456,stable
GDI2,-0.0777688911594226,0.160786906030005,0.413511924726541,stable
ZNF451,-0.0778211140950642,0.154541285465482,0.404174726899884,stable
BDP1,-0.0779226840661497,0.262703228218467,0.543364511293153,stable
MGAT3,-0.0779528073306532,0.052700941241362,0.209774114534161,stable
ENY2,-0.0779704643709834,0.357555622080955,0.638067142236146,stable
LCAT,-0.0779965028872225,0.0555298581691339,0.216800358460155,stable
FBXW11,-0.0781197873117754,0.152195293124393,0.400524276243828,stable
RFFL,-0.0781739268239582,0.00198742800374799,0.0231374475407766,stable
SF3B3,-0.0782613370947659,0.051505820368458,0.207175764456739,stable
ANKFY1,-0.0784150724250023,0.0970198756213264,0.30709785256747,stable
CD58,-0.0784515384016958,0.0115445086727449,0.0777172718265263,stable
GSN,-0.0784624436530916,0.640249626557239,0.843908931964167,stable
HIAT1,-0.0784876684906932,0.0693003007429543,0.248643051447571,stable
DENND2C,-0.0784987804366954,0.00120395809290753,0.015819098716278,stable
HINT3,-0.0785558155138637,0.058587789261977,0.223735437656485,stable
CAPZB,-0.0785644331764907,0.588391114748954,0.812894776976856,stable
TTC1,-0.0786297228004704,0.0829487978690641,0.277951234964759,stable
PHF20,-0.0786924249916365,0.00286336464717358,0.0303571287485255,stable
SH3GLB1,-0.0787003296287587,0.448847233265237,0.714694357097076,stable
PPM1K,-0.0788350629763979,0.104929780016895,0.321953220614086,stable
ARHGAP35,-0.0788641356851758,0.0324051645934159,0.156075938530306,stable
SAMD1,-0.0789462809309909,0.0632353154701703,0.234452076526346,stable
PCDHA12,-0.0789927919816329,0.0022807979972864,0.0255315702553378,stable
CLASRP,-0.0789939581581483,0.0518316596627515,0.207802626342235,stable
BAIAP2,-0.0792306316289455,0.402348086508981,0.677034159296713,stable
GPBP1,-0.079239671451999,0.329544960689142,0.61111059008313,stable
ZC3H7A,-0.0792465588223915,0.200331155951888,0.471128991822527,stable
SRSF1,-0.0793108382696948,0.0509172005574852,0.205552133294154,stable
TGFB2,-0.0793890780873509,0.0382071327850303,0.172086953266106,stable
FNIP1,-0.0797119889006244,0.0646995125111817,0.237289781259132,stable
BOK,-0.0799723115143357,0.111465400376405,0.333612946353884,stable
NOL3,-0.0799806727503352,0.0917414920662175,0.295749133887858,stable
BPNT2,-0.0800248525070216,0.162295231932688,0.416347726158484,stable
RNF19A,-0.0801403904353126,0.362771105057027,0.64389632470119,stable
KIAA0319L,-0.0801579016454199,0.265918196118689,0.5473285114253,stable
TRAK1,-0.0801687617876739,0.202078013918101,0.473392264749139,stable
CDS2,-0.080351853875657,0.10425016998032,0.320753606302398,stable
PDLIM5,-0.0803550842941212,0.0901117997808884,0.292935592434465,stable
POLG,-0.080422366950246,0.00468774305583145,0.0428042447960954,stable
MSRB3,-0.08052742679808,0.00797467280451414,0.0611671367833643,stable
AP1G2,-0.0805405184688071,0.0567553394483673,0.220107001718541,stable
TAPT1,-0.0806791097906339,0.0519606786260412,0.207978826301482,stable
LSM1,-0.080683010774888,0.0103410553034161,0.0725968277379199,stable
CGGBP1,-0.0806971609539971,0.294836502402353,0.57716910920292,stable
NARS1,-0.0807040118359994,0.19252411618373,0.460009830565443,stable
LRRC8A,-0.0807056875267587,0.114832920806762,0.339883201922967,stable
MGEA5,-0.0807603792718792,0.44672152259341,0.713260696470983,stable
C1orf106,-0.0807900748316831,0.00371622988686976,0.0367533933148025,stable
MYO5B,-0.0808866270444356,0.167558027440164,0.424709457180594,stable
PFKFB3,-0.0809570808524095,0.203977892638319,0.475065277000676,stable
ERAP2,-0.0810513448079791,0.00608844770768342,0.051363136493252,stable
RCOR3,-0.0811043003886732,0.0208644234750793,0.116726184237698,stable
CUTALP,-0.0811904731125245,0.0473283290000242,0.19644140542535,stable
MDGA1,-0.081195515520625,1.75825778396343e-05,0.000483569928917484,stable
H2AZ1,-0.0812007124410339,0.560936338694369,0.795831685724231,stable
GABRE,-0.0812475825713832,0.0979901125268741,0.309277339408342,stable
AHSA1,-0.0812538580148303,0.221620550627505,0.495534957174066,stable
DDX3Y,-0.0812540131394544,0.00141952431550887,0.0178889332296706,stable
IPO9,-0.0812928363271959,0.175852859235232,0.43649922172185,stable
TMBIM1,-0.0813783852985384,0.510223224603902,0.76069870686158,stable
COMTD1,-0.0814250526832613,0.450569166135121,0.716409662699756,stable
ANGPTL7,-0.0815291804653237,2.9142024214876e-06,0.000102660548703932,stable
SLC17A5,-0.0815534002560083,0.0331078697286629,0.157632806687196,stable
BLCAP,-0.0816034398783152,0.148441294821039,0.395476871735786,stable
RBFOX2,-0.0816333684707322,0.150505127136465,0.398392090540526,stable
STK24,-0.0816729462594599,0.0522027424894293,0.208606186397772,stable
MBP,-0.0816754502476375,0.264917774219343,0.545912824015044,stable
PAPD7,-0.0816922151782718,0.00246113774823248,0.027103556607562,stable
TMEM19,-0.0817579431876487,0.0230629620350742,0.1252428466978,stable
BCO2,-0.0818090510869808,3.88140291968783e-05,0.000973931915105659,stable
TNKS1BP1,-0.0818937684693071,0.251740344405735,0.531389046799465,stable
C10orf67-AS1,-0.0819291046552744,0.000780659622222483,0.0113469479453599,stable
PSMA7,-0.0820523600820273,0.373732798378524,0.654266532890335,stable
ATXN1,-0.0820692438950315,0.17484010473433,0.435270700475051,stable
SEC61A1,-0.0821167358542075,0.329623609133791,0.61111059008313,stable
LINC00969,-0.082192092091582,0.0551589465756535,0.216109924019483,stable
IARS1,-0.0822597747418285,0.0633376808168932,0.234746012916928,stable
FUBP1,-0.0823736502010037,0.0357005434514796,0.165304334526851,stable
ADAM10,-0.0824206953112284,0.372062639706981,0.652524204846217,stable
ORMDL3,-0.0825436646816667,0.010502731997964,0.0731957787589005,stable
NFRKB,-0.0826469809257003,0.000707846540883778,0.0105002826511596,stable
SLC37A3,-0.082744381098065,0.0428540362081312,0.183999908186932,stable
LINC00152,-0.0828094415230549,0.0152496685447847,0.0947696737628107,stable
C19orf66,-0.0829821098826674,0.0304266450470494,0.149853065695057,stable
LRP10,-0.0831199478325081,0.419716352842713,0.691468902289065,stable
LEPROT,-0.0831890844289891,0.513871201694112,0.76343723499135,stable
AP1S3,-0.0832927579259166,0.0235865948628461,0.126958404052589,stable
EPS15,-0.0833965397523313,0.187835062713376,0.452917821429928,stable
ARHGAP24,-0.0834479795743351,0.26077763360584,0.540937687629015,stable
ZBED2,-0.0835029422097152,0.033551322034527,0.158842509895453,stable
SPATS2L,-0.0835673778995436,0.412108493391647,0.68494780232838,stable
ZNF33A,-0.0835693613833902,0.147280569553801,0.393753272630297,stable
ZYG11B,-0.0836259179655844,0.0691186671507625,0.248282864311173,stable
RAB1A,-0.0836674818852043,0.194008199784875,0.462652406197877,stable
ARHGEF12,-0.0839057317462033,0.161085615984716,0.414018788837151,stable
GYS1,-0.0839445245354256,0.000152156266734119,0.00307431108191384,stable
SLBP,-0.0839672964804345,0.178155145523898,0.440017240454563,stable
ZNF326,-0.0840619481426891,0.0889073797677246,0.290511577193442,stable
APBB1,-0.0840874782855454,0.0762667679272849,0.262739034090219,stable
SLC16A4,-0.0840889295982256,0.0108512659805723,0.074941172512156,stable
BPTF,-0.0841059562692127,0.416895628608467,0.689225340020272,stable
RANBP17,-0.0841384657272841,0.210661563391214,0.482866482447815,stable
PSMC2,-0.0842968480825495,0.0984582727431577,0.310114384440186,stable
LAMC1,-0.0844349904344536,0.166965380741273,0.424144807602103,stable
TMEM47,-0.0844928899108488,0.00104928143787085,0.0143151967595238,stable
CSPP1,-0.0845257959392106,0.00222640346630393,0.0250603646151927,stable
PKN2,-0.0845656710479009,0.202113402300864,0.473392264749139,stable
ZNF207,-0.0846548767249188,0.122030976375612,0.353820364140295,stable
HNRNPD,-0.0847929319663224,0.0337380064803622,0.159356024426564,stable
KIDINS220,-0.0850559401846627,0.135955951309049,0.375746224011263,stable
SGMS1,-0.0850572136035014,0.0210948346836801,0.117531111747177,stable
OSGIN1,-0.0851663793941142,0.0295998112362902,0.147024824279728,stable
ODC1,-0.0852854931737724,0.1090723680812,0.329616965988773,stable
TSC22D2,-0.0853298055788088,0.0630633848263281,0.234355991759897,stable
KRIT1,-0.0853696992160797,0.030452742801051,0.149917384575072,stable
DAGLB,-0.0854335433897002,0.0646451406005645,0.237161524220078,stable
RTCB,-0.0854585502005802,0.133321774537295,0.371686077122081,stable
DMXL1,-0.0854885730721844,0.0439214703205395,0.186879176825392,stable
REXO2,-0.0855828844739035,0.250354542406983,0.530019730928813,stable
RNF41,-0.0856316119910749,0.0480968976614959,0.198158569940723,stable
TRPC4AP,-0.0856774358444942,0.0389090704764895,0.174349148645384,stable
MLX,-0.0857009564044603,0.293438446486207,0.576130994193286,stable
SAMD4B,-0.0857099965005908,0.0233605514820608,0.126353708547217,stable
C6orf89,-0.0857635612491557,0.02708641067633,0.138769607756688,stable
GARS1,-0.085789600107543,0.0839915336284004,0.280561656940667,stable
NDUFAF4,-0.085850274072235,0.0446359090786444,0.188704126600358,stable
RTN3,-0.0859069442267865,0.371254467432411,0.651548767652321,stable
AP2A2,-0.0859831639147317,0.186827300853131,0.451486209366277,stable
MEGF9,-0.0861048454659019,0.305823370350805,0.589371729334421,stable
SRP54,-0.0861701240402023,0.13064264687326,0.366952140482245,stable
NFATC2IP,-0.0862303426070771,0.0819415437731924,0.275691038519719,stable
SDCBP2,-0.0862333240523398,0.0192673683402572,0.110198186508659,stable
NHLRC2,-0.0862535577698809,0.0394381005870687,0.175561304288539,stable
SPRY2,-0.0862922954034117,0.0076671909782934,0.0599256665720323,stable
LTN1,-0.0863128664462851,0.00866483416571725,0.0646241200986746,stable
ITPRIPL2,-0.0863682023178576,0.0393518887419713,0.175561127000678,stable
COX17,-0.0863791441593553,0.489678255967941,0.746420268725866,stable
TRAM2,-0.0864126417520597,0.00573247201869282,0.0490562250246125,stable
CAPN1,-0.0864453790061365,0.216659594845125,0.490220388852209,stable
KIF3A,-0.0865328179669146,0.0131230913925832,0.0854643948763649,stable
RAB10,-0.0867199480798467,0.225560976176767,0.499865368525162,stable
IFRD1,-0.0868302408779278,0.0891979874342705,0.290994448464511,stable
DDX3X,-0.0868454852165881,0.163833712421386,0.419015974686391,stable
NDFIP2,-0.086868767733861,0.115481790133171,0.341307882637303,stable
BRD4,-0.0870375002163393,0.288144354583988,0.570892348186762,stable
RAB9A,-0.0870463586176541,0.135612844206595,0.375172911674635,stable
PVR,-0.0870749466370396,0.0545183045242131,0.214427538482466,stable
NUB1,-0.087099456174603,0.200358752401725,0.471128991822527,stable
TNFAIP1,-0.0871712985549698,0.0726807399422038,0.255228200245188,stable
FKBP9,-0.087183064941071,0.273385210870803,0.55556994624951,stable
CSNK1D,-0.0872429989011402,0.295181680454121,0.577328137899387,stable
SLC12A4,-0.0872874754625611,0.0184245622013849,0.107044604728959,stable
TDRD3,-0.0874594729612371,0.0247124056565353,0.130490041790707,stable
EPRS1,-0.0874615526133784,0.0327426230648428,0.156934002869532,stable
NFE2L1,-0.087478540533386,0.225694508950098,0.499980006778905,stable
GAPVD1,-0.0875623664130546,0.150571274996901,0.398480897502081,stable
RAPGEF1,-0.0875750158032696,0.000850026750483251,0.0121045928258112,stable
RAD50,-0.0875986993907064,0.335949356929904,0.616891233154747,stable
APC,-0.0877113859965144,0.0847959833092421,0.282304119580999,stable
KAT8,-0.0877135331149244,0.056433219921921,0.219205491047208,stable
CTTNBP2NL,-0.0877823615793526,0.0237212175278101,0.127393789226097,stable
KIF21A,-0.0880981073989517,0.0267031941861777,0.137555771484128,stable
SIRT1,-0.0881124506009678,0.000331880622802602,0.00584568981720318,stable
SH3D19,-0.0882703148964376,0.012637991216582,0.0829420770947652,stable
MLXIP,-0.0882916801431149,0.109590487777359,0.330529021117798,stable
GK5,-0.08841965501687,0.110715415005178,0.332527084280907,stable
SORT1,-0.0884305283912295,0.21632670635146,0.489790268279356,stable
AFF4,-0.0885458418779498,0.322877758956228,0.604429950581703,stable
WDR11,-0.0886085909586941,0.0528807391266497,0.210147644695763,stable
MIR23AHG,-0.0886112952462009,0.0291994660961037,0.146263334078828,stable
ZNF518A,-0.0886547387877028,0.0260049473037376,0.135040134172,stable
ENO2,-0.0886737895599851,0.110481271835562,0.332231996781774,stable
DNASE2,-0.0886806262354354,0.0933520227851083,0.299589164222936,stable
DYNLRB1,-0.0887057945834611,0.448819466147603,0.714694357097076,stable
TGFBR3,-0.0888986531042886,0.00190532871622238,0.0226123672107791,stable
SFXN3,-0.0890530637738556,0.0526074522750826,0.209538447901795,stable
SLK,-0.0890651938289111,0.214553778456111,0.487540098615436,stable
ITGB1,-0.089076487162157,0.111943343989906,0.334484715848665,stable
PAXBP1,-0.0891321891538174,0.00462956853981003,0.0425016646666946,stable
CCNY,-0.0892110791520616,0.190542516471283,0.457331969633803,stable
IRX2-DT,-0.089363185443526,0.274848381887799,0.556480577311378,stable
SPG11,-0.0894773817864783,0.0588020752232076,0.224078433532629,stable
TRIM16,-0.0895268651763341,0.0183495972260509,0.106720890480651,stable
PCGF5,-0.089604968240435,0.0285859085019658,0.144156000630376,stable
CCDC12,-0.0896764447987294,0.455430273891086,0.718781201985554,stable
MPDZ,-0.0897212753945276,0.0376042306640366,0.170502268411418,stable
PTCD3,-0.0897484316314018,0.151752527829308,0.399961815477675,stable
SYNE3,-0.0898434860966654,2.32487610561677e-05,0.000620508417359377,stable
RB1CC1,-0.0898563124870918,0.330318748051228,0.611790360027001,stable
ZFYVE21,-0.0898639132138062,0.0613038234407312,0.230506901796216,stable
BIRC6,-0.0898771897982735,0.24624753270403,0.525063156251892,stable
LARP1,-0.089972469049392,0.175361887467099,0.435873060674627,stable
HNRNPUL2,-0.0900300203286387,0.0139779976404753,0.0894123721387597,stable
SIPA1L3,-0.0902544677797017,0.0252764500758143,0.132495422695864,stable
MITF,-0.0902660742433792,0.00256731362406187,0.0278958593249176,stable
ZDHHC8,-0.0903893110016893,0.00549263752126919,0.0473832047000668,stable
CDC42,-0.0904658522497863,0.523731500151679,0.77071958114984,stable
GALNT13,-0.0905361683487281,3.34781351757423e-05,0.000856143774870866,stable
RNASE1,-0.0906101807340836,0.274239262302731,0.555937104873728,stable
SMYD2,-0.0906714002802084,0.173552514393061,0.433438175185137,stable
DSG2,-0.0906749185382102,0.301589501774541,0.5839039220367,stable
SH3RF2,-0.0907164748927367,0.00532288681540962,0.0462451801219383,stable
CYCS,-0.0908208915516602,0.317845960821783,0.600889116159214,stable
PRRG4,-0.0909019132567472,0.126450961286795,0.360984715266181,stable
USP7,-0.0909161049161293,0.0723233586144039,0.254411722504309,stable
GNB4,-0.0909562336422688,0.00378286034829592,0.037250418340804,stable
YME1L1,-0.0912231452166955,0.143242285031243,0.387569758719097,stable
TSPAN7,-0.0912250261937947,0.00341188959122481,0.0345256112277584,stable
SDC1,-0.0912425768843672,0.101076530874369,0.315596299721147,stable
ST6GAL1,-0.0913189334054611,0.00509249377812862,0.044785125318803,stable
IRX1,-0.0914099686413685,0.00272463485660628,0.029292820129424,stable
NR2F6,-0.0914898230825671,0.175649384688196,0.436232848116315,stable
CYLD,-0.09171890152703,0.0747572769373843,0.259295939247705,stable
ELAC2,-0.0917494182403609,0.00142258847970892,0.0179043363176407,stable
GGA3,-0.0917673059208005,0.0132559062412159,0.0859629697043091,stable
ABCB8,-0.0919704841078249,0.0506677037153138,0.204981975162991,stable
TFDP2,-0.0919799875667882,0.0799514785273064,0.270802680387308,stable
DUSP18,-0.0920092923279252,0.0286686419443487,0.144513599640297,stable
ACADVL,-0.0920460357236772,0.544891695316711,0.784448195227159,stable
RIPK2,-0.0920878773347628,0.000684471315517239,0.0102490228439153,stable
AP1M1,-0.0921608511913178,0.0086808986587772,0.064634979263213,stable
PER3,-0.0921648650991136,0.029985049638458,0.148395646469842,stable
YAP1,-0.092189854215866,0.178517757055263,0.440316677243646,stable
PPP4R1,-0.0922240710884657,0.312662552240303,0.595881982941295,stable
TMEM30B,-0.0923308203785833,0.100000332951076,0.313839299099861,stable
EXOSC6,-0.0923372194333955,0.017520801125332,0.103712052729923,stable
UPF1,-0.092358459705109,0.0329969682208748,0.157324626026912,stable
UBR3,-0.0923691553166558,0.0212064758713695,0.117884475239482,stable
EDIL3,-0.0923804986767861,0.0378487670377453,0.171356788247925,stable
ZNFX1,-0.0924058430011189,0.0137099567324505,0.0880664798200081,stable
NT5C2,-0.0924961209870411,0.00398860438123497,0.0387573131607442,stable
ANKRD27,-0.0925328292669243,0.0448838651385533,0.189519988757746,stable
CAPN13,-0.0926009884780326,0.00102660132562336,0.0140371080586353,stable
UGP2,-0.0926081278674744,0.102076179224387,0.317420303952915,stable
TLN1,-0.0926256466538926,0.106694618613572,0.326058754483076,stable
FGFR1OP2,-0.0927327132070703,0.053063418126338,0.210555535268729,stable
LTBP3,-0.0928462460746512,0.191818429158282,0.458772936417695,stable
KIF1B,-0.0929042421913067,0.157460065282721,0.408400559731801,stable
ACAP3,-0.0929225680885992,0.0103995664667721,0.0727255723625984,stable
RIOK3,-0.0929946752368031,0.0711864726658448,0.252373388012554,stable
DPY30,-0.0930840743564469,0.207359332537403,0.47943266142183,stable
ITGAV,-0.0931735947976839,0.105081514283837,0.322176180237178,stable
RANBP1,-0.0932046217984224,0.0235347707327945,0.126897030967777,stable
CCNT2,-0.0932274330082297,0.0437336426781049,0.186359100351337,stable
PRKAA1,-0.0932361261014924,0.0970232253448599,0.30709785256747,stable
FOSB,-0.0933067932133074,0.394007829276012,0.670147725764571,stable
CREBZF,-0.0933245189905774,0.0860586760367624,0.284319258344158,stable
REEP3,-0.0933539465414325,0.00646244951026071,0.0536632347066719,stable
LATS2,-0.0934317963940661,0.119238196070633,0.348450324830843,stable
DCAF8,-0.0934385264030025,0.0555302619714289,0.216800358460155,stable
HYCC2,-0.0934815742052551,0.017376419100226,0.103261714672418,stable
RCAN1,-0.0935139042222106,0.00505807357505124,0.0446190750999831,stable
TMEM248,-0.093625647950591,0.215518607608901,0.488503515559282,stable
TRIM33,-0.0936414271993626,0.0542731214808395,0.213597758204051,stable
RASA2,-0.0937200992398043,0.00476853488879062,0.043114327278533,stable
HPRT1,-0.0937576888590817,0.00481709108363438,0.0433928676539032,stable
ATAD1,-0.0937888995336094,0.11196919643756,0.334484715848665,stable
ABCF1,-0.0939294942472138,0.10683928427346,0.32610477741451,stable
WNT7A,-0.0941005820161685,0.0151524206482877,0.0943091598801777,stable
CRY2,-0.0941053889328749,0.150068151807546,0.397700858280684,stable
SNHG12,-0.0941262065534337,0.139962418031246,0.382324155980771,stable
VPS13B,-0.0941302218616746,0.0368493414744471,0.168629116036334,stable
AKR1C2,-0.0941380262797534,0.0217510707099063,0.120092632501308,stable
ANO9,-0.0941602267217749,0.00730951164049361,0.0582473730726166,stable
OGDH,-0.0942352774568212,0.0749691598065986,0.259757088853702,stable
ALS2CL,-0.0943867415729498,0.279378248013773,0.560682926238771,stable
WDR33,-0.0943996910445626,0.0043030765154349,0.0408074533162733,stable
HTRA1,-0.0944585192829328,0.0126744471991564,0.0829420770947652,stable
UHRF2,-0.0946320318371244,0.00269364766604096,0.0290362866575703,stable
ALPK3,-0.0946561523055602,0.000105894472908933,0.00229513127099077,stable
DIAPH2,-0.0946870868626181,0.175446912315585,0.435907125232869,stable
ATP6V1E1,-0.094730565991353,0.266694847451695,0.54782016724072,stable
C10orf67,-0.0947891197241561,0.0114131086438099,0.0772074377763876,stable
FBXO7,-0.0949668382124561,0.308008047943792,0.591716231033303,stable
MBTPS1,-0.0951049597461471,0.0733307983725194,0.256544162563648,stable
PARP4,-0.0951668258761523,0.0617940886817119,0.231779975466476,stable
ULK2,-0.0955984144047657,0.0015448932702687,0.0190370719110531,stable
SH3GLB2,-0.0956063752635727,0.128669465082308,0.364069838396052,stable
FAM3C,-0.0956867565289983,0.038505857574137,0.173304713912464,stable
KIAA0947,-0.0957775907010464,0.0335205245692547,0.158779932851023,stable
MYO6,-0.0958460804652292,0.200826615555283,0.471915522596652,stable
PLXNA3,-0.0961330168423985,0.0292311293483784,0.146263334078828,stable
KLF2,-0.0961435034669792,0.0331706886509746,0.157835149112306,stable
SLC7A7,-0.0963329659311735,0.00174306440350323,0.0210337801267754,stable
ACTR2,-0.0963959427368846,0.0932585935858133,0.299446558443126,stable
ZC3H12C,-0.0963984211549215,0.00849869597629014,0.0638150090138161,stable
PTPRM,-0.0965437826750382,0.0239221737197027,0.127975777483434,stable
SPPL3,-0.0966030627287672,0.0620257671521205,0.232363768822409,stable
KCTD3,-0.0967081064336141,0.00096226183656894,0.01327617233659,stable
SNX18,-0.0968483486329925,0.00121795223492317,0.0159573934830663,stable
TNS3,-0.0968677450501249,0.0566574007394049,0.219936508935689,stable
C12orf44,-0.0969086467174269,0.0966355327936172,0.306267242123198,stable
RAI1,-0.096972475660669,0.000460881482420021,0.00756216810886219,stable
SERPINB6,-0.0971773456897161,0.262664626959316,0.543364511293153,stable
PPP3CC,-0.0972598360437235,0.000825638611853064,0.0117904280272101,stable
NOTCH2,-0.0975048696349131,0.0105853273099561,0.0736035500778742,stable
TARBP1,-0.0977001932942928,0.00659427679916267,0.054428385950685,stable
KIAA1033,-0.0978911008088583,0.0693879439648324,0.248811448232946,stable
C19orf60,-0.0979874038966069,0.133193729097199,0.371686077122081,stable
KCNN3,-0.0980065220647304,5.3528397083313e-05,0.00130085710923741,stable
PLLP,-0.0980208183751896,0.147750791576253,0.394268580882376,stable
DIP2C,-0.0980222140958764,0.00499652973470417,0.0442591155630607,stable
AAK1,-0.0981189989562286,0.0456263933475905,0.191662210405823,stable
DPM1,-0.098135401171117,0.00527113951888081,0.0459261649884526,stable
ODF2L,-0.0981413305604729,0.206087329344127,0.477575642445993,stable
CRB3,-0.0982067079816148,0.0628708058464027,0.23416597521829,stable
TAF1D,-0.0983294929792726,0.273060139932224,0.555330836507495,stable
ZFHX3,-0.0983746995533584,0.23829325520656,0.514737012130232,stable
FAS,-0.0985140354403199,0.0367180862416809,0.168336837522634,stable
MARK3,-0.0986446641305474,0.292610673992529,0.57488796959905,stable
RAC1,-0.0986947820672031,0.571343073433081,0.802438991922104,stable
GBAS,-0.0987872296948133,0.1384048995498,0.379692494747848,stable
SIKE1,-0.0988178542545881,0.00190985381566918,0.0226440863654122,stable
KLF13,-0.0988829131524365,0.321352819454912,0.603042196041885,stable
ZNF83,-0.0988882838880551,0.0615948517548061,0.231174537258443,stable
TMCO3,-0.0989789035335867,0.0635146129502104,0.235202250440282,stable
YPEL2,-0.0989804435597903,0.00605884524075108,0.0512903907361088,stable
MTCH2,-0.0990505348565822,0.0976303173801882,0.308460325576485,stable
MIDEAS,-0.0991571947569597,0.00094877925941654,0.0131495211645213,stable
POM121,-0.0992180663526401,0.0135208373335144,0.0871723183359073,stable
TRIP11,-0.0994487166754058,0.123881925918914,0.356527585682461,stable
MXRA7,-0.0995841424996875,0.0385684520302206,0.173522546049841,stable
COL4A3BP,-0.0996275766764383,0.0874543336424586,0.287814749591269,stable
FGD5-AS1,-0.0996410404294094,0.0707783368131691,0.25178910638846,stable
DDIT3,-0.0996496278394232,0.0644002831070662,0.236760619759632,stable
TSPYL1,-0.099760636752549,0.0602281278728577,0.227689552076037,stable
NISCH,-0.0998276986477031,0.00793747413632112,0.0610484286654196,stable
RAB17,-0.0998348638901224,0.31773615308821,0.600867378612358,stable
DTX4,-0.0999743052819092,0.060467869289146,0.228276477514058,stable
IST1,-0.100002065184763,0.00713389143986782,0.0576001515871671,stable
GATAD1,-0.100054615651544,0.104099304637957,0.320611076337767,stable
ARID4B,-0.100143726052123,0.095421376508461,0.303916338311471,stable
KPNA4,-0.100255320741104,0.00169828774295625,0.0206771607269892,stable
POLR2J3,-0.100256876787736,0.143066776713264,0.387341811415934,stable
EPC1,-0.100347817143988,0.0562724171196759,0.218719881358003,stable
SCAMP2,-0.100368459706023,0.109255247785113,0.329924937975598,stable
RAB11FIP2,-0.10041248552716,0.00907407041698323,0.0664996623364526,stable
MPC1,-0.100418123083971,0.298278952858178,0.580506594449669,stable
USP24,-0.10045436189018,0.00323410582077116,0.0331380633303492,stable
PEF1,-0.100460006724032,0.256986012201052,0.537262980145642,stable
DPM3,-0.100513872911481,0.00864431155362711,0.0645104178458716,stable
EPAS1,-0.100544043010493,0.354701251283219,0.635105917047909,stable
DCAF10,-0.100740517791001,0.00816885615048999,0.0622156371237319,stable
EXOC1,-0.100781195553737,0.00673124282158202,0.0553347089784927,stable
MYOF,-0.100802154950568,0.118694012518663,0.347275157737706,stable
WNT3A,-0.100829995264718,0.00397327440561259,0.0386390662961085,stable
ANKRD44,-0.100832530376807,0.0351786594083041,0.163756257656934,stable
EIF5,-0.100988893764945,0.375234950914828,0.655762287695734,stable
PRPF38B,-0.101163912293252,0.129004900023371,0.364698403766348,stable
IRS2,-0.101197454787087,0.0334137382613879,0.158498073925962,stable
PRPF40A,-0.101214186840543,0.104504761733383,0.321151543835952,stable
MIER1,-0.101259703615378,0.0271773761333217,0.138944477563247,stable
DIP2A,-0.101301309642288,0.0068167894027589,0.0558876147949864,stable
NIPAL3,-0.101335742098984,0.0116252046065907,0.0781234200719985,stable
PYGL,-0.101341905312319,0.00422790165507308,0.0403564768454705,stable
ASPH,-0.101377895976022,0.323496661464055,0.604803579002162,stable
SERTAD1,-0.101565344914532,0.0243014920668024,0.129261097146397,stable
ANXA8,-0.10162500718303,6.40185617747557e-05,0.00151073918751856,stable
AGO4,-0.101712680371481,0.0013932958413854,0.0176676850260323,stable
CELSR1,-0.101747116798705,0.133262295475661,0.371686077122081,stable
PSMD1,-0.101861705638204,0.0388222330715276,0.17415155121701,stable
LRIG1,-0.101894334830696,0.0213855008810125,0.118556173591608,stable
ZSCAN31,-0.101933415345582,0.0221512051662393,0.121489248946469,stable
PPP1R10,-0.102066015384167,0.0100604105982168,0.0713746135534545,stable
HEATR5A,-0.10216399529082,0.0435899036423829,0.185944591694353,stable
SMURF1,-0.102388801089386,0.00660747113931064,0.0545004906929374,stable
TNRC6B,-0.102397140854244,0.0397469216347288,0.176486149677779,stable
SNW1,-0.10261380914007,0.0523475752168123,0.208843589898927,stable
H4C3,-0.102638300134853,0.0197763035145747,0.111815036817055,stable
NUDCD3,-0.102808031445106,0.0201024129373851,0.113188344424964,stable
MFHAS1,-0.102888093642749,0.0126735982364347,0.0829420770947652,stable
PGAM1,-0.102901828582129,0.120064037679107,0.349943442200622,stable
DOCK11,-0.103095002550448,0.0155614874409742,0.0957822872499844,stable
GARRE1,-0.10325359145791,0.00462330065471618,0.0424926520325192,stable
TPPP,-0.103525095192907,0.000898474498982793,0.0126386102135393,stable
KIFC2,-0.103560808210875,0.00520562531236366,0.0454525455845239,stable
EFR3B,-0.103566846182521,0.026347030959345,0.136295432267048,stable
PCBP4,-0.103641840803779,0.00918586613697322,0.0671077001346489,stable
SH3GL3,-0.103663795466047,6.23609969448442e-07,2.63771912336946e-05,stable
TACC2,-0.10402225702242,0.384756098406234,0.663178024100086,stable
EPB41L4A,-0.104028694399429,0.0134478988459705,0.086931314380298,stable
TSPO,-0.104090343270518,0.330421211491619,0.61188742452258,stable
TMEM123,-0.104096182410452,0.181174038536303,0.443910893378986,stable
ETF1,-0.104114024947593,0.293723634302092,0.576416030378343,stable
SKIL,-0.104128248063795,0.0148318052109453,0.0930241082086173,stable
XPO4,-0.104488424684107,0.032014895632721,0.154637605872223,stable
CORO1C,-0.104659905358807,0.0215266651469526,0.119086160966647,stable
PGP,-0.104737037965011,0.0364256924144922,0.167519813421653,stable
CCDC93,-0.104793122797374,0.000299324017213522,0.00540463336250826,stable
CLIC1,-0.104879564648374,0.424786252002297,0.694474674933272,stable
STXBP6,-0.105057749714814,0.0137011606470502,0.0880562501311998,stable
HTATIP2,-0.105102644574773,0.0812200840057353,0.273734300216738,stable
FAM46B,-0.105306787260353,0.0153438090486944,0.0951611982806902,stable
GALNT18,-0.105369136571529,0.122111683504938,0.35390908810973,stable
LGALS3BP,-0.1053958615859,0.583444490218179,0.809994554724415,stable
HMGCR,-0.105516900850285,0.0294838765343464,0.146887452962143,stable
SYNJ2BP,-0.105520285269937,0.00878151307639226,0.0651366601006183,stable
DAPK3,-0.105531152177725,0.0993841637722621,0.312722114687859,stable
CLIP1,-0.105648720933295,0.16392102066304,0.419111181046853,stable
PDZD2,-0.105659205226368,0.0417173463151153,0.182043958681761,stable
UBAP1,-0.105861291134396,0.036402686181391,0.167477017644458,stable
MAGI1,-0.106317090149034,0.134613379387897,0.373712096557652,stable
PDCD6IP,-0.106317273603218,0.337257982684291,0.618301964965783,stable
FZD8,-0.10634588357626,0.00724414763879032,0.0580671873682445,stable
HIP1,-0.106499036072813,0.14511982880013,0.390564682354204,stable
MICA,-0.106604715875205,0.0766236343381908,0.263695750605305,stable
OSBP,-0.106608567998611,0.000764297260184475,0.0111356015595888,stable
ATP9A,-0.106614440353899,0.0019235007564619,0.0227664286565124,stable
CEPT1,-0.106718539020578,0.0234453261827297,0.126588192251629,stable
PSMD2,-0.107009961391847,0.101958348932357,0.317215285657709,stable
GAK,-0.107066301179953,0.0650040696326084,0.237978360943098,stable
TPRA1,-0.107200960991785,0.013313215924856,0.086197431920254,stable
TMCC1,-0.107203445448307,0.0254953009246222,0.133115808464229,stable
CWF19L2,-0.107331221559632,0.00356631399374409,0.0357103959992266,stable
CMTM4,-0.107468078841053,0.0435679397239613,0.185944591694353,stable
GNG12,-0.107560565973899,0.0124966185163874,0.08239410180384,stable
FAM198B,-0.107624873973165,0.0182324605477225,0.106332823347023,stable
STK17B,-0.107915573738512,0.0780404259798601,0.266918345600954,stable
MECP2,-0.108058882864278,0.0371186192808425,0.169052906888606,stable
MPPE1,-0.108217143328635,0.135485048931233,0.375172911674635,stable
CTDSPL,-0.108304451484107,0.0554214620826959,0.216721673864004,stable
PRP4K,-0.108471112952812,0.255804728110508,0.535749404172067,stable
TOM1L2,-0.108483580352971,0.113360368938857,0.337157457398684,stable
BTBD6,-0.108495492354221,0.00305144290500785,0.0317453941028221,stable
SMAD7,-0.108587619079005,0.0334390511753566,0.158556618141024,stable
TMEM261,-0.108598766660682,0.0089906519330282,0.0660864276784948,stable
DEGS1,-0.10860832859235,0.16441599988577,0.419937564271552,stable
NHSL1,-0.108757706364712,0.0556889806914962,0.216967885708895,stable
UGCG,-0.108781152717576,0.0251601473827749,0.132055664064852,stable
PCSK7,-0.108990999257424,0.016670213753756,0.100382607352667,stable
MEAF6,-0.109128732380956,0.164891909700459,0.420713567977125,stable
CEBPG,-0.109203936204791,0.0101494743023978,0.0717566072137132,stable
PRNP,-0.109374463571266,0.0714133928797561,0.252866179578223,stable
HES4,-0.109440482186884,0.123716117051676,0.356527585682461,stable
FURIN,-0.109619839945347,0.0187109002700959,0.107735301413873,stable
STARD9,-0.109655924242604,0.00626391757409826,0.0523377501201484,stable
MTDH,-0.109717596122351,0.389662346216587,0.667651178177802,stable
SLC16A5,-0.109790927700485,0.0166995126665394,0.100460060450678,stable
LRP5,-0.109826686699742,0.0629467779302759,0.234217201074313,stable
MINOS1,-0.109925578420842,0.0351050139150502,0.163537991653039,stable
MYO10,-0.10997436098382,0.00720800853877405,0.0578446091045058,stable
COPRS,-0.110034034620462,0.00822234876209148,0.0623511112083165,stable
ITGA2,-0.110048431602278,0.00105848527479305,0.0143936008120502,stable
BOD1L1,-0.110069156350487,0.0426991840362698,0.183951371678549,stable
VPS35,-0.110160393185939,0.146450828768733,0.392611928116272,stable
TUFT1,-0.110290970045919,0.00187622700948281,0.0223320340447107,stable
SYTL1,-0.110496752076644,0.0560406739957355,0.218027116143816,stable
PCNP,-0.110520415372841,0.13787122971489,0.379201970803726,stable
SRRM2,-0.110535921648737,0.51325846743877,0.762990575942056,stable
DENND1B,-0.111076277406951,0.0280395744118061,0.14251798653219,stable
JOSD1,-0.111248115801821,0.00931506860164692,0.067657396664606,stable
RASSF1,-0.111284486059149,0.0143486564186466,0.091137455099906,stable
PICSAR,-0.111322363492398,1.75269971631618e-08,9.7831056311639e-07,stable
NR1D2,-0.111377315688345,0.0327416242621985,0.156934002869532,stable
NAMPT,-0.111383405343738,0.125560817742672,0.359198557474004,stable
ROCK2,-0.111452483173957,0.0330123036617368,0.157326471719716,stable
DIAPH1,-0.111745717961778,0.122757923334371,0.355091379055233,stable
CXXC5,-0.111746112155109,0.000423859128663052,0.00711178711706163,stable
MRAS,-0.11180042940407,0.0110722074943706,0.0759053294556866,stable
YEATS2,-0.111914956833029,0.0167617315284754,0.100636250591396,stable
WWP2,-0.111940756288907,0.0166087330948431,0.100206835096108,stable
KDM2A,-0.112042832333329,0.0252421591410948,0.132372438155617,stable
UBR2,-0.112073225113963,0.016733885458561,0.100567854397959,stable
AGO3,-0.112135677390855,0.0311948666057322,0.152025410674416,stable
DSTN,-0.112176978650499,0.0105950004103467,0.0736289283775316,stable
EIF4A1,-0.112444231947197,0.0466025705958122,0.194559365766123,stable
POGZ,-0.112460128631419,0.0821637356360158,0.276091347664779,stable
DPY19L1,-0.112507865202988,0.0484690900176268,0.199155010546377,stable
SAR1A,-0.112528846919975,0.103124132442138,0.319218134225324,stable
B3GNT1,-0.112578390214636,0.0177609324286699,0.104631150847258,stable
DLC1,-0.112693123871639,0.0157545190907261,0.0966783340185924,stable
AKTIP,-0.112706712315532,0.0167199722001315,0.100533664620958,stable
LINC00493,-0.112833856743626,0.335721376016264,0.616597930913006,stable
SHANK2,-0.11286249113101,0.0533281765916801,0.211102212000226,stable
WNT9A,-0.11289461292195,4.39739343628817e-05,0.00109033950030804,stable
PPP1R13L,-0.112976067802939,0.0119612337507588,0.0798975664226451,stable
TMEM109,-0.113072724897624,0.117468244133621,0.344844336284675,stable
DDX24,-0.113204248243927,0.274856333613856,0.556480577311378,stable
EXT1,-0.113280082949051,0.00717091876747895,0.0577452641723733,stable
GNAI2,-0.113531766833155,0.0469672233720405,0.195614084667742,stable
COMMD8,-0.113534904609241,0.0015080684106643,0.0186963775374852,stable
SLIRP,-0.113577986739277,0.230235766480006,0.506825501431945,stable
SEC63,-0.113864592355049,0.150218333956741,0.397977658059646,stable
EXOC5,-0.113904442013296,0.00736722401468362,0.0585545815055218,stable
PHACTR2,-0.114000840050586,0.279256726539829,0.560553514989362,stable
CDH1,-0.114122740590747,0.0540105658013252,0.212975856888838,stable
SGMS2,-0.114174240981269,0.0428256152191872,0.183999908186932,stable
CLK1,-0.114280314323968,0.0499729522552026,0.202941231771661,stable
PRKCDBP,-0.114395125645174,0.0914953344615069,0.29573353763539,stable
ARHGAP12,-0.114402075237635,0.0069985722478104,0.0568064722159591,stable
BLTP1,-0.114582066148275,0.188820654419221,0.454985941182843,stable
SNX24,-0.114620454455052,0.051411884108256,0.207002263286996,stable
SLC27A3,-0.114626793598681,0.0019606267639988,0.0229574477359232,stable
DNAJB4,-0.114655634530458,0.000200207216971584,0.00392200804528949,stable
INPP5K,-0.114749838416772,0.0410335080319511,0.180340569858509,stable
CDK6,-0.114815061752786,0.00168299612558068,0.0205318808773435,stable
SERINC5,-0.115127558441503,0.0366276296545911,0.168069123460106,stable
YY1,-0.115272471589247,0.0989127645069407,0.311385432225816,stable
TMX3,-0.11567907354428,0.00720402431781807,0.0578446091045058,stable
BACH1,-0.115768140072108,0.0281780680801447,0.142701880054903,stable
SGCE,-0.115882627987718,0.109680565087092,0.33063182012083,stable
AGRN,-0.116011998198765,0.0999270488684164,0.313770420078993,stable
UBR4,-0.116379843157283,0.0269048911276284,0.138245224524645,stable
DNAAF9,-0.116487109187263,0.000603078959334342,0.00933169265683923,stable
UBE2B,-0.116535447916355,0.321846251583149,0.603412358796383,stable
PLCXD2,-0.116916628411173,0.0340741029517173,0.160324031748188,stable
ZMYND11,-0.117165679662679,0.0082328792826219,0.0623922606018413,stable
SPINT2,-0.117493857090276,0.261061142172579,0.541342052912231,stable
KPNA3,-0.117527502861806,0.0538343926332239,0.21268615091725,stable
MPHOSPH8,-0.117562548370799,0.17085644366161,0.429394990003488,stable
UPP1,-0.118037047355281,0.000199007735962203,0.00390476816115886,stable
SLC44A3,-0.118447001318405,0.0082143647079754,0.0623511112083165,stable
ACOT8,-0.118493663409906,0.00573073526890948,0.0490562250246125,stable
ATRN,-0.118565620563249,0.00436520650978412,0.0411730589317909,stable
RICTOR,-0.11869371889041,0.0558802709383634,0.217541538837756,stable
FAM65A,-0.118814905043986,0.000850609067193378,0.0121045928258112,stable
AKAP11,-0.118864196257513,0.0218018260930347,0.12030004065444,stable
NT5C,-0.118933462518243,0.193062058612657,0.460935664937718,stable
LNPEP,-0.118986819794644,0.0732743544567885,0.256432464987112,stable
VEZF1,-0.119062360300039,0.0357526391974399,0.165397640565024,stable
ARF6,-0.11913869294751,0.0761048304923673,0.262557197986746,stable
APEH,-0.119209056712724,0.0082396246059491,0.0624046909436938,stable
ARHGAP44,-0.119338028210523,0.0332115816756479,0.157968239067362,stable
MGST3,-0.119440043550627,0.488849139574255,0.746122097909313,stable
STAT3,-0.119578002924845,0.306920144256014,0.59046828655253,stable
HYAL1,-0.119705335226028,0.0701357765492794,0.250483697745391,stable
VPS29,-0.119707337664004,0.173385051308285,0.433338553913816,stable
THSD4,-0.119995884000924,0.000508547103384338,0.00811550886654067,stable
DNAJB14,-0.120025325131335,0.0633530020134935,0.234746012916928,stable
ID4,-0.120083163178358,0.314722675557048,0.597960590007446,stable
PAWR,-0.120137428408333,0.119434511095527,0.348702092270366,stable
TUG1,-0.120189026862141,0.00271758380814556,0.0292684973310761,stable
ENPP4,-0.120237278182985,0.0149469781443587,0.0935065817997137,stable
RNF128,-0.120363142076556,0.0237552387491775,0.127393789226097,stable
CHML,-0.120451164124191,6.0403800074821e-05,0.00144496291998946,stable
DPYSL2,-0.120633185551154,0.0924947498080676,0.297315322378154,stable
HNRNPH1,-0.120660557115589,0.154056048423292,0.403322363862792,stable
FAM174B,-0.120718680794638,0.145945224276283,0.39157910920836,stable
COL18A1,-0.12073047036845,1.24577920937255e-05,0.00036171983504442,stable
SDC2,-0.120800217302578,0.0156937096921019,0.0964019634554037,stable
ARHGEF4,-0.121059165227881,3.05025864264681e-05,0.000788295172256123,stable
TRNP1,-0.121130041354586,0.000135807909747976,0.00280424981209334,stable
CYRIB,-0.121228240533031,0.0345301582003281,0.161629131109697,stable
SLC6A4,-0.121403076330205,5.41890224007267e-06,0.000176171970698533,stable
RIMKLA,-0.121526541429676,0.0135734379257715,0.0873731991598899,stable
PERP,-0.121832576446269,0.287692374512603,0.570425556862518,stable
BTBD7,-0.121837616454108,0.00172543838457403,0.0209208972385529,stable
ISOC1,-0.121921956148878,0.0011900771289758,0.0157100462468684,stable
EFCAB14,-0.12202128573391,0.0662804317419911,0.241710023154564,stable
ENPP2,-0.122417602140439,1.02078794099947e-05,0.000303603693206266,stable
CNTN6,-0.122643758804572,0.0221546191206367,0.121489248946469,stable
EIF2AK2,-0.12298683000604,0.0441622655928154,0.187379220620123,stable
WNK1,-0.123205338300041,0.258499447247115,0.538712523649136,stable
AFF1,-0.12326145800351,0.00745140205537788,0.0590011631218936,stable
IER3,-0.123277290647325,0.0294086814938212,0.146731315338967,stable
NDUFS1,-0.123327009014014,0.0112699648051402,0.0766877101788891,stable
SLC5A9,-0.123400173068161,3.99677178637323e-05,0.000997072210543395,stable
COL8A1,-0.123662049743625,0.359521170617468,0.640106280966478,stable
PARP12,-0.123846609910655,0.0295933085775142,0.147024824279728,stable
AGPAT2,-0.123864927647687,0.139327677024541,0.381186554151296,stable
TMCO1,-0.123893846092059,0.152520940264931,0.401122197460954,stable
ACAA2,-0.123960791966107,0.0722654345897604,0.254354354283107,stable
STOM,-0.124038077071318,0.124253812497254,0.357047156550643,stable
GAB1,-0.124181329550081,0.0126610796504763,0.0829420770947652,stable
RHEB,-0.124227097205386,0.179634257029522,0.441554224397522,stable
GRAMD1A,-0.124306805451132,0.133983366139442,0.372738431426614,stable
SPRING1,-0.124426382789043,0.346312025618107,0.626415833257731,stable
HSP90AB1,-0.124568160415494,0.483929983443328,0.743347589546525,stable
PGAP4,-0.124796035093848,0.00060146741265366,0.00931855215751374,stable
STX7,-0.124863974885623,0.106372871715184,0.325482348897726,stable
ARID5B,-0.125011200781475,0.0588059239833666,0.224078433532629,stable
C10orf54,-0.125275131789858,0.108329012672392,0.328156321217929,stable
PHC3,-0.125327881045576,0.000320750411308854,0.00568239569252092,stable
CPEB2,-0.125723604926427,0.000155200574210941,0.00312548899366481,stable
FLCN,-0.125741135798709,0.00402313302365608,0.0389998240136177,stable
ANKLE2,-0.126100446898866,0.0410428227541207,0.180340569858509,stable
CNST,-0.126153684757795,0.0173173838388079,0.103061197685291,stable
ESYT2,-0.126202267766831,0.0332826241947644,0.158178423110329,stable
MCOLN3,-0.126304536971942,0.000320001356486403,0.00567735352930303,stable
FAM109A,-0.126406155783542,0.000809073359747904,0.0116081135558197,stable
CEP170B,-0.126981024984861,0.000403956408668322,0.00684876995778303,stable
ARID1A,-0.127032762764494,0.0195696165750664,0.111164204476521,stable
IL17RE,-0.12711710265176,0.0482176625630635,0.198433733745227,stable
CCND3,-0.12718929156468,0.136532485646903,0.377169063174632,stable
RFX2,-0.127286972447752,1.98710919160367e-06,7.49124761379715e-05,stable
SETD5-AS1,-0.127430706840198,0.0231446140575148,0.125574683639175,stable
CLIP4,-0.127501473063493,0.00568720732377721,0.0487862612813,stable
ZC2HC1A,-0.127719305957859,0.030055964243463,0.148686405063574,stable
SAMD4A,-0.127931282637356,0.00388068997574151,0.0380151762995643,stable
RAB5A,-0.127997125176378,0.0152671402988319,0.0948300421813626,stable
NQO1,-0.12803441850038,0.000107645504806861,0.00232073836112711,stable
LEPREL1,-0.128466796347984,0.0485160604082156,0.199214082106156,stable
CSNK1E,-0.12853902334308,0.0158717759934791,0.0971540259110106,stable
DVL1,-0.128586516019625,0.0140668374476406,0.0898865765603547,stable
SCAP,-0.128681200988261,0.0014236759571946,0.0179043363176407,stable
SC5D,-0.128691100131535,0.0200032735078037,0.112733985873394,stable
SH3RF1,-0.128731323086149,0.0393988772723967,0.175561304288539,stable
SPARC,-0.128775458152824,0.179594956050478,0.44154640843947,stable
SCGB3A1,-0.128798566627658,0.0021961526172642,0.0247457396006943,stable
TMC4,-0.128935241137292,0.0474837378667609,0.196785144812819,stable
FOSL2,-0.128993928181592,0.0108376692980989,0.0748895814018997,stable
COPB1,-0.129033120340088,0.0568012581945258,0.220215217307289,stable
CTNNBIP1,-0.129289133158818,0.209560537296315,0.481701120689049,stable
TMEM66,-0.129308742758301,0.00229405828245895,0.0256096515477426,stable
SLC39A13,-0.129401686587118,0.0271128783229844,0.138847014922564,stable
DOT1L,-0.129480772851262,0.00608382026944873,0.0513595434901528,stable
LIPH,-0.129509789582364,0.217875795133601,0.491205038678189,stable
ZNF644,-0.129573973354165,0.037894042753202,0.171428233467111,stable
TNIP1,-0.129900779008245,0.0104652237909512,0.0731010832117645,stable
RAB31,-0.129914932634517,0.280421789345335,0.561486642581062,stable
DNAJC1,-0.129945420921906,0.0861887135482212,0.284451357768987,stable
AMD1,-0.130068759084791,0.0126257615619946,0.0829420770947652,stable
NRBP2,-0.130294797793458,0.055294669152076,0.216433568912897,stable
ACBD3,-0.130392713096655,0.00800359835641436,0.061224021469843,stable
HSPA1B,-0.130420487012324,0.00633202944141298,0.0527826476391619,stable
ANXA7,-0.130726136766242,0.0899135449559582,0.292625978046228,stable
PACSIN2,-0.130730313687025,0.00108754047641348,0.0147058570615911,stable
AP1G1,-0.130754007233569,0.0329503558176748,0.157324626026912,stable
C3orf58,-0.130776791350475,0.00261940411311235,0.0283610238075159,stable
PTPRA,-0.130873361100081,0.00444458399560968,0.0416007616863191,stable
NUMB,-0.130952663889947,0.0516522225864435,0.207423380058044,stable
EVI5,-0.131035078404823,0.00673650649869045,0.0553407630645108,stable
RAB5B,-0.131279776421608,0.0913203952868433,0.295395742785492,stable
SYDE2,-0.131343696624423,0.00798284542427672,0.0611671367833643,stable
TSEN15,-0.131399733278309,0.0245366318189931,0.129898565333639,stable
SLC26A2,-0.131576280102609,0.00789040351308749,0.0608148124489165,stable
STX2,-0.131641458178119,0.00364881379326779,0.0363217425153954,stable
ERBB2,-0.131645156915608,0.0046457512922205,0.0425759271157847,stable
ACOT9,-0.131696252676487,0.0169883852515493,0.101548176682121,stable
RAB3GAP2,-0.131822949447263,0.000636627946374286,0.00971553060733991,stable
TTC7A,-0.132231194679139,0.00564493730609465,0.0484576640658013,stable
RBM39,-0.132263813102568,0.175271337244077,0.435825229143938,stable
ZFYVE9,-0.132362992584779,0.00774804817923783,0.0602111512670078,stable
SERTM1,-0.132411218884111,1.34452479786342e-05,0.000386716967743116,stable
SFTPA1,-0.13248824012047,0.0404185538346494,0.178560318783793,stable
ZBTB44,-0.132661087239843,0.00896208779837302,0.0659557864222226,stable
ADD1,-0.132726018572723,0.167604582905692,0.424709457180594,stable
DYNC1LI2,-0.132731720158804,0.0545586938921647,0.214514465788942,stable
FNDC3B,-0.13274860958961,0.0938827975888767,0.300869358930941,stable
ELF1,-0.132835496637871,0.022325320946053,0.122214385689454,stable
LIMD1,-0.132843106939237,0.0912824392566324,0.295351121618072,stable
IL6R,-0.133020246134251,0.129735047990952,0.365494636239086,stable
GRB7,-0.133092392049528,0.00256702389132383,0.0278958593249176,stable
TUBB,-0.133135416803717,0.276423270445662,0.557457457887431,stable
SPECC1,-0.133147278668814,0.000352896032801618,0.006118866815556,stable
AAED1,-0.133207075927597,0.00201828861334226,0.023363219705962,stable
TMEM139,-0.133348671703731,0.0407976389038478,0.179843675857262,stable
RBMS1,-0.133677695271288,0.164882607118843,0.420713567977125,stable
ARHGEF2,-0.133815041289846,0.0452977694200299,0.190806317501876,stable
SYPL1,-0.133996709598635,0.155238914483017,0.405392115069515,stable
GABARAPL1,-0.134068430434494,0.0600540181904585,0.227275640359184,stable
GIPC1,-0.134218420551272,0.149525919522822,0.39665903651193,stable
TMEM43,-0.134367257673251,0.121427080931487,0.35267641850717,stable
NCOA1,-0.134474957579785,0.00304545586119947,0.0317100957813478,stable
GATA6,-0.134636381553985,0.00382164462252112,0.0375830924100548,stable
DOCK5,-0.134650537077064,0.0336476285575247,0.159122730834941,stable
ANKS1A,-0.134970311207091,0.0138902867418149,0.0890316999300763,stable
SRGAP2C,-0.135652674254832,6.43257259710034e-06,0.00020251020164957,stable
EPCAM,-0.135734422890702,0.017688057834324,0.104302372873505,stable
TMEM2,-0.136098571028759,0.0289339530876654,0.145431185256423,stable
LMBRD1,-0.136293235390609,0.0849226000581725,0.282628331911544,stable
FILIP1,-0.136617979292023,0.0847880017339785,0.282304119580999,stable
ZNF493,-0.136671316234995,0.0172498444505469,0.102809409343484,stable
NPEPPS,-0.136942248779045,0.0571179032357081,0.220882394543909,stable
TMED7,-0.137105044408052,0.00344807710254177,0.0348053629244184,stable
RASAL2,-0.137396326845866,0.0154450231400836,0.0953535165981724,stable
LPP,-0.137420428701357,0.189589735219237,0.456209630574794,stable
PTPRF,-0.137502868768219,0.218313039033426,0.491918633943706,stable
ERGIC1,-0.137722369168363,0.139503905083698,0.381327311212685,stable
DUSP8,-0.137910506195955,0.000511728575789342,0.00814501316464702,stable
XIAP,-0.137940036686698,0.00930787280268225,0.0676453252913126,stable
CDKN1A,-0.137959977173791,0.00708807951312871,0.0573426101710691,stable
ARHGAP5,-0.137966045245403,0.148857520351616,0.395785012912484,stable
JADE1,-0.138043554037826,0.0721249053813585,0.254079205585512,stable
DHX29,-0.13804633838727,0.0437388955258496,0.186359100351337,stable
FAM134C,-0.138116065455253,0.00408156382099884,0.0393923672983958,stable
GSK3B,-0.138501296267555,0.0338315427355681,0.159551226234408,stable
GALC,-0.13886405171038,0.00170960976398404,0.0207736279870189,stable
PTTG1IP,-0.139034675204214,0.341200300263825,0.621387029222722,stable
IRF1,-0.139040423938033,0.011967641043837,0.0798975664226451,stable
PXDN,-0.139132215697572,0.0298377559471186,0.147966218538571,stable
GKN2,-0.139157873410524,0.0329099450972103,0.157213052665784,stable
SNRPB2,-0.13927751409709,0.0328018032686357,0.156961753776808,stable
RHOC,-0.139397020264002,0.0162780981681676,0.0989584749183976,stable
CLMN,-0.139489830582488,1.90141994122135e-05,0.000516510163588661,stable
AGFG1,-0.139582067732406,0.00126364326851258,0.0163978506521208,stable
SPAG9,-0.140044770861656,0.169456038187674,0.427011051495799,stable
FLII,-0.140171565460683,0.0360738244458862,0.166528108016055,stable
SMAD3,-0.140186413137412,0.00233425325154779,0.0260108584748589,stable
SCD5,-0.140523579935262,0.0243068696206538,0.129261097146397,stable
TAOK1,-0.140678925077174,0.0203224891568343,0.11400739213086,stable
RAD23A,-0.141049064368126,0.180382897219441,0.442682299861564,stable
SYT17,-0.14113778527903,0.000627241151860534,0.00959650015236389,stable
TPRN,-0.141199816784253,0.00202711252303136,0.0234210051810353,stable
GGA2,-0.141479573070133,0.0351509440205093,0.163689577031126,stable
SPRED1,-0.141683265889763,0.0189918352440074,0.108893808482622,stable
SBSPON,-0.141745988508141,9.67999849714791e-05,0.0021397522898578,stable
CCT4,-0.141747910421555,0.0250423172764425,0.131606743932602,stable
CPEB4,-0.141805830329149,0.0445532302330654,0.18857987755159,stable
SHROOM3,-0.141806244734474,0.117464124535468,0.344844336284675,stable
POLK,-0.141996811426546,0.00277402242272286,0.0296932137437515,stable
SLC7A6,-0.142349302083772,0.00286129114331088,0.0303571287485255,stable
SNX14,-0.142532678946483,0.0487003853988817,0.199635650944309,stable
MAPKAPK2,-0.143058340976847,0.0144749158530086,0.0914766128734484,stable
ATP5I,-0.143076103157536,0.281067410293456,0.562049476874993,stable
LGALS8,-0.143568801471765,0.0325941443703236,0.156554350012902,stable
ERRFI1,-0.143859308430568,0.0235752117300832,0.126958404052589,stable
SLCO3A1,-0.144281197073615,0.00573473049412396,0.0490562250246125,stable
CELF1,-0.144594421344519,0.036969993116089,0.168872103607351,stable
SLC35E1,-0.14486423472022,0.00283308129664787,0.0301732811272023,stable
DYNC1I2,-0.145427743292554,0.0379066193604057,0.171428233467111,stable
MYO1D,-0.145478131498643,0.0319606781201111,0.154482929750984,stable
PSMD8,-0.145577721806601,0.152074464238621,0.400378688531747,stable
PPP4R3B,-0.14582837429821,0.00384213799100474,0.0377239315679051,stable
GPRIN2,-0.145970280547421,0.0130462351711005,0.0850998819271782,stable
TNRC6A,-0.146035227615241,0.00613562760880821,0.0516186592498772,stable
ZBTB4,-0.146135337089574,0.0135975029987942,0.0874820403459266,stable
RHOQ,-0.146263162827995,0.000286416488890804,0.00524125023982213,stable
MFSD6,-0.146395936167804,0.00118647351524247,0.015679407838188,stable
LTBP4,-0.146602758748066,0.00837937121085224,0.0632649668459794,stable
NMT1,-0.147527150616357,0.00494455761569431,0.0440862671730469,stable
NFATC3,-0.147577174345551,0.0499882238927087,0.202941231771661,stable
PARVA,-0.147903227870191,0.0151687001354526,0.0943144407201285,stable
ANKRD37,-0.148099300397361,0.0009682114003094,0.0133431974716822,stable
KLF7,-0.148464693140929,7.40182638486169e-06,0.000227909132817504,stable
ADCY9,-0.148605660097476,0.000495845208160343,0.00797527871651583,stable
ABCA5,-0.148618844572341,0.00145121392377567,0.0181945015428039,stable
MARS1,-0.148794222712959,0.000387393036294663,0.00662306639953281,stable
BCL2L1,-0.148974633288345,0.0590402519919507,0.224691170719055,stable
OPN3,-0.149140297633399,7.88321522475808e-06,0.000241514844379556,stable
PLXNB1,-0.149496449529368,0.00925937721824209,0.067493516467377,stable
ATP5O,-0.15009961870407,0.0473676113642009,0.19644140542535,stable
PHKB,-0.150126795346861,0.0147294510977004,0.0925155198287061,stable
TSC22D3,-0.150127291209274,0.0217463309004654,0.120092632501308,stable
CACNG4,-0.15038742150123,6.54283284886472e-09,3.92056807571188e-07,stable
ANKRD12,-0.150408015987999,0.128992688210224,0.364698403766348,stable
MPP3,-0.151546571619208,0.00235403237121482,0.0261597197324818,stable
SEPW1,-0.151815511151784,0.295263220609071,0.577349520774245,stable
ZNF655,-0.152009888008672,0.00139084375744092,0.0176676850260323,stable
MISP,-0.152056149511212,0.00859987767578467,0.0642965778035424,stable
FERMT2,-0.152316341709306,0.0908472634766791,0.294644985072679,stable
FGD4,-0.152450795128447,0.00837800296870882,0.0632649668459794,stable
C1orf168,-0.152601430285647,8.41218025219924e-05,0.00191134742384542,stable
NEBL,-0.152636898265982,0.023795164597007,0.127450832292501,stable
SYNE2,-0.152642661907868,0.28769764378872,0.570425556862518,stable
LRRN4,-0.152746379418407,0.000942244310812578,0.0131035204270455,stable
NTM,-0.152890901817816,0.195482134021251,0.464265320822959,stable
KIAA0247,-0.15294347753256,0.00425133905885784,0.0405053535896167,stable
DAG1,-0.15358955363097,0.014387220839654,0.0912922316637597,stable
ITPR3,-0.153738287472467,0.0312092430820846,0.152025410674416,stable
APBB2,-0.153900410833793,0.0382049414857182,0.172086953266106,stable
EGLN2,-0.154330368179955,0.0463491446811034,0.193898680555034,stable
MSN,-0.154633658062182,0.0112849525292847,0.0767226138587184,stable
PDE4DIP,-0.154637681362101,0.0103851215602446,0.072686090005835,stable
GMFB,-0.154929096312673,0.000110917724831885,0.00237038158801567,stable
MICAL2,-0.155231100029348,0.0209419774291974,0.117040010507131,stable
DUSP1,-0.155311178320355,0.044957153051011,0.189763894646256,stable
JUP,-0.155392477025307,0.0629556997607041,0.234217201074313,stable
MFN2,-0.155443775958576,0.000429741493681655,0.00719610961474595,stable
ATRX,-0.155461878793867,0.0940399168797365,0.301085370334704,stable
AJUBA,-0.155528774791239,0.0015148994036772,0.0187620367888046,stable
GNB1,-0.155778820589141,0.0503488148246758,0.204066283957837,stable
PVRL2,-0.155828389655881,0.057663852981441,0.222360548531588,stable
EXPH5,-0.15606596902499,0.0381682477703038,0.172086953266106,stable
MAP3K2,-0.156406572170956,0.006613357644918,0.0545122615316774,stable
MED10,-0.15641121161472,0.0192757224615812,0.110198186508659,stable
PKP3,-0.156511922199718,0.0116884642069376,0.0784622660437151,stable
NKTR,-0.156659160134608,0.100966212647139,0.31541297812385,stable
GOLGB1,-0.156943549326301,0.123437061918118,0.356527585682461,stable
MYH14,-0.157287933595177,0.129441751784628,0.365256939684845,stable
NFIB,-0.157327936745891,0.00690405840768299,0.0563010073218925,stable
LAMC2,-0.15756046762714,0.0691537015267052,0.24833573662234,stable
PLP2,-0.157641211297986,0.0548299752793977,0.215165848415845,stable
KMT2C,-0.158046367334862,0.030464232925759,0.149917384575072,stable
AATK,-0.158384617938684,0.00366813816748669,0.036425118569746,stable
POGK,-0.158400353856719,0.0141556184652197,0.0903594152056635,stable
DUSP3,-0.159036531048499,0.0163912258119123,0.0994373917244747,stable
UXS1,-0.15904398518185,0.0291739646132521,0.146216704974331,stable
BCR,-0.159519206013044,0.00162693937606809,0.0199475495818018,stable
OTUD7B,-0.159592652605102,0.00318744870776808,0.0327698679594256,stable
HRAS,-0.159829970766547,0.00304508899517355,0.0317100957813478,stable
CXADR,-0.160009473625581,0.114272233532626,0.338936677488716,stable
PRSS23,-0.160156995275361,7.79561956156752e-05,0.0017811897854318,stable
SLC38A1,-0.1606501862454,0.00707197299809263,0.0572881364669876,stable
APOL1,-0.161014149815615,0.000513146713466848,0.00815696414228706,stable
CRK,-0.161389841745689,0.00491805783605353,0.0439140533147687,stable
NRG1,-0.161721801792685,0.000245436166552978,0.00460155168703007,stable
GSTM3,-0.162005853591925,7.10599051223164e-06,0.000219907919041822,stable
PRMT2,-0.1624667511618,0.0555156063643238,0.216800358460155,stable
ANXA8L1,-0.16275013230886,0.000209413676171762,0.00404820411348643,stable
SMPD1,-0.162970508047118,0.00481216683893914,0.043380477462531,stable
CCDC107,-0.162975675827354,0.083319257408373,0.278860169735762,stable
RIN2,-0.163438185998142,0.00586665559339044,0.0499053569753687,stable
TM9SF3,-0.163549266944796,0.00173630525384638,0.0209729203784764,stable
STARD7,-0.163920630063175,0.0125135864332053,0.0824614989539095,stable
UQCC5,-0.163960115320949,0.00139690435330541,0.0176950868547206,stable
NUPL1,-0.164086735836744,0.0123392484786794,0.0816206566035593,stable
PHLDA3,-0.164204952733781,0.0085290679745189,0.0638976810734287,stable
DHCR24,-0.164278334072708,0.000113186568471849,0.00240624802260848,stable
CAST,-0.164409425604513,0.0854771923506787,0.28359254424398,stable
WASF3,-0.164441231175544,0.00037317288937524,0.00641584444405476,stable
TP53BP2,-0.164763500545513,0.00309791168159781,0.0320650909363689,stable
KLK10,-0.165048284459386,5.20359403666028e-05,0.00127217467008271,stable
COBLL1,-0.165142808058288,0.0254318785858586,0.1329680427004,stable
BAZ2A,-0.165326366475502,0.00206350891733637,0.0237517259938981,stable
TBC1D9,-0.165544724934555,1.87140264807818e-05,0.000511767918794354,stable
C5orf24,-0.165610477705563,0.00152382817354916,0.0188535178071507,stable
DAPK1,-0.165737801777756,0.0295240896537946,0.146887452962143,stable
GCLM,-0.165961685547642,7.17041908122445e-05,0.00166459032511303,stable
PALLD,-0.166322918762243,0.00316191390581829,0.0325895746920091,stable
ARL8A,-0.16649326212132,0.00135397928278639,0.0172406695341467,stable
OSMR,-0.166500994404222,0.0058173061193065,0.0496236915578525,stable
MVB12B,-0.166605705144091,0.000811855603798856,0.0116343762026228,stable
SVIP,-0.166765967844213,0.00510437819688719,0.0448246545105956,stable
TSPAN15,-0.166777116167004,0.00498232571984042,0.0442319417376153,stable
FNBP1L,-0.166791360207421,0.0163644704130435,0.0993243725566253,stable
ST6GALNAC5,-0.166848546394265,0.00172879150711456,0.0209235122603647,stable
BLVRB,-0.167581697338588,0.241893364285785,0.519311043308622,stable
CDV3,-0.167744362848335,0.0145164755614967,0.0915928951114623,stable
GPC1,-0.167800654274593,0.000212172549373245,0.00409084738728477,stable
WBP2,-0.168184131000936,0.0570214233068111,0.220648901077068,stable
SREBF2,-0.168250922541057,0.0442205601097072,0.187485656393664,stable
DPP9,-0.168913865269995,0.000495652869712453,0.00797527871651583,stable
MIR22HG,-0.16925042237653,0.00346815991553753,0.0349215706816563,stable
TIA1,-0.169621059238492,0.00354454767046105,0.0355443402163379,stable
KIFC3,-0.169853182653062,0.00412454798413303,0.0396060287180221,stable
C9orf3,-0.171665355579387,0.00903119352476188,0.0663403238186969,stable
OSGIN2,-0.171894400934809,0.000164776836822084,0.00330201975952977,stable
PKN1,-0.171945335161602,0.00161721773800573,0.019868210682796,stable
PXN,-0.171982600599964,0.00198403123918375,0.0231199217042728,stable
PLCG2,-0.172401083757033,1.35937021716064e-05,0.000389155539451326,stable
AES,-0.172519643292033,0.0625142074290648,0.233502112899287,stable
SCOC,-0.172528620122989,0.00735345342732348,0.0584831585527666,stable
SKIC3,-0.172974345389924,0.00429013083721474,0.0407479093660551,stable
SIK2,-0.173302596288107,0.000578469511346545,0.00901357261380802,stable
SLC38A2,-0.174114101539149,0.027028151958464,0.138529194775792,stable
USP25,-0.174452125144214,7.01623303465408e-05,0.00163989354905567,stable
ZC3H14,-0.174522062120488,0.0131503532901449,0.0855963357927214,stable
TJP2,-0.174525284856812,0.0229320325019877,0.124809067366117,stable
PAFAH1B1,-0.174907403351532,0.0410027382658318,0.180340569858509,stable
MEF2A,-0.174982538195187,0.0018134004220322,0.0216898304881816,stable
AMOTL2,-0.175070179343785,0.0371428599015384,0.169100305190467,stable
GCNT2,-0.175223605794318,0.00392574536223786,0.0383599610775345,stable
THSD7A,-0.175539097754897,3.88807898046108e-05,0.000973931915105659,stable
CUX1,-0.175872602411055,0.0970803752482376,0.307119696437489,stable
ISG20,-0.176331533179965,0.0112236453501058,0.076604042858567,stable
PAM,-0.176630035589641,0.0454877277930876,0.19127691246739,stable
TUBA4A,-0.176924151894412,0.00120520475818594,0.015819098716278,stable
NDUFB8,-0.176950995975249,0.00540391063265168,0.0468160195418385,stable
PEAK1,-0.177278916738651,0.033780201482319,0.159385187752599,stable
MACF1,-0.177606988255056,0.0723182602464732,0.254411722504309,stable
SCAI,-0.177742515858324,0.0248923507750167,0.131213495417768,stable
LIMS2,-0.178346188102122,0.000853694566466127,0.0121343748610255,stable
VCL,-0.178353163329005,0.0371079634703563,0.169052906888606,stable
CD46,-0.179038329628344,0.157746976648742,0.408701561825855,stable
TMEM259,-0.179423894995505,0.0172667280606042,0.102859884899038,stable
ACTN1,-0.179814086084792,0.000525753374972222,0.00834650552683175,stable
FZD5,-0.180030085633666,0.00406958856690935,0.0393876885525731,stable
LIN7A,-0.181350277780382,2.48846968857319e-05,0.00065984931611971,stable
ARHGAP23,-0.181902286685849,3.77339500049454e-06,0.000128484625309318,stable
PLEC,-0.181981648780554,0.0212757006411252,0.118144508738931,stable
CEBPB,-0.182209811729762,0.0621832108103849,0.232668371272159,stable
KIF5B,-0.182275006478928,0.072833635551705,0.25561824891876,stable
NDRG1,-0.182562396684907,0.0644567484457963,0.236896961215097,stable
MATN3,-0.182814547653214,2.76375154253565e-06,9.82095896975459e-05,stable
DICER1,-0.183271148199076,0.000299257400288484,0.00540463336250826,stable
DGCR2,-0.183284519762121,0.00842786614329556,0.0635282251719004,stable
FBLN5,-0.183591426772014,0.000137805401725673,0.00283591452978894,stable
PPP1R15A,-0.183810527569577,5.33598888303859e-06,0.00017393900828337,stable
METRNL,-0.184191700206785,0.00322218895554606,0.0330714003296348,stable
COL4A5,-0.18471561815756,2.2009550755947e-05,0.000590010413247142,stable
PFDN1,-0.184935701829897,0.00561263626361023,0.0482481474587704,stable
ABCC1,-0.185095139010559,3.5481912304932e-05,0.000901712245409757,stable
RARRES2,-0.186076011098283,0.00767659060164298,0.0599270277349832,stable
C15orf52,-0.186117276732734,6.36385608500946e-07,2.68247506148813e-05,stable
MYO9A,-0.186210056190608,0.0223700789623981,0.122404586050293,stable
HOPX,-0.186970767464117,0.0116052125437453,0.0780319681709256,stable
NEDD4L,-0.188092958055488,0.14742170259001,0.393907583950512,stable
ALDH3A2,-0.189503427348117,0.108732637186626,0.329078424602456,stable
PPP1R12C,-0.190212650785924,1.63150169237262e-05,0.000453260833808248,stable
PTGS2,-0.190502249291296,4.10405516313599e-05,0.00102175092289561,stable
BMPR2,-0.191131640863036,0.00259069773224869,0.0281249458960994,stable
RNF213,-0.19277713661215,0.0844090173829617,0.281652024694463,stable
TBC1D2,-0.1932743467749,0.00765828767976691,0.0599099422883205,stable
STX3,-0.193331836544476,0.00783661053747548,0.0605230105181388,stable
SYNE1,-0.19377644867654,0.0281808195723605,0.142701880054903,stable
MIR4435-1HG,-0.193920049149288,0.00124732197533401,0.0162204934324287,stable
SEMA6D,-0.194865912024797,1.62170538983716e-06,6.29324656678395e-05,stable
LRRC1,-0.195585329567582,2.6292055577143e-05,0.000692659671066801,stable
VPS13A,-0.195943027992203,0.00208285250048343,0.0237987751460861,stable
PLCE1,-0.196321684551983,5.14731957684609e-06,0.000169518011365798,stable
B3GNT2,-0.196795640751414,0.00199330924210063,0.0231838365132617,stable
NCOR2,-0.196984197910672,0.0128363420249717,0.0839098635899754,stable
CTTN,-0.197515385289487,0.0170544557265534,0.101793782617865,stable
KLC1,-0.198099590121619,0.000171576565282056,0.00341588262867729,stable
LY6E,-0.199317085659644,0.10218398763126,0.317674736725464,stable
ATP1B3,-0.1995024130372,0.0249597308615529,0.131480903539144,stable
CD81,-0.200006632635626,0.142067774383295,0.386262560956717,stable
ZNF106,-0.20077687977106,0.0074378857722541,0.0589628506355604,stable
PPP2CB,-0.202226122839805,0.0032285021120103,0.0331083974976626,stable
MED15,-0.202598329583078,0.000578832992624288,0.00901357261380802,stable
EZR,-0.203429734374522,0.0674213269699725,0.24426742764699,stable
PRSS8,-0.203558738306746,0.079948473750476,0.270802680387308,stable
HDAC7,-0.205383488195608,0.00377017981300395,0.0371966731510575,stable
SLC44A2,-0.205601045294846,0.0120105600811983,0.0800966101650672,stable
VIMP,-0.206064195914255,0.0249778515980636,0.131494081797903,stable
RNF144B,-0.206850795667717,0.000171542926123632,0.00341588262867729,stable
DNAJB2,-0.207018803351885,0.000141296687913468,0.00289315027312267,stable
CSRP1,-0.208085514271308,0.00482858917574357,0.0434606004286353,stable
SCNN1B,-0.20820604030251,0.0166164311796311,0.100206835096108,stable
NCKAP1,-0.208367518009947,0.00244246165454039,0.026933616494555,stable
HSPH1,-0.208716977822475,1.70892646053212e-05,0.000473694264252713,stable
SLC35A3,-0.209353797232426,2.90408685892757e-05,0.000757596098889623,stable
LMNTD2-AS1,-0.209593299701692,5.20420356631857e-07,2.22434211170203e-05,stable
CAPG,-0.209747853403689,0.0292631946814584,0.146363867342941,stable
SUN2,-0.210491497643426,3.61336808049099e-05,0.000914488849190929,stable
SLC25A37,-0.210561776282474,0.000104404343426404,0.00227899766793635,stable
SLC15A2,-0.210663273156601,0.00115832515380107,0.0153945210254715,stable
PLXNB2,-0.210688797130329,0.0400368674964983,0.177322705897535,stable
PXDC1,-0.211612119294698,0.000382501777507486,0.00654860186029624,stable
ANKRD11,-0.211628548434942,0.00369012002117963,0.0365839636163016,stable
MPRIP,-0.212415441230135,0.00431346142653771,0.0408742267271294,stable
CTNND1,-0.21267261767977,0.0154990308351372,0.0955903899741259,stable
ATP11A,-0.213347445534162,0.00127217730784945,0.0164910873925256,stable
TINAGL1,-0.214230621426474,0.000111182747969232,0.00237189862334363,stable
EPB41L3,-0.214315947315432,6.57020613810586e-06,0.000205407160696179,stable
CAPNS1,-0.214741957851757,0.00524074815381561,0.04572655633993,stable
ZFP36L2,-0.215380769917372,0.000389247738672602,0.00664548094627637,stable
ATP2B4,-0.216784845993721,0.0115210722590208,0.0776952259302998,stable
SLC2A3,-0.216788182960097,0.00479294312427983,0.0432390677130602,stable
ALDH3B1,-0.217335483986682,0.00491361781583793,0.0439064796643296,stable
PMEPA1,-0.221242904222719,0.000208468489181959,0.0040474704457419,stable
TOR1AIP2,-0.221450351017014,0.0103300764848201,0.0725968277379199,stable
MAFK,-0.221977620334271,2.87642545630109e-06,0.000101622614964811,stable
EIF4A2,-0.222477023008352,0.0469150577108245,0.195463416992883,stable
ARHGAP21,-0.223432923722468,3.2035488479452e-05,0.00082616415859245,stable
DDAH2,-0.22372740345348,0.000108023470368012,0.00232478679890596,stable
DSP,-0.224715437668116,0.000142202953484637,0.00290683763109733,stable
SLC40A1,-0.224801190344937,0.00787360911233391,0.0607236579111481,stable
PARD6B,-0.225880572957475,0.000611917225188064,0.00943263071967074,stable
JUN,-0.226165979445798,0.129162094994953,0.36477799363793,stable
SCARB2,-0.226241592221315,0.00995188730725026,0.0709340352442141,stable
RASSF8,-0.226443727508877,1.76037809529025e-05,0.000483569928917484,stable
STX11,-0.226794101094477,1.4934346791058e-05,0.000419672310744582,stable
DAB2IP,-0.22685167323681,0.000249653710816458,0.00465918620003112,stable
HOMER1,-0.226996890838121,2.1277586366484e-09,1.36176552745498e-07,stable
CGN,-0.227958858891386,0.000407821834207178,0.00690472867222791,stable
SCUBE1,-0.22900486134738,2.06265795352899e-09,1.3270489907336e-07,stable
SFTPA2,-0.23043769190499,0.00987051092299111,0.0706010096680183,stable
MAP7D1,-0.231322674924916,0.00020801696413559,0.0040474704457419,stable
P4HA2,-0.231894417748088,0.000189048349686016,0.00373936412065026,stable
FZD6,-0.233251855180217,9.97027125676632e-05,0.00219202510508474,stable
FLNB,-0.234010959950099,0.00689540332000218,0.0562679640745705,stable
GADD45B,-0.234334078079713,0.0225410665083579,0.123088465436045,stable
NFAT5,-0.235787183330451,7.17636699390187e-05,0.00166459032511303,stable
UBC,-0.2359046988019,0.0194395026278195,0.110730885425194,stable
SPINT1,-0.23670687905381,0.0274447038811224,0.140076851875925,stable
TNNC1,-0.237119676311659,0.0228343916231231,0.124388414973733,stable
NCOA7,-0.237148337809927,0.00389982381124354,0.0381371570149129,stable
FAM167A,-0.237736332393673,1.69412231978104e-08,9.49951891605664e-07,stable
CAV1,-0.239299515074994,0.000614524232581925,0.00946088692579528,stable
GALK1,-0.23942759926052,5.43082409485366e-05,0.00131458205416814,stable
MBNL1,-0.239507394048467,0.0184474878385238,0.107126884246135,stable
TEAD1,-0.239653448723348,0.0016573578714257,0.0202595426203078,stable
TUBA1A,-0.239758723153718,0.00501861215758396,0.0443582899597298,stable
KRT8,-0.239771616880105,0.00444839241783209,0.0416045515803974,stable
ATF4,-0.240013557722775,0.0253243740373711,0.132632882704723,stable
VPS13D,-0.240665041964184,0.000104051819641527,0.00227536573040792,stable
PDPN,-0.241216699200212,0.00130606343281413,0.0168588378064625,stable
IRX2,-0.243093618395841,0.00843474390166838,0.0635282251719004,stable
RBP1,-0.243373257046586,1.34981470178935e-06,5.3746367800238e-05,stable
ANO6,-0.243567510094481,0.00196094925110743,0.0229574477359232,stable
SEPT10,-0.243640018338645,0.000681423039829171,0.0102205094955482,stable
MAGI3,-0.244032418093272,0.00592125474105849,0.0502998039990959,stable
OTUD1,-0.244100026212128,2.4399717146727e-07,1.13407658707829e-05,stable
DYNLL1,-0.247226419246673,0.053889378385166,0.21268615091725,stable
SDCBP,-0.247346386676508,0.00195416177941023,0.0229283285530566,stable
ARHGDIA,-0.247753645103489,0.00368650457936143,0.0365777856965212,stable
SNAP23,-0.247773621275605,0.000718973963005158,0.0106272523866687,stable
ADAM9,-0.248181909026866,1.21056462653226e-05,0.000352331952255483,stable
MAL2,-0.248182041475762,0.008530842237552,0.0638976810734287,stable
NAP1L1,-0.249090742060229,0.00913629634921507,0.0668354796964722,stable
TPM4,-0.251386393357022,0.0235440499210503,0.126897030967777,stable
PLEKHA1,-0.253641387030455,0.00427832010163614,0.0406673288665631,down
STK17A,-0.255777348518621,0.00022317504833799,0.00425599343351574,down
TGFBR2,-0.256990766294323,0.000890069195951615,0.0125492570372694,down
C14orf132,-0.25704926127576,0.000538296074623723,0.00850146151963875,down
GRK5,-0.257618635473078,4.67930896038105e-06,0.000155013205234954,down
FAM134B,-0.260797281163095,3.14612276528233e-07,1.39848017028404e-05,down
RTN4,-0.261223832460852,0.0206669658759131,0.115780472441412,stable
KIAA1598,-0.26156155194592,0.000236106233440308,0.0044539546258863,down
NEDD9,-0.261627831529174,0.0147877007854311,0.092795099795231,stable
ZNF706,-0.262072118210354,0.000482547150392476,0.00786487515519683,down
ILK,-0.262333891231881,0.000932791206843606,0.0130016416333594,down
ATOH8,-0.263514932866914,0.000144835476004594,0.00295078143113359,down
DNAJB1,-0.263583346279497,0.00778295453636783,0.0603290020624987,stable
ROR1,-0.263995680072873,0.000286041671336753,0.00524125023982213,down
SBDS,-0.265848556675886,0.0165834294968428,0.100206835096108,stable
LAMA5,-0.265972285878524,0.0038811305646152,0.0380151762995643,down
ARPC5,-0.266903779865398,0.00278027385657518,0.0297340924083771,down
RBMS3,-0.267060183092421,0.000910793412726981,0.0127531943610248,down
CENATAC,-0.267375416598614,0.000292572696525137,0.00531767929292139,down
CD55,-0.26755499187106,0.000547238785903881,0.0086114212178228,down
PLAC8,-0.270005791429853,0.000760867580089885,0.0111121210263068,down
LBH,-0.272786838899042,9.09766643861748e-07,3.73187498475369e-05,down
S100A10,-0.275916832413784,2.41038208872637e-05,0.000641928336657759,down
AGTPBP1,-0.276700295441533,5.09928872654061e-07,2.18714755765728e-05,down
HMHA1,-0.278684372918132,3.38567922954147e-06,0.000116911138141003,down
FARP1,-0.27890374489787,0.00224734520859134,0.0252389999023159,down
RRAS,-0.280066494091724,0.00247489407463378,0.0271806779668674,down
LAMB3,-0.280314188274306,0.0115308064376163,0.0777026338993507,stable
TUBB6,-0.28132260604443,3.54619919511465e-05,0.000901712245409757,down
HSP90AA1,-0.282503255886053,0.00692950380567105,0.0564708363470153,stable
SULT2B1,-0.283849029216811,8.02224055490723e-06,0.000244548300606449,down
MYADM,-0.286376227093739,2.67907990262846e-06,9.63208021462656e-05,down
UBL3,-0.288815390267918,0.000689087108617616,0.0102849826810033,down
NAV2,-0.290033625640769,1.94759909481164e-06,7.37072796748531e-05,down
ANXA1,-0.291619752436402,0.010083531810065,0.0714971536231056,stable
SLC39A8,-0.291847484860485,0.000250706258413926,0.00467169710800584,down
ENTREP1,-0.293853359894944,2.53145093082564e-06,9.20965957690852e-05,down
SSFA2,-0.294675156553978,0.000397209434055598,0.00675869726178813,down
ATXN2,-0.295061288244774,8.13660936472022e-06,0.000247417693717263,down
INF2,-0.295132450340816,4.38657864637404e-06,0.00014690832157062,down
ABLIM1,-0.295295801266242,0.00283368183360834,0.0301732811272023,down
ABCA7,-0.295714049685036,9.86215137966717e-05,0.00217216105342435,down
RHOF,-0.297020879226608,3.606854264284e-07,1.56904578386504e-05,down
LIMCH1,-0.298461732898835,0.000479817166500557,0.00783082115260722,down
INADL,-0.29853740578696,3.3328607359491e-05,0.00085410670096943,down
PTPN21,-0.298896581863252,2.78450286174595e-07,1.26882907211218e-05,down
CELF2,-0.299233134607685,0.00273182205133602,0.0293435995909851,down
PLEKHO1,-0.300420067726279,2.79798481092182e-10,2.0358670433755e-08,down
MYL12A,-0.300842465276172,0.00171704433080657,0.0208432471695923,down
AHR,-0.301039117435189,0.000433146442829561,0.00723330890320841,down
FSTL1,-0.302398128462453,1.1075065282515e-08,6.35594356870722e-07,down
CDKN2B,-0.303871573217224,3.8023410807962e-08,2.02086162485447e-06,down
GNAQ,-0.303956307342125,0.00065074143225666,0.00986930926539132,down
EHD2,-0.304267875410051,0.000488335413811707,0.00792832615672699,down
ACTN4,-0.304760168263881,6.38610258078256e-06,0.000202237611262917,down
NUPR1,-0.306168468833898,0.00443834360479456,0.0415773282075683,down
SUSD2,-0.306454547852199,0.00562884503778496,0.0483534797905013,down
C2orf54,-0.306508175421661,3.48039404993184e-08,1.87419986195448e-06,down
CFL2,-0.306795915819551,2.47044106647438e-05,0.000656492860795278,down
CLIC5,-0.307358448963811,0.00281333467184439,0.0300351118153938,down
MYH9,-0.307523822721988,0.00450076187361328,0.0419019902079579,down
TAGLN2,-0.307542532159197,0.00423241192047555,0.0403564768454705,down
SYNPO,-0.308588155870588,2.61710777499464e-06,9.43702815384498e-05,down
ATF3,-0.309530935221263,3.41700474102297e-07,1.50249877533327e-05,down
ABCA8,-0.310169824697072,2.75710351307133e-07,1.26227840238891e-05,down
EGFR,-0.316432776294759,1.59775847995683e-05,0.000446933630640555,down
CCND1,-0.316671761705888,0.00483616406885447,0.0434606004286353,down
DAPK2,-0.317085093454428,0.00144876886419731,0.0181824954783859,down
EDN1,-0.317672994174683,5.79112050712067e-06,0.000186291202839587,down
SPRYD7,-0.318088584005552,0.000192366131599521,0.00379259752047416,down
ACTG1,-0.321397738001355,1.53983948072882e-06,6.03301211936829e-05,down
IL18,-0.322884233897349,1.99338897173339e-05,0.000536722176001518,down
FHL1,-0.323219478570477,7.34389317251535e-15,1.00867134989694e-12,down
H1-2,-0.324134485418754,8.69541541850825e-06,0.000262451254508259,down
PIEZO1,-0.324593683736199,7.34212051877564e-08,3.67828201727514e-06,down
SESTD1,-0.325262570629928,0.00032685229251947,0.00578211638749348,down
RNH1,-0.325474455325132,0.00135394506788749,0.0172406695341467,down
CYSTM1,-0.326077951263496,0.00484323469474433,0.0434682091839609,down
C1orf198,-0.326107834756487,0.000397537903405241,0.00675869726178813,down
DOCK4,-0.32720088319505,1.04412147058659e-08,6.07778136021452e-07,down
CLPTM1L,-0.328229002303343,7.19326362228026e-05,0.00166534951740064,down
SEMA3E,-0.329064904172365,1.77255717632484e-14,2.28081462351525e-12,down
KRT7,-0.3292002662389,8.89326004192286e-05,0.00199836784471443,down
CYBRD1,-0.330433109353069,0.000165297062244033,0.00330702338604102,down
CFLAR,-0.330637373245004,0.00303714204739763,0.0316774952110824,down
ITGA3,-0.331013585174149,8.70789104479147e-05,0.00196693521024942,down
PTPN1,-0.334644469538642,0.000234244290172688,0.00442566028295354,down
DDX5,-0.336000499953354,0.00192442186188946,0.0227664286565124,down
SESN1,-0.336580143268736,5.90810548024343e-08,3.04728613462007e-06,down
NFE2L2,-0.338301275111513,5.96214313111841e-06,0.000190597301232285,down
IDS,-0.338649684166302,0.000106975858617896,0.00231037614089251,down
BDNF,-0.340299784827965,2.96344987463217e-13,3.22908378458642e-11,down
SPTAN1,-0.345374818279888,0.000274396078824188,0.0050515326318477,down
NXN,-0.346828080150976,5.5179707782126e-10,3.8324815223222e-08,down
ICAM1,-0.347231862716753,9.04870582639105e-06,0.000272441822713803,down
ADRB2,-0.350114452266438,1.45987264433421e-05,0.000411186248947958,down
LDLR,-0.351730220429644,3.55084126098366e-05,0.000901712245409757,down
FAM63B,-0.352601758977276,3.1098538585681e-07,1.387403414859e-05,down
GPM6A,-0.353989757107159,1.08640021599135e-06,4.35414958697647e-05,down
TJP1,-0.355184359514821,8.28612667570737e-05,0.00188973157619117,down
MGLL,-0.358049126936811,0.00137192028582945,0.0174509402434747,down
CD151,-0.358336926876396,0.000424124084451728,0.00711178711706163,down
YWHAH,-0.364179321504484,1.44029990101185e-05,0.000408362794969518,down
ABI3BP,-0.364608244469855,1.96152025988921e-10,1.44443516005336e-08,down
EHD1,-0.366836927718298,1.53594415151557e-09,1.00942910258744e-07,down
MMP23B,-0.36722411727049,3.01141648758877e-13,3.22908378458642e-11,down
HSPB1,-0.367938389815384,0.00021429487245383,0.00411877440389247,down
CALM2,-0.368084649154414,0.000382419517637546,0.00654860186029624,down
SCGB1A1,-0.368214128362285,6.19636198838622e-05,0.00147362507677107,down
CEACAM6,-0.372274014083499,6.69753463626126e-07,2.81342485888858e-05,down
DYNC1H1,-0.375552725925968,7.45489737428846e-05,0.00171294484028764,down
ACTB,-0.378025039310742,1.10242431658087e-10,8.63848387556705e-09,down
NDST1,-0.379679159401126,4.91938363833544e-08,2.59200627564709e-06,down
TNS1,-0.38157512662097,8.86505888149095e-05,0.0019956994432292,down
PDGFA,-0.384528707907485,4.86543614223099e-10,3.41810870130067e-08,down
MS4A15,-0.386877350725035,0.000870582777001938,0.0123314065655524,down
LRRFIP1,-0.388349537048008,3.31951840194794e-05,0.00085410670096943,down
PPFIBP1,-0.391048361963517,1.05759638021383e-07,5.17122326069356e-06,down
MYL9,-0.391138267228548,5.75170021633311e-05,0.00138131205195395,down
HBEGF,-0.391986319730569,1.26180265886497e-09,8.38275853367681e-08,down
N4BP1,-0.393741977379024,5.72513676197609e-08,2.965426770271e-06,down
GGT1,-0.396213255745945,8.80059103202718e-07,3.63440624241555e-05,down
LMO7,-0.397465721846163,1.18598096521504e-08,6.68084392570906e-07,down
SEMA5A,-0.403248946772134,1.51108770056517e-10,1.14021827479683e-08,down
NEXN,-0.404842765865806,1.31099783006733e-10,1.00160234217144e-08,down
TES,-0.407823574598674,1.06161908780152e-06,4.26882622673873e-05,down
PHLDB2,-0.409420944641402,2.20703837410054e-11,1.94092353129533e-09,down
KRT19,-0.410780634114294,9.61763433476266e-08,4.7405629882314e-06,down
RAB32,-0.41270418564424,6.42490176657108e-11,5.20119199964006e-09,down
CLTB,-0.415632516158906,4.92271694312898e-05,0.00121077046102231,down
ZNF431,-0.419557294739892,4.15806948511665e-09,2.62001244258072e-07,down
PLXNA1,-0.42224899751317,8.4684754881426e-10,5.68783760258545e-08,down
PDLIM2,-0.425511516096591,1.46414594251709e-06,5.79214239525206e-05,down
ATHL1,-0.425611156386031,1.30096830028999e-07,6.23648490303717e-06,down
ANKRD29,-0.426541746811784,7.15563155944536e-05,0.00166459032511303,down
WSB1,-0.42872173920696,1.7928003783985e-07,8.49426039749738e-06,down
MYO1B,-0.434367192198391,7.96867638366017e-06,0.000243522750284655,down
MAP2,-0.434533974160794,4.31193629141201e-09,2.70303124237028e-07,down
PTRF,-0.435633204558479,2.2255850400132e-06,8.26916459851713e-05,down
MYO1C,-0.43792516005937,8.90850888186446e-10,5.95068921157985e-08,down
HPCAL1,-0.439598171390737,3.63637488585844e-05,0.000918410053816809,down
CRIP2,-0.439868290090103,8.75674739215384e-07,3.62855864819283e-05,down
MYRF,-0.440496844274807,5.6927356920386e-09,3.47940005497399e-07,down
HEG1,-0.445310771946018,1.15745359325166e-10,8.954881470828e-09,down
BRI3,-0.449276045402858,8.32748685719418e-05,0.00189562754827452,down
KRT18,-0.457163917459409,2.7371706922874e-07,1.25786370460606e-05,down
CADM1,-0.459369861154278,6.19440911090707e-05,0.00147362507677107,down
JUND,-0.468172210968276,5.4027671431579e-05,0.00131038542773734,down
EMP2,-0.468975392685872,1.98175081328807e-13,2.26401139641433e-11,down
IGFBP7,-0.469406607661006,6.29021426267217e-05,0.00148820730696326,down
SPTBN1,-0.473147828440439,3.57907082874358e-07,1.56252006466291e-05,down
PKDCC,-0.474555823383371,1.87911236199122e-11,1.68899040536622e-09,down
COL4A4,-0.474907136771758,1.16613659909511e-08,6.6301645522505e-07,down
LLGL2,-0.4771254177121,1.03854431628603e-07,5.09846012942991e-06,down
EPS8L2,-0.47832738077996,2.72532917419042e-06,9.76962575522101e-05,down
GPRC5A,-0.479484810172624,1.31892495845945e-16,2.12138667002741e-14,down
UPK3B,-0.481166690965291,6.34701879316437e-06,0.000201521968123743,down
FAM105A,-0.4819045371281,7.81888078469441e-08,3.88528450049205e-06,down
QKI,-0.485716842736154,5.93330149274873e-08,3.047423422158e-06,down
UTRN,-0.495639124740122,2.57123900988818e-06,9.29906084522874e-05,down
KLF6,-0.497446651828018,1.88045895451186e-05,0.000513096657588236,down
GOLGA8A,-0.499182432230749,2.69885020532635e-14,3.40110772267106e-12,down
CAV2,-0.500843187614328,3.03571619394748e-07,1.36428657186816e-05,down
ITLN2,-0.502409271174523,7.47876876215144e-11,5.93639411354151e-09,down
HSPG2,-0.505766245663268,3.72523847281865e-08,1.98852904330722e-06,down
ARAP2,-0.507705877572645,2.43663838403326e-11,2.12753340045875e-09,down
PDXK,-0.508152668299689,3.03289987690155e-07,1.36428657186816e-05,down
RDX,-0.509914404452857,2.58613705844785e-07,1.19745982585101e-05,down
WWC2,-0.510207413047317,3.23526365420669e-08,1.76398628830774e-06,down
TTLL7,-0.510460864299845,1.13001855954964e-16,1.89223929752532e-14,down
NBEAL2,-0.520769013381194,2.23859947152671e-13,2.53376295740209e-11,down
ALCAM,-0.525066005456551,1.2015086604814e-10,9.23725903504696e-09,down
FSTL3,-0.525362089884688,1.18251160582923e-08,6.68084392570906e-07,down
TIMP2,-0.531724636622721,5.28635742213498e-11,4.39594783184884e-09,down
SLC1A1,-0.531963681919261,1.67323776142593e-10,1.25482566844604e-08,down
APLP2,-0.533027090050319,1.49264103340947e-10,1.13329465791288e-08,down
ARHGEF26,-0.545661747797359,4.21132626401525e-08,2.22853905849881e-06,down
GJA1,-0.550314999140849,3.79182095374446e-10,2.72654231403366e-08,down
FLNA,-0.558224754537848,8.15588765493365e-08,4.03633889449024e-06,down
KLK11,-0.565027831620211,1.42793181156518e-17,2.56691742126071e-15,down
RHOBTB3,-0.570168395512012,6.12872873374955e-11,4.9945053360903e-09,down
EPB41L5,-0.574748347027355,1.75941771802541e-10,1.30346195061471e-08,down
ANXA3,-0.580038716886211,1.09941009580595e-08,6.33924009959055e-07,down
NCKAP5,-0.589567205335038,4.76885032025727e-11,3.99276892567294e-09,down
TACSTD2,-0.601835640450778,1.12812880266896e-11,1.06078819106349e-09,down
AHNAK,-0.609094621487659,7.4956050519387e-10,5.09034867527215e-08,down
GOLGA8B,-0.610311329330797,2.7811284688736e-15,3.86324027312624e-13,down
CAPN2,-0.612319619740176,4.38003291011631e-12,4.3529692921351e-10,down
FAM107B,-0.613154674761979,1.41805139294136e-13,1.65088192641097e-11,down
CRYAB,-0.614372417635552,5.26714443878575e-18,1.00602458780808e-15,down
KAL1,-0.622972933470901,4.65444449404884e-12,4.5883814109075e-10,down
COL4A1,-0.635688790435331,2.41824254273942e-24,9.53567640078926e-22,down
SEMA3B,-0.637535445829524,1.99147504408068e-11,1.77691904663082e-09,down
PCYOX1,-0.640394968802924,2.16279810650701e-12,2.18496231850758e-10,down
TSPAN13,-0.659801004178737,1.89316059291108e-15,2.6909296613657e-13,down
MLLT4,-0.662122027126408,2.28271958094576e-13,2.5599967116955e-11,down
CST6,-0.669944551716947,2.70902961854221e-13,3.01047073246e-11,down
WFS1,-0.678655573902422,1.68608512215626e-11,1.52671885431393e-09,down
CTGF,-0.691371499599834,2.30532522978784e-16,3.61285841140084e-14,down
GAS6,-0.697996339098352,1.35648355223469e-11,1.24674097312157e-09,down
RAB11FIP1,-0.713276410388199,5.50213223012543e-17,9.47296681423285e-15,down
LAMA3,-0.723918317319705,1.49447675532452e-13,1.72344187331009e-11,down
COL12A1,-0.731440287147645,1.29656509864513e-16,2.11322823544508e-14,down
TAGLN,-0.747263878271802,5.36689342917984e-19,1.13111905652232e-16,down
TNFRSF12A,-0.762946913088404,5.38483756830838e-12,5.26594035480014e-10,down
LGALS1,-0.773180232590645,1.92727643655351e-18,3.73952812070319e-16,down
DENND3,-0.78784419425013,1.25556475783458e-17,2.29074979101044e-15,down
FMO2,-0.871095974474144,6.18447031915217e-19,1.28133839290366e-16,down
ANKRD1,-0.895959917916755,3.40036595277951e-25,1.4845026216706e-22,down
COL4A3,-0.901154950570403,4.2450885498645e-22,1.15315472074541e-19,down
GGTLC1,-0.903688425241315,3.19835576392074e-22,9.09225601352723e-20,down
FADS3,-0.909646534855906,1.56979739253345e-34,1.74447302966626e-31,down
UNC13D,-0.932676036491482,2.10732696424874e-32,1.83999748649833e-29,down
AGER,-0.963351877409051,5.42304316150217e-27,2.6516511842481e-24,down
COL4A2,-0.969486776220563,1.54328805516244e-32,1.45116562971582e-29,down
RGCC,-0.983833093681987,3.55982970706027e-20,7.91188333438268e-18,down
SFTA1P,-0.993313337208355,9.83744641539927e-23,2.93299865809367e-20,down
VEGFA,-1.03980124185093,5.6310989857979e-25,2.37360531042736e-22,down
CYR61,-1.04393257574165,3.79408312947379e-23,1.15947180436719e-20,down
SCEL,-1.09344139211921,3.61466037889691e-27,1.84106701965149e-24,down
DST,-1.20405095480346,1.17099177717533e-29,7.95233526899516e-27,down
RTKN2,-1.23425828106354,1.00745144516454e-25,4.73657171757357e-23,down
TIMP3,-1.43677603408517,2.06081909293727e-36,2.79905028800724e-33,down
S100A4,-1.46195745484406,4.35642974513019e-33,4.43774976703929e-30,down
SPOCK2,-1.51971783558336,2.59786982620605e-41,4.53662296507754e-38,down
