primerid,logFC,pvalue,padj,regulation
ACOT1,,0.00544580503214812,0.0418939714996719,stable
C19orf81,,0.02071917736287,0.102207919323536,stable
CD36,,0.00332622300107312,0.0295063497569795,stable
CDKN2A,,0.0173713109600532,0.090591683095431,stable
CRYGS,,0.000314256777883299,0.00496956643317651,stable
CTA-85E5.10,,0.00467813252829933,0.0378629118655129,stable
CYTIP,,0.00798757718406515,0.0537962223129545,stable
DEGS2,,5.43060655634415e-05,0.00122028923795498,stable
DLG2,,5.47028805309341e-05,0.00122245481769955,stable
ELAPOR1,,0.0619569873200526,0.204637182653424,stable
FER1L5,,0.0073207304017614,0.0507065503838525,stable
GLT8D2,,0.00585302786790959,0.043653088869632,stable
GRID2IP,,0.00151341127885911,0.0164621978787348,stable
HMCN1,,0.0217242591269958,0.105505500027174,stable
HP,,0.0179793176241408,0.0928121531408348,stable
HSD17B13,,0.00469733768867912,0.0379511060639238,stable
IGKV4-1,,0.039085100450642,0.153182516161798,stable
IGLV1-51,,0.00690950737307564,0.0489066694432407,stable
ITM2A,,0.374552993322994,0.580926627711533,stable
LY6G5C,,0.0474038619517727,0.172050121288144,stable
NSG1,,0.0106868774097249,0.0652936574990465,stable
NUPR2P1,,0.00974588069471662,0.0613302763000212,stable
PELI2,,0.00794227741284011,0.0535501373935783,stable
PNISR-AS1,,0.0467901863937424,0.170888329392623,stable
PRSS27,,0.0142298080580876,0.0790300652894423,stable
RAB43,,0.000185269168780186,0.00323995753815306,stable
SH2B2,,0.0288303130875474,0.126679276485327,stable
SH2D3C,,0.0873567146319124,0.250727513421108,stable
SNAI1,,0.0187838162405707,0.0956241680345693,stable
STAT4,,0.0166332309329826,0.088133773266051,stable
TMEM30A-DT,,0.00343396023101956,0.0301670000010291,stable
ZNF530,,0.000429901605503472,0.00634352820650389,stable
ZNF750,,0.00694828984317167,0.0490841770013462,stable
TAGLN,1.58253029327579,5.31240251033517e-42,3.24694041431686e-38,up
SFTPC,1.33087896634989,2.92516487642533e-16,6.50131189989514e-14,up
JUND,1.24264255171205,7.70260307655691e-28,6.72547285770226e-25,up
ANKRD1,1.15233753471945,1.74386497189013e-25,1.18427807868805e-22,up
GNAS,1.05389441941012,2.1981888450006e-18,6.10696828211075e-16,up
SFTPA2,0.920788358199878,3.18172704958742e-23,1.49590120977525e-20,up
PEG10,0.888906432510417,1.03026554649653e-21,4.06256969044311e-19,up
KRT7,0.884505374537718,1.76819624931371e-28,1.6626485347393e-25,up
TMSB4X,0.88312666050501,2.58490566219126e-30,2.872535164966e-27,up
FLNA,0.882359286225159,6.00742116279913e-18,1.56244077221397e-15,up
DSTN,0.875953269249645,2.59849508276803e-32,3.97050048646955e-29,up
DPYSL2,0.852197119872567,2.35244236100423e-23,1.15025021683663e-20,up
ATP5O,0.851985334911546,1.12826318452688e-25,8.11287598097445e-23,up
BRI3,0.851566290565314,9.0761461037237e-15,1.45982644699893e-12,up
MAL2,0.840558538064217,3.22450802705324e-19,1.01067656724869e-16,up
CLTB,0.835913443104788,3.24187688109011e-15,6.09672353760701e-13,up
CTGF,0.828776258385103,1.23696497608015e-14,1.91400757817769e-12,up
HSPB1,0.817371089664773,1.30019279559918e-11,1.27148453867235e-09,up
GJA1,0.813670500918047,2.90028618894237e-20,1.01294566781804e-17,up
EZR,0.813002787289181,6.13020024404546e-16,1.27009436920698e-13,up
ATP5E,0.809327588231207,3.50497828742088e-17,8.74384787457813e-15,up
SNORA76,0.789099072196376,9.44308651004477e-36,1.92387149164645e-32,up
CALM2,0.746516149643556,2.32842826826231e-15,4.51789002400611e-13,up
XIST,0.709696429672073,2.89232995427085e-17,7.3658002835431e-15,up
IFI27,0.703916690876938,2.12572207807664e-08,1.17048768839679e-06,up
KRT8,0.696811071867361,4.84465278098549e-17,1.16119677636797e-14,up
CEACAM6,0.683150665027469,3.08973032797317e-13,3.93425661761917e-11,up
ENO1,0.68176336577948,2.57716035950961e-09,1.75017823525808e-07,up
ATP5I,0.677558515235798,7.24305873894724e-13,8.68030882596971e-11,up
SCEL,0.677356203900379,5.26274231862793e-15,9.19025172898683e-13,up
TOMM7,0.663797769838187,2.191134449952e-11,2.10901004064671e-09,up
DST,0.662036113039977,9.5996305424043e-08,4.37857775187874e-06,up
PPP2CB,0.65640876437863,3.19549869211941e-18,8.68039466943725e-16,up
SFTPA1,0.656300126602475,1.15568970879979e-12,1.30806953707118e-10,up
CD81,0.650422697707521,1.01452485427451e-09,7.29503048155975e-08,up
FTL,0.643765707927317,1.7928915488663e-12,1.99239148121288e-10,up
TES,0.641740982476514,3.91241275935036e-14,5.37363298542683e-12,up
CAPN2,0.638540207407037,9.92127060581516e-09,5.91598106758461e-07,up
MAP2,0.624696204309241,1.85122087344734e-14,2.72642457313497e-12,up
ACTN4,0.610598279421684,7.87724164065972e-13,9.21396415049933e-11,up
RTN4,0.608906789469082,9.96740827782849e-11,8.52039152364863e-09,up
VEGFA,0.603051502314349,1.21190738313407e-06,4.344385880185e-05,up
VCL,0.59916372306339,9.4160797312277e-13,1.08586942108045e-10,up
TM4SF1,0.593030896163269,3.11194014172185e-06,0.000100902801836626,up
IDS,0.579058165970395,8.80922364752621e-10,6.40975892067622e-08,up
CCND1,0.575727470180922,2.26876714207318e-07,9.46532748965957e-06,up
FTH1,0.56999556718496,3.76686372313381e-14,5.27294576349847e-12,up
ALCAM,0.568274211737768,9.07221270468493e-11,7.80976958465272e-09,up
COX7C,0.565779369565034,2.41612382653718e-06,8.1362803458927e-05,up
RAB11FIP1,0.564839966684593,8.95739622254614e-08,4.11636133174451e-06,up
COX17,0.562024628145118,1.16188795276035e-08,6.79565470552273e-07,up
QKI,0.561359985251806,2.49690133753884e-08,1.34458687004735e-06,up
UBA52,0.560754962893607,9.18155045782303e-07,3.37042861250537e-05,up
LDLR,0.560553991548652,3.26096065520023e-09,2.16641212223737e-07,up
FSTL3,0.558164684982026,1.76258897349599e-08,9.92898046636633e-07,up
ACTG1,0.552543744700967,3.07977882272772e-11,2.845863268549e-09,up
GNAQ,0.552395105319278,3.85194406036342e-10,2.94288526211765e-08,up
ZFAS1,0.549542639068141,1.19702914146436e-07,5.30162471929721e-06,up
KRT19,0.545620870301107,6.70701070833647e-19,1.93310236063759e-16,up
CAPNS1,0.54536900952912,1.06566629541734e-10,8.98393434150453e-09,up
PABPC1,0.543858126586511,1.34780609935178e-08,7.77150082946989e-07,up
EIF1,0.543155581736519,7.69499403582281e-08,3.63970835828157e-06,up
TPT1,0.536276169118242,1.04657148616229e-07,4.72077116119845e-06,up
TRAM1,0.533806420309754,7.98092789732177e-08,3.73788745658473e-06,up
SPOCK2,0.532515943714299,0.000112619567415022,0.00221282385410857,up
TNNC1,0.531817202826473,7.33405030796017e-08,3.50200902205098e-06,up
ARPC2,0.525980572396781,8.45884675443366e-06,0.000247963891429729,up
AES,0.52536779422319,9.08450218370926e-08,4.15913687991243e-06,up
NAP1L1,0.514700912898409,3.75571747693765e-08,1.95361235906748e-06,up
MYO1C,0.514116393168813,1.41135456281752e-15,2.87539969598023e-13,up
KIF5B,0.513978482853029,1.04513953180845e-08,6.20183768777982e-07,up
MZT2B,0.512593561954797,2.78149998565512e-08,1.4783067749847e-06,up
FADS3,0.506698767757399,3.5573638398791e-07,1.43043472298297e-05,up
ATF4,0.504743276632508,3.09636628531591e-11,2.845863268549e-09,up
MYL12A,0.504528164555304,1.90713408941365e-10,1.5541871405995e-08,up
SPRING1,0.500158955407928,1.33964655346846e-07,5.84851409628515e-06,up
RBX1,0.4928779568289,2.83900251814604e-06,9.32902332844547e-05,up
CSDE1,0.49129762190889,8.75158875901727e-09,5.27056196501422e-07,up
COX7A2,0.491267369336958,3.75798902785835e-06,0.000119629317386824,up
CELF2,0.490070584137617,4.57620592560709e-07,1.77023864666522e-05,up
NBEAL2,0.489278284459038,1.23095759575042e-08,7.16534554783485e-07,up
OTUD1,0.486141980746606,4.23269790354897e-15,7.60889693720333e-13,up
FAU,0.48600239708324,8.5328892397347e-05,0.0017739122120156,up
CEBPB,0.484322295363892,4.38623712565189e-08,2.2434042938899e-06,up
CFLAR,0.484121454459033,0.000737272546992646,0.00954247368832038,up
NDUFB8,0.480831263321615,2.91084135266456e-13,3.74548680999701e-11,up
LGALS1,0.478395637239346,3.81628204881575e-09,2.4946648002526e-07,up
MYH9,0.475976539893506,1.08087100650594e-05,0.000305140119711976,up
POLR2L,0.473668130852544,0.00023434963720085,0.00389753736754175,up
ATP5MK,0.471777623424347,3.06698450631341e-08,1.62297916039719e-06,up
ATP5F1EP2,0.469720005458014,9.12483202593039e-22,3.7180648894991e-19,up
RGCC,0.46129563878131,0.000694469889622505,0.00912938807943537,up
EIF2S2,0.46112381469858,1.84515002444077e-07,7.85892470340207e-06,up
MSMO1,0.460289258780745,1.83006042711302e-08,1.02617700279952e-06,up
LINC00657,0.458873928420817,4.07824420172089e-09,2.64318880942869e-07,up
RRAS,0.449769011626158,4.17208268809485e-07,1.63460060189973e-05,up
COL4A1,0.449026193515523,5.86941027007565e-08,2.88143257596003e-06,up
UNC13D,0.44477904191709,8.28114603454446e-06,0.000243338291168922,up
YBX1,0.443440316600307,0.000594199529058426,0.00816123038562944,up
UBL5,0.441761209267584,0.000128830306135074,0.00245682006582705,up
ITGB1,0.440658304382426,0.00014035667895299,0.00261144603275701,up
ETF1,0.434605136584127,1.87290559190144e-08,1.04065445251833e-06,up
PPP1CB,0.433554360360414,1.64338056775135e-13,2.16007355485941e-11,up
IQGAP1,0.433376504677426,4.67661980752197e-07,1.79770441909272e-05,up
CAV2,0.428517849953948,1.29296863155753e-06,4.60794418430297e-05,up
HSPG2,0.426850389414186,0.000123724368517941,0.00237426480496595,up
NUPR1,0.422172943664842,1.68934672139473e-11,1.63893447002613e-09,up
SEC61G,0.421542113786769,3.75694370829431e-05,0.000888295549133262,up
NAMPT,0.419132779476617,2.91438022030718e-10,2.31333661123603e-08,up
STOM,0.417459648835215,6.99406163570021e-05,0.00149991946376841,up
EEF1D,0.416918302671271,0.000398247538096334,0.00597355966916684,up
NEXN,0.412969783533904,8.45110995795124e-08,3.91312000477257e-06,up
GNB1,0.412742503669109,8.12199339473168e-08,3.78943691821374e-06,up
NDUFB1,0.411688909082554,7.41441531080259e-07,2.77167623116975e-05,up
PDXK,0.405176269365724,0.000402348829532752,0.00601260646969238,up
PSMA7,0.404805696733886,0.00059356331472228,0.00816123038562944,up
HINT1,0.404657886130212,0.000512461973794249,0.00730662159853663,up
TACSTD2,0.403898718821252,5.07849235080719e-05,0.00114962019437532,up
POMP,0.40226351219086,6.55369901634899e-05,0.00142548784298666,up
CFL2,0.399369770608049,4.63305195878542e-07,1.7865749887758e-05,up
RBM3,0.395799880142284,2.36843109607119e-05,0.000603160452466129,up
CST6,0.395756814454022,0.000191261458671526,0.00331842241605424,up
UBL3,0.394623747845905,1.24839730244453e-10,1.04523346747137e-08,up
EIF4G2,0.392789539263877,8.4798148186572e-05,0.00176588170942531,up
TACC2,0.391422143262832,0.000129662409082853,0.00246883689817569,up
ATP1B3,0.390693957523242,7.64899485756525e-06,0.000227497112260043,up
PTMA,0.389434796576473,0.00419381283718016,0.0350171913399524,up
PLEKHO1,0.389139913634854,2.70971654044218e-10,2.17918256515561e-08,up
CKB,0.383898873759754,0.00137652882835142,0.0153109084602073,up
BLVRB,0.383669556593581,0.000105202023126594,0.00210817955852374,up
NDRG1,0.382915538518859,5.771867917686e-05,0.00128282388046897,up
CHP1,0.382704249932211,6.73833214664998e-08,3.26862587939085e-06,up
DYNC1I2,0.382182241563865,1.04629816850253e-09,7.47950222910811e-08,up
PGC,0.38095997632106,3.4215983090813e-08,1.80282835044008e-06,up
CFL1,0.379712553368937,0.00284270571370067,0.0263052495414663,up
EIF1AX,0.37960931934051,2.18281788059131e-08,1.19119490055126e-06,up
TIMP2,0.379131194618295,7.12279612212469e-07,2.67083005511816e-05,up
TBCA,0.379125987840121,0.000332249613362856,0.00521363193035629,up
YBX3,0.376283176966113,4.4684163030452e-05,0.00102866141032815,up
PTP4A2,0.373316789313893,1.75253475825931e-05,0.000475010751329531,up
CTSZ,0.37298913757075,2.29232497007728e-06,7.78371678728464e-05,up
SNHG8,0.37287689934935,8.91208236462956e-06,0.000259639737138056,up
FAM107B,0.371940809979349,0.000154619014281091,0.00283793217803613,up
COL4A2,0.371518470895249,2.07239332879157e-06,7.07623912043246e-05,up
ARPC1B,0.370276033790032,0.000517474678769763,0.00734681820357908,up
MLLT4,0.369607704323659,0.00117262176977493,0.013664564836729,up
NEDD8,0.369144600552659,0.00166304608978751,0.0176314617533066,up
EIF4A1,0.367085303140048,9.53634037505759e-10,6.89776477779314e-08,up
KAL1,0.367080984767427,0.000801743163779511,0.0102195082732437,up
SLC38A1,0.366631296974204,1.86734492485915e-08,1.04065445251833e-06,up
TNFRSF12A,0.364843285291415,0.0120021920658653,0.0706247514938166,stable
LMNA,0.364049313599827,0.000166660849219202,0.00300924995695055,up
DDAH1,0.36353217440774,7.8443957986226e-10,5.84694477087577e-08,up
COL12A1,0.359504616386834,0.000824142137561068,0.0104397030979756,up
ARHGAP5,0.357368846559646,1.07217209661394e-05,0.000304674406345053,up
PRSS23,0.353958969692603,1.08142001372421e-11,1.06607082643264e-09,up
RASSF8,0.353472163202926,4.57734974622408e-09,2.89914628486234e-07,up
PLA2G16,0.352517297517336,0.00037245763415621,0.00569115264990689,up
RAB32,0.352006825902088,1.54286756865157e-06,5.42545199647159e-05,up
NEDD9,0.350607410236702,0.00365165253802393,0.0315908001590973,up
OAZ1,0.349178494809922,0.00339919869446676,0.0299580424233321,up
PTGS2,0.349120155244264,1.63550155471035e-10,1.34176986609257e-08,up
UGP2,0.346888759966809,1.33482971167887e-07,5.84837218478942e-06,up
NDUFB7,0.346868371522671,0.000114051579760746,0.00222813954760225,up
SPRED1,0.344839603477793,9.23558030635306e-09,5.5341045914147e-07,up
ACTB,0.343246214251255,6.15086303599956e-07,2.32062190592773e-05,up
ATP5L,0.342062164350504,0.00669251021772947,0.0478137024555961,up
NDUFS6,0.340373085588799,0.000103393040207261,0.00207533090885642,up
MYL6,0.338753412839136,6.42437989570182e-05,0.00140235035437605,up
UQCRB,0.338368359137748,0.00614657894899555,0.0452625187183865,up
RDX,0.336996961866575,0.000561843659561881,0.00782229714633763,up
SFN,0.336864001804138,9.17346811885112e-06,0.000266357421104124,up
PABPC4,0.336014232825283,1.13162842883196e-08,6.65049322790478e-07,up
ASNS,0.335502078624898,3.65211941031218e-15,6.76416782903881e-13,up
BCYRN1,0.33546420147187,6.10986060278799e-16,1.27009436920698e-13,up
NRG1,0.330631406203749,7.49905711776064e-11,6.5013102274827e-09,up
TMSB10,0.328999395056303,0.00136184926252505,0.0152186172330171,up
EEF1B2,0.327352095116373,0.00607976091112719,0.0449872865481954,up
ARPC5,0.323742775268332,0.00212100297680603,0.0212028551790002,up
LIMS1,0.323166679683063,2.12782387608738e-07,8.93832270147498e-06,up
PRKAR1A,0.322798670958379,0.00463960139412995,0.03765902220574,up
ABCA7,0.320601370954822,0.000555869694055423,0.00776402600858068,up
MYL12B,0.319844945920588,0.00123349824434216,0.0141314737946004,up
PSMA4,0.318342510412078,1.89386523638988e-05,0.000507688786176093,up
PPP1R14B,0.317461404008206,3.27162298909845e-12,3.53914331139288e-10,up
C14orf132,0.316287287754147,0.000131508443915504,0.00249233987352422,up
NDUFC2,0.315507337153979,0.000116908513006149,0.00227200264385877,up
SUB1,0.314409496613859,0.000702993866331555,0.00919079895405019,up
EGFR,0.31408927345779,0.000646872043847859,0.00867173323295597,up
EHD2,0.313822533521828,0.000689766064440081,0.00909152565254939,up
PHPT1,0.31380410332909,4.79210213059138e-05,0.00109085021311637,up
UQCC5,0.311416324479438,2.91182265280466e-09,1.95572088504858e-07,up
MSN,0.310700948792703,0.00297321143836056,0.0271633308090579,up
YWHAH,0.31062655963446,0.00120725602026347,0.0139090457980214,up
DDX21,0.3105702605071,4.76438343423798e-06,0.000150490498966731,up
ESRRA,0.310494276126586,2.34693427487023e-11,2.24132223250107e-09,up
TXN,0.310441301990208,0.0258192537639334,0.11838505551775,stable
HMGCS1,0.310304318188091,2.47621429660323e-07,1.02260957978642e-05,up
CAPG,0.308695894107887,0.00195848104030911,0.0199579125371559,up
EEF1A1,0.308395449370613,0.000201890228962172,0.00347103538513867,up
SLIRP,0.307332675584867,6.42514449703405e-06,0.000194890735314502,up
CTNNB1,0.30723007068721,1.12924458268855e-07,5.05636841713729e-06,up
FDPS,0.307087340962973,0.000396569609075235,0.00596268991554203,up
CTTN,0.305999805314005,6.94162033560549e-05,0.00149128940215187,up
DYNLT1,0.305646988736287,0.00204778311889059,0.0206940624129061,up
SERF2,0.304124162189357,0.0111631588528324,0.0671878157641668,stable
ICAM1,0.303949524817151,0.0425637143865069,0.161660038157875,stable
MBNL1,0.303876525313412,0.00449124333651,0.0367476295485263,up
OSGIN2,0.302138139767299,6.28679802814206e-09,3.92090913755145e-07,up
ROCK2,0.300915541741566,2.23928367584077e-08,1.21657794015456e-06,up
COX7B,0.300157895471919,0.00255210778963912,0.024138312067526,up
DUSP3,0.300003740545261,4.97390058348572e-06,0.000155501178344065,up
FSTL1,0.29999881172459,6.40122754463954e-06,0.000194648272402174,up
MYL9,0.299970860959033,0.0104927150393089,0.0645510561854616,stable
CLTC,0.298837415658228,0.000394453833612619,0.00594550389898971,up
APOC1,0.298600092969981,1.38235410494014e-07,5.97098819038455e-06,up
WWC2,0.298547532407501,0.011488995913999,0.0685414768436917,stable
YWHAE,0.297608512342404,0.0119654834147105,0.0705576793349837,stable
TSPO,0.2964101528264,0.0169770432656241,0.0892193711519301,stable
UQCRH,0.295053532924685,0.00244795648933451,0.0234696628436275,up
MINOS1,0.294798896686693,6.8086718665893e-05,0.00146813260757429,up
MIR4435-1HG,0.29478129026953,8.92086793177221e-06,0.000259639737138056,up
MACC1,0.294563787445252,8.13019638932785e-10,5.98695907609299e-08,up
ATP5MJ,0.293202391966568,0.010605394883783,0.064982630104944,stable
NCKAP1,0.293039701003532,4.44709649816612e-05,0.00102568504893552,up
SLC25A3,0.291916272784231,0.00119139806677807,0.0137913351972491,up
BMP2,0.290059636287249,3.810878420137e-10,2.92982250363237e-08,up
RNF181,0.288146035237724,0.00100827430696404,0.0122273265161988,up
AP2B1,0.288061709236694,2.69723470968699e-07,1.10640929836288e-05,up
TCEB2,0.287849077846669,0.0143446335594576,0.0794971661597461,stable
DDIT3,0.287793971235787,1.13982998808603e-07,5.08513933370934e-06,up
EDF1,0.286214735169918,0.0142820199080208,0.0792120741178067,stable
LPP,0.285865733798351,0.000305017597139337,0.00486753930474055,up
CEBPG,0.284809069017208,4.56866827032174e-09,2.89914628486234e-07,up
CAP1,0.284040763451759,0.000971304772773324,0.0118613681742069,up
YAP1,0.283239132998063,8.81793076629778e-08,4.06756172404619e-06,up
CSRP1,0.282008653758614,1.98170603428341e-06,6.78553909329983e-05,up
GFPT1,0.280851494265643,7.71175118451347e-08,3.63970835828157e-06,up
TAGLN2,0.280781978150449,0.0156672480965907,0.0846294479596664,stable
RHOBTB2,0.280724840485277,0.00562867458650668,0.0427929132989455,up
NXN,0.280622974163039,4.11674508015143e-05,0.000962200609173443,up
XPOT,0.278907288432546,2.88440999842292e-12,3.14812748399301e-10,up
MAPKAPK2,0.278884175884116,3.51012028208641e-06,0.000112618662278804,up
KRT80,0.277929297245667,7.9585454042061e-10,5.89607630430396e-08,up
LINC00998,0.277928475270845,1.54092380679041e-07,6.63248331486127e-06,up
HOPX,0.277599805983492,1.05032940075183e-05,0.000300684463578229,up
DHCR24,0.277524352684212,0.00113422785677364,0.013331539731924,up
EPB41L3,0.277341605676843,1.12634334233968e-06,4.06148112588797e-05,up
MPRIP,0.27658722350431,0.00031273250717529,0.00495259160355839,up
NFATC3,0.276437949378291,0.000235818464873907,0.00391663711225358,up
RHOQ,0.276022667143272,1.59381024274164e-08,9.10408243330549e-07,up
PHLDA3,0.275203455998824,1.87663022915673e-06,6.46195152710192e-05,up
EHD1,0.275126470202527,0.000221389938953073,0.00371740468923402,up
EIF4EBP1,0.274443801788565,2.39322721999201e-10,1.93740460511141e-08,up
RBMS3,0.273547192765176,0.00073735560615129,0.00954247368832038,up
AHNAK,0.273546545752066,0.0631220499597443,0.206808881990864,stable
SF3B5,0.27332090990275,0.000758888742246216,0.00975463300233201,up
MRFAP1,0.273158698328673,0.00176569206383376,0.0185587444439414,up
VAMP8,0.273020854976831,0.00344890489686161,0.0302434816780749,up
LAMTOR5,0.272328001806722,0.0084451325142605,0.0559530080511221,stable
GOLGA8A,0.270888842192986,0.00017791232938216,0.00314732317564041,up
ITGAV,0.269868996316784,2.08853819297274e-07,8.80354857617197e-06,up
HNRNPD,0.267681082873457,2.05313847341242e-05,0.000542064032375667,up
FLNB,0.267480807086239,0.00383133020849252,0.0326826102362963,up
FNDC3B,0.267471538546736,0.000173657872442842,0.00310349975546974,up
MMP23B,0.267396278085255,1.02054919719146e-05,0.00029422625911482,up
MYOF,0.266385154002543,0.00078891432844306,0.0100775976348547,up
GPX4,0.265908667806986,0.0612513517011841,0.203350495164387,stable
MVD,0.264914163281326,3.63315426184135e-07,1.45612058022127e-05,up
MEF2A,0.263930374087464,2.02393007741423e-05,0.000535509118318431,up
SLK,0.263171857749976,8.33742980331767e-05,0.00174216652847445,up
CPEB4,0.262288527496837,0.000112777262852556,0.00221282385410857,up
SLC25A6,0.262160740130694,0.0172368651957236,0.0900662854690673,stable
COBLL1,0.262006710613688,0.000236335316739566,0.00391989540274688,up
LLGL2,0.261831780815074,0.0175534840486103,0.0913857704472796,stable
WAC,0.26133801626302,4.21675475594842e-05,0.000978095069007847,up
AGFG1,0.261114450777147,2.71686401655012e-07,1.11073397118089e-05,up
PDLIM2,0.260748866384403,0.000514295343938394,0.00731211137641977,up
PPP1R12C,0.260733062931437,2.12678180292078e-06,7.24172165986174e-05,up
LMO3,0.258809303420541,0.0133991107839939,0.0762171848411084,stable
IRX2,0.258288161916069,0.00505851538106672,0.0397654611049258,up
TIMM8B,0.257474825889145,0.000258486519677068,0.00421994633048015,up
RAB21,0.257233255352275,4.53809907543958e-07,1.76161406260416e-05,up
TM9SF3,0.256190859420817,3.52185056446133e-06,0.000112699218062763,up
NHP2L1,0.255434374645968,0.000885340689070712,0.0110999021366158,up
STARD7,0.255152519381934,2.40542613380854e-06,8.12263233692697e-05,up
PHLDB2,0.254996303931643,0.000841436400914616,0.0106257423189879,up
CHCHD2,0.254943077529848,0.0786295008259822,0.234373815678324,stable
CADM1,0.254276241073077,0.0754868786498492,0.229597313912853,stable
INSIG1,0.253379151402694,1.81313850109813e-05,0.000488189538269241,up
FAM198B,0.253341983031823,7.05845300726734e-08,3.39694998271008e-06,up
OSMR,0.253206114142283,2.01825238183763e-05,0.000535165230272953,up
DDX3X,0.252982627680336,3.10646782051467e-05,0.00076559400479781,up
ANXA5,0.252868046039409,0.00638730625724502,0.0462276090518431,up
SGMS2,0.252608100515103,5.67659595948719e-06,0.00017478768012285,up
CDV3,0.252080678718278,0.000215086135302385,0.00363653238995346,up
ZBTB38,0.251988451723043,0.0003319693362397,0.00521363193035629,up
COPRS,0.251932097937707,1.35356767740187e-07,5.87221476095041e-06,up
SNRPB2,0.251776720080796,7.92953885780227e-05,0.00165977196913998,up
ARPC5L,0.251505112869256,0.00136305648556428,0.0152186172330171,up
TMEM238,0.250355221589573,2.23552830286415e-05,0.000574098696937212,up
ARF6,0.250121961184638,5.51770077152043e-06,0.000170755377800167,up
RHEB,0.250077085740541,0.000215516827644862,0.00363878135515303,up
MORF4L1,0.249303199286759,0.00958926942485223,0.0606945316460015,stable
MAFK,0.248732457691237,6.24893983355767e-06,0.000190491372881319,stable
CHMP3,0.247664390821392,0.000985347476449419,0.0119968999523085,stable
PACSIN2,0.247027054158293,0.0001113784053418,0.00219595101112606,stable
SQLE,0.246134945746315,3.32423179656891e-05,0.000809470308391602,stable
TEAD1,0.24580724294952,0.00532827301278613,0.0411972228388979,stable
SDR16C5,0.245655048313382,0.0029648170268538,0.0271068985312348,stable
LMO4,0.244664516486776,2.14969494821343e-05,0.000559103639297041,stable
EIF3E,0.243773267471488,0.00106586127099895,0.0127113055382353,stable
CDC42,0.243616712953844,0.00656733817805759,0.0471952627210911,stable
RAN,0.243305517986719,0.0417895702038541,0.16018680030477,stable
GADD45GIP1,0.243301260101703,0.0100258864393696,0.0626887139820224,stable
ZNHIT1,0.243027546158131,0.00392164564041028,0.0332212032629073,stable
CCNY,0.241416005161251,1.80731620650316e-05,0.000487696099520852,stable
NDUFB2,0.241214491235898,0.0439788884363065,0.164839392640062,stable
MYRF,0.241007708865169,0.00541956199894555,0.0417183412311778,stable
PTRF,0.240850915332221,0.00823766137896758,0.054995725120972,stable
NDUFA4,0.240583884400421,0.124480508592651,0.308947058885516,stable
SDCBP,0.240497957112323,0.0113266564007768,0.0679235850765589,stable
NOP10,0.240315736622125,0.0287446775640976,0.126525889377669,stable
VIM,0.239679336444684,9.14652446913772e-05,0.00187911117833176,stable
FAM120A,0.239661702629722,6.42437610944857e-05,0.00140235035437605,stable
HMHA1,0.238576682070412,0.000512850239818752,0.00730662159853663,stable
RBMS1,0.23848565170564,0.004234626117541,0.035237624003282,stable
SLC44A1,0.237279120719535,2.77741228696996e-05,0.000697147593345396,stable
PSMD8,0.23717289814493,0.011094483275902,0.0670385385885448,stable
CYCS,0.236783790169437,0.00103583511523439,0.0124995542434601,stable
ACTN1,0.236741144462967,9.74970903202018e-06,0.000282418111865912,stable
NDUFA11,0.236731487275616,0.00639505586990406,0.0462563094400634,stable
IDI1,0.236608669110694,0.00132943280161258,0.0149649192165337,stable
PKN1,0.235587893584641,7.15699259566535e-05,0.00152416511305598,stable
SLFN5,0.234779815028694,4.1662177488038e-08,2.13982545215872e-06,stable
TBL1XR1,0.23450800812942,0.000136126736077721,0.00255216751811973,stable
S100A4,0.232352762385147,0.0331061476677308,0.138087504464785,stable
TUG1,0.231117602278655,0.000165003153710843,0.00298372566710259,stable
SPATS2L,0.230231202413092,0.00178466083334051,0.0186778202283856,stable
TJP1,0.229881705153451,0.00574248747638461,0.0431736727941885,stable
C6orf62,0.229727617180437,8.7660692055093e-05,0.001810074830543,stable
TMED7,0.228221055561301,2.36234558555704e-06,7.99925552294994e-05,stable
TMEM141,0.227967716162576,0.00275513813168836,0.025709014138747,stable
MED13,0.227933157621455,2.14773673421508e-05,0.000559103639297041,stable
YME1L1,0.22730432961606,4.14390586938438e-05,0.000964859149473422,stable
LAMB3,0.227272481109207,0.0804117271496791,0.238118447838585,stable
C11orf58,0.226729450133077,0.0227963471591474,0.109082329091659,stable
SKIC3,0.224904327015859,0.00111755765206876,0.0131709250984563,stable
HBEGF,0.224535176670202,0.00685513746108983,0.0486909937968402,stable
ARL8A,0.224399187389636,6.82115899863189e-05,0.00146813260757429,stable
COMMD6,0.224253328460611,0.000459779675364308,0.00673902488207829,stable
DDT,0.22416375603125,0.0122325238870131,0.0716304610270532,stable
SCOC,0.223334123159549,0.00108458365949775,0.0128968391572962,stable
GNG12,0.222608554192084,3.04796813469958e-06,9.90913895706587e-05,stable
PRELID1,0.222545656446277,0.00561849916024069,0.0427702848661772,stable
SLC7A1,0.221127610756241,2.72175913799508e-09,1.83816484546143e-07,stable
EGLN2,0.220462607522839,0.00258044824853639,0.0243390427392815,stable
ATP11A,0.220399674731464,0.0372161943495635,0.148726810786302,stable
C6orf48,0.220257036151895,0.00035002165031174,0.005416031206849,stable
ARHGEF12,0.219584288433889,0.000550983373679031,0.00772387701817945,stable
ADAM9,0.219189793477043,0.000174968645614318,0.00311563030586595,stable
ST3GAL5,0.2189423358251,0.000210837803407163,0.00358782582492258,stable
MTUS1,0.21890542993642,0.00103261385031147,0.012472995757122,stable
CRK,0.218173173452748,0.0070465628535123,0.0494756946130582,stable
TXNRD1,0.217940421252645,0.00052866223977408,0.00747116704265342,stable
GNAI2,0.217785498116219,5.98958341207821e-05,0.00132399037304239,stable
COL4A4,0.217151526438205,0.00368921575316646,0.031848145032985,stable
SCD,0.216993784180415,1.44432544701946e-05,0.000399444214125924,stable
DPY19L1,0.216863739598572,3.4257722406569e-05,0.000832537571964014,stable
SYNPO,0.216475917292714,0.00493596121693889,0.0392564670890442,stable
CTNNA1,0.215744706498391,0.129000291694721,0.315598289314421,stable
ARPP19,0.215652110365652,0.00149868638608452,0.0163664898151291,stable
CISD3,0.215600776298278,0.000337560258611368,0.00525647974683486,stable
APRT,0.21516644397296,0.00145086089727837,0.0160355547995758,stable
ITGA2,0.214922667776553,8.4522072872301e-07,3.13090248118487e-05,stable
ANKRD11,0.213855754764331,0.00548227289579679,0.0420950401245101,stable
C1QB,0.213705807446918,5.35429708844729e-06,0.000166119105607055,stable
EIF3A,0.213369475541736,0.0105490936676053,0.0647675143108024,stable
CCNI,0.211751052962105,0.0393376576550351,0.15392558488321,stable
ATP5G3,0.210056886330306,0.0845465392805058,0.245433242043671,stable
ESYT2,0.208640976072371,0.000171484779075453,0.00307816437506364,stable
COX8A,0.20847013981336,0.0180580914468058,0.0931401307366049,stable
H3-3B,0.207923253114844,0.121792801943792,0.30514351526151,stable
HMGCR,0.207621704544069,2.3655547760004e-05,0.000603160452466129,stable
AKAP11,0.207272457695196,4.50138187868763e-05,0.00103236195281572,stable
WTIP,0.2071407435597,0.00157395575712693,0.0169366506823236,stable
SARS1,0.207053153880205,0.000608579584324807,0.00827505766272129,stable
FBXW11,0.206702676922872,0.000155460110938128,0.00284909204813744,stable
ZMYND11,0.20654876179903,0.000138876514201524,0.00259179619786172,stable
SH3D19,0.206284333152658,1.35468305185538e-07,5.87221476095041e-06,stable
SRGAP2C,0.206121222273993,2.52158303683083e-07,1.03783942903098e-05,stable
HNRNPH2,0.204336661551225,1.07850828778424e-06,3.90049861238892e-05,stable
GNA11,0.204263195079292,0.00166970812699726,0.0176867522915203,stable
ATP13A3,0.203587377315058,7.8643604288171e-05,0.00165178594298729,stable
NDUFS5,0.203521378559476,0.139298078395399,0.329612797194224,stable
CCDC6,0.203092350666668,0.00293765035662989,0.0269795927569074,stable
CORO1C,0.202063734919298,3.64724740071784e-05,0.000868913448519016,stable
VKORC1,0.201366454089858,0.000420018297257172,0.00624611151541565,stable
PTPRF,0.201092102634811,0.0811822401530306,0.239761223394696,stable
RHOF,0.200549683859976,0.00427299198139863,0.0354603217791018,stable
PAWR,0.200387497079991,0.00456703256572494,0.0372182707222811,stable
METRNL,0.200329267081582,0.000251118734705735,0.00413146085200929,stable
SMPD1,0.2002186235609,0.000982625058400388,0.0119756816688797,stable
COX6C,0.199407578470463,0.15123658781132,0.346525969897953,stable
C1QA,0.199191013932321,2.81991803720472e-05,0.000706044213176517,stable
RBMX,0.199149873775958,0.00190767815140981,0.0195961829603643,stable
ABLIM1,0.198861102873893,0.113657115047384,0.292555185163029,stable
PRMT2,0.197812961550987,0.0334658045379567,0.139038857837056,stable
FAM105A,0.197415695301883,0.0458541231724047,0.168933333833476,stable
PLS3,0.197362673582146,0.0691166278623276,0.217528748452392,stable
SC5D,0.19680587714223,5.6750784494818e-06,0.00017478768012285,stable
CYSTM1,0.196433523137383,0.145310287832852,0.337666893545871,stable
GLRX,0.19632273744465,0.000856467647896124,0.0107932582761672,stable
RWDD1,0.196269106639255,0.0157156544749233,0.0847120711775667,stable
ACLY,0.195618130288642,6.60614905439334e-05,0.00143434397941215,stable
HADHB,0.194946756062921,0.00119836818434204,0.0138510368879361,stable
FZD5,0.194936155493269,0.00386296949114243,0.0328607787471991,stable
CLPTM1L,0.194701569272851,0.00282996040862756,0.0262071485114116,stable
AMD1,0.194326153558773,0.00110442534301784,0.0130439569014976,stable
CLDN7,0.194089128618047,0.243927804557665,0.454885352084347,stable
SET,0.194028044627876,0.00220570947368508,0.021779153963107,stable
ETFB,0.193895588984762,0.011569561004047,0.0689548092215851,stable
ODC1,0.1936291457962,5.76533734707663e-06,0.00017663028503926,stable
MAP3K2,0.1934645795892,0.000383838470617185,0.00582862293767015,stable
PICSAR,0.193310356737965,1.32831697693915e-08,7.69542498867495e-07,stable
MAPK1,0.193073937625635,0.000737699413895841,0.00954247368832038,stable
HMGN1,0.192784652562942,0.0976402650841667,0.26761313910064,stable
AHCYL1,0.192506563879582,0.00641043939624119,0.0463401603664413,stable
GAPDH,0.191428303230364,0.00219727059169686,0.0217787566085317,stable
LEPROT,0.191394475940916,0.14572133180206,0.337943001318229,stable
TRIB3,0.191357077727432,1.65781372759293e-07,7.11056666880559e-06,stable
ERRFI1,0.191041348082479,0.024322575402279,0.113567288662131,stable
TMEM248,0.190853735960162,0.00360433315044053,0.0314125091149376,stable
NFIB,0.190797131708344,0.00153540677026163,0.0166095684598922,stable
PURA,0.189238334807493,0.0063699629153923,0.0461880501938792,stable
C19orf70,0.188246302325374,0.0375709216331887,0.149598353760293,stable
TANC1,0.188190889998106,0.000793087923200788,0.0101197356714055,stable
UGCG,0.187872428398864,0.000178855463997893,0.00315487617880267,stable
SFTPD,0.187616905684265,0.141726369624706,0.333962165260257,stable
MFN2,0.18758943022797,0.000179945560835407,0.00316497055489499,stable
ACBD3,0.186994191567641,0.000232376269902772,0.00387526265114801,stable
ADIRF,0.186791310141446,0.337642443314492,0.547175026789917,stable
CPEB2,0.186736128426575,1.04377575617749e-05,0.000299509738110649,stable
BLOC1S1,0.186648437798149,0.0051377392962958,0.0400733868191889,stable
GSN,0.186340124013605,0.214756754774725,0.423280646624676,stable
PSMD14,0.186290226124764,0.00011537545936911,0.00224936142795533,stable
GGTLC1,0.184858882162338,0.0465854631645131,0.170323896361375,stable
PHLDA2,0.184089941968421,5.9013691971569e-08,2.88553348264184e-06,stable
CHML,0.183633299095233,3.96045174371719e-06,0.000125421145376163,stable
CAST,0.183522415499451,0.207984806794427,0.415561666926296,stable
ATP5B,0.183445844428053,0.143661891212362,0.336196683994149,stable
CCT5,0.183064447114623,0.000428586544347335,0.00633499627340003,stable
SMAD4,0.182820590811392,0.000377205879310884,0.00574217268828922,stable
GOLPH3,0.182487796084014,0.00865284472893671,0.0567448358189498,stable
PMEPA1,0.182396352626179,0.00953823713958703,0.0605061810037944,stable
PARK7,0.181849193076209,0.0883105396649925,0.252634691519978,stable
TNPO1,0.181509072074339,0.000509863776024089,0.00728104532490474,stable
WEE1,0.181472182878407,7.58514229318519e-08,3.60781242770022e-06,stable
CEP290,0.18126517021173,2.20612459715318e-05,0.000570140952972526,stable
SVIP,0.180799953378113,0.00672182596213095,0.0479052680263018,stable
SYNJ2BP,0.180684892220627,3.07460038159218e-05,0.000759271011405714,stable
FAM167A,0.180513366109258,0.00214194319920689,0.0213565364332015,stable
SLC27A3,0.180456634248596,4.03928885788753e-05,0.000947721055639484,stable
SLC35A4,0.180455678462897,0.000100046672522007,0.00201477845948766,stable
VEZF1,0.180037330154044,0.00191676305411192,0.019659904974158,stable
RAB5B,0.18002007256679,0.0193178438051081,0.0977259432050734,stable
ANKRD40,0.179794444135066,2.22056006804382e-05,0.000571684432102788,stable
VAMP2,0.179756644720565,0.00942791462627875,0.0600487051680218,stable
VPS29,0.179603060172946,0.0440737172544263,0.165009837585944,stable
GPR116,0.179295549701293,0.195824173390821,0.400613785914975,stable
VPS35,0.178913445719892,0.00188700354202298,0.0194164404862701,stable
TNFAIP1,0.177976959297772,0.000247277995501959,0.00407925265454244,stable
KCMF1,0.177492101688272,3.0210835113934e-05,0.000749081639822981,stable
SMCR5,0.177217449709119,6.52620739791087e-13,7.97763592320625e-11,stable
IVNS1ABP,0.176614653545956,7.83286203866837e-07,2.9191739500208e-05,stable
HIP1,0.176596430481889,0.00711579553938029,0.0497617189207006,stable
NR2F6,0.176451411393726,0.00120209261132186,0.0138626227177344,stable
METAP2,0.176303239904325,0.0134618751125926,0.0762739557580966,stable
LSM5,0.174118128185181,0.00251320824200741,0.0239266265106119,stable
AIMP1,0.174105280272274,0.000695309252450452,0.00912938807943537,stable
SRSF3,0.173953914751651,0.0571141656659894,0.194366247522565,stable
EI24,0.173797011239855,0.00696969875229863,0.0491561021804545,stable
KHDRBS3,0.173780609962146,1.4217680821361e-05,0.000394993023546174,stable
PARVA,0.173556962686411,0.016568505677408,0.0878669906293428,stable
WSB2,0.173453013496752,0.000116711737005984,0.00227179024388718,stable
IRF2BP2,0.173109227381286,0.037603555066218,0.149630812867659,stable
ARHGAP21,0.173033190818699,0.00513127878972328,0.0400733868191889,stable
LAMTOR1,0.173015901838814,0.0643659852348083,0.208980027492775,stable
RAP2A,0.172223393931316,2.58286693152971e-06,8.65012749890935e-05,stable
AMOTL2,0.172008008925047,0.00646290761922213,0.0465542620726997,stable
ARID1A,0.171826013875208,0.0033248997229883,0.0295063497569795,stable
TRIP11,0.171164121321262,0.00601452495526209,0.0446055292302933,stable
MAP4,0.171050363001163,0.0575229508516965,0.195376646627157,stable
HNRNPUL2,0.170881978182785,2.93382362187057e-06,9.6147613817013e-05,stable
CCND2,0.170524020618678,0.00558844958613229,0.0426725370017364,stable
GNS,0.169895293868893,0.00410167203862132,0.0344360157967768,stable
SUCLG2,0.169842458669773,0.000243453353730729,0.00402158621081681,stable
OCLN,0.169739540251316,0.0989688672042598,0.269382193877727,stable
FASN,0.169576780145962,0.00207241461004377,0.0208332205535978,stable
TTC3,0.169552224251685,0.00563250954236911,0.0427929132989455,stable
ZNF706,0.169158668632349,0.0321403234977244,0.13505785989556,stable
WBP5,0.169126948055252,0.000965222127876055,0.0118343784264362,stable
TAB2,0.168948548226077,3.95104136328369e-05,0.000932384741791117,stable
ANXA2,0.168864336923029,0.111798860089159,0.290099829232531,stable
H2AZ1,0.168774641846284,0.115106883777264,0.294982504673643,stable
SUMO3,0.168128801237446,0.00251853803136397,0.0239398202919076,stable
KPNA3,0.168063932489418,0.00505770303658503,0.0397654611049258,stable
C6orf1,0.167710449401374,0.00574283311218508,0.0431736727941885,stable
DONSON,0.167297810730474,1.67938760645019e-14,2.50351635381063e-12,stable
DDX17,0.167222920935379,0.348173537909136,0.556841452640751,stable
RAB18,0.166966183695922,0.00833895114940832,0.0554901136910002,stable
RB1CC1,0.166770186483321,0.0573731726518558,0.19497627536733,stable
TMEM261,0.166381295234373,0.000996477789480346,0.0121082947302264,stable
C4orf3,0.166215559836693,0.117154437653592,0.29816098583439,stable
TUBB6,0.166095968655096,0.0681035882464742,0.21528271598782,stable
PCBP4,0.166054506607677,0.000190640704360456,0.00331842241605424,stable
BAG1,0.165838188292817,0.081993647225185,0.24139940840093,stable
SAR1A,0.165818498780012,0.0047986491690058,0.0385405305137496,stable
WDR1,0.165738402528652,0.00608991565788175,0.0449892565490767,stable
UBALD2,0.165672472583765,9.21844898647088e-05,0.00188754305545427,stable
AIDA,0.165658273353373,0.00052867796890504,0.00747116704265342,stable
NR1D2,0.165554486666514,0.00140944663173638,0.0156343698968653,stable
CMTM4,0.165483348464541,0.000544511632287345,0.00765950540055294,stable
FAM3C,0.165337188609677,0.000197602621160106,0.0034069033019198,stable
SAMD4A,0.164970055221541,0.00060694776927413,0.00827383559657102,stable
ATL3,0.164770193640357,0.00834564376764566,0.0555044338496738,stable
SNAP23,0.164728640029192,0.0498190479465108,0.178052977607091,stable
CAMTA1,0.164685910128144,0.0230442407764491,0.109950350995829,stable
STK40,0.164626757612266,2.00669076580524e-05,0.000533256259156592,stable
WFS1,0.164592575954422,0.186679540919024,0.390681511418275,stable
BCR,0.164082048574633,0.00258889095334668,0.0243970823595205,stable
RORA,0.162791179543696,0.00116297109155716,0.013590973827146,stable
GALNT1,0.162374749096646,0.00039927945619411,0.00598136283396667,stable
ACTR2,0.162140196139542,0.0129585687117026,0.0745541493075296,stable
HERC4,0.162023048575561,0.00173114598349167,0.0182584370165679,stable
NACA,0.161972470297859,0.0278071984983331,0.12356059412709,stable
METRN,0.161963809486398,6.59914896910416e-06,0.000199673259896855,stable
TSPAN13,0.161955799945079,0.341813727994892,0.551037594792183,stable
DRAP1,0.161837631149751,0.0114255707664658,0.0683967566352974,stable
PSAP,0.161670371937588,0.334535013947391,0.544014368829707,stable
FAM134B,0.161658974413335,0.00777125039334894,0.052840321073065,stable
KPNA4,0.161620084441855,0.00119058386401724,0.0137913351972491,stable
UQCC2,0.161591618971533,0.00633312835804794,0.0460810482433202,stable
LYZ,0.161527986585961,7.92111930738146e-05,0.00165977196913998,stable
SEMA5A,0.1614889526178,0.0230710465619451,0.110035299716433,stable
RRAGC,0.160542650178236,0.000421055428622771,0.00625392656073481,stable
SSBP1,0.160410870074801,0.0741972274876474,0.227030515346434,stable
COMMD8,0.160357951589903,0.000133377581962706,0.00250831932601865,stable
GIPC1,0.160206850658626,0.134054085811969,0.322018046526807,stable
PSMB7,0.160146582947843,0.0186792938887898,0.0952987013758623,stable
GARS1,0.160143896331034,0.000214062642419607,0.00362424063841728,stable
C5orf24,0.160129235895448,0.0378591795626611,0.150403188486828,stable
THSD4,0.160030287101416,8.73954564211993e-05,0.0018076515385664,stable
MAGI1,0.159733780876271,0.0245776363658489,0.114348390673943,stable
IPO9,0.159634585354575,0.00514030354486978,0.0400733868191889,stable
SH3GLB1,0.159514259455523,0.038487108202891,0.1518613333351,stable
SMYD2,0.159086771881894,0.00328710402133972,0.02926552043471,stable
UBE2D3,0.158984287973165,0.106150912772869,0.280317294822975,stable
BRD10,0.15874896637115,5.45028871095029e-05,0.00122216492547466,stable
EFCAB14,0.158698318188417,0.0148629152659193,0.0813997653273288,stable
NGFRAP1,0.158487944570627,0.357212383890766,0.564666258978497,stable
CLIP1,0.158298499908031,0.0160890469892111,0.0860711205234648,stable
DYNC1LI2,0.158295677382621,0.0287608531617509,0.126525889377669,stable
SLC35E1,0.158261428072646,0.00343605569620495,0.0301670000010291,stable
NME1,0.158158544990796,3.16301305980501e-05,0.000776399028977036,stable
PURB,0.158102007337845,0.000395793371750871,0.00595834750773725,stable
JUP,0.157769827566426,0.0591403341552889,0.199136312250275,stable
STK24,0.157695619424704,0.00233027750989267,0.0227155600326379,stable
PRKCDBP,0.157454262320488,0.0244301077373993,0.113885762694628,stable
SLC2A4RG,0.157179138644626,0.00108965256269266,0.0129319542974322,stable
RAB10,0.156936224394155,0.0268163221834062,0.120970672936479,stable
SUN2,0.156780405263895,0.012051651063117,0.070758589142912,stable
LINC00152,0.15676463318115,8.5975879231155e-05,0.00178432792482451,stable
UBE2H,0.156750947318293,0.0251927100190416,0.116253562579375,stable
DTX4,0.156730738377533,0.00388713466174779,0.0329811566315368,stable
KLF6,0.156717528589977,0.363893682926266,0.570712075852235,stable
PXDC1,0.156357424713648,0.0272077743999254,0.122005808607736,stable
CD44,0.15626947911146,0.0025801903231159,0.0243390427392815,stable
PTBP1,0.156134600475859,0.0135568955400981,0.0765340330833999,stable
EBP,0.155237874766733,0.0202401248635122,0.100821225073991,stable
RHOA,0.155140084520563,0.230150958984786,0.440759098015043,stable
ARL3,0.155080765986779,0.00352177995816642,0.0308382795190733,stable
RALBP1,0.154998266636206,0.00925762653468085,0.0591499845465428,stable
YWHAQ,0.15495297251951,0.00698367372269976,0.0492037046606812,stable
PTBP3,0.154657609683312,0.00381855061342703,0.0325997164299852,stable
DDX1,0.154259595965263,0.00487029233065471,0.0388859918026931,stable
GLTSCR2,0.154172627469804,0.0172046997361762,0.0900250257316088,stable
UBE2Z,0.154135049737226,0.000158585441771922,0.00288851966368872,stable
TSPYL1,0.154124279442851,0.00285388720750175,0.0263687960880585,stable
BIRC3,0.154013045823055,0.019803110741091,0.0994548996298668,stable
GPC1,0.153585198753086,0.00311557851884051,0.0281068869478276,stable
CD52,0.153233984593227,0.000157971021194482,0.00288214591504678,stable
EDN1,0.153012690560839,0.113004945516367,0.291457768897816,stable
HRAS,0.152929365175702,0.000680552346684537,0.00901307896627494,stable
ACSL3,0.152907659718413,0.0120217600034795,0.0706509587896794,stable
UBE2M,0.152702381276331,0.00405494735364197,0.0341140237101992,stable
STXBP6,0.152697893856597,0.00112094446921729,0.0131880896936594,stable
IARS1,0.152502041002561,0.000751545230274543,0.00968167054300562,stable
SESTD1,0.152264826480585,0.150821503597134,0.346223861027487,stable
MAP2K3,0.152236594147342,0.0020014118115351,0.020319981714456,stable
EDEM1,0.152057989483813,0.000320718181146132,0.00506519256631825,stable
THOC2,0.15181844882484,0.0820822296117051,0.241485721967144,stable
LSM3,0.151519554970844,0.0134714174206294,0.0762739557580966,stable
UQCR11,0.151340766945713,0.306458783943369,0.517495810874948,stable
EIF6,0.151252890313281,0.0618845833643739,0.204596031041594,stable
LSS,0.15123114738983,0.0152778966498173,0.0828925914990529,stable
FLCN,0.151137333719557,0.00114463264942828,0.0134280129621989,stable
LAMTOR2,0.151107549769392,0.0336693897864715,0.139564130467897,stable
TFRC,0.151059881823777,0.000821523842527753,0.0104342383460382,stable
DUSP8,0.150965323314242,0.000300025104974807,0.00481300115907092,stable
PLAGL1,0.149740967018841,3.26968305123922e-05,0.00079780804337816,stable
MMAB,0.149379759940047,0.00571121612636315,0.0430418655540464,stable
METTL12,0.149355159213356,9.44052359258875e-05,0.00192978194641814,stable
APOPT1,0.149184708781519,0.000498601978211086,0.00717048303723801,stable
PEA15,0.149179864880015,0.00312037967617934,0.0281294403846727,stable
APEH,0.148975773214613,0.00158902269114495,0.0170537430874064,stable
TJP2,0.14859774836494,0.0117611997594768,0.069837279287667,stable
TMBIM1,0.148571458356109,0.0385250247108887,0.151961891599195,stable
NUDT14,0.148487274930767,0.0450204797259587,0.167178556024875,stable
ECI1,0.148391947410703,0.00135288361384637,0.0151582486669642,stable
FAT1,0.148273830431014,0.000413937997915641,0.00616318889953813,stable
MCL1,0.148228962115306,0.113388396249783,0.291924969620335,stable
HSPA9,0.148209880322202,0.0216577334263847,0.105349834223688,stable
ALDH3B1,0.148140280705225,0.00871482758403314,0.0569679424530594,stable
C1orf122,0.147926530831362,0.00412140640459754,0.0345542331205764,stable
SEL1L3,0.147797979938555,0.00082028573373899,0.0104341028191732,stable
TBC1D9,0.147790025351462,0.00176955366889984,0.0185832362213662,stable
HNRNPK,0.147462108682942,0.298648500633771,0.509964834353592,stable
EBLN3P,0.147441075983461,0.00221339044290112,0.0218075585209734,stable
ALKBH5,0.147383638442977,0.000309912882090839,0.00492636550153239,stable
DTNA,0.147346756120212,5.00188215444754e-07,1.89885116322878e-05,stable
CELF1,0.147071275531673,0.04072375842926,0.157683630991218,stable
SNRPD1,0.146979378376775,0.00566219486294179,0.0428532668951082,stable
PICALM,0.146821421668284,0.00244560719858815,0.0234655434815868,stable
RBM26,0.146698268133427,0.00993100009717648,0.0621677033659364,stable
DDAH2,0.146688481288813,0.0197907943035885,0.0994548996298668,stable
CCSER2,0.146646553943611,0.00065539596618672,0.00873670696910192,stable
ATP6V1E1,0.146435157368092,0.00361472767680096,0.0314483980129684,stable
KLHDC10,0.146422146193645,0.000370179524696803,0.00566342241538639,stable
TOP2B,0.146061700794993,0.00482963938520683,0.0386877535024694,stable
CIR1,0.146016095463217,0.0167583507988113,0.0886814199847052,stable
TMA7,0.146012896579634,0.421029857631851,0.619715344880291,stable
BTBD6,0.145917423112773,7.75585800827299e-05,0.00163743710350827,stable
PTPN12,0.145689020237732,0.0138867414824561,0.0775579772317254,stable
LARP7,0.145541497140799,0.00486350797616832,0.0388615178568045,stable
ZBTB44,0.145492595095856,0.00229820825027065,0.0224566727828205,stable
IRS2,0.145422142567621,0.0050313396633598,0.0396622357543205,stable
IGKC,0.145322792972818,1.22328047558331e-05,0.000341401382044072,stable
GKN2,0.145222321739983,0.0846789283645792,0.245695518710804,stable
WNK1,0.145079142606748,0.116638326555302,0.297112060998738,stable
ATP5G1,0.144980809488975,0.113347015273359,0.291879906193709,stable
CACNG4,0.144634623976644,0.000106648353443766,0.00213017887662842,stable
ARPC4,0.144595954400694,0.00679164112931688,0.0482961146973645,stable
RAB5A,0.144128380618348,0.00894457458152334,0.0579030287135778,stable
PRKAR2A,0.144107605721797,0.0063144795575245,0.0459727207332814,stable
PGRMC2,0.143757374472202,0.00146655053883553,0.0161309629870354,stable
SUPT16H,0.143675308291607,0.00128313705085457,0.0145501552037535,stable
SNRPE,0.143575433116569,0.0501866422091281,0.178805454492679,stable
PMVK,0.143493555730652,0.125095892397219,0.309737125514199,stable
RTF1,0.143487515216215,0.058025467938263,0.196417631966226,stable
NARS1,0.143448160381394,0.0219540948162344,0.106410331099782,stable
NCOR2,0.143440575398486,0.174111280849041,0.375103330472098,stable
STUB1,0.143302477626859,0.0407641986679474,0.157703474803008,stable
PRKCI,0.143195592192549,0.0494611927385811,0.177098306981961,stable
AURKAIP1,0.143174731094838,0.0493373209813534,0.176706537262251,stable
VDAC2,0.143103142490589,0.00838067590226671,0.0556768381681023,stable
RABL6,0.143032880619394,0.00268897203018997,0.0252263960836855,stable
ABCC3,0.142885898341707,0.00868992624498793,0.0568964426452772,stable
POGK,0.142691941963305,0.0240081783042693,0.112788912335587,stable
NFE2L1,0.142644048962381,0.00622067760677307,0.045588467065464,stable
CMPK1,0.142465993191648,0.031384964573138,0.133183040690702,stable
LARP1,0.142313057787913,0.00764038810707018,0.0523703193920847,stable
LNPEP,0.142165382550459,0.0158587009700425,0.085253846723524,stable
ZCCHC10,0.141604932305357,3.49569163313889e-05,0.000846165040069104,stable
VEZT,0.14154103059365,0.0295350596113904,0.128330315846216,stable
HIPK3,0.1408969006995,0.00354537619098228,0.0310004853780883,stable
ACSL4,0.140793334122877,0.00448120716011804,0.0366900712158626,stable
RUNX1,0.140542435039894,0.00488602602983212,0.0389215460174128,stable
IRAK1,0.140403516526767,0.000749936803070419,0.00968028245061542,stable
COL4A3BP,0.140089507970194,0.0105268652895459,0.0646635182409092,stable
TMBIM6,0.139514018332836,0.339837633458541,0.549494078227143,stable
CDKN1A,0.139275648119016,0.000623320608517872,0.00843795251220649,stable
TSTD1,0.139100003880753,0.419996130449532,0.618856400508086,stable
NCOA1,0.138972098183884,0.00810547656528327,0.0544104039176402,stable
VEGFB,0.13890280633065,0.00428993668730816,0.0355299461659609,stable
MYADM,0.138871484227242,0.113268084281759,0.291845916788062,stable
APLP2,0.138680567557461,0.27275145178027,0.483555293192461,stable
CDH1,0.138680527447107,8.12149689121109e-06,0.00023979994685547,stable
TSC22D2,0.138492855630323,0.00142462251167196,0.0157883822145766,stable
DGKH,0.138375303923914,1.77315550421085e-05,0.00047953656821844,stable
RNMT,0.138153902097997,0.0280576447270064,0.124402121560728,stable
RAD23B,0.137765111597045,0.0255685570882484,0.117544205282718,stable
ATP5A1,0.137745030546078,0.0974918985668498,0.267576388811058,stable
NHP2,0.137738540805692,0.0242429998742736,0.113412334658676,stable
MTPN,0.13773802573857,0.0184100716022886,0.0943979510345537,stable
NCOA4,0.13749568477577,0.00129158239919543,0.0146323477736469,stable
GRB10,0.137490116369376,9.89561431474561e-06,0.00028596687797506,stable
INF2,0.137139293585966,0.0638672990010428,0.20813486083411,stable
CHCHD5,0.137005830814923,0.0132923082890611,0.0759631493807774,stable
SELT,0.136978462558865,0.102675213408061,0.275000396297138,stable
C2orf54,0.136716411563133,0.0795870885571359,0.236084978369977,stable
CAPZA2,0.136628824833337,0.100299177324528,0.27142631957767,stable
DIAPH1,0.136578936114079,0.0463467007462716,0.169730566481654,stable
PFDN2,0.136575956390898,0.0769892228159119,0.232030636021131,stable
CETN2,0.136555110455336,0.00210164762644625,0.0210578201521958,stable
PTPRJ,0.136551688884305,0.000351421080739975,0.0054308107344696,stable
CTDSPL,0.136526371524439,0.029279988834411,0.127600208025611,stable
ZC3H12C,0.136479310033599,0.000869866048235745,0.0109395499728742,stable
LAMC1,0.136418952071232,0.0134656426814437,0.0762739557580966,stable
ANKLE2,0.136133123598298,0.0439861552456774,0.164839392640062,stable
CAMK2D,0.135688551706,0.00561919809351117,0.0427702848661772,stable
SAMM50,0.135488657041914,2.26008250240445e-05,0.000579187599777609,stable
EXOSC6,0.135455383809391,0.00244351691472543,0.0234639047648105,stable
CXADR,0.135454457102544,0.0817572978043854,0.241051907467633,stable
MTHFD2,0.135029592318252,6.80969207512159e-09,4.22546578306022e-07,stable
SLC25A23,0.135008777457491,0.00126762701119459,0.014427814324807,stable
GLS,0.134985597965713,0.278679069494652,0.489731590785311,stable
CLIC4,0.134976936757804,0.000588405583015547,0.0081181375245847,stable
AGO3,0.134870870352136,0.00111840807036957,0.0131709250984563,stable
USP25,0.134773400699581,0.00193471964158702,0.0198073809872359,stable
CYB5B,0.134746135231641,0.00295238511140354,0.0270539397314819,stable
TARS1,0.134079019747742,0.00729996021707624,0.0506727505357978,stable
TYROBP,0.133826589536561,0.00255032002289425,0.024138312067526,stable
NDFIP2,0.133769061894134,0.00620894865200512,0.04552980703186,stable
TCEAL8,0.133675799287081,0.030767318616079,0.131549388864271,stable
CAPZB,0.13357676616909,0.164173387316489,0.363758471371535,stable
UTRN,0.133427807400689,0.474342841492954,0.661217860932018,stable
PPP2R5C,0.133379772489365,0.028715859927995,0.126494656490022,stable
MBD2,0.133358280586578,0.0045666160847461,0.0372182707222811,stable
ERGIC1,0.133110239706641,0.180720878778281,0.383463291474693,stable
LBH,0.133102357297632,0.0434813396425178,0.163699022854152,stable
ACAA2,0.132858295157292,0.0666382147439537,0.213138177412846,stable
CYLD,0.132795057655437,0.00849346346603812,0.0561211337345135,stable
MIB1,0.132652884493038,0.000638594340223951,0.00857821671966766,stable
NACC1,0.132629535500565,0.000206826401800042,0.00353106974246329,stable
CEP170B,0.132085197689703,0.00127300966060505,0.0144487187476659,stable
C12orf44,0.131809551414605,0.00844238638704239,0.0559530080511221,stable
HEBP2,0.131727645540164,0.0427893873742563,0.162147381409819,stable
ISG20,0.13168229234718,0.0342996170776504,0.140962437809917,stable
RYBP,0.131603447106223,0.00439832982644608,0.0361670153752885,stable
PDCD5,0.131540424960283,0.233311571585457,0.44458311006401,stable
DNAJC10,0.131403548030612,0.0236001648065115,0.111755903520137,stable
BOD1L1,0.13137697439345,0.0540347876253712,0.187547502193539,stable
EXOC5,0.131147468524698,0.00209241797367647,0.0209825408615432,stable
STK17B,0.131044831370872,0.0576924474111153,0.195734797988752,stable
TRAK1,0.130918313052069,0.0227844790118912,0.109082329091659,stable
GANAB,0.130671936562705,0.0247211788198909,0.114683753280587,stable
ATP6V1A,0.130586212983597,0.000240261015052641,0.0039742227983809,stable
SDC4,0.130331723364665,0.166776835722086,0.366954576943952,stable
NCOA7,0.130290475826269,0.0421279171390405,0.16097894939282,stable
ITGB5,0.130287829285852,0.000401371492353785,0.00600534286723705,stable
CAB39,0.130241342812022,0.0237145258380697,0.112098361888849,stable
FMR1,0.130202045694202,0.0101757058342811,0.0633984852794356,stable
ZFHX3,0.129997616051527,0.0881396827938786,0.25232306381086,stable
PALLD,0.129898997882796,0.0239699794620249,0.112782536160043,stable
PLOD2,0.129882538036701,0.00206481591128345,0.0208081695791665,stable
POLR2J3,0.129838992102641,0.00733024636470973,0.0507389193444008,stable
CCT4,0.129817539567267,0.0704673845020968,0.220136291375832,stable
CCDC85B,0.129743767000848,0.0042295332075158,0.035237624003282,stable
PRDX5,0.129606270328126,0.0222795102111601,0.107603608384521,stable
DYNLL1,0.12948504792132,0.267750383237747,0.479136390674603,stable
BCL7C,0.129436415648346,0.000637695040066427,0.00857792487579375,stable
GMFB,0.12942340996876,0.0110824290730412,0.0670305395047526,stable
PANK3,0.129385619224222,0.000334688445592237,0.00523819834366498,stable
KIF1C,0.129248097410047,0.0841318051138755,0.244688837904358,stable
RANBP1,0.129100426665853,0.0246686107783003,0.114526812819575,stable
BRD4,0.128745616953545,0.0275192327556724,0.122756050004591,stable
PIM1,0.128369530268823,0.00623928438942686,0.0456700672912299,stable
BOK,0.128330537499499,0.00926438889459724,0.0591499845465428,stable
CD24,0.128326210209056,0.164283499636252,0.363870538060074,stable
PITPNA,0.128239186460539,0.000886880918183268,0.011105443181793,stable
UQCRQ,0.128208200341563,0.436009751220184,0.630748985733658,stable
FOXN3,0.128203886114471,0.000176195678949254,0.00312600287296906,stable
COX4I1,0.128186970145786,0.409494054739557,0.610495837818917,stable
GRK5,0.127940417457897,0.0217052726774681,0.105455188080036,stable
ST14,0.127874122972492,0.0398309546084054,0.155111051014064,stable
HPCAL1,0.127859279589409,0.478847617281584,0.664634185721594,stable
DHRS4L2,0.127792732277791,0.000344152035354846,0.00533872395961629,stable
HINT2,0.12773012449462,0.0488855819769312,0.175654719014111,stable
CTDSP1,0.127631146489196,0.0245667758325652,0.114348390673943,stable
PSME3IP1,0.127601033041076,0.021433279158824,0.104521364810329,stable
TMEM97,0.127547977775644,0.000595251560634871,0.00816650401481557,stable
DIAPH2,0.127464846337725,0.0541891727046135,0.18765111817031,stable
RNF6,0.127425363746817,0.000257640953946798,0.00421990653335446,stable
HSBP1,0.127372085136578,0.266882901027057,0.478003894821208,stable
DICER1,0.127108297857248,0.029011136858378,0.126971764037527,stable
NMT1,0.127051552023462,0.0331098229373597,0.138087504464785,stable
ANKRD13A,0.126936774507915,0.0348829829310901,0.142231348682337,stable
FABP4,0.126582395609174,0.00765590320301499,0.0523703193920847,stable
DIP2C,0.126493509920819,0.000156308752607983,0.00286035657467063,stable
TIMM13,0.126247570053193,0.154274369032101,0.350464576667608,stable
EIF3B,0.126145114188105,0.00259059333300537,0.0243970823595205,stable
ZFAND6,0.126128372634253,0.0104780732217596,0.0645250816449471,stable
USP40,0.126007748026053,0.00220559029972845,0.021779153963107,stable
POLK,0.125992048534025,0.0133783129354071,0.0761343097404174,stable
CALM3,0.125982657014506,0.00375574018886311,0.0322402865650721,stable
MORC4,0.125962604493485,9.18322372224636e-05,0.00188348534867012,stable
AAK1,0.125510701802313,0.0135874090634636,0.0766298083928913,stable
ESF1,0.125442285411154,0.015522190729702,0.0839200616894638,stable
TMCC1,0.125338900042843,0.00257282627404919,0.0243046587125017,stable
GHITM,0.125070815888577,0.114150387276108,0.293454118625268,stable
CRLS1,0.125050137320359,0.0257366079917015,0.118072773255115,stable
KIAA1033,0.124663714342617,0.0371384981876481,0.148602619262131,stable
CNN3,0.124608136760827,0.101372925886651,0.272947719391722,stable
KANK1,0.124585241119807,0.000487388174281772,0.00706741760666712,stable
FEM1C,0.12439979581399,0.00132950771180919,0.0149649192165337,stable
TAPT1,0.124372372150073,0.00132406024712578,0.0149448868521381,stable
IMP4,0.124168446517075,0.00578244193853634,0.0433647670286308,stable
RNH1,0.12416008065596,0.487680860358756,0.671556926554629,stable
MYH14,0.124087795120967,0.281092426951991,0.491851392364892,stable
TPM2,0.123960521940585,0.000335100712102913,0.00523819834366498,stable
TUBA1A,0.123567157250715,0.0249224232947347,0.115223790603191,stable
TP53INP1,0.123493275560256,4.14351726487466e-05,0.000964859149473422,stable
MEAF6,0.12314049226492,0.102027677951963,0.274106886875778,stable
SPRED2,0.123069570401565,0.00216599905578581,0.0215436716500616,stable
TAX1BP3,0.123021898172352,0.120987525935274,0.303810911469349,stable
IGHA1,0.122853123006967,1.57625741676792e-05,0.000432992599158899,stable
SERINC2,0.122799168823452,0.0541132231868955,0.187547502193539,stable
RCAN1,0.12262609720191,0.00690545619898568,0.0489063131960608,stable
STXBP3,0.122520708612503,0.00122194907549738,0.0140122940890056,stable
SIPA1L3,0.12240759712237,0.00672884041239857,0.0479052680263018,stable
XIAP,0.121683398231171,0.0228533624734487,0.109210126221828,stable
SPRY2,0.121518191566111,0.00158805489607872,0.0170537430874064,stable
CBX6,0.121208082734573,0.00912667061955863,0.0585829050628917,stable
SYNCRIP,0.121164429497935,0.0582854309952095,0.197090209816166,stable
GLRX3,0.121140255577895,0.00815092088596478,0.0546173598366184,stable
ATP5H,0.121108408872791,0.446997870603309,0.639305897043369,stable
REST,0.121096291249301,0.00361718321386073,0.0314483980129684,stable
EIF4E,0.120807088073271,0.0342260277356355,0.140868337724043,stable
SLC40A1,0.120713358934495,0.235900227957311,0.447394549242671,stable
PITHD1,0.120667067655321,0.0275862924591693,0.122936507116619,stable
PIN1,0.120568338560817,0.0971013668011945,0.267154424437948,stable
AZI2,0.120481253719784,0.0134861836259659,0.0763218095573183,stable
NUCKS1,0.120419850383378,0.295804507984788,0.507425527028635,stable
DLGAP4,0.120377357148957,0.00526424875160293,0.0408572550727583,stable
ITPRIPL2,0.120358893831492,0.0158710602071483,0.0852589939029304,stable
GALC,0.120315079025988,0.0172110998964962,0.0900250257316088,stable
LIN7C,0.120186444485402,0.00203011477463137,0.0205601681898044,stable
RASEF,0.119814255689684,0.000675997104158782,0.00898194413177929,stable
DBI,0.119699724749076,0.124858000952056,0.309524275732696,stable
IGSF3,0.119324364025593,0.0153270271682172,0.0831070871765756,stable
LAPTM4B,0.119112152435741,0.0784502872131932,0.234025634511651,stable
GADD45A,0.118960598632839,0.000196331545726593,0.0033945640947127,stable
SNX17,0.118959298822012,0.115754780115961,0.296150880410038,stable
VMP1,0.118955351075489,0.118050892698881,0.299264643789118,stable
SUZ12,0.118753449967698,0.0038879128522615,0.0329811566315368,stable
SOWAHC,0.118463393044641,0.00364119910410176,0.0315450161931537,stable
ANXA7,0.118444965233287,0.12557798117541,0.310741318633819,stable
LARP1B,0.118434976357899,0.00092447505301257,0.0114380395222932,stable
CXorf23,0.118426062097891,7.38096002506575e-05,0.00156368900080422,stable
PUM2,0.118405312113897,0.0405017691577397,0.157023033994358,stable
MZT2A,0.118376045477405,0.00686073316222867,0.0487024402875048,stable
MBD3,0.118237425112603,0.00371332479559517,0.0319885005647324,stable
HYCC2,0.118226721250105,0.00313539730802936,0.0282024258229219,stable
DSG2,0.118226214748185,0.0880846730872649,0.252224653037884,stable
CMSS1,0.118191671633398,7.58736961112883e-06,0.000226214649088875,stable
FXR1,0.118149038454552,0.070121280724474,0.21933534687205,stable
BPNT2,0.118114472888533,0.0128812199968053,0.0742035971917758,stable
ENPP4,0.117984658540294,0.0213272863046788,0.104198540283131,stable
NQO1,0.117965197941754,0.00742584347788222,0.0512844693071369,stable
IPO5,0.117884538166714,0.0155138284203668,0.0839164030090991,stable
WWC1,0.117843757185101,0.0675581276851602,0.214472085066973,stable
TGFBR2,0.117622348438327,0.0374540475018304,0.149278864252486,stable
CAMSAP2,0.117453324759777,0.0125841840641408,0.0730432412156016,stable
MMP24-AS1,0.117303392756629,0.0118663336042581,0.070162738579345,stable
PLEKHA1,0.117265009597892,0.0462624245269958,0.169522140460051,stable
MTCH2,0.117196410996707,0.00836449227024645,0.0555995397017361,stable
TIMP3,0.11710531578361,0.011518097241679,0.068681571064529,stable
ARID5B,0.117086558121094,0.097365462537815,0.267563310106682,stable
SPAG9,0.116995562990794,0.0372307200164442,0.148726810786302,stable
TIMM10B,0.116975290311974,0.000354755066885527,0.00546850685700969,stable
CHMP1A,0.116843705653058,0.0129918245381467,0.0746648157754138,stable
TPPP,0.116819070940982,0.00296182507666544,0.0270998126775137,stable
SNX4,0.116800100651037,0.00785903990398988,0.0531648609775165,stable
SNHG9,0.116791008228088,0.00136574141889887,0.0152186172330171,stable
DYNLL2,0.116723069971183,0.020525588350966,0.101615729730875,stable
GALK1,0.116567587496789,0.0947116186328232,0.263245754017197,stable
MKKS,0.116499246338242,0.0126262891632382,0.073188284642687,stable
OSBPL8,0.116423866410328,0.000669180506992889,0.00890669720923698,stable
DLAT,0.116281939097516,0.000823503831758647,0.0104397030979756,stable
SRSF6,0.115999498734916,0.0316235216577316,0.133898832263287,stable
TM2D1,0.115917393106827,0.0655928783980323,0.211224274377647,stable
CANX,0.115877812660828,0.181322523241851,0.38398095034974,stable
AGO2,0.115599815484213,0.0200076329673093,0.10009563288728,stable
NDUFS4,0.115555906617201,0.0888611404869248,0.253484459724165,stable
PFN1,0.11547253233623,0.319465822707656,0.530518980679036,stable
C15orf52,0.115443575202212,0.00643533955076293,0.046471264269273,stable
BABAM1,0.115349004913236,0.00563267322464032,0.0427929132989455,stable
VPS26A,0.115244822800805,0.0267324141686234,0.12089420303265,stable
FMNL2,0.115225371480124,0.0018971281224682,0.019504200310388,stable
NAA15,0.115151373350498,0.00436622941964763,0.0360216462802886,stable
MSRB2,0.114951267098469,0.0109717799371937,0.0665603166016157,stable
NABP1,0.114924814488554,0.00158376894684298,0.0170272573493479,stable
PSMB4,0.114772368294799,0.0405271694848897,0.157071693019433,stable
PLXNA3,0.114680136103534,0.0144324059808115,0.0797566594527304,stable
B4GALT1,0.114456901089616,0.00974985874007854,0.0613302763000212,stable
MIER1,0.114296071415786,0.0259684573569745,0.118742747687897,stable
DGCR2,0.113998712241177,0.12456611730231,0.309051393932097,stable
ZMAT2,0.113582111901635,0.0159831221038852,0.0856919669289003,stable
MIDEAS,0.11358120637779,0.002698940112873,0.0252451014505852,stable
MYO6,0.113061594984359,0.404582396645006,0.605927762765463,stable
CRNDE,0.113021143603887,0.171807127645375,0.372665439616242,stable
UBE2L3,0.112812049959354,0.0108314995475407,0.0659712259437656,stable
SHB,0.112773593635154,0.000262722424393172,0.00428202522104284,stable
MACF1,0.112718384508733,0.426574051068036,0.623787118453432,stable
SNTB1,0.112580592190899,0.0013608400234268,0.0152186172330171,stable
MTAP,0.112553101053903,0.00106884501476971,0.0127344653611549,stable
MALAT1,0.11252189880579,0.231032206896674,0.441892927101383,stable
C3orf58,0.112448343919697,0.00958533831957009,0.0606945316460015,stable
DCLK1,0.112348499833677,0.000225937296915061,0.00378336646231466,stable
UBXN6,0.112241666910242,0.000122638299193322,0.00236455925763276,stable
TSC22D3,0.112112825173819,0.0990908313620904,0.269534117171828,stable
GDE1,0.111770644863157,0.0119802492897022,0.0705612176227771,stable
DAAM2,0.111603614992103,0.0108284545427531,0.0659712259437656,stable
SLC25A24,0.111093190041539,0.191244113430582,0.395026705403082,stable
DAG1,0.110971926224186,0.0933588049925703,0.260821370299667,stable
ERO1L,0.110874467444195,0.0148983954094496,0.0815575394021997,stable
SFTA2,0.110863493881462,0.0788983371208216,0.234660163738424,stable
EVI5,0.110759849350394,0.158624603306621,0.355784798315621,stable
RAB15,0.110562790178107,0.00469297036603508,0.0379410514248762,stable
PAM,0.110340786752801,0.456605936810259,0.647661983240729,stable
GUK1,0.110338393889766,0.474708763612843,0.661217860932018,stable
CLIC5,0.110281476582715,0.60846376649834,0.758887978948649,stable
EIF3G,0.110227597628131,0.00162323568810977,0.0172994185278586,stable
AMIGO2,0.110101889442776,0.000183029654519887,0.00321458085552884,stable
RBM47,0.110007733744775,0.103140425750043,0.275823356895325,stable
STX2,0.109993231453589,0.0454721141371166,0.168184908687478,stable
SURF2,0.109815264221587,0.00669034476245075,0.0478137024555961,stable
LIMS2,0.109807968482549,0.0652344950172309,0.210625057340367,stable
ENOPH1,0.109788843450812,0.00662583796391724,0.047448297171016,stable
ZNF330,0.10978827245005,0.0438536529106665,0.164576310062469,stable
SMDT1,0.10976541072752,0.101187808898261,0.272569364471648,stable
LYPLA1,0.109617316287624,0.0273492640271308,0.122343520043858,stable
IMPA2,0.109412871321934,0.0206714321071168,0.102062637677091,stable
NTAN1,0.109261899805163,0.0015423153067632,0.0166695511139464,stable
HSPA4,0.109245791484607,0.0242537195430419,0.113419077159198,stable
ANKRD12,0.109206664398593,0.0455311167177819,0.16822396753707,stable
STX7,0.108965068458092,0.22518479956304,0.434584621070192,stable
FEM1B,0.108598041313299,0.00580541535266546,0.0434948660724132,stable
PSMD1,0.108574685279935,0.0911274292624043,0.25696463559484,stable
ZCRB1,0.10848585047882,0.0932842440700973,0.260701097282321,stable
ESYT1,0.108377210589848,0.00441276084345707,0.0362299742942823,stable
TAF13,0.108323940300552,0.00206255153936639,0.0208081695791665,stable
KLF7,0.108018494269491,0.0101030793145738,0.0630102252761993,stable
EPB41L4B,0.108011505380818,0.000358204393542497,0.00550778680083456,stable
RIMKLA,0.107973338466728,0.0366318825840773,0.147444232040751,stable
PTPLA,0.107864560753811,0.19063781986426,0.394680421260959,stable
RIN2,0.107782821740806,0.120204666988602,0.302714047050336,stable
PFKFB2,0.107769251311773,0.00227507708894091,0.0222484338681709,stable
SERINC3,0.107700306458736,0.00823351352837308,0.054995725120972,stable
PUM1,0.107675932179691,0.131623179727679,0.318752829438397,stable
EIF5AL1,0.107542084875824,4.66548533686157e-08,2.34695031925086e-06,stable
GNAI3,0.107339657759157,0.0118921306491675,0.0702607080983199,stable
CDC42SE2,0.107150304751839,0.00564145956757782,0.0428064567064378,stable
POM121,0.107097552700339,0.0128003751838157,0.0738610300012058,stable
DAAM1,0.107061385042139,0.0825642977542223,0.242198808332742,stable
AHR,0.106768242771811,0.426563735555324,0.623787118453432,stable
MAP4K4,0.10671239482726,0.0016160556276174,0.0172529816523975,stable
ATRX,0.106656476588068,0.352507013112816,0.560562732963583,stable
EP300,0.106604112280164,0.0166509811794001,0.0881895987595266,stable
PLXNA1,0.10653209551021,0.16384911412169,0.363303386726562,stable
ABHD17A,0.106503777474423,0.0239537262614318,0.112749460847032,stable
LARP4B,0.106493107810667,0.114217824988861,0.29350403461506,stable
SPPL3,0.106396431212109,0.0586254849480281,0.197911606739767,stable
PPIA,0.106376737340173,0.29338852608365,0.505480104700005,stable
ADNP,0.106316204314025,0.0205374023317069,0.101615729730875,stable
MCFD2,0.106190112645626,0.0295432346871318,0.128330315846216,stable
FAM199X,0.106189272933007,0.000763089103353352,0.00979832058759598,stable
SH3GL1,0.10616258292569,0.00297861002824901,0.0271720365562059,stable
VAMP3,0.106153459810413,0.0449059918886897,0.166949770330701,stable
RAB12,0.106146186497514,0.000690194355821813,0.00909152565254939,stable
BUD31,0.106079187750654,0.188602356498083,0.392372989547528,stable
RND3,0.10606826354385,0.00499510971981549,0.0395421594537447,stable
HIGD1A,0.105972231347177,0.0279342938210983,0.123900147920576,stable
CDKN2B,0.105972100480939,0.0825318382842254,0.242198808332742,stable
MRAS,0.105939257925764,0.0309190027495367,0.131975206741483,stable
CCDC107,0.105655281897105,0.162921771257416,0.361980372079701,stable
TSPAN31,0.105593273635146,0.0181556204159074,0.0935247804315432,stable
TRIM28,0.105491785805782,0.151019902804779,0.346506250300808,stable
SPAG7,0.10548136037779,0.0563351831942396,0.192626931291296,stable
ELK4,0.105249394130221,0.000398269889591866,0.00597355966916684,stable
DCTN6,0.105188432594993,0.00814227141047718,0.0545974359416747,stable
CRB3,0.105101331632514,0.316415794212281,0.527255979453809,stable
SNX24,0.104802907224639,0.0425156667545623,0.161551604105617,stable
MAP2K2,0.104619793209567,0.0710173143827216,0.221175962041883,stable
SCD5,0.104605866682206,0.232388643426931,0.443792966294455,stable
AJUBA,0.104503504361364,0.0648118142757801,0.209603720999219,stable
UBE2K,0.104497627915139,0.0939513990475764,0.261787531788825,stable
MIR4458HG,0.104480571930795,0.000172582270997076,0.00309332211241681,stable
DUSP16,0.104068576488431,0.00565754367418669,0.0428487074803334,stable
PLAC8,0.104054127821793,0.197823576322396,0.403032566160828,stable
CAMLG,0.104032563228995,0.0778437715276192,0.233168895651462,stable
PSMC3,0.103983174139193,0.104336709014627,0.27749824601782,stable
KIF1B,0.103806303668016,0.095024713961893,0.263576606187924,stable
FBLN5,0.103792589934361,0.100044011446955,0.271090338670151,stable
EIF5B,0.103704344966603,0.15403160873032,0.350108290278809,stable
FBXO28,0.10365459803392,0.00191709806357955,0.019659904974158,stable
IRX1,0.103493054880309,0.00150088637784356,0.0163664898151291,stable
FAM20B,0.103438555218324,0.00813109258870478,0.0545524016489173,stable
KCNK15,0.10343617371318,2.19604434958696e-07,9.19330346895581e-06,stable
TMEM43,0.103367391370907,0.399040949327338,0.601316144548494,stable
NCBP2,0.103350130085118,0.00633731110186932,0.0460840517009224,stable
MITF,0.103343794929091,0.00660342792223076,0.0473710697895239,stable
PMF1,0.103312655359286,0.0174831822933985,0.0910973658800098,stable
AP2A2,0.103295079294258,0.00398209951535537,0.0336400722015923,stable
FDFT1,0.103047530315406,0.18996973388852,0.393724996109404,stable
POMGNT1,0.103042991328808,0.0344328596797324,0.141402964908775,stable
DSP,0.102924866778481,0.15927573053144,0.356590939563429,stable
ACAT2,0.102618991331827,0.0182676588688313,0.0939249927905024,stable
TEX261,0.102608480328695,0.00816105576987297,0.0546334861615155,stable
ANO6,0.102329055252013,0.111957641721324,0.290258793722473,stable
ZNF593,0.102287858419016,0.0700962755448657,0.219313251154451,stable
ARHGAP23,0.102145168370095,0.0193156724524232,0.0977259432050734,stable
ITGA3,0.101969243949131,0.502009019368219,0.681839805861901,stable
GTF2H5,0.101862682448539,0.0928337595804026,0.259917516516455,stable
EEF2,0.101775563498546,0.0536624524987361,0.186567070348279,stable
KRR1,0.101753458279154,0.124444290673829,0.308937248009116,stable
SPG11,0.101660213336141,0.0305423781269418,0.13086226085655,stable
FAM83G,0.101586635354556,0.000704763705315783,0.00920409351899587,stable
SMAD3,0.101575174653827,0.0698568733227561,0.219012674915971,stable
SRP14,0.1014191926504,0.0424060975859591,0.161431405333738,stable
NDUFS1,0.10133357721668,0.102318047457708,0.274404522185832,stable
CLTA,0.101331772721238,0.531496193669656,0.704629497996533,stable
STAU1,0.101297742657244,0.157839139496665,0.355196178425486,stable
XRCC6,0.101218110975642,0.332236839259853,0.542007623530288,stable
YTHDF3,0.101190270516231,0.00145566449172126,0.0160596053671486,stable
PFDN4,0.101186054594953,0.0525782232704122,0.184106617375399,stable
MYO1D,0.101039930179956,0.0976876624199616,0.267635215464279,stable
PSMC1,0.100978155469743,0.226348206228023,0.435797837916421,stable
APOOL,0.100831553090785,0.00233649127537865,0.0227398641323477,stable
PDLIM3,0.100810308113553,0.00166107373225036,0.0176314617533066,stable
ZHX1,0.100676547912757,0.00828051479803694,0.0552457652961016,stable
TSR3,0.100649623206654,0.0204775687993334,0.101493574051407,stable
WRNIP1,0.100577543894617,0.000948758175485309,0.0116558994343039,stable
CSTB,0.100520762721176,0.609856560435258,0.759849821094751,stable
BAHD1,0.100412467998239,0.00217253087202796,0.0215735315838097,stable
UBQLN1,0.100266879139353,0.0447982687170971,0.166802935363325,stable
ACTR3,0.100243523361352,0.276517349369787,0.487210166451801,stable
TSNAX,0.100170952683291,0.00410083156376734,0.0344360157967768,stable
KLC1,0.0999791467140833,0.0625168396536091,0.205763556253559,stable
KLHL36,0.0999770420098481,0.00667750977392076,0.0477623636491559,stable
TMEM33,0.0999035158094645,0.0930922499885805,0.260521901066943,stable
SRP72,0.0997525153031475,0.0635618639488639,0.207526769474068,stable
WWP2,0.0997166386027482,0.01991270925905,0.0998070984736169,stable
ECH1,0.0995984346867975,0.330156203456953,0.54054968930646,stable
C17orf89,0.0995709240598933,0.145462351837387,0.337666893545871,stable
DNAJB2,0.0995675029777417,0.159873927468596,0.35721054457615,stable
KIAA1598,0.0995576023621116,0.30679518227788,0.517807697585118,stable
RRAGD,0.0995060119686172,0.000153489809191593,0.00282144274820757,stable
SDPR,0.0994175303556863,0.607564145540737,0.758157020856289,stable
RMND5B,0.0994172428980373,0.0167839634054895,0.0887785238722217,stable
FOXK2,0.0993577298343858,0.0222114104424066,0.107402009987333,stable
ZNF275,0.0993099168585383,2.95261808629728e-05,0.000735087647390997,stable
KPNA1,0.0992125249593109,0.0362092366592205,0.14632122609002,stable
ALOX5AP,0.0992080418370596,0.0110713999852874,0.0669984125842342,stable
CD63,0.0991627027493682,0.651433477744031,0.789546345846902,stable
NFAT5,0.0991621815652191,0.236865710654199,0.447934165692595,stable
KDSR,0.0990743587654312,0.160170176309908,0.357505341707118,stable
WBSCR22,0.0990257760663868,0.000447225518433777,0.0065628868395372,stable
H1-10,0.0988820175828344,0.353961886871334,0.561707140739347,stable
CD9,0.0987250041504,0.0909805092267067,0.256668761778736,stable
YKT6,0.098659733492304,0.000550038112382191,0.00771947862888623,stable
ZNF358,0.0985093931904792,0.00192760485396813,0.0197510827618663,stable
SNRPF,0.0984210910849502,0.083758364776698,0.244125477117395,stable
RAD17,0.0983341409952967,0.00524460238898414,0.0407565286731991,stable
EIF3J,0.0982177838484849,0.0745597966059675,0.227854738427837,stable
MFSD6,0.0982155954881786,0.0387690359022142,0.152628887236286,stable
CCDC82,0.0981183350452635,0.0145239019701526,0.0801313572496967,stable
ZNRF2,0.0978441785046583,0.000502679724779059,0.00722063097026936,stable
SFTA1P,0.0978192269293952,0.569961629713196,0.733159103610871,stable
SYNC,0.0977823943129844,0.00321391672532207,0.0287605549416816,stable
SKIL,0.0975345512865616,0.0714738695688312,0.222147507576928,stable
MCU,0.0974933787465349,0.0121205054142074,0.071094557669516,stable
MYO1B,0.0974833658292638,0.677989350765508,0.808481301703012,stable
CUL4A,0.0972906321726494,0.0772390760350998,0.232325409806363,stable
FBXW5,0.0972067432775677,0.165629412914015,0.365791137029977,stable
SSFA2,0.0970704750921737,0.371015070836991,0.57779535434529,stable
HCFC1R1,0.0970434620807985,0.499000508368914,0.679981055427302,stable
NDUFA1,0.0970391756414475,0.519923299175619,0.696006794875633,stable
SYT17,0.0968367793971572,0.0457183283133072,0.168579279978737,stable
MYEOV2,0.096792170448969,0.440397151034026,0.634612138894251,stable
SEC61A1,0.0966090329807965,0.136693536265536,0.325895387963632,stable
INSR,0.0964641122804343,3.57972478416128e-09,2.36532733846419e-07,stable
ABRACL,0.0964101556206208,0.138127440029718,0.328113063918241,stable
ZDHHC4,0.0963562243161339,0.000299005232695646,0.0048029434487143,stable
AFTPH,0.0962311435635928,0.00769049609252683,0.0525332554946406,stable
SLC44A2,0.0961915858774129,0.354528835489335,0.562387812746124,stable
ZDHHC5,0.0961000451208039,0.0114713313490579,0.06852565727279,stable
IFNAR2,0.0954971882291508,0.0399404475738777,0.155388934163934,stable
PIK3CA,0.0954953902726686,0.0270413521408288,0.121555867142445,stable
KNOP1,0.095488544411029,0.00246318098221974,0.0235786408196195,stable
INTS1,0.0954470186086303,0.0660625043218253,0.212289183183489,stable
DHCR7,0.0954190764627001,0.0022612465573662,0.0221663816497549,stable
ZNF518A,0.0953381166556779,0.019370464938641,0.0978853093881552,stable
CD55,0.0953292444374529,0.238398957333831,0.449443068237007,stable
PTPLB,0.0953275437902418,0.101903433405864,0.273833275434884,stable
GSPT1,0.0952744211903847,0.104348594146517,0.27749824601782,stable
FAM45A,0.0950402659693582,0.00354958043579337,0.0310150616491337,stable
SNF8,0.0948600158635682,0.0183659379558061,0.0942903089339662,stable
NCOA6,0.0948390875802049,0.0227265748059763,0.109030475050335,stable
UPP1,0.0942673232074126,0.0176050324743228,0.0915761348792006,stable
LSM1,0.0941434270541491,0.0669258629996224,0.213380737951848,stable
GPBP1,0.0940663987493486,0.17470303102218,0.375782131130587,stable
R3HDM2,0.094065340989328,0.0124051317477208,0.0722738683330998,stable
ZNF90,0.0940553027244834,4.90465789876917e-06,0.000153729585011678,stable
WASF3,0.0940477020009497,0.0614323507442806,0.203667991154881,stable
CCDC85C,0.0940424216602632,0.00709649074402766,0.0497120360200539,stable
RRAS2,0.093995099533886,0.0231506264598937,0.110328755495415,stable
TOLLIP,0.0939797100586658,0.06793043832768,0.215069069701518,stable
CLOCK,0.0939765802821625,0.0368900509275659,0.147996055969336,stable
SBDS,0.0939715538623394,0.694848571045411,0.818761223487478,stable
NUDC,0.0939449032271852,0.195849802407386,0.400613785914975,stable
BPTF,0.0939071547513493,0.125146907123371,0.309800687054697,stable
ATP5G2,0.093829990937168,0.00111279567740289,0.0131301296916727,stable
FOXA2,0.0938021230880102,0.218536125192807,0.427701496001773,stable
UBQLN2,0.0937691219191196,0.0298489061034575,0.1289111752991,stable
FHL1,0.093670417645179,0.147611868384652,0.340968911400981,stable
FYTTD1,0.0934300856494644,0.0471555153449822,0.171658433465474,stable
GTF3C2-AS2,0.0934175885944637,2.22145046833135e-05,0.000571684432102788,stable
XRN1,0.0933599341603151,0.0709340869102091,0.221172204229029,stable
RSL24D1,0.0933102498635721,0.265627623876717,0.476824362511583,stable
KAT2B,0.0932971320952128,0.0134567075385825,0.0762739557580966,stable
ZNF532,0.0931769337804943,0.00241355198871979,0.0232675548186993,stable
ISG15,0.0931296833844914,0.103549760431655,0.27631352794511,stable
EPRS1,0.0927981140241103,0.157536562126763,0.35487052182533,stable
LARS1,0.0927307442420788,0.166617036007275,0.36671347644093,stable
FRG1,0.0926274262336997,0.067845883333156,0.214857014990803,stable
PM20D2,0.0925247949222468,0.00184044852921736,0.0191077110279108,stable
NPAS2,0.0923508870310119,0.000470773488498523,0.00685904067152079,stable
KARS1,0.0923115208913806,0.0461158570983527,0.169336208221767,stable
BHLHE40,0.0922304105525266,0.0136966296474632,0.0768768952919701,stable
TUBA4A,0.0921700161068799,0.0500132031441375,0.178447575958534,stable
MAPRE1,0.0921345358177452,0.0316946770024717,0.134068317779972,stable
RAB1A,0.0920854170343114,0.21494563664458,0.423516354342899,stable
GGA2,0.0920692933293824,0.279421199396086,0.490471674528685,stable
CREB3,0.091946346618446,0.00635289994347445,0.0461217525978001,stable
MFHAS1,0.0918762709024464,0.0278621889930126,0.123759955759661,stable
DHX15,0.0918730460464289,0.247033620181969,0.458508802475612,stable
SH3KBP1,0.0918590614246695,0.0192406607961637,0.09751154128205,stable
ATF1,0.0918119755394341,0.0397512367357449,0.154948698296475,stable
CASZ1,0.0917367758067721,0.0534186091735949,0.186046110778276,stable
SMEK1,0.0916521060478669,0.0726681023078143,0.224123457292037,stable
KCNMB1,0.0916497484392958,6.21084760335227e-05,0.00137014988445886,stable
TUFT1,0.0915192989927567,0.0420687125273484,0.160802983719295,stable
PIEZO1,0.0914419852327639,0.360726835382325,0.567725612941103,stable
SAMD1,0.0914352064581847,0.0373450337384438,0.149087424042697,stable
NHSL3,0.0913850603958909,0.011847976353439,0.0701014825481311,stable
RBPJ,0.0912411624371915,0.14405184644202,0.336501211939183,stable
GNAI1,0.0911308903716164,0.000915840894069123,0.0113426941125643,stable
DENND6A,0.0911014401290249,0.0589100527525168,0.198652823406004,stable
PYROXD1,0.0910913686500498,0.0109450722461746,0.0664312627295127,stable
MICA,0.0910340115715115,0.204403855072906,0.410598435873697,stable
SEPT10,0.0909617845111849,0.0872920578599079,0.250600778600168,stable
ATP10A,0.0909017490488541,0.00270129194186563,0.0252451014505852,stable
EIF5A,0.0908722759708034,0.237053678310765,0.448081670584627,stable
MAPK9,0.0905921130113997,0.0179292273413213,0.0926318153086694,stable
SRF,0.0905660391286777,0.0188703858334514,0.0958336503648149,stable
PPP3CB,0.0905159502564174,0.0049416173830101,0.0392758978477994,stable
MISP,0.0905115157743061,0.11745384285144,0.298431880069839,stable
RPP25,0.0905099622244022,0.000634508893003254,0.00855152889533823,stable
USP5,0.0904563850929754,0.00552893160056413,0.0424000375691944,stable
ZDHHC2,0.0903649810926545,0.0203684754491818,0.101260176585128,stable
PTPRM,0.0903439422862815,0.145003858926698,0.337624223146658,stable
VDAC1,0.0901943481773043,0.236002546182057,0.447394549242671,stable
YWHAZ,0.0901400938537473,0.18435355739596,0.38797565294014,stable
C7orf50,0.0901068091144295,0.124008572767907,0.308168488212014,stable
VTI1B,0.0900040721683796,0.0526950145931532,0.184394954303203,stable
IGLC2,0.0899964976290055,6.26358792062182e-05,0.00137708810686477,stable
RAPGEF1,0.0899710629338569,0.00647526933403213,0.0466158376556,stable
NFIC,0.0899093394327949,0.123513758374308,0.307626769023542,stable
NRAS,0.0897484169911724,0.00456128684043231,0.0372182707222811,stable
SLC35A5,0.0896294729231881,0.0042428810529716,0.035258312706679,stable
MXRA7,0.0895886259658791,0.0855623673465595,0.247378045989674,stable
MXI1,0.0895566370356965,0.021095719343695,0.103522309617554,stable
KIF3B,0.0895240040957349,0.0259944038623046,0.118742747687897,stable
ATP2C1,0.0894970795685909,0.0165324314928663,0.0877518204814577,stable
RCAN3,0.0894575009024631,0.0343043001449409,0.140962437809917,stable
MTMR12,0.089141226303806,0.0163866949990013,0.0872814639075348,stable
NCEH1,0.0890255556781808,0.00780896355651797,0.0530315391749309,stable
ABCF1,0.0889615219841397,0.0788361260346929,0.234644475346299,stable
WDR26,0.0886673283101605,0.186486458558983,0.390544880833477,stable
SLC35A3,0.0886088109676761,0.0466149114864301,0.170349978478362,stable
BCAR1,0.0885769821355988,0.00241188489457859,0.0232675548186993,stable
PLS1,0.0885610805905987,0.0460855422245974,0.169275741632656,stable
ESD,0.0884577059895953,0.364731077517643,0.57152579048528,stable
HN1,0.0884570758323214,0.199128178203374,0.40445133926169,stable
PSMD2,0.0883591243461411,0.262982351408571,0.474750667915827,stable
ARHGDIA,0.0883358642778296,0.484407496192588,0.66878215873709,stable
CHPT1,0.0883169123477554,0.108953236737618,0.285056558125341,stable
HN1L,0.0882181665018782,0.0383653418291796,0.151625586330388,stable
MLXIP,0.0881560179127204,0.146437876793895,0.339218610181651,stable
S100A6,0.0881492817895513,0.267289926289511,0.478452490696,stable
CYBRD1,0.0880848875578737,0.695718511967047,0.819216419143124,stable
ZNF451,0.0880316748425619,0.0263056856506717,0.119659253204175,stable
DVL3,0.0880123248876841,0.049981630925933,0.178386994580615,stable
IGF2R,0.0880001651556552,0.275857681160079,0.486671858334838,stable
ZMPSTE24,0.0877960363795211,0.0338602518212088,0.14002290874914,stable
CNPY2,0.0877654724433171,0.11578303300423,0.296156475296864,stable
CENPB,0.0877362376125375,0.012960370359825,0.0745541493075296,stable
GATA6,0.08772427541494,0.127507989290788,0.313550122931119,stable
CTDNEP1,0.0877016322681513,0.0648152867618659,0.209603720999219,stable
GLIS2,0.0876965124420914,0.0356163586429183,0.144786953126383,stable
TIPARP,0.0876792369842215,0.111902457467137,0.290230704947547,stable
SOCS6,0.0876163751165765,0.00865800821000117,0.0567482532756324,stable
MON2,0.0875666985189048,0.0507604326775493,0.18006254470411,stable
PSMA1,0.0873501516304607,0.352781193239518,0.560925768230992,stable
MGST3,0.0871739251926049,0.269505839827042,0.480500679976002,stable
UBL4A,0.0871280651880956,0.000931905604729607,0.0115183155836347,stable
LAMC2,0.0870961469292019,0.478142290791754,0.664258593321787,stable
TMEM19,0.0869719680590875,0.0195038599106801,0.0983560988234955,stable
ZNF644,0.0869651552258889,0.171679499878514,0.37255640094354,stable
HIAT1,0.0869398178046744,0.11088835950749,0.288555218860642,stable
TMTC3,0.0867736196490458,0.0446921702801012,0.166712569271882,stable
TRIM33,0.0867269111633286,0.126721027545768,0.312495025362006,stable
TMX4,0.086537432357667,0.0434082494647234,0.163629570959711,stable
DNAJC21,0.0863954613009197,0.134148136186912,0.322039830469131,stable
TBC1D20,0.0862846787678395,0.0255815969385799,0.117559940216993,stable
HIATL1,0.086180518753519,0.127410623945479,0.313436801591777,stable
LINC01610,0.0861676701681356,0.000386171904444117,0.00584228386129317,stable
PSMC5,0.0861573810195455,0.313759878554547,0.524323202517798,stable
SH3BGRL,0.0859973882196928,0.193587120386131,0.397942136068469,stable
FIBP,0.0859775918921386,0.0974955199414638,0.267576388811058,stable
EID2,0.0859391895898002,0.00279096797023385,0.0259838480336166,stable
NT5C2,0.0859054519965896,0.0459364295840034,0.169032786043003,stable
SEPT7,0.085899932991067,0.192786350727675,0.397004776161572,stable
KHSRP,0.0858834377184708,0.0391516289045404,0.153344925257642,stable
NUS1,0.0858724706720797,0.0359133754067525,0.14555872048148,stable
LMCD1,0.0858126775957863,0.000649354003572149,0.00867508561712125,stable
SMAD5,0.0857782171571149,0.105307468757221,0.279054519420826,stable
FERMT2,0.0856988488491639,0.448366099831778,0.640358360128946,stable
DPY19L4,0.0856852331189864,0.005275964684889,0.0409222032411695,stable
TMCO3,0.0854255189427407,0.00783097594084272,0.053108478365347,stable
SERBP1,0.0853292354838,0.442084571083476,0.635844428394448,stable
JOSD1,0.0853188528814024,0.0577351166007739,0.195825212355122,stable
C1orf86,0.0852835343973855,0.000123640420542562,0.00237426480496595,stable
FOSL2,0.0852525196299558,0.163318876171622,0.362456416543556,stable
USP7,0.0849997589350838,0.0968196675397759,0.266799733094279,stable
SNRNP27,0.0848756059575161,0.0441194791350323,0.165130591839141,stable
RBM5,0.0848392361842926,0.241254551381829,0.452182657581236,stable
DIP2A,0.0848183691101475,0.0641636867711571,0.208600241247506,stable
SGMS1,0.0847622550606735,0.331834372622174,0.541598309428591,stable
TOMM20,0.0847365733138777,0.221092079575158,0.429872454298091,stable
PDHA1,0.0845521313640238,0.0593715765544754,0.199319474558134,stable
PHC2,0.0844825087865815,0.0525595170784629,0.184093850076542,stable
FBXW4,0.084365551197502,0.0591398028444351,0.199136312250275,stable
MTMR9,0.0843470269217285,0.0220830117761447,0.106865691192238,stable
NOTCH2,0.0843392252998663,0.150350419022947,0.345598398541469,stable
STXBP5,0.0842568778485538,0.00368106973747956,0.0318002801914842,stable
PRKACB,0.084230918621804,0.00165548222300499,0.0175970562556635,stable
HSPA13,0.084044015426095,0.0216673621293737,0.105354747283001,stable
GPR133,0.0840141544526616,0.0415629203447264,0.159702145892951,stable
MSL2,0.0840005226164542,0.0108519071240649,0.0660358682943525,stable
ROCK1,0.0839633868126,0.362023179617983,0.568886919610519,stable
MMP15,0.0839411936365226,0.0209477039242507,0.103127157780926,stable
ZNF395,0.0838167193826979,0.00304096696544568,0.0275845893567089,stable
MTMR6,0.0837552862035451,0.020106738487124,0.100361278589875,stable
ELAVL1,0.0837195943238775,0.00920098064858874,0.0589480018073107,stable
RTN3,0.0836956690968296,0.491169207915479,0.674371105668947,stable
CLDN12,0.0836495669051704,0.053261750351873,0.185702121021476,stable
PGBD5,0.0835160428864224,0.000204253738176775,0.00349691553987801,stable
ECHS1,0.0835075525566812,0.0542517702802214,0.187814681366589,stable
RFX2,0.0834811102107283,0.023931726441269,0.112749460847032,stable
ATP6AP2,0.0834205034199237,0.0148270572115328,0.0812397791814327,stable
FUBP1,0.0833462205046895,0.105905577801469,0.280032399533886,stable
ZNF579,0.0833294662535665,0.00906299273591207,0.0583391380746651,stable
TRIOBP,0.0832550450189356,0.221125490234489,0.429872454298091,stable
MOB2,0.0832401247355502,0.0208719780178168,0.102795753138514,stable
PALS1,0.0831054602191151,0.28066679742907,0.491599216474129,stable
PKP4,0.0830449049482135,0.0690547958791944,0.217446116647932,stable
C1orf106,0.0829185569749616,0.0162082563297404,0.0865195307313305,stable
EPAS1,0.0828932090280552,0.290651703882709,0.502721959230394,stable
ZCCHC3,0.082859018750957,0.001735234835859,0.0182857850289142,stable
LIN7A,0.082853804998223,0.13772297468909,0.327688305886412,stable
ZNF768,0.0826633690649111,0.0305152172501732,0.130837606336765,stable
TOR1AIP1,0.0824053849021981,0.00180928459318673,0.0188870152579971,stable
RRP15,0.0822555692979846,0.0974675774821272,0.267576388811058,stable
NF1,0.0821961858572966,0.18920936816886,0.393051096176514,stable
BCL9L,0.0821552162466112,0.0139557881864705,0.0777603476792294,stable
ERBB2IP,0.0821076348532889,0.21544871126934,0.423857968456189,stable
FOXN2,0.0820782050933826,0.0034283962720326,0.0301501554167816,stable
NT5C,0.082044554717456,0.112801360224665,0.29121094559373,stable
CTF1,0.0819402046406941,0.0074167696982183,0.0512507590678465,stable
CWC15,0.081933116697761,0.0776104587248712,0.232955090875143,stable
CCDC59,0.0818435204023435,0.09883523849183,0.269198296640849,stable
PTEN,0.0815917675077283,0.0126369097432979,0.0732102297166228,stable
GPD1L,0.0815821655281163,0.0728601061110421,0.224512714167224,stable
SLC30A7,0.0815638849861499,0.0417754552075979,0.16018680030477,stable
YOD1,0.0815299972248174,0.0273712385669683,0.122379670900739,stable
TRIB1,0.0814035656152968,0.0136377107122589,0.076647069308806,stable
EEF1E1,0.0813709733208655,0.0308156214636195,0.131709845024925,stable
FBRSL1,0.0812812670415327,0.0133124138976871,0.0760424988249194,stable
XPO1,0.0812336844034616,0.188322012166446,0.392205543324114,stable
ZDHHC21,0.0812247923137352,0.142350871130299,0.334376834876398,stable
CSNK1E,0.081224633240962,0.319817610399514,0.53078593730086,stable
CHST14,0.0811875504312418,0.00208743874271581,0.0209497957232824,stable
MXD4,0.0811218165328689,0.150735419028322,0.346091240083059,stable
ICMT,0.0809494513028617,0.120757228913748,0.303544389521213,stable
SLC17A5,0.0809138770414206,0.0597954949052001,0.200093109696459,stable
TATDN2,0.0808461974462535,0.0023704688119127,0.0229933925066289,stable
ZFX,0.0808313293607711,0.0255918618944797,0.117562916121052,stable
RAP1A,0.0807441972748225,0.221239130489194,0.429964511938446,stable
WIPF2,0.0806365326926359,0.084400952783031,0.245121702736938,stable
FBXW7,0.0806337201906677,0.00878735981559001,0.0572417485478533,stable
PTPN4,0.0805116030432476,0.0213203181514127,0.104198540283131,stable
ABI3BP,0.080415169216909,0.408951732486649,0.610381682285324,stable
CISD2,0.0804122903267748,0.0829379707245677,0.242718159956216,stable
SLC20A2,0.0803440755503256,0.0402949267390151,0.156369899827848,stable
SPSB1,0.080307493808652,0.012761317460745,0.0736865114029983,stable
IFI6,0.0801864274136948,0.544766441018759,0.715276581634082,stable
CXCR4,0.0801514058355343,0.00468020777395207,0.0378629118655129,stable
TPRN,0.0800436914969625,0.0446091770621163,0.166504604704522,stable
SIRT1,0.0800207365724238,0.0255354923553341,0.117436365143568,stable
ZYX,0.079959588186514,0.0395153945817928,0.154373979983329,stable
KIF9,0.0799362038656584,0.0523946137469896,0.183677274204898,stable
STARD4,0.0797219328293103,0.0382478543843974,0.151406014247045,stable
PRICKLE2,0.0797165582966573,0.00301186204842078,0.0273936024403985,stable
MARCHF9,0.0797113916787103,0.070994843242329,0.221175962041883,stable
TTC1,0.0796867765038375,0.0905344901609176,0.256119788874579,stable
SPNS2,0.0796799525444558,3.51810951055566e-05,0.000849908511008546,stable
DCAF15,0.0796793197840847,0.0146458824083897,0.0806810574854237,stable
WTAP,0.0796175860389406,0.169511181917644,0.370168315346146,stable
KIDINS220,0.0795631863439024,0.174660729886589,0.375782131130587,stable
C4orf32,0.0795627722073394,0.00494852779695044,0.0392797427207287,stable
CUL5,0.079481478108821,0.138789881623618,0.328855885436538,stable
TRIM8,0.0793401764089169,0.135727807328452,0.324493783841774,stable
STK39,0.0793221414414256,0.00308429412573191,0.0278863989592803,stable
UBE2W,0.0793214144430474,0.0561562009410978,0.192275114741645,stable
FXR2,0.0792899889935535,0.0335402891769928,0.139217825093229,stable
NPTN,0.0792802704436542,0.226152038464841,0.435557352795685,stable
SLC38A2,0.0791717153412518,0.4131422945066,0.61274586363124,stable
ELOVL7,0.0788422318231935,0.00219167353868966,0.0217459556306351,stable
IRGQ,0.078813196420044,0.00160951915274591,0.0172132651996203,stable
DHX36,0.0787916389298549,0.0208494451754548,0.102767587832564,stable
RNF38,0.0787737153210518,0.0829359232050445,0.242718159956216,stable
NELFB,0.0786009585752895,0.0832759004912137,0.243415735916929,stable
ZBED2,0.0785358943168016,0.063399682528551,0.207330950202883,stable
SYT15,0.0785330197988055,0.0425937537148856,0.161697529630671,stable
EPPK1,0.0784201635765722,0.00514781228797877,0.0401063463405051,stable
TMEM126B,0.0783283614460518,0.242266508689347,0.452958397721403,stable
ARHGAP32,0.0782341003838014,0.0128036258649014,0.0738610300012058,stable
HIF1A,0.078074730293413,0.147132512528992,0.340216793223856,stable
FCER1G,0.0779206046120381,0.0808016808217204,0.238925918327216,stable
CNNM4,0.077899454304341,0.00786654533257722,0.0531862003016726,stable
ATP6V1G1,0.0778725704963519,0.695771013051694,0.819216419143124,stable
MGAT4B,0.0778310353942601,0.406840455682825,0.607898512439414,stable
PANK1,0.0778059493583358,0.000614144961508261,0.00834145334386331,stable
ZNF146,0.0777991455621079,0.0319471556760789,0.134477283396828,stable
WDTC1,0.0777219951259621,0.0455831601758473,0.168279744456848,stable
NSUN5,0.0776677500001946,0.017183085850036,0.0899940194647987,stable
RASA2,0.0776001613959439,0.0408105402600112,0.157769779929911,stable
DPM1,0.0775957469019868,0.0879069867430252,0.25189287528053,stable
IST1,0.0774842684143158,0.156313252594124,0.353127554927105,stable
PIN4,0.0774705186378585,0.266306048789667,0.477320401818898,stable
BNIP3,0.0773527398566987,0.264746099907804,0.475920047834264,stable
SLC3A2,0.0773314686500329,0.147000416020635,0.340006260252836,stable
COMMD3,0.0772747764648736,0.08819527644456,0.252423099802927,stable
AGPAT3,0.077231102731868,0.152805814371088,0.348429570107069,stable
SEMA3E,0.0771471520008513,0.0048640479647342,0.0388615178568045,stable
ATP9A,0.0770206732857487,0.0891890177201985,0.253942908757007,stable
ZNF316,0.0769141150651848,0.0285512890012217,0.125951265518201,stable
AZIN1,0.0768971979509582,0.160781979425839,0.358387840354022,stable
FCF1,0.0768059288643425,0.0288797929546757,0.126759996078261,stable
SKIV2L2,0.0768018136702011,0.102613257170883,0.274959979026356,stable
NDUFB9,0.076781827709725,0.272846978088564,0.483654504082745,stable
ZRANB1,0.0767692642836886,0.0423114803380083,0.161327366079792,stable
FLII,0.0767195263596274,0.376509601117877,0.58258903342594,stable
KLHL42,0.0767101826681141,0.0870371376049151,0.250364929570007,stable
RLIG1,0.0767079458550241,0.0145317140541249,0.0801313572496967,stable
FKBP1A,0.076685294974551,0.632687286642464,0.776814924861137,stable
ANKS6,0.0766592780622642,0.0210082211229074,0.103297047300388,stable
PAQR8,0.0765693421297562,0.00488748144115909,0.0389215460174128,stable
HDHD1,0.0765202712646775,0.0540726339573493,0.187547502193539,stable
MED13L,0.0764880494661037,0.229737873144601,0.44038196037629,stable
ZNF787,0.0764680791389382,0.00291068484875815,0.0268125181546493,stable
SLC25A5,0.0763438953124258,0.00764574738171401,0.0523703193920847,stable
GABPB1,0.0762696797110026,0.0413234582041471,0.159082390054893,stable
RGL1,0.0762148056052315,0.00222760793623781,0.0218892921322918,stable
TMEM30B,0.0761784611598362,0.120603206874983,0.303372449755864,stable
VLDLR,0.0761591596276098,0.0313250768446076,0.133181156461459,stable
HSD17B8,0.0761542738800782,0.0454909844614388,0.168203809454516,stable
CCL2,0.0760946418596972,0.0424900758587429,0.161527206814425,stable
KIF21A,0.0759771788684863,0.155205329589729,0.351682809913236,stable
KIAA0247,0.0759441949050694,0.158363580900698,0.355784798315621,stable
ATXN2,0.0758916920487278,0.229668277276264,0.44038196037629,stable
SLC25A11,0.075866728998866,0.0791511168885853,0.235297483668791,stable
RIF1,0.0758592697475358,0.118336566434125,0.299802318775284,stable
OGFOD1,0.0758477723289843,0.011398639441168,0.0682689703717972,stable
LINC02967,0.0758232375160206,0.0156596339727624,0.0846257142719041,stable
KHDRBS1,0.0758082245544717,0.391140759625324,0.594826292111552,stable
USP38,0.0758031809033463,0.0265232232161259,0.120296849657026,stable
URI1,0.0757877612079525,0.0610923184648174,0.202987904570244,stable
AP1B1,0.0757183744718729,0.0517082084185793,0.1823661684099,stable
GGNBP2,0.0756960201217596,0.031643986899463,0.133939091363932,stable
RXRA,0.0755874081098008,0.12197212940852,0.305279956979883,stable
KRT17,0.0755478597301766,0.000203644727804576,0.00349628251781339,stable
ITPRIP,0.0755180870067113,0.0126208547420487,0.073188284642687,stable
ARSJ,0.0755066097415086,0.0685778957694572,0.216278688825037,stable
SKA2,0.0754969946210699,0.100127358969546,0.271146840062857,stable
MBD4,0.0754599976518978,0.0952045062386076,0.263895665365247,stable
PRPF31,0.0754457770977514,0.112486501934971,0.290922582572462,stable
NAGLU,0.0754238841110654,0.0446771101898069,0.166707263418864,stable
TAF9,0.0754155715969075,0.125079561288004,0.309737125514199,stable
PAXBP1,0.0754066321856823,0.056549644770872,0.193036262965412,stable
SDCBP2,0.0752867307455468,0.0756674256297792,0.229785879968438,stable
KRT10,0.0752708272415885,0.182296349812098,0.385068356679297,stable
TUBA1B,0.0752520548137099,0.327249185097393,0.537735230806641,stable
TXLNA,0.07520378889552,0.034632832037419,0.141706459321779,stable
PPM1A,0.0751961969256487,0.182735555902969,0.385396727977552,stable
SESN2,0.0749811849469413,0.00057450546678147,0.00797134486485436,stable
ARL2,0.0749550587495548,0.426944437248031,0.623787118453432,stable
NOL8,0.07494843471286,0.0396361026254476,0.15464785141828,stable
SREBF2,0.0748742931148181,0.34120313873075,0.550485543936596,stable
PSEN2,0.0747904889210759,0.00883423613602992,0.0574413311312924,stable
ARRDC3,0.0747846767169109,0.0562568612829448,0.192466798858863,stable
DLC1,0.0747701528299665,0.0857957011432117,0.247516853446606,stable
PLRG1,0.0747561349651147,0.0424960321592925,0.161527206814425,stable
HOMER1,0.0747032604879855,0.132562837457471,0.319930528150073,stable
RAB4B,0.0746835504237744,0.0710357319244263,0.221176970719355,stable
TMA16,0.0746715674800908,0.0220724395855053,0.106856832274542,stable
FAM133B,0.0746655224035079,0.128475978049227,0.314980015177247,stable
WDR45B,0.0746646274251542,0.0916874392534741,0.25753383672667,stable
CEBPZ,0.0746312589828407,0.314831476646462,0.52553597849602,stable
UBE2V2,0.0746100250118362,0.185856459685637,0.389960412495233,stable
DNAJB14,0.0745732686618421,0.187920742690168,0.391669762769755,stable
FAM134A,0.0744641682693371,0.170618528692625,0.371367488487823,stable
ZNF165,0.07442008020191,0.00046101472014327,0.00674537784659966,stable
ACOT9,0.0743885178988454,0.300899943111265,0.511994783367845,stable
BAIAP2L1,0.0743655985109314,0.199542385674314,0.404683033943155,stable
INPP5A,0.0742927579890502,0.000754107367492141,0.0097033773265515,stable
FAM63B,0.0742172847767687,0.340327979226967,0.549852379812239,stable
FAH,0.0740527111076234,0.000898023170254802,0.0112070166297297,stable
PPTC7,0.0740493329900169,0.00123578511054772,0.0141444168458196,stable
CABLES1,0.0739954412691286,0.0295525064714575,0.128330315846216,stable
EXOC1,0.0739462838575706,0.136101727585175,0.324942874609606,stable
SBNO1,0.0739370064155071,0.181575582256806,0.38398095034974,stable
OTUD5,0.0738992950122323,0.0229012051762549,0.10931055528096,stable
FAR1,0.0738670461022495,0.193738056486377,0.398118993507986,stable
PLAG1,0.0738570143887558,0.064150627160695,0.208600241247506,stable
REXO4,0.073850555271864,0.0301312916969967,0.129737551850683,stable
HDGF,0.0737996018607603,0.25403912512083,0.466392089963205,stable
CCZ1,0.0737256505311032,0.0245426823401933,0.114289428162485,stable
KIAA2018,0.0736922763512494,0.0086650683411789,0.0567640918556114,stable
BCLAF1,0.0736318144185404,0.000280596086556501,0.00454305504909493,stable
DDX27,0.0735731036052752,0.111760446975103,0.290099829232531,stable
RNF19B,0.0735287843994561,0.00879458432302336,0.0572444082878794,stable
ZDHHC18,0.0735246073743787,0.0136337198375484,0.076647069308806,stable
PPP5C,0.0734829624275577,0.098367303799806,0.268489049053505,stable
UBE2Q1,0.0734089475450873,0.16061557680257,0.35814753937151,stable
GPBP1L1,0.0733795496749636,0.307115246229764,0.518174847468962,stable
ZNF462,0.0733159086656932,0.000183292118480334,0.00321458085552884,stable
NDUFAF2,0.0733138527890389,0.121781628868236,0.30514351526151,stable
ZNF28,0.0733085293868288,0.00327712026445236,0.0291978994990274,stable
SLC16A5,0.0732792515522594,0.167218860177777,0.367447546903939,stable
ATMIN,0.0732781629663943,0.0578388406132708,0.196122604065637,stable
DTX3L,0.0732276168922175,0.0161040745223175,0.0861138263170643,stable
MED1,0.0732244123148255,0.0102493727597086,0.0636304380978559,stable
C9orf89,0.0731467355988965,0.137753142314018,0.327688305886412,stable
BCL2L1,0.0731152169100958,0.472074694784584,0.659878910125415,stable
EIF2AK2,0.0730656700001895,0.322888978208706,0.533954933661151,stable
ADAP1,0.0729822471657675,0.0385633238911498,0.152063893950134,stable
CSNK1G2,0.0729543081425682,0.0914974292130216,0.25726908394061,stable
RHOBTB3,0.0728675128745617,0.726307082095767,0.837978081315588,stable
SLC30A9,0.0728529098230849,0.200758866954216,0.406481728199028,stable
TRIM16,0.0727875617188592,0.135125679917989,0.323623885446219,stable
CCNB1IP1,0.0727855062643024,0.137250437476588,0.326791848015936,stable
ZNF562,0.0727570115623097,0.0268233240068138,0.120970672936479,stable
CHMP4A,0.0727449520984052,0.0160295146079386,0.0858277645937105,stable
RANBP6,0.0727291955742282,0.0628061850653064,0.206493492802126,stable
CPSF2,0.072726890107419,0.0751249349785546,0.228828888931065,stable
C19orf60,0.0726683071563748,0.445584104521039,0.638671793872338,stable
PFDN1,0.072642861258007,0.474763511567435,0.661217860932018,stable
KIAA0319L,0.0726395961058085,0.082658756785234,0.242249015330305,stable
RRP36,0.0726108168816273,0.0089573484372853,0.0579030287135778,stable
ARCN1,0.0725731793449315,0.0758447734216497,0.230113306107284,stable
EIF4B,0.0725459323318023,0.0953423824019926,0.264038351264603,stable
GNB4,0.072444880448385,0.0430335161189431,0.162870106731271,stable
CSPG5,0.0723877118693025,0.00340809414302001,0.0300148002912656,stable
ITPK1,0.0723672109765484,0.0606366188871058,0.202034133545486,stable
SERINC1,0.0722375248979437,0.681072643218218,0.810025549323635,stable
C12orf57,0.072168001733104,0.606849601558034,0.757570417631271,stable
CDR2L,0.0719948214300052,0.0240816823486805,0.112898345822405,stable
WBP2,0.0719440072873496,0.479349875738874,0.664897081336147,stable
ARFGEF2,0.071920779033414,0.0795898393212268,0.236084978369977,stable
CMIP,0.0719203664185319,0.0711709505672159,0.221372442680317,stable
CHD1,0.0719055070807812,0.131385580857011,0.31853576763112,stable
POLR2I,0.0718872874326706,0.546826937276097,0.716523876976232,stable
HEATR5A,0.07186319125342,0.191139926342263,0.395011742959902,stable
ACTR10,0.0718454996842038,0.388675418659792,0.592676638507983,stable
ACO1,0.0717350288351483,0.0262812138836386,0.119605941367684,stable
MAP7D3,0.0715944374958424,0.00135031947037146,0.0151433992713952,stable
SMAD2,0.0715351512107542,0.0010378138476539,0.0125010959828169,stable
PDZD8,0.0714597152933951,0.0856503963410869,0.247379368894417,stable
RFX7,0.0713540657165085,0.0130558697905184,0.0749272076616417,stable
HMOX2,0.0713459537493971,0.12989320370492,0.316549944595084,stable
DHX32,0.0713403328847146,0.046450904742872,0.169953863985893,stable
SLC39A14,0.071236584221563,0.0297526977121022,0.128787881314709,stable
PRRC1,0.071227553999262,0.0317552277354861,0.134177636999164,stable
HMGA1,0.0712237744091794,0.0948951978108682,0.263435649554904,stable
LSM12,0.0711991041336758,0.0654018005390405,0.210919740721253,stable
MSR1,0.0711375412455701,3.12667456137758e-06,0.000101112354069523,stable
ACBD5,0.0711040355005962,0.1152723896625,0.295294824631861,stable
PPARGC1A,0.0710893696144528,0.0246367995090206,0.114424941634161,stable
PCK2,0.0710653359845689,0.00423282409430689,0.035237624003282,stable
PPP2R4,0.0710440443860961,0.267179857670223,0.478418268009159,stable
MAP2K4,0.0710429171504465,0.0546724492206888,0.188956275240014,stable
CTPS1,0.0710421325488801,0.00446838627318961,0.036658760941926,stable
UTP20,0.0709594706984959,0.0380387302395436,0.150942657202001,stable
SDHA,0.0709456164293866,0.210412317278821,0.418632839585989,stable
ARG2,0.0708636872186082,0.00106440265182896,0.0127113055382353,stable
POMC,0.0708389111332135,0.00706518257203721,0.0495495076079076,stable
CLCN6,0.070786959968115,0.00166204145818662,0.0176314617533066,stable
NDUFA5,0.0707681614739913,0.572053684924564,0.734771770189929,stable
VPS13A,0.0707271322452613,0.153904311781041,0.349986006814099,stable
PHF10,0.0707232225805104,0.130763897945735,0.317834791141675,stable
MARCHF6,0.0706294700219247,0.529054695230206,0.702878279804098,stable
AUTS2,0.0705994466726669,0.0347715623532305,0.141919057831683,stable
ANXA6,0.0705434593910682,0.034906078753725,0.142278061582372,stable
IPO7,0.0705408387453455,0.250531658113571,0.462752944814187,stable
EXPH5,0.0705299459605353,0.00222259412495872,0.0218575949987895,stable
CTBP1,0.0704978965696396,0.155293034288822,0.351732824003439,stable
VAMP4,0.0704370810842569,0.070676831728763,0.220565124087924,stable
ALPL,0.0703488227032616,0.0308322954788714,0.131735050658415,stable
PACSIN3,0.0702227583825698,0.0428051046964567,0.162147381409819,stable
SLC35E2B,0.0702102645623996,0.166166070327181,0.366248475239715,stable
ADAR,0.0701812261197818,0.0883739258010776,0.252697747132719,stable
UBE2N,0.07018075727138,0.08721681217956,0.250585797567756,stable
RAP1GDS1,0.0701680984929909,0.118008320366886,0.29921877373259,stable
GAN,0.0701307735201074,0.0319598435287092,0.134484381168655,stable
PWWP2B,0.0700484219608923,0.0622807353917483,0.205392497575298,stable
SUN1,0.0700293114143353,0.21347757836617,0.421915912360237,stable
ZNF652,0.0699058986399546,0.0521747954473521,0.183240063122872,stable
COX11,0.0698788636787643,0.104379657656245,0.27749824601782,stable
SEC16A,0.0698581914095353,0.0178893226639386,0.0926318153086694,stable
SESN3,0.0698318103145103,0.197815989043915,0.403032566160828,stable
ENDOG,0.0697935914409031,0.0224572755703967,0.108205650994296,stable
LRRC58,0.0697623731030223,0.142058886084713,0.334269070933499,stable
MPP1,0.0697436497780126,0.00404451182032041,0.0340731305937951,stable
SHMT2,0.0696815591460896,0.0206813770881997,0.102062637677091,stable
BRD1,0.0696570081098623,0.0788689246580811,0.234644475346299,stable
FBXL3,0.0696144531950861,0.187507238025467,0.391211756550593,stable
LPCAT1,0.0695540909529111,0.303423814365562,0.514503080427886,stable
BLOC1S6,0.0695442442602404,0.0228073847345889,0.109082329091659,stable
TRIO,0.0695410351232877,0.101537328187224,0.273149713855772,stable
DKK3,0.0694436779170243,0.202668109041725,0.40872417932872,stable
LATS1,0.0694285115728965,0.0876571589504376,0.251353767536981,stable
GCC2,0.0694197897486058,0.461263572402883,0.65162208587228,stable
MED4,0.0694174943953833,0.225790969540522,0.435342083858571,stable
C11orf68,0.0693663056600934,0.0242925767107113,0.113513936434149,stable
HSD17B12,0.069315756146091,0.20057612333052,0.40631107319628,stable
MRC1,0.069271550439102,0.000711001608441391,0.009265760833249,stable
DHX38,0.0692428286885854,0.0556403612131401,0.191052745918378,stable
VKORC1L1,0.0691991263238505,0.014356443459317,0.0794971661597461,stable
HINT3,0.0691543966738639,0.0667084656308598,0.213167909147509,stable
ADPRS,0.0691390436450967,0.267231669990718,0.478418268009159,stable
TIGD5,0.0690881009421563,1.69318148135517e-05,0.000460967715547564,stable
IGF2BP2,0.0690599067904463,0.0185765236827662,0.0948854826266442,stable
SCFD1,0.0689941982168265,0.175406663617375,0.376699061148768,stable
AP3B1,0.0689611657909271,0.235629685653144,0.447369141907802,stable
PPP2R5E,0.0689425197130133,0.0552381165744587,0.190107684167492,stable
ARIH1,0.0688740214832751,0.192490331165598,0.396528784659297,stable
NCK2,0.0688683686457947,0.0286085082653095,0.126158154774583,stable
RAB11FIP2,0.0688642994287714,0.181566907169645,0.38398095034974,stable
MLTK,0.0687328223262711,0.156842857950064,0.353800903410515,stable
MPP7,0.0686886243527483,0.0513760669147568,0.181682783900878,stable
FGD5-AS1,0.068625356605049,0.0783561831597542,0.233946034220986,stable
ZNF672,0.0685695763727077,0.0723695281053456,0.223395230191855,stable
COG6,0.0685194024581499,0.0210952402303664,0.103522309617554,stable
PCSK7,0.0684966726857517,0.283985649976066,0.495109938036763,stable
SMURF1,0.0684715301755414,0.109862648432805,0.286548650469151,stable
TNKS1BP1,0.0683984916298525,0.32723362481798,0.537735230806641,stable
NREP,0.0682854030511628,0.0297708099950751,0.128816570729179,stable
RAB11FIP5,0.0682839783944944,0.00109650796639636,0.012975521182216,stable
PI4KA,0.0682813572254291,0.120240180234836,0.302714047050336,stable
PTAR1,0.0682121003394886,0.078106563235817,0.233441229583038,stable
TMEM191B,0.0682022712451755,0.024000156935817,0.112788912335587,stable
FAM168B,0.0681975569207677,0.158583265337746,0.355784798315621,stable
FOXP1,0.0681733726860014,0.54805850057304,0.717340620003565,stable
SPECC1,0.0681551462013116,0.200513014059733,0.406277322039811,stable
UFD1L,0.0681407856094942,0.245475439874627,0.456517842237553,stable
COPS4,0.0681001256480092,0.0913559227057017,0.257200068160006,stable
RPF1,0.068078524013995,0.0613578077116486,0.20364861294249,stable
FAM136A,0.068031156869141,0.202325184437574,0.408257354665716,stable
MCMBP,0.0679882859055689,0.158523288152203,0.355784798315621,stable
PBRM1,0.0679650190278459,0.236532257296177,0.447580543837224,stable
SACM1L,0.0679420179377708,0.303138815250635,0.514233815934465,stable
EFR3A,0.067885906164907,0.10527654034212,0.279033050551187,stable
DEAF1,0.0678806423159305,0.000694658770977372,0.00912938807943537,stable
ZNF106,0.067842904201329,0.257211555062576,0.469417935229827,stable
GNL3,0.0678344332373166,0.0735678426083975,0.225612972414714,stable
ARK2N,0.0678322704025971,0.0120057455500778,0.0706247514938166,stable
UBP1,0.0677876486313507,0.122866149275377,0.30638837387642,stable
RAB40C,0.0677641654163784,0.0698757833835266,0.21901578873852,stable
CPNE2,0.0675872231653604,0.154767436724374,0.351193084558892,stable
GLRX5,0.0674452202158022,0.15771988582605,0.355110965816191,stable
PYGB,0.0672800781197616,0.0675280158048419,0.214472085066973,stable
TRNP1,0.0671960963230192,0.114922912652411,0.294758221624649,stable
STAG1,0.0671561998501674,0.0371735718928217,0.148694287571287,stable
ELF1,0.0671087716285614,0.283873525232737,0.495087740397343,stable
TPM1,0.0670838191515562,0.370178602957765,0.57702923266459,stable
MKNK2,0.0670645657726372,0.0603074662351361,0.201299650256617,stable
UBE3C,0.0669684226680097,0.134952442029851,0.32339906907918,stable
TWSG1,0.0669422633722215,0.0974734918391161,0.267576388811058,stable
TBC1D15,0.066911062572606,0.0238913931363515,0.112629537099406,stable
MACROD1,0.0668891018792215,0.0464049765742512,0.169836656779535,stable
RPRD1B,0.066878821186124,0.039554692491101,0.154428796234819,stable
PWP1,0.0668723532468185,0.24639185839046,0.45780423726478,stable
WBP4,0.0668644779551599,0.109383509284748,0.285844291996083,stable
SUPT4H1,0.0668477954841018,0.356280007057063,0.563848628465243,stable
SNRPG,0.0668219167666009,0.708421487048154,0.826905401072457,stable
VAMP7,0.0668090599257447,0.0540857241908004,0.187547502193539,stable
LPIN1,0.0667647525295839,0.405826313962995,0.607067934308684,stable
NSDHL,0.0667149436283973,0.0932428688981776,0.260701097282321,stable
C1QBP,0.0667014815941351,0.0246205303892962,0.114424941634161,stable
ZNF347,0.0666889839798794,0.00109206281233397,0.0129354416840799,stable
ASCC3,0.0666808925507068,0.183109735198458,0.385986101580609,stable
FAM134C,0.0666763742520912,0.179965345925435,0.382457647529992,stable
ARHGAP12,0.0666682924684223,0.165105448722362,0.365029662720591,stable
AP3M1,0.0666554698406203,0.0788336895225834,0.234644475346299,stable
MARCHF2,0.0666193026265445,0.107844798799001,0.283148924564493,stable
SH3RF2,0.0665982383435342,0.110471623561131,0.287748801707067,stable
GIT1,0.066452404282655,0.0188317529970976,0.0957568005975547,stable
MSRB3,0.0663840936512704,0.000211236093292494,0.00358782582492258,stable
PFDN6,0.0663736764562397,0.311943681122588,0.522908919866067,stable
TMEM65,0.0663377967617641,0.00377730607876582,0.0323572456249708,stable
NPLOC4,0.0663295697839174,0.0709437346843932,0.221172204229029,stable
LNX2,0.0662853694853717,0.392035073020218,0.595405946655687,stable
ZNF714,0.0661627094466922,0.0419683568600144,0.160570013851899,stable
PRKRIR,0.0661596799350867,0.00195826584022525,0.0199579125371559,stable
AP1S2,0.0661342287780232,0.0212310472209841,0.103936051753828,stable
STRN,0.066115416259305,0.0777452777542817,0.233102348606411,stable
GPNMB,0.0661055074943344,0.00311299433521078,0.0281043151799236,stable
USP47,0.0660980485111873,0.370941524665441,0.57779535434529,stable
FOXJ2,0.0660611627942128,0.00703555209881201,0.0494267752045276,stable
SRP19,0.0660076741646008,0.0727165221871793,0.224183295640878,stable
GRN,0.0658586673152906,0.666133526620754,0.800355438314537,stable
NRIP1,0.0658492797694389,0.0794398449955858,0.235908470170582,stable
SYTL4,0.065804506781406,0.0848691034963045,0.246072087556648,stable
VSIG10,0.0656955072268839,0.066370262346022,0.21280858180876,stable
MAN2A1,0.0656806560297313,0.0225246229293754,0.108444659585933,stable
SPOPL,0.065580159666345,0.000683324957633783,0.00903023165634094,stable
ZYG11B,0.0655028821474722,0.143512166392172,0.33613579650851,stable
PAPD5,0.0654717273608228,0.0437357984724082,0.164298217740233,stable
CDK13,0.0654557876881634,0.172393118286734,0.37321931553853,stable
AIF1,0.0653696871727719,0.000254788691719204,0.00418058653365846,stable
TGFBRAP1,0.0653624109357972,0.00943664615737646,0.0600487051680218,stable
CNST,0.0653410642825529,0.256394356872614,0.468941454778014,stable
TBC1D22A,0.0653375710384649,0.0652929033571073,0.2107579748184,stable
MAP7D1,0.0653334080799754,0.347514314889945,0.556605737056432,stable
SCYL2,0.0652683157266226,0.100062140713328,0.271090338670151,stable
ATOH8,0.065254047922041,0.194057514658141,0.398469862837326,stable
N4BP1,0.0651288361360363,0.196509244078677,0.401326003654568,stable
HAPSTR1,0.0651144780066965,0.112462205597904,0.290922582572462,stable
DYRK1A,0.0650930929380457,0.13862018171413,0.328585573771129,stable
KDELR2,0.0650888189126231,0.258071536263769,0.470239716040002,stable
CARS2,0.065018799952083,0.103069215225857,0.275693235650083,stable
FZD8,0.0649614489775185,0.187241965821847,0.391137426461883,stable
PTMS,0.0649560244056651,0.623210370436566,0.770086274374544,stable
CYFIP1,0.0649543200993902,0.415124754869739,0.614609103879756,stable
SLC35B4,0.0649538679967521,0.000617458414003793,0.00837714944814913,stable
ZC3H13,0.0649297841760385,0.110665868239903,0.288128884577725,stable
BEX2,0.0649252785298666,0.186850408766123,0.39078766077676,stable
CBX1,0.0648398800460753,0.0973813127179831,0.267563310106682,stable
TAOK1,0.0648149141438256,0.394028978205027,0.596853807878346,stable
PEDS1,0.0647458742908127,0.419004787257102,0.617917061096732,stable
PTGES3,0.0647254945438303,0.0658066197999156,0.211646201460815,stable
AAMDC,0.0646501033478457,0.499317024610415,0.680119438886657,stable
ZCCHC17,0.0646406334949927,0.00439957066942523,0.0361670153752885,stable
BMI1,0.0645167874051475,0.0572777844775637,0.19476039984805,stable
UBA6,0.0644951420788598,0.0700164298947352,0.219167797570796,stable
C22orf29,0.0644454367994358,0.0893926049003821,0.254361080610398,stable
ALDH16A1,0.0644217807508701,0.0359756664597448,0.145714561565249,stable
PIKFYVE,0.0643750178665717,0.156721445247085,0.353657549695472,stable
RNF115,0.0643538960516353,0.0048285731256449,0.0386877535024694,stable
ZMAT3,0.0643146118250816,0.0311084127811383,0.132451841810043,stable
DTD1,0.0642637262775134,0.195566761429601,0.400302761506269,stable
PKP3,0.0642039497781126,0.447558068635897,0.639618506064929,stable
AARS1,0.0641268461787599,0.155619797903442,0.35208151204362,stable
YPEL2,0.0640683944433526,0.0621410830610083,0.205189789124194,stable
TLDC1,0.0640332476499151,0.0202341092329388,0.100821225073991,stable
ATG12,0.063999449621412,0.264342211683075,0.475640626870495,stable
INO80,0.0639678335925192,0.11588746939241,0.296299608001009,stable
FLJ27365,0.0639243588493082,0.0676811389542523,0.214613292497219,stable
RNF41,0.0638779318646315,0.246762066460034,0.458143909539408,stable
OCIAD2,0.0638458699905966,0.409465576190787,0.610495837818917,stable
SOGA2,0.0638080140855761,0.00498094607236589,0.0394601975298773,stable
ATP5L2,0.0637701984430643,0.0002976364001982,0.00478724652108263,stable
CEACAM5,0.0637252299257282,0.104659762051853,0.278121941591706,stable
GPD2,0.0636804596960174,0.0638581151003959,0.20813486083411,stable
YRDC,0.0636066445421035,0.0148003670188085,0.0812027317943966,stable
RFFL,0.0635235642414614,0.0481658852379125,0.173783878733247,stable
EXT1,0.0634931068316377,0.0178053425007938,0.0923430236443374,stable
RAI14,0.0634708708568981,0.0471222589789544,0.171595965323293,stable
CD97,0.0634476616729783,0.0242750002498173,0.113475182812148,stable
FKBP15,0.0634402118509668,0.0783125125244914,0.233885207207277,stable
AHCTF1,0.0634083357196724,0.121891685559066,0.305203597761988,stable
CARM1,0.0633162732712,0.0835681963224331,0.244007048113482,stable
RNF144B,0.0633020746487405,0.251043342751934,0.46320812404523,stable
BZW1,0.0632511287289898,0.576133174135969,0.737355950049481,stable
RRM2B,0.063236975191439,0.0470433528672471,0.171465836896446,stable
GGT2P,0.0632227425990134,0.00563874822378558,0.0428064567064378,stable
TFE3,0.0632187739077876,0.0552730615878152,0.190132191386976,stable
IGJ,0.063126471793409,9.82539479039644e-05,0.00199180142483924,stable
CCDC112,0.0630171177136439,0.122792974556936,0.30638633113475,stable
TNRC6A,0.0629651666516407,0.425417441787232,0.623163907538301,stable
SLC25A29,0.062916051578446,0.0501018233698204,0.178659477500783,stable
WIPF1,0.0629101515096875,0.0334848590446016,0.139038857837056,stable
TNFSF12,0.0628832200231864,0.0246034962114858,0.114398302658502,stable
CNKSR2,0.0628263764477625,0.00465785534760884,0.0377570449397682,stable
ADRBK1,0.0628026095097363,0.093007678312045,0.260344827040632,stable
LSM7,0.062796354495144,0.575966157627756,0.737236681763527,stable
CSE1L,0.0627828776464808,0.0168177402466561,0.0888088343233532,stable
HECA,0.0627525088010712,0.0502699106731104,0.178893562756361,stable
ECE1,0.062749963078599,0.199512616880524,0.404683033943155,stable
RHOU,0.0627360726705964,0.174273603511788,0.375334104944291,stable
JPX,0.0627270514066929,0.168707524764651,0.369114018184014,stable
AREG,0.062685459528875,0.201992006008021,0.407830374662551,stable
KDM1A,0.0626447350924286,0.0646660530263411,0.209421769177134,stable
SNX25,0.0626368760147854,0.170719900399458,0.371397056857621,stable
S100A8,0.0625034415772586,0.374069689268763,0.58071577965056,stable
SLC37A3,0.0624889084817001,0.222440350141754,0.431331034285025,stable
WBP11,0.0624864728797678,0.172602723034606,0.37321931553853,stable
BTF3L4,0.0623926659607599,0.287209342660086,0.498770706730628,stable
SDHB,0.0623802157068648,0.433887545131182,0.628640672239371,stable
USP13,0.0623618838212435,0.183534297713221,0.386481180921001,stable
TMEM63A,0.0623250234128474,0.107310218510679,0.282159628108097,stable
GTPBP6,0.0623128984432742,0.0281507717010848,0.124679359881906,stable
ARL2BP,0.0622375389547328,0.502848773416292,0.682512675702721,stable
TGM1,0.0621832873265745,0.0273929829711782,0.12243211109312,stable
PIK3CB,0.0621831585099692,0.0927092243438837,0.259687799812015,stable
SLC25A33,0.0621566676316109,0.0443775439176123,0.165842585401679,stable
PTPN21,0.0619917954516135,0.405089466539588,0.6063940287754,stable
RNPS1,0.0619881009562527,0.43278543168749,0.627787957392652,stable
WAC-AS1,0.0619809500783427,0.199593750952493,0.404683033943155,stable
ZDHHC6,0.0619520350958047,0.0888750677435382,0.253484459724165,stable
MIEF2,0.0619046220489448,0.10038822840372,0.271450051631576,stable
C17orf70,0.0618511595679604,0.0475848623238733,0.172494068436876,stable
NOC3L,0.0618374708408115,0.0966140833565557,0.266593804729241,stable
RNF217,0.0618008646356984,0.00885238091952536,0.0574676072014222,stable
RASSF4,0.0617852794903102,0.0489202562123835,0.175676031709805,stable
SAV1,0.0617656424785341,0.111495952327948,0.289841773733719,stable
GALNT10,0.0617595028563942,0.270482558211224,0.481488101292267,stable
SLC11A2,0.0615753198845951,0.0599015933333651,0.200293522871281,stable
SNRPD2,0.061565245540818,0.758713214885855,0.859711906821788,stable
POFUT1,0.0613934512044695,0.0370397625876476,0.14845051077751,stable
CHPF,0.0613718061454893,0.250444127748268,0.462724213800503,stable
TMEM181,0.0613658873034691,0.00252176930170851,0.0239519098244637,stable
MED29,0.0613517631604842,0.13205837817274,0.319433474979737,stable
CIPC,0.0613045690904142,0.0138279362507274,0.0773946381970775,stable
FAHD2B,0.0612853397397282,0.00963652759497906,0.0608455130790414,stable
CPT2,0.0612483567562621,0.0552407145094021,0.190107684167492,stable
STX3,0.0611200979631894,0.635417955507428,0.779126464781102,stable
TNPO3,0.0610949920383679,0.149651486054797,0.344378720921281,stable
SNRPB,0.0610846884273452,0.657196524813684,0.793831059221589,stable
LINC00493,0.0609692474916577,0.0908265371699322,0.256510673048676,stable
STAU2,0.0609585865081337,0.0291942029880715,0.127388336451995,stable
KMT2C,0.0609425069644212,0.633149410717997,0.777272570115818,stable
PSMA2,0.0609043521778478,0.286646024126144,0.498131712855487,stable
DHRS12,0.060869383448492,0.0416506261777661,0.159904916581976,stable
AGTPBP1,0.060833920790579,0.308723283552862,0.520313445215799,stable
C6orf106,0.0607562415206385,0.355190552011029,0.563269177904571,stable
OST4,0.0607280555110865,0.589822549368582,0.745758258531397,stable
GDI2,0.0607276398079498,0.493082065086187,0.675442966016241,stable
SMARCC1,0.0607074538318956,0.244434122034866,0.455432022662363,stable
RASSF3,0.0606892910239473,0.0520488821219801,0.183013988880383,stable
AXIN2,0.0606788465102491,0.0440188262101301,0.164883143444022,stable
FOXJ3,0.0606718224633227,0.10746848703375,0.282515007634529,stable
GTF3A,0.0606473645590867,0.26989072668275,0.48085472131904,stable
SYAP1,0.0606342173430397,0.235651988280787,0.447369141907802,stable
MST4,0.0606009056426617,0.0325912186018068,0.13662381899468,stable
GFM1,0.060536945392744,0.077923484043481,0.233179111125462,stable
YTHDC2,0.0604595828873737,0.137316026074691,0.326884343278875,stable
AQR,0.0604202333995249,0.181706796248496,0.38415293686934,stable
MAPK14,0.0603938512347504,0.182468228425501,0.385165191551255,stable
C1QC,0.0603563952547291,0.0514567073666501,0.181899014126643,stable
ANGPTL4,0.0602659583414815,0.0456562265380292,0.168407276162,stable
LRRC59,0.0602562094176377,0.109051415849526,0.28520421637668,stable
LRRC1,0.0602453596104879,0.431655484409723,0.626878942731642,stable
AP5M1,0.060217133951925,0.0349953267719527,0.142550927342335,stable
R3HDM1,0.0602101301448665,0.0365301562919429,0.147228694531062,stable
PRPF40A,0.0601329577032897,0.103929903597186,0.277047698746412,stable
CALU,0.0600925389024578,0.355369330175177,0.563269177904571,stable
TPI1,0.0600059281246337,0.00126383710412107,0.0143980845859981,stable
GPR107,0.0598180290252148,0.0463625186993473,0.169732084031393,stable
ABCE1,0.0598088335414304,0.0107220514902519,0.0654350261691657,stable
LEMD2,0.0598000889358508,0.261209494649009,0.472830573462089,stable
C18orf21,0.059761833291209,0.0496794894972993,0.177652683240116,stable
TYMP,0.0597577014100633,0.569364806500169,0.732937627646722,stable
IPO8,0.0597077778502522,0.0907339170533825,0.256446566950416,stable
RRP1,0.0596994969128551,0.0587753876377659,0.198362876445072,stable
AP1AR,0.0596709469870064,0.0275257144193869,0.122756050004591,stable
CHD4,0.0596619714061578,0.235864945987466,0.447394549242671,stable
RFWD2,0.0596469740230337,0.0760849251105131,0.230537589957086,stable
SPIRE1,0.0595960820664979,0.0515933762649296,0.18217141290078,stable
hsa-mir-1199,0.0595809737744473,0.102225790293977,0.274277449638626,stable
MSANTD3,0.0595663412351656,0.0169122986865549,0.0890719255253974,stable
DEXI,0.0595223967517294,0.0267553427905015,0.12090192437231,stable
HNRNPR,0.0594928660998634,0.59146130705141,0.747232756825283,stable
SS18,0.0594501510983659,0.21132123869492,0.419573134712552,stable
SLX9,0.0594330735347064,0.036616906916898,0.147432500050119,stable
ZMYND15,0.0594080728523344,0.00503034249536614,0.0396622357543205,stable
KANK2,0.0594075538027337,0.42441704816346,0.622295069779313,stable
SEMA3C,0.0593807799109149,0.000520545928120452,0.00738184852128121,stable
BRD7,0.0591498082199724,0.194558643752208,0.398879645508276,stable
ZNF12,0.0590975338953344,0.0323506240911133,0.135801520909948,stable
POLE3,0.0590636984970587,0.0391987942519453,0.153431335554204,stable
MAZ,0.0590573360027232,0.0775044891224927,0.232780067575762,stable
WDR76,0.0590161319440231,0.00540828955808534,0.0416578018639163,stable
IMPDH2,0.0589991036102217,0.00181228247385068,0.0189021680549067,stable
TUSC1,0.0589721120490528,0.0683585009872348,0.215753760926403,stable
VIPAS39,0.0588875642402674,0.0265320559782454,0.120296849657026,stable
CYRIB,0.0588064057432699,0.0895376383227334,0.254537928379388,stable
DNAL1,0.058706514910642,0.0298007437994733,0.128858964345512,stable
DBT,0.0586469843376361,0.0820731330917487,0.241485721967144,stable
HIRA,0.058604243285409,0.00777216110024303,0.052840321073065,stable
GGPS1,0.0585943880440357,0.157110180567931,0.354142783750152,stable
SNX6,0.0585699696481947,0.49954128571089,0.680226431606319,stable
PABPN1,0.058569639496761,0.563298682169397,0.728806423670481,stable
PPFIA1,0.0585029570429292,0.330993776984423,0.541497313953103,stable
MAP7,0.0584750207220455,0.269574088945961,0.480500679976002,stable
GOLGA8B,0.0584554284439455,0.180400734682382,0.383002690291481,stable
SLC15A4,0.0584323295162707,0.10078465719452,0.271730000803301,stable
CDC42BPB,0.0584107806528917,0.234857286159009,0.446553968892165,stable
ILF3,0.0582973508567974,0.182611028016766,0.385267035981523,stable
CYP4F35P,0.0582908401696457,0.000277409512284306,0.00450339160446661,stable
AEN,0.0582359797616872,0.0179156291659231,0.0926318153086694,stable
ZC3H7B,0.0582354508754088,0.259630729992103,0.471197244888258,stable
MYO5B,0.0582033329185087,0.237186905085942,0.448256283149934,stable
MAGT1,0.0581137547404473,0.193993186507762,0.398469862837326,stable
EAF1,0.0580846578610278,0.00618240153413865,0.0454304036399981,stable
TMEM203,0.0580513247507898,0.130295436852509,0.317150820407222,stable
TINAGL1,0.0580244063852043,0.440068530116055,0.634367265959116,stable
DESI1,0.0580112881660242,0.351147538098482,0.559273942112814,stable
GARRE1,0.0579183363324408,0.202369474616415,0.408279329544653,stable
CCNYL1,0.0578813153301598,0.0197863890633336,0.0994548996298668,stable
BMP2K,0.0578582118244447,0.0614767459369464,0.203711505105241,stable
CLMN,0.0578481438830158,0.0795741499925182,0.236084978369977,stable
ERAP2,0.0578440415105906,0.244534495630184,0.455432022662363,stable
DGKD,0.0578379118404918,0.446310024858486,0.638690440631016,stable
RFX1,0.0578281546988622,0.0210160141227148,0.103297047300388,stable
ID4,0.0578006414526708,0.22373641747985,0.433225719511118,stable
MARS1,0.0577070194222252,0.382790249735935,0.588138262037717,stable
BANK1,0.0576947647386755,0.0899177836916604,0.255083543245964,stable
KLHDC4,0.057660551137133,0.16650150413202,0.36671347644093,stable
MOB1A,0.0575979587341323,0.0421894460409481,0.16108915921948,stable
HCST,0.057524768092236,0.0279031144261677,0.123861662658389,stable
RNF141,0.0575203187498777,0.190686925151528,0.394680421260959,stable
PRDM4,0.0574569190470965,0.0465938407585438,0.170323896361375,stable
RAPH1,0.0574519751093815,0.244556266095857,0.455432022662363,stable
ARID1B,0.0574364615469205,0.305151615662725,0.516286968838913,stable
RNF123,0.057394534795735,0.0396267010691622,0.15464785141828,stable
SIK2,0.0573790653723327,0.490455771481305,0.673859879800772,stable
PREPL,0.0573089612517425,0.186451065760564,0.390537667556055,stable
C4BPA,0.0573047508265426,0.006950647119546,0.0490841770013462,stable
DDA1,0.0573007997898102,0.0341784852177896,0.140720041529895,stable
GOLGA2,0.0572540702783407,0.591984072684441,0.747563357902336,stable
IER3,0.057211345469374,0.488167584405344,0.672027809144977,stable
PLEKHA3,0.0572020526807575,0.100809518459013,0.271730000803301,stable
KIAA1586,0.0571890125103185,0.0696160897597133,0.218538028048982,stable
FOCAD,0.0571703569708347,0.107848608701921,0.283148924564493,stable
BANF1,0.057161120477216,0.577136583496844,0.737884907087692,stable
FAM83H,0.0571439677385989,0.117801735069679,0.298942995534929,stable
MB21D2,0.0570491374928315,0.0085590104067994,0.0564509560912326,stable
TOPORS-AS1,0.0570331861788023,0.077066066257477,0.232188345607086,stable
BIRC2,0.0570056591987121,0.326261506859611,0.536772632550724,stable
YES1,0.0568955080473277,0.0582712180299197,0.197090209816166,stable
IQSEC1,0.0568795243174824,0.0500664494549151,0.178585432779948,stable
MPDZ,0.0568771431969055,0.28242379992707,0.493263113345979,stable
MEX3C,0.0567933061445464,0.0237251604442274,0.112105280738398,stable
LZTS2,0.0567483287619909,0.161943197034671,0.360450407966463,stable
TAF4,0.0567468374976453,0.0305575648338841,0.130881454985774,stable
MEX3D,0.0567017881887953,0.0088822077161285,0.0576034423249292,stable
EIF5,0.0566328090498224,0.16397458049983,0.363515645997448,stable
TIMM44,0.0565724572261768,0.156555726222066,0.353414071530663,stable
ANKIB1,0.0565541707059531,0.315083421484389,0.525812934365212,stable
DVL1,0.0565488552788008,0.428494971760819,0.624762816110148,stable
DPP3,0.0565441071301577,0.0334071486929792,0.138944357101149,stable
MAP1LC3B,0.056539636910676,0.0107162580285656,0.0654323367338592,stable
OXCT1,0.05642239463766,0.0250431952465152,0.115738381358564,stable
RASAL2,0.0563895048448488,0.48386132048135,0.668437494585693,stable
TOPORS,0.0563669407569435,0.244987948780445,0.455958082504897,stable
XRN2,0.0563585153424384,0.259016841153991,0.470930920062118,stable
WDR33,0.0562926777892477,0.467800505838318,0.656080011859523,stable
KIAA1161,0.0561707958269976,0.0766761058700916,0.231486470278093,stable
SERTAD2,0.0561482210783521,0.074899624480968,0.228436379654529,stable
ZDHHC9,0.0561162743053922,0.0470037743728143,0.171421431706758,stable
PPP6R2,0.056114162715453,0.0344368968041086,0.141402964908775,stable
DUSP6,0.0560833890202094,0.0482651891194872,0.173936813619284,stable
SHOC2,0.0560544259540718,0.304625249289315,0.515750669113752,stable
ZNF263,0.0559888178333992,0.0549108109781981,0.189505859231365,stable
RDH11,0.0559758284560175,0.336566175075683,0.545937489931681,stable
CYTH3,0.0559678755798444,0.203896757831127,0.409926057643598,stable
SMARCA4,0.0559300797861667,0.097570153326379,0.267586137273362,stable
GORAB,0.0559225541048174,0.043530560993649,0.163829303444078,stable
CLUH,0.0558568007007651,0.103201246577447,0.275865304649619,stable
ASXL2,0.0558523705125909,0.216257613573036,0.424732176786117,stable
CTTNBP2NL,0.0558432857442227,0.142334641392659,0.334376834876398,stable
C19orf43,0.0558291190224285,0.600883905344903,0.753895602887827,stable
COQ5,0.0557959828008647,0.0642722196484026,0.208731034267288,stable
SLC35F2,0.0557270107002853,8.71914895325738e-05,0.00180648943736641,stable
NBDY,0.0557007205457625,0.122055340693533,0.305363177371622,stable
IARS2,0.0556697132711747,0.0622893627900487,0.205392497575298,stable
RAD50,0.0556599670475882,0.63755204428514,0.780622983656596,stable
XPR1,0.0556419878695125,0.0111628622594044,0.0671878157641668,stable
PDAP1,0.0556330888696787,0.136725237773943,0.325895387963632,stable
LASP1,0.0556187413927482,0.44357211132191,0.637234162510169,stable
MANEA,0.0555780194863517,0.0505070895423241,0.17947635539691,stable
HDGFRP3,0.0555607847533959,0.0185405346005103,0.0947885800738763,stable
ZNG1A,0.0555578140380268,0.0837917950007586,0.244164696564785,stable
JAG2,0.0555121555401769,0.0938365443595916,0.261706118697615,stable
OSBP,0.0554989423944699,0.129012160643338,0.315598289314421,stable
NIPAL3,0.0554611034247564,0.319632367588737,0.530651373272405,stable
PITRM1,0.0554543480184445,0.139222735201344,0.329612797194224,stable
MMD,0.055430900934323,0.00321819945371622,0.0287778128180155,stable
BTBD1,0.055404487946021,0.0228144393448137,0.109082329091659,stable
PCF11,0.0553752889738042,0.40526222491132,0.606578356473121,stable
PCMTD1,0.0553162901249386,0.645706506000161,0.786661005392999,stable
JARID2,0.0552162582200126,0.0222971854808576,0.107646443648501,stable
GFM2,0.0552156626408301,0.000109790524146671,0.00218224287344539,stable
SYCE1L,0.0551566365642863,0.0840073207084049,0.24450130674751,stable
HNRNPA3,0.055154828455769,0.648023604389963,0.788124618452185,stable
SLMO2,0.0551546931835224,0.0667869025536121,0.213167909147509,stable
SEC24A,0.0551457910455446,0.0894659269763227,0.254475467423078,stable
PRKAG2,0.0551412632977462,0.109667300254719,0.286263736560684,stable
MGAT5,0.055114488631724,0.0173833169016205,0.0906156357379144,stable
PIAS2,0.0551116754493042,0.106009737601214,0.280152075986556,stable
NSL1,0.0551001705621786,0.238306781043008,0.449338591928078,stable
DPP8,0.0550814462480694,0.278742445087208,0.489745682774856,stable
MS4A7,0.0550296660332722,0.00994386872206536,0.0622077027935143,stable
WDR44,0.054958558738247,0.00373619218236285,0.0320950198434319,stable
MLLT1,0.0549570363335373,0.177690657926425,0.379523568536963,stable
DENND4A,0.0549446467333918,0.151339521363567,0.346696834548021,stable
PIP4K2C,0.0549434069389453,0.114733861406436,0.294520521174353,stable
C16orf62,0.0548825605835774,0.00620583819395247,0.04552980703186,stable
ATXN10,0.0547612045283223,0.492504619834465,0.6751571686505,stable
CTSD,0.054731775400279,0.520782942206443,0.696733138396799,stable
ATP6V1D,0.0547166874433389,0.58693383715527,0.744261330434235,stable
PBX2,0.0546781705056069,0.402081336366343,0.603634933197284,stable
CCDC93,0.0545913821649584,0.188177867726115,0.392071971209142,stable
PAFAH2,0.0545257620361994,0.0493365375180926,0.176706537262251,stable
SLC1A5,0.054485799840421,0.01227184995594,0.0717413170068916,stable
DKK1,0.0544736949786812,0.211923087863353,0.420202404872932,stable
GYG1,0.0544675176881466,0.0953037165229976,0.264014893405013,stable
CWF19L2,0.0544374723570359,0.274887898191453,0.485512161175022,stable
UBE3B,0.0543914388154609,0.0722088917067273,0.223124745253547,stable
AFAP1,0.0543276197266473,0.00463885409666033,0.03765902220574,stable
MIDN,0.054300766752393,0.350941863076799,0.559164928864805,stable
PLIN2,0.0542538300938483,0.242692660293751,0.453310769312161,stable
WDR11,0.0542399292732089,0.00672437302437139,0.0479052680263018,stable
FAM208B,0.0542283117994913,0.145262600230759,0.337666893545871,stable
ZNF592,0.0542132089125092,0.0436944274525709,0.164243751900439,stable
PLXNB2,0.0541959159416154,0.519579786675743,0.695732644574903,stable
EPHA4,0.0541529185670723,0.0043730467179277,0.0360216462802886,stable
BACH1,0.0541322134232292,0.346327289062753,0.555715442711184,stable
STARD10,0.0540422458999161,0.450917261767171,0.642425711869685,stable
PLSCR1,0.0540125980107185,0.36860734078663,0.575534057194504,stable
SHH,0.0540046588622304,0.0264450775608456,0.120128066928197,stable
GTPBP4,0.0539864061983499,0.188282499078542,0.392205543324114,stable
CDC16,0.0539767298607299,0.256529082796186,0.468941454778014,stable
NISCH,0.0539132908740737,0.492568321824513,0.675168778423732,stable
SMURF2,0.0539079571865819,0.25460667090603,0.467001285128864,stable
SNHG7,0.0539062810047515,0.641793357380455,0.783901079198509,stable
MIEF1,0.0538637842632612,0.106537768428336,0.280914081377909,stable
TANC2,0.0538594216585789,0.0507256019462145,0.179991221535712,stable
NCAPG2,0.0538585464370972,0.00857311431912361,0.0564509560912326,stable
MCOLN3,0.0537938242413495,0.00985437781375093,0.0618060104644902,stable
NNT-AS1,0.053748820022119,0.145364539428998,0.337666893545871,stable
ABL1,0.0537177381342791,0.124696428992577,0.309302210862578,stable
SOCS5,0.0537073769013941,0.1570436847697,0.354123224981519,stable
FZD6,0.0536413388652606,0.465803717802829,0.654335020969296,stable
NSRP1,0.0536182700053638,0.525932634924209,0.700784884381244,stable
EPS8L1,0.0536023538402308,0.0345619232012428,0.141630891455579,stable
C16orf52,0.0535941191910866,0.0328466072591262,0.137364668879767,stable
AP3D1,0.0535937817442251,0.467372539559016,0.655555011310318,stable
ADSS2,0.0535708224463395,0.323484780222399,0.534633859297069,stable
NUP93,0.0535570766610582,0.000328521028918944,0.00517505290915614,stable
KATNB1,0.053554467280384,0.0076713740822257,0.05244679909459,stable
CEP350,0.0535523342408291,0.0379679324295567,0.150749920962286,stable
PSME4,0.053530238665912,0.0292001078810937,0.127388336451995,stable
TSSC4,0.0534888692759313,0.359974939007368,0.567036965367901,stable
IL6ST,0.0534864248976879,0.332880513697453,0.542623203018758,stable
RNF14,0.0534800966416879,0.141571973144679,0.333765824439837,stable
SPPL2A,0.0534698304945591,0.554250165011438,0.721989984771933,stable
UHRF2,0.0534427853226175,0.215366289434142,0.423798699620564,stable
LRP11,0.0534332851217482,0.0836304246595905,0.244007048113482,stable
XPO7,0.053402328229718,0.17572851386862,0.37691140108314,stable
TLE3,0.0533822499153046,0.0667325290770158,0.213167909147509,stable
APOL6,0.0533210179740058,0.197189553945102,0.402344367789171,stable
ACSL1,0.0533186312945716,0.218539229714256,0.427701496001773,stable
DYRK1B,0.0533177482753209,0.216115802453144,0.424542888702432,stable
HNRNPH1,0.0532901707730295,0.345507585174805,0.554909408721288,stable
UBE2S,0.0532731353144802,0.0442071019634727,0.165357287148559,stable
CBLL1,0.0532668427748952,0.0445950245003582,0.16650262049248,stable
RASSF1,0.0532633208262683,0.438593134236443,0.633148699004439,stable
CAMSAP1,0.0532034098831476,0.0945148724224291,0.262818425953543,stable
RPGR,0.0531675783501023,0.0295474694361717,0.128330315846216,stable
LSMD1,0.053123091654483,0.280638957663876,0.491599216474129,stable
LYSMD4,0.053056881829054,0.00139226962193976,0.0154719125987196,stable
PCNXL4,0.0530321582210252,0.39446464150323,0.597217708414105,stable
GBE1,0.0530150634741224,0.0395482052527814,0.154428796234819,stable
FYCO1,0.0530054040990917,0.0433331637068478,0.163489071960651,stable
BAG5,0.0530046463319064,0.319562331892584,0.530607164500808,stable
POLR3GL,0.0529766871770835,0.219051788312651,0.428156229666429,stable
BTBD7,0.0529615431098334,0.112156136417837,0.290526936124526,stable
RPN1,0.0529533116981782,0.511281792081505,0.688695165444001,stable
MKNK1,0.0529261346902667,0.0320970028799786,0.134968614793553,stable
RPRD1A,0.0528995023157104,0.347077405512223,0.556343326118727,stable
UGDH,0.0528863920521288,0.0544862667666695,0.188573081810806,stable
DOCK5,0.0528676204307425,0.199275669088003,0.404571185894671,stable
DCAF8,0.0527792828167994,0.319158278736724,0.530152303203929,stable
FAM76A,0.0527710946558276,0.189714229360012,0.393529058153196,stable
NGLY1,0.0527639772539478,0.0444518268266651,0.166069416604265,stable
STRAP,0.0527528934877735,0.485747917340638,0.669950550627723,stable
ARHGAP44,0.0527208034702236,0.593182117360961,0.74822671734396,stable
IMMP1L,0.0527062936678503,0.0733951729846253,0.225366137795544,stable
B3GALT6,0.052674505610422,0.0531490972359906,0.185468045850057,stable
CHCHD1,0.0526512036433948,0.349590105541671,0.557983961913649,stable
FURIN,0.0526475555250856,0.193361708097165,0.397854489106167,stable
DDX49,0.0525858520745751,0.243644744881551,0.454426817429369,stable
RBBP4,0.0525683057109859,0.555143418806701,0.722796385699561,stable
LRRC27,0.0525102407768557,0.078865780993416,0.234644475346299,stable
PATL1,0.0524437161570005,0.108386658160207,0.284012542197294,stable
KMT2A,0.0524134094710855,0.505722618166074,0.684001800162116,stable
TNS1,0.0524098155662736,0.857467168192349,0.918639672566457,stable
PGAP6,0.0523957395647718,0.283199065983096,0.494394421189039,stable
GFER,0.0523717533706999,0.0716144402038308,0.222186527170464,stable
NUP205,0.0523651525165936,0.138342671642189,0.32835504841493,stable
BLTP2,0.0523339869906801,0.313821871651083,0.524323202517798,stable
INPP5F,0.052323361970032,0.0967094905329289,0.266735947424583,stable
RANBP2,0.0522094678621013,0.0978485150760104,0.267650196073227,stable
SLC35D2,0.0521770459862498,0.253910974062703,0.466392089963205,stable
CDC27,0.0521131230971504,0.259444062383716,0.471197244888258,stable
USP24,0.0521007238864486,0.201589863279786,0.407446178692479,stable
SPATA2L,0.0520189623103114,0.0695655831966372,0.218447459400552,stable
USP27X,0.0520109247151844,0.00480810417011489,0.0385911131815394,stable
MAPK3,0.0519770186928473,0.402149504120037,0.603634933197284,stable
SETD8,0.0519448113348321,0.119561936824882,0.30165637063929,stable
FADS2,0.0519357054766222,0.00117862764466122,0.0137084151554128,stable
WDR36,0.0519000688099219,0.0411584312802187,0.158613071869292,stable
EEA1,0.0518538061880919,0.523008898076117,0.698908162598016,stable
PCIF1,0.0518449964682728,0.0180941443279137,0.0932867230132504,stable
HNF1B,0.0518262698842827,0.151032821171591,0.346506250300808,stable
ZXDB,0.0518160694336795,0.0173340642852419,0.0904360229717444,stable
PDLIM1,0.0518030094432427,0.0630428191887915,0.206750911372253,stable
ATE1,0.0517790734479174,0.0594328390171534,0.19937075305864,stable
GATAD2A,0.0516625429851601,0.20848466989241,0.416239579833818,stable
PQLC1,0.0516133013440425,0.123677525914863,0.30778381042005,stable
FCHO2,0.0515948559637265,0.329537353291492,0.539909476830881,stable
KRIT1,0.0515883792097036,0.103530930024128,0.27631352794511,stable
CGN,0.0515398551815024,0.709005974591061,0.826993228377971,stable
HES6,0.051527230617138,0.0259887924775384,0.118742747687897,stable
PDCL3,0.0514974775824883,0.144639358461427,0.337160853896354,stable
CCNQ,0.0514698671619546,0.1160014238062,0.296466946394937,stable
NPIPB15,0.0514557624155549,0.0243112414747114,0.113557743900219,stable
PDLIM5,0.051447264113237,0.042663455420993,0.161861601199944,stable
SCAF8,0.0514261331159092,0.0905294224070363,0.256119788874579,stable
JMY,0.0514076432724841,0.0206515221989115,0.102038887372472,stable
ACOT7,0.051392610521275,0.112657657300953,0.291085859828122,stable
NACC2,0.051366119340556,0.257286314368405,0.469483192542079,stable
PHKG1,0.0513601827264811,0.0203867420939369,0.101264083518075,stable
NDUFAF5,0.05134628241692,0.0598439965764091,0.200200605952388,stable
TCF20,0.0513351362867203,0.0954666358636176,0.26432257232092,stable
DLD,0.051304761210714,0.355365487872983,0.563269177904571,stable
ETS1,0.0512728011211001,0.00133271277390444,0.0149871949845519,stable
CLN6,0.0512724637154554,0.179903172452794,0.382457647529992,stable
SYPL1,0.0512498825501779,0.662000559545662,0.796959920146909,stable
RFNG,0.0512364226758491,0.117885831400277,0.299023482457946,stable
S100A9,0.051234094383945,0.421352072272799,0.619957598876107,stable
QSER1,0.0512319630105513,0.1094045737663,0.285844291996083,stable
ZFR,0.0512263856850176,0.23076049866428,0.441580515916118,stable
ANKRD44,0.0512036642747175,0.292511163073695,0.50439504265945,stable
FAM204A,0.0511764885395802,0.535682916812617,0.708096261736399,stable
PLCG2,0.0511395673561653,0.401238238602121,0.602917790863224,stable
UTP14C,0.0511176205480392,0.0976956807791003,0.267635215464279,stable
WDR82,0.0510940972970604,0.372355800884424,0.578652086195169,stable
SSR3,0.0510783326251959,0.39976321002678,0.601873544157705,stable
ZNF354A,0.0510640432800586,0.0341695393106576,0.140720041529895,stable
TATDN1,0.0510514881244383,0.389016366304064,0.592786843891906,stable
PGGT1B,0.0510244131036615,0.0827680059032906,0.242394850062728,stable
ANKRD50,0.0510214744005073,0.340368934944663,0.549852379812239,stable
SLC30A5,0.0509989382340671,0.356878835943165,0.564284942513161,stable
ITFG3,0.0509987251883427,0.238178780467093,0.449298452982328,stable
RNPEPL1,0.0509780368363385,0.424275816170162,0.622162617186188,stable
RAB7L1,0.0509463607961924,0.0673845398846395,0.214228508595535,stable
VOPP1,0.0509118055711389,0.142697053274017,0.334932561294468,stable
RBM8A,0.0509048025511114,0.195182937684122,0.3997848911278,stable
EEIG1,0.0508984734621912,0.231899315346967,0.443066150484733,stable
KCNS3,0.0508984575428867,0.258301682137391,0.470353010941079,stable
LBR,0.0508406725380113,0.279744836510906,0.490898777133121,stable
PPIE,0.0507607227386394,0.0470465000777717,0.171465836896446,stable
ZHX3,0.0507270002192875,0.211432393901146,0.419669398152421,stable
PGK1,0.0506590372983261,0.13948576559833,0.329914461398504,stable
RPA3,0.050656283314957,0.357462168608602,0.564803552518248,stable
GSE1,0.0506084849645785,0.201799605139191,0.407600524326085,stable
CCDC50,0.0505813801432132,0.0326674430778116,0.1367704109451,stable
TRMT10C,0.0505523288972491,0.281264342393307,0.492048415016303,stable
STIM1,0.0505215230279127,0.174578008802996,0.375777703752037,stable
WDR5,0.050515679311492,0.263553814906109,0.474943949048818,stable
SLC25A25,0.0505027221126645,0.146357125692424,0.339160095633022,stable
SSB,0.0504310295164341,0.47408392808713,0.661101451637334,stable
NTMT1,0.0504205524384963,0.07153553504886,0.222167271452557,stable
PCYT2,0.0503884359656371,0.248356437847218,0.460055932147961,stable
NFKB1,0.0503656529595455,0.0628722616317232,0.206599603813491,stable
NAPG,0.0503503906327872,0.29086377928515,0.502831118368219,stable
TNFAIP3,0.050346605201252,0.173926406082545,0.374891603058399,stable
PRNP,0.0503376034809756,0.56985750970432,0.733102315157399,stable
PPP2R1A,0.0503048573286554,0.280755048938959,0.491683340720608,stable
MAFF,0.0502761511332972,0.0834593363569438,0.243893599719646,stable
EXTL2,0.0502191168937111,0.185255054384958,0.389233032795072,stable
CHMP4C,0.0502150004030127,0.189555537609309,0.393381965206058,stable
POMT2,0.0501828766540758,0.0830459930251583,0.242976117458003,stable
SLC41A3,0.0501206292905106,0.0809603621334356,0.239337234998577,stable
SURF1,0.050117798475773,0.540419019148785,0.711780619089418,stable
ASPH,0.0500811657120048,0.520109576655878,0.696046412685668,stable
PTRH1,0.0500543173107568,0.136671560777257,0.325895387963632,stable
ZBTB4,0.0500065537916679,0.617076341885325,0.76603444736531,stable
MSL1,0.0499708239009352,0.000304542066744855,0.00486630356063936,stable
OSBPL10,0.0499362999783589,0.135087390923952,0.32360527664711,stable
DAGLB,0.049835023268684,0.342655052044104,0.551932449095681,stable
ARL4A,0.0498217570245626,0.219145429831459,0.428253846269882,stable
SRSF9,0.0498051909568191,0.337539588279748,0.54709357818072,stable
CTA-217C2.1,0.0497934040714983,0.00496555096553243,0.0393637451379173,stable
PSMB2,0.0497637209255534,0.105250073277334,0.279023580615653,stable
EIF4E3,0.0497308064549986,0.14328479507492,0.335847616679872,stable
CCDC91,0.0496966152186334,0.283790249390039,0.495083774588816,stable
NECAB1,0.0496864242859672,0.240101920978444,0.450707291468135,stable
APBB1,0.0496729380383761,0.308667579431538,0.520291297706994,stable
SSSCA1,0.0496592122337133,0.528422220010537,0.70249409650993,stable
KIAA1147,0.0496337481476499,0.0557906065283421,0.191461082033255,stable
FAM115A,0.049560535316084,0.29462955634133,0.506547355375024,stable
PLCL1,0.0495474033048564,0.122426117883648,0.305876398588881,stable
ABHD4,0.0495373644686343,0.0546734106024562,0.188956275240014,stable
TBC1D16,0.0495280716818401,0.00809973522826762,0.0544017381485403,stable
ANKRD49,0.0494990109849372,0.0131045597375509,0.0751360873507607,stable
HOMER3,0.0494832455480945,0.0135474161827594,0.0765340330833999,stable
TTC28,0.0494823133134425,0.0346320739722928,0.141706459321779,stable
ENTPD3,0.0494674491976194,0.0237894295224263,0.112278759259513,stable
PEF1,0.0494446861677779,0.709700137419001,0.827435037569933,stable
IGF1R,0.0494260166008388,0.290671583045026,0.502721959230394,stable
PTS,0.0494105215248921,0.301256442313411,0.512158136089497,stable
KCNN3,0.0493915070719557,0.0710869383342935,0.221223710335643,stable
KCTD3,0.0493843083812458,0.173950650342932,0.374891603058399,stable
EGLN1,0.0493701293281075,0.186038495476139,0.390141459718703,stable
KANSL3,0.049354726231589,0.0487555639458644,0.175342163481685,stable
C1orf56,0.0493477688309444,0.13093415747942,0.31794579678753,stable
CCNK,0.0491978672593563,0.153920547499394,0.349986006814099,stable
FLVCR2,0.0491973319625079,0.253941185196055,0.466392089963205,stable
ARB2A,0.0491431427947439,0.169640261869,0.370209733075543,stable
FAM84B,0.0490924070009858,0.194928591669657,0.399397771466625,stable
RAB22A,0.0490898683334589,0.314008028767905,0.52451956048905,stable
SMPD4,0.0490137363589968,0.232653824744487,0.444133666793302,stable
PTPN11,0.0489987444662032,0.562943271004882,0.728473315558373,stable
CCNG1,0.0489926347628383,0.0884600831443277,0.252884952375178,stable
TMEM144,0.0489154194704917,0.168714507193923,0.369114018184014,stable
NT5DC2,0.0489025572896091,0.0977670594696515,0.267650196073227,stable
RBM6,0.0488767650939228,0.26491170174443,0.476026843094428,stable
SP1,0.0488309627824369,0.305987997010334,0.517129444968108,stable
OXR1,0.0488277337556439,0.232879987655041,0.444133666793302,stable
GTF2H3,0.0488203167646576,0.0152166934634153,0.0827073636713153,stable
CORO2A,0.0488014820076851,0.187200926620059,0.391137426461883,stable
OLR1,0.0487900723450345,0.000113390115787554,0.00222128329388952,stable
GNA12,0.0487303654987947,0.0408681737708461,0.157856280909705,stable
B4GALT5,0.0486976945918552,0.156440007486968,0.353336760034034,stable
REPIN1,0.0486660327051562,0.335746640702505,0.545286388160514,stable
CECR5,0.0486565863664182,0.0634510049663765,0.207330950202883,stable
CREBBP,0.0486446314005447,0.45734878916127,0.648430574947996,stable
AXIN1,0.0486261226620901,0.164957362281812,0.364768233815642,stable
PRKRA,0.0485982261756423,0.448917851833012,0.640697235353968,stable
FARSB,0.0485876198534497,0.131804608296273,0.31910864167432,stable
MST1R,0.0485615967357718,0.0857997993992098,0.247516853446606,stable
ARHGEF5,0.048520107460758,0.0913866091032352,0.257220794307609,stable
VPS4A,0.0484876571301134,0.0226684909917728,0.108837248186736,stable
TMEM192,0.0484664914706732,0.132366586513442,0.319864606685857,stable
RNF11,0.0483570519698512,0.398950683562896,0.601254241878048,stable
EMG1,0.0483438920569203,0.300509764895596,0.511762519655025,stable
DCBLD2,0.0483194068431116,0.218620224667069,0.427723051589348,stable
COMMD5,0.0483067144894708,0.221869812336162,0.430772299873393,stable
CSNK2A2,0.0482939919497786,0.146585263772871,0.339367095522647,stable
INO80D,0.0482896500147498,0.258365768649458,0.470399635980187,stable
PTER,0.0482860480823519,0.242413320352948,0.45295940507405,stable
ZNF524,0.0482744321213008,0.186901566647133,0.390811623451002,stable
R3HCC1,0.0482731020753269,0.157947988228051,0.355273882901496,stable
SPTLC2,0.0482587901992932,0.00857498184335245,0.0564509560912326,stable
C2orf69,0.0481835181833139,0.0610043859218026,0.202805986812106,stable
TMEM41B,0.0481433016485094,0.705403618896964,0.824995583371267,stable
NR0B2,0.0481080007741681,0.00473586767572322,0.0381365260000268,stable
SLU7,0.0480746684958653,0.299955930811289,0.511142336728665,stable
C19orf59,0.0480494416164976,0.0086479941181584,0.056743467579371,stable
TNRC6C,0.0480436391700365,0.177148656415216,0.378710244144736,stable
DHRS11,0.0479970411641099,0.00608889804463018,0.0449892565490767,stable
CLCN5,0.0479398642414531,0.0427962844874134,0.162147381409819,stable
CMTM6,0.0479135254771134,0.182644569337464,0.385271305536008,stable
CREBRF,0.0478975659460648,0.0687458219988451,0.216640610495974,stable
NBR1,0.0478705291176989,0.474985506071188,0.661301005263577,stable
KPNA6,0.0478462432996707,0.136740628670277,0.325895387963632,stable
C9orf69,0.0478411826811518,0.145347907222986,0.337666893545871,stable
SLC25A44,0.0477828523930807,0.0271191157552818,0.121697529732953,stable
WSB1,0.0477682802908794,0.657581457075324,0.794080753607834,stable
RAP1GAP,0.047725298352665,0.0872886463571799,0.250600778600168,stable
FAM84A,0.0477080161397186,0.200801431535512,0.406481728199028,stable
KIAA0930,0.0477022297658649,0.19080925235021,0.394747523701402,stable
DMKN,0.0476910712312406,0.859230286215257,0.919239543033021,stable
ZNF397,0.0476884308481985,0.105459818665148,0.279397664361242,stable
ABCB10,0.0476133539886662,0.0295152475976149,0.128330315846216,stable
TMED10,0.047601172503906,0.343033275349025,0.552323334808546,stable
KAT7,0.0475902420552504,0.261809547096049,0.473566129580068,stable
SLC11A1,0.0475672028045213,0.0178302178548941,0.0924328172426743,stable
AMFR,0.0475129232430173,0.29953883552267,0.510995165954399,stable
MOSPD1,0.0474940852009216,0.0939277493269592,0.26178130592174,stable
C10orf118,0.0474891692422859,0.286669568979415,0.498131712855487,stable
DIS3,0.0474062154418847,0.244496829338589,0.455432022662363,stable
SNX18,0.0473906821287735,0.147307693795586,0.340459302128426,stable
CPD,0.0473540355112849,0.222906543689447,0.431927114583475,stable
MDM1,0.0473206781289667,0.0357142877218954,0.145136786274086,stable
CCDC167,0.0473009362985591,0.137925146703046,0.327887396596274,stable
MOSPD2,0.0472772920246973,0.23188425379372,0.443066150484733,stable
BTF3,0.0472251936850221,0.219907402357659,0.428740853339305,stable
SLAIN2,0.0472194534864526,0.4929228752809,0.675351852435969,stable
MED16,0.0471966770374265,0.407452379224447,0.608589672976495,stable
IRX5,0.0471634428723515,0.00381894583832941,0.0325997164299852,stable
CKLF,0.0471212321959202,0.239687346656958,0.450285165737623,stable
CCNC,0.0471013204274143,0.25203689690618,0.464340471406352,stable
MMP19,0.047061416361411,9.50501700135619e-05,0.00193610407106761,stable
IBTK,0.0470604979210572,0.13549758483663,0.324197000791342,stable
NUP153,0.0470506958116835,0.435349439242339,0.630086614408993,stable
ABL2,0.0470277473456103,0.203897036473905,0.409926057643598,stable
MAGOH,0.0469531684565978,0.479895254616033,0.665340440055506,stable
TM7SF3,0.0469527478950258,0.113286890062742,0.291845916788062,stable
HNRNPC,0.0469515142584955,0.541425846819622,0.712629673610158,stable
RANBP9,0.0469023058917167,0.0534212899895082,0.186046110778276,stable
MED14,0.0468738946440555,0.0486350101769751,0.175011587990387,stable
AKAP17A,0.0468555406772069,0.0591686985756055,0.199136312250275,stable
UBE2A,0.0468427143720073,0.0103040673397876,0.0638079631010958,stable
TMEM214,0.046819058525534,0.297069286035931,0.508448621328869,stable
ETS2,0.0466885512237194,0.349984287269503,0.558205169927778,stable
DIS3L2,0.0466880271877164,0.297158617135243,0.508464016777886,stable
RNPEP,0.0466791850711708,0.14957126201468,0.344378720921281,stable
DLST,0.0466412933042857,0.0896166715772227,0.254643001710825,stable
REPS2,0.0466185974569419,0.374253837703461,0.58071577965056,stable
UBE2G1,0.0466158488192584,0.00321005299797732,0.0287605549416816,stable
ZBTB7A,0.0465535450275587,0.274558375387373,0.485210579837392,stable
RB1,0.0465507353705183,0.116304247504445,0.296744546335698,stable
CKAP4,0.0465241887062525,0.519336509959507,0.69552495073846,stable
ZNF598,0.0465163139836704,0.077884035496816,0.233179111125462,stable
ARID2,0.046501423579351,0.322788520463259,0.533861030191162,stable
KBTBD7,0.0464617289518955,0.0785239546872535,0.234173413539153,stable
SDHAF2,0.0463911269176474,0.175540061014684,0.376853127123901,stable
NADK2,0.0463620906582031,0.0592977893153632,0.199136312250275,stable
OSBPL11,0.0463525662038733,0.0386445179442507,0.15228581152499,stable
BRD9,0.0463304118988561,0.310200913537696,0.521650805922068,stable
FAM222B,0.0463069982543743,0.106196974978132,0.280317819506087,stable
NOP58,0.0463033879810986,0.228633309581532,0.438677378170562,stable
MTIF3,0.0462592334523915,0.511900564133893,0.689145529741165,stable
SMC3,0.0462084580776588,0.38444580407231,0.589246178433343,stable
FHIP2A,0.0461956438980002,0.167892654405105,0.368085362204884,stable
ORC4,0.046150504788139,0.073151857472205,0.225009695326556,stable
PHC1,0.0461335947246858,0.227332276333943,0.436985626596453,stable
NUMBL,0.0461320475738754,0.0569260138240074,0.193909471579029,stable
TRAPPC13,0.0461085585697047,0.0346597281869543,0.14174657656652,stable
B3GNT7,0.0460492678461113,0.631954590028688,0.776149192053721,stable
B3GNT1,0.0460046403677752,0.226088933313382,0.435557352795685,stable
PHF20L1,0.045999973770977,0.461705993721158,0.651780957929237,stable
RWDD2B,0.0459549399148138,0.0449449725155944,0.167043886905025,stable
USP31,0.0459139864333232,0.0380823138914681,0.15099520110584,stable
UPF1,0.0459065744716315,0.466504141521046,0.654712586217366,stable
C4orf27,0.0458714438625475,0.291750697421036,0.503723238033156,stable
MLH1,0.0458240129319075,0.15678524774806,0.35373622526251,stable
NDN,0.0457669674406906,0.00731263941068937,0.0507065503838525,stable
DOK4,0.0457624227244245,0.259547021025624,0.471197244888258,stable
FUBP3,0.0457592443853245,0.256445457943458,0.468941454778014,stable
CSGALNACT2,0.0457161485746057,0.155619556570674,0.35208151204362,stable
NPR1,0.0456568677365709,0.0108529171632325,0.0660358682943525,stable
CLIP4,0.045634444200087,0.49833978737582,0.679635145668146,stable
PRKCZ,0.0456281173929753,0.539890140597063,0.711472302572067,stable
MEPCE,0.0456132309924006,0.117793917533832,0.298942995534929,stable
RHOT1,0.045597874948614,0.143062940022773,0.335533649048038,stable
GABPA,0.0455688067960406,0.224613961350137,0.434237081060269,stable
NAIF1,0.0455681101946274,0.023563927183935,0.111755903520137,stable
PNPLA6,0.0455573812691564,0.00912961666760541,0.0585829050628917,stable
TRAM2,0.0455079212870249,0.179622151793819,0.382126902806759,stable
PLEKHA2,0.0455005121806657,0.0154365312320043,0.0836048550199469,stable
ZDHHC23,0.0454775093143016,0.00952420354644947,0.0604799294295057,stable
RIPK2,0.0454559344850752,0.158095523994948,0.355445960146081,stable
BDH1,0.0454259064619462,0.00759168944548394,0.0521645934691375,stable
G3BP2,0.0454219561605808,0.461749271569633,0.651780957929237,stable
PAPOLA,0.0454086129497728,0.381435836547167,0.587090363378566,stable
MTMR1,0.0453842969878915,0.18551777237898,0.389634499739827,stable
WDR13,0.0452762045004122,0.264526799995196,0.475742251740501,stable
AKT1,0.0452611307506525,0.575256548934864,0.736810905860147,stable
BCL2L11,0.0452075283177581,0.0382187035069238,0.151354645137105,stable
MCTS1,0.0452051223875365,0.450604662066026,0.642204895545657,stable
DLG5,0.0451901783896807,0.106650359118582,0.281054201663175,stable
GMCL1,0.0451816330457846,0.0454164142211635,0.168154561642455,stable
CTAG2,0.0451593498137845,0.00485847230499293,0.0388615178568045,stable
PLEKHB2,0.0451392778973405,0.219886401050262,0.428740853339305,stable
XPO6,0.0450737726063797,0.344072313694063,0.553462411071754,stable
CBX3,0.0450680575942573,0.594755594906419,0.749507348804785,stable
MGAT4A,0.0450482110810808,0.168451917437004,0.368760071409372,stable
DYNC2LI1,0.0450295917783878,0.327140675567161,0.537712467141721,stable
G3BP1,0.04500183852152,0.520467097276442,0.696386799157972,stable
TMEM184A,0.0448845336485155,0.0240082419745745,0.112788912335587,stable
ITCH,0.0448824741089276,0.176830445548896,0.378427059942176,stable
ATG16L1,0.0448792316537179,0.20574631845218,0.412708072983172,stable
OPA3,0.0448651365294565,0.0343065487961799,0.140962437809917,stable
SGSM2,0.0448249850569033,0.312081700537014,0.522908919866067,stable
DR1,0.0447961089986584,0.360477968360257,0.567540415309492,stable
NUDT8,0.0447678172243151,0.0195490487469379,0.0985027089375802,stable
RIPK1,0.0447456411072064,0.176371545421605,0.377908110645696,stable
KIF3A,0.0447367232112836,0.0396850637260242,0.154740101750214,stable
USP51,0.044710604385751,0.01233148318826,0.072021046580645,stable
UEVLD,0.0446257572336679,0.263046979204344,0.474750667915827,stable
ARMCX6,0.0446123805515026,0.0553261991553654,0.190241197883316,stable
SYNE3,0.0445799173286586,0.176166922939409,0.377620895907831,stable
GPR161,0.044565464512097,0.0998337949591253,0.270931159843765,stable
ZBTB43,0.0445490671469639,0.21430631292275,0.422665435490108,stable
EIF4G1,0.0445201582426882,0.288987937414551,0.501005325053959,stable
NHLRC2,0.0445111623640821,0.400739346547544,0.602686733784101,stable
ATF2,0.0445030100507263,0.263385761357725,0.47486895945884,stable
SMARCD2,0.0444911297604958,0.277127612111249,0.487776519862909,stable
PYGO1,0.0444854517679542,0.181469464425958,0.38398095034974,stable
ANKRD13C,0.0444739705377891,0.229962477760899,0.440514706968998,stable
VCPIP1,0.0444094669913842,0.218440031916791,0.427701496001773,stable
RTKN,0.0444067012732106,0.275061459536155,0.485678359290764,stable
TSG101,0.0444060408352283,0.029002627485025,0.126971764037527,stable
SH3GLB2,0.0443838537647816,0.377962839970283,0.583967354113222,stable
DDX60,0.0443770777512029,0.0763140843627664,0.23079252034895,stable
PRPSAP2,0.0443369311266738,0.0204262605632848,0.101309197722962,stable
CHMP2B,0.0443287748032303,0.12158896363592,0.304945320370431,stable
ZNF33A,0.0443074124058743,0.43749869265744,0.632210313957524,stable
CD2AP,0.0442838940528104,0.27105030048496,0.481974566822954,stable
TMEM47,0.0442606333072812,0.153862499798949,0.349986006814099,stable
COX7A2L,0.0442394166374686,0.268403651282352,0.479617049173453,stable
FAM129B,0.0442325447546251,0.655697280556922,0.792803517065066,stable
IL10RB,0.0442272020769082,0.200343001312816,0.406067459467396,stable
SPOP,0.0442063356468952,0.626337166598257,0.77202418063104,stable
ZNF688,0.0442042648911455,0.167932924166937,0.368085362204884,stable
MORC2,0.0442006165197534,0.0799304077865798,0.236807878037603,stable
FHDC1,0.0441978967084488,0.235182994650016,0.446930132114547,stable
NDUFA10,0.0441743138788493,0.687127981076552,0.813901209390063,stable
ZNF281,0.044169440180058,0.406630839717304,0.607659582482191,stable
PAPD4,0.0441504260535902,0.306325840283527,0.517342784142834,stable
LIG3,0.0441445599696336,0.226546480798164,0.43602375194912,stable
BRIX1,0.0441340927114731,0.411406221176826,0.611792068206257,stable
SPMIP8,0.0441196520063844,0.095063192245181,0.263623516788814,stable
GUCD1,0.0441129472598542,0.400969217436237,0.602884097655666,stable
ZDHHC8,0.0440596208436879,0.180931240718709,0.383643276070338,stable
AP2S1,0.0440250415460903,0.247338991696638,0.458901032523408,stable
SGPP1,0.0440221028644403,0.0141421114976469,0.0786351600721585,stable
MIOS,0.043981591609907,0.266868194801622,0.478003894821208,stable
AAED1,0.043955677265286,0.502915946098676,0.682512675702721,stable
PNPT1,0.0439397364920942,0.172309565098048,0.373142678120826,stable
DGAT1,0.0438762832180138,0.22436365583905,0.433912287748468,stable
MAP4K3,0.0438673611616323,0.320328505881476,0.531374088193128,stable
CLCN4,0.043842655682026,0.00908832820088897,0.058440675395932,stable
POLD2,0.043823299916693,0.567883043189239,0.732122832788077,stable
CUL3,0.043764505482373,0.426203237212454,0.623680258844804,stable
ATG2A,0.0437290149770722,0.242314119204284,0.452958397721403,stable
STT3B,0.043707359976169,0.64354945422214,0.784947967313055,stable
E2F5,0.0436910461342793,0.0184534955937738,0.094519903593068,stable
CBX5,0.0436899678963932,0.0388758016429737,0.152811506646374,stable
GOLGA3,0.0436855442072408,0.601886658732286,0.754379423392132,stable
ATP2A2,0.0436772930208686,0.656545052776657,0.793590538401984,stable
BCL7B,0.0436681961832463,0.264040052768059,0.475459235857132,stable
ZNF639,0.0436626367211438,0.0905615183344404,0.256136973651134,stable
PRDX6,0.0436469310888734,0.0721493796062516,0.223053620714927,stable
SH3BP2,0.0436324242034845,0.14429754647773,0.336620841248812,stable
UROD,0.0436192889335393,0.26398728643242,0.475459235857132,stable
ZDHHC11B,0.0436079585399814,0.06302351440386,0.206750911372253,stable
INSIG2,0.0435780285591419,0.328691248389687,0.539173620546905,stable
SPRYD3,0.0435776170487072,0.208520645662708,0.416239579833818,stable
ZNF267,0.0435762813297014,0.00313035812066687,0.0281873515114387,stable
UFC1,0.0435424262671132,0.0183822768586671,0.094323883369674,stable
NCOA2,0.043537610970275,0.392642151101819,0.595958078483762,stable
UBE2D1,0.0435342580371035,0.134000966499867,0.322018046526807,stable
CTC1,0.0435229961275229,0.0992961782108162,0.269852486093601,stable
PHACTR3,0.0435069603937506,0.231006851734118,0.441892927101383,stable
VPS54,0.0434865612270408,0.0450413926862198,0.167178556024875,stable
FAXC,0.0434593223160624,0.0831464238744626,0.243211745738557,stable
KIAA2013,0.0434156683588498,0.387819726622024,0.592358356952415,stable
BICDL3P,0.043392057512359,0.280955997690993,0.491823874520221,stable
PCNX,0.0433841769191721,0.15514035044374,0.351663417042839,stable
RABGAP1,0.0433564341567882,0.271189550933269,0.481974566822954,stable
ADCY9,0.0433175208392454,0.0776067835870551,0.232955090875143,stable
STK19,0.0433113551006547,0.198239500230712,0.40354365542385,stable
GPN1,0.0432997149429987,0.0745331930276546,0.227830395491385,stable
ASB13,0.0432843124058475,0.0521106526670544,0.183151414089153,stable
EFNB2,0.0432677604805552,0.205652473545014,0.412587532679182,stable
ETFA,0.0432353300056465,0.0216860541703739,0.105403708222127,stable
SLC5A3,0.0432216793930475,0.396315345577444,0.598981056421696,stable
CTNNBL1,0.0432008722800469,0.258726097599046,0.470750611575258,stable
RPP14,0.0431707180574238,0.0643863407518453,0.208990607899776,stable
AGPAT9,0.0430927825303501,0.100893952039399,0.27189763442011,stable
DCUN1D1,0.0430762911073724,0.170645548334105,0.371367488487823,stable
PHB1,0.0430403986775366,0.777176954784844,0.872780073062925,stable
CD68,0.0430163419210058,0.00662182474831252,0.0474473538823988,stable
ZNF205,0.0429646148887081,0.268165653611289,0.479598675895303,stable
ABI1,0.0429601862950547,0.312379261243352,0.522934237650946,stable
SRSF8,0.0429570055441989,0.362471547157129,0.569234249851474,stable
ARHGAP27,0.0428966792963425,0.0569717405497178,0.19398957005007,stable
ZNF770,0.0428919636572366,0.349090534390414,0.557869073393936,stable
SMAD7,0.0428779536524958,0.569831648638722,0.733102315157399,stable
MANF,0.042862945693546,0.0272600297148076,0.122150514381894,stable
MFSD2A,0.0428355782709973,0.000943177055140155,0.0116106710191674,stable
TLE4,0.0428310544080777,0.219524402408555,0.428668737227184,stable
TMX3,0.0427849620167141,0.295036268242615,0.506890139563982,stable
CNPY3,0.0427474631071674,0.0015961126768514,0.0170998083802204,stable
SNHG15,0.042728368449049,0.466744250915623,0.654887941302703,stable
SAMD4B,0.0427145957428671,0.527262059528952,0.701638516838876,stable
SKIC8,0.0426967777257781,0.00119882174635441,0.0138510368879361,stable
GLUD1,0.0426932930144665,0.084975434700206,0.246171336213156,stable
TMEM222,0.0426860806285995,0.00705270441392668,0.049490389641699,stable
SGTA,0.042649137987063,0.274653141182893,0.485248892595651,stable
GRSF1,0.0425962759233354,0.416017297135013,0.615375875605174,stable
NVL,0.0425342663865377,0.253603212633117,0.466032121351056,stable
LSM4,0.0425262837384507,0.795286017862062,0.884487300556228,stable
MUT,0.0425092748375761,0.421035335342835,0.619715344880291,stable
CXCL16,0.0425061814387892,0.765875134941404,0.864455923317057,stable
TLE2,0.042400785219516,0.412658429501284,0.612447051962149,stable
NHSL2,0.0423933292733128,0.00677365407055477,0.0481962440968926,stable
RUFY3,0.0423386111844857,0.423081605521261,0.621091095131832,stable
ANKRD18A,0.042317373880342,0.0618971163282605,0.204596031041594,stable
SCAMP1,0.042315228335925,0.423943920419468,0.621769818065823,stable
EVI5L,0.0423064115554079,0.162103599109575,0.360676082183373,stable
CBX4,0.0422258467986426,0.160011422241373,0.357321816857609,stable
GPR64,0.0421963810884156,0.000604873280581124,0.00826983725320546,stable
PVR,0.0421698244213817,0.49783086331839,0.679635145668146,stable
HIPK1,0.0421480165832299,0.0655789911339643,0.211224274377647,stable
CCAR1,0.0421318191046025,0.38336332038888,0.588353198798954,stable
USP1,0.0420227968247736,0.52236248864396,0.698387735008616,stable
CHD7,0.0419720582770976,0.00387182531856299,0.0329132077149611,stable
ANAPC11,0.0419693639842105,0.888445616005099,0.937692903647585,stable
VGLL3,0.0419579525476953,0.0222371301438691,0.107441375050852,stable
LONRF2,0.0419490564664464,0.0909690208100228,0.256668761778736,stable
VPS26B,0.0419239927211315,0.25466545866075,0.467001285128864,stable
ADAMTS9,0.0419221385976549,0.0225377438166465,0.108465110399483,stable
ANP32E,0.0419200819104301,0.103539496193053,0.27631352794511,stable
IFI27L1,0.041904024314808,0.655676099099698,0.792803517065066,stable
RAP1GAP2,0.0419010927921889,0.0908825036791408,0.256510673048676,stable
THAP9-AS1,0.0418461035301078,0.0401578040491048,0.155887264749526,stable
HES1,0.0418435487903404,0.391473429920655,0.59497341879275,stable
CUTALP,0.0418378973387718,0.486441511083342,0.670227798859645,stable
U2SURP,0.041829145510673,0.12701327923743,0.312766565386846,stable
UBE2E2,0.041817032891831,0.116386783521043,0.296890644400551,stable
ALYREF,0.0417972694627599,0.062367326934651,0.205492777479562,stable
SLC39A6,0.0417771511791436,0.431300447321235,0.626609609273111,stable
TMEM164,0.0417721487183426,0.0269282349887483,0.121253196158561,stable
DYRK2,0.04175838002812,0.0417430129997441,0.160159005307242,stable
UBAP1,0.0417583619099618,0.300061960762835,0.511142336728665,stable
LRRC40,0.041722946893797,0.171378470110636,0.372337913439615,stable
FAM89B,0.0417068027105171,0.0582475168108235,0.197071033904098,stable
GPT2,0.0416685435145349,0.000161516299137017,0.00292500035651984,stable
C1orf52,0.0416659950773146,0.474470164987824,0.661217860932018,stable
TBRG4,0.0416406296267789,0.11730678479789,0.298199785196347,stable
MDC1,0.0416285853083921,0.0534423198298979,0.186066339390678,stable
GOLM2,0.0416227123817735,0.38791137495125,0.592358356952415,stable
SNTB2,0.0416127562080792,0.25924596464827,0.470993930622275,stable
CDK16,0.0415862663061218,0.388649048761498,0.592676638507983,stable
WWTR1,0.0415420960263421,0.456395481653177,0.647438594374891,stable
GNG11,0.0415390525840113,0.0653616638442334,0.210868561317474,stable
MAP3K3,0.041519806550309,0.119326265905526,0.301435063944854,stable
STOX2,0.0412741647662208,0.276526843491704,0.487210166451801,stable
PSMC4,0.0412579110538696,0.100167528196239,0.271195540347911,stable
SAMD8,0.0412396854803134,0.0558855026407298,0.1916253532343,stable
AHSA1,0.0412076015450782,0.452437567482361,0.64346676264158,stable
RHOC,0.0412071106928562,0.306782965696747,0.517807697585118,stable
MPC1,0.0411943920328554,0.801768366060315,0.887729912761794,stable
RABL3,0.0411674761688965,0.0696673517171998,0.2185909353159,stable
HGS,0.0411464967725634,0.22815101478486,0.438095822295025,stable
METTL5,0.0411458468444619,0.458752391773777,0.64950072238159,stable
HDAC1,0.0411433460021888,0.277821502241753,0.488575750741359,stable
KLF15,0.0411325499522605,0.0211332403525541,0.103639244748125,stable
JPH1,0.0411089120791813,0.30756726903678,0.518722723055408,stable
ITFG1,0.0411008308128633,0.663914435077912,0.798395480018928,stable
GCFC2,0.0410995953920285,0.0823566139041791,0.242001742395357,stable
KIFBP,0.0410920399621922,0.44471272258296,0.638272668880369,stable
TMEM127,0.0410850452582994,0.451412845564418,0.642906981728934,stable
DMTN,0.0410768156738968,0.301724772792048,0.512509468510031,stable
BMPR2,0.0409819141870023,0.172297480186543,0.373142678120826,stable
ZNF827,0.0409660370479246,0.405837627549948,0.607067934308684,stable
BAK1,0.0408884093926915,0.124167787195858,0.308438738199995,stable
TCEB1,0.0408687679173216,0.822606295253222,0.89833479487975,stable
C9orf41,0.0408597773933452,0.00503034949042558,0.0396622357543205,stable
TCEB3,0.0407766347635019,0.260556261961443,0.472207523531013,stable
BAP1,0.0407594313608321,0.524649488211567,0.699990760084937,stable
ATPAF1,0.0407343204649576,0.00181831673771816,0.0189268079799064,stable
ZNF703,0.040729627591685,0.020540941440199,0.101615729730875,stable
SLC9A6,0.0407226782830233,0.161291719814821,0.359196571873997,stable
PGAM5,0.0407179605430832,0.0870267419778824,0.250364929570007,stable
PDCD11,0.0407159546448877,0.0708034695138092,0.220903933470343,stable
PPP3CA,0.040707245620599,0.651825487206741,0.78976258852366,stable
TMEM64,0.0406691077065821,0.445838162250141,0.638671793872338,stable
HMGB2,0.0406091067887749,0.449886939477973,0.641401807199976,stable
NAA25,0.040582453826818,0.250870787811853,0.463099442798564,stable
DCLRE1A,0.0405681663356106,0.0333816005040346,0.13893656266984,stable
GNE,0.0405499286514721,0.0895380474502099,0.254537928379388,stable
BRMS1L,0.0404490048826396,0.162989430728697,0.362004531278198,stable
NOMO1,0.0404479416118165,0.156220359709406,0.352982934766686,stable
UBE2D4,0.0404472188059779,0.254643009795893,0.467001285128864,stable
MCCC2,0.0404374990386128,0.44966710576305,0.641167701020358,stable
NBN,0.04042484625631,0.231863467529146,0.443066150484733,stable
TAF5L,0.0403889828445,0.113943268273784,0.293044921392537,stable
HMGCL,0.0403628486535413,0.0609165038622369,0.202679189769185,stable
SMIM14,0.0403442857906627,0.519857191555134,0.696006794875633,stable
PPCDC,0.0403084374753006,0.104079978553627,0.277132451129234,stable
ZNF704,0.0402140002468557,0.644222317385488,0.785376843295124,stable
GSTM3,0.0401701712062714,0.119163054708474,0.301147236046389,stable
ZSCAN30,0.0401681404565407,0.249384802822344,0.461331693356589,stable
TERF2,0.0401092651297425,0.0826365402635703,0.24224198277743,stable
TTC19,0.0400596403867188,0.0224194534768343,0.108108638777445,stable
PACS2,0.0400487779907177,0.555331382150826,0.722859207263519,stable
USP18,0.0400201929002085,0.0273531446564025,0.122343520043858,stable
AHCYL2,0.0400193247464283,0.0360928638740151,0.146092439733762,stable
FBXO18,0.0400058425147487,0.267620623964618,0.478974305613981,stable
REXO1,0.0399866976422765,0.108519852985686,0.284178809532352,stable
GBAS,0.0399726136914161,0.384475418781442,0.589246178433343,stable
RAB20,0.0399611298860494,0.340010064561863,0.549554810155257,stable
PPP6R1,0.0399491863307286,0.145585989345455,0.337757284828022,stable
QDPR,0.0399102465447173,0.0558730783566465,0.1916253532343,stable
IRS1,0.0398950240464716,0.146735159030109,0.339585494885281,stable
PDGFA-DT,0.0398589170264975,0.00489244507757725,0.0389357087423856,stable
XXbac-BPGBPG55C20.2,0.0398452024918722,0.141898153554728,0.334083788338404,stable
MED9,0.0398375300107149,0.010438165934956,0.0643131890440589,stable
CHIC1,0.039822031084928,0.0697492728811182,0.218731429373727,stable
CASP2,0.039776767338386,0.312016840395708,0.522908919866067,stable
EIF4EBP2,0.0397739624680715,0.23912916887674,0.450027073150004,stable
KRT15,0.0397632355253243,0.331811278995706,0.541598309428591,stable
SETBP1,0.0397405870796578,0.0134714880956913,0.0762739557580966,stable
ITGB1BP1,0.039709806611285,0.654992650053438,0.792386092423567,stable
CLIC1,0.0396559381711166,0.176585585532725,0.378167869227755,stable
TMEM170A,0.0396434011644597,0.178484853709491,0.380369395353001,stable
TRPM7,0.0396392757152121,0.501920971720951,0.681795972698844,stable
LIG4,0.0396365971640717,0.144739008674136,0.337264514302829,stable
KLF11,0.0396319715252747,0.0427517951786033,0.162109031394242,stable
RPAP3,0.039617499229341,0.177036247086566,0.378536135103407,stable
MASTL,0.0395787099598576,0.0182717304365032,0.0939249927905024,stable
COX20,0.0395704888428437,0.631282088554562,0.775557010099594,stable
ASL,0.0395535853452954,0.087156585325981,0.250564933919283,stable
NUDT21,0.0395534985104462,0.273530012159853,0.484363167075104,stable
MALSU1,0.0395384097861137,0.0482078899094151,0.17388410925131,stable
FAM35A,0.0395082136231673,0.397797885457024,0.600324508158089,stable
STS,0.0394896678408876,0.236171072314318,0.447394549242671,stable
RNF103,0.0394515966931039,0.136694124394288,0.325895387963632,stable
MPND,0.0394490530958547,0.00010955701553576,0.00218114813991716,stable
HCG11,0.0394356397849752,0.00174834917105987,0.0184081139250955,stable
CIAPIN1,0.039381259800028,0.0419205975867541,0.160487749733944,stable
TMPO,0.0393790914362421,0.045885323256514,0.168980201645891,stable
DIXDC1,0.0393557200500072,0.0664545999240189,0.212920025081088,stable
ZNG1C,0.0393287702917312,0.00655270248235573,0.0471177853790097,stable
AKTIP,0.0392727746592552,0.384531294056053,0.589257933877546,stable
TTLL12,0.0392593237333584,0.0551492725873078,0.190006963953566,stable
DCAF10,0.0392323310301598,0.27485072172629,0.485512161175022,stable
ARL5B,0.0392308882010027,0.303128625725107,0.514233815934465,stable
LSM14B,0.0392172390008425,0.126922894279464,0.312756253512972,stable
CHURC1,0.0391838833874884,0.00588698933600672,0.043874910394164,stable
ADNP2,0.0391810077179502,0.266209093762196,0.477216595123783,stable
COPZ2,0.0391596346233552,0.0370908896803715,0.148558006373808,stable
DNAAF10,0.0391336316313441,0.0319330480919691,0.134470358434156,stable
PITPNB,0.0391093892468877,0.148654274989307,0.342858463673452,stable
CES2,0.0390999908907938,0.4709820121819,0.658878933040919,stable
PSME3,0.0390729681628142,0.426782532478594,0.623787118453432,stable
ARRB2,0.039066883982436,0.398205137736218,0.600702682449608,stable
LATS2,0.0390120163164721,0.0676190621603495,0.214472085066973,stable
CCDC64,0.0390115192135399,0.0400121151311963,0.15542043068438,stable
NUPR1L,0.0390006564738325,0.0973298862725777,0.267542282391722,stable
CASD1,0.0389205053215327,0.0114452316777142,0.0684749999273445,stable
ARHGEF28,0.0388969305698538,0.35312163392636,0.561102151711403,stable
USP9X,0.0388309961043629,0.639382483919578,0.782285205027817,stable
LAMTOR4,0.0388190587310422,0.130187677281515,0.316973050277872,stable
FGFBP1,0.0388009664130743,0.0071432011487447,0.0498962804812887,stable
VMA21,0.0387543792408404,0.173759652036151,0.374815704308148,stable
TTL,0.0387497486159042,0.127288316259345,0.313262004822676,stable
CD53,0.0387412251634107,0.120451076735388,0.303148849498329,stable
ARMC1,0.0387391233691801,0.312505063462684,0.522937973411068,stable
RINT1,0.0386826563319697,0.0220053555716391,0.10661651466814,stable
ETAA1,0.0386790909405687,0.0268284926644957,0.120970672936479,stable
TPRG1L,0.0386682966544371,0.221243192088745,0.429964511938446,stable
XKRX,0.0386645503904129,0.0579043947686506,0.196290438616746,stable
NR2C2AP,0.0386433946632435,0.208112688578475,0.415681291696613,stable
CDC23,0.0386418264395373,0.329271504114429,0.539835684857133,stable
RCOR3,0.0385517809494878,0.0318918114644438,0.134383144895333,stable
MAP3K9,0.0385441740947037,0.153874409908022,0.349986006814099,stable
PTGR3,0.0385336136332247,0.557796758559933,0.724294410095243,stable
MIS18BP1,0.0385164718965265,0.242190060012696,0.452957664258752,stable
ATP6V1F,0.0385161120014941,0.492276467965633,0.674995798587987,stable
GOSR2,0.0384822060102049,0.0675720135010965,0.214472085066973,stable
GPR89A,0.0384713794082303,0.0451718307759944,0.167483775999298,stable
IFI27L2,0.0384626658398367,0.467988273842037,0.65618519805477,stable
SLC7A7,0.0384595212384712,0.421141403242559,0.619796835207927,stable
ALDH1B1,0.0384179682225012,0.00106518662474818,0.0127113055382353,stable
FAM57A,0.0383792095027388,0.0466832102941061,0.170548584170697,stable
UQCC6,0.038365661702458,0.35128578730367,0.559292176059402,stable
POLR3A,0.0383124302678182,0.132069435745058,0.319433474979737,stable
ATOSA,0.0383111145061377,0.437346077994404,0.632210313957524,stable
NIPA2,0.0382642835054274,0.316270199102687,0.527145747727195,stable
LRRC37B,0.038256716040645,0.0509409762106606,0.180441174499888,stable
B3GAT2,0.0382272400066061,0.0559102374808115,0.191656405767089,stable
SF3B3,0.0382197464544812,0.123619144490444,0.30778381042005,stable
ALPK3,0.03820098409008,0.0236603827983901,0.111928993547802,stable
SOX12,0.038176005032141,0.00203692097394756,0.0206120215112044,stable
TMEM120B,0.038151474489839,0.318317687678251,0.529259441536852,stable
ZER1,0.0381471435483503,0.236407196606719,0.447413155491645,stable
GALK2,0.0381143524617054,0.152065599485101,0.347513533016615,stable
SLC39A9,0.0380652156742099,0.374553618295159,0.580926627711533,stable
RPA2,0.0380246150510495,0.203649473957812,0.40972050995043,stable
FBXO2,0.0380060723202238,0.0761708971463282,0.230587678731232,stable
CREBL2,0.0380004346335615,0.391042342581202,0.594803662102024,stable
PIK3CD,0.0379701874017127,0.0122089308321921,0.0715445687884548,stable
KIAA0513,0.0379354709120266,0.21755002387289,0.426449318256202,stable
PLA2G12A,0.037901296534131,0.576300576532592,0.737355950049481,stable
MAP3K6,0.0378867729109385,0.532815298410865,0.705709918076681,stable
RNF138,0.0378494850127556,0.169392178232538,0.370127880885331,stable
ROR1,0.0378139168586821,0.242033327022028,0.452803089916937,stable
KIAA0232,0.0378043961743276,0.572807812936194,0.734964071096046,stable
GPAA1,0.0377939049053546,0.355683670072677,0.563269488660241,stable
MMP24,0.0377681078255308,0.535048973104697,0.707609936950321,stable
SLC39A3,0.0377634566279471,0.00195694593624578,0.0199579125371559,stable
ATP2B1,0.0377611426067635,0.458464337175128,0.64946900656261,stable
THOP1,0.0377380365339168,0.108203071315751,0.283713930451252,stable
MICAL2,0.037723055136998,0.128133509347668,0.314558963261756,stable
KLK7,0.0377064693780226,0.118756130055766,0.300491602939699,stable
DYNC2I2,0.0376616080177015,0.303903105908388,0.515084170933067,stable
CTCF,0.0376606544816233,0.42365883556945,0.621705354862059,stable
TRAPPC4,0.037653019606605,0.657728045670756,0.794080753607834,stable
PPRC1,0.0375988851337819,0.151054722994594,0.346506250300808,stable
LARGE,0.0375936040005311,0.0301231688219581,0.129737551850683,stable
LTBP3,0.0375876646862975,0.803911331107201,0.889279848094286,stable
ZNF777,0.0375596779234486,0.0454226409148713,0.168154561642455,stable
CDC42SE1,0.0375128751258528,0.131263770016575,0.318458149913005,stable
ZSWIM8,0.0374998373389103,0.419371385924136,0.61830850579383,stable
JAG1,0.0374941051336599,0.298358489518132,0.50994605367305,stable
RBM12B,0.0374825202129365,0.371023613832621,0.57779535434529,stable
KDM4B,0.0374218660314917,0.387145299686906,0.591631971918083,stable
KATNAL1,0.037415914015768,0.312482312839308,0.522937973411068,stable
CSTF1,0.037386061133594,0.144679057391083,0.337189093908216,stable
CRY1,0.0373717605997602,0.438691743418153,0.633148699004439,stable
PPP4R1,0.0373717365264583,0.839734067666563,0.907094734119511,stable
NDUFAF4,0.0373649426606029,0.455669447095022,0.646786968422985,stable
SIK3,0.0373536799978313,0.247646063005549,0.459172355880823,stable
PLBD1,0.0373511623194011,0.0259090673789642,0.11866333444753,stable
RRN3,0.0373314246681035,0.367633204433459,0.574453315990618,stable
PIAS4,0.0373171419799104,0.242007196051486,0.452803089916937,stable
IKZF5,0.0373015113796221,0.0840532180642205,0.244533034388524,stable
C8orf82,0.0372709443620899,0.199007617320901,0.404426467165634,stable
TRMT61A,0.037244915721264,0.434439398588185,0.629141950994191,stable
CLPX,0.0372428776456793,0.0505429085579383,0.179551442665573,stable
MAPK6,0.0372379971095388,0.334152936574291,0.543754725330689,stable
PAQR7,0.0372370161253233,0.0699816703732547,0.219167797570796,stable
EPS15L1,0.0372247052043663,0.39037413105483,0.594115211406156,stable
PRSS8,0.0372215847619699,0.259062290819797,0.470930920062118,stable
RAB33B,0.0372207140347488,0.184370956146046,0.38797565294014,stable
PLA2G15,0.0372116627094865,0.352996458591496,0.561049110625724,stable
NLK,0.0371910142649782,0.164157275621385,0.363758471371535,stable
CITF22-92A6.1,0.037178199956725,0.0583902605071827,0.197280968612438,stable
LRP12,0.0371534406198358,0.201266688691406,0.407062210880832,stable
RC3H2,0.0371470504743548,0.486311543646757,0.670124259896061,stable
WDR18,0.0371279159841636,0.505727116317507,0.684001800162116,stable
GMPS,0.0371092287717073,0.412172433085652,0.612050026972669,stable
POLR2B,0.0370774837968868,0.661041956689576,0.796611683831258,stable
JDP2,0.0370345471562837,0.258700845707657,0.470750611575258,stable
RYR1,0.0370197728951659,0.0149544912243578,0.0817182390373488,stable
ERMARD,0.0369750857047888,0.144236193795071,0.33654194177342,stable
IFTAP,0.0369414219688521,0.32248590159078,0.533679981839725,stable
TBCEL,0.0369371646805506,0.223858453575344,0.433324740539193,stable
CETN3,0.0368901905392436,0.310830719549463,0.521994053547553,stable
BOK-AS1,0.0368217232571432,0.00372212867742233,0.0320417612343736,stable
UXS1,0.0368206905953413,0.233656480494229,0.445032224612256,stable
CDS1,0.0368008831851696,0.470139361915327,0.65830281329358,stable
DBR1,0.0367728196237858,0.193599630497315,0.397942136068469,stable
IDH3A,0.0367641068183498,0.00529073328437385,0.0409744063631442,stable
MIIP,0.0367633892388541,0.569555654059468,0.733003788841248,stable
HEXB,0.0367445159121684,0.000227013496736766,0.00379618739276364,stable
PIGX,0.0367217866709137,0.473000401893668,0.660266862252849,stable
JTB,0.0367121372774574,0.121347592759069,0.304589933036317,stable
PRKD3,0.0366460817169016,0.455573106889186,0.646786968422985,stable
IFIH1,0.0366227683597536,0.00281628798296816,0.0261201094869521,stable
NCMAP-DT,0.0365795031342681,0.00951985889540816,0.0604799294295057,stable
CHM,0.0365561602821839,0.316530654342081,0.527255979453809,stable
GSTO1,0.0365221360257763,0.700206720914111,0.821664442536877,stable
FAS,0.03651098736489,0.143693612293271,0.336196683994149,stable
FNDC4,0.0364950615980428,0.0822737365199591,0.241874496204902,stable
BEX5,0.0364717272090974,0.123771814827525,0.307814831519616,stable
PPP6R3,0.0364598924387986,0.715707131853344,0.830907778869076,stable
DCTD,0.0364136526388371,0.0381431955338495,0.151187555838449,stable
NSMCE4A,0.0364084054308227,0.647804805418112,0.788093744171078,stable
SLC15A2,0.0364043058117217,0.681800612085666,0.810574857239369,stable
BUD13,0.0363955168532893,0.117205432266505,0.29816098583439,stable
SNN,0.0363852381975048,0.226329339308527,0.435797837916421,stable
VAC14,0.0363518733175166,0.303748242981433,0.514981764522196,stable
PARL,0.0363409889073863,0.445582636722405,0.638671793872338,stable
ATG4C,0.0363345689147885,0.0912107978772235,0.257081114422684,stable
FAM168A,0.0363135794462997,0.165956690337763,0.366045301555983,stable
MAP2K1,0.0363083483050424,0.404106534049604,0.605590078732667,stable
ACAP1,0.0362935860607589,0.0251295183955914,0.116045242854779,stable
STK38L,0.0362925881883432,0.0982259085645697,0.268315867328112,stable
PCLO,0.0362512909880479,0.133068968372785,0.320723852402227,stable
SSH1,0.0362483589672565,0.399422978183993,0.601595180547206,stable
NUP160,0.0362458852205021,0.0241055175619219,0.112898345822405,stable
SNX33,0.0362456285598319,0.391941192720747,0.59538823658735,stable
MYL11,0.0362283327717985,0.0085657605286328,0.0564509560912326,stable
LRRC8A,0.0362256778302701,0.619148253968425,0.767359652895673,stable
ABHD17C,0.0362021181011338,0.509842264065523,0.687589567071596,stable
SUCLG1,0.0362002549144315,0.696339073522073,0.819332836147254,stable
AK3,0.0361917024738924,0.212389632925483,0.42064984978631,stable
PAIP1,0.036180496977411,0.789620682431035,0.880284835571087,stable
FAM212A,0.0361423845188984,0.0264223457136341,0.120069425280098,stable
AMT,0.0361211169450954,0.278481994065597,0.489526013151834,stable
DENND5A,0.0361202321666627,0.479083582501957,0.664810729084337,stable
GCHFR,0.0361019390931363,0.440254585216076,0.634556308180794,stable
UCHL5,0.0360980598210101,0.421249799606245,0.619881732320542,stable
PLCE1,0.0360917342383992,0.647202388105914,0.787596017143523,stable
PFN2,0.0360801475847219,0.357064774216491,0.564505923437971,stable
YY1,0.0360466720182935,0.827530828618447,0.900226020584485,stable
CCAR2,0.0359601901981154,0.150197836637239,0.345378054840468,stable
ABHD14B,0.0359439130481526,0.578745561911072,0.739466705663532,stable
HELQ,0.0359352381712332,0.159802584551424,0.357189347613356,stable
GPR56,0.0359055956626192,0.27685661667599,0.487439908144505,stable
ANP32B,0.0358993820424075,0.823052569938948,0.8983602893707,stable
TRMU,0.0358942236808375,0.00724341625018527,0.050423416994456,stable
PPP1R15B,0.0358439278078561,0.185148313496712,0.389142535107256,stable
FAM162A,0.0358408623766857,0.0307646150035963,0.131549388864271,stable
UBA2,0.0357256444573161,0.359236542794644,0.566189880832489,stable
PANX2,0.0356951438659693,0.000474601190624289,0.00689836498714781,stable
USP6NL,0.0356927502233827,0.433060710946702,0.628032981505954,stable
SRRD,0.0356821447926794,0.162178009211541,0.360775975359759,stable
COA3,0.0356587544144574,0.0636164931125484,0.207538834216117,stable
PPA1,0.0356446139993687,0.836895277027417,0.905568546196613,stable
ZNF654,0.0356246946263058,0.203749495062394,0.409845948270972,stable
XPO5,0.035620828743947,0.0793259707990391,0.235759948224521,stable
SPARCL1,0.0356199503163881,0.446281521804159,0.638690440631016,stable
CUX1,0.0355744837169519,0.502366211429172,0.682249146595956,stable
TMEM183A,0.0355422456351213,0.530662739892818,0.704400188125726,stable
ATRN,0.035525890181432,0.665193087057922,0.799382648072752,stable
ZCCHC7,0.0355030912097475,0.259123058885744,0.470930920062118,stable
FDX1L,0.0354749966628559,0.137137933522477,0.326587589982224,stable
COX6B1,0.0354574200119335,0.943900587985952,0.971219165408998,stable
FAM154B,0.0354536886296701,0.13668191074214,0.325895387963632,stable
ZNF75A,0.0354439554393669,0.542602442935804,0.713584966374101,stable
TCF12,0.0354424025877107,0.585348275605815,0.743540979592993,stable
ARL5A,0.0354155590695546,0.821520121870343,0.897993558950467,stable
TMEM45B,0.0354112234015457,0.225334200383503,0.434804303944426,stable
ABR,0.0354071747025527,0.372028076150287,0.578510520654002,stable
DNAJC11,0.0353487230244862,0.279079076860891,0.490038374732697,stable
RARS1,0.0353220262289571,0.00370508078470938,0.0319483863800191,stable
TLK2,0.0353162636319674,0.46325544810645,0.652623320203487,stable
SCO1,0.0352245308628013,0.273260183188004,0.484036006273027,stable
PAQR4,0.0352118127258715,0.0119088750909789,0.0703256469140704,stable
BZW2,0.0351922222389374,0.111807726139778,0.290099829232531,stable
C1orf115,0.0351863187850124,0.0864651816377828,0.249104496898482,stable
CCNJ,0.0351816028315418,0.00109194901532843,0.0129354416840799,stable
STRBP,0.0351563497663729,0.307407862525473,0.518525419002537,stable
APTX,0.0351492106861258,0.356615595769237,0.56421673876891,stable
GCSH,0.0351000942926942,0.10221103463519,0.274277449638626,stable
GATAD1,0.0350736443858906,0.19758320615997,0.402915590122348,stable
IDH3B,0.0350716957141783,0.637141996814237,0.780324994395074,stable
OTUD7A,0.0350499329543319,0.100057341818404,0.271090338670151,stable
ZNF468,0.03504881202635,0.000969770238009925,0.0118613681742069,stable
POLR2D,0.0350334506852502,0.0364135516659498,0.146904044740782,stable
HTATSF1,0.035033322391409,0.586849650977083,0.744231780635321,stable
MMP17,0.0350135232070571,0.000252221041373913,0.00414401883031548,stable
PDS5A,0.0349876295371682,0.713679051272909,0.829502635376541,stable
RAB27A,0.0349601305324697,0.698628373861528,0.820762445178598,stable
ELOVL5,0.0349541484528432,0.733103267742036,0.842068503287624,stable
HERPUD2,0.0349515331377003,0.376115016266001,0.582250768490135,stable
PHACTR4,0.0348839288287026,0.464893151870378,0.65395326679672,stable
LINC00294,0.0348831190615906,0.234982853416135,0.446680145460563,stable
GTF2I,0.0348821165447146,0.233980034529563,0.445440265081665,stable
LAMTOR3,0.034877291940825,0.383164146623133,0.588353198798954,stable
PHC3,0.0348598267810975,0.567958182536758,0.732122832788077,stable
C4orf36,0.0348588691113372,0.111821700263225,0.290099829232531,stable
IK,0.0348495886084877,0.716674538491674,0.83152433111657,stable
RAPGEF2,0.0348229408745319,0.486117086767437,0.670060480578534,stable
ACO2,0.0348148229894376,0.721837056265833,0.83502755519954,stable
IL13RA1,0.0348145481266005,0.586474639292301,0.744142203727329,stable
TMEM70,0.0347726641375802,0.445867404375788,0.638671793872338,stable
HNRNPM,0.0346891931553776,0.281527688438928,0.492331110654857,stable
FOXK1,0.0346738205064607,0.203653617347743,0.40972050995043,stable
THAP8,0.0345931104355197,0.0211365050030331,0.103639244748125,stable
CNOT6,0.0345810062776976,0.251990743941164,0.46432542266156,stable
DNAJC7,0.0345295091985899,0.112432786083677,0.290922582572462,stable
ACAT1,0.034514021632904,0.220856809906687,0.429819564112794,stable
MGAT1,0.0345110412353481,0.0422923508248486,0.16130474149234,stable
WWC3,0.0344822459968334,0.248748473897885,0.460363564712754,stable
YEATS4,0.0344527966276688,0.199148610194381,0.40445133926169,stable
ARHGEF40,0.0344257659218918,0.117899461715779,0.299023482457946,stable
NUDCD3,0.0344058417015975,0.57242800869616,0.734778448258609,stable
ZBTB21,0.0343996305166308,0.206751849364117,0.413977822543319,stable
NCLN,0.0343966155346392,0.322726245678518,0.533830260781354,stable
HSPA14,0.0343497735371633,0.35943778448115,0.566426128335384,stable
ZBED3,0.0343437697664457,0.0447714899249842,0.166754019757163,stable
ARHGEF10,0.0343317791937884,0.499707726305217,0.68035215159419,stable
DCTN5,0.0342550893879977,0.357484054796604,0.564803552518248,stable
CHD6,0.0342422826244623,0.650158249222532,0.788863330586268,stable
PPP4R3B,0.0342358938609196,0.681073510794201,0.810025549323635,stable
USP53,0.0342248765582808,0.446232560038885,0.638690440631016,stable
LINC00261,0.0342115410948292,0.152049234267351,0.347513533016615,stable
RHBDF1,0.0341904027976625,0.328562764014045,0.539035193572364,stable
PBDC1,0.0341799089995656,0.427662707144601,0.624025061111156,stable
OPN3,0.034176425389353,0.130118235144755,0.316945536941535,stable
SHC2,0.0341703112856387,0.000171098065341312,0.00307793981427222,stable
ACVR1B,0.034157830971099,0.15260167427981,0.348347874210344,stable
TAF6L,0.034157283907604,0.0839115253297432,0.244338848411334,stable
PLEKHM2,0.034115261590143,0.313847584491388,0.524323202517798,stable
YTHDC1,0.0341084561039431,0.026758392312836,0.12090192437231,stable
PATZ1,0.0341082856443295,0.258200995914635,0.470239716040002,stable
PHF13,0.0341013133196408,0.0117891636094617,0.0699227248724213,stable
FAM217B,0.0340873823492083,0.438278554008272,0.632827432577027,stable
FBXO45,0.0340646553292747,0.00102139753559153,0.0123522259007309,stable
GKAP1,0.0340515871359524,0.326589905012713,0.5370960579679,stable
CAMTA2,0.0340367927666211,0.445879015780966,0.638671793872338,stable
AP5B1,0.0340308045894627,0.193189978048306,0.397701968956297,stable
TREM1,0.0340192398792408,0.0448886942174466,0.166949770330701,stable
SLC2A8,0.0340187138284121,0.214276904637764,0.422665435490108,stable
MNDA,0.0340163808900109,0.00356117898106412,0.0310719856277857,stable
JADE2,0.0340067768641092,0.167633361268495,0.36779628635943,stable
SEC11C,0.0339822361779238,0.74320923480677,0.848940641420654,stable
RBCK1,0.0339269549413033,0.132950202718735,0.32061220714812,stable
BLOC1S2,0.033879984500663,0.368595156707677,0.575534057194504,stable
CHAC1,0.033866193523048,0.0318846237811718,0.134383144895333,stable
TYSND1,0.0338610411222362,0.313047494704892,0.52363062059012,stable
CCNDBP1,0.0338500494734124,0.64871670729705,0.788653707608069,stable
FAM103A1,0.0338149059117163,0.576888393040602,0.737644740222627,stable
TRMT112,0.0338061389786069,0.0296343809603957,0.12860529888558,stable
EIF4E2,0.0337877521447539,0.627124937348331,0.772359254299176,stable
ZCCHC4,0.0337694930592278,3.56710053719554e-05,0.000856664773412147,stable
NPM3,0.0336740260710525,0.0127384434359984,0.073623987026782,stable
TAF6,0.0336629513268316,0.547162912695911,0.71676058090515,stable
CDKN2D,0.0336596401372674,0.00715363931421246,0.0499406550410812,stable
TCF7,0.0336454257720004,0.0455404806923194,0.16822396753707,stable
IGHM,0.0336221953316826,0.0111630485575481,0.0671878157641668,stable
ATP6AP1-DT,0.0336096040239127,0.00888744209954323,0.0576034423249292,stable
EXOSC7,0.0335968807353652,0.409853496525432,0.610890031198303,stable
TRIM41,0.0335721727329956,0.374977889426084,0.581208425102009,stable
UQCR10,0.033571553458275,0.0658104721656214,0.211646201460815,stable
RBM10,0.0335668255733972,0.445836242444656,0.638671793872338,stable
SMIM12,0.0335564564690478,0.393863408311417,0.596676949212884,stable
CATSPER2,0.03354940229105,0.0133635775272401,0.0760858741001318,stable
FASTK,0.0335218023700183,0.697957489255852,0.820447384235362,stable
CUEDC1,0.0335171229091935,0.237965947233669,0.448972949372492,stable
KDM2A,0.0335150798919072,0.679567951859761,0.809388177289131,stable
AACS,0.0335148142638131,0.422619362366973,0.620827888282861,stable
CMBL,0.0335139607172179,0.65462516821296,0.792212459779747,stable
SOS1,0.0335002932440694,0.576627059448862,0.737542029371444,stable
ARL4C,0.0334607450929973,0.202432625546639,0.408339342356785,stable
ADRB1,0.0334515932133864,0.649220330233762,0.788732715119985,stable
CCL18,0.0334421901779864,0.104372375820928,0.27749824601782,stable
ACAD8,0.0334240874988152,0.374999991161736,0.581208425102009,stable
NLN,0.0334111293654198,0.0118298348404054,0.0700959287877437,stable
MED6,0.0333999935270481,0.220413501490854,0.429307623044008,stable
ACVR2B,0.033381949504055,0.142554504967981,0.334715058994285,stable
ZNF407,0.033364994204585,0.145619354042689,0.337770585164673,stable
SYF2,0.0333641095014187,0.83282584761877,0.903409531542372,stable
BRPF1,0.0332965845143367,0.0650127502175225,0.210075564012423,stable
SH3GL2,0.03326576035074,0.013916753115188,0.0776796301735426,stable
MBTPS2,0.0332555619779189,0.259690431840003,0.471197244888258,stable
FAM188A,0.0332427809657677,0.471680528512243,0.659478757924472,stable
MAPK8,0.0332363490168985,0.429120285000121,0.624918556569154,stable
RPIA,0.0332216422472689,0.199059861948033,0.404426467165634,stable
AGO1,0.033205995340563,0.256281452049091,0.468941454778014,stable
TSN,0.0332009455343075,0.571537117945183,0.734335687383006,stable
GULP1,0.0331719408601278,0.528493573478724,0.702496124590577,stable
TSPAN17,0.0331323400568407,0.515982387375971,0.692812906775469,stable
SLC25A28,0.0330546538189024,0.399271909571086,0.601441752630555,stable
INTS10,0.0330359113216126,0.635059383587038,0.77878871438282,stable
LRRIQ1,0.0330325708374125,0.278415174903028,0.489478944055029,stable
AREL1,0.0330271632752599,0.247357567350846,0.458901032523408,stable
CTNND1,0.0330054115514137,0.198094103314984,0.403382028805991,stable
YEATS2,0.033002716685901,0.552397842011704,0.720498423042155,stable
BIRC6,0.032992412845576,0.702745930602019,0.823178529281633,stable
C10orf35,0.0329868095254768,0.288205150126916,0.499860918721825,stable
STK3,0.0329708669971941,0.474231323773323,0.661154619275216,stable
G6PD,0.0329670198956416,0.221870287958351,0.430772299873393,stable
WDR3,0.0329664354238586,0.0371156264534273,0.148559730768401,stable
LLPH,0.0329556441609011,0.578797238202608,0.739466705663532,stable
MAP4K5,0.032947776807959,0.431357973006645,0.626609609273111,stable
ALDH18A1,0.0329299314509626,0.0365548003956914,0.147279459471632,stable
ISCA1,0.0329143518751404,0.583597122861022,0.742340398527901,stable
SLC12A8,0.0328182919293766,0.432261905682649,0.627400799698967,stable
SLC36A4,0.0327442977388283,0.532231574634169,0.705257319059954,stable
THAP11,0.0327029042634409,0.331172923591664,0.541509543043105,stable
MYO1E,0.032683268209876,0.0623032870589992,0.205392497575298,stable
OTUD3,0.0326744822588357,0.292246590037403,0.504294511097856,stable
TEX2,0.032638947436722,0.215504094639017,0.423857968456189,stable
KCTD10,0.0326295731585541,0.451911350686351,0.643144140369858,stable
SGTB,0.032594238612765,0.171043230564216,0.371968057359362,stable
PELP1,0.0325876293718655,0.294343406557052,0.506437842625196,stable
SNX8,0.0325705901721174,0.245827816992934,0.45703410417059,stable
VIM-AS1,0.0325003996706878,0.114199771410002,0.29350403461506,stable
RRP7A,0.032488280581605,0.418021116560465,0.61706196459789,stable
CTNNAL1,0.0324461351876381,0.426709409218187,0.623787118453432,stable
NABP2,0.0324184182112674,0.0181873108552207,0.0936485627187103,stable
UBR7,0.0324151699933881,0.257741806221489,0.469969985977354,stable
APPAT,0.0324037544126626,0.270379660204547,0.481412464583405,stable
CTIF,0.0323950462567751,0.627613781937254,0.772547748943873,stable
ZBTB33,0.0323877553344652,0.242770395969405,0.453349422598535,stable
DNMT1,0.0323668480692454,0.100694533219184,0.271650927118345,stable
A2M,0.0323562647516108,0.357413056466451,0.564803552518248,stable
PLXNA2,0.0323360136969534,0.261765887044191,0.473557230017492,stable
STK33,0.0323158066795178,0.552323249924928,0.720478007371926,stable
PPP3R1,0.032296766606041,0.259537100914937,0.471197244888258,stable
POT1,0.0322930664554366,0.0755381726502272,0.229696174745368,stable
ABCA5,0.0322661701711531,0.482157346299978,0.667560471307161,stable
SAMD9,0.0322629589946801,0.411950065459407,0.61188089795114,stable
RAD1,0.03224696589721,0.4277518467151,0.624025061111156,stable
ELP3,0.0322440012120632,4.17151152988675e-07,1.63460060189973e-05,stable
ZNF865,0.0322191321822521,0.291441770249717,0.503442334934487,stable
KLHL18,0.032218274594813,0.213372006462617,0.421843669254251,stable
SLC35B2,0.0321980664254488,0.613662662482334,0.763114179672843,stable
NNAT,0.0321924371986806,0.0722416174359268,0.223169454520285,stable
EPHA2,0.032174494490391,0.439581951423481,0.633960567980254,stable
TNNI2,0.0321428991610682,0.0769346561514829,0.231923362958256,stable
TAF3,0.032131176766134,0.493482476087753,0.675815571106508,stable
SPON1,0.0321295534695182,0.0228176959659172,0.109082329091659,stable
JMJD8,0.0321239450187421,0.688994116396059,0.814987480446707,stable
SDAD1,0.0321203095318743,0.0934910392194553,0.260861552937371,stable
IQCH-AS1,0.0321117919195162,0.14144631532709,0.333598255558239,stable
BMP8B,0.0320817151505677,0.000582687304663513,0.00804832724543139,stable
CXXC1,0.0320735515179999,0.449245055240746,0.640790146471748,stable
BMPR1B,0.0320658808166978,0.158593990178334,0.355784798315621,stable
MARVELD1,0.0320441353365726,0.314668981344351,0.525408226738607,stable
DHRS1,0.0320245715372451,0.138622038934695,0.328585573771129,stable
BCL7A,0.0319858247427566,0.0269055028284237,0.121253196158561,stable
POLR1F,0.0319792097837822,0.0462615893443738,0.169522140460051,stable
ADO,0.0319782356625769,0.142900580612317,0.335345881628904,stable
C6orf132,0.0319734297927198,0.495022935270393,0.677393972992867,stable
POLR2G,0.0319578036609073,0.487763466637677,0.671595023223582,stable
ERAP1,0.0319441866640012,0.33388118860277,0.543529584429386,stable
TGIF2,0.0319418174610221,0.172626146110508,0.37321931553853,stable
EZH1,0.0319259173266589,0.200813412679477,0.406481728199028,stable
PAN3,0.0319254829124458,0.381705441286952,0.587135688220926,stable
ADIPOR2,0.0319210624088027,0.291464447343861,0.503442334934487,stable
NDUFA9,0.0319118695772566,0.0980693865236249,0.268068018976921,stable
QSOX2,0.0319089285421837,0.000230162228268768,0.00384358344037899,stable
STAT1,0.0318763104881599,0.586783353149212,0.744224912730439,stable
FAM175A,0.0318358205647414,0.0212262790331546,0.103936051753828,stable
TNIP2,0.0318057896494883,0.219952411006194,0.428751119779894,stable
ERN1,0.0317970291261386,0.0131468849703355,0.0752728439706701,stable
EPG5,0.031741183223722,0.580765300190977,0.740700386340359,stable
MARCHF7,0.0317296018842955,0.773940095986976,0.869811331064248,stable
CHI3L2,0.0317178898490543,0.0063759974422791,0.046200469907777,stable
CAND1,0.0317003267237163,0.0615348177788932,0.203731565081686,stable
CBL,0.031690929571301,0.441452034111604,0.635396904872107,stable
PLEKHF2,0.0316508004818595,0.386306780555289,0.590999095651699,stable
SLC12A2-DT,0.0316331388332245,0.241618783869816,0.452651036632127,stable
HAUS1,0.0315860286159212,0.164835908255744,0.364631585689144,stable
RAF1,0.0315843598357763,0.738224155705809,0.845652319347725,stable
FBXO11,0.0315710100664104,0.432667126876641,0.627765336372707,stable
NUDT5,0.0315494858554644,0.687655237035725,0.814269727916173,stable
REEP3,0.0315254441044891,0.42989541078279,0.625718601904303,stable
RNF169,0.0315100042304639,0.423856787461508,0.621769818065823,stable
MYO19,0.0314985940353302,0.312904560036202,0.523463164346863,stable
PCGF5,0.0314695032561372,0.618971611646098,0.767218513563365,stable
PCNXL3,0.0314246344769406,0.574914472399614,0.736661898387095,stable
AGA,0.0313948735631798,0.277127405380766,0.487776519862909,stable
FBXO25,0.0313947543761168,0.519204849507252,0.69552495073846,stable
PCNP,0.0313699071603578,0.293786362303949,0.505809083493447,stable
CCM2,0.031358359942918,0.0705773997373712,0.220423641898218,stable
YARS1,0.0313229301296063,0.081033581528642,0.239437877835659,stable
MYH10,0.0313068834742249,0.241964711928549,0.452803089916937,stable
FKBP7,0.0312698480430218,0.138393659071363,0.32835504841493,stable
SLCO3A1,0.0312645770142428,0.344278347442231,0.553582327039281,stable
PROSC,0.0312552126960754,0.572542925365122,0.734778448258609,stable
EFHD2,0.031231769761491,0.00643635883589448,0.046471264269273,stable
PPP1R8,0.0312088221925346,0.435202381419628,0.629948361216522,stable
MED15,0.031204917282384,0.12379071594817,0.307814831519616,stable
EXOSC10,0.0311983563955526,0.696440403579048,0.819373194740162,stable
MCPH1,0.031183137667446,0.482727513965478,0.667682108916421,stable
C1QTNF4,0.0311767113054663,0.0276956127383104,0.123243964365892,stable
ELMOD2,0.0311545501525979,0.556972760303228,0.723942519786053,stable
CANT1,0.0311503694602876,0.132489146281581,0.319930528150073,stable
ZNF674,0.0311281876408783,0.0199140635779738,0.0998070984736169,stable
PSMD13,0.031104435050515,0.771113734347851,0.868015280253347,stable
NMT2,0.0310946053968359,0.229506933288411,0.440146337075233,stable
MED7,0.0310883944768412,0.539031038241524,0.710876622231567,stable
ATG13,0.0310754547675425,0.348789027526034,0.557478696715251,stable
NLRX1,0.0310468336108819,0.42666782753297,0.623787118453432,stable
TELO2,0.031024977553782,0.0990243408315679,0.269413207728708,stable
ALS2,0.0309985097652156,0.35835420391184,0.565260242523118,stable
C21orf91,0.0309360197273175,0.0288184456550882,0.126672664396907,stable
CCDC144A,0.0309036081908035,0.248561736062323,0.460296721955133,stable
CASP7,0.0308700322149447,0.489123398412062,0.672978247442166,stable
DBN1,0.0308686205838771,0.0971494681418385,0.267226619839297,stable
PDPR,0.0308585536040784,0.149344079328496,0.344059936998028,stable
NDUFS7,0.0308452731369929,0.813069907511164,0.894113579472514,stable
GCLM,0.0308329700032164,0.0520247240651719,0.183013988880383,stable
MYO10,0.0308265660111621,0.316137627047937,0.527068515143751,stable
IL4R,0.0308260320436424,0.00106093838297122,0.0126897365884934,stable
WDR89,0.0308219676049057,0.0838350630243449,0.244232557294946,stable
RBBP8,0.0308168591581321,0.702934533830032,0.823210551977228,stable
DFFA,0.0307927922001102,0.47132152827513,0.65912760114806,stable
NCBP1,0.0307577716237832,0.358185885948936,0.565260242523118,stable
CTA-204B4.2,0.030754573859462,0.0348619266966169,0.142192923570052,stable
KLF12,0.0307510409745098,0.110324368746016,0.28748776029659,stable
SRPK2,0.0307351652844823,0.143334179991729,0.335847616679872,stable
CEP15,0.0307343310841448,0.582870195597196,0.741820137279353,stable
PRPF6,0.0307115122192835,0.0998396958323371,0.270931159843765,stable
STAG2,0.0306791602013773,0.191965003112246,0.395743452675356,stable
UBE2J1,0.0306529422641787,0.222320590215685,0.431260403827558,stable
CD276,0.0306056685750998,0.289711936304517,0.501762356104621,stable
RBM27,0.0305926924836997,0.25889940080415,0.47088026713732,stable
ANKRD28,0.0305865062937717,0.325240305257985,0.53585266463798,stable
ARPC1A,0.0305652069926624,0.0477662803616825,0.172921922396643,stable
DCP1A,0.0305554734377042,0.383075348900886,0.588353198798954,stable
GPRIN2,0.0305432955622752,0.448443834956849,0.640394560573893,stable
USP20,0.0305008436966819,0.479955170190563,0.665340440055506,stable
UBAP2,0.03046282518058,0.77384285529552,0.869811331064248,stable
ZNF235,0.0304532079140781,0.0614427664578464,0.203667991154881,stable
GPR155,0.0304342509040792,0.198629628255343,0.403972764814851,stable
EMC10,0.0304075488100866,0.710657035070595,0.82795234108377,stable
MGAT2,0.0303886990018206,0.119434240925005,0.301640170081276,stable
GCNT4,0.0303539526849511,0.0501411034740765,0.178696977206741,stable
TESK1,0.0303516228334712,0.458553410557348,0.649496631211221,stable
ZNF510,0.0303375202813446,0.148445085730257,0.342505233666793,stable
VTA1,0.0303186054507406,0.239457922703725,0.450285165737623,stable
KANSL1L,0.0303149976880066,0.46678980960164,0.654887941302703,stable
JMJD4,0.0303051260302145,0.000556387989489257,0.00776402600858068,stable
ZBED6,0.0302833248507731,0.0201479987896801,0.100444183199449,stable
MTMR4,0.030256844208777,0.262325996052595,0.474023963903625,stable
KLC1-AS1,0.030234282365026,0.0123508399304884,0.0720996501004249,stable
THOC6,0.0302300582057824,0.532885903140303,0.705709918076681,stable
PPP1R13B,0.0302300574411115,0.423720049499232,0.621720547962864,stable
TRIM47,0.0301372003149216,0.541197023836009,0.71250322233402,stable
KLF16,0.0301038073894618,0.158603466045081,0.355784798315621,stable
SFMBT1,0.0300907619241548,0.311136222717863,0.52229184104685,stable
CACTIN,0.0300532689522754,0.232976715288157,0.444152739813229,stable
TGFBI,0.0300482820903497,0.130480663122347,0.317431601652357,stable
ZNF219,0.0300397459729533,0.177629794071058,0.379523568536963,stable
MAK16,0.0300233345641346,0.28657726409302,0.498131712855487,stable
JRK,0.0300231461626624,0.162903772546514,0.361980372079701,stable
IL8,0.0300223855059672,0.489164983613711,0.672978247442166,stable
MED28,0.0300214109197065,0.292840669826753,0.504820807779189,stable
ING3,0.0300088507420587,0.565755182424197,0.730794046306925,stable
CCDC12,0.030007063684791,0.669661111873471,0.802936481759815,stable
ZKSCAN2,0.0300050448168997,0.0248193218591326,0.114891951757719,stable
CACNB1,0.0299987937325651,0.19525497753536,0.399865445701497,stable
NOL10,0.0299815528837056,0.0826019986861259,0.242198808332742,stable
PINK1,0.02991600366286,0.4299767879578,0.625718601904303,stable
DDX51,0.0298563398985439,0.256526270984971,0.468941454778014,stable
CDK17,0.0298202284791755,0.428882792392335,0.624843018105297,stable
TTC39B,0.0297393267104625,0.495822519399968,0.678087339688675,stable
HPGD,0.0297177884044802,0.236168284053546,0.447394549242671,stable
ADRBK2,0.0296961078370099,0.0297345385599707,0.128754870477181,stable
SEL1L,0.0296960858002046,0.172530221565754,0.37321931553853,stable
KCTD1,0.0296774055899591,0.0540472363469518,0.187547502193539,stable
INTS4,0.0296727118291491,0.0982723755274853,0.268382823603213,stable
ZNF25,0.0296568809754534,0.189543235132861,0.393381965206058,stable
ERICH2,0.0296539760704188,0.00269444782696613,0.0252390270014053,stable
HABP4,0.0296119363707112,0.0212442916801908,0.103959256004264,stable
CMTR2,0.0296092316834329,0.470798669458255,0.658697829398845,stable
ICAM5,0.0296067733565082,0.0595697684370244,0.199610978446871,stable
KPNB1,0.0295955785738571,0.889605175363344,0.938430588854118,stable
DTNBP1,0.0295735465651069,0.351456349161944,0.559474203953068,stable
PARP8,0.0295686060624221,0.0625859186692002,0.205935469666838,stable
MECP2,0.0295486819122629,0.465005759692556,0.654036406222737,stable
CDR2,0.0295082759898888,0.109463995328513,0.285916213439261,stable
MTPAP,0.029503760667113,0.0310019048164017,0.132136431128206,stable
NELFCD,0.0294992167964272,0.483570746099461,0.66830633976441,stable
CTBP2,0.0294858018266855,0.214022746787627,0.422583436719748,stable
CEP120,0.0294741838712682,0.30088196534749,0.511994783367845,stable
ORAI1,0.0294353305573878,0.682384844834579,0.810673515699548,stable
SH3GL3,0.0293667818959887,0.512216825225294,0.689422866279894,stable
ZFAND2A,0.02931991568211,0.377820363476011,0.583951969039166,stable
TEAD4,0.0293147732210117,0.409892018642709,0.610890031198303,stable
NNT,0.0293108276833521,0.0889132585835091,0.253484459724165,stable
PPM1B,0.0292958258172799,0.614755258508316,0.763928868558062,stable
APOL1,0.0292875074354472,0.356000323150826,0.563557793483258,stable
ANGPTL7,0.0292362418876736,0.0647076261601794,0.209421769177134,stable
RAB7B,0.0292324258234159,0.00688034812874648,0.0488133346058021,stable
NCS1,0.0292272505520851,0.0855964230175255,0.247379368894417,stable
DPCD,0.029217059858519,0.326312937211676,0.536785001275135,stable
KAZN,0.0292169167327648,0.656309675362473,0.793455614049861,stable
ZNF184,0.0292114279069579,0.00237382700780151,0.0229933925066289,stable
AKAP8,0.0291951418907585,0.451555126819882,0.642944145931145,stable
CDHR3,0.0291793767804081,0.0751817032633641,0.228839925470957,stable
TCAIM,0.0291749190957256,0.107571171840265,0.282724146328833,stable
CLEC2B,0.0291450503303742,0.261275364498,0.472879783183826,stable
RNF20,0.0291422498279815,0.182215662676418,0.384964441852148,stable
IPO13,0.0291406342917454,0.331304988028876,0.541509543043105,stable
PKD1,0.0291292960199265,0.246173214939565,0.457606657454568,stable
SREK1,0.0291275203051462,0.557253659156854,0.724127642131751,stable
EIF2S1,0.0291263791845375,0.740557159615737,0.846905296954137,stable
DNPEP,0.0291213021184529,0.530756365447438,0.704447970817533,stable
MRTO4,0.0291036864329211,0.603032001989131,0.755040785856308,stable
ANKRD46,0.029099325648208,0.316822138070437,0.527562159892797,stable
TGFBR3,0.029082869951178,0.17686377655371,0.378432138034754,stable
GSKIP,0.029074868979093,0.19139150000185,0.395119315687229,stable
CLHC1,0.0290625974390115,0.224410461644782,0.433912287748468,stable
C1orf162,0.0290620542032168,0.248537137713973,0.460296721955133,stable
PPIL1,0.0290615117508027,0.0940166333203165,0.261849926112451,stable
LANCL2,0.0290479865796425,0.280368932121247,0.491518294917456,stable
ARRDC4,0.0290345649714249,0.13923448118113,0.329612797194224,stable
POLG,0.029019388830491,0.250462999615235,0.462724213800503,stable
LINC01003,0.0290138252139188,0.196386568120162,0.401241753083881,stable
FAM65A,0.0289915718237728,0.70043335757901,0.821698403363322,stable
TNFRSF21,0.0289325703765582,0.0545152796632733,0.188620090179409,stable
ABI2,0.0288991263829289,0.432464601613183,0.62762047846605,stable
PTPN14,0.0288760772381138,0.742369536209734,0.848263713836959,stable
UPF3A,0.0288499285725171,0.799543908316448,0.886416174066775,stable
RGPD5,0.0288428430947864,0.165625070178214,0.365791137029977,stable
ANAPC16,0.0288410111301634,0.240222308508163,0.450864041026222,stable
AIFM2,0.028818040299357,0.646313530727519,0.786906035818047,stable
WASHC1,0.0288178309950045,0.361701644935523,0.568614229411811,stable
CIRH1A,0.0287947832135801,0.0261811939596357,0.11928397874118,stable
CHAC2,0.0287941854424829,0.181527977515001,0.38398095034974,stable
RAB8B,0.0287760218171275,0.133696231221203,0.321460017790712,stable
PELATON,0.0287559865365252,0.108134158843754,0.283594069449915,stable
PTGDS,0.0287230813456817,0.275378054715576,0.486026760156396,stable
LPGAT1,0.0287167214161681,0.58566823822758,0.743813874711058,stable
PANK2,0.0286902593674689,0.550735067363514,0.719413723376596,stable
PPP2R2D,0.0286642581008456,0.216376341440139,0.424897092010324,stable
S100A11,0.0286541849329121,0.791877740975681,0.881835975738974,stable
PTCD1,0.0286485827727402,0.0592601095670759,0.199136312250275,stable
MPST,0.028629216738402,0.689029494714387,0.814987480446707,stable
RPUSD3,0.028618296556285,0.748389731864092,0.852830808455921,stable
TMEM134,0.0286042878164705,0.590940049856818,0.746854907394928,stable
CHMP5,0.0285447302689236,0.655027933895627,0.792386092423567,stable
RNF26,0.0285018051154362,0.250963919033302,0.463131483433437,stable
TRIM25,0.0284827809965711,0.624189335592511,0.770616977926207,stable
ARL17A,0.0284668743142895,0.00624519018081489,0.0456859394196776,stable
LETM1,0.0284475260733836,0.296372409337962,0.507758420707392,stable
DGUOK,0.0284331971284444,0.555710651388374,0.723121886584147,stable
PKN3,0.0284048493086472,0.0460528980180872,0.169206680304508,stable
ZNF236,0.0284020349319345,0.409450413415363,0.610495837818917,stable
PRPS1,0.0284012117395185,0.0391864186631746,0.153431335554204,stable
YIF1A,0.0283937014075824,0.0541585812986283,0.187600142737522,stable
ZC3H4,0.0283804404376683,0.00287934410838588,0.0265638508535162,stable
UBTF,0.0283695288134615,0.391776626755551,0.595212215443681,stable
SDHAF1,0.0283550817889569,0.54393886499075,0.714437384284336,stable
SEC24D,0.0283463980662994,0.165980300691356,0.366045301555983,stable
CLP1,0.0283286900342681,0.0527206188964253,0.184394954303203,stable
RIMS3,0.0283065546500896,0.0656397163013996,0.211319434308219,stable
SLC35B3,0.0282983737362249,0.122033207477216,0.305363177371622,stable
FAM96B,0.0282890570868726,0.919415105773757,0.955853908230856,stable
PSMC3IP,0.0282712055487089,0.243490893199318,0.454347772631119,stable
FAM91A1,0.0282640169945723,0.325213145160812,0.53585266463798,stable
SMS,0.0282628874092023,0.718606589250229,0.832630042369175,stable
ZFP62,0.0282275417947145,0.316595131641931,0.527255979453809,stable
MYG1,0.0282096684564242,0.143885073968435,0.336376438369145,stable
REV3L,0.0282011166705616,0.679349291831463,0.809281197600619,stable
MAGI3,0.0281306572457872,0.875050733870372,0.928585931204051,stable
PSEN1,0.0281285694798477,0.448609999770526,0.640482204764647,stable
ZBTB42,0.0281193842311733,0.256914662196783,0.469295402076132,stable
RBBP5,0.0281144854198837,0.0594876634129732,0.199499917026114,stable
TOMM70A,0.0280778385414112,0.32441152018691,0.535530914620498,stable
ABHD17B,0.0280740680299809,0.0478611640799923,0.173058025634564,stable
MATN3,0.02802797905058,0.304796464806781,0.515793204355593,stable
RABGEF1P1,0.0280277046421067,0.272964405692873,0.48379250328979,stable
DDX55,0.0280255727976657,0.4286724123572,0.624843018105297,stable
LONP1,0.0280068841690209,0.0168436563040687,0.0888415270435167,stable
GBA1,0.0280034518160989,0.676828530674555,0.80780628382794,stable
SSNA1,0.0279647903004288,0.608776146341145,0.75909280694746,stable
FAM129A,0.0279290425717686,0.128818445320473,0.315503240953208,stable
ATIC,0.0279247923551596,0.485427420666403,0.669660849816738,stable
LAMP1,0.0279047541986304,0.602916302011465,0.75497325095146,stable
PABIR1,0.0278618033489161,0.256324918987523,0.468941454778014,stable
TPD52,0.0278507125864383,0.746106473238352,0.851181103953861,stable
LASP1NB,0.0278483230909711,0.103477391714231,0.27631352794511,stable
GEN1,0.0278386026174849,0.00107002433673496,0.0127361027188394,stable
SRBD1,0.0278296945499812,0.259115338958738,0.470930920062118,stable
PIH1D1,0.0278283815813128,0.587932695327825,0.744832549247315,stable
STOML2,0.0277670053195748,0.639784593472686,0.782463919020522,stable
DCK,0.027762336626424,0.0193953662971621,0.0979118679840631,stable
RNF223,0.0277498420227562,0.00319006710412531,0.0286520060843702,stable
OTUD6B,0.0277410190189721,0.155052208705676,0.351578222819177,stable
LIFR,0.0277344648772774,0.090641937894535,0.256245848478908,stable
CDYL2,0.0277291988200691,0.160834201927538,0.358438885025017,stable
STK35,0.0277180641616093,0.461455482977411,0.651667262467176,stable
CLEC14A,0.0277120329836418,0.0624680814235662,0.205658450665681,stable
KBTBD2,0.0276512232493253,0.26487033296306,0.476026843094428,stable
SMC6,0.0276503194581757,0.152808485384816,0.348429570107069,stable
FAM208A,0.0276473499269899,0.698266200371211,0.820494668205103,stable
MCM3,0.0276348230849998,0.124383632766058,0.308849385929778,stable
DCAF5,0.0276273196971163,0.598830657076012,0.752168716820506,stable
NINJ2-AS1,0.0276172039069732,0.304134986980188,0.51527538679675,stable
CASK,0.0276151526054662,0.0320218116587716,0.134698770033319,stable
RELB,0.0276109767068374,0.215513535389022,0.423857968456189,stable
FZD1,0.0275774745185105,0.0289789538744377,0.126971764037527,stable
PDK1,0.027576880145395,0.0410318046184558,0.158274780579364,stable
BCAR3,0.0275717636539008,0.472253045110514,0.660014465197924,stable
EIF2S3,0.0275314853209382,0.795488660202484,0.884487300556228,stable
RFC1,0.027453731014642,0.154855107900771,0.351254294059086,stable
FHIP2B,0.0274013288642703,0.534901205915699,0.707491056168957,stable
CASP8AP2,0.0273873575829257,0.622672431829028,0.769854132363511,stable
LMTK3,0.0273727307856733,0.171347827153429,0.372337913439615,stable
PHF2,0.0273535931908538,0.323396401650303,0.534577094492671,stable
PLP2,0.0273409345825442,0.0172410919500669,0.0900662854690673,stable
CXCL1,0.0273109808181655,0.41811632527929,0.61712798360469,stable
NCF2,0.0272688452748801,0.134060032622294,0.322018046526807,stable
TNFSF13B,0.027267349193,0.0384539837873373,0.1518613333351,stable
TRIM23,0.0272577208186341,0.568343432940567,0.732233360483294,stable
EMSY-DT,0.0272334236998501,0.00710235160979854,0.0497245968374441,stable
HYCC1,0.0272165124132327,0.118482243485162,0.300047015612724,stable
GPATCH11,0.0271813582763706,0.460418023058402,0.651029486855513,stable
PPP4R2,0.0271703087882984,0.253986445551455,0.466392089963205,stable
BNAT1,0.0271643400431344,0.0241146581268242,0.112898345822405,stable
TBCB,0.0271434145363951,0.851322097398852,0.915264847722389,stable
KCNQ1OT1,0.0271372011866138,0.682601904673316,0.810673515699548,stable
BRWD3,0.0271265214007553,0.31028493208928,0.521650805922068,stable
SMTN,0.0271012567977244,0.484816268141323,0.669044260754067,stable
ZNF653,0.0270892105067742,0.179792399520876,0.38242253205902,stable
ANKS1A,0.0270689581968842,0.889241811637008,0.938209209861107,stable
SH2B3,0.0270597632209237,0.204578716828621,0.410837889685078,stable
ZGLP1,0.0270577624737211,0.0731686468359832,0.225009695326556,stable
RAI1,0.0270407133070864,0.621656954813976,0.769366736002077,stable
KIAA1671,0.0270354843281698,0.470206320866078,0.658321162096774,stable
ATF7IP2,0.0270243221133102,0.236030439361139,0.447394549242671,stable
GTPBP8,0.0270230043440189,0.10060946594232,0.271601327012901,stable
CASP9,0.0270140157331702,0.271490135203461,0.482228336635732,stable
CSAD,0.0270029539511715,0.538712552356248,0.710701589660908,stable
FAM178A,0.026927029338935,0.619936004751234,0.768051274812051,stable
SERPINB8,0.0269161192629686,0.166014001294697,0.366045301555983,stable
TMEM194A,0.0269107465640923,0.142163925437111,0.334376834876398,stable
IL17D,0.026909529394379,0.0442689094857373,0.165537824886403,stable
APH1A,0.0268982148098085,0.194735199890968,0.399068412986956,stable
ZC2HC1A,0.0268962624452347,0.588534966024745,0.744900748052028,stable
IKBKB,0.0268660130456397,0.617192250929978,0.766100535679128,stable
LYSMD3,0.0268491420243613,0.66685084189449,0.800745058086272,stable
HIVEP2,0.0268333719146453,0.16252799400938,0.361422994136923,stable
PARP12,0.0268222160088377,0.565089010581621,0.73045512039674,stable
COLGALT1,0.0267981212350557,0.0889393690900641,0.253484459724165,stable
MIRLET7IHG,0.0267649769037262,0.0710589460456821,0.221192909717957,stable
TMEM201,0.0267648150593188,0.154870896075779,0.351254294059086,stable
HDAC10,0.0267643883205287,0.0999614764806657,0.271090106355419,stable
LEPREL4,0.0267589930496081,0.00943331869105288,0.0600487051680218,stable
NDUFA2,0.0267319869536103,0.921577323539671,0.957361119209546,stable
KIAA0947,0.0266826840038468,0.0478720433758009,0.173058025634564,stable
PUS7,0.0266819961415529,0.313691084958013,0.524323202517798,stable
EML4,0.0266729318461858,0.334936549174805,0.54437765950177,stable
NFRKB,0.0266724379740208,0.481757582126872,0.667082542356013,stable
SCARB2,0.0266489969587778,0.875318401418192,0.928585931204051,stable
ME2,0.026646076862237,0.623332105664036,0.770086274374544,stable
RRP12,0.026629772090642,0.185827540758467,0.389960412495233,stable
FBXO5,0.0266196954976515,0.0807098194617087,0.238773191184538,stable
TTC8,0.026603621713752,0.504019298193592,0.68305231719717,stable
KLHL35,0.0265882863515464,0.112799997573062,0.29121094559373,stable
DPY19L3,0.0265807250026437,0.488372718607427,0.672131064203692,stable
ACADM,0.0265769420494248,0.459373287491766,0.650078613834145,stable
SETD3,0.0265746962948782,0.199343284134477,0.404577835839257,stable
SENP2,0.0265682014354413,0.660260350484434,0.796115853651777,stable
BRD2,0.0265569651326539,0.782469281891331,0.875350016586113,stable
RALY,0.0265195982419886,0.000701934275576261,0.00918677150390173,stable
UBE2Q2,0.0265140781954099,0.275895479391609,0.486671858334838,stable
MAN2B2,0.0265120011160749,0.411048562126733,0.611792068206257,stable
CXCL2,0.0264961948868745,0.904606266551672,0.946411445959234,stable
NADK,0.0264934029894454,0.777912690121715,0.873234097797885,stable
ERI1,0.0264807821109297,0.295756175593271,0.507425527028635,stable
CNOT6L,0.0264581967432034,0.691591058558846,0.816654665748003,stable
APPL1,0.0264131723807911,0.894367142217251,0.941239233927188,stable
POPDC2,0.0264130612523417,0.00671278281601019,0.0479052680263018,stable
GSK3A,0.0263815873136992,0.593428236601157,0.748459220409878,stable
ICA1L,0.026378656257175,0.1942176244708,0.39867611108834,stable
PSMG4,0.0263737802559722,0.736402183812829,0.844317729719822,stable
DIRC2,0.0263732915145357,0.518569837743909,0.695128133934822,stable
HDDC2,0.0263640670988683,0.681934760184845,0.810655500194452,stable
PGLS-DT,0.0263636551268121,0.0358655812715388,0.145509746253996,stable
ZBTB18,0.0263474327356124,0.289662274344271,0.50174743397823,stable
ATP8B1-AS1,0.0262930684921394,0.157941958100932,0.355273882901496,stable
PRRT3,0.0262877536465745,0.203576353167243,0.409699924451164,stable
RCC2,0.0262781001630819,0.269555843454681,0.480500679976002,stable
DHX37,0.0262753032339592,0.343477754662373,0.552675012898887,stable
FOXA1,0.0262750631442336,0.191226980472401,0.395026705403082,stable
LINC00685,0.026218223028595,0.236328704008354,0.447394549242671,stable
ZFP91,0.0262166265058952,0.594164213563501,0.749001066989815,stable
IMPACT,0.026183517905738,0.0750340542695728,0.228710069705749,stable
CPPED1,0.0261811199734148,0.0731246337335783,0.224999849550878,stable
NUP54,0.0261294629899239,0.0357506005026313,0.145187820778793,stable
CLCF1,0.0261250916661354,0.210803270889084,0.419052350554736,stable
RNF34,0.026120861111687,0.0213596087560337,0.104314765255196,stable
SEC22B,0.0260937735666656,0.483618582260471,0.66830633976441,stable
GGA3,0.0260742656014887,0.585985628459843,0.743926535918096,stable
TMX1,0.0260718061885727,0.39305326766629,0.596124978346439,stable
SLC1A1,0.0260405297692192,0.0408641340815659,0.157856280909705,stable
ST6GALNAC2,0.0260310537326223,0.0364447909431727,0.146981565321459,stable
SND1,0.0260196193583682,0.75123512028819,0.854800966986345,stable
NIFK,0.0260112958892921,0.348231748774119,0.556841452640751,stable
PAQR3,0.0259999734134116,0.178136094055662,0.379936123257474,stable
GCLC,0.0259955451713856,0.00731822435649916,0.0507065503838525,stable
KRT13,0.0259830281217682,0.500917556101412,0.681225204298708,stable
FBXW9,0.0259733061242812,0.112499267655434,0.290922582572462,stable
MOB1B,0.0259698616149591,0.579018915973165,0.739672612483642,stable
WBSCR27,0.0259417440652467,0.129940000098585,0.316600869285451,stable
PDLIM7,0.0259125249690967,0.104366383069292,0.27749824601782,stable
RNF208,0.0258911513769119,0.00926637928719155,0.0591499845465428,stable
LRP10,0.0258800110047058,0.14894042781906,0.343324116473729,stable
DHX57,0.0258691430040911,0.430657866405889,0.626120351309601,stable
PCCB,0.0258582081652922,0.29518425054223,0.507073113916275,stable
HM13-AS1,0.0258575079524251,0.12282223850226,0.30638633113475,stable
ATP11B,0.025849615532436,0.0702982780698467,0.219825968851305,stable
PUF60,0.0258489415766084,0.331853021729397,0.541598309428591,stable
ZNF326,0.0258458656718109,0.510953467801801,0.688404628062296,stable
IFRD2,0.0258318755665113,0.319390886112503,0.53046660215207,stable
EDRF1,0.0257866549226252,0.494842795521897,0.677223279496156,stable
ANKRD52,0.0257636859488466,0.0670400137610574,0.213466300655162,stable
MMS22L,0.0257525870358242,0.22264016715041,0.431581573619824,stable
ZNF561,0.0257474501990976,0.269333457646126,0.480492146273533,stable
RILPL1,0.0257322642669298,0.750523341944816,0.854306484023972,stable
SEC23B,0.0257218924063666,0.643631476748358,0.784969686897329,stable
PGAP1,0.025692320267985,0.152209830603777,0.347648163172752,stable
ACER3,0.0256775347007684,0.0919229377600065,0.257958216523949,stable
RBBP7,0.0256566571807186,0.70249181846862,0.823086359528459,stable
C11orf83,0.0256331337122362,0.146835414287711,0.339688891796552,stable
DDB2,0.0256270178475242,0.00932815073254683,0.0594821672168245,stable
SMU1,0.0256169576078279,0.693838479112034,0.818280903875109,stable
CYP2U1,0.0256154807704615,0.237239990793145,0.448256283149934,stable
POLR2K,0.0256074974499039,0.724122307168332,0.836246677640594,stable
RALB,0.0255864112814487,0.153192560285487,0.348914823351928,stable
EIF2AK3,0.0255235875789259,0.30615250392058,0.517192953002374,stable
BOLA2B,0.0255146462533373,0.0160210089827575,0.0858198132362963,stable
ZBTB17,0.025479795788453,0.181572291292525,0.38398095034974,stable
SASH1,0.0254755271916839,0.65302774320506,0.790827336332341,stable
TSFM,0.0254361417110882,3.19341623863185e-05,0.000782290983988693,stable
IFIT2,0.0253974558502091,0.616424902122545,0.765458960132669,stable
GSTT2B,0.0253923818404361,0.586540881715658,0.744149012775527,stable
CRISPLD1,0.0253864874362294,0.265830745773636,0.477023998214055,stable
PPAN,0.0253201803163972,0.185223831734577,0.389233032795072,stable
SAAL1,0.0253001386107888,0.263545280938999,0.474943949048818,stable
WDR19,0.0252817713105674,0.649005868796949,0.788725322520873,stable
B4GALT2,0.0252623848806601,0.329461463559027,0.539885587752813,stable
CPQ,0.0252382178818063,0.713155989735776,0.829479183557761,stable
RBAK,0.0252322105044635,0.336033838220904,0.545508318514254,stable
ALDOC,0.0252317971592477,0.0455514833563238,0.16822396753707,stable
UBA5,0.0252297295054262,0.497336141788088,0.679190816357679,stable
HIP1R,0.0251658997602165,0.443461665116335,0.637150375456286,stable
SMC4,0.0251593028042292,0.84045211400274,0.907388565888104,stable
FAM111A,0.0251463114338095,0.800636456695831,0.886916593601572,stable
SETD7,0.0251455947551389,0.196053682630622,0.400887893496579,stable
IFIT3,0.025086490199867,0.762887371177003,0.862357612841473,stable
VAPB,0.0250863737881718,0.508107097704209,0.68643626131712,stable
DHX40,0.0250553396987949,0.296133673054293,0.507633995150144,stable
RSRC1,0.0250334540849105,0.207299848554585,0.414735408957651,stable
ATXN7L3,0.0250226857231388,0.476115974634358,0.662271469495948,stable
SP4,0.0249291917443713,0.0532819564131878,0.185719599428231,stable
RBP4,0.02492784162379,0.019794403275492,0.0994548996298668,stable
ABTB2,0.0249127186998888,0.000780204377058749,0.00999708417732301,stable
CRYBB2,0.0248926811595926,0.0998482391276309,0.270931159843765,stable
ACTR1B,0.0248913099766814,0.82346101078609,0.8983602893707,stable
CSPP1,0.0248785030742756,0.232747342619469,0.444133666793302,stable
FAM135A,0.0248760643263462,0.582607568685788,0.741644675367211,stable
KLF5,0.0248700926621054,0.813477368273431,0.894239869584031,stable
ACADSB,0.0248624091020196,0.0210001358854893,0.103297047300388,stable
ARHGAP1,0.0248480568313638,0.55744016051085,0.724205927165531,stable
CEP78,0.024832830671345,0.300816163354897,0.511994783367845,stable
C1orf233,0.0247868418856722,0.00423455229533154,0.035237624003282,stable
MAP3K1,0.02477721078249,0.163407005885997,0.362520370226938,stable
PARP4,0.0247756862982835,0.461398470995574,0.651662034598486,stable
YWHAB,0.0247457569696197,0.815673947524944,0.895446639833401,stable
KCTD2,0.0247364685510167,0.540193555530506,0.711718691830664,stable
SATB1,0.0247342808674136,0.185702133887298,0.389837349242372,stable
SCX,0.0247248493383599,0.324310665455702,0.535436733459009,stable
SEMA3B-AS1,0.0247200761033616,0.334919645979226,0.54437765950177,stable
RAB3GAP2,0.0247102809670019,0.582058021577527,0.741540099610598,stable
PARP16,0.0246823845724912,0.0459659425710611,0.169090485100406,stable
C1orf174,0.0246783217207048,0.601373396456551,0.754200102419707,stable
EFTUD2,0.0246743287593769,0.571055031080695,0.734024889582589,stable
ZC3H11A,0.024664545356816,0.551847338441924,0.720164606076019,stable
CYS1,0.0246345618306902,0.202840375609574,0.408891944500567,stable
E4F1,0.0246251784308031,0.431836478069326,0.62700666443989,stable
UBR3,0.0246215862436635,0.415817060075444,0.615220012389522,stable
FAM215B,0.0245964101575364,0.238784642413109,0.449892643165512,stable
DIS3L,0.0245944651429235,0.280268888772293,0.491465628511335,stable
EXOC6B,0.0245307192514878,0.417761994992057,0.616913172417521,stable
RMND5A,0.0245297183349643,0.559777010210323,0.725884012216455,stable
SENP1,0.0245283242136984,0.113778097820972,0.29274331041119,stable
CD37,0.0245240572758517,0.356004031518138,0.563557793483258,stable
PRDM2,0.0244791107604968,0.786105290274946,0.877566307609218,stable
INTS15,0.0244550691628902,0.324007401259207,0.535081353180969,stable
SLMAP,0.0244435442022888,0.0271747293519772,0.121902345540759,stable
ZNF84,0.0244348477526949,0.633898321203501,0.777794958997876,stable
GALM,0.0244243182432298,0.536292377593866,0.708564421066517,stable
ABHD10,0.024397059692,0.337547428553582,0.54709357818072,stable
SCAP,0.0243894783836076,0.180298429714451,0.382923788448655,stable
DUS1L,0.0243877548108785,0.607743932625666,0.758295851277133,stable
DTD2,0.0243842194411986,0.517864721415657,0.6945011908486,stable
TIAM2,0.0243407847408028,0.225466013507833,0.434921342767832,stable
AVL9,0.0243143040825071,0.50614475380969,0.684416850878545,stable
HMGB1,0.0243040242607144,0.926373451332858,0.960392593426584,stable
LRRC47,0.0242659042952735,0.121693496052321,0.305134985005341,stable
TADA2B,0.0242520108631756,0.347207483881619,0.556478862327115,stable
LCN2,0.0242488218285169,0.662329501699317,0.796959920146909,stable
DOCK1,0.0242105788007577,0.0516940415975943,0.1823661684099,stable
CCNG2,0.0241835872300071,0.548756944550382,0.717997267532525,stable
RAI2,0.0241411784712395,0.177553754620588,0.379509896219981,stable
UTP15,0.0241372895364852,0.310265313964206,0.521650805922068,stable
NUP188,0.0241081370670104,0.389524718614295,0.593180991062325,stable
GADD45G,0.0240883761943341,0.672998766201895,0.805454375043545,stable
NBEA,0.0240728890996371,0.388985075188272,0.592786843891906,stable
CDYL,0.0240485845921447,0.449144861533308,0.640790146471748,stable
HGSNAT,0.0240287827690375,0.844902044357273,0.910845982028689,stable
MTRR,0.0240132625408753,0.346636450294057,0.555928098713534,stable
SYVN1,0.0239985845944454,0.339654435314221,0.549443454048081,stable
ATXN1L,0.0239862465936764,0.648658028500864,0.788653707608069,stable
ANO10,0.0239805027859746,0.0562364858393229,0.192450952659542,stable
JAZF1,0.0239741566961232,0.0114866749961518,0.0685414768436917,stable
KPNA2,0.0239509201779011,0.420608807570951,0.619311257979681,stable
MYOZ1,0.0239414658089982,0.204097636083413,0.410141295986132,stable
SETD5-AS1,0.0239333084944173,0.478238518903691,0.664316778986218,stable
EYA3,0.0239314063645782,0.337009382250689,0.546511367555375,stable
GZF1,0.0239216732862955,0.0292191818394172,0.127426071639328,stable
FTO,0.0239003413349726,0.442885867548072,0.636547542023237,stable
PEX1,0.0238998315802295,0.70585590065125,0.825322400805365,stable
MTX3,0.0238917587574709,0.602151783398775,0.754556986188276,stable
DOCK9,0.0238881020111386,0.652012858139573,0.789900090511886,stable
NLRP2,0.0238746015517672,0.0438125828438103,0.164536102206678,stable
INO80B,0.0238630023620005,0.0592272914669316,0.199136312250275,stable
RBP1,0.023862974119889,0.893869776260652,0.940994360495044,stable
URB1,0.0238360465096129,0.15560586412559,0.35208151204362,stable
ZCCHC2,0.0238331397132195,0.470704320572965,0.658641210472061,stable
GNRH1,0.0238257694150327,0.239088351239539,0.450027073150004,stable
ZNF641,0.0238222716376593,0.445157691745119,0.638568643577687,stable
RAP2C,0.0238193440417066,0.423087823066326,0.621091095131832,stable
PLEKHO2,0.0238124679199144,0.026207404833787,0.119358910837635,stable
ZNF597,0.0237893481339809,0.00578088284581764,0.0433647670286308,stable
HNRNPAB,0.0237211956296954,0.808820837317763,0.891882900538292,stable
RAB33B-AS1,0.0237155684357664,0.382485767008623,0.587909286145788,stable
NMD3,0.0237112272727552,0.698161366490469,0.820450350315275,stable
TMEM62,0.0236947225306433,0.649823537180886,0.788744207973304,stable
CDC34,0.0236843544876471,0.593182683064489,0.74822671734396,stable
IDH2,0.0236630272891202,0.666543449406656,0.800454575650551,stable
DVL2,0.0236493547463451,0.651345444600943,0.789546345846902,stable
ZNF621,0.0236351352029843,0.58827679121722,0.744900748052028,stable
GTF3C3,0.0236303933918427,0.328351433811079,0.538760795557937,stable
AKAP10,0.0235905443438051,0.294824651881431,0.506754850863274,stable
FRYL,0.0235863268417071,0.831348997222893,0.902683437737844,stable
NR2F2,0.0235791891717049,0.158428354265433,0.355784798315621,stable
FAM83H-AS1,0.023571541524047,0.310076048996418,0.521586572579086,stable
SDC2,0.0235447617929015,0.761365319101421,0.861194564698415,stable
GSK3B,0.0235426185784193,0.907046763520238,0.947835584747643,stable
ATOX1,0.0235405518593318,0.666479365882807,0.800454575650551,stable
MAFG,0.0235397212216129,0.746307625509232,0.851258812473624,stable
GSTCD,0.0235394284437609,0.195059490291699,0.399598996032467,stable
PAK6,0.0235249409094564,0.000406217633980461,0.00606300898385489,stable
PIM2,0.0235246052376752,0.00667128641168611,0.0477457875271961,stable
TUBB,0.0235176582766481,0.551609039058624,0.72000735648186,stable
APAF1,0.0234969713770641,0.576767530135082,0.737567348924704,stable
RAB5C,0.0234633217739983,0.880389863169816,0.932168530739527,stable
SLC27A1,0.0234580260621659,0.534050715314922,0.706748505359923,stable
SKP1,0.023452890020383,0.239840208942872,0.450285165737623,stable
CREB3L2,0.0234403689374418,0.388570287095922,0.592676638507983,stable
GLYR1,0.0234396769654869,0.583319703576539,0.742219221038785,stable
RNF170,0.0234265227023809,0.597843193605689,0.751468915026832,stable
SNX30,0.0234193239012283,0.442786838087138,0.636547542023237,stable
HEATR5B,0.0233947071018568,0.127869637418413,0.314123482275458,stable
PLEKHM1,0.0233752120797725,0.0717781860636132,0.222299606395137,stable
RECQL5,0.0233281132302306,0.429859083516743,0.625718601904303,stable
RILP,0.0233107651488667,0.17393982528613,0.374891603058399,stable
PLEKHG2,0.0233055329080993,0.421593930283409,0.620238801755253,stable
STRN3,0.0232809133697477,0.701761688385292,0.822759313479787,stable
SMARCAD1,0.0232749785868281,0.0744186876911058,0.227594205237948,stable
KIF22,0.0232614104748157,0.00121351604846628,0.0139548637595971,stable
BICD2,0.023260702403882,0.793614481946491,0.883322291037883,stable
CHAF1A,0.0232456029991984,0.250324450434065,0.462649846100093,stable
NR1H3,0.0232449167309452,0.0869443109328116,0.250307879614387,stable
ITGB2,0.0232325037001206,0.12942953931413,0.316050077622039,stable
FCGR2A,0.0232055183144893,0.235632096029124,0.447369141907802,stable
ANKRD36C,0.0232000248232245,0.0575618595302041,0.195454491915893,stable
ADAM17,0.0231899310887778,0.753247560101576,0.856291097803558,stable
TXNDC9,0.0231705930735381,0.833385182298844,0.903610117830501,stable
HEPFAL,0.0231664164149519,0.0149113702631531,0.0815692981057794,stable
SRSF1,0.0231580603345568,0.58101119873409,0.740824125724994,stable
DPYSL3,0.0231550805367074,0.00848513568606956,0.0561211124289426,stable
SLC12A4,0.023147427689966,0.0914201725087906,0.257256028717186,stable
TMEM68,0.0231348074767573,0.713240813021566,0.829479183557761,stable
TRIM65,0.023127929422639,0.693452135462915,0.818064574808935,stable
BAZ1A-AS1,0.0231156356940938,0.0664678350547636,0.212920025081088,stable
CORO7,0.0231134302336901,0.428675858292474,0.624843018105297,stable
RNF40,0.0231095130265651,0.3811604322929,0.586888162784785,stable
LRIG3,0.0231085218216435,0.616152759877842,0.765276502412796,stable
ZNF131,0.0231076496991366,0.00898358999684708,0.0580419683517224,stable
STAM,0.0230977882988074,0.760178588583193,0.86064167732315,stable
HEMK1,0.0230899894769023,0.451635012470654,0.642944145931145,stable
ERLIN1,0.0230806520181386,0.302121653617622,0.513006680625339,stable
RBM12,0.0230520255124925,0.654150250125204,0.791951337776616,stable
NUMB,0.0230496920329221,0.883031321772829,0.933916402450859,stable
MYBBP1A,0.0230430782545311,0.62763184675733,0.772547748943873,stable
TTLL7,0.023031642806893,0.00554252201677896,0.0424755908231776,stable
FIP1L1,0.0230244179709946,0.359241550698363,0.566189880832489,stable
CHMP1B,0.0230229679774213,0.125653987075177,0.310741318633819,stable
CD2BP2,0.0230155917776548,0.822025314691143,0.898302361168621,stable
HHAT,0.0230075965956858,0.261487014511034,0.473192785400871,stable
POLR2M,0.0229777684624172,0.568068390575996,0.732187685196223,stable
EIF4G3,0.0229426354297868,0.367842757811872,0.574707294413641,stable
SPSB2,0.0229238510608937,0.625143435748785,0.771271400212198,stable
MTMR2,0.0229063826780647,0.393359618902294,0.596505145944875,stable
TKT,0.0229046611763564,0.764036159948013,0.863097497385132,stable
QRICH1,0.0228987797320203,0.0114554462411174,0.0684749999273445,stable
TIMM17A,0.022877514249874,0.0109082501520664,0.0663065389651217,stable
NAB2,0.0228692301270739,0.13348151652491,0.321259708210376,stable
WDR47,0.0228310115703206,0.461368782152715,0.651662034598486,stable
CPSF3,0.0228304061889845,0.491214031812525,0.674371105668947,stable
TIMM10,0.0228246671213534,0.346410513553537,0.555715442711184,stable
HLA-DRA,0.0228193276104547,0.00333650634800104,0.0295709198611745,stable
STAM2,0.0228096549524032,0.591764761949034,0.747421700501857,stable
DPYD,0.0228001082949382,0.399595413525247,0.601780748420921,stable
COX5B,0.0227985219313309,0.694378081527328,0.818663069772184,stable
PSMG1,0.0227964389268139,0.57533214139685,0.736810905860147,stable
GNB2L1,0.0227638086550304,0.827607635044366,0.900226020584485,stable
TRIAP1,0.0227078567089027,0.419783076709233,0.618617037937753,stable
PDCD6IP,0.0227076002603801,0.824866234050414,0.898951437557444,stable
OTUD4,0.0226994176471788,0.204893840716549,0.411335573808358,stable
MIER3,0.022658792900889,0.00817059058251759,0.054645032729045,stable
VASH2,0.0226438340921819,0.0178985224537847,0.0926318153086694,stable
AKT2,0.0226309589583059,0.254982641623471,0.467512796040994,stable
ZNF558,0.0226209330284087,0.181298399740258,0.38398095034974,stable
GMNN,0.022605475228329,0.0030065755448566,0.0273658819510999,stable
EHHADH,0.0226046054451692,0.209936638614666,0.418162859772801,stable
ZNF32,0.022582803275277,0.189552269631587,0.393381965206058,stable
POLR1B,0.0225798451572016,0.293643260142864,0.505706969653455,stable
NACAD,0.0225758994378196,0.0334175727975603,0.138944357101149,stable
HPS6,0.0225533848657407,0.0983771638343137,0.268489049053505,stable
SOCS2,0.0225471297952813,0.391298030495187,0.594854759951893,stable
TRMT6,0.0225464195686465,0.441777437722381,0.635575648331482,stable
WDR70,0.0225408591655577,0.65987227276549,0.795955116271937,stable
LRRC3,0.0224782319850216,0.000651678303623781,0.00869663273307543,stable
MAN1A2,0.0224763482679692,0.0767419752894736,0.23157094691151,stable
CCDC85A,0.0224605716307544,0.385780813173246,0.590506468849206,stable
CD163,0.0224414355900251,0.435693193140553,0.630434847650346,stable
AXL,0.0224139021654109,0.484348850436817,0.668776725148497,stable
EFR3B,0.0223848113272039,0.503923417282109,0.682999087549026,stable
EHD4,0.0223392407976574,0.479237368062838,0.664897081336147,stable
PIK3C2A,0.0223165393944043,0.0134355026747508,0.0762739557580966,stable
MFI2-AS1,0.0222944878764969,0.31827576335948,0.529259441536852,stable
ZNF594-DT,0.022289401169101,0.143019221762132,0.335495483941719,stable
HMCES,0.0222738465659735,0.0667787409533421,0.213167909147509,stable
POLR3K,0.0222634144565653,0.62166916668168,0.769366736002077,stable
ELOVL6,0.0222538176556463,0.306145674241461,0.517192953002374,stable
UBE2R2,0.022217106364196,0.44962716489165,0.641167701020358,stable
R3HCC1L,0.0221883774044982,0.175894208904431,0.377149764891733,stable
EHBP1L1,0.0221819962425231,0.145055392262313,0.337638757694647,stable
GNG7,0.0221805030235689,0.255828196072774,0.468360621355936,stable
MYZAP,0.0221790533147105,0.445740512815376,0.638671793872338,stable
MYEF2,0.0221677819171494,0.333640995739608,0.54352221447697,stable
GSTO2,0.0221632780060587,0.70636805541679,0.825570619506152,stable
PAPOLB,0.0221324274347625,0.147196991489129,0.340267780628424,stable
TCEANC2,0.0221301404663129,0.0157758285755972,0.0848784016320861,stable
LRRC14,0.0221262821037516,0.010243682431678,0.0636274258357885,stable
MFAP1,0.0221193742345951,0.766319475110089,0.864797753300012,stable
ZNF516,0.0221125326268894,0.425141473048719,0.622983621019844,stable
ANKRD17,0.0220972287056654,0.871429563828859,0.926453723411483,stable
SAMD10,0.0220912925917299,0.224683664293276,0.434247405990743,stable
RNF215,0.0220665392628055,0.341254435743112,0.550485543936596,stable
ACOX1,0.0220457566152382,0.513748012588201,0.691027256368636,stable
NUDT13,0.022045468178551,0.0350011678372666,0.142550927342335,stable
FAM41C,0.022044530846288,0.00405089429827693,0.0341033966268162,stable
CHERP,0.0220430847910649,0.0609062494553849,0.202679189769185,stable
STX4,0.0220290678782152,0.817892762195266,0.896025184119301,stable
CDC14A,0.0220052286994613,0.100439183862043,0.271450051631576,stable
IGFBP6,0.0219821042488508,0.0130687477598144,0.0749659186372459,stable
ELF4,0.0219809032911226,0.176928003619506,0.378455361583994,stable
EIF1AD,0.0219652742036233,0.355567319911592,0.563269488660241,stable
HCFC2,0.0219627912590559,0.713531411544973,0.829502635376541,stable
ZNF587B,0.0219572992317386,0.0540711233599001,0.187547502193539,stable
ALDH1A3-AS1,0.0218877701537027,0.0126794260580341,0.0733869811237731,stable
CTNS,0.021865533244415,0.444918327150229,0.638417846118606,stable
ZNF185,0.0218355356439196,0.0459098371904914,0.168985802413902,stable
ZNF628,0.0217938800735039,0.310516434076427,0.521813925558282,stable
MFSD7,0.0217829650929215,0.0102610320410671,0.0636381814662629,stable
FAM53B,0.0217786555669656,0.0104213547840976,0.0642737845009126,stable
CDC73,0.021763395239238,0.175222919072106,0.376545930847463,stable
TRAPPC8,0.0217613481422795,0.64485927542054,0.785918223603259,stable
ZBTB10,0.021748345800867,0.572515872550878,0.734778448258609,stable
SLC7A11,0.0217469787693182,0.141889781814328,0.334083788338404,stable
GMPPB,0.0217005976739985,0.641223539854651,0.783518247819198,stable
NAA60,0.021697223929676,0.441260670200038,0.635257382231218,stable
F8,0.0216830881719928,0.233457494468274,0.444791834847285,stable
PDE12,0.0216809834524745,0.662098396677177,0.796959920146909,stable
PEX19,0.0216739631480838,0.433108477920091,0.628032981505954,stable
KLHL2,0.0216690408759323,0.376148095448838,0.582250768490135,stable
VRK2,0.0216688494143872,0.112122676823036,0.290526936124526,stable
GTF2A1,0.0216648446443692,0.437612686660915,0.632239390349016,stable
STK17A,0.0216558290552246,0.79751708664173,0.885217076318301,stable
CLK2,0.0216542594594719,0.560264229665549,0.726110044893096,stable
ZNF26,0.0216416862771256,0.30055478055685,0.511767883761936,stable
NCOA3,0.0216385206449296,0.686144295211773,0.813272613115795,stable
FBL,0.0216301570171296,0.0749714528356144,0.228598413435408,stable
C22orf39,0.0216117029378969,0.334348985616523,0.54383965832754,stable
DGKQ,0.02160349628112,0.281079101430914,0.491851392364892,stable
PRICKLE1,0.0215918933466203,0.303935056032413,0.515084170933067,stable
ZBTB26,0.0215858187174874,0.0416756558699655,0.159950774679579,stable
ASAP1,0.0215596127302253,0.215222749443077,0.423654281886249,stable
POLE4,0.0215517064061843,0.852311482786949,0.915845250139562,stable
ZBTB25,0.0215365111231905,0.536259300959231,0.708564421066517,stable
RCN2,0.0215227478102917,0.382538647978825,0.587909286145788,stable
GNB5,0.0214987331188016,0.142248928136636,0.334376834876398,stable
FAM114A2,0.0214958460027996,0.679006859527292,0.809202989237324,stable
CTU1,0.0214793898978414,0.438852711577133,0.633148699004439,stable
YIPF4,0.0214649135833777,0.883007104785303,0.933916402450859,stable
C8orf58,0.0214528929625588,0.452275679647816,0.643311369329172,stable
KIRREL,0.021444694384065,0.418894805396831,0.617903958147806,stable
NBPF8,0.0214200847956937,0.267877944927135,0.479294496309909,stable
ZNF761,0.0214182482498671,0.234623097428914,0.446221856485795,stable
PTCH1,0.021416105834395,0.116518801021711,0.297043967401333,stable
ZNF41,0.0214132888774616,0.270393812293598,0.481412464583405,stable
CACNB3,0.0213962357805946,0.311803645244233,0.522908919866067,stable
KIAA0368,0.0213930747852794,0.0511133500998713,0.180894496705509,stable
ING2,0.0213924208862352,0.5837610089188,0.74247160264524,stable
PPM1F,0.0213827321761339,0.0171358101543564,0.0897848878383424,stable
TUBE1,0.0213802020377472,0.137764497773426,0.327688305886412,stable
PAK2,0.0213775412427086,0.62915022210578,0.773715524650005,stable
TTC39A,0.0213652202021417,0.425102071975648,0.622983621019844,stable
EPHA1-AS1,0.0213597281793213,0.114808835250265,0.294651102687223,stable
MFAP3L,0.0213592388848336,0.193931045074516,0.398422368906031,stable
C20ORF135,0.0213519389034378,0.0240974442939823,0.112898345822405,stable
DBF4B,0.0213514002443002,0.169312007376838,0.370127880885331,stable
SH3BGRL2,0.0213240854920214,0.127008092538507,0.312766565386846,stable
ODAD4,0.0213170288645811,0.131273801832915,0.318458149913005,stable
NSF,0.0213121970855209,0.547186660749907,0.71676058090515,stable
FAM193A,0.0212715632709383,0.516155264969486,0.69290186210332,stable
NCSTN,0.0212432244797759,0.646546410955503,0.787111176926608,stable
ZFYVE9,0.0212301906926791,0.889129154394994,0.938171323549797,stable
SPTY2D1,0.0212181635290856,0.775573684902398,0.871379845978576,stable
DNAJC2,0.0212180690647465,0.692987325045128,0.817750464461014,stable
TOE1,0.0212098015023537,0.0635030824904193,0.207390243217442,stable
NRSN2,0.0211947484571792,0.20534921372596,0.412114396418672,stable
ROBO1,0.0211885141013217,0.616791111640338,0.765835911497358,stable
TPT1-AS1,0.0211795206144984,0.188583088694761,0.392372989547528,stable
LOXL1-AS1,0.0211768446402852,0.00479826128862954,0.0385405305137496,stable
DKC1,0.0211595049624088,0.254527830072077,0.467001285128864,stable
GRPEL1,0.0211511103806046,0.344813592626181,0.554165668542389,stable
SLC5A1,0.0211308518086705,0.454761966316036,0.646073761544089,stable
KDM2B,0.0211135558470891,0.567772474628813,0.732122832788077,stable
TOMM34,0.0211121809457017,0.289802945230893,0.501848874132659,stable
SMAP2,0.0210962665460764,0.356566651214048,0.56421673876891,stable
LINC00982,0.0210926024262733,0.582369549397511,0.741643716164146,stable
ZNF580,0.0210865889227411,0.743882769194294,0.849492833363109,stable
SRPRB,0.0210595830654974,0.806173909088695,0.890371081455139,stable
TMEM38A,0.0210530665796073,0.0568554566089046,0.193909471579029,stable
NIPSNAP3A,0.0210358881294002,0.772734507438093,0.869148566334491,stable
ARMC7,0.0210263112107692,0.263421500758203,0.47486895945884,stable
PLEKHA8,0.0210016327304211,0.0418159997914214,0.160237862523616,stable
TPRG1,0.0209815227369608,0.460916860127247,0.651451666674034,stable
NOP16,0.0209709063306609,0.703528886848205,0.823433273921147,stable
RAMP2,0.0209466286570942,0.172115022445324,0.372961717242951,stable
RAB11A,0.020907303443885,0.524348964527159,0.699930954658007,stable
RHBDL1,0.0208852208653309,0.247837815874096,0.459373686314624,stable
AMMECR1L,0.0208789556347609,0.710215357624723,0.827771980511501,stable
PRPS2,0.0208732960311761,0.26466726353047,0.475848305544413,stable
MDM4,0.0208691887704921,0.813848048364938,0.894486472146467,stable
EPB41L4A-AS1,0.0208253714711674,0.116262982581476,0.296744546335698,stable
DOCK7,0.0208038807817513,0.676913958812028,0.807829369571242,stable
ZNF213,0.020801426524104,0.339242751948721,0.548912663226525,stable
CPSF7,0.0208001711466685,0.807413365609303,0.891099763561585,stable
ABO,0.0207662208175152,0.26902409534637,0.48022058141268,stable
CREB5,0.0207477194503443,0.104898112059936,0.278452664890479,stable
PKDCC,0.0207353746440652,0.32462026293215,0.535664074009859,stable
BTBD3,0.0207284843265707,0.336538655274523,0.545937489931681,stable
EPM2AIP1,0.0206728474229662,0.797843934998064,0.885495211677532,stable
DICER1-AS1,0.0206706693701493,0.592179999517974,0.747733531051309,stable
PARD6A,0.0206547892121983,0.0977140025046692,0.267635215464279,stable
NAB1,0.0206490886197415,0.638177476466742,0.781123607923246,stable
MADD,0.0206299820111424,0.348344779805614,0.556841452640751,stable
TAF12,0.0205978168584801,0.660153461949911,0.796115853651777,stable
KCNAB3,0.0205974629803606,0.369429000162483,0.57652241771814,stable
MAP6,0.0205840074707281,0.430280819777297,0.625793803615124,stable
PPP2R1B,0.0205815746406937,0.567300092248672,0.731829264818089,stable
ATP7A,0.0205646156613983,0.569369740848599,0.732937627646722,stable
FAM105B,0.0205627628048942,0.26901834656004,0.48022058141268,stable
MORF4L2,0.0205588809668491,0.119272275548043,0.301360954175129,stable
B3GNT5,0.0205481442602265,0.176175717388937,0.377620895907831,stable
CPEB3,0.0205402348448475,0.284007762231167,0.495109938036763,stable
ENTPD5,0.0205286207794708,0.0462331475188379,0.169522140460051,stable
RP2,0.0205048619667315,0.301227197921397,0.512158136089497,stable
ALOX15B,0.0205014533490162,0.209097870349604,0.41689974998427,stable
PRCC,0.0204874724117836,0.00613806537811767,0.0452277288325317,stable
NANOS1,0.0204712829933411,0.0731158070250395,0.224999849550878,stable
TUBA1C,0.0204700377851613,0.819261567221896,0.896486742254092,stable
FILIP1,0.0204631792458235,0.490554566228225,0.673919871608656,stable
DENND2C,0.0204625369550684,0.673411536074756,0.805694686990097,stable
ZNRF1,0.0204435954278814,0.452019696717536,0.643144140369858,stable
PDE4DIP,0.0204369245138084,0.2478969127174,0.459413562925636,stable
ZNF609,0.0204277865175416,0.583877713960309,0.742474789229117,stable
FPGS,0.0204153243142708,0.629673627606726,0.77416467224173,stable
ZNF222,0.0204024578095098,0.0415716809744248,0.159702145892951,stable
C15orf48,0.0203935594774923,0.458017160756021,0.649159621746585,stable
TLCD2,0.0203669497459638,0.578588831945641,0.739354994951235,stable
DCN,0.0203537139308455,0.166255392731821,0.366356258173886,stable
MT1G,0.0203498505787809,0.0380747591616072,0.15099520110584,stable
EXOSC8,0.0203343058245271,0.321797893293027,0.533015914310835,stable
ASXL1,0.0203172551056416,0.0556586544658615,0.191061890533752,stable
PCNA,0.0203156972506645,0.567186396479477,0.731829264818089,stable
DNAH14,0.0203153254408702,0.716842954680352,0.83152433111657,stable
UBE2F,0.0203143370697497,0.472708170917619,0.66016047998366,stable
SART1,0.0202910681040775,0.606031537391589,0.756906422251093,stable
NFKB2,0.0202825109615214,0.180644048084046,0.383433381451533,stable
PILRA,0.0202816975950081,0.246641746513892,0.458059664142482,stable
RNF10,0.0202689092189269,0.0300455597059506,0.129459612917004,stable
TGFB1,0.0202492590487164,0.401212188687319,0.602917790863224,stable
BEST1,0.0202429689974346,0.186858137863233,0.39078766077676,stable
AGO4,0.02021385334082,0.579969257203676,0.740113185098417,stable
ENTREP3,0.0202104179276468,0.166001553816671,0.366045301555983,stable
FNTB,0.0202028095248721,0.658563286824794,0.79501062790305,stable
NEO1,0.0201657694304652,0.613777870773416,0.763179807988429,stable
GPR157,0.0201632805250194,0.00605075640367054,0.0448269371384659,stable
FMNL1,0.0201613376278288,0.0825225092994483,0.242198808332742,stable
SETD9,0.0201248879262929,0.561606871264581,0.727310350072914,stable
CNKSR3,0.0201051332952662,0.644580647767576,0.785735324921305,stable
FKBP9,0.0200927011195066,0.349997165485158,0.558205169927778,stable
TSEN15,0.0200164088821694,0.801452015767794,0.887545478556635,stable
IL1RAP,0.0200161012240494,0.295354737290068,0.507196621061394,stable
RNASEH1,0.0200066543427826,0.585340340860494,0.743540979592993,stable
PKD2,0.0199853238968263,0.460929766448275,0.651451666674034,stable
SMARCD1,0.0199840890720437,0.349817651727556,0.558101145225483,stable
UBE2J2,0.019972453777226,0.458591033431389,0.649496631211221,stable
ZEB1-AS1,0.0199546454308906,0.0695427051858027,0.218447459400552,stable
CGRRF1,0.0199508922627835,0.455671578211612,0.646786968422985,stable
NDUFC1,0.0199406206028823,0.18833823129193,0.392205543324114,stable
NEK5,0.0199274161289582,0.0489869220228365,0.175812135879963,stable
UBQLN4,0.0199214886817086,0.795634333057253,0.884535650108344,stable
WDR43,0.0199172711950388,0.767520250457827,0.865517544618957,stable
PDP2,0.019913151593743,0.393582525629687,0.596676949212884,stable
GPRASP2,0.019912397769232,0.093469692066682,0.260861552937371,stable
ASAP2,0.0199070211752261,0.54346976377528,0.714034221022036,stable
LDOC1L,0.0198891267289221,0.578550391106535,0.739354994951235,stable
CDC40,0.0198831125699095,0.388081973640702,0.59242983146251,stable
ANGPTL2,0.0198814302878675,0.0389158926863189,0.152911562905034,stable
SPTBN1,0.0198749836792249,0.641178492243374,0.783518247819198,stable
TET3,0.0198704624383941,0.0984513437368805,0.268518169262439,stable
DENND1B,0.0198599785168821,0.888677139964079,0.937856285843124,stable
FAM46C,0.0198456696925936,0.309939771849156,0.521566837045689,stable
PAICS,0.0198442177366388,0.436759383924458,0.6315290642409,stable
TNFSF9,0.0198362732701875,0.253833234086757,0.466384706670152,stable
PPP2R3C,0.0198319073887091,0.241257795545224,0.452182657581236,stable
APEX1,0.0198174790971961,0.240475054708293,0.451233450992576,stable
IL1B,0.0198058745392024,0.192044352198152,0.395743452675356,stable
CEP128,0.0197961792997552,0.0159441339478271,0.0855579865576112,stable
SHROOM2,0.0197931359386374,0.333761055218911,0.54352221447697,stable
FUT1,0.0197732774311646,0.036680307454429,0.147493446816757,stable
TTC21A,0.0197494212963147,0.121531272826463,0.304863180593205,stable
LMNB2,0.0196979877889561,0.647930662686684,0.788124618452185,stable
BMPR1A,0.019681966900723,0.275311640163682,0.485979709654996,stable
AIF1L,0.0196594998883559,0.0350080075164995,0.142550927342335,stable
RSG1,0.0196390576708605,0.184571825827987,0.388264670266961,stable
METTL4,0.019629318802897,0.590849061580198,0.746824416167546,stable
MDM2,0.0196250164453939,0.806352386650215,0.890371081455139,stable
BLZF1,0.0196232467296034,0.827351107532507,0.900226020584485,stable
VWF,0.0196180315794099,0.504122987849764,0.683117104919135,stable
GPATCH8,0.019611249247968,0.772213941122046,0.868722917014163,stable
SRD5A1,0.019609127975375,0.196233368213351,0.40109662935872,stable
MAPKAPK3,0.0195752199852334,0.107787858294684,0.283134799754077,stable
SNTA1,0.0195745399123922,0.471917824066632,0.659735073352071,stable
FBRS,0.0195627484639114,0.565352390694794,0.730458474141545,stable
PELI3,0.019550043940078,4.53949958868056e-07,1.76161406260416e-05,stable
NAA20,0.0195473617759261,0.0064399805032844,0.046471264269273,stable
TRDMT1,0.0195389032217174,0.270235847635574,0.481329302272659,stable
TINF2,0.019536105101996,0.739024337445705,0.846181481916101,stable
ST7,0.0195338498222417,0.462290693602467,0.65212318205145,stable
DUSP10,0.0195231743930549,0.0309703535729029,0.132125000116394,stable
GPALPP1,0.0195118259575998,0.670518276133953,0.803621058429658,stable
CELF4,0.0194934282210072,0.417453744312775,0.616913172417521,stable
CEP250,0.0194925610997265,0.531261860410071,0.704583376549063,stable
SNX2,0.0194869510878234,0.671839017171487,0.804827145857714,stable
CHCHD4,0.0194784969905154,0.511468979036616,0.688719629846177,stable
CSGALNACT1,0.0194734220342513,0.0550757019846376,0.189860513553359,stable
ZNF431,0.0194614430722552,0.932512210064751,0.963325382897956,stable
URB2,0.0194506468359375,0.00584485624018154,0.043653088869632,stable
GOLPH3-DT,0.019441469088335,0.173019499910376,0.37367320970043,stable
HEATR2,0.0194392964332978,0.697485608095787,0.820163315117202,stable
CBFB,0.019407456696681,0.358304846666597,0.565260242523118,stable
DUSP11,0.0194007486418858,0.00304188698076273,0.0275845893567089,stable
CD63-AS1,0.0193883743569417,0.268876006279518,0.480097438976174,stable
PSMG3,0.019385833737398,0.231286707853747,0.442241313437229,stable
VASP,0.0193845753372985,0.801124099332086,0.887363264791176,stable
IFT46,0.0193514859241554,0.0199568861339913,0.0999807279106186,stable
CLDN1,0.0193479475299707,0.190326715771253,0.394389008389176,stable
RIT1,0.0193462131375434,0.732524837305728,0.841813537770508,stable
GCC1,0.0193431556682067,0.567933428053887,0.732122832788077,stable
C11orf84,0.0193401637981091,0.412425498858128,0.612277058299946,stable
DOLK,0.0193193437460582,0.623361669025316,0.770086274374544,stable
C19orf12,0.0193132254627112,0.687478303491922,0.814157603360323,stable
SPEG,0.0193061598896569,0.0762996498534352,0.23079252034895,stable
RPP25L,0.0193022118666108,0.526577285239094,0.70118276918867,stable
LINC02878,0.0192518209187974,0.214689145254562,0.42321562838119,stable
NPHP3,0.0192240526403529,0.711341715243866,0.828331296666787,stable
ABCD1,0.0192124205194081,0.488893630034809,0.672772231627323,stable
NDUFV3,0.0192108090107859,0.597562081204043,0.751347344233513,stable
RCC1L,0.0192011202232618,0.404759109332753,0.605973711265594,stable
VTI1A,0.0191992695956755,0.353088798014035,0.561102151711403,stable
PCDHAC1,0.0191691096992454,0.233050741636236,0.444224585336246,stable
ZNF518B,0.0191482883688249,0.586697917110365,0.744193767641081,stable
ELL2,0.0191465993715019,0.201156380847564,0.406906437114119,stable
EXOC7,0.0191449106540341,0.0716524728040984,0.222232921569237,stable
SCGB1A1,0.0190914047406034,0.18759883895371,0.39126568970656,stable
ARHGEF10L,0.0190816280258664,0.385681510272844,0.590502352401709,stable
DNAJB11,0.0190800418706338,0.882145813785535,0.933381601970352,stable
SLC5A6,0.0190793963176884,0.474921648661486,0.661287416931086,stable
C1QTNF3,0.0190743965590285,0.225181819307523,0.434584621070192,stable
UBE2O,0.0190739385732932,0.31794056965994,0.528920185563841,stable
FAM118A,0.0190511508822306,0.0433634696259328,0.163552932029436,stable
EMP3,0.0190508430629699,0.855726946766542,0.91743060092787,stable
ZNF18,0.0190484818273526,0.174314734182883,0.375334104944291,stable
SSRP1,0.0190432733045529,0.859758060539885,0.919562737950787,stable
NEK8,0.0190390328619168,0.287371477161842,0.49887100929056,stable
KBTBD3,0.019018517145766,0.331913873079527,0.541625308306519,stable
C11orf96,0.019001759572204,0.0917627985820089,0.257686296776126,stable
LIPT2-AS1,0.0190002623198383,0.118243893886037,0.299652512262934,stable
RCCD1,0.0189892429464289,0.186650596091792,0.390681511418275,stable
ZNF282,0.0189790758644726,0.666224411534969,0.800385966250954,stable
CASP3,0.0189713921504281,0.57967536242557,0.739969886204069,stable
C5orf28,0.0189612598202695,0.022900188751502,0.10931055528096,stable
ACOX3,0.018960984635998,0.0473497847444475,0.171955962185421,stable
COX15,0.0189383196054337,0.610732897166171,0.760631577683064,stable
ATG5,0.0189324275221862,0.42235298170205,0.620700436639573,stable
LINC03073,0.0189293502629171,0.0076545820962192,0.0523703193920847,stable
EPSTI1,0.0189136797136719,0.111634585647904,0.290023273801494,stable
TMEM184B,0.0188911969944962,0.84607223993169,0.911785864491314,stable
ZNHIT6,0.0188777838821358,0.712545100686392,0.829256009102632,stable
DCTN1,0.0188688755094449,0.600211854690708,0.753361711853292,stable
ARHGEF17,0.0188558788813831,0.589789522787862,0.745758258531397,stable
FAM211A,0.0188464853734317,0.0124323627648446,0.072368191636886,stable
KIF3C,0.0188341905083151,0.0326238615661945,0.136713775723401,stable
DNAJC9,0.0188234383453847,0.476491008195828,0.662566953041269,stable
KLHL29,0.0188102739961109,0.712590172117524,0.829256009102632,stable
FOXO3,0.0188030077703928,0.875313093755385,0.928585931204051,stable
LINC03072,0.0187993498186924,0.223494719885105,0.432835037473753,stable
SLTM,0.0187958628253776,0.817828734925607,0.896025184119301,stable
DENND4B,0.0187948745197349,0.329316933749198,0.539837762927477,stable
CNOT11,0.0187924951418214,0.226411492323704,0.43585103656141,stable
S100A2,0.0187546928174888,0.0536549943865734,0.186567070348279,stable
UCK1,0.0187465250893365,0.380654664785194,0.586257102473758,stable
LCOR,0.0187047233187366,0.813454349964039,0.894239869584031,stable
SMYD5,0.0187022509092236,0.170212154962705,0.37084247390509,stable
AMDHD2,0.0186851416253249,0.587909913915258,0.744832549247315,stable
ATP6AP1L,0.018681095903154,0.124954520092314,0.309575203406658,stable
TPMT,0.0186726332232608,0.120139475387467,0.302676205098186,stable
SORT1,0.0186692064016776,0.950565607124255,0.974188936297928,stable
LRTM1,0.0186645969942981,0.0377386516887775,0.150021879103615,stable
PDIK1L,0.018619729473674,0.0306492461943159,0.131136291732348,stable
TBC1D14,0.0186132931650957,0.0915289460428037,0.25726908394061,stable
RAB11FIP4,0.0186132691245434,0.541798151872174,0.712829331172327,stable
SCLT1,0.018610098295047,0.587316935586629,0.744384777225135,stable
CPNE3,0.0186095753893984,0.510419436411015,0.687988443123635,stable
MYLK,0.0185997679324718,0.276670662172848,0.487393309468351,stable
PCSK9,0.0185995875133106,0.445747124399228,0.638671793872338,stable
C19orf47,0.0185750992144206,0.198033859908926,0.403326541740539,stable
METTL8,0.0185692689099694,0.231885069894697,0.443066150484733,stable
ZBED9,0.0185687961860789,0.320531023666496,0.531421569686593,stable
HLCS,0.0185663157579054,0.42733139330318,0.624025061111156,stable
ANKRD33B,0.018560515515601,0.0104023394941567,0.0642213121093797,stable
HRASLS2,0.0185604735614618,0.327954278503911,0.538398213864062,stable
ATAD2B,0.018541100372372,0.76284841311965,0.862357612841473,stable
NAT14,0.018532303462151,0.358276440936347,0.565260242523118,stable
AGPS,0.0185226550062201,0.811051217485619,0.893018382502631,stable
AMY2B,0.0185198138302016,0.50332210188205,0.682881307106537,stable
IER5,0.0185077195746738,0.0653251847047726,0.210806509459118,stable
SLC1A4,0.0184998533700833,0.0382182113176051,0.151354645137105,stable
BACE1-AS,0.0184795531222692,0.0243525399343654,0.113620400060184,stable
DDX28,0.0184683383684231,0.0134338546846738,0.0762739557580966,stable
EIF2D,0.0184307044806381,0.211252179523851,0.419552663281813,stable
FAM227B,0.0184123402513939,0.124087961132772,0.308303096928253,stable
HARS1,0.0184028229377952,0.818692514626824,0.896162901770336,stable
EXOSC2,0.0183963077839164,0.559532068374772,0.725853762476197,stable
ZNF48,0.0183767263260088,0.142577005250593,0.334715058994285,stable
SAP30L,0.0183701553948454,0.40234299818113,0.603687346233722,stable
CCNJL,0.0183683106229818,0.707624088598428,0.826406502247748,stable
TRAK2,0.0183642968952983,0.553728060660417,0.721617464127179,stable
SS18L1,0.0183328967705963,0.511954397544136,0.689145529741165,stable
TMEM38B,0.0183288565217119,0.0192061702031563,0.0974175205657187,stable
BAIAP2-AS1,0.0183198368708292,0.191450565020898,0.395119315687229,stable
FBXW8,0.0183153768446108,0.163129979677297,0.36216870170274,stable
RABEP1,0.0183146100708431,0.837656945401834,0.90607189634475,stable
KIAA0922,0.0183060772358332,0.00635381473942208,0.0461217525978001,stable
LL0XNC01-237H1.2,0.0182981681760893,0.00133877844011729,0.0150415695330825,stable
LCORL,0.0182948233278106,0.0342624074011272,0.140962437809917,stable
FASTKD1,0.0182549648843521,0.535414984222708,0.707940807694796,stable
SLA,0.0182416309852887,0.165878834697532,0.366045301555983,stable
RPP38,0.0182341009161204,0.0677567373055539,0.214797291707233,stable
PLA2G4F,0.0182073345102435,0.198955262928247,0.404426467165634,stable
PDE8A,0.0181875634664865,0.407256940716677,0.608372093770091,stable
WARS2,0.0181579641850422,0.167688565212307,0.36779628635943,stable
KRI1,0.0181542262681755,0.626448613193659,0.77202418063104,stable
RSAD2,0.0181454902071406,0.291232774062297,0.503184371750886,stable
KREMEN1,0.018129146173162,0.05909762276025,0.199120545926487,stable
APBB2,0.0181288897961102,0.271838470435389,0.482552236789003,stable
PABIR2,0.0181217797832604,0.0330940824181689,0.138087504464785,stable
EIF2A,0.0181200461070666,0.395854347725937,0.598432296141708,stable
CNEP1R1,0.0181190815322581,0.666432524974707,0.800454575650551,stable
AGL,0.018099965357703,0.875446656044048,0.928585931204051,stable
FAM88C,0.0180759447290034,0.0977366441869684,0.267637262218078,stable
CAPN15,0.0180503578593078,0.587132737704827,0.744384777225135,stable
VAT1,0.0180365542307205,0.883383074336467,0.934043309461895,stable
GABPB1-AS1,0.017998713763625,0.00131363464472482,0.0148409148771869,stable
KDM3A,0.0179960574886278,0.345699201702442,0.555007491674633,stable
RBMS2,0.0179634482753852,0.266031428825201,0.477216595123783,stable
FGF2,0.0179579364684875,0.336456861089125,0.545937489931681,stable
TMEM186,0.0179312540652023,0.446578150834812,0.638924545389132,stable
GLOD4,0.0179088059854948,0.884028881150956,0.934564476622787,stable
SLC4A11,0.0178825827057205,0.0504264324509672,0.179241846548597,stable
BBS5,0.0178797033093685,0.283927031161411,0.495109938036763,stable
SEC14L6,0.0178641972352454,0.730219083095231,0.840289260175024,stable
ZNNT1,0.0178505871399483,0.140684215252331,0.332057124395537,stable
HSD3B7,0.0178499529465857,0.404335240205338,0.60575974687563,stable
TARS2,0.0178291366082695,0.657191676822173,0.793831059221589,stable
ZKSCAN1,0.01781955141994,0.0961451436005882,0.265659637290594,stable
KDELC2,0.0178161846647612,0.385005245876268,0.589774047826923,stable
FAT4,0.0178060208701325,0.305729280497722,0.5169066009411,stable
SHARPIN,0.0177940561714424,0.503924146809937,0.682999087549026,stable
GALNT11,0.0177773084002463,0.650244348739139,0.788863330586268,stable
SLC25A46,0.0177756751858329,0.57963488338725,0.739969886204069,stable
SH3BP5,0.0177744878000626,0.728828069352498,0.839381413205666,stable
RUNDC1,0.0177455856151865,0.451651759101236,0.642944145931145,stable
ADCK3,0.0177427598581177,0.770495451590502,0.8677037178309,stable
TP53,0.0177204450562399,0.537042047412107,0.7090950515841,stable
LPP-AS2,0.0177122390749824,0.0275435650893588,0.122790860558834,stable
ACADVL,0.0177059061266713,0.202717688556102,0.40872417932872,stable
RASA4,0.0176968102216022,0.61405817524897,0.763295417352391,stable
MARK4,0.0176935118602691,0.573592007770999,0.73558313238502,stable
GOLGA4,0.0176892696874468,0.835896062965464,0.905146889104573,stable
NUP133,0.017656615985051,0.836429654630539,0.905366493632008,stable
LRFN4,0.0176564262676211,0.220083420096647,0.428869715807654,stable
MEST,0.0176408588637065,0.595743748489028,0.749523629222919,stable
PLAA,0.0176269282318073,0.805381723994712,0.890195194314828,stable
SLC29A2,0.0176206743190505,0.61633578474813,0.76542605229718,stable
TRMT61A-DT,0.017613335118527,1.4335436061955e-05,0.00039736138417537,stable
PDXDC1,0.0175828800431928,0.789064635198291,0.879825421934134,stable
RGP1,0.0175787382628022,0.818382377050419,0.896162901770336,stable
SLC16A2,0.0175687029255185,0.0159001646091816,0.0853595134750269,stable
FKBP1B,0.0175547633141849,0.437790489289407,0.632421524589188,stable
PPP2CA,0.017549975846832,0.198342049729205,0.403617981669687,stable
CC2D1B,0.0175187468484415,0.680223956257462,0.809724183590537,stable
AADAT,0.0175154009790264,0.292483537313915,0.50439504265945,stable
SFXN5,0.0174938991196283,0.496189810648611,0.678231493387971,stable
SIRT2,0.0174933375222383,0.766045950120393,0.864568894310007,stable
LINC01023,0.0174907003518798,0.103960879757018,0.277047698746412,stable
SLC35B1,0.0174887937987616,0.393766632526471,0.596676949212884,stable
RPAP1,0.0174843458158345,0.385833684003133,0.590513453518754,stable
MUL1,0.0174766552436773,0.211788308560278,0.420139611139377,stable
ZNF626,0.0174700524423447,0.75591163264514,0.858361709006427,stable
ARID5A,0.0174656596621785,0.504533166121507,0.683222707918585,stable
KNTC1,0.0174650021040368,0.00214837697343272,0.0214032274843045,stable
ARHGAP39,0.017431186304182,0.0680317115637362,0.215166789690844,stable
ENC1,0.0174301357235672,0.210216721130984,0.418509113828197,stable
RADIL,0.0174253795890419,0.165687914346134,0.365845810019447,stable
METTL9,0.0174244010665541,0.895759694787893,0.941858500136555,stable
GNA13,0.0174124374503691,0.667283951472531,0.800950414650454,stable
TMEM237,0.0173945982211587,0.0723086665042632,0.223320146373955,stable
C8orf33,0.0173915233631669,0.572331998163111,0.734778448258609,stable
CMTR1,0.0173839138632625,0.102711397616661,0.275037048075808,stable
SCMH1,0.0173651618691685,0.78240922986736,0.875350016586113,stable
SMG7,0.0173613824239035,0.584898116781856,0.743221889765219,stable
UBXN8,0.0173186440020342,0.427649912724399,0.624025061111156,stable
CSRNP1,0.0173170299755852,0.849476426166351,0.91384316056125,stable
SMARCA1,0.0173138954267423,0.9316728528714,0.962946711736188,stable
PNO1,0.0172995972040942,0.260963899559021,0.472595956771773,stable
NBL1,0.0172946090330039,0.49547474728155,0.677784614007349,stable
LSM11,0.0172824290902778,0.396805569953682,0.59920770679444,stable
CMTM3,0.0172767773685544,0.0271004596710852,0.12166921762701,stable
AVEN,0.017275709604706,0.525738183035251,0.700602152994976,stable
PALB2,0.0172614038644585,0.192027693072265,0.395743452675356,stable
SLC4A1AP,0.0172566762676245,0.501021481842424,0.681225204298708,stable
FUT3,0.0172462440769486,0.0474328493240443,0.172104229782463,stable
AMOT,0.017233592087179,0.606193870569225,0.756906422251093,stable
NUDT6,0.017223754700109,0.63225019536558,0.776430205120296,stable
SLC25A16,0.0172203344547515,0.119499795598618,0.301640170081276,stable
LINC00997,0.0172177210327104,0.090073308122703,0.255465456726664,stable
OR2A1-AS1,0.01720898688328,0.366305386281775,0.573257846870876,stable
CEP63,0.0171960580053103,0.538776037051026,0.710701589660908,stable
ARAP3,0.0171831787295,0.322324422448429,0.533526572783968,stable
DUS2,0.0171747062238508,0.00377217015729792,0.0323359102403996,stable
PARD3,0.0171647060996507,0.308554178708787,0.520243624901546,stable
EIF1AY,0.0171608552452252,0.0271028533702837,0.12166921762701,stable
GPR125,0.0171546546650711,0.23281415262905,0.444133666793302,stable
HDX,0.0171464950503556,0.271432265170871,0.4821956124762,stable
BSDC1,0.0171357274187036,0.691811772572196,0.816836386353957,stable
TMEM259,0.0171155985979986,0.964967160235575,0.981589295724363,stable
DYNLT2B,0.017108748537298,0.675517977588175,0.806872362520798,stable
C3orf18,0.0171001828725586,0.0226398110418433,0.108742259400979,stable
VPS37A,0.017099373140882,0.809379340905449,0.891900573625548,stable
LAT,0.0170959233113161,0.566890604784049,0.731711941494628,stable
HAGHL,0.017087636935074,0.201704918611619,0.407539533137847,stable
CLEC7A,0.0170860712355337,0.0297280956947642,0.128754870477181,stable
MTMR14,0.0170817340451914,0.344148215523266,0.553462411071754,stable
PRDM6,0.017064673551765,0.122696020867348,0.306339084779914,stable
YWHAG,0.0170598496348885,0.917393127978556,0.954726170305625,stable
SNX10,0.01702272734909,0.325590699073693,0.536029724643343,stable
IKZF2,0.0170095987449167,0.059536085358395,0.199591881154022,stable
GABPB2,0.0169788266963207,0.44274193371889,0.636547542023237,stable
CTXN1,0.0169693620572755,0.204639335993329,0.410892122730363,stable
ASUN,0.0169610403272857,0.549851090037501,0.718556737718453,stable
POLR1A,0.0169503826142778,0.773897572157666,0.869811331064248,stable
OPA1,0.0169496235493504,0.768414078644093,0.866281812906519,stable
SMARCAL1,0.0169460552960935,0.724446549953758,0.836463079874821,stable
NFKBIB,0.0169395944028143,0.0368397006650778,0.147939717782494,stable
NPIPA5,0.0169329178913302,0.0366440663187047,0.147444722409429,stable
ZNF844,0.0169212422225753,0.445285852136855,0.638645342780818,stable
TAP2,0.0169121833215871,0.237471331409647,0.448500967599099,stable
POLD1,0.0169038830366308,0.472979931876485,0.660266862252849,stable
COASY,0.0168793254828955,0.607802908279888,0.758295851277133,stable
ZNFX1,0.0168681591348265,0.796137114128172,0.884695364067222,stable
HBB,0.0168621042147007,0.152778710355327,0.348429570107069,stable
PARVB,0.0168590128329625,0.0134131370740707,0.0762260286347931,stable
USF2,0.0168514324639009,0.0330172698426268,0.137889684508462,stable
TAPSAR1,0.0168511034490511,0.280852087796698,0.491730090448773,stable
ZNF689,0.0168433803843936,0.403738581967267,0.605324104894881,stable
PMPCA,0.0168403226125648,0.750202512261064,0.854020814851858,stable
WDR55,0.0168347069673757,0.617355697609095,0.766147822088688,stable
ZNF445,0.0168270060251864,0.41177719147602,0.61188089795114,stable
TUBGCP4,0.0168199685367908,0.203326516628194,0.409533920898652,stable
MMGT1,0.0168183338300153,0.501200672718111,0.681225204298708,stable
SEC31B,0.0168142311125995,0.376440955433411,0.582556556427145,stable
SLC25A21-AS1,0.0168141262350765,0.191420787529909,0.395119315687229,stable
SZRD1,0.0168069238828178,0.130645323284996,0.317686180989813,stable
TC2N,0.0167870251269952,0.737674562744503,0.84542788814821,stable
USP36,0.016760255390843,0.0358539169536233,0.145509746253996,stable
PDS5B,0.0167549212399528,0.312013230978829,0.522908919866067,stable
TNFRSF10A,0.0167498421194579,0.651336137076846,0.789546345846902,stable
LPHN2,0.0167051676655754,0.0455053485065183,0.168206041773111,stable
LRRC41,0.0166997110201807,0.38810357414527,0.59242983146251,stable
FAM153A,0.0166971495216395,0.303827342690123,0.515044437254759,stable
NOM1,0.0166967770245239,0.645938712900415,0.786684749077879,stable
TIMM8A,0.0166803755979326,0.31343663561832,0.523994725628876,stable
ADCK2,0.0166663244435558,0.864374222925885,0.922079631821801,stable
EP400,0.0166444633268455,0.102847519156678,0.275280944640078,stable
CEP135,0.016624638086075,0.60429858728698,0.755889772032628,stable
DDX11,0.0166224044295221,0.260936794040751,0.472595956771773,stable
EDN2,0.0166205991121597,0.0146620266811148,0.0807336099774535,stable
LAYN,0.016605930001247,0.00775890172395616,0.0528175588761609,stable
YDJC,0.0165828681076296,0.816501764402997,0.895831295760906,stable
THG1L,0.0165770377396504,0.112986778556164,0.291457768897816,stable
CRBN,0.016572077472829,0.903373701067058,0.945853543626871,stable
TACO1,0.0165590091653118,0.592782972314297,0.748108512654343,stable
SLFN12,0.0165538038466389,0.212599523873648,0.420860984588093,stable
ZNF430,0.0165534902893109,0.354862874912616,0.562844658483433,stable
UBN2,0.0165448198372413,0.220023504053275,0.428821319124241,stable
FOXRED2,0.0165348479491685,0.00507925548009622,0.0398260545148789,stable
FPR1,0.0165226218909351,0.218772124789097,0.427814822175959,stable
RTFDC1,0.0165109880251295,0.139499446659823,0.329914461398504,stable
TMEM185B,0.0165029421676621,0.275698187111951,0.486521530136638,stable
B3GNTL1,0.0164795440775448,0.371096324525551,0.57779535434529,stable
LY6K,0.0164599247637354,0.495921108781461,0.67809168162691,stable
KLHL9,0.0164599241274084,0.441793707777536,0.635575648331482,stable
GLIPR1L2,0.0164591089839918,0.0451729392563552,0.167483775999298,stable
EXOC3,0.0164525530970982,0.827301240399222,0.900226020584485,stable
GAK,0.0164497701216681,0.649769758552007,0.788744207973304,stable
LINC00926,0.0164424743989448,0.201942874490705,0.407822517392099,stable
ITGB6,0.0164345433378511,0.439752392860137,0.634131561911326,stable
CHTOP,0.0164154677477871,0.391757070500742,0.595212215443681,stable
PRR12,0.0164117118288674,0.476756250719992,0.662860374067468,stable
TTLL4,0.0164108723244903,0.361710098814319,0.568614229411811,stable
RBM11,0.0163927390143964,0.584721691170738,0.743152209697556,stable
C11orf71,0.0163869699734731,7.77814071475118e-05,0.00163931020857101,stable
INTS2,0.016373778626743,0.114068678813426,0.293305748804232,stable
ENPP2,0.0163733702323548,0.492390454356175,0.675076369902409,stable
SGPL1,0.0163667869854103,0.649229569049621,0.788732715119985,stable
ETV6,0.0163500626247167,0.076474317681234,0.231071558819944,stable
STX6,0.0163380566443946,0.734018462042424,0.842422465496817,stable
AHSA2P,0.0163361741919676,0.418008440315715,0.61706196459789,stable
POLR1G,0.0163353359786129,0.210247420485844,0.418509113828197,stable
IFIT5,0.0163251000955365,0.225012550153396,0.43448721683658,stable
NUPL1,0.0162906764953498,0.178375234810437,0.38020206980345,stable
SUCLA2,0.0162826737133778,0.477026922118922,0.663161275558024,stable
RBMXL1,0.0162803092350729,0.636880020859375,0.78010107357414,stable
ADAM15,0.0162486580791014,0.879865282879978,0.931774514244551,stable
LAT2,0.0162468344978796,0.34828388392434,0.556841452640751,stable
LZTFL1,0.016245548839516,0.690904798825971,0.816328168749147,stable
STAT5B,0.0162277335326812,0.709519351806545,0.827355199511896,stable
IBA57,0.0162254130760823,0.200244173363986,0.405934456915649,stable
PSTPIP2,0.0162226455961349,0.0592944652745205,0.199136312250275,stable
TANK,0.016215135553366,0.844273834834626,0.910489930041329,stable
FPGT-TNNI3K,0.0162062393007783,0.00525992795177667,0.0408496564691982,stable
C2CD2L,0.0162037233169054,0.588889296851236,0.745194903179039,stable
FBXL18,0.0161397465968447,0.0325709704026555,0.13662381899468,stable
GNL1,0.0161302030297993,0.209726064095666,0.417834018218012,stable
CDKN1C,0.0161276604411514,0.295380623800398,0.507196621061394,stable
LINC03125,0.0161133334608795,0.499407074889286,0.680119438886657,stable
MED23,0.0161048657181158,0.805501394332159,0.890195194314828,stable
AASDH,0.0161023833929004,0.0555080198941285,0.190714813149936,stable
DGCR6,0.0160997942211331,0.0904821233444619,0.256119788874579,stable
RAD18,0.0160964314271701,0.427499248655885,0.624025061111156,stable
DCUN1D4,0.01608911405264,0.522936445650837,0.698908162598016,stable
TCERG1,0.0160828622300116,0.422948603164863,0.621035882893368,stable
MSANTD2,0.0160800751056879,0.26108079197729,0.472667594954146,stable
CCDC125,0.0160499802676878,0.171821205634583,0.372665439616242,stable
DIAPH3,0.0160423680205924,0.884392383756274,0.934787072981988,stable
SBF2-AS1,0.0160286680328176,0.318740363274297,0.529818085486131,stable
XPO4,0.016027191055086,0.898384439737937,0.94266141413835,stable
MDGA1,0.0160176924040747,0.732759701756799,0.841847236304052,stable
CEP85L,0.0160052583729808,0.341829031520707,0.551037594792183,stable
ESAM-AS1,0.0160036663156189,0.160683027133719,0.358232595966182,stable
METTL10,0.0160033808173784,0.568290158610364,0.732233360483294,stable
MARCHF5,0.0159939818763557,0.251358366231535,0.463509529161908,stable
EPC2,0.0159894095583039,0.746558386537115,0.851458268056512,stable
KRBA1,0.015970801627125,0.23751510791692,0.448500967599099,stable
PRRC2A,0.0159600654424953,0.154604908848409,0.350889418077042,stable
TEFM,0.0159526045191305,0.283657174712313,0.494922252880861,stable
TMEM14B,0.0159423657758525,0.807221402000778,0.890968344745599,stable
C21orf2,0.0158796497316128,0.294874611762963,0.506754850863274,stable
TMEM194B,0.0158782964748862,0.0835976739830188,0.244007048113482,stable
LSM10,0.0158689146559534,0.0939228259833389,0.26178130592174,stable
FEZ2,0.0158458729934307,0.319843685713198,0.53078593730086,stable
FITM2,0.0158425156697505,0.404691717253898,0.60594702985199,stable
IYD,0.0158268607570359,0.371118694794084,0.57779535434529,stable
TRMT13,0.0158172784795228,0.804101877877779,0.889311598080448,stable
FKBPL,0.0158169013609486,0.575044963328964,0.736751874199062,stable
SEH1L,0.0158134372937272,0.239815764225782,0.450285165737623,stable
KIAA1715,0.0157802541918108,0.784568046742575,0.877051650972222,stable
ARHGEF6,0.0157567780742863,0.595437732919807,0.749523629222919,stable
HAUS6,0.0157508469988696,0.623063617022173,0.770086274374544,stable
TADA3,0.0157488701262883,0.680557180566628,0.80988424603256,stable
ANXA11,0.0157439958510186,0.969518015178075,0.983858044835005,stable
RRS1,0.015735381460177,0.311748474415554,0.522888769381961,stable
PSAT1,0.0157311931852832,0.159201255275962,0.356590939563429,stable
RBFA,0.0157037645715275,0.816662435644652,0.89584967010968,stable
ANKRD32,0.0156982981353549,0.552821396193215,0.72089702870342,stable
ZMAT1,0.0156866971949874,0.158567195730554,0.355784798315621,stable
ARL14EP,0.0156762649692398,0.709275650620644,0.827177898215038,stable
FAM200B,0.0156751382694553,0.143219328977784,0.335836001807872,stable
HNRNPA0,0.0156693597004972,0.308626211945576,0.520291297706994,stable
DCAF11,0.0156507436468425,0.136052506051651,0.324942874609606,stable
MBTPS1-DT,0.0156438490512294,0.465656990006229,0.654335020969296,stable
HRSP12,0.015626115419871,0.379689489108229,0.585434449401992,stable
KIAA1731,0.0156216368103882,0.742364386686305,0.848263713836959,stable
TLK1,0.0156171338817307,0.0432974044694029,0.163455056279797,stable
TRIM44,0.0156150381933168,0.858874012790319,0.919239543033021,stable
SNRPA1,0.0156146768167847,0.85171213377763,0.915523137820766,stable
ZSCAN29,0.0155944217682223,0.196768245910606,0.401752971105937,stable
U73166.2,0.0155894010052482,0.426897408636948,0.623787118453432,stable
C9orf91,0.0155695421862123,0.112486985696951,0.290922582572462,stable
TMEM54,0.0155370253375897,0.871489743511742,0.926453723411483,stable
CACFD1,0.0155197862271237,0.895542820773069,0.941858500136555,stable
CDC7,0.0154989948828637,0.291096357552915,0.503090891379448,stable
HNRNPA1L2,0.0154968138405428,0.122143958508794,0.305514221829631,stable
CCDC88A,0.0154877267365965,0.602133402406027,0.754556986188276,stable
ERF,0.0154726390866364,0.29733975095285,0.508560391163795,stable
TSHZ1,0.0154712567078388,0.644076952247793,0.78527794377389,stable
TRAPPC10,0.0154585268793105,0.700337191327857,0.821664442536877,stable
SMC1A,0.0154262817588221,0.927729484432487,0.961227768918692,stable
PRR5,0.0154256804085614,0.403411559074982,0.605067840261666,stable
ZNF678,0.0154224448149895,0.347614066110739,0.556692564409495,stable
NSMCE1,0.0154059393438844,0.53014019191809,0.703859422831186,stable
PLEKHH3,0.0153992315569154,0.164122509566206,0.363758471371535,stable
INCA1,0.0153764560031363,0.206253512173684,0.413250767548126,stable
B3GALNT2,0.0153580825492614,0.348235554894624,0.556841452640751,stable
COA6,0.0153472826822156,0.0760528829428116,0.230537589957086,stable
NT5DC3,0.0153327468689671,0.511102943846086,0.688530128452122,stable
RALGPS2,0.0153316579996869,0.84277090689827,0.909511041398822,stable
ST3GAL2,0.0153302028648516,0.468177736094286,0.656307872249604,stable
LANCL1,0.0153296855697667,0.020491363516393,0.101493690285409,stable
KANK3,0.0152503246369083,0.385910256295748,0.590556706679922,stable
GTF2E1,0.0152376168840692,0.394781887779806,0.597464407331036,stable
CPSF4,0.0152140461334558,0.238437625335561,0.449446651056576,stable
ARHGAP35,0.0152050008128484,0.0636554219084808,0.207610426203113,stable
KCTD12,0.0151956673869878,0.682745733321895,0.810673515699548,stable
BNIP1,0.0151811403694511,0.719031625139207,0.832712710015972,stable
IFT25,0.0151781820753611,0.0279053516820356,0.123861662658389,stable
DUSP14,0.0151718727420251,0.067802440904819,0.214830751068042,stable
RBM41,0.0151682605619433,0.559661094068012,0.725867078396538,stable
SLC46A1,0.0151660138383131,0.121937851039141,0.305256664161879,stable
SPEN,0.0151528202039845,0.640902287965877,0.783360620747414,stable
ZNF587,0.015105516075178,0.673410707292922,0.805694686990097,stable
CCDC149,0.015099531695703,0.528019878153055,0.702040304917291,stable
XRCC5,0.0150981042733297,0.581135545676726,0.740905393236577,stable
ZEB2,0.0150943333798556,0.331251843926325,0.541509543043105,stable
SWSAP1,0.0150885307375237,0.422398291761649,0.620700436639573,stable
PDIA6,0.0150750356437755,0.00064768426388161,0.00867173323295597,stable
CLEC2D,0.0150562375553481,0.562275453754293,0.728021941181282,stable
S100A12,0.0150513782470034,0.426228166278353,0.623680258844804,stable
TAOK3,0.0150498555894981,0.597685338156642,0.751425030713442,stable
REV1,0.0150439464390759,0.853505336744562,0.916403094981601,stable
ZNF526,0.015025933948393,0.000496280403728295,0.0071564985790958,stable
PPP1R18,0.0150130268497604,0.047329844600607,0.171934627161314,stable
OXSR1,0.0150022901832881,0.904332731906769,0.94636125363674,stable
SMIM15,0.0149814872143234,0.778624868128907,0.873443185097528,stable
EFEMP2,0.0149730734326331,0.761478028409328,0.861242359296412,stable
PPM1K,0.0149425648220534,0.915112233229561,0.953421364922072,stable
FAM228B,0.0149422931942095,0.726726606827143,0.838303863532603,stable
SEC14L2,0.0149412785288468,0.122274138925593,0.30566487628417,stable
SPRY1,0.0149377578692961,0.738423826629386,0.845652319347725,stable
BRI3BP,0.014927158962859,0.302630788735114,0.513728476808503,stable
ENTPD4,0.0149242076801653,0.517105229534042,0.693834811983712,stable
ZFP30,0.0149107402215574,0.533389338177947,0.706166309341703,stable
ITGAE,0.0148710226624477,0.902696803000476,0.945510054730157,stable
ZNF484,0.0148633830655014,0.129636949958763,0.316240685750533,stable
DAZAP1,0.014845564202177,0.948574649324844,0.973501512328679,stable
ATP8B1,0.014839900043022,0.229987308563166,0.440514706968998,stable
YTHDF1,0.0148216156041019,0.364300861378885,0.571071265644459,stable
ISPD,0.0148118775060273,0.202723715581645,0.40872417932872,stable
TDG,0.0147977560455408,0.169769374514743,0.370323332781683,stable
DDX42,0.0147968232509312,0.945648564984139,0.971864327997218,stable
TRIM24,0.0147813356195574,0.222034815062826,0.430886423135098,stable
CDC37L1,0.0147744084813262,0.617631390623038,0.766152489407531,stable
FAM203A,0.0147612242946698,0.551344899167479,0.719912581430477,stable
TMEM218,0.0147490212166753,0.79636553824249,0.884695364067222,stable
CPT1A,0.0147376090626266,0.304160991280106,0.51527538679675,stable
ZNF16,0.014712697972752,0.556874681857465,0.723942519786053,stable
MIER2,0.0147059536444701,0.0164762671667951,0.0875619468441623,stable
BLTP3B,0.0146936935864825,0.776062480034322,0.87184888851572,stable
SLC27A4,0.0146820252384229,0.707525237726881,0.826370008214541,stable
MACROH2A1,0.0146667133610953,0.970802975790332,0.984657780954283,stable
GOLGA6L10,0.0146626789284827,0.279383072570669,0.490471674528685,stable
AGAP5,0.01465092640729,0.118410426546679,0.29992728017128,stable
FAM76B,0.0146487071454674,0.0630757125287941,0.206750911372253,stable
SSBP3,0.014618232756541,0.79628444570881,0.884695364067222,stable
DAW1,0.0146094011308906,0.728466217516476,0.839357299440893,stable
TTC12,0.0146046952153735,0.256653245438208,0.469028146544573,stable
DNAAF9,0.0145984475533401,0.754538402889901,0.857200505290535,stable
GRK6,0.0145922157716897,0.417768916988894,0.616913172417521,stable
APRG1,0.0145859397832362,0.166797112994595,0.366954576943952,stable
RAVER2,0.0145724257679002,0.171426519702074,0.372337913439615,stable
PIP4K2B,0.0145586165397195,0.586361772177801,0.744142203727329,stable
SIAH2,0.0145455826895928,0.198755768733615,0.404123505821642,stable
NME6,0.0145267066912439,0.45366391681174,0.644983902072936,stable
EXOSC9,0.0145229891007134,0.793646001510885,0.883322291037883,stable
MKRN2,0.0144993931831418,0.316024981089211,0.527024470509484,stable
ACSS1,0.0144775965811679,0.904335783174363,0.94636125363674,stable
LCIIAR,0.0144763828407068,0.217241114807157,0.426184462751194,stable
PJA2,0.0144412730698187,0.905418607255518,0.946697207688945,stable
SGSM1,0.0144397333703973,0.0469976117912951,0.171421431706758,stable
UQCRFS1,0.01443458003855,0.645906571568089,0.786684749077879,stable
ATP6V1B2,0.0144269301278296,0.807579787590364,0.891202972240192,stable
FLVCR1-AS1,0.0144058885707955,0.0715781322876565,0.222186527170464,stable
PSTK,0.014404357514306,0.427792049420115,0.624025061111156,stable
FANCC,0.0143745156261515,0.417573012514555,0.616913172417521,stable
TGFBR1,0.0143672600193479,0.587473107189851,0.744481781286413,stable
BCAS4,0.0143665011112538,0.779747932353226,0.874061322795583,stable
TTPAL,0.0143637565680428,0.289528626886354,0.501587008936903,stable
RP1,0.0143470639716791,0.532495801026131,0.705500291151779,stable
PRKCH,0.0143469048059874,0.014377217786788,0.0795235792876457,stable
TNFRSF25,0.0143456770318451,0.679124138300532,0.809202989237324,stable
ELK1,0.0143307948275709,0.565662085717415,0.730781371360143,stable
NARG2,0.0143275333104553,0.721327972980882,0.834596605936422,stable
BBS7,0.0143259476674906,0.698142754786174,0.820450350315275,stable
GNPNAT1,0.0143168175511551,0.504270519307314,0.683169318684597,stable
LIPE-AS1,0.0143041194011166,0.330409014158369,0.540757770661656,stable
WNT5B,0.0142992961126219,0.0119834005059625,0.0705612176227771,stable
ABAT,0.0142798130982381,0.0253536039046758,0.116853237147124,stable
ITGA6,0.0142506964329981,0.353428896766153,0.561363817779349,stable
MATCAP2,0.0142417105619677,0.342548375770406,0.551833334925862,stable
GTPBP3,0.0142325243573143,0.816700648208628,0.89584967010968,stable
ARMC9,0.0142206043364665,0.691057634025658,0.81634021244005,stable
CLK1,0.0141818325300886,0.833302997823821,0.903601157225085,stable
RAB9A,0.0141767363422169,0.116081308075708,0.296547107610752,stable
LY96,0.0141703543724123,0.308845308304326,0.520375609746669,stable
GPR135,0.0141693019318535,0.0812804782925166,0.239877490740638,stable
TXNL4A,0.0141600819662639,0.882771622168954,0.933881463383236,stable
NF2,0.014151433591389,0.437540842284085,0.632210313957524,stable
FOXJ1,0.0141500906843219,0.052284930942151,0.183447472972691,stable
USO1,0.0141453149981647,0.55940093611071,0.725837707570037,stable
FXN,0.0141397710498249,0.546372281144941,0.71635715223076,stable
ORMDL3,0.0141371709110695,0.122449067444756,0.305876398588881,stable
STK11,0.014131304086495,0.35195137293492,0.559897655225984,stable
ACAP2,0.014130975808669,0.0940036796349114,0.261849926112451,stable
RFK,0.0141307823189433,0.409343682872966,0.610495837818917,stable
RELA,0.0141251891011926,0.549359729247582,0.718298569935013,stable
WDR74,0.0141189842350747,0.717873764424664,0.831938651528924,stable
BCL2L2,0.0140945074512814,0.324964767468188,0.535741408808814,stable
NUDT19,0.0140860516788453,0.707344564515526,0.826370008214541,stable
EID3,0.0140851315494699,0.0774952999414125,0.232780067575762,stable
NAV2-AS2,0.0140839018986862,0.332866512029795,0.542623203018758,stable
KLHDC9,0.0140829518967668,0.368485079018682,0.575534057194504,stable
LRRC8B,0.0140788554542509,0.438691306356764,0.633148699004439,stable
LIN54,0.01406998957738,0.322710438489996,0.533830260781354,stable
EVA1B,0.0140646666228979,0.501111031041917,0.681225204298708,stable
KIAA1244,0.0140601021887477,0.0862659942853063,0.248647845824943,stable
PPP4C,0.0140502686119226,0.203393167961847,0.409533920898652,stable
SLC23A2,0.0140444355771643,0.194691121128358,0.399044980662819,stable
OGFRL1,0.0140424809240048,0.119642328720836,0.301672406411614,stable
SACS,0.0140383247000881,0.362818649881782,0.569697517810521,stable
FANCF,0.0140326798162998,0.169974439121075,0.370632811954338,stable
RFC3,0.0140300257481282,0.543388420497124,0.714034221022036,stable
NUFIP2,0.0140268777374495,0.640856329129027,0.783360620747414,stable
POLA1,0.0140248622773154,0.0233431974736525,0.111030056777404,stable
COL6A2,0.0140126991720894,0.000293146275940459,0.00473371212298041,stable
FBXO33,0.0139948054436905,0.519955337925743,0.696006794875633,stable
SP140L,0.0139767092904236,0.898386729512629,0.94266141413835,stable
NUDT3,0.0139741115274643,0.50950256244062,0.687461912107755,stable
PIERCE2,0.0139546502731307,0.285501680277183,0.496863972054141,stable
SVIL,0.0139508901385771,0.861073070032726,0.920335478136481,stable
VPS16,0.0139448202516638,0.715142171824756,0.830663047167029,stable
PGLS,0.013943346517766,0.101036348478318,0.272221362970898,stable
ERCC2,0.0139412267818923,0.712947428132103,0.829374701321548,stable
STK11IP,0.0139313637576896,0.127763034701569,0.313987803818252,stable
SLC7A5,0.0139290579100845,0.216851982440116,0.425694336493975,stable
PPARA,0.0139159843635781,0.167482899744643,0.367648573094079,stable
MUC1,0.0139153589951979,0.350510097665204,0.558695453626217,stable
HLA-DPB1,0.0139080601647795,0.74368561372404,0.849370544909153,stable
CCDC34,0.0138790546241298,0.212916173009114,0.421196993912782,stable
FLVCR1,0.0138787509635379,0.131509299668888,0.318709294042919,stable
FBXL2,0.0138710680504173,0.649297882219602,0.788732715119985,stable
MTSS1,0.0138492621342098,0.362477045226102,0.569234249851474,stable
YY1AP1,0.0138350109466325,0.196848760823602,0.401850242536358,stable
COX7A1,0.013826543715931,0.00692253058387463,0.048942171114681,stable
MCM9,0.0138239907960378,0.0259445402111489,0.118736824987302,stable
C6orf211,0.0138103364391932,0.92581755797427,0.960129162530995,stable
DLGAP1-AS1,0.0138103084042388,0.36972766012027,0.5765468704312,stable
LINC00174,0.0138093727623983,0.169771920558618,0.370323332781683,stable
ARFGAP3,0.0138038513216754,0.738190910006965,0.845652319347725,stable
ALDH1A3,0.0138031992025359,0.182958980655326,0.385801376493135,stable
DSE,0.0137862814543778,0.514705692966627,0.691858631056086,stable
CSK,0.0137788464683991,0.0912651640918039,0.257175049759846,stable
C9orf72,0.0137703832553224,0.414923553706145,0.614493036164758,stable
POLDIP2,0.0137473482469536,0.34544204484425,0.554902096748632,stable
SBF2,0.0137451158039584,0.785534593981999,0.877409985091005,stable
PLCD1,0.0137430330531343,0.91392012690708,0.952896590865928,stable
PRR7,0.0137270197276288,0.507529857995589,0.685908787632735,stable
MBNL1-AS1,0.0137201754785873,0.11527706995609,0.295294824631861,stable
MBOAT7,0.0137168262092199,0.542041531142814,0.71300071846441,stable
QTRTD1,0.013710271671872,0.795728077840793,0.884535650108344,stable
PPP1R26,0.0137064915630394,0.255939126753873,0.468493543791455,stable
TNK2,0.0136945128556213,0.699937405968488,0.821510787379626,stable
LRRC20,0.013687305355378,0.371792165840033,0.578427662915444,stable
ZNF230,0.0136727482239675,0.372255462391352,0.578652086195169,stable
C17orf59,0.0136638227162021,4.83863210005002e-06,0.000152049971185119,stable
FAM193B,0.0136608549612122,0.848301958848455,0.913211873020889,stable
SIKE1,0.013617051668806,0.834092407437009,0.903896200641139,stable
TGM2,0.0136091386168981,0.0938955593015897,0.26178130592174,stable
RBM7,0.0136020596026352,0.0835578497413675,0.244007048113482,stable
WDR54,0.0136004293728219,0.719908373972851,0.833269573283224,stable
CP,0.0135992304337481,0.423932829088357,0.621769818065823,stable
PRKACA,0.0135879008475642,0.582457225928669,0.741644675367211,stable
RGS19,0.0135831352705955,0.368536270433114,0.575534057194504,stable
BCAS1,0.0135413727397492,0.530383662878644,0.704106200589547,stable
SYTL3,0.0135319803122174,0.536550786023017,0.708676046282589,stable
RASGRP1,0.0135167454816483,0.190850610690059,0.394747523701402,stable
BLOC1S4,0.0134966465101772,0.314522087095935,0.525234698450916,stable
ZBTB22,0.0134801506298047,0.817975870564266,0.896025184119301,stable
IQCH,0.013466846599396,0.506662915040278,0.684964330176107,stable
GRWD1,0.013463645882496,0.526687414486238,0.70118276918867,stable
RTN4IP1,0.0134584182445712,0.122426767952766,0.305876398588881,stable
MED20,0.0134505533124713,0.672093873111546,0.804827145857714,stable
PRMT1,0.0134414131998703,0.465231057631521,0.654202743412828,stable
SLC6A4,0.0134323895250821,0.279625273293951,0.490759417192427,stable
GPN2,0.0134276889861169,0.798365288111683,0.885752158456817,stable
INPP4A,0.0134242800747386,0.497152695005551,0.679016150139426,stable
FTSJ2,0.0134050379114577,0.495625200749824,0.677914563496235,stable
BCORL1,0.0133922137535864,0.411371306130557,0.611792068206257,stable
ZBTB45,0.0133885034751762,0.188980328057341,0.392873389485193,stable
SLCO2A1,0.0133786463868644,0.122778349063313,0.30638633113475,stable
VWA1,0.0133727290874674,0.781443717905722,0.874689290149007,stable
ZNF417,0.0133636460090216,0.232925783933752,0.444133666793302,stable
DCAF13,0.0133553798903038,0.861310996253781,0.92041835983969,stable
ITGA1,0.0133503267118778,0.258493411258535,0.470561944783967,stable
UNG,0.0133403425986201,0.683236273290221,0.811059756560618,stable
NASP,0.0133399495813727,0.883330998259799,0.934043309461895,stable
DDX39A,0.0133381390995275,0.00185266721011563,0.0191990575638147,stable
SOS2,0.0133375067441275,0.347964567617152,0.556841452640751,stable
TMEM161B-DT,0.013322738047211,0.839635954711734,0.907094734119511,stable
BANCR,0.0133170290441256,0.377429176004278,0.583513942920111,stable
PTPRA,0.0133092053503765,0.796399524394283,0.884695364067222,stable
FANCM,0.0133075488122812,0.0303220596851044,0.130325555192949,stable
IFI44L,0.0132932511331277,0.384451298005255,0.589246178433343,stable
C12orf60,0.0132907049277171,0.564243592315229,0.729642830049863,stable
DAK,0.0132866347680418,0.119530839649354,0.301640170081276,stable
GPER1,0.0132764730091513,0.110517890109,0.287807986513085,stable
KCTD11,0.0132719647089163,0.478066309909462,0.664228526066523,stable
BIVM,0.0132657200165742,0.76324742423365,0.862525331777031,stable
MFN1,0.0132607507050269,0.919383810843356,0.955853908230856,stable
TFAP4,0.0132605737195347,0.0136016173811065,0.0766298083928913,stable
ZFP64,0.0132517702134333,0.0313488046086386,0.133181156461459,stable
FRS3,0.0132292562795474,0.255568880985492,0.468166342149956,stable
EEIG2,0.0132276780475793,0.00972386397123205,0.0613019665726357,stable
MITD1,0.0132258067081398,0.70668365690925,0.825702640227363,stable
AKAP7,0.0132247403787426,0.732592638645506,0.841813537770508,stable
LRRN1,0.0132231825339556,0.0241017471534949,0.112898345822405,stable
KLHL21,0.0132205748002461,0.454851995406449,0.646073761544089,stable
MIS18A,0.0132195698558095,0.281086264195868,0.491851392364892,stable
ADRM1,0.0132038660518063,0.54282520712634,0.713712240277756,stable
HOATZ,0.0132023195098429,0.069434533251884,0.218360621165688,stable
ORC3,0.0131784535923086,0.0738446188932559,0.226121398134058,stable
PAXIP1,0.0131752129778705,0.253534374507429,0.465975671925848,stable
AGAP1,0.0131720962901224,0.193490628435462,0.39791881594803,stable
PHF23,0.0131635739785126,0.569006969628721,0.732779308548408,stable
SDC3,0.0131554672305602,0.404057695025286,0.605590078732667,stable
RRAGB,0.0131298248922644,0.817262152942312,0.896025184119301,stable
MON1A,0.0131221281267483,0.201302949336205,0.407068197301202,stable
LMBRD2,0.0131145135950896,0.707960263783646,0.826641156222303,stable
IL17RE,0.0131134530962416,0.358466921380222,0.565333459805423,stable
ZNF174,0.0131090750024739,0.0769216601372321,0.231923362958256,stable
TTF2,0.0131024284881804,0.626561655076393,0.772085652384458,stable
ZNF407-AS1,0.0131023879778832,0.281886693345938,0.49264545680453,stable
ZNF513,0.0131017113142962,0.0877976049979467,0.251697449224883,stable
MRFAP1P1,0.0130920174145264,0.213602852680518,0.422027035908623,stable
C2ORF15,0.0130489775233421,0.25406617531618,0.466392089963205,stable
NFIL3,0.0130487269974031,0.786015718425602,0.877546455569874,stable
PPP2R3A,0.0130430607707924,0.748230383654513,0.852808224689302,stable
LINC03040,0.013036457935189,0.474024848113114,0.661101451637334,stable
PLEKHA5,0.0130339143539713,0.667962446614614,0.801528707903902,stable
PSMD11,0.013031600788811,0.601289343169817,0.754200102419707,stable
PODXL,0.0130150825337858,0.0796329225794359,0.236155469580549,stable
CTH,0.0129865421505007,0.117249661232486,0.29816098583439,stable
PGD,0.0129846810107425,0.169879977651639,0.370492925390479,stable
NUDCD1,0.0129756286720129,0.284864159871437,0.496228737778456,stable
ARHGAP18,0.0129438830093161,0.389179838401972,0.592888128692137,stable
C14orf80,0.0129326293883263,0.639638028203645,0.782441234540314,stable
USP11,0.0129291412577258,0.517140786320648,0.693834811983712,stable
LTN1,0.0129264535578588,0.489208500226692,0.672978247442166,stable
TDRKH,0.0129215288888543,0.445180135844981,0.638568643577687,stable
C11orf35,0.0129078366834557,0.446891864489394,0.639298554888046,stable
CTBP1-AS2,0.0128827167606505,0.0609677495489805,0.202739328206403,stable
BLTP3A,0.012876862351155,0.643054767834453,0.784579447251058,stable
ZNF800,0.0128725578198133,0.418881031111368,0.617903958147806,stable
CTBS,0.0128648522308465,0.856232272521728,0.917686061886825,stable
FGD4,0.0128629690093998,0.439470400200039,0.633874474577613,stable
ANKRA2,0.0128591007115737,0.85689910250085,0.918192025681135,stable
KCTD20,0.0128466468934184,0.0990060422057576,0.269413207728708,stable
C3orf83,0.0128458616757817,5.00114493303844e-05,0.00113421142229057,stable
AGAP6,0.0128436671307797,0.741875844955483,0.84801667558779,stable
POU6F1,0.0128431194961551,0.618405306490585,0.766827598553551,stable
C1GALT1,0.0128430138557879,0.561189860455927,0.727065712748661,stable
MTA1,0.0128333668111923,0.814320315952785,0.894636748324541,stable
ZNF784,0.01282028284242,0.239262710557869,0.450168904703615,stable
NXT2,0.0127774036538567,0.515225764477854,0.692253214440239,stable
ARHGAP42,0.012775685910827,0.579881320819387,0.74007822778202,stable
AGPAT5,0.0127732682641668,0.0344524022126995,0.141419128491618,stable
IKZF4,0.0127708209020438,0.357891843000515,0.565260242523118,stable
OCRL,0.012766989886395,0.701902711246473,0.822759313479787,stable
KCNK6,0.0127573429886839,0.493418925060126,0.675804250973107,stable
PDCD6IP-DT,0.0127462309191147,0.36953465677837,0.576540095017076,stable
TBC1D22B,0.0127309934523544,0.681172347198413,0.810029149338223,stable
RFESD,0.0127113087445011,0.491100998388285,0.674371105668947,stable
SPATA2,0.0126968338416699,0.00884836618951387,0.0574676072014222,stable
TMSB15C,0.0126967482477813,0.281443705028562,0.492254664511252,stable
C19orf44,0.0126939809369138,0.0270973052200667,0.12166921762701,stable
CBY1,0.0126711384780303,0.280862196622491,0.491730090448773,stable
KPNA5,0.012663364607446,0.712942547686593,0.829374701321548,stable
LFNG,0.0126629997093707,0.198648583876151,0.403972764814851,stable
DKFZP667F0711,0.0126627876194398,0.140520350670941,0.331818455784269,stable
MFSD12,0.0126418131841565,0.000669605263030824,0.00890669720923698,stable
TMEM56,0.0126284234193237,0.468489773574204,0.656444176085634,stable
DHCR7-DT,0.0126157313625902,0.327868610667325,0.538359863475911,stable
BEND3,0.0126118295534284,0.152009699220541,0.347513533016615,stable
SCRN1,0.0125936970632556,0.858432343364641,0.919109833168904,stable
LMOD3,0.012566193130745,0.0315823205816597,0.133863483630447,stable
KIAA1958,0.012559811107777,0.685137877164173,0.812611248135061,stable
ZNF791,0.012557046240043,0.413553826982569,0.612957794081211,stable
NEBL-AS1,0.0125562221073396,0.0445593635902658,0.166420305691234,stable
MED19,0.0125516713308176,0.889443229311971,0.938340729706528,stable
INTS6,0.0125485330928327,0.854683018790412,0.916959511883193,stable
LTBP1,0.0125462486543706,0.249479785582693,0.461367760811322,stable
RNF166,0.0125216665663371,0.771453594269954,0.868187141995573,stable
FAM213A,0.0125135425290821,0.105994571791668,0.280152075986556,stable
ZNF816,0.0125118972230548,0.704563104837532,0.824406948744519,stable
TMEM135,0.0125076933209114,0.143686067728462,0.336196683994149,stable
ILF2,0.0125060727124422,0.162926702158256,0.361980372079701,stable
DUSP7,0.0125019710471868,0.0143659391399607,0.0794971661597461,stable
C3orf17,0.0124858890517698,0.77185806458191,0.868504910633531,stable
PLCH1,0.0124765545688863,0.0472975193581309,0.171868274861413,stable
THBS3,0.012461699177134,0.122571394616582,0.306090444901552,stable
STOML1,0.0124525468147773,0.508061243516923,0.68643626131712,stable
PLAGL2,0.0124491704813143,0.769780102945669,0.867182008884698,stable
FAM50B,0.0124352978777194,0.386478185169525,0.590999095651699,stable
SH3D21,0.0124290813902116,0.732736665743609,0.841847236304052,stable
ZBTB3,0.0124202885752396,0.340985963418072,0.550331715978679,stable
FAM20C,0.0124140049515465,0.228471638141593,0.438435997589141,stable
CLCC1,0.0124031995813719,0.861952561812917,0.920813959905239,stable
AIFM1,0.0123950963339272,0.636849327279803,0.78010107357414,stable
SMIM13,0.0123800870759435,0.372269745253476,0.578652086195169,stable
PIGW,0.012377415977991,0.327296577566053,0.537735230806641,stable
SRR,0.0123679435712803,0.5693523868951,0.732937627646722,stable
TP53I3,0.0123661265781982,0.94419701615993,0.971219165408998,stable
CINP,0.0123604949266452,0.85871451276449,0.919239543033021,stable
PSMD4,0.0123579633391016,0.964710029452866,0.981491086144972,stable
NFIX,0.0123511583048777,0.656366424187843,0.793455614049861,stable
SSPN,0.0123500214873419,0.396515585960722,0.59920770679444,stable
ATG4A,0.012335931073653,0.403843204962627,0.605343879517248,stable
DET1,0.012310053532877,0.0352538901093672,0.143504346552416,stable
SEPT8,0.0123086106980828,0.897118412617054,0.942300651410815,stable
SLX4,0.0123081371998444,0.112840982774929,0.291251725810966,stable
ZC3H8,0.0122960102349527,0.679351015238919,0.809281197600619,stable
VARS1,0.0122938091974061,0.620146802410813,0.768207794149754,stable
HELZ,0.0122886588139109,0.0374302657819991,0.149232736111923,stable
PA2G4,0.0122757226499203,0.89693959107449,0.942264486188945,stable
ARVCF,0.0122653576672141,0.541467965354315,0.712629673610158,stable
ADCY7,0.0122616988569799,0.0812400148178322,0.23987389882444,stable
LTV1,0.0122366576634906,0.713803846656237,0.829502635376541,stable
FNIP2,0.0122309614351083,0.691902499881763,0.816864608707231,stable
CSRNP3,0.0122080156125939,0.442853411458546,0.636547542023237,stable
ZNF124,0.0122025068960503,0.0214225029780098,0.104521364810329,stable
MSH2,0.0121944927134483,0.760633174674756,0.860684988172195,stable
PPP2R5B,0.0121856181227816,0.602409345063183,0.75472500092778,stable
SLC16A12,0.0121824113142155,0.49200599477519,0.674820944426492,stable
METTL2B,0.0121789791262723,0.71126544574462,0.828331296666787,stable
ZNF304,0.0121787346109871,0.539522609330188,0.71131119500018,stable
TMEM11,0.0121749651551562,0.959402149391427,0.979243295289905,stable
LDLRAD4,0.0121496268965446,0.411183166782534,0.611792068206257,stable
ZNF74,0.0121434731103527,0.0100449777724163,0.0627759756083928,stable
ATAD5,0.0121163107766706,0.405421968634891,0.606743161678857,stable
LINC01106,0.0121019957880347,0.441116777264172,0.635137811866729,stable
TMEM167B,0.0121009399652136,0.831519317575558,0.902788181725164,stable
TMEM231,0.0120932466231802,0.65087736166896,0.789385798798256,stable
RRAD,0.0120921788876767,0.184220622731625,0.387792817680623,stable
TCP11L2,0.0120844303704863,0.853768310940946,0.916524443044009,stable
SHE,0.0120792791392708,0.282845814686321,0.493859054238764,stable
RREB1,0.0120599949081022,0.641574379092923,0.783790246855075,stable
STAT3,0.0120523182414576,0.0151210961624748,0.0823708910383657,stable
SUSD1,0.0120346473233684,0.346412931402096,0.555715442711184,stable
ST7-AS1,0.0120322525721009,0.487064265476354,0.670934593326904,stable
EIF3F,0.0120317104668655,0.0119186626476937,0.0703494602633547,stable
RHPN2,0.012028916781496,0.858932544769663,0.919239543033021,stable
MESDC1,0.0120285452154665,0.788931062707377,0.879756733309157,stable
STK32A,0.0120262168258308,0.792193544298884,0.881946619809614,stable
SGK494,0.0120227691085675,0.44822724135377,0.640234844392204,stable
MICB,0.0120210299241058,0.403287136406124,0.604955449187441,stable
MAML3,0.0119866110805743,0.505020187195709,0.683575104449158,stable
OXNAD1,0.0119719587395491,0.0669570469861989,0.213424496051967,stable
ORAI2,0.0119659011781244,0.0737699760282927,0.226090806731392,stable
GEMIN6,0.0119610554173544,0.71451546688098,0.83009285945192,stable
ZNF22,0.0119603004731105,0.9099504209135,0.9502976458989,stable
TAS2R14,0.0119379044446784,0.0810138652279094,0.239437497230649,stable
HELZ2,0.0119327925197389,0.199421171551699,0.404668725273567,stable
RNF7,0.0119049626947022,0.559518478907644,0.725853762476197,stable
NKRF,0.0118648487644743,0.290161526895181,0.502114171116463,stable
AP4S1,0.0118518484865349,0.0973158781825944,0.267542282391722,stable
YTHDF2,0.0118459711597214,0.0528030446664297,0.184627556939767,stable
DIEXF,0.0118341636413675,0.00735021236802222,0.0508483282324299,stable
SOX9,0.011829332741205,0.42074653244963,0.619439433056037,stable
NUDT12,0.0118242748880751,0.898098291641709,0.94266141413835,stable
PI4K2B,0.0118140018246486,0.836042632152019,0.905146889104573,stable
PCSK2,0.0118139888758543,0.000362740481218827,0.00557052718896851,stable
ANKRD16,0.0117987411823013,0.526690133073492,0.70118276918867,stable
MPPE1,0.0117850996833353,0.958644549496615,0.97890493467936,stable
NUB1,0.0117785711976661,0.287136728361734,0.498715454318533,stable
AGGF1,0.0117762514826166,0.361064907516521,0.568109711546359,stable
ST3GAL3,0.0117668669328888,0.188384215168459,0.392234482408319,stable
SQRDL,0.0117627814499131,0.659636109537577,0.795912723619321,stable
MOB3A,0.0117566651727015,0.528538682743745,0.702496124590577,stable
TRAF2,0.0117550603921529,0.737271390430032,0.845045051722148,stable
LIF,0.0117476441322325,0.151374782589699,0.34671263675782,stable
TYW3,0.0117419634505732,0.730982057181491,0.840747325351966,stable
CENATAC-DT,0.0117416493584718,0.183369674068014,0.386267602241496,stable
PARP11,0.0117359407207657,0.673543581389033,0.805773804942214,stable
LHFPL2,0.0117337357254348,0.299724749664025,0.510995165954399,stable
HSPH1,0.0116912262089433,0.0436260780938913,0.164037274260144,stable
DHODH,0.0116900940219763,6.63406498998245e-05,0.00143785124889265,stable
GPATCH2L,0.0116861891086404,0.173689170625376,0.374788423958446,stable
SMG6,0.0116755543104521,0.125036979695558,0.309716725389767,stable
CTDSPL2,0.0116688498700932,0.904400537056969,0.94636125363674,stable
ATPAF2,0.011662381976536,0.241673311475633,0.452683812362571,stable
KIAA1217,0.0116525015326132,0.67196454657515,0.804827145857714,stable
TRMT2B,0.0116436676770059,0.231240080615912,0.442221330639692,stable
SNX12,0.0116318998942574,0.500534838628171,0.68112410858185,stable
ZNF343,0.0116293739489195,0.601777197218182,0.754379423392132,stable
TTC14,0.011624920077136,0.932600227348861,0.963334897677241,stable
NFATC1,0.0116202176733029,0.355326341248315,0.563269177904571,stable
LEPR,0.0116162554102864,0.374579816723028,0.580926627711533,stable
TMEM108,0.0116019003586401,0.035411045118203,0.144096077072208,stable
RPRD2,0.0115899623303335,0.239008202926988,0.450027073150004,stable
BAZ2A,0.0115809890486182,0.527209597646122,0.701638516838876,stable
WDFY3,0.0115711160620808,0.702457639173165,0.823086359528459,stable
CHI3L1,0.0115410186864619,0.461202705808189,0.651611404969869,stable
C14orf93,0.0115387971679636,0.277746173133561,0.488513556889878,stable
CMC1,0.0115311268840279,0.0923707138878154,0.258976973982719,stable
OARD1,0.0115244655746752,0.19763803662696,0.40292317540493,stable
CSNK1D,0.0115206702181993,0.0492716397793395,0.176574765365771,stable
CNFN,0.0115171352874613,0.112146635583557,0.290526936124526,stable
RS1,0.0115113195897299,0.6268057389327,0.772308572998017,stable
ANKRD9,0.0115107460252884,0.273746452151788,0.484546283102151,stable
CH25H,0.0115098985894205,0.54271710210766,0.713658977642431,stable
BOP1,0.0115094400492042,0.830027943851363,0.901851883596302,stable
BAZ1B,0.0115056411113662,0.946521694301507,0.972196550620784,stable
VSIG4,0.0115040089847684,0.652397038878501,0.790220115264645,stable
GARIN1A,0.0115001671136946,0.170370557093772,0.37096716956079,stable
ACVR2A,0.0114972076543585,0.179921201322517,0.382457647529992,stable
CCDC41,0.0114794789246779,0.37475080791232,0.581118086505163,stable
ATOSB,0.0114643878387969,0.0949655205712057,0.263472202329192,stable
RCSD1,0.0114618471987306,0.438098331811989,0.632716749554558,stable
FECH,0.0114603662234977,0.765136914469404,0.863782198233653,stable
WIBG,0.0114525093383129,0.44794481231854,0.64001025718583,stable
BAZ2B,0.0114356222901332,0.00394578701530281,0.0333563627075115,stable
ZNF517,0.0114146612742114,0.00336245756014697,0.0296984690861536,stable
ZNF432,0.0114137272843689,0.0650069943556577,0.210075564012423,stable
CNPY2-AS1,0.0114129218115147,0.403780493399285,0.605324104894881,stable
RHBDD2,0.0113946471318345,0.525286798257995,0.700306011768539,stable
NAGS,0.0113853993265115,0.658802504883527,0.795152834262205,stable
NANP,0.0113778384688915,0.119084819402205,0.30101175193808,stable
GEMIN5,0.0113729769569508,0.668502130804663,0.801940141997664,stable
EME2,0.0113708311367344,0.00260228546269211,0.0244883275565423,stable
ZNF260,0.0113707948076961,0.306812921597596,0.517807697585118,stable
RHBDF2,0.0113663746426562,0.662287588689223,0.796959920146909,stable
SLC22A23,0.0113641066311226,0.639261291586137,0.782215218052946,stable
TLE1,0.0113322634855871,0.0384781001321908,0.1518613333351,stable
KAT6A,0.0113153983241475,0.781901584010866,0.875062238410132,stable
CLN8-AS1,0.0113066089398155,0.642548905659915,0.78425097344545,stable
TIPRL,0.0112939343175898,0.271429630011303,0.4821956124762,stable
GNMT,0.0112842409402757,0.415558551059839,0.615076225617354,stable
ADAT1,0.0112814949838545,0.269788757009171,0.480813203918954,stable
SLC9A9,0.0112710059989839,0.266345280089992,0.477320730658271,stable
OBSCN,0.0112579709921597,0.108971637444349,0.285056558125341,stable
NSUN3,0.0112498525463171,0.897390708686183,0.942414434963909,stable
PITPNM1,0.0112386449541629,0.728669802165147,0.839357299440893,stable
ALOX5,0.0112241444570868,0.399853980047834,0.601873544157705,stable
APBB1IP,0.0111917213176831,0.545196496219127,0.715533816811532,stable
ZDHHC20,0.0111843400817084,0.595273415640234,0.749523629222919,stable
NDRG2,0.0111794996946795,0.182358869305462,0.385133866342427,stable
MED27,0.0111542758152933,0.0764819639222426,0.231071558819944,stable
MAPK1IP1L,0.0111517446113177,0.87042561700604,0.925949242214066,stable
CLCN2,0.0111482570310443,0.349576557819943,0.557983961913649,stable
MFI2,0.0111405397172877,0.417487384235148,0.616913172417521,stable
PLCB3,0.0111326011091757,0.230543308741638,0.441303070162509,stable
TOR4A,0.011125975978974,0.233285745161535,0.44458311006401,stable
SPATA7,0.0111150404224595,0.398906803460958,0.601254241878048,stable
NUP85,0.0111108258707177,0.47938540377035,0.664897081336147,stable
UBE2E3,0.0111063232903647,0.944011228632023,0.971219165408998,stable
XYLT2,0.011098358482875,0.000410233904578557,0.00611548688971741,stable
CSTF3,0.0110963631601508,0.673062374660313,0.805454375043545,stable
GMFG,0.0110914895386446,0.825136558386797,0.899052436912399,stable
CCDC51,0.0110723025096229,0.684053540737411,0.811753274631017,stable
ATF7,0.0110516467238915,0.353470002081778,0.561363817779349,stable
TARBP1,0.0110496669561994,0.0923076776834021,0.258859612755657,stable
CTSK,0.0110368254492474,0.465919692769498,0.654335020969296,stable
S1PR2,0.0110340352372068,0.289436516765516,0.501508398632093,stable
PCDH20,0.0110236460315129,0.126954886283652,0.312756253512972,stable
TMEM25,0.0110049219434935,0.0275028556920915,0.122756050004591,stable
TFPT,0.0109993074102647,0.658811183361225,0.795152834262205,stable
BRK1,0.0109821129540609,0.850111692830227,0.914285178000765,stable
PVRL4,0.0109750603400482,0.671437047664482,0.804559328133206,stable
FAM195A,0.0109705152503881,0.896090834144972,0.941858500136555,stable
KIAA1430,0.0109490513857301,0.707427915928463,0.826370008214541,stable
TBC1D10B,0.0109337243659073,0.860928885275948,0.920335478136481,stable
MNT,0.0109249230637802,0.155379783470006,0.351810114507998,stable
TM4SF4,0.0109060697672171,0.676626738059412,0.8076939006766,stable
SLC38A9,0.0108971171938797,0.814343037029313,0.894636748324541,stable
EXOSC1,0.0108825760901229,0.565049735927184,0.73045512039674,stable
ZNF195,0.0108754799150602,0.860424869466928,0.920114915962184,stable
FAAH,0.0108659775831028,0.326128178862007,0.536625502545318,stable
POLI,0.0108654745121552,0.921800369811803,0.957361119209546,stable
HYLS1,0.0108602330234283,0.218323694003991,0.427690518510383,stable
IRF2BPL,0.0108589393151955,0.117340591015116,0.298206109057959,stable
FAM131B-AS2,0.0108568266639956,0.140528807722117,0.331818455784269,stable
ZNF582,0.0108473719325032,0.0770972836492551,0.232188345607086,stable
RIOX1,0.0108427986991386,0.384303135098449,0.589246178433343,stable
ZBED1,0.0108401462819323,0.751495072970025,0.855014498509455,stable
ZNF775,0.0108393639584837,0.187114363175114,0.391055902795792,stable
ATXN7L3B,0.0108287656083411,0.637800983159442,0.780819150539912,stable
TSTD2,0.0107972097407799,0.922694536230578,0.95779704576109,stable
TAF1B,0.0107885815893503,0.820803389560049,0.897460292151154,stable
E2F1,0.0107865255845418,0.517568392397538,0.69425612077993,stable
C5AR1,0.0107579518361097,0.257783766032244,0.469969985977354,stable
NFATC2IP,0.0107523345302713,0.757550813401566,0.859337476894626,stable
RNASEH1-DT,0.0107373771433144,0.0199000779392042,0.0998070984736169,stable
ZNF71,0.0107269759888875,0.798570346523735,0.885774534236274,stable
STK16,0.0107199846200991,0.419293568304925,0.618268344868444,stable
PDIA4,0.0106983699634401,0.877440480782228,0.929931718144785,stable
NRGN,0.0106930745468754,0.0327554106655003,0.137077076335185,stable
SEPSECS,0.0106924670848364,0.622563398501959,0.769797186252069,stable
YLPM1,0.0106911756985007,0.62550103613645,0.771545020512001,stable
FANCL,0.0106865116297778,0.151615395434134,0.346896321987219,stable
CLDN23,0.0106817332105721,0.0409479810344659,0.158051190453209,stable
CSNK1G1,0.010679990820101,0.159676290296218,0.357189347613356,stable
CDC42EP4,0.0106788188966648,0.499744925487911,0.68035215159419,stable
NEK3,0.0106780402509675,0.0894744403619429,0.254475467423078,stable
ZNF680,0.0106736719596576,0.293644312058264,0.505706969653455,stable
ZC3H12B,0.0106696737132162,0.124203031746741,0.308463604240585,stable
PSMD10,0.0106686155037828,0.89605553897678,0.941858500136555,stable
STK25,0.0106596836742922,0.843845931036978,0.910245186221184,stable
MAEA,0.0106537755545428,0.862359444042781,0.921136127575931,stable
INTS7,0.0106509735046995,0.766749767400366,0.86504376157841,stable
ZBTB14,0.0106307433735277,0.589059725807381,0.745333411475978,stable
ATAD3A,0.0106305700948274,0.662298029116622,0.796959920146909,stable
CDC42BPA,0.0106228429715169,0.971117126292587,0.984861762039608,stable
BIN1,0.0106140227689117,0.0843116166086492,0.244944753067062,stable
RAB40B,0.0106122080976863,0.0925962234454897,0.25949019610217,stable
AP4M1,0.0106007571480885,0.106088253579382,0.280212362090399,stable
METTL21B,0.0105947166923498,0.262270546921101,0.474023963903625,stable
THAP9,0.0105765816726898,0.0471210993612139,0.171595965323293,stable
CADM4,0.0105737422852486,0.290945566894842,0.5029013871214,stable
SMIM20,0.0105656492012918,0.456876540955276,0.647970627292876,stable
FCGBP,0.010559434473306,0.0902112783346748,0.255678800455151,stable
TRMT44,0.0105582969110143,0.765034545126395,0.863782198233653,stable
ZNF189,0.0105578302307776,0.694732350988034,0.818703196614068,stable
LRCH2,0.0105519957714064,0.656970041178661,0.793792802546995,stable
BBIP1,0.0105433645893117,0.915506828843466,0.953574938290944,stable
FAM227A,0.0105375543898671,0.47387373462917,0.661101451637334,stable
DAPK3,0.0105256238352611,0.392183970053161,0.595461042097855,stable
PROSER1,0.0105254017025858,0.0655309642577872,0.211191802553965,stable
ERLIN2,0.0105198679620036,0.905176602035163,0.946687096447453,stable
RIMKLB,0.0105133012033634,0.343276891600889,0.552497264375151,stable
RASGRP3,0.0105023132034488,0.0511100855439172,0.180894496705509,stable
RHPN1,0.0104937240048267,0.067214989606352,0.213774897090783,stable
USP49,0.0104901275968232,0.67496871889799,0.806610384183109,stable
CTNNBIP1,0.0104848059161264,0.974226671722114,0.986493276601319,stable
TMOD2,0.0104563921527255,0.595099346671036,0.749523629222919,stable
FGFRL1,0.0104431807389803,0.836061315844219,0.905146889104573,stable
FCGR3A,0.0104360282596709,0.780900335582254,0.87454211145371,stable
SERPINB6,0.0104255536962393,0.962343457624433,0.98079760096724,stable
MTCL3,0.0104012202587089,0.271933488455541,0.482552236789003,stable
ZNF606,0.0103955577315464,0.767151074770413,0.865416642487406,stable
GOT1,0.0103727264523181,0.467246726391837,0.655453750678657,stable
ZMPSTE24-DT,0.0103620453825841,0.671575941187684,0.804601029606807,stable
LRP2BP,0.0103616920618423,0.565791463861971,0.730794046306925,stable
PRMT6,0.0103601110753564,0.0291522311288642,0.127270311899727,stable
MAMDC2-AS1,0.0103481700380896,0.246301243299347,0.457705442093527,stable
MCF2L-AS1,0.0103481076625101,0.0100940033854429,0.0629857567042647,stable
FDX1,0.0103461696858758,0.953858805049197,0.976573343727465,stable
VPS18,0.0103293832951163,0.0666337299713558,0.213138177412846,stable
MYSM1,0.0103135550785056,0.0340048379281296,0.140408331068168,stable
ANKH,0.010311192090101,0.575795609037316,0.737162669344912,stable
TAF8,0.0102956999396082,0.41818054906449,0.617148259297878,stable
B4GALT3,0.0102921498781434,0.910597793997382,0.950642284116773,stable
SLC39A11,0.0102914240337713,0.79060845087276,0.880903992659613,stable
TDRD3,0.0102818188133545,0.663617081700559,0.798116411521805,stable
RNF219,0.010277845341756,0.897627737552526,0.942472552662033,stable
KIAA0226,0.0102774164611261,0.810922450426872,0.892957033962533,stable
CHD1L,0.0102704167599501,0.0131172533924026,0.0751736078146879,stable
NNMT,0.0102613554547327,0.869338700481751,0.92511502347775,stable
FBXO46,0.0102612743336044,0.00783332677460083,0.053108478365347,stable
DTYMK,0.0102541210652213,0.20902830769623,0.416897052256275,stable
TMEM30A,0.0102454108186832,0.966239852801566,0.982230017517367,stable
ZBTB8A,0.0102398402854875,0.350030465953744,0.558205169927778,stable
CEP44,0.0102350205507512,0.546675663971794,0.716523876976232,stable
IPO11,0.0102203544538964,0.00237223178040326,0.0229933925066289,stable
EPM2A-DT,0.0102153831809177,0.21968976845426,0.428717709065275,stable
GCH1,0.0102061853775628,0.219821768279741,0.428740853339305,stable
ZNF573,0.0102053632240896,0.688557122556048,0.814961489748754,stable
TOP1MT,0.0102026547217885,0.728582138794259,0.839357299440893,stable
ELL,0.0101803182979026,0.886078180338055,0.935921513561945,stable
CYB561A3,0.0101739670284268,0.788135215488466,0.879190077945885,stable
BEND7,0.0101687729563648,0.316423695189248,0.527255979453809,stable
RECQL,0.0101590448067248,0.887802420583518,0.937175888533067,stable
TARDBP,0.0101424236448164,0.364905004916385,0.571725042309393,stable
MYO1F,0.0101318520308348,0.232930377766022,0.444133666793302,stable
APC,0.0101282889528836,0.866360007103557,0.923311658834689,stable
APOBEC3C,0.0101276323951557,0.81496580487524,0.895021641362258,stable
ZNF335,0.0101272066137419,0.272438534916957,0.483210773480106,stable
P2RY11,0.0101198402112246,0.779351084710586,0.873776727460534,stable
FOXO4,0.0101081911366869,0.343651446759936,0.552881716924645,stable
SBNO2,0.0101040460095559,0.370920509733337,0.57779535434529,stable
CIMAP3,0.0101024235828196,0.0138340383230215,0.0773946381970775,stable
TRIM66,0.0100789746926011,0.366149824940946,0.573117374784042,stable
ZFP41,0.0100534408977274,0.287524332374936,0.499034138712369,stable
LA16c-431H6.6,0.0100514755182492,0.241025191459657,0.451885266932953,stable
ANKRD54,0.0100289480608131,0.783291905418439,0.876105796672614,stable
DDX19A,0.0100207828637949,0.864470216105932,0.922093682400577,stable
SLX4IP,0.0100185139593182,0.00830672176135755,0.0553533919585087,stable
CYP2D6,0.0100073587452497,0.0976149950467674,0.267603879670708,stable
DDB1,0.00998021308259772,0.773964156412453,0.869811331064248,stable
CLN3,0.00996873846843582,0.0139237357488655,0.0776831336349299,stable
NEBL,0.00995925538583686,0.978013161762884,0.988412702350288,stable
ZFP28-DT,0.00994865513401678,0.0182914666277413,0.0939869222604074,stable
SNX11,0.00994619543341453,0.00831624784767828,0.0553691795697273,stable
TBX19,0.00993750505233943,0.463870242499074,0.653050670048365,stable
LCP1,0.00991801672244305,0.236759541859304,0.447871965287548,stable
LY75,0.00991694464949856,0.474463143600356,0.661217860932018,stable
PNPO,0.0099068848439043,0.286295286555441,0.497890679023148,stable
C3orf62,0.00990528927599545,0.347479380801929,0.556605737056432,stable
TOP3A,0.00990252989687086,0.816797007060477,0.895874976608997,stable
FNIP1,0.00989499840792202,0.0124864761080626,0.0726140266151081,stable
PATJ-DT,0.00988127661165153,0.181767663658858,0.38415293686934,stable
PFKL,0.00986810608015171,0.73201209287217,0.841304609182908,stable
ATAD3C,0.00986489223366527,0.870565869208715,0.926017854612542,stable
ZKSCAN7,0.00984862859003253,0.262583311345236,0.474404138026036,stable
ANK2,0.00982618134324859,0.426883267519248,0.623787118453432,stable
COQ3,0.00981981783764042,0.745206529049579,0.850551317563217,stable
DAXX,0.00981660440184659,0.550900828483809,0.719543939244158,stable
BRAT1,0.00980395612217974,0.928031722992193,0.961459427227441,stable
NFE2L3,0.00980352027498742,0.803544952050899,0.889158458755336,stable
CNOT7,0.00979970415918763,0.949993112866112,0.974057692641784,stable
HIF3A,0.00978836827180703,0.334236035946794,0.543817556690218,stable
LSM14A,0.00976754631098947,0.757110757459661,0.858929251171225,stable
POC5,0.0097511462354851,0.353568531324363,0.561370647908182,stable
ATP7B,0.00974869334819062,0.0421588464024269,0.161046793257271,stable
RAD51D,0.00974557827383393,0.00644901014918861,0.0465089675891927,stable
ARID3B,0.009733867904463,0.0136056518404668,0.0766298083928913,stable
IL20RA,0.00972898453687545,0.694585183869001,0.818663069772184,stable
PRDM15,0.00972726399648241,0.259660571076323,0.471197244888258,stable
GSR,0.00971489154699536,0.777021256582536,0.872685395118056,stable
PMS1,0.00971409484643712,0.0568889924545309,0.193909471579029,stable
SMCO4,0.00970970389797356,0.106677407006345,0.281054201663175,stable
SSX2IP,0.00969417577764252,0.201652722339535,0.407505848549921,stable
ASAH2B,0.00967755289246805,0.610727567060565,0.760631577683064,stable
TMX2,0.00967729519517574,0.679610622684526,0.809388177289131,stable
USP43,0.00967579169436702,0.863470180132688,0.921721143185703,stable
RPA4,0.00966765957612512,0.167660239274866,0.36779628635943,stable
ALMS1,0.00965206044050552,0.611411126903065,0.761398697561437,stable
STRIP1,0.00964552805264757,0.375461076864668,0.581555525037214,stable
EPB41L4A,0.00963500392710054,0.966206548323071,0.982230017517367,stable
ZCCHC6,0.00961257633209428,0.2621873987922,0.474023963903625,stable
HDGFRP2,0.00959931542086406,0.224761398699561,0.434247405990743,stable
EFNB1,0.00959925806238203,0.487623212396546,0.671553193818767,stable
RAB6B,0.00959437777185032,0.587253414279353,0.744384777225135,stable
MBD6,0.00957824072300517,0.6500406679344,0.788863330586268,stable
ZNF664,0.00955943709225321,0.622083961676193,0.769593598576033,stable
SHANK2,0.00955744538195696,0.284460231748555,0.495686653299264,stable
CARS1,0.00953967913498066,0.627606271389113,0.772547748943873,stable
AP1S3,0.00952144726748769,0.486292017511413,0.670124259896061,stable
ZNF860,0.00951624421998656,0.590199538660376,0.746080575034585,stable
FGF7,0.00951275078869428,0.731979006424986,0.841304609182908,stable
PDZD11,0.00950939392672615,0.400315627098936,0.602346773359527,stable
ZNF384,0.00947175331347604,0.831810045403643,0.902863256527626,stable
RNF139-DT,0.00946221121644588,0.00556007125005475,0.0425110404680908,stable
GOT2,0.00945535920846646,0.461064521329177,0.651491470203197,stable
LAPTM5,0.00945485046401634,0.0969620611004208,0.266875135024749,stable
TRIM27,0.00944605953086913,0.958584604169531,0.97890493467936,stable
NAA10,0.00943824521434117,0.523287520531655,0.698936478472351,stable
NRBF2,0.00943082361881553,0.135616461324392,0.324354895467166,stable
RHBDD3,0.00943067910222543,0.315298444059843,0.526028139782656,stable
NUFIP1,0.00942936655344461,0.796735946722223,0.884908251202295,stable
LACTB,0.00942647013021877,0.317570600148948,0.528448545633098,stable
RAB30,0.00942484278623338,0.145262974376924,0.337666893545871,stable
GPR160,0.00942057578812792,0.823739230413057,0.898571154075424,stable
MT1E,0.00940664179831519,0.363805215143061,0.570671106910666,stable
CITED4,0.00940220137275752,0.0111618551797036,0.0671878157641668,stable
ABCG1,0.0093790080564622,0.446257261490102,0.638690440631016,stable
CTSC,0.00935447422485604,0.312040080748311,0.522908919866067,stable
OXSM,0.00935378653413739,0.631724128368752,0.775944106227856,stable
PRKCA,0.0093413901880733,0.594439932330773,0.749194116178098,stable
FAN1,0.00934038644193823,0.108426832702816,0.284056923051698,stable
HTRA1,0.00933533449268625,0.152921382648918,0.348556960936112,stable
PRDM16,0.00931640589739061,0.65483163877627,0.792305449114236,stable
CSTF2T,0.00930981213139186,0.208077349154794,0.415678626584115,stable
LEAP2,0.00930829935335756,0.258533444362044,0.470564744473143,stable
WDR75,0.00930798226086033,0.531495595238986,0.704629497996533,stable
CFAP184,0.00930115632456408,0.0135567929638198,0.0765340330833999,stable
ERBB4,0.00929508391238615,0.104174295518096,0.27731415252901,stable
TRPS1,0.00929376021022014,0.786634433565649,0.877961202964547,stable
RNASEL,0.00928889945234931,0.888868051877204,0.937976784025116,stable
SEC23IP,0.00926234539810603,0.62477127341033,0.770967499108406,stable
SEC16B,0.00921740199175219,0.667460472285345,0.801004988534858,stable
FAM179A,0.00920973985191035,0.27063170674789,0.4816133328412,stable
CU638689.5,0.00919648430412393,0.723861203672808,0.836103123282283,stable
RASAL2-AS1,0.00918452843650384,0.0023007560270917,0.0224636115616365,stable
SLC4A8,0.00915209160014855,0.224728341238565,0.434247405990743,stable
SKI,0.00912920001262307,0.0941128414717161,0.261938837465906,stable
HOOK1,0.00912452176884351,0.479694786515007,0.665205793574526,stable
METTL20,0.00910970952713115,0.713653657555634,0.829502635376541,stable
PPM1L,0.00910946294716443,0.172737656982744,0.373328344935832,stable
TRIM7-AS2,0.00909276650777181,0.109413076100268,0.285844291996083,stable
RPN2,0.0090862555681166,0.129127121209804,0.315753136561042,stable
DHDDS,0.00908240970981104,0.779987407632958,0.874169438975454,stable
SPATA24,0.00907424090283593,0.00638622275910304,0.0462276090518431,stable
CCBL1,0.00906873796941385,0.198176355828029,0.403482307402037,stable
BDP1,0.00906803479238022,0.393736721178847,0.596676949212884,stable
SMG9,0.0090651505532702,0.941318480463617,0.969718995751444,stable
NAA35,0.00906241339846939,0.620635428921229,0.768735179160311,stable
ZNF681,0.00906025458011299,3.05586228662646e-05,0.000756171267038903,stable
NDNL2,0.00905145345677935,0.924248694556305,0.95892174862131,stable
FSCN1,0.00905036191543535,0.76210120558605,0.861787709258453,stable
CFAP276,0.00903427524847509,0.178862066371908,0.380955026989818,stable
NUDT16,0.00903302053422444,0.0304613107154201,0.130762346115219,stable
PCBD2,0.00899550002764802,0.0117092242957077,0.0696852764317091,stable
MAP3K13,0.00897258666714179,0.0835779447389601,0.244007048113482,stable
SLC66A1LP,0.00896691842959539,0.711182964543672,0.828331296666787,stable
ELAPOR2,0.00895382542849693,0.0136338431003622,0.076647069308806,stable
CPNE8,0.00892524605360523,0.040698726885096,0.157636640508053,stable
LRRCC1,0.0089195298694628,0.797256600058758,0.885164820991667,stable
TAB3,0.00891043202896769,0.75691734320359,0.858929251171225,stable
SPECC1L,0.00890903869507255,0.456258956830402,0.647320042745455,stable
ZNF2,0.00890865365042182,0.105192687146831,0.278992277648702,stable
RASA1,0.00890481472212695,0.831309971920531,0.902683437737844,stable
SYTL2,0.0088649309837744,0.662054455931893,0.796959920146909,stable
LIPT1,0.00885924700705092,0.586000377483258,0.743926535918096,stable
MLF1,0.00885094276302707,0.867125177352773,0.923885484874078,stable
REL,0.00884295977485858,0.268141842600294,0.479598675895303,stable
EBNA1BP2,0.00881720042844947,0.932332600004565,0.963302654252033,stable
OSCAR,0.00881250689738908,0.0219528005011007,0.106410331099782,stable
CCDC28B,0.00880472462138338,0.761694312494549,0.861407278743026,stable
ACTR6,0.00880381214942279,0.722345039441605,0.835217039742566,stable
ZNF771,0.0087972284392223,0.164479388093129,0.364172439784534,stable
C15orf57,0.00879656011686202,0.205861069848013,0.412802775233287,stable
PDE4A,0.00878601674868845,0.381049174911825,0.58679076771506,stable
ZNF10,0.00878556850173962,0.0162038896015506,0.0865195307313305,stable
EPB41L2,0.00877849449145073,0.731721327378687,0.841128597505837,stable
RBM18,0.00877485805264516,0.945555966416987,0.971864327997218,stable
ZNF782,0.00877227010818463,0.639569211453474,0.782435352362617,stable
SMAD9,0.00876797062831727,0.964012564709186,0.981280013134022,stable
UBE2E1,0.00875104670642779,0.980176032229108,0.989008137280386,stable
ZFP82,0.00874949497180788,0.579092555095679,0.739689382809778,stable
HK1,0.00874904787051895,0.000352194919731382,0.00543589734696518,stable
GTF3C5,0.00874691440648723,0.868628054152506,0.924611108838778,stable
FGFR1OP2,0.0087315560752187,0.82412245430832,0.898748584304122,stable
DNA2,0.00872597961772589,0.730486554510105,0.840420483984144,stable
PARM1,0.00872585049301496,0.569191093651179,0.732937627646722,stable
OSMR-DT,0.00872292536515039,0.474743345370318,0.661217860932018,stable
ZNF227,0.00872104361971569,0.675221909693658,0.806760882362324,stable
C9orf169,0.00871766536085198,0.494077255534453,0.676478536251474,stable
G2E3,0.00870780890290002,0.312326733554048,0.522925899324022,stable
FLYWCH1,0.00870068864057275,0.499391935024285,0.680119438886657,stable
MYC,0.00870066858148028,0.911853003638251,0.951545756532542,stable
RRP9,0.00869476740589363,0.077885644654463,0.233179111125462,stable
RNF43,0.00866468840474933,0.587538404591823,0.744487349199798,stable
SP5,0.00866447085876739,0.000133275449112016,0.00250831932601865,stable
KCNA4,0.00865926993005649,0.45573139656291,0.646796771343901,stable
TNFSF15,0.00864326148309189,0.18741790411506,0.391211756550593,stable
SFT2D3,0.00863559445961232,0.898397044724458,0.94266141413835,stable
KCTD18,0.00861706261467829,0.713744368565772,0.829502635376541,stable
MAP2K5,0.00859856315738096,0.393420772392162,0.596523880144106,stable
FAM171A1,0.00858253938172959,0.555705172483182,0.723121886584147,stable
CHDH,0.00858133472863226,0.00784520668662487,0.0531300867242673,stable
PDE5A,0.00857275516483919,0.777511264875229,0.87299510442131,stable
ZNF143,0.00857257636259048,0.151083052919386,0.346506250300808,stable
LRRC8D,0.00855272851621626,0.609763295411413,0.759811062498381,stable
S100A16,0.0085448903938512,0.33001581083762,0.540476054619381,stable
ZMYM4,0.00853405065399715,0.739535852263183,0.846687857831334,stable
GRPEL2,0.00852981461623802,0.8585509626422,0.91915632924665,stable
ABHD13,0.00852904234136767,0.849668467659664,0.913969319664884,stable
ZFAND2A-DT,0.00852732375488152,0.0480280001889839,0.173388740197915,stable
NUAK2,0.00852583906945406,0.831314926795375,0.902683437737844,stable
CERS5,0.0085201774093521,0.44914875420859,0.640790146471748,stable
THTPA,0.00851852512839827,0.328196591492975,0.538651333835945,stable
LOH12CR2,0.00850571754368322,0.106081516257989,0.280212362090399,stable
PHYH,0.00849863831349054,0.155213412915732,0.351682809913236,stable
Y-RNA,0.00848927669237908,0.120914635795885,0.303690262578364,stable
GPR82,0.00848869550198419,0.43986922697887,0.63422522181997,stable
LYRM7,0.00846089549269896,0.270788383546901,0.481781728408578,stable
HOXD1,0.00845133749003997,0.145470127449603,0.337666893545871,stable
ZBED10P,0.00843397784454912,0.569739966728612,0.733102315157399,stable
VAV2,0.00843268333697882,0.904117803620343,0.94636125363674,stable
ASH1L,0.00842418684990543,0.00778024414632254,0.0528658723983584,stable
ADCY3,0.00840549558195005,0.74444982408675,0.84989758771677,stable
PLXDC2,0.00840075344456006,0.693390429490485,0.818064574808935,stable
ITPR3,0.00839531231662782,0.504743318292787,0.683427372929888,stable
LATS2-AS1,0.0083930789010972,0.226572551732723,0.43602375194912,stable
LIN9,0.0083925281477257,0.784457735440602,0.877051650972222,stable
TOX,0.00839206401627098,0.719037607879968,0.832712710015972,stable
DNHD1,0.00839033860533675,0.608029376655489,0.758423581656806,stable
ZNF317,0.00837696954226591,0.89234773967084,0.940349893942789,stable
MAP3K10,0.00836613891877812,4.18132365943736e-05,0.000971720540170385,stable
ZWILCH,0.00836456364453659,0.414193354074097,0.613634657641711,stable
SEPHS1,0.00835921903109686,0.183217559378957,0.38614680100834,stable
METTL16,0.00834765474431293,0.96347785458968,0.981201801822026,stable
ERC2,0.00834747295420421,0.362337870346079,0.569186875534881,stable
ZNF440,0.00833004093873244,0.82760070290008,0.900226020584485,stable
ABHD6,0.00832879759623965,0.19729295008556,0.402488154513666,stable
RBM15B,0.00832351543190388,0.665172282180575,0.799382648072752,stable
AHDC1,0.00832323672342658,0.761270016881775,0.86116645255995,stable
GTF2B,0.00831512095569637,0.612892667862661,0.762777435548073,stable
C19orf52,0.00830447032453299,0.788346744063949,0.87934579792296,stable
TRIP4,0.00830209715981879,0.665026035083543,0.799339061244959,stable
ZNF512B,0.00829882658192989,0.69565099660871,0.819216419143124,stable
ZNF559,0.00829748788042655,0.337991664945065,0.547576434099984,stable
RSAD1,0.00828136739273694,0.83720819089591,0.905826953930926,stable
RNF180,0.00827433365785969,0.948862173208481,0.973714842620926,stable
ZBTB6,0.00826355068916909,0.77187805539289,0.868504910633531,stable
ARID4A,0.00825477931008448,0.873850295229638,0.927958478105195,stable
DAPL1,0.00824949068391741,0.450729535229081,0.642307978391267,stable
RPA1,0.00824507176646479,0.0927342375049375,0.259698354927917,stable
PHGDH,0.00824071816642811,0.239617525507403,0.450285165737623,stable
SOD2,0.00823806009930062,0.861573842379894,0.920538296412186,stable
WWP1,0.00823621530912785,0.611584261703344,0.761423582751402,stable
KLHL5,0.00823328613898273,0.175578435881045,0.376869324005249,stable
NSMF,0.00822880156571887,0.650213367775385,0.788863330586268,stable
DOCK6,0.00822680355420771,0.0399814706590735,0.15542043068438,stable
NR2C2,0.00820346225070348,0.901515845717368,0.944798499489807,stable
DLEU1,0.00819094484993502,0.598785966813759,0.752168716820506,stable
IFT70A,0.00819013748880079,0.0160881722093884,0.0860711205234648,stable
ACVR1,0.00818775624579762,0.784360220787546,0.877051650972222,stable
CXorf38,0.00817873577161218,0.758117206160595,0.859558430875495,stable
ZFP3,0.00817757964893752,0.103749201336002,0.276724904458061,stable
FOXO1,0.00817549943288085,0.214284208135679,0.422665435490108,stable
ALG10B,0.00817398834969609,0.837862494412576,0.906133869919431,stable
PRTG,0.00816888470235834,0.82553034918724,0.899321182467233,stable
LINC00205,0.00814801406695724,0.56147151587913,0.72721210109202,stable
PAPD7,0.00814359985768663,0.67199582842602,0.804827145857714,stable
CSTA,0.00813511824878777,0.746313865615169,0.851258812473624,stable
ALDH4A1,0.00812815501474042,0.000937187997561581,0.011571905133528,stable
ANXA8,0.00811042086057413,0.933218728510434,0.963729470077853,stable
ERCC8,0.00810916544239524,0.37959588306804,0.585363955421184,stable
TMEM61,0.0081011866680936,0.733686638329328,0.842357985060365,stable
NUDT17,0.00809576795874038,0.602784453071139,0.754885478367135,stable
HNRNPLL,0.00809260508000098,0.580117259543774,0.740219479847962,stable
POLR1H,0.00809105585615863,0.100464822530555,0.271459325953472,stable
ALKBH8,0.00808915113349151,0.0715156375025502,0.222161919398011,stable
GSAP,0.00808766182601156,0.857610087276439,0.918650898704705,stable
LST1,0.00807321727630197,0.885169461705456,0.93521023608113,stable
DDX26B,0.00806638874937875,0.722093349265722,0.835217039742566,stable
MFF,0.00806518019288194,0.0423269664818583,0.161336089265431,stable
GPR143,0.00805944696721736,0.613469832722999,0.763107279455169,stable
SLC9A7,0.00805286696101957,0.34952806664816,0.557983961913649,stable
ACSS2,0.00804594036244949,0.710605267338826,0.82795234108377,stable
CCSAP,0.00803841457403381,0.625554867334297,0.771545020512001,stable
H3-5,0.00803716074053067,0.00447624858116806,0.0366900712158626,stable
CD99L2,0.00802899993485165,0.822411364614329,0.89833479487975,stable
ZMYND19,0.00802758848051298,0.797063519679025,0.885111234062173,stable
STRIP2,0.00802239976921189,0.484587892147631,0.668864287556689,stable
GARIN5A,0.00801857697175586,0.498043527139815,0.679635145668146,stable
YJEFN3,0.00801410300332903,0.580813075334492,0.740700386340359,stable
WBP1L,0.00800781211857486,0.771264419694633,0.868054163184531,stable
NLGN1,0.00800544404708755,0.729128643504574,0.839490302175748,stable
ACP6,0.00798745193942348,0.6193766986132,0.76756495983858,stable
COX10,0.00797683173522941,0.269266450957614,0.480492146273533,stable
SFR1,0.00797397057385225,0.886855606765594,0.936419015038665,stable
PHLPP1,0.00797286144377175,0.736155593062757,0.844161910844198,stable
ZDHHC17,0.00796851441226754,0.864106707605854,0.922000984894365,stable
ELOF1,0.00796589937697023,0.963289621969247,0.981189262474133,stable
IMMT,0.00796164186892934,0.804797783632847,0.889980831113436,stable
ZNF496,0.00795965467543521,0.871506165372108,0.926453723411483,stable
H2AC20,0.00795912522699632,0.67869248078924,0.809129023194928,stable
NIPAL1,0.00795799254147345,0.736824214916842,0.844690912795974,stable
WDFY1,0.00794045258903303,0.345451976133597,0.554902096748632,stable
RUFY1,0.00793949401114427,0.0735517943559892,0.225612972414714,stable
ARFGEF1,0.00793554178611405,0.916876019584629,0.954301858253146,stable
ATP10D,0.00790617054733753,0.793890659830664,0.883433721053258,stable
MMAA,0.00790600454400489,0.791632809743197,0.881643537381637,stable
ALKBH2,0.00790433692765315,0.391181983171201,0.594826292111552,stable
TACC3,0.0079020878970301,0.651453243145603,0.789546345846902,stable
TAB1,0.00789372133531667,0.00592218326567846,0.0440881657975965,stable
NPAS1,0.00788942581656729,0.0027680218441251,0.025809533960782,stable
TTC9,0.00788706709867937,0.241361436026959,0.452259199468975,stable
ZNF625,0.00787567930660989,0.0105128882669242,0.0646101287958178,stable
SASS6,0.00787404344883199,0.156465993113855,0.353336760034034,stable
ZNF391,0.00786070841585964,0.133567992906707,0.321337333735563,stable
FAM117A,0.00782404734159708,0.519261793259832,0.69552495073846,stable
SLC29A1,0.00781292806190029,0.942689715772377,0.970558332822499,stable
FAM110C,0.00780248147416142,0.662282354601071,0.796959920146909,stable
RBM22,0.00779974258136462,0.0021213262339592,0.0212028551790002,stable
CLASP1,0.00779879673436784,0.615536095454502,0.764738224077776,stable
PPIL6,0.00779807586465488,0.802890051812962,0.888653828599428,stable
ZNF577,0.0077969506741274,0.805927613377794,0.890263794137914,stable
KCTD21,0.00779010868180472,0.0874784666077648,0.251012083817226,stable
BET1,0.00778322188300004,0.734732691475909,0.843083865634235,stable
CHSY1,0.00777829816211928,0.17574934124285,0.37691140108314,stable
PRRC2C,0.00776989891277569,0.961059450059764,0.980142726308239,stable
ZNF829,0.0077646070333679,0.417744625888633,0.616913172417521,stable
ITSN1,0.00776354915292374,0.648007514458963,0.788124618452185,stable
ESCO1,0.0077464744936297,0.917519535053446,0.954776436238471,stable
HS6ST1,0.00774317000190586,0.837551250354984,0.90607189634475,stable
GSTZ1,0.00773912221725342,0.0247699455430197,0.114779307929444,stable
DFFB,0.00773153157469336,0.822914801932416,0.8983602893707,stable
LSM2,0.00771114366620249,0.913342229511466,0.952554786899958,stable
TWF1,0.00770660528295325,0.00470042331321831,0.0379511060639238,stable
LOXL4,0.0076689088958577,0.896004640779572,0.941858500136555,stable
DYNLT3,0.0076687372356809,0.92188299527287,0.957361119209546,stable
PUS10,0.00766756640869604,0.377429853881506,0.583513942920111,stable
OLIG1,0.00766674358644714,0.524385631052109,0.699930954658007,stable
DSN1,0.00765076753624894,0.0627035042204581,0.206211362817025,stable
LITAF,0.00764817614510477,0.0962427583463039,0.265869260570671,stable
FOXP4,0.00763674933672259,0.90194718650307,0.945007491884248,stable
MYCBP2,0.00762837498262647,0.890582967164393,0.939218893159998,stable
PPAPDC2,0.0076282941578723,0.71449526051925,0.83009285945192,stable
LRRK1,0.00762632474208579,0.0374985417283053,0.149407488294265,stable
NACA2,0.00762393120797061,0.41754193468265,0.616913172417521,stable
FAUP4,0.0076223775546376,0.298169804340298,0.509694824256161,stable
ERVW-1,0.00761308586364061,0.362353752078898,0.569186875534881,stable
FABP3,0.00760643775450267,7.35894948277651e-05,0.0015617326124559,stable
TRIM71,0.00759835681925304,0.149180991856312,0.343813809285738,stable
CUL7,0.00759476799113387,0.86453826030702,0.922093682400577,stable
ZNF207,0.00758205591023298,0.952057876383706,0.97527490831429,stable
CASKIN2,0.00756428432558683,0.944207501229737,0.971219165408998,stable
IPMK,0.00756370663793022,0.585009714237995,0.743286430396554,stable
SERINC5,0.00755865074670026,0.336494167889493,0.545937489931681,stable
EVC2,0.00755282142263184,0.754973669541423,0.857615290072889,stable
LOX,0.00753747965078504,0.708437157140548,0.826905401072457,stable
UBXN7,0.00752618032614702,0.871143708853586,0.926390665248041,stable
FRMD4B,0.00752523589999853,0.310002762955413,0.521566837045689,stable
DHRS2,0.00752127085670285,0.264372573727546,0.475640626870495,stable
LZIC,0.00751128502272221,0.488221908772157,0.672027809144977,stable
ZP3,0.00751098405072305,0.389762207861999,0.593331659888552,stable
C7orf73,0.00751059551874123,0.129599689652831,0.316212895472296,stable
ECHDC3,0.00750397327952745,0.119790997124117,0.301984976045619,stable
GTF2IRD1,0.00750046464651258,0.941319175686079,0.969718995751444,stable
UHMK1,0.00749960523363646,0.657685753142218,0.794080753607834,stable
GATD3,0.00749749157160532,0.573590991664082,0.73558313238502,stable
PLEKHG1,0.00748466855482551,0.93474229016315,0.964650886868244,stable
ZFP28,0.0074751677950206,0.605064201727147,0.756360953736831,stable
IFT27,0.00747515220698805,0.292383336783272,0.504351968439523,stable
C1orf216,0.00747433658872698,0.799892024867696,0.886560895093183,stable
MDH2,0.00746220628147354,0.97622195884575,0.987450328914394,stable
SNX7,0.00746114996827327,0.903239219941294,0.945853543626871,stable
NCKIPSD,0.00745285578511483,0.212057240612202,0.420400212332721,stable
ZFTA,0.00744801562652845,0.604328431125235,0.755889772032628,stable
ACTR5,0.00743776941243543,0.280029138854596,0.491186137660867,stable
MYL5,0.00742128025144227,0.592706776780761,0.748089585892413,stable
FRY-AS1,0.00742123470314752,0.562861358097099,0.728473315558373,stable
TMEM223,0.00742006360716815,0.0316089355291865,0.133883446953838,stable
UST,0.00739230034634714,0.280162115742971,0.491348881325979,stable
SPAST,0.00738579736665269,0.199306911114014,0.404571185894671,stable
ITPA,0.00738232270266487,0.324092632568964,0.535149039649198,stable
MDN1,0.00738099567859918,0.977309732642317,0.988141784269618,stable
UGGT1,0.00738082962607595,0.883685730088294,0.934282508614367,stable
IFT122,0.00738043466046379,0.580853558856241,0.740700386340359,stable
SPRY4,0.00736561808410698,0.242003475470216,0.452803089916937,stable
ZNF544,0.00736297017953629,0.933216822584168,0.963729470077853,stable
GARNL3,0.0073629176561986,0.0011666305724531,0.0136207183549825,stable
WRN,0.00735899859518487,0.84874106332728,0.913352168430127,stable
REC8,0.0073575244955385,0.875486981113112,0.928585931204051,stable
ATP6V1H,0.00735203021260078,0.85365833603452,0.916486869812574,stable
TFDP1,0.00735116712079077,0.832954191872496,0.903409531542372,stable
ZFPM2,0.0073510148629286,0.200629387910074,0.40631107319628,stable
NIP7,0.00734910796422207,0.727040209950221,0.838507361678602,stable
ZFYVE1,0.00734809693433997,0.49780578523388,0.679635145668146,stable
C14orf142,0.00734737972127886,0.812131150920157,0.893493812174375,stable
PRC1,0.00733117899540314,0.0414218749893465,0.159276816568031,stable
POP4,0.00732383298973902,0.754447081631047,0.857176422144987,stable
MARCHF8,0.00731967929143525,0.82063193555803,0.897460292151154,stable
IL10RB-AS1,0.00729814074447273,0.63986451907145,0.782483381465527,stable
C3orf52,0.00729599492331132,0.260762175661506,0.472440615871684,stable
RELL2,0.00728473708579453,0.469719832730935,0.657866090204279,stable
LYRM5,0.00727728239708508,0.219912070552801,0.428740853339305,stable
RIN3,0.00727303684195042,0.769108484256383,0.866665017657635,stable
C9orf78,0.0072710802465254,0.983873133850362,0.99068082275015,stable
ZNF584-DT,0.00725849099792046,0.539581414257479,0.71131119500018,stable
C8orf4,0.00725319506458982,0.955154395942996,0.977231298529915,stable
RAB28,0.00725052406321684,0.382989891758247,0.588353198798954,stable
ZBTB47,0.00723478420997481,0.713580362320927,0.829502635376541,stable
COPG1,0.00722732869924692,0.963623006452341,0.981201801822026,stable
UBIAD1,0.0072154588469973,0.634157049330666,0.777916284096143,stable
KIFAP3,0.00721081155964132,0.253159078825697,0.465483979118396,stable
NUP62,0.00720040135800434,0.431892421617034,0.627013415896274,stable
PSMB6,0.00718490573869213,0.995355302005864,0.99772228058382,stable
CCL4L2,0.00718288053083142,0.713635068236782,0.829502635376541,stable
USP10,0.00717285946027144,0.78599105325831,0.877546455569874,stable
CLUAP1,0.00716964287232823,0.685588555879406,0.81278581195518,stable
HIF1AN,0.00716732948393789,0.197684633054364,0.402950967893371,stable
XRCC1,0.00716450957065884,0.559629879157742,0.725867078396538,stable
MSRA,0.00714879709525239,0.733158956191933,0.842068503287624,stable
ZNF17,0.00713865724752871,0.740060254952197,0.846814863116546,stable
KIF2A,0.00713413652594658,0.812140849727543,0.893493812174375,stable
PDE6B,0.00712116295182397,0.157743172806113,0.355110965816191,stable
WRAP53,0.00711690073887849,0.822096573494222,0.898302361168621,stable
COA7,0.00711430406035825,0.50975037168927,0.687576168974753,stable
RAB35,0.0071075702387999,0.52320914560982,0.698908162598016,stable
MTCP1,0.00710229297288251,0.0168660379850864,0.0888786700800226,stable
SLC35E4,0.00709881311763222,0.128769261208484,0.315445981766034,stable
SLC25A15,0.00709521401207773,0.601317046219234,0.754200102419707,stable
SLC25A4,0.00709075912155099,0.39917024935359,0.601362722220641,stable
ARFGAP1,0.00709057913933667,0.768797619101507,0.866469263801675,stable
ITPKC,0.0070615250505186,0.642742760066716,0.784355345817664,stable
CST7,0.00705441028538346,0.701947282213881,0.822759313479787,stable
HDAC4,0.00703983013130823,0.166606367658727,0.36671347644093,stable
XXbac-B135H6.15,0.00703600581655553,0.204425890111855,0.410598435873697,stable
WDR73,0.00702819987141473,0.46607452777975,0.654335020969296,stable
STRN4,0.00702625330620253,0.191643339858151,0.395316939997645,stable
FUT4,0.00701419915394644,0.145449790088237,0.337666893545871,stable
ITGA10,0.00700984789000519,0.527586797713335,0.701917829260754,stable
SEPT11,0.00699715903168791,0.863493630946123,0.921721143185703,stable
NLGN2,0.00698726124173537,0.331612250640406,0.541591491105766,stable
MARCO,0.00698009252868885,0.84725376750623,0.912576443210516,stable
PLOD1,0.00696670903850444,0.603462143844318,0.755424602801121,stable
OSBPL2,0.00696439838844737,0.606596132039004,0.757331336742394,stable
UBE2D2,0.00696010412697801,0.0128731979823508,0.0741923489562738,stable
KAT5,0.00695705958768367,0.973901449210345,0.986327366623633,stable
UTP23,0.00695362359438453,0.363931661589346,0.570712075852235,stable
DNAAF2,0.00694582769853391,0.0661092799116486,0.21231445204263,stable
TBKBP1,0.00694475765784678,0.150505744060129,0.345804385557238,stable
C2CD2,0.00693816972054174,0.15839365496302,0.355784798315621,stable
RNF214,0.0069339767915497,0.68158834884982,0.810401320527205,stable
SRGAP2,0.00693311992760472,0.918129247060115,0.955004417636389,stable
DNAH7,0.00693247834068904,0.02398978180542,0.112788912335587,stable
B3GALTL,0.00693243459983764,0.84646221502519,0.911964931823367,stable
LINC00342,0.0069266570422273,0.0535407360425757,0.186355910416983,stable
DUSP15,0.00691328532318723,0.329011424751586,0.539481644019234,stable
HMGN3-AS1,0.00689727383876558,0.00904275542632,0.0582395375823687,stable
KSR1,0.00689358643080059,0.568734986738052,0.732506214085549,stable
TTLL1,0.00688917081529893,0.865314033967779,0.922679584021469,stable
ZNF747-DT,0.00686813355604247,0.854065638839503,0.916682620877521,stable
SCN1B,0.00686130249073678,0.0177324560860568,0.0921626036681132,stable
ZFHX3-AS1,0.00684096423824294,0.110091942256395,0.287065678784593,stable
FAF1,0.00683850508557331,0.361946234222962,0.56883913180014,stable
TFB2M,0.00683387268734849,0.760586930070139,0.860684988172195,stable
FGFR3,0.00682848731444044,0.290677258494799,0.502721959230394,stable
SLC7A8,0.00682409014005364,0.185119860423595,0.389142535107256,stable
N4BP3,0.00681794476946219,0.128978318591931,0.315598289314421,stable
SUPT20H,0.0068047485883182,0.0916434558072733,0.257469456168262,stable
ACYP1,0.00680418527065452,0.68441167025377,0.812021808920026,stable
C12orf23,0.00679305534613484,0.0689785797571018,0.217262086820616,stable
CRAT,0.00678117844788194,0.293560345249297,0.505704856303186,stable
CD80,0.00677368900568851,0.0553711040818152,0.190342063075396,stable
MIR181A1HG,0.00677332967638393,0.773928840257441,0.869811331064248,stable
TMEM255A,0.00676392313247691,0.372787822547643,0.579095840773769,stable
GPR89B,0.00675540741568513,0.0949302472864579,0.263435649554904,stable
FAM13A-AS1,0.00675356837104264,0.915125398775415,0.953421364922072,stable
TRIM68,0.00674525802059515,0.700534860539158,0.821738617717173,stable
MICA-AS1,0.00674043027381144,0.359519325500844,0.566481597695581,stable
SLC6A6,0.00672272315599781,0.686901158718137,0.813814991694171,stable
HENMT1,0.00671347564251485,0.277683786594854,0.488474112438551,stable
CCRL2,0.00670457345464458,0.194577824457285,0.398879645508276,stable
CDC5L,0.00670248773676171,0.968905225926165,0.983549035186965,stable
KPNA7,0.00668654772438744,0.0521964045824412,0.183240063122872,stable
MOCS3,0.00667936744470259,0.1467257876623,0.339585494885281,stable
MICU2,0.00666824009201128,0.985732782406332,0.991654804718542,stable
PCGF6,0.00664486005035331,0.141866849159353,0.334083788338404,stable
PRMT8,0.0066305232956444,0.0641926002485971,0.208638751778477,stable
RARA,0.00662121795098254,0.0204830372369782,0.101493574051407,stable
ENSA,0.00661175727532615,0.545949324962697,0.716060573856653,stable
PCMTD1-DT,0.00660795050787804,0.00628003310032882,0.0458584973825684,stable
PPP2R3B,0.00660008938903317,0.0472945131330908,0.171868274861413,stable
BRAF,0.0065982926463013,0.974602374253971,0.986524925656894,stable
SAMD12,0.00658940894789994,0.472604185842259,0.66016047998366,stable
STMN1,0.00656432117542177,0.926310103697341,0.960392593426584,stable
FGF18,0.00656361536522423,0.594253732945625,0.749036670605003,stable
PLEKHN1,0.006557955049433,0.515571536813232,0.692433289960444,stable
FAM184B,0.00651596122873439,0.0482598346450486,0.173936813619284,stable
ZNF155,0.00651510758982439,0.583439678501184,0.74229461178169,stable
SLC33A1,0.00651362729988719,0.0611327117661276,0.203066920823137,stable
FBXO32,0.00651148733974802,0.843533761864139,0.910186112478158,stable
UTP14A,0.00651101827706314,0.493837984008895,0.67622667374535,stable
TDRD10,0.00651083855234488,0.578167812612205,0.738971491151358,stable
CHUK,0.00651027970720669,0.135383066014575,0.324049852939527,stable
CST5,0.00650942002283055,0.689045779647965,0.814987480446707,stable
ZNF461,0.00650938303662967,0.367335801610029,0.574208802925958,stable
SDCBP2-AS1,0.00650645325983207,0.00179826268627511,0.0187880026299376,stable
WHAMM,0.00650642110036505,0.61691548824802,0.765912546043449,stable
CCDC61,0.00649850834638242,0.564012420587315,0.729421056840811,stable
METTL6,0.00648453468204686,0.414541775208894,0.614002018678483,stable
TTYH3,0.00648141869299489,0.244249020629742,0.455345436659748,stable
MTFR1,0.00647174941881457,0.00153039947320358,0.0166029180334539,stable
CUL4B,0.00645776121179639,0.7593243854449,0.860239229627289,stable
MUM1L1,0.00645225587940748,0.613976860586359,0.763271956046745,stable
SRFBP1,0.0064298199885143,0.859192556321394,0.919239543033021,stable
KRBOX1,0.00642602683749006,3.79596880880125e-14,5.27294576349847e-12,stable
TSPAN5,0.00639637737516277,0.369711041818147,0.5765468704312,stable
SETDB1,0.00639220866900422,0.556443544318627,0.723811451051903,stable
GATM,0.00638790709513397,0.0984756996730622,0.268518169262439,stable
C1orf21,0.00636758617516228,0.50374133009272,0.682999087549026,stable
ZSCAN32,0.00636341294615794,0.767555595954257,0.865517544618957,stable
C2orf44,0.00636257181670918,0.729592534368513,0.839787113005716,stable
BCL10,0.00635900653507843,0.698791077292022,0.820769094021034,stable
LONRF1,0.00635899271831719,0.806708304415902,0.890562838723019,stable
TMPRSS7,0.00635480469226398,0.54584748702718,0.716003828889393,stable
GATD1-DT,0.00635319767887418,1.85050124707893e-06,6.38997944754034e-05,stable
FZD2,0.00634135321899887,0.13840697445581,0.32835504841493,stable
TNFAIP8,0.0063331655810756,0.914511419968638,0.953341701667395,stable
SYTL1,0.00632267310169993,0.000507104566510446,0.00725860213234624,stable
LAIR1,0.00632058774196712,0.296659187103519,0.508036131010566,stable
CCDC171,0.0063026137388452,0.31888742846188,0.529881789364955,stable
RAB35-AS1,0.00630238878797893,0.858898346909538,0.919239543033021,stable
ASRGL1,0.00629072220069986,0.831806338519003,0.902863256527626,stable
CYBB,0.00628637935860376,0.733486942007977,0.842207813179177,stable
STK31,0.00626326602955638,0.601554829825111,0.754272873092847,stable
RSPH9,0.00625421748476671,0.38657096828187,0.590999095651699,stable
ACKR3,0.00624754026061929,0.177770928795576,0.379523568536963,stable
SMPD2,0.00624133533565233,0.531690889797051,0.704693639475133,stable
SNX13,0.00623514745426351,0.191206256298623,0.395026705403082,stable
EEF1AKNMT,0.00622958657979686,0.631653680698925,0.775935543449267,stable
MTMR3,0.00622532757127285,0.884208745562368,0.934673789843859,stable
PDGFC,0.00622415326477234,0.920932061224622,0.957105383132952,stable
RLIM,0.00621637167031054,0.072206526513959,0.223124745253547,stable
SLC26A6,0.00621510829106544,0.0106882042421132,0.0652936574990465,stable
PHKA1,0.00619919072819711,0.062914784356964,0.206683774248731,stable
RAB17-DT,0.00619236904841553,0.817638946547742,0.896025184119301,stable
RNF8,0.00618635556969421,0.221983895107794,0.43085600727178,stable
GPM6B,0.00618425472874349,0.808904816103277,0.891882900538292,stable
LCN12,0.00616729881845004,0.0227151372230089,0.109018389247766,stable
HCCS,0.00615305426733141,0.163491936720815,0.362577183322794,stable
GTF2E2,0.00613839683224159,0.817232113400268,0.896025184119301,stable
SHF,0.00612682098121467,0.0235226699897971,0.111666453574866,stable
PLA2G4A,0.00611187284167855,0.717571363976916,0.831866351702501,stable
PUS1,0.0061059287271093,0.637576887175021,0.780622983656596,stable
KCNMB3,0.00610282197268515,0.748913819477059,0.853030425762912,stable
ZWINT,0.00610032279444667,0.905378291843601,0.946697207688945,stable
ZNF574,0.006082376446648,0.656607878386589,0.793590538401984,stable
FAM95B1,0.0060738685556511,0.628722129626119,0.773422492960619,stable
TYMS,0.00607293660780586,0.0669004494729881,0.213355359863764,stable
GATAD2B,0.00606869877928296,0.285805759430509,0.497251580312914,stable
CCDC66,0.00605981403628952,0.853951779016415,0.916640898023942,stable
DNASE2,0.00605827604628945,0.973004450127929,0.985990748434369,stable
FAM24B,0.00605748705030696,0.330236478533751,0.54054968930646,stable
GRIPAP1,0.00605255322304116,0.968789759410515,0.983513497137625,stable
FAM149A,0.00604506242950286,0.655476650132115,0.792693566602194,stable
TIPIN,0.0060215937781653,0.69148720256005,0.816610913350793,stable
GSS,0.00600271991594808,0.547683567950798,0.717054538973277,stable
ZCCHC8,0.00600119170888269,0.210564107333772,0.418798510909215,stable
TBCD,0.00600037276697116,0.625959122613309,0.771732154798294,stable
KCTD9,0.00599534003734456,0.927302560675905,0.960963651450182,stable
GOLGA7,0.00599518165471946,0.840757969236733,0.907498932975702,stable
ZNF169,0.00598336636374507,0.123247793038135,0.307089486770926,stable
TRIM5,0.00597453677806836,0.0667733679472165,0.213167909147509,stable
IZUMO4,0.00597176686129891,0.0661900840091299,0.212419949311526,stable
LRRC8C,0.00596833627421702,0.831259033767324,0.902683437737844,stable
SHROOM1,0.00595980908872484,0.481093842018156,0.666314426108083,stable
NUP50,0.0059593472991486,0.680314901748947,0.809753588995047,stable
LINC00930,0.00595124726129409,0.826588329978821,0.899893988021328,stable
MEF2BNB,0.00594873578907318,0.96288229892313,0.981010235412539,stable
MTMR8,0.00594094834907644,0.688095551188205,0.814572924435852,stable
CAB39L,0.00594044303639627,0.689036440445878,0.814987480446707,stable
SUDS3,0.00593834025500337,0.683680737040981,0.81146842699184,stable
DNAJC16,0.00593035124115876,0.663369119743955,0.797896695832934,stable
DNAJC5,0.005930014070643,0.0109164167543964,0.0663232000028539,stable
RNF4,0.00592251140652259,0.980144499513214,0.989008137280386,stable
RIIAD1,0.0059208419190948,0.0390283833365475,0.153082195282956,stable
CWC22,0.00590382327230896,0.972406442445145,0.985466452698512,stable
PCTP,0.00589960600747511,0.650146855445914,0.788863330586268,stable
EXTL3,0.00589420368193024,0.526614271045761,0.70118276918867,stable
CFAP251,0.00589324863706918,0.810337067302458,0.892634073236483,stable
FOSL1,0.00586119585821962,0.0136119192859575,0.0766298083928913,stable
PPP1R3F,0.00586071849315987,0.370954792285055,0.57779535434529,stable
CXorf24,0.00585697593664786,0.804119853859882,0.889311598080448,stable
RAMP3,0.00585135971583672,0.747840071622201,0.852442841804344,stable
ZNF321P,0.00584725531600435,0.480795620372561,0.666127809524446,stable
OMA1,0.00584551131522877,0.961233219812957,0.980231214738486,stable
TMC8,0.00584374490185699,0.298495944390364,0.509964834353592,stable
NOS1AP,0.00583561993207027,0.341251229012576,0.550485543936596,stable
KRT86,0.00583040210912583,0.81461474860049,0.894765988578704,stable
LYRM9,0.00582491777754116,0.502485853325301,0.682325821830962,stable
C1orf50,0.00581871030662449,0.111036139999967,0.288822368687319,stable
DNASE1L1,0.0058137405477587,0.45112494116552,0.642646693952606,stable
DNMBP,0.00581105786565346,0.543376861643355,0.714034221022036,stable
TTC7B,0.00579093080086827,0.656953256928938,0.793792802546995,stable
CCNY-AS1,0.00578871410470758,0.316503977872817,0.527255979453809,stable
KLC3,0.00577672656517468,0.0258550606149291,0.118460367674997,stable
SAMD9L,0.00575890314115221,0.67938838757997,0.809281197600619,stable
JRKL,0.00575495861305299,0.243161887048455,0.453804215314783,stable
TMUB2,0.00574403109566718,0.00540665597964497,0.0416578018639163,stable
DPH5,0.00574178034626809,0.147960600966028,0.341516311595302,stable
DYNC1LI1,0.00573368409673108,0.767414908359058,0.865517544618957,stable
UNC5CL,0.00573125164060401,0.382743150108764,0.588138262037717,stable
HMGB3,0.00572552122408621,0.43352683573118,0.628364154365955,stable
SERF1A,0.00571046046021074,0.382493865065843,0.587909286145788,stable
CAD,0.00570923028928415,0.913772283508392,0.952823713520992,stable
PRX,0.00570340964184055,0.242712613313817,0.453310769312161,stable
SLC50A1,0.00570189296498916,0.0214259700479931,0.104521364810329,stable
MCF2L,0.00569271397843531,0.127797454557712,0.314009263218788,stable
ANGPT2,0.00568713593078728,0.427547384502765,0.624025061111156,stable
E2F3,0.00568079578424507,0.11758329273778,0.298636644593107,stable
CRIM1,0.00567455320908706,0.16827731024578,0.368509824515301,stable
SMIM3,0.00566209710822228,0.179520884850823,0.381977945416269,stable
HDAC3,0.00565890347475404,0.961627350060858,0.980231214738486,stable
AKR1B1,0.00565825206033328,0.0161986134873382,0.0865195307313305,stable
ITSN2,0.0056565805493749,0.662020679613333,0.796959920146909,stable
ZNF280C,0.00564654026730665,0.0958274290196806,0.265079662689663,stable
TFAP2C,0.00564373379674563,0.519098269579607,0.69552495073846,stable
DNAJB5,0.00563857014897338,0.445936723857126,0.638679614813065,stable
ZNF132,0.00563330303958103,0.043262034889124,0.163371984703321,stable
HOMER2,0.00563164981408007,0.492038537113328,0.674820944426492,stable
LINC00984,0.00562351869428381,0.275251997845709,0.485944601627086,stable
PIK3R4,0.00561720560398257,0.244659070769035,0.455484690996145,stable
BARD1,0.00561368792276579,0.192349853137902,0.396306186542678,stable
IQSEC3-AS2,0.00560632174941796,0.710441444963917,0.82795234108377,stable
MIR210HG,0.00559857608541972,0.823889820977352,0.898611003883584,stable
FGR,0.00558755045847562,0.893402572834541,0.940893689181479,stable
HSF2,0.00558187124333806,0.500983660251408,0.681225204298708,stable
DECR2,0.00558065816984231,0.690937507585512,0.816328168749147,stable
GPSM3,0.00557284816723077,0.445123601177122,0.638568643577687,stable
TMEM126A,0.00555644713125583,0.557045987711239,0.723942519786053,stable
ZMYM6,0.0055515433360438,0.184729999325623,0.388530542284311,stable
GPATCH2,0.00555023593056059,0.0107899267960753,0.0657835736435035,stable
NATD1,0.00553061922037337,0.957211543665609,0.97805298534817,stable
LTB,0.00552015958144501,0.187647931595744,0.391301316244691,stable
LINC02980,0.00550836055809697,0.0583242772115045,0.197167025617652,stable
HHIP,0.00550235659107881,0.505222499607269,0.683614785386958,stable
MICAL3,0.0054940501308328,0.38662647012536,0.590999095651699,stable
ITGB3BP,0.00549316331268714,0.963264771713987,0.981189262474133,stable
BIN3,0.00549028270818805,0.785859841851265,0.877546455569874,stable
TMEM123,0.0054816193893461,0.964167235175067,0.981280013134022,stable
SDSL,0.00547897865659017,0.353608356486281,0.561370647908182,stable
ZNF441,0.00546305465495882,0.531360398408458,0.704629497996533,stable
HPRT1,0.00545734581921778,0.566778945533442,0.731682947534142,stable
MRGBP,0.00545545172671732,0.265149458313715,0.476224945405063,stable
ETV2,0.00544332814772672,0.312195652903212,0.522921301875701,stable
AMPD2,0.00543616214394012,0.12796180001631,0.314223592486816,stable
BSPRY,0.0054183628076887,0.972314428569617,0.985454902150319,stable
EPHB4,0.00541836215754991,0.000473496092052727,0.00689049551101493,stable
TPRKB,0.00541512618359363,0.402209303901495,0.603634933197284,stable
ZC3H18,0.00540848222727819,0.368092019384747,0.575023238972415,stable
DNAH6,0.00540237672904568,0.291696172458886,0.503701516603345,stable
MFSD9,0.00539944992761058,0.03136717660139,0.133182482381171,stable
KIAA1407,0.0053959012246442,0.725507753116603,0.837371992644448,stable
SORL1,0.00538654938921715,0.818838350808201,0.896184080963331,stable
SORBS3,0.00537619587402088,0.816537327991494,0.895831295760906,stable
PIK3C3,0.00537503995155467,0.589641211767982,0.745758258531397,stable
LINC01125,0.00537388310536014,0.121873852378121,0.305203597761988,stable
NT5DC1,0.00537367383879583,0.539833017736228,0.711472302572067,stable
C10orf2,0.0053474277513621,0.401915970725353,0.603491073104867,stable
DCAF7,0.00534484228190674,0.627030189779144,0.772351575963347,stable
SLC35C2,0.00533384270087745,0.769764255095356,0.867182008884698,stable
ZNF180,0.00531995287486164,0.611617977669831,0.761423582751402,stable
SLC35F6,0.00531862480403639,0.92268273849797,0.95779704576109,stable
PPP1R3B,0.00531713207086598,0.896038074768278,0.941858500136555,stable
HOXD-AS1,0.00530974619763204,0.704787133521057,0.824590153154805,stable
FUK,0.0052988351831306,0.757083787514042,0.858929251171225,stable
C12orf55,0.00529030022962536,0.000176993313905386,0.00313560328866585,stable
ACACB,0.00527736591807921,0.207445498360819,0.414884737030184,stable
SCUBE3-AS1,0.0052707321981193,0.249762343558213,0.461750587969692,stable
CDC25B,0.00527041859559979,0.811913131280763,0.893493812174375,stable
CDK14,0.00525917683436719,0.731045755985442,0.840747325351966,stable
CLEC16A,0.00525786937732101,0.139603482658391,0.330016045642269,stable
CTNND2,0.00525131444434738,0.81781833309222,0.896025184119301,stable
STX1A,0.00523932035452709,0.617560670094255,0.766152489407531,stable
RGS10,0.00523817501453122,0.00726373981300314,0.0505361158077122,stable
CDK20,0.00523432509492693,0.0264636865149749,0.120139627812179,stable
TRPC1,0.00522849526831898,0.648392906208631,0.788416879090252,stable
UNC119B,0.00522075310000147,0.95059928273574,0.974188936297928,stable
LOH12CR1,0.00521802732305861,0.692828899399479,0.817642447022518,stable
PSKH1,0.00521564895430685,0.910653077194831,0.950642284116773,stable
TTC7A,0.00521520813775178,0.0682389541179085,0.215543404428246,stable
RCN3,0.00521113532009303,0.0719753518040675,0.222646887669276,stable
RWDD2A,0.00520816860477142,0.522850070261912,0.698908162598016,stable
LYN,0.00520031096873749,0.982383360603048,0.990147604965589,stable
SPMIP6,0.00519847171163025,0.607567586412648,0.758157020856289,stable
SMNDC1,0.0051805841435516,0.694631328507616,0.818663069772184,stable
C1orf172,0.0051693347812253,0.313389224846025,0.523987126866066,stable
IFT20,0.00516317257866134,0.341436062905377,0.55069460785794,stable
FAM86A,0.00514987413898161,0.471229858903554,0.659080463957692,stable
TOMM22,0.00514590846309204,0.0534067603291067,0.186046110778276,stable
PTPN3,0.00513636236737797,0.362954718124187,0.569837975128443,stable
PGM3,0.00512458774400604,0.976438827825829,0.98757107747979,stable
ZNF320,0.00512373386939548,0.930115908452295,0.962427893535372,stable
SPHK2,0.00511543874099805,0.962342536794869,0.98079760096724,stable
DCTPP1,0.00511102367869826,0.0139718247522922,0.0778093784838359,stable
XRCC4,0.00510789376322451,0.893790456084186,0.940994360495044,stable
MED26,0.00510438565869639,0.739970063247783,0.846814863116546,stable
TMEM104,0.00509365056114243,0.8299760722469,0.901851883596302,stable
VPS51,0.00509077366756305,0.0841858752140055,0.244729640574555,stable
FRMD6,0.00509043009515567,0.292835716403278,0.504820807779189,stable
VPS41,0.00507165427029996,0.537726916986574,0.709692704949674,stable
ZNF133,0.00504606910321842,0.943127032061646,0.970599834982452,stable
ABCB8,0.00503943678740915,0.96246259759909,0.980837248274387,stable
TMEM198,0.00503260354841004,0.241730479747601,0.452699003967787,stable
MARK3,0.00503232529584985,0.926464691446329,0.960405731702843,stable
ZNF677,0.00501759423441417,0.837648212600616,0.90607189634475,stable
TMTC4,0.00500270606660993,0.827398859594985,0.900226020584485,stable
VPRBP,0.00499916392427316,0.978375487824245,0.988538491277916,stable
GPAM,0.00499213984559534,0.933776016613241,0.964060644179076,stable
C1orf145,0.00498824440837922,0.822501621182477,0.89833479487975,stable
MED17,0.00498761892911109,0.846829146553055,0.91226864372884,stable
LRRC37A2,0.00496983006077804,0.089296372150091,0.254146415171761,stable
TRAP1,0.00496938472283867,0.251669512893259,0.463943315579429,stable
GPC6,0.00496813135416573,0.794783368734974,0.884105186952072,stable
EHBP1-AS1,0.00496615887645244,0.689196162480488,0.814996693317518,stable
TRAM1L1,0.00496589369668863,0.084058230571055,0.244533034388524,stable
TCFL5,0.0049570243261405,0.0121307935124176,0.0711207769284376,stable
SCAI,0.00495346296971377,0.78845254695446,0.879383570617821,stable
HDAC5,0.00494382577001584,0.593677297003234,0.748618865129722,stable
MTSS1L,0.00491682386090054,0.0106020326136551,0.064982630104944,stable
CENPP,0.00491194402926878,0.693454280445859,0.818064574808935,stable
PXMP2,0.00490014081196719,0.987810121643881,0.992600980433605,stable
RFXANK,0.00489431343856203,0.727885374911103,0.838970327616577,stable
STMN3,0.00488947985983468,0.0084635869938031,0.0560449010900591,stable
ACTR3B,0.00488425848207181,0.483884439593325,0.668437494585693,stable
SEMA7A,0.00488248240836911,0.727825658199003,0.838970327616577,stable
ZNF79,0.00487706578446807,0.63747378877768,0.780622983656596,stable
OSGIN1,0.00487125092362112,0.893302563507177,0.940869424117847,stable
PIP5K1C,0.00486997493889475,0.968527982844089,0.983513497137625,stable
SNORD3D,0.00485371530311778,0.573651341707002,0.73558313238502,stable
SPATA13,0.00484976208083473,0.931635643362965,0.962946711736188,stable
RLN2,0.00484849488368265,0.738316213087925,0.845652319347725,stable
PTK2B,0.0048381007669993,0.798602842098983,0.885774534236274,stable
RFC4,0.00483657600792328,0.68298042749002,0.810873421293513,stable
PEG3,0.0048315845254452,0.276769884390402,0.487427613713913,stable
VAMP1,0.00483060951320286,0.931673000630227,0.962946711736188,stable
TBC1D31,0.00482828158354111,0.814121473625086,0.894636748324541,stable
TMEM241,0.00482731315602957,0.687365142258349,0.814102460901662,stable
PMPCB,0.00482414379157659,0.862982833565111,0.9215653117963,stable
COL4A6,0.00482177740757954,0.548099990827716,0.717340620003565,stable
XKR4,0.004818171234232,0.347929484096723,0.556841452640751,stable
RDH10,0.00480905796602413,0.978974296922175,0.988800444501358,stable
PTPN9,0.00480865827938877,0.911097870681156,0.951008485287887,stable
PLXND1,0.00480828599816348,0.863632477702749,0.921771012611403,stable
DNAJC25,0.00480078532486405,0.960909941450483,0.980072017045533,stable
LINC00365,0.00478884924118736,0.06154946579243,0.203731565081686,stable
POMZP3,0.00478789805887141,0.83388543682466,0.903896200641139,stable
PIERCE1,0.00478606931663633,0.128734426061893,0.315423857322224,stable
PARS2,0.00476681677560206,0.708524801278871,0.826905401072457,stable
RUVBL1,0.00474902825087502,0.773000570071083,0.869287853592357,stable
E2F6,0.00471121169640933,0.751765698929032,0.855196930964613,stable
CDIP1,0.00469751335109879,0.786561164350766,0.877961202964547,stable
SETX,0.00469138270195268,0.868638250483027,0.924611108838778,stable
COX18,0.00467515548245503,0.964078402595934,0.981280013134022,stable
SGPP2,0.00467062025372411,0.5673113639902,0.731829264818089,stable
C5orf55,0.00466920722397855,0.880993219308009,0.932726581744422,stable
PRR3,0.00466799638920051,0.951000763774066,0.974436993828515,stable
CCDC170,0.00466659810099551,0.413953204346591,0.613353208476694,stable
FIGNL1,0.00465805534756401,0.789822098622728,0.880392093713372,stable
COG7,0.00464623530527383,0.295525239272156,0.507373669222308,stable
MORN3,0.0046459091290469,0.441461543936421,0.635396904872107,stable
PI4K2A,0.00463048902330901,0.0489590054101253,0.175763548350476,stable
FBXL17,0.00462493862329483,0.472936487598702,0.660266862252849,stable
ZNF182,0.00462234148288778,0.715760709382475,0.830907778869076,stable
AGPAT1,0.00462175381972743,0.921858509447528,0.957361119209546,stable
NCDN,0.00460750620697471,0.942997208499937,0.970568197738601,stable
BAMBI,0.00459585737697777,0.526110924471922,0.700946042587987,stable
PTPRG,0.0045913638399299,0.212298137355647,0.420536773786327,stable
ABHD15,0.00458095657033292,0.449657134873454,0.641167701020358,stable
PEX7,0.00457738841847234,0.960117443643155,0.979604612474404,stable
KLHDC1,0.00456312554325981,0.291915891364182,0.503866119180425,stable
C4orf46,0.00455785637539861,0.188611230904882,0.392372989547528,stable
F8A3,0.00455666469577658,0.231558107406568,0.442691007966513,stable
ZNF551,0.0045534836222229,0.689544426308323,0.815182888509956,stable
MSH6,0.00455176360640489,0.952654010673003,0.975722046624783,stable
GGACT,0.00454284516085502,0.0326709424050795,0.1367704109451,stable
LINC00562,0.00452973061855785,0.71602254622533,0.831053893378127,stable
IFFO2,0.00452924118573738,0.711016726463334,0.828232176890394,stable
CDKN2B-AS1,0.00452637776420631,0.545110769061144,0.715518256182264,stable
CENPQ,0.00451653525457149,0.294840993131897,0.506754850863274,stable
TTF1,0.00451482225709789,0.980351079796011,0.989008137280386,stable
LIN7B,0.00451384942224808,0.244540406538921,0.455432022662363,stable
ZNF8-DT,0.00451328848379733,0.832262937252683,0.903274628871242,stable
CCDC134,0.00450472102976512,0.844624974814707,0.910674283905987,stable
SPEF2,0.00447002877958225,0.82192025272527,0.898270287824202,stable
LRFN3,0.00443672419905407,0.0337546800386145,0.139800410980187,stable
CCDC115,0.00441977966644527,0.867227068624505,0.923913516373187,stable
RBMX2,0.00441936823082456,0.313142484764957,0.523717845637821,stable
NFKBIE,0.00441671744671605,0.524829162067251,0.700077660094945,stable
RPE,0.0044073705993239,0.0686754484395418,0.216474647169923,stable
PSMG2,0.00439983558401758,0.3985490940411,0.601093661389069,stable
AMN1,0.00439725478533569,0.0191161122346148,0.0970009779808766,stable
HAUS7,0.00439616174195657,0.911488968870492,0.951335481170841,stable
SRRM1,0.00439347913164156,0.349526744998419,0.557983961913649,stable
RAD54L2,0.00438062247743638,0.427648164540471,0.624025061111156,stable
FIG4,0.00438048433685945,0.800028945506754,0.886632260188083,stable
SUCO,0.00437390992896483,0.762865793010061,0.862357612841473,stable
ZBED4,0.00437063187646887,0.724977965756627,0.836839532899811,stable
GLB1L,0.0043640901581548,0.462710164057949,0.65230873549122,stable
ADARB1,0.0043613815432919,0.0470062695583322,0.171421431706758,stable
AKAP5,0.00434850206521958,0.566921122210047,0.731711941494628,stable
PPP4R3B-DT,0.00434597419636864,0.417859352304477,0.616972185356918,stable
CRADD,0.00431009296367657,0.48281108621703,0.667682108916421,stable
ZNF525,0.00430448612970932,0.15272418901656,0.348429570107069,stable
DDX10,0.00429511899459542,0.624321328807807,0.770616977926207,stable
PTPN23-DT,0.00429168954730996,0.699876893183185,0.821510787379626,stable
LINC00865,0.00426890711116161,0.763680236796781,0.86277515846616,stable
IL2RG,0.00426414192618005,0.661639806722515,0.796945638313469,stable
C2orf42,0.00426165214731091,0.0583696910207777,0.19726599475753,stable
CD47,0.00425775694873698,0.0732471315359585,0.225194400376146,stable
SLC25A10,0.00424833653213866,0.147403111715324,0.340551056058991,stable
APITD1,0.00424077529665577,0.324827885508409,0.535724618400214,stable
NEK11,0.0042233770272405,0.799282622816561,0.886287262455519,stable
IAH1,0.00422255311754211,0.115756618668125,0.296150880410038,stable
PNMA2,0.00420210341404303,0.719291026264615,0.832712710015972,stable
LCA5L,0.00420141877004832,0.267974591705202,0.479397249964055,stable
ZNF662,0.00420121558414464,0.0773105630042462,0.232483228084602,stable
SHROOM3,0.00419947966943313,0.0148269118858319,0.0812397791814327,stable
DARS2,0.00419836715119382,0.11330451872833,0.291845916788062,stable
RGS1,0.00419356366661286,0.684479116419498,0.812021808920026,stable
MAPK8IP2,0.00418758023999436,0.6237540253595,0.770412165908308,stable
PPME1,0.00418109638438971,0.333815352110121,0.54352221447697,stable
CTU2,0.00417502492458579,0.950257545690362,0.974123487153717,stable
MED4-AS1,0.00416832468340057,0.894242843327655,0.941210996800177,stable
DSP-AS1,0.00416317578302561,0.558365817075956,0.724854232244716,stable
FCHSD2,0.00415687506091945,0.222924424567011,0.431927114583475,stable
DISP1,0.00415604427388563,0.295001230871176,0.506890139563982,stable
DCLRE1C,0.00415420632502814,0.877385398194546,0.929931718144785,stable
SYBU,0.00414723402165779,0.465771552222171,0.654335020969296,stable
MRNIP-DT,0.00413939086697823,0.0140858321012662,0.0783728773809187,stable
KHDC1,0.0041367273337909,0.795153272029545,0.884436178097284,stable
METTL18,0.00413602256307037,0.389295818970051,0.592990914777558,stable
KLHL7,0.00413364410502555,0.981169761053181,0.98950739700636,stable
CAP2,0.00412879422239118,0.35164131126934,0.559622886207058,stable
KIF23,0.0041245832888916,0.159804980670098,0.357189347613356,stable
COL6A3,0.00410891039108277,0.89457805349522,0.941320661610189,stable
THAP5,0.00409632098756223,0.971325542332997,0.984904799130161,stable
SS18L2,0.00409155315523307,0.663157341572151,0.797732925622898,stable
ZNF764,0.00408661064693289,0.830713723644405,0.902314248962965,stable
ACPL2,0.00408368614414738,0.833199676958693,0.903569273522273,stable
ZNF287,0.00407902246856851,0.715433505691479,0.830872373119282,stable
NIPA1,0.00407589714681562,0.765081840952253,0.863782198233653,stable
LYSET,0.00406050582246871,0.839739427375464,0.907094734119511,stable
ZNF786,0.00406002405124337,0.0051879065313344,0.0403929741649883,stable
LSMEM1,0.00405795618557173,0.0408845701374449,0.157856280909705,stable
COPB1,0.00404087458617813,0.99262805264017,0.995757250624532,stable
ERMAP,0.0040387951776732,0.871041146716988,0.92636218700787,stable
SYT7,0.00403531880662514,0.686198767316452,0.813272613115795,stable
FUT11,0.00403279161001133,0.942129302908388,0.970151465027224,stable
NKAPL,0.00402080097576736,0.297257111498124,0.508490194647784,stable
PMEL,0.00400872800798743,0.429385832267486,0.625230781850833,stable
SERHL2,0.00400461677181703,0.287086525679563,0.498715454318533,stable
GMEB1,0.00399724074993428,0.68215421142573,0.810673515699548,stable
PIGA,0.00399331815027654,0.938073464609313,0.967040067688098,stable
BICRA-AS2,0.00398602039957412,0.282362111395673,0.49322584305526,stable
GOPC,0.00398257074254066,0.0187978465139946,0.0956241680345693,stable
NIN,0.0039809084903932,0.374883269269904,0.581208425102009,stable
B3GNT8,0.00398085357609479,0.557681725768532,0.724294410095243,stable
GRAMD1A,0.00397823972838041,0.325499425175962,0.535996783234412,stable
SIK1,0.00396897519228715,0.974368203211027,0.986524925656894,stable
APOBEC3G,0.00396664083795373,0.588529275382539,0.744900748052028,stable
LIPA,0.00396556897092051,0.221006405173887,0.429872454298091,stable
RNMTL1,0.00396128831817316,0.664783813099564,0.799126495361301,stable
ZMIZ2,0.0039589554150925,0.938820966099177,0.967389993222316,stable
ZNF658,0.00395465234728589,0.172511819533899,0.37321931553853,stable
DPH3,0.00395461151234389,0.973792968887336,0.986327366623633,stable
ENTREP1,0.00395458235056778,0.406529163328128,0.607608588796655,stable
DSTYK,0.00394666719733749,0.756103591415941,0.85842020074937,stable
CSNK1G3,0.00393884110892817,0.432727161305736,0.627777927818813,stable
ZNF583,0.00393311160042083,0.365575919538026,0.572556058992035,stable
FMNL1-AS1,0.00392985405267659,0.567195058086323,0.731829264818089,stable
ITPRID2-DT,0.00392626948643978,0.361534275780106,0.568484047740676,stable
FHL2,0.0039227901721831,0.725697959023102,0.837433385358105,stable
KIAA0101,0.00391564716588403,0.316113466453415,0.527068515143751,stable
CD244,0.0039149911670569,0.930899276271147,0.962716814986337,stable
LPAR6,0.00391356396499459,0.710661039426365,0.82795234108377,stable
SCARF2,0.00390973094502947,0.93209323083442,0.963136741650038,stable
DNAH11,0.00390562964207941,0.682049836247449,0.810673515699548,stable
TBC1D1,0.00390348014114384,0.171389198330917,0.372337913439615,stable
IQCC,0.00389078869670515,0.166066994422399,0.366096111779876,stable
CCNE2,0.00388384341728542,0.669846948694668,0.803001775114604,stable
SLC9A1,0.00387436325197023,0.983283419198486,0.990463116778718,stable
EARS2,0.0038547490129006,0.915063603657478,0.953421364922072,stable
LINC00853,0.00385351069852589,0.600416640277957,0.753464019172339,stable
VWA9,0.00384896834210871,0.186414172032667,0.390532283307104,stable
POC1A,0.00382857491585306,0.32502112955875,0.535741408808814,stable
NOP9,0.00382795512494015,0.979462060058511,0.989008137280386,stable
FER,0.00382643661456583,0.740200982689815,0.846814863116546,stable
MPHOSPH6,0.00382547665662635,0.500812535247782,0.681225204298708,stable
C21orf58,0.00382333876865028,0.960291399810274,0.979604612474404,stable
INIP,0.00382132300654804,0.144173189567374,0.336501211939183,stable
DCBLD1,0.00380790624806508,0.261015678459669,0.472619708708488,stable
ENTPD3-AS1,0.00380315324066359,0.954611972285145,0.976908894869285,stable
HIC2,0.00380267266847805,0.844521710666094,0.910674283905987,stable
TMEM191C,0.00379801686632173,0.272691208482311,0.483518615098312,stable
SAE1,0.00379555098568377,0.242268070095418,0.452958397721403,stable
RTCB,0.00378975858348873,0.36969660745404,0.5765468704312,stable
FBXO31,0.00378962447619124,0.334759826312676,0.544235153191402,stable
PYCR1,0.00378899856111261,0.319701907811338,0.530694747567328,stable
RAB40AL,0.00378648836186994,0.00407021682228448,0.0342189342748318,stable
GAS2L1,0.00377877741990995,0.987608171185825,0.99256123362456,stable
PIP4K2A,0.0037603980893126,0.0368582682020017,0.147965671757395,stable
ZBED5-AS1,0.00375989824115706,0.922580300879627,0.95779704576109,stable
SLC38A7,0.0037565170218828,0.0235759826762557,0.111755903520137,stable
SMC5,0.00374871016042438,0.915248637534774,0.953468497121619,stable
FAM201A,0.00374786010482795,0.0486021958311373,0.174945006431043,stable
LOXL1,0.00374457066417332,0.502578164235463,0.682325821830962,stable
IFT56,0.00374416870067031,0.399698635956955,0.60186205049739,stable
HSPBP1,0.00373061579290543,0.259270137365616,0.470993930622275,stable
AFG2B,0.00372390816876286,0.131590971982867,0.318752829438397,stable
IFI44,0.00371765901333174,0.420144375987726,0.618882663024387,stable
TOR2A,0.0037153267816218,0.330992323659705,0.541497313953103,stable
LINC00886,0.00370869198040192,0.145579001587629,0.337757284828022,stable
CCHCR1,0.00370713042026703,0.749846991440241,0.853775113949842,stable
EFTUD1,0.00370243552038767,0.45589281170373,0.646875650640325,stable
FBXO48,0.0036992705027902,0.142553053198368,0.334715058994285,stable
MAF,0.0036780108711221,0.868464328903168,0.924611108838778,stable
SALL2,0.00367346705633466,0.446083713003758,0.638690440631016,stable
DPH5-DT,0.00366788890038496,0.938716268855606,0.967371008551056,stable
TMEM79,0.00366247948317979,0.061777670527478,0.204376250210525,stable
VMAC,0.00366149311173647,0.968456079738988,0.983513497137625,stable
ZNF329,0.003647896379426,0.165311921337334,0.365420059028494,stable
METTL1,0.00364537856279746,0.00211110878543888,0.0211352938519286,stable
ZNF550,0.00364306311761686,0.286678386775062,0.498131712855487,stable
MAP2K5-DT,0.00363995866523421,0.881817443032245,0.933356690936545,stable
GTF2H2,0.00361986271124576,0.725690809930323,0.837433385358105,stable
GTF3C6,0.00361735391739981,0.562863106739562,0.728473315558373,stable
LYRM1,0.00360676847680139,0.377114108978392,0.583302906257354,stable
HIGD2A,0.00360081623068687,0.212941543061272,0.421196993912782,stable
TIGD1,0.00359611480064923,0.672848554844722,0.805415269724038,stable
FGF9,0.00359557656998935,0.946666847352683,0.972196550620784,stable
RALGAPA2,0.00358994225421551,0.260630268947419,0.472271628759746,stable
IRAK4,0.00357934042942829,0.509762678732867,0.687576168974753,stable
CDK6,0.00357424070108381,0.388281922780976,0.592554085402579,stable
CNPY4,0.00356706625149671,0.32004111394958,0.530969405119391,stable
CLPB,0.00355855311750193,0.0400743086323949,0.155612563126555,stable
CENPBD1P,0.00355778163000458,0.042033117102168,0.160717179686237,stable
DNAH5,0.003545945460478,0.156175893830783,0.352947703122109,stable
FHIP1B,0.00353899538793637,0.874020802651399,0.927958478105195,stable
TCEANC,0.00352206458604155,0.905392385366694,0.946697207688945,stable
CCDC88B,0.00351105438072754,0.50994028794497,0.687645899596174,stable
ETV5,0.00351004898870495,0.549032068872684,0.718100578846532,stable
H3-3A,0.00350293832595794,0.0670093190563531,0.213466300655162,stable
IRF2-DT,0.00349668986739557,0.894423669936045,0.941239233927188,stable
PCYT1A,0.00349455269924917,0.965910237029497,0.982230017517367,stable
HECTD4,0.00348555719371205,0.649033705762227,0.788725322520873,stable
ZNF773,0.00347504544796831,0.329607200744604,0.539951544076929,stable
AMIGO1,0.00346996385508522,0.682593421594216,0.810673515699548,stable
DNAJA3,0.00346981446022421,0.859080932921387,0.919239543033021,stable
PTK6,0.00346946604673553,0.865532336729047,0.92283186080906,stable
RNF144A,0.00346572951352457,0.482513020528273,0.667682108916421,stable
ZNF846,0.00346369410884601,0.371832835012235,0.578427662915444,stable
LZTR1,0.00346123418710406,0.979867943257407,0.989008137280386,stable
CARD6,0.00345126694200661,0.103952281838555,0.277047698746412,stable
ZNF264,0.00345014947254207,0.0318805681038043,0.134383144895333,stable
CTTN-DT,0.00344791262810063,0.66833142012063,0.80181404255124,stable
EFHD1,0.00343883490769942,0.342748291287199,0.552009896270715,stable
PPARD,0.0034387814897515,0.828929374336944,0.901016598959168,stable
UBFD1,0.00343454211799828,0.869264179641297,0.92511502347775,stable
MAPK13,0.00341833196864932,0.472400524161947,0.660083528866717,stable
SPATA18,0.00340134395121276,0.819875763050085,0.897078529137508,stable
ABLIM2,0.00339879813405276,0.695050935183706,0.818920735584156,stable
ZNF627,0.00339083142371223,0.756061751334954,0.85842020074937,stable
DUSP18,0.00335863984340679,0.99586522117659,0.997931986976367,stable
RNF168,0.00335175363510973,0.540001047799223,0.711541749304485,stable
TRIM29,0.00334990666195953,0.907748912882136,0.948241557944901,stable
DYNLT4,0.0033440772117496,0.558126087352275,0.724645065511866,stable
C14orf28,0.00333700206809948,0.508103523872132,0.68643626131712,stable
DIRAS3,0.00333581824576961,0.0283970017457344,0.125542477157272,stable
NEDD4,0.00333335813723739,0.836877104701557,0.905568546196613,stable
SLC6A8,0.0033153912324076,0.870320771719722,0.92591828664072,stable
BCL9,0.00329285528746351,0.00513545853382233,0.0400733868191889,stable
H2AC25,0.00329223644373381,0.274119178618259,0.484886940436359,stable
NTHL1,0.00328667976554714,0.573113572129299,0.735279209247329,stable
TIPARP-AS1,0.00327202860380716,0.504863462762495,0.683514339219043,stable
LRRC51,0.00325948981546566,0.029636872297176,0.12860529888558,stable
CCL3,0.00325694935170146,0.459119277958233,0.649928085996865,stable
SLC25A13,0.00325033384454922,0.46515508879785,0.654171169519664,stable
INMT,0.00324094185900546,0.253382044994465,0.465765732031931,stable
ZBTB11-AS1,0.00323409565438575,0.00899043148492689,0.0580554857220001,stable
GEMIN4,0.00323326773158635,0.0472582097191997,0.171868274861413,stable
LPAR2,0.00322159629209992,0.956468520370911,0.9779900621509,stable
SPIN4,0.00322145361383857,0.334991024138062,0.544393815350128,stable
ZNF438,0.0032212309845308,0.40925390269038,0.610495837818917,stable
TRIM35,0.00318578353361144,0.265190595229572,0.476228857953031,stable
STEEP1,0.00317410296985096,0.220554972853045,0.42950992490436,stable
CAMKK1,0.00316613865186927,0.759793145414804,0.860610768119956,stable
NCF1,0.00316287741719792,0.672261725077985,0.804949292521627,stable
CRNKL1,0.00313259452019204,0.169392897116778,0.370127880885331,stable
FMN1,0.00312192324019336,0.907050120286152,0.947835584747643,stable
CDPF1,0.003121825857473,0.703266273384063,0.823356483010569,stable
NLE1,0.00312013177680422,9.93035324543343e-05,0.00200642376978807,stable
LACC1,0.00311130438858376,0.215590876037878,0.423899448075763,stable
RAPGEFL1,0.00310332196182243,0.130608585043474,0.317660036524357,stable
ZNF675,0.0030953245816959,0.70207807582687,0.822759313479787,stable
SOGA3,0.00309318566945148,0.669843235125945,0.803001775114604,stable
PTPRN2,0.00308187016377731,0.158743215281387,0.355854953896878,stable
ZXDA,0.00307485380124804,0.717823649740204,0.831938651528924,stable
SLC9A5,0.0030735413468083,0.501205299595146,0.681225204298708,stable
FBXO4,0.00307162434035664,0.986584126783931,0.992001423164526,stable
TMEM55A,0.00306804677732566,0.536482563675897,0.708676046282589,stable
PPP1R9B,0.00305967722241006,0.430748835497781,0.626171217163143,stable
SLC52A3,0.0030593093013642,0.938723405058298,0.967371008551056,stable
ENKD1,0.00302968521645218,0.477698366687735,0.663943699191685,stable
THSD7A,0.00302797099165503,0.680819519573327,0.809959883918672,stable
FKRP,0.00301828755289287,0.0305915460503383,0.130935244719655,stable
NDUFA8,0.00301615542420353,0.423468602902729,0.62150080464437,stable
SLC25A19,0.00301203766330922,0.967885800365166,0.983269998721783,stable
CYP4Z1,0.00300535429935907,0.986351368213885,0.992001423164526,stable
ABCA2,0.00300339281992131,0.689506799101485,0.815182888509956,stable
H2BC18,0.00300277187173612,0.141737214771778,0.333962165260257,stable
ZSCAN2,0.00299401332807964,0.925883717925013,0.960129162530995,stable
C12orf75,0.00299108687126814,0.012760656266879,0.0736865114029983,stable
LEPRE1,0.00298373567274839,0.314094657872308,0.524592580657343,stable
LPL,0.00298191171137628,0.959456556584358,0.979243295289905,stable
PAX8,0.00297837886864161,0.740195014827499,0.846814863116546,stable
PGBD2,0.00297507459391879,0.138209788794919,0.32824489182613,stable
SCRIB,0.00296478050458474,0.0097475210262846,0.0613302763000212,stable
AZI1,0.00295679262676614,0.922097424557714,0.957502456489424,stable
FAM109A,0.00295548080441413,0.991753348484767,0.995254324922239,stable
GAREM,0.00295519587792302,4.31573468024543e-05,0.000999157968396214,stable
TXK,0.00295350532806475,0.961480245081943,0.980231214738486,stable
HACE1,0.00294637652449726,0.453715361086811,0.644983902072936,stable
TYRO3,0.00294554017978185,0.952861354312532,0.975852647043933,stable
PAFAH1B2,0.00294229410200969,0.72326092441775,0.835849079913823,stable
ADPGK,0.00294179613898077,0.914594123260256,0.953341701667395,stable
FKBP4,0.0029404820600509,0.492893746886751,0.675351852435969,stable
DOHH,0.00292872984496437,0.370081502936023,0.576951446485136,stable
ARL10,0.00292630735842782,0.549724468261919,0.718554165300719,stable
SYDE1,0.00292558717774232,0.97992625297349,0.989008137280386,stable
PRSS35,0.00291382314501287,0.627401249270374,0.772523097982962,stable
FAM88B,0.00291360391960405,0.256604072967852,0.469008401309662,stable
EVL,0.00290269372996457,0.444444958056317,0.638038187584313,stable
LRRIQ3,0.00290075302032406,0.835316096850937,0.904901096056882,stable
ZUFSP,0.00290011398140286,0.532919523377442,0.705709918076681,stable
ITGA5,0.0028983681262646,0.545126106006661,0.715518256182264,stable
FAM115C,0.00289538531127232,0.223808580064873,0.433296813860154,stable
ZHX1-C8ORF76,0.00288198072386062,0.651554215811862,0.789575207791716,stable
HSD11B1L,0.00287116743469544,0.974691539401589,0.986524925656894,stable
TRNT1,0.00286932579069309,0.274998917535396,0.485638076849564,stable
PTPN20A,0.00285424358173871,0.838854902333604,0.906938424515816,stable
SLX1A,0.00283919416778393,0.116065922350183,0.296547107610752,stable
MX2,0.00283722442364605,0.585765118497414,0.743818051471478,stable
FBLIM1,0.00283441552008154,0.501624579659317,0.681620593792296,stable
UBA1,0.00282375240723587,0.886203033125625,0.935972513990637,stable
ZNF529,0.00282322426800155,0.339985662732436,0.549554810155257,stable
SMCR8,0.00282191714107916,0.933767572065987,0.964060644179076,stable
FLOT2,0.00282035627946958,0.016823090342637,0.0888088343233532,stable
SUMO1,0.00281854922660718,0.999103282534009,0.999599509812038,stable
COPB2-DT,0.00281412243683536,0.871745055083308,0.926474984212649,stable
ZC3HAV1,0.00281375782470616,0.98245257694925,0.990147604965589,stable
MALRD1,0.00281038857424137,0.878514217626991,0.930827580503799,stable
TFIP11-DT,0.00280002037011217,0.848441364684083,0.913211873020889,stable
TPTEP1,0.00279164194548649,0.164371339557703,0.363999140353869,stable
FBLN1,0.00278887999683123,0.00329369097292074,0.0293028227459848,stable
PARP6,0.00278799445619327,0.196249913301252,0.40109662935872,stable
SYPL2,0.00278595569572484,0.076881315216758,0.231919280050128,stable
PRKAG1,0.00277313576099844,0.158246009597416,0.355653469630229,stable
RIBC1,0.00276735328631521,0.34675276450708,0.55604168874912,stable
TSPYL4,0.00276291889369291,0.974915192961247,0.986530295715425,stable
DDX41,0.00275615721083228,0.964860038228739,0.981562009596214,stable
NPRL3,0.00275565854085383,0.0270366694679989,0.121555867142445,stable
TMEM167B-DT,0.0027546747342963,0.584438059423575,0.742946218634961,stable
SLC30A6,0.00274794312549226,0.505192327640492,0.683614785386958,stable
RAB11B-AS1,0.00273702744294075,0.675432180409653,0.806848722107652,stable
USP27X-DT,0.00273433732191598,0.0847390157996873,0.245811516168813,stable
ZNF77,0.00273308374847495,0.60419172665876,0.755873469110295,stable
CASC3,0.00273219452380608,0.05596173546673,0.19172540760799,stable
FRRS1,0.00273087663651023,0.050862307682326,0.180266990173602,stable
ALG11,0.00271991382743614,0.205521276889052,0.412392004053148,stable
CASC10,0.00271633043297237,0.609267742631894,0.759503251675736,stable
FHL3,0.00271282303213461,0.605269591342122,0.75637042369312,stable
DENND5B,0.00271257696773849,0.685374833791924,0.812611248135061,stable
CD96,0.00270966355355336,0.527731708076441,0.702034214770532,stable
SNUPN,0.00270250519574242,0.628168439419783,0.772880279741912,stable
SECTM1,0.002694185284107,0.669253479296858,0.802762685793817,stable
MTX1,0.00269234031821286,0.15526828690341,0.351732824003439,stable
GTF2A1-AS1,0.00268401587030333,0.24253065240917,0.453109383318002,stable
MTERFD1,0.00268015141818705,0.944284995164099,0.971219165408998,stable
TDRD6,0.0026717610316319,0.00872190196818407,0.0569837144089161,stable
HLA-DOB,0.00265588624280541,0.582004205703141,0.741540099610598,stable
SERPINB9,0.00265521880204985,0.62580978117578,0.771732154798294,stable
HCN3,0.00264084211423193,0.863223252857146,0.921721143185703,stable
FBXL5,0.00264047850903471,0.913213544439937,0.952554786899958,stable
CLDN9,0.00264044239614909,0.815808051002696,0.895512977298167,stable
ZNF396,0.002638816761058,0.49218697238057,0.674948794074499,stable
KIF6,0.00263862913821391,0.914954156862267,0.953421364922072,stable
KIAA0430,0.00263045476172577,0.954000607090893,0.97661028566109,stable
C14orf159,0.00261932984119989,0.0744126149823057,0.227594205237948,stable
CCT8,0.00261788051432227,0.031240126656346,0.132898144884647,stable
LRCH1,0.00261231508987626,0.977812060908642,0.988412702350288,stable
TIA1,0.00260962042876023,0.995285644892338,0.99772228058382,stable
TMEM258,0.00260370753389849,0.000490558525394772,0.00709655315316651,stable
ZNF121,0.00259987898796135,0.735797407777817,0.84414711522065,stable
ST6GAL2,0.00259953314839589,0.360253571931979,0.56734600145536,stable
MON1B,0.00258749757273363,0.369513412161105,0.576540095017076,stable
MTA2,0.00257665400615169,0.5035536011456,0.682885453370515,stable
SND1-IT1,0.00257345776980686,0.971827249192814,0.985124495740356,stable
TRIM14,0.00256429738188876,0.500177202442447,0.680789012655214,stable
UPF2,0.00256355304455785,0.960264411924949,0.979604612474404,stable
UBE3A,0.00255974371816264,0.605076387973861,0.756360953736831,stable
RHOD,0.00254516507862973,0.0112306233519267,0.0674610023852343,stable
OSBPL6,0.00252149100781766,0.722443727473778,0.835217039742566,stable
POP1,0.00251220880289446,0.975189461078288,0.98660356443366,stable
CDKL5,0.00251063196932999,0.991139821583515,0.994720293845394,stable
ATG4D,0.00249970795864121,0.455257943497914,0.646500127941276,stable
PC,0.00248303335603854,0.79632661018877,0.884695364067222,stable
TM7SF2,0.00247327961859284,0.705885610309235,0.825322400805365,stable
ZNF425,0.00245924277961941,0.358523715664516,0.56535009033579,stable
CRIP2,0.00245012129077549,0.0648344385702564,0.20961020287829,stable
SEC23A,0.00244446561745546,0.767594543620265,0.865517544618957,stable
MISFA,0.00244362183652664,0.021634704308372,0.10532163499225,stable
GRB14,0.00244291782066771,0.171733013180727,0.372606381455662,stable
PNP,0.00244097601944394,0.980323114789815,0.989008137280386,stable
DOCK11,0.00243439646698246,0.630177213137934,0.774588864092318,stable
C17orf67,0.00243042169692996,0.587335665603438,0.744384777225135,stable
CEP170,0.00240764400275117,0.249202889691323,0.461134744714916,stable
NUBPL,0.00240418546562103,0.269547147415635,0.480500679976002,stable
SLC6A14,0.0024015116366927,0.38168372091605,0.587135688220926,stable
MTMR10,0.00239139546252408,0.835971183336848,0.905146889104573,stable
ACHE,0.00239001464657315,0.30256066047318,0.513680765781133,stable
TNFRSF10D,0.00238507351276183,0.464034503720499,0.653196427162527,stable
NAA16,0.00238362129345981,0.103188690486468,0.275865304649619,stable
CAPRIN1,0.00238324419291303,0.927317345591161,0.960963651450182,stable
SPDL1,0.00237863101078564,0.135483280483747,0.324197000791342,stable
DNAJC24,0.002378066356159,0.957050911671816,0.97805298534817,stable
C17orf85,0.00235477987472127,0.034011517365312,0.140408331068168,stable
MIB2,0.00235070446050789,0.932954666515572,0.963619589648192,stable
PLEKHG3,0.00232588690623515,0.828351468417681,0.900628688956483,stable
IWS1,0.00232273717808196,0.879754126177785,0.931737518488758,stable
KIAA0196,0.00231659300000946,0.847954043967801,0.913169785345996,stable
HRASLS5,0.00231264927865303,0.171458747150402,0.372341752561115,stable
DNAI4,0.0023084348628603,0.145996375664209,0.338516634317014,stable
SCPEP1,0.00230440171506996,0.184781359222138,0.388571707402617,stable
BMAL2,0.00230348406905665,0.944779379498451,0.971564157061417,stable
STYK1,0.00230138333631167,0.898704658674867,0.942903248445761,stable
ITPKB,0.00229593759700377,0.943016891732769,0.970568197738601,stable
CCDC97,0.00228967100115517,0.957204593718027,0.97805298534817,stable
ATXN3,0.00228925880422529,0.281581197961359,0.492354250304628,stable
ZFP69,0.00228470095628768,0.187430804727752,0.391211756550593,stable
BCDIN3D,0.00228359699833047,0.983128737492333,0.990463116778718,stable
MAVS,0.00227905388004979,0.802106949524637,0.887888739562543,stable
SLC37A1,0.00227627535406283,0.623078516526077,0.770086274374544,stable
SYNE4,0.00227164195626667,0.495862461508268,0.678087339688675,stable
MTHFD1,0.00227135776103415,0.265028952602644,0.476078459458446,stable
ZNF101,0.00226244472323559,0.900058466127834,0.943563778849841,stable
ZNF202,0.00226165592640252,0.387986196289628,0.592398608973822,stable
PRRT3-AS1,0.00224828148078586,0.194299397025284,0.398777002894069,stable
TMPRSS6,0.00223782981211133,0.892712393212441,0.940571995744603,stable
EFCAB15P,0.00223364199269883,0.251723105289089,0.463972140991227,stable
TTC5,0.00222528472285339,0.977934635807104,0.988412702350288,stable
BIK,0.00219984393327962,0.0033764006582916,0.0298000878317376,stable
CSNK1A1,0.00219619638723312,0.998025919959172,0.999045839978338,stable
SLC25A30,0.00219210476240104,0.530956878929216,0.704583376549063,stable
KNDC1,0.00218927635814208,0.151495471840503,0.34685908368202,stable
INPP5J,0.0021834634842459,0.211229438107226,0.419552663281813,stable
TMEM110,0.00218001693707745,0.604893535951932,0.75632445863025,stable
FRMD8,0.00217221775369238,0.460289451030956,0.651029486855513,stable
PRMT3,0.00216786116280265,0.983332819472065,0.990463116778718,stable
TTC23L-AS1,0.00216254598777386,0.0498793992796211,0.178126139875574,stable
APLP1,0.00215636700903187,0.960247074967103,0.979604612474404,stable
C12orf76,0.00215558443265151,0.376957852153829,0.583206455973291,stable
NOL3,0.00215396241204038,0.997754359582703,0.998922831806917,stable
CYB561D1,0.00215062133769248,0.790978561973616,0.881169173619956,stable
AKAP1-DT,0.00214867499855721,0.0273209976359916,0.122289225595885,stable
ACTL6A,0.00213511189309912,0.997292140775225,0.998788256889141,stable
ZNF70,0.00212642833521273,0.771158863183193,0.868015280253347,stable
FGF14-AS2,0.00212099886776826,0.97035855195469,0.984452065656414,stable
ENTREP2,0.00211637235057061,0.62253496512906,0.769797186252069,stable
GCAT,0.00211352983714197,0.799781180567719,0.886556993838711,stable
DAB2,0.00211296368135745,0.0136776768350835,0.0768363610441458,stable
AP4B1,0.00211196529925616,0.626432151108007,0.77202418063104,stable
TM4SF1-AS1,0.00210840930287837,0.54343897605735,0.714034221022036,stable
EDAR,0.00210013969160559,0.225113406994917,0.434584063029986,stable
ZNF565,0.00208675023378764,0.0389491208955588,0.152943801422201,stable
TRAF3IP1,0.00207881651660072,0.992927596369341,0.995942146387037,stable
LAS1L,0.0020714321839712,0.587224599910708,0.744384777225135,stable
HYAL3,0.00205765719116842,0.0149138891742815,0.0815692981057794,stable
ABCA10,0.0020563524631226,0.984026324066104,0.990753462267033,stable
DEF8,0.0020449408508971,0.490357895970082,0.673859879800772,stable
SNAPC4,0.00203860674709316,0.986938794223895,0.992214805542634,stable
ZNF805,0.00203391388453793,0.946874782121462,0.972246731344204,stable
KCTD6,0.00202270709574118,0.476080442588302,0.662271469495948,stable
SETD6,0.00201407396908113,0.964181465784746,0.981280013134022,stable
EPT1,0.00200469086654229,0.978321020247186,0.988538491277916,stable
FUOM,0.0020039004604164,0.131439015133071,0.318602125914468,stable
ZCCHC14,0.0020017055139047,0.634274179346357,0.777981895276929,stable
CPOX,0.00199742911983085,0.430113787045766,0.62576897558289,stable
ZBED5,0.00198360529262098,0.997323475618446,0.998788256889141,stable
DARC,0.00198241956601163,0.840565484804641,0.907388565888104,stable
SCARA3,0.00197565615174064,0.160445189826892,0.357898175263491,stable
R3HDM4,0.00196617544986039,0.268395441947912,0.479617049173453,stable
ZNF471,0.00196606560532839,0.401229208241769,0.602917790863224,stable
BCL2,0.00196154743822087,0.928941026794538,0.961912334734132,stable
RBM38,0.00195926776516046,0.916627052860505,0.954253882998366,stable
AKNA,0.00193004422380112,0.101482237816071,0.273061605781126,stable
SLCO4A1-AS2,0.00193000001318106,0.232735664287394,0.444133666793302,stable
PRKACB-DT,0.00192654855532942,0.916496041075075,0.954198757014029,stable
ZNF785,0.00191231472026274,0.398880283765557,0.601254241878048,stable
MAPKAP1,0.00191071031503928,0.971368803854157,0.984904799130161,stable
USP35,0.00189581836346912,0.979861237926526,0.989008137280386,stable
MSL3,0.00189429691797438,0.566488601367174,0.731452544215546,stable
DNAJC28,0.0018868818000482,0.287813083050676,0.499413665324772,stable
PCID2,0.00187975965850221,0.674697885217444,0.806444406854212,stable
ABHD14A,0.00187124203116533,0.0389942534177113,0.153057095640853,stable
FAM218A,0.00186746384901301,0.071665753994268,0.222232921569237,stable
DIMT1,0.00186673265627105,0.321723562178637,0.532965012070966,stable
TP53INP2,0.00186092746631072,0.92941676026051,0.962241930839711,stable
CPNE1,0.00186023071665159,0.264100802639883,0.475459235857132,stable
C19orf73,0.00185474722919836,0.41572515195098,0.61515848655717,stable
KATNBL1,0.00184747636635652,0.78598777457869,0.877546455569874,stable
ASCC1,0.00183865180706122,0.752131107235564,0.855419673878632,stable
ZNF845,0.00182641763873465,0.0989246986207819,0.269321941189407,stable
EIF1B,0.00182491717715905,0.194032503202386,0.398469862837326,stable
MIR3677HG,0.00182395806103627,0.351811088099967,0.559811749126883,stable
SETD1B,0.00182055118045166,0.708916730739202,0.826993228377971,stable
FTCDNL1,0.00181781982118885,0.535307499189334,0.707875256392299,stable
ARL6,0.00181255882860125,0.871263079252696,0.926437011202588,stable
SOCS7,0.00180805123673428,0.970158953478313,0.984331262227664,stable
ARHGEF35,0.00180482760124626,0.44921608502921,0.640790146471748,stable
RANGRF,0.00179454565210757,0.00393380953776099,0.0333011688293562,stable
CGNL1,0.00179182049162996,0.906129515475614,0.947197468545742,stable
LDB1,0.00179015515079062,0.111653266239351,0.290023273801494,stable
HDDC3,0.0017880671800348,0.324990955137546,0.535741408808814,stable
METTL2A,0.0017751681960118,0.984683358364128,0.991006864205755,stable
ZSCAN5A,0.00176896555782258,0.799815979061952,0.886556993838711,stable
TFCP2,0.0017533386492674,0.293041576219162,0.50502470431454,stable
PHOSPHO2,0.00175079800063011,0.106714440368721,0.281076776355796,stable
WDR72,0.00174574576733569,0.0599881553913096,0.200518242139286,stable
RSPH4A,0.00173991295859923,0.00305192599192251,0.0276403862502511,stable
NDOR1,0.00173377801175552,0.0868520082010217,0.250159978381077,stable
PTTG1,0.00172141947015804,0.056381900219662,0.192732759587569,stable
N4BP2,0.00172017169310781,0.75689104508728,0.858929251171225,stable
FRK,0.00170253022047038,0.738597649639866,0.845772146997444,stable
RGS6,0.00169527079307725,0.809254561514581,0.891900573625548,stable
GREM2,0.00169117606860358,0.635947098115489,0.779486345870223,stable
POU5F1,0.00169086506953286,0.619705563872651,0.767894659176816,stable
PKIG,0.00168675511596739,0.782250077838452,0.87534098787049,stable
SLC31A2,0.00167964084738995,0.900106121168848,0.943563778849841,stable
CCDC69,0.00167439152129167,0.195526625224059,0.400302761506269,stable
UBTD2,0.00167348138999333,0.217147864664103,0.426069903315249,stable
TMEM170B,0.00167072620175593,0.869538652345005,0.925247256812791,stable
MXD3,0.00166191173977955,0.173872546330002,0.374891603058399,stable
TRAF5,0.00165555431670691,1.0066114651882e-06,3.67308016431657e-05,stable
SPIRE2,0.00165024289553002,0.326048441120659,0.536566524536743,stable
CCRN4L,0.00164850310409278,0.98738330635239,0.992498440658796,stable
ISOC2,0.00164572030306026,0.22939700502447,0.440004548786932,stable
QPCTL,0.00163996871797876,0.948165245356913,0.973326499768467,stable
LYAR,0.00163789157209614,0.411211270629024,0.611792068206257,stable
ASB1,0.0016371566417297,0.188589250269178,0.392372989547528,stable
TOPBP1,0.00163704857053407,0.286540526403015,0.498131712855487,stable
ALG3,0.00162973465467237,0.743239753311833,0.848940641420654,stable
CIZ1,0.00162918261900116,0.945786816578444,0.971864327997218,stable
GUCY1B3,0.00162853456107359,0.669955629718462,0.803053306303048,stable
ECT2,0.00161908071018042,0.180919870411442,0.383643276070338,stable
ZNF554,0.0016161922292601,0.349341751584085,0.557983961913649,stable
CWF19L1,0.00161617449536402,0.0622108815239098,0.205309345504394,stable
SLC22A5,0.001609699698933,0.974742150857654,0.986524925656894,stable
OSBPL1A,0.00160772152415484,0.651606241508739,0.789575207791716,stable
PAN3-AS1,0.00159811499827276,0.33565465987025,0.545254825548696,stable
RABL5,0.00159603394863045,0.820729125588108,0.897460292151154,stable
JHDM1D-AS1,0.00156923767015857,0.983018708524111,0.990463116778718,stable
FOXRED1,0.00156840009155069,0.239474596785303,0.450285165737623,stable
CDKN1B,0.00155356644178628,0.976583702926677,0.98757107747979,stable
ZSCAN25,0.00154649152890581,0.36641505225936,0.573356067437073,stable
H4C2,0.00153953259274872,0.224273142595438,0.433912287748468,stable
LRSAM1,0.00153523861081237,0.647082754437316,0.787596017143523,stable
C9orf156,0.0015351288940985,0.660883194911865,0.796552570952735,stable
EPHB2,0.00151147356835737,0.685246837123157,0.812611248135061,stable
HSDL1,0.00151093567929181,0.893272254433343,0.940869424117847,stable
PCSK1N,0.00151072286355557,0.382545031250294,0.587909286145788,stable
CYB5R3,0.00151019052882706,0.00429010148404437,0.0355299461659609,stable
NAE1,0.00150088708882848,0.273563752084958,0.484363167075104,stable
CKAP5,0.00149975580445538,0.961430750600655,0.980231214738486,stable
ATAD1,0.001490393811582,0.728649296476102,0.839357299440893,stable
ICAM3,0.00148847442318555,0.139865465460666,0.330507529439625,stable
MINPP1,0.00145556521594999,0.984668905450702,0.991006864205755,stable
DDI2,0.00145124749892775,0.381624365920244,0.587135688220926,stable
ACTR8,0.00144708858631523,0.24352802734613,0.454347772631119,stable
ZNF225,0.00144381605185742,0.466020663167733,0.654335020969296,stable
POU5F2,0.00142822265602601,0.466271213590101,0.654535980124643,stable
RGS3,0.00142053474589354,0.975223402245739,0.98660356443366,stable
C11orf63,0.00141965738597126,0.874641779836429,0.928396550239632,stable
NFYC-AS1,0.00141782642238778,0.974989569906581,0.986530295715425,stable
NME7,0.00141570462533988,0.403495744892423,0.605107178263417,stable
CDIN1,0.00141147522815779,0.6495930153611,0.788744207973304,stable
KLHL8,0.00140654951772985,0.895872468944632,0.941858500136555,stable
SLC30A4,0.00140440059766538,0.60028508078719,0.753376265661459,stable
ACOT11,0.00139367602582909,0.942215166296074,0.970151465027224,stable
GOLT1A,0.00138943926543947,0.458668681566485,0.649496631211221,stable
GPANK1,0.00138721569036238,0.572177068098653,0.734771770189929,stable
KLRB1,0.00138316658017158,0.203403071324678,0.409533920898652,stable
SPG21,0.00137397113219365,0.504273295360857,0.683169318684597,stable
UBE2T,0.00136943543172773,0.817509108325837,0.896025184119301,stable
ZNF214,0.00136801216927884,0.748743969884081,0.85299592617549,stable
FTX,0.00136510168647642,0.58187919067933,0.741540099610598,stable
SPATA20,0.00136451510722554,0.912508777083125,0.95200917280222,stable
DNAJC6,0.00136269604722333,0.979012743766356,0.988800444501358,stable
LINC02986,0.00135578603262572,0.618044883650283,0.766494656935505,stable
RBM4B,0.00135532298358018,0.127731685577611,0.31397817621417,stable
VPS37B,0.00134971531839567,0.745760027156272,0.850916454296912,stable
ZNF266,0.00133039065055161,0.519010981765175,0.69550430180854,stable
NAMPT-AS1,0.00132736603625707,0.00183436657332659,0.0190674294152587,stable
TMEM102,0.00132544974229415,0.937532166711322,0.966877010535662,stable
UBA6-DT,0.0013239792826376,0.198295891630997,0.403591238644241,stable
PIGK,0.00132143948567823,0.243068261793121,0.453767017739632,stable
NEU3,0.00131339339836579,0.00712934801879203,0.0498279875252795,stable
ZNF383,0.00131272203963863,0.229788950534273,0.440410807671833,stable
ZNF684,0.00130482808581214,0.618880985838795,0.767183974332565,stable
LRRC36,0.00129403982986141,0.81318446601963,0.89415911780372,stable
CCDC104,0.0012938653759979,0.296279991604753,0.507686910826578,stable
MALL,0.00129238097363604,0.779846370978477,0.874091512822383,stable
TXNRD3,0.00128749877808318,0.827612894251345,0.900226020584485,stable
HSPD1,0.00127768030385977,0.37084068066905,0.57779535434529,stable
MPRIP-AS1,0.00127073402850601,0.673078897338826,0.805454375043545,stable
ALG5,0.00126339352239174,0.839337190444651,0.907094734119511,stable
SLC45A4,0.00126245107159557,0.00888353447508258,0.0576034423249292,stable
ACOX2,0.00126110149021687,0.914658988641623,0.953341701667395,stable
SIMC1,0.00126003702277507,0.00393901344372641,0.0333221455613229,stable
RMDN3,0.00125780630691225,0.50532912309854,0.683614785386958,stable
PDHX,0.00125585085838385,0.457561367782302,0.648640862782194,stable
ERI2,0.00124430617477364,0.830669343741899,0.902314248962965,stable
STPG1,0.00123592966003763,0.000907000020702088,0.0112674474116487,stable
BPNT1,0.00122721456670359,0.630913953456858,0.775182648211542,stable
TMEM45A,0.00122645466956802,0.795749226459543,0.884535650108344,stable
EDNRB,0.00122274602725478,0.926604817440278,0.9604695402688,stable
PCMTD2,0.00122061167444615,0.859583915632835,0.919537392552357,stable
WDR53,0.00120886678369683,0.829060056520199,0.90107852146376,stable
ARMC8,0.00120358319696226,0.886829260826472,0.936419015038665,stable
GXYLT2,0.00120288294726201,0.797414498457149,0.885217076318301,stable
TESK2,0.00119914145844892,0.109498996265252,0.285929881597854,stable
PLGLB1,0.00118785047486984,0.894186001810061,0.941210996800177,stable
KCNN4,0.00118361284371445,0.331527304136429,0.541591491105766,stable
CMPK2,0.00118277067599778,0.68881049585863,0.814987480446707,stable
PHIP,0.00118210921739115,0.997480942416773,0.998788256889141,stable
PPA2,0.00118017744163421,0.222150724500728,0.431042929570936,stable
COQ6,0.00117659677477626,0.252403741561508,0.464643096793535,stable
ORAI3,0.00117425934836865,0.805682022211271,0.890233846109607,stable
TBC1D9B,0.00116993046038585,0.690218167214197,0.815826839660242,stable
ZNF81,0.00116315634758207,0.332969646422439,0.542696127715719,stable
ZSWIM6,0.00114541533414481,0.686426420211224,0.813463554111683,stable
SENP5,0.00114477574452733,0.951852806091185,0.975146555620067,stable
ARMC10,0.00114405263974585,0.752263783897917,0.855490975380792,stable
RUFY2,0.00113717977710598,0.933694019878377,0.964060644179076,stable
ZNF799,0.00113193111259078,0.821754663053161,0.898169617414328,stable
AMH,0.00112958157592916,0.574674827494924,0.736509235824905,stable
MESP1,0.00112948189572061,0.0216495670034048,0.105349834223688,stable
SLC18B1,0.00112872510584078,0.410212271378509,0.611143791021437,stable
RGMB,0.00112013909611937,0.708781095607439,0.826993228377971,stable
NMB,0.00111381193212253,0.0872590938900507,0.250600778600168,stable
XKR9,0.00111091361977086,0.0678408585681016,0.214857014990803,stable
PROSER2,0.00111015786297111,0.636214358774332,0.779657576106008,stable
EFCAB11,0.00110782701153382,0.147652226506238,0.340997698245277,stable
CCDC120,0.00108587763882241,0.0755798552029768,0.22976576722238,stable
SRGAP1,0.00108007744515053,0.128299292002433,0.314840150955261,stable
EFNA5,0.00107968037947366,0.0538867963727421,0.187134147403522,stable
KLF4,0.00106289048942889,0.459446458621578,0.650106900126191,stable
SIPA1,0.00106231164552346,0.559881078137273,0.725921329990457,stable
BLVRA,0.00105939936466992,0.991919513804367,0.995339364369117,stable
ZNF813,0.00105304039651953,0.00364081471298768,0.0315450161931537,stable
ZNF669,0.00105011397380204,0.60939247211839,0.759581276555032,stable
MYOM2,0.00104954751401709,0.862496479381728,0.921202006462406,stable
CES4A,0.0010476044368214,0.818657119931559,0.896162901770336,stable
GDF15,0.00104357844095673,0.00178822804760362,0.0186991442719475,stable
RASSF8-AS1,0.00104262381828773,0.885478677708288,0.935376543907945,stable
YY2,0.00102953536682854,0.166424383173067,0.366619509804933,stable
LONRF3,0.00101980275726248,0.590995379518254,0.746854907394928,stable
MID2,0.00100317874423503,0.386675901726813,0.590999095651699,stable
PRDX6-AS1,0.000985686372797872,0.969178911152428,0.983745163989644,stable
FP565260.1,0.000970264507995398,0.978818369393108,0.9887675190035,stable
COQ2,0.000969152006461332,0.00628992159341411,0.0458924377980921,stable
ZNF586,0.000960735613094434,0.649708429509426,0.788744207973304,stable
SCAF11,0.000952775449462595,0.572328184160741,0.734778448258609,stable
KDM1B,0.000949395080319423,0.514849021826916,0.691975199869403,stable
ATAD3B,0.000944364018547861,0.50341502702097,0.682881307106537,stable
KCTD21-AS1,0.000942043103221022,0.821282584421019,0.89787567165212,stable
DEPDC5,0.000941756934731051,0.756231855993347,0.85848608912172,stable
FDXACB1,0.00093772466512798,0.931079815315405,0.962740624464178,stable
CEP72,0.000935838357791454,0.239113577567947,0.450027073150004,stable
USP46-DT,0.000932967823264548,0.0720632508349938,0.222843708122177,stable
C2CD3,0.000916770540641751,0.757114093698458,0.858929251171225,stable
UCHL3,0.000916329516060382,0.582884687382868,0.741820137279353,stable
THRB,0.000911974295517808,0.657617816459951,0.794080753607834,stable
ZNG1F,0.000911322313404132,0.273419182678706,0.484247477407201,stable
RNF2,0.000906766666308151,0.866005958742324,0.923141537065777,stable
CEP20,0.000902080213951079,0.898863064516819,0.942988508466666,stable
ARHGEF16,0.000899018346219957,0.873925995519184,0.927958478105195,stable
CENPT,0.000891996902269543,0.712048292101199,0.82895984025191,stable
ZSCAN21,0.000886300880515254,0.0217970140561054,0.105791796509245,stable
DNAJC13,0.00086644341272317,0.815601560084541,0.895446639833401,stable
LDHD,0.000863371019840638,0.959290271934202,0.979243295289905,stable
SUPV3L1,0.000862997422377637,0.246688236364892,0.458076409133288,stable
ROBO3,0.000846812129737706,0.0391465862129974,0.153344925257642,stable
CCDC78,0.000843000986846237,0.032309498730754,0.135675476635086,stable
AP1G2-AS1,0.000842018340204077,0.0886575917607993,0.253212710673834,stable
AK8,0.000836386225477366,0.988338293358099,0.992778752202921,stable
TENC1,0.000833565300397299,0.648169049349707,0.788223085878513,stable
CCDC28A,0.000831785117645173,0.907544694005386,0.948109250450546,stable
PLEK,0.000823967093792871,0.499355717362005,0.680119438886657,stable
KMO,0.000816621863715294,0.957343395966156,0.97805298534817,stable
CENPN,0.000816015198422754,0.392815109636174,0.596100113270646,stable
SNRPD3,0.000813095892893023,0.817620339950397,0.896025184119301,stable
GK5,0.000811084015491126,0.011735450649914,0.0697733507439016,stable
ATXN1,0.000806646317584481,0.125849564600774,0.311036206566895,stable
CNP,0.000804276185274636,0.474620423590556,0.661217860932018,stable
GUF1,0.000798043762276268,0.999148237690133,0.999599509812038,stable
TMEM52,0.000791072976939632,0.995891059319757,0.997931986976367,stable
ATL1,0.000779573264498387,0.193331259242304,0.397854489106167,stable
ENTPD7,0.000771058501862473,0.00129282211072317,0.0146328310013703,stable
EIF2B2,0.000769426823504935,0.92476195881652,0.959210028389745,stable
STYX,0.000763988216346892,0.200624791768858,0.40631107319628,stable
GPN3,0.000758685241308427,0.934025786077104,0.964217266279011,stable
ZNF443,0.000752096530063714,0.740157220376309,0.846814863116546,stable
XRRA1,0.000751660130701645,0.510640048621594,0.688134048544853,stable
MIR23AHG,0.000748306418550698,0.35836550140071,0.565260242523118,stable
KIAA1549,0.000748243880695262,0.654401240739997,0.792092235388844,stable
MZT1,0.000745506528186765,0.0163105096133353,0.0869893846044552,stable
IDNK,0.000743605804759268,0.91572162065443,0.953717397195173,stable
C17orf58,0.000742886467979931,0.00435427183717401,0.0359882480984551,stable
ABCC10,0.000740879944730752,0.274659447633288,0.485248892595651,stable
RBM19,0.000739227378647275,0.170757308872397,0.371412338728858,stable
TAF1A,0.000737162673792344,0.395042612932251,0.597722601867043,stable
ITGBL1,0.000735948321498155,0.298629411304317,0.509964834353592,stable
ADPRM,0.000732537182396614,0.971165222482447,0.984861762039608,stable
PHF20,0.000722805477658128,0.524432887247438,0.699930954658007,stable
HEXIM2,0.00072048421468562,0.672783618056639,0.805415269724038,stable
FAIM3,0.000718084832519469,0.807704425769169,0.891260056021152,stable
TIGD6,0.000708354950937599,0.624387928016973,0.770616977926207,stable
SLC8B1,0.000708197473572966,0.0293706871070759,0.127891855358036,stable
ZNF549,0.000706557445602843,0.501486583637274,0.681508838063594,stable
USP6,0.000706111901582662,0.524275919145391,0.699930954658007,stable
OAS1,0.000699086743892026,0.521622114048275,0.697779461821637,stable
PSMG3-AS1,0.000674168708119701,0.826763025621339,0.899942228423441,stable
DBF4,0.000673116491953805,0.981702374913421,0.989799557154541,stable
ZNF470,0.000663356109437758,0.957685795342537,0.97825279203369,stable
MARCKS,0.000662679683594267,0.378854391905482,0.584810719365149,stable
LIPH,0.000659012523476443,0.741508818212673,0.847676404547996,stable
GLTP,0.000656784789783094,0.171407454083759,0.372337913439615,stable
ATP13A2,0.000645641984524881,0.965558231521572,0.982108821943726,stable
TCF19,0.000641706479869855,0.309092931536014,0.52057756890276,stable
TAF9B,0.000637279207318875,0.0331557222872439,0.138184640040665,stable
TTBK2,0.000633880952026489,0.967208543528326,0.983051237722646,stable
KIAA1191,0.000629460476676336,0.927409316288288,0.960977492778505,stable
PLEKHG4,0.000624845869609305,0.606145736434187,0.756906422251093,stable
DHFRL1,0.000618100892492684,0.132517850781252,0.319930528150073,stable
ZNF665,0.000613295422905946,0.923264376574537,0.958068523426873,stable
CACNA2D3,0.000608354002752103,0.627162791080958,0.772359254299176,stable
ACTRT3,0.000601443128071109,0.840444559982897,0.907388565888104,stable
SLC30A6-DT,0.00059419470982113,0.980928469094025,0.989352167141242,stable
SLC12A2,0.000593659443667266,0.970688915705736,0.984657780954283,stable
CFAP418,0.000584618761989049,0.475634797953005,0.661915420549369,stable
EDA2R,0.000580811275207868,0.678731103062892,0.809129023194928,stable
FBXL15,0.000577528640311381,0.994882122603294,0.997493361770232,stable
VAPA,0.000569528587459844,0.152699373658352,0.348429570107069,stable
UBE2G2,0.000553275827368582,0.964452621312104,0.981310874223336,stable
FAM86B1,0.00055185544793529,0.739701689055986,0.846798412345043,stable
FGFBP3,0.000547990397968417,0.0746741104404372,0.22814704474479,stable
MROH1,0.00054224923349816,0.299633917837232,0.510995165954399,stable
RHBDD1,0.000534900797419358,0.968728677594224,0.983513497137625,stable
HELB,0.000529070318938268,0.777694825596029,0.873121009192309,stable
CASC2,0.000526668216603434,0.5519732902232,0.720175205431572,stable
NOTCH4,0.000523055711573825,0.503880638268116,0.682999087549026,stable
SKP2,0.000518286913373231,0.158693812463834,0.355809457732557,stable
SH3BP4,0.000497881506376748,0.429622063161958,0.625500250130035,stable
NDUFB2-AS1,0.000492374594024977,0.966103227419173,0.982230017517367,stable
PRR22,0.000492238210266924,0.813392139067804,0.894239869584031,stable
LTC4S,0.000485657626020552,0.146825260950435,0.339688891796552,stable
ALKBH1,0.000485465631896463,0.20745613137424,0.414884737030184,stable
TRIM32,0.000479244185102333,0.260411501686101,0.472015153708615,stable
PCED1B,0.000473809793726011,0.270531669815242,0.481505406497017,stable
UNK,0.000472144177738443,0.986369775396545,0.992001423164526,stable
AMOTL1,0.000469929757699994,0.823080117422601,0.8983602893707,stable
CKS1B,0.00046627206961751,0.936705291895862,0.966335119722961,stable
ZNF670-1,0.000456479956639286,0.661665680893602,0.796945638313469,stable
PPARG,0.000453591526739438,0.0431733739141807,0.163196355289899,stable
SOAT1,0.000452739445747405,0.945004339543473,0.971713748871081,stable
PLGRKT,0.000451148312603011,0.0738111149621818,0.226090806731392,stable
PRR14,0.000442784636301707,0.643920920941826,0.785174968755431,stable
PCP2,0.000442647172709582,0.721092259476753,0.834481849838476,stable
SLAIN1,0.000439452114829174,0.368732411275811,0.575655810400449,stable
HLA-DMB,0.000427488886104506,0.378114876113843,0.583967354113222,stable
TMEM107,0.000424069688183176,0.376032625690242,0.582219482765993,stable
TTC13,0.000421549481349731,0.35335258582539,0.561363817779349,stable
ZNF528,0.000417402205513,0.758505680006073,0.859630394251273,stable
RGMB-AS1,0.000410817374605473,0.809576137172684,0.892037020082827,stable
LINC00571,0.000406704643476067,0.717459426915342,0.831866351702501,stable
HMSD,0.000404885334718622,0.805870341495298,0.890263794137914,stable
UFSP1,0.000400577680832582,0.950377717822539,0.974125207333785,stable
PDCD7,0.00039858761613841,0.541852924186294,0.712829331172327,stable
B3GNT4,0.000366446601153632,0.902662794588186,0.945510054730157,stable
EID2B,0.000364612301303149,0.389721702056275,0.593331659888552,stable
WFIKKN1,0.000362476405120289,0.239380738530179,0.450285165737623,stable
PTCH2,0.000360162064655903,0.854178198929735,0.916722941502816,stable
ADH5,0.000352433277671094,0.896435014220317,0.9420582542838,stable
KCNG3,0.000344118462010803,0.184199056445298,0.387792817680623,stable
MOCS2-DT,0.000342574292650973,0.00630434428615598,0.0459262840011744,stable
ZNF135,0.00034217280635241,0.226754081943424,0.436235740899657,stable
RSBN1,0.000334621763196707,0.00146741089999864,0.0161309629870354,stable
CD69,0.000323230928774874,0.907378622776484,0.94801677648032,stable
NR4A3,0.000323064313414442,0.00113979846131588,0.0133841463891694,stable
LRIF1,0.000315711771373808,0.0700318567826841,0.219167797570796,stable
ZNF442,0.00031010335371919,0.987589424264797,0.99256123362456,stable
CHRAC1,0.000309005485672365,0.983327147847112,0.990463116778718,stable
SLC25A38,0.000305683041866484,0.957410178556627,0.97805298534817,stable
CNN3-DT,0.000299730510818236,0.010068374571229,0.0628866438288271,stable
ZNF426,0.000297138644196532,0.96131892627395,0.980231214738486,stable
PNMA1,0.000290237669038136,0.809346838069738,0.891900573625548,stable
DARS1,0.000280895663885228,0.997395760343379,0.998788256889141,stable
B3GALNT1,0.000280006879942063,0.998102166463609,0.999045839978338,stable
ALG1,0.000279860570451262,0.649372165059455,0.788744207973304,stable
SEMA6D,0.000269177876146165,0.968112997689108,0.983398145566865,stable
RAB2B,0.000268246089175653,0.980830142449593,0.989352167141242,stable
ZNF419,0.000258013821491949,0.372830846440573,0.579095840773769,stable
KLHL12,0.000242458495366103,0.884760714543645,0.934982178569401,stable
C10orf88,0.000241609953769602,0.0508873008646425,0.18030329442591,stable
ITGB8,0.000227221039184426,0.176580164516464,0.378167869227755,stable
SLC35D1,0.000219106932063597,0.978024176627788,0.988412702350288,stable
EPB41L1,0.000219003620504823,0.239748350055515,0.450285165737623,stable
SNRK,0.000216532342432768,0.916464283051894,0.954198757014029,stable
ZNF324B,0.000215295966065981,0.100713514537004,0.271650927118345,stable
RENBP,0.000207710776314797,0.013724926751005,0.0769956423149543,stable
COG5,0.000205327423509469,0.999927337303757,0.99998891876536,stable
PRPF18,0.000204225956333695,0.803623523954502,0.889164912818594,stable
RITA1,0.000200804583812213,0.0345144223494093,0.141531130090298,stable
SNHG18,0.000198288103642807,0.181148672108401,0.383837990614162,stable
C13orf45,0.000190438531737534,0.864225072391986,0.922000984894365,stable
C18orf8,0.000187425270846225,0.146549892272112,0.339367095522647,stable
RNGTT,0.000187134775899628,0.100634503183834,0.271601327012901,stable
ENO3,0.000185382536384823,0.0826991512166786,0.242309305961812,stable
BCOR,0.000179663503974192,0.0699719613562377,0.219167797570796,stable
FKTN,0.000160983137932932,0.999688840451811,0.999934243162011,stable
MIR4453,0.000156638360093841,0.42004736413473,0.618857295309502,stable
RAD54B,0.000153752020967271,0.800323837199029,0.886838187292033,stable
DDX18,0.000152855327523849,0.997335756665852,0.998788256889141,stable
ATP13A5,0.000147682134638769,0.957365729160476,0.97805298534817,stable
ELL3,0.00014664369162431,0.746689154989413,0.851527962551598,stable
ANKDD1B,0.000145374836615442,0.0982228926656878,0.268315867328112,stable
KLHL26,0.000136374526034721,0.864161870151023,0.922000984894365,stable
EMP1,0.000133205780899814,0.366168741579136,0.573117374784042,stable
UTP3,0.000131950895646521,0.853136174600781,0.916202879357501,stable
FBXO27,0.000118899360864087,0.316594517475673,0.527255979453809,stable
HDAC11,0.000106833334451509,0.753005410382101,0.856175066180895,stable
RASSF1-AS1,0.000102238435545835,0.865163959486618,0.922600038451053,stable
LCMT2,9.08235847958336e-05,0.510849793657497,0.688340815439732,stable
CNTRL,6.74956897103729e-05,0.82330458972156,0.8983602893707,stable
EIF4H,6.35704122927683e-05,0.0824663425712753,0.242198808332742,stable
TMSB4Y,5.4307280292985e-05,0.99814682948752,0.999045839978338,stable
DTWD1,5.26765990007949e-05,0.175141621191746,0.376460555204485,stable
MTDH,2.25186150357715e-05,0.11687716706369,0.297647185455531,stable
IREB2,1.95116376350557e-05,0.0475967353433885,0.172494068436876,stable
NAT1,1.37335372744083e-05,0.747317023564379,0.852164486571919,stable
SNX16,-1.1348906559204e-05,0.185573630357107,0.389634499739827,stable
ALDH9A1,-3.18176159413014e-05,0.910669269225083,0.950642284116773,stable
RBM33-DT,-3.44213981569759e-05,0.126899745296208,0.312756253512972,stable
RCBTB2,-4.71747602689282e-05,0.930335747405608,0.962541191391126,stable
LMCD1-AS1,-4.90834477065777e-05,0.413586050849299,0.612957794081211,stable
ZFYVE20,-4.91442237504913e-05,0.393656880220464,0.596676949212884,stable
SOX6,-5.05752585840819e-05,0.999655275170896,0.999934243162011,stable
BBS2,-5.99781446181946e-05,0.53695653954973,0.709058738193356,stable
VPS53,-6.12486680880153e-05,0.946813046300177,0.972246731344204,stable
SIRT7,-6.51857923173183e-05,0.125264267142792,0.310028427121581,stable
CSF3,-7.36291182015948e-05,0.0728315169173131,0.224481205949883,stable
CHCHD10,-9.39194888801564e-05,0.355453079053981,0.563269177904571,stable
PTCHD1,-9.42849908091171e-05,0.15923450192646,0.356590939563429,stable
STAT2,-9.90336443150996e-05,0.121739473320603,0.305134985005341,stable
GTPBP1,-0.000104687316056645,0.251343480474008,0.463509529161908,stable
SLX1B,-0.000107131271979046,0.425497966172786,0.623207181703347,stable
TIAL1,-0.000112122327097786,0.838485663856894,0.906727596867186,stable
ZSCAN22,-0.000113164661834014,0.382275994116361,0.58786536068416,stable
MRC2,-0.000114442163923784,0.853243911862385,0.916202879357501,stable
CLK3,-0.000118978966809929,0.621774704267386,0.769366736002077,stable
KCNAB2,-0.000125677003999153,0.167908416111989,0.368085362204884,stable
NRXN3,-0.000130510819681649,0.893517293896019,0.940933442503871,stable
ABHD11,-0.000137452753361966,0.99998891876536,0.99998891876536,stable
MAP3K7CL,-0.000137526867757209,0.95619556333951,0.977792752740686,stable
VAMP1-AS1,-0.000142111642980678,0.999190642211493,0.999599509812038,stable
TMEM185A,-0.000150032036307091,0.464508025470789,0.653637170870833,stable
GOSR1,-0.000156971820212432,0.981509864670754,0.989687089477464,stable
MBLAC1,-0.000161842742875649,0.0491404131065753,0.176207805753821,stable
GLS2,-0.000163715276357149,0.615755782974946,0.764861161577659,stable
ZNF713,-0.000187427723038586,0.00599210136832012,0.0445252906161374,stable
CECR1,-0.000188273296957702,0.838749042707151,0.906932180278833,stable
SLC15A3,-0.000192595810095265,0.890062062238251,0.938759098592756,stable
SDE2,-0.000195019499599713,0.514456614897844,0.691675941543252,stable
ZNF708,-0.000208627212479218,0.899135577782318,0.943145092643686,stable
NCOR1,-0.000211484533473083,0.556536635179715,0.723811451051903,stable
CDAN1,-0.000216311853104965,0.0667055473970597,0.213167909147509,stable
MAP3K7,-0.000216435622127656,0.623880386206528,0.770414492192265,stable
THBS1,-0.000223636336274986,0.229971167525392,0.440514706968998,stable
TSEN2,-0.000228578392027098,0.797520914716415,0.885217076318301,stable
ZBTB39,-0.000232401533532935,0.709871270868788,0.827449834566612,stable
FRMD4A,-0.000234904621252821,0.748365714567575,0.852830808455921,stable
DYNC2H1,-0.000241348828790816,0.739954006798656,0.846814863116546,stable
TMED2,-0.000253674305339957,0.816100668120221,0.895512977298167,stable
SHPRH,-0.00025505439857354,0.513987800099004,0.691273723006956,stable
ROM1,-0.000267487230886232,0.805640116944655,0.890233846109607,stable
ZNF449,-0.000270974519027988,0.959025277345268,0.97921191031311,stable
CHST10,-0.000271627714136233,0.95685775635552,0.97805298534817,stable
RALGAPB,-0.000272109767751605,0.921142085959475,0.957234702030734,stable
KANK4,-0.000273585002683397,0.863510351093151,0.921721143185703,stable
SLC30A4-AS1,-0.000276455409647713,0.679930816066519,0.809480196686889,stable
SLC2A1,-0.000282501159553024,0.71755832327901,0.831866351702501,stable
FAM212B,-0.000285554820538859,0.990674150534122,0.994579567684716,stable
GIMAP7,-0.000288436855193591,0.276353075107357,0.487114634479067,stable
PLK4,-0.000295169626565847,0.981959089176426,0.989976734523103,stable
PEX26,-0.000295470948429216,0.996000314590313,0.997959659471474,stable
FEN1,-0.000305369637829447,0.00539017920141983,0.0416232157663651,stable
ERMP1,-0.000305512902309277,0.459735237233168,0.650364950808731,stable
ACD,-0.00031124613813991,0.68867071374685,0.814987480446707,stable
BCL2L12,-0.000311380286647969,0.997052202750479,0.998788256889141,stable
MAST2,-0.00031370418695803,0.997437008777436,0.998788256889141,stable
LINC01018,-0.000317939926462632,0.479417774451636,0.664897081336147,stable
PAPOLA-DT,-0.00032034483574067,0.692574529741449,0.817421169408078,stable
C9orf9,-0.000320497003956081,0.126176586990331,0.311529509062776,stable
ZNF197,-0.000322624443711544,0.487432465472121,0.671366136104925,stable
RECK,-0.000332204974166535,0.79647325556245,0.884696871966869,stable
MS4A4A,-0.000339219099367847,0.985293313144145,0.991294276532842,stable
CLYBL,-0.00035282229716406,0.32186650032048,0.53302621705442,stable
PLA2G4C,-0.000362346106384488,0.19449558962354,0.398879645508276,stable
CEP97,-0.000367499294870656,0.569601029957707,0.733003788841248,stable
ZNF691,-0.000372481547215454,0.0393982862122298,0.154113488210655,stable
OAS3,-0.000373515465117144,0.599988740042882,0.753159001672231,stable
TECPR2,-0.000374451530422565,0.855599355485827,0.91743060092787,stable
ZNF35,-0.000382513388946241,0.603696480252887,0.755640566722434,stable
ZNF259,-0.000384611491691195,0.986633830923111,0.992001423164526,stable
PRKAA2,-0.000389674887196694,0.120698506138043,0.303459181207618,stable
KLHL3,-0.000391675651561112,0.30481758084627,0.515793204355593,stable
MATN2,-0.000404496700616611,0.94589724343658,0.971871045859315,stable
CYP2A7,-0.00041452506671616,0.904835615913414,0.946411445959234,stable
PLCD3,-0.000421234011775462,0.518616539715771,0.695128133934822,stable
KDM7A,-0.000426096305085499,0.95475790321494,0.976976444742962,stable
CRISPLD2,-0.000426685569487814,0.948268988151491,0.973351256290522,stable
TYW5,-0.000428493728086093,0.629686137215418,0.77416467224173,stable
C5orf22,-0.000436325017784497,0.11192306471881,0.290230704947547,stable
HSD17B14,-0.000438629509841908,0.551969742751534,0.720175205431572,stable
TUSC3,-0.000447139012274476,0.953555501698331,0.976399937406634,stable
MUC3A,-0.00045522456423093,0.510024051986148,0.68768299266255,stable
CCDC102B,-0.000463868493966145,0.317099630747422,0.527808535710307,stable
SPIN1,-0.000470975879423352,0.978062831121489,0.988412702350288,stable
ADCY6,-0.000475245236520761,0.999883009519686,0.99998891876536,stable
HNRNPK-AS1,-0.000475790841757856,0.306548144683258,0.517575210028749,stable
CHIA,-0.000477014402610875,0.00325851479446487,0.0290533076933177,stable
PLK1,-0.000482507275817256,0.974564059411933,0.986524925656894,stable
FANCE,-0.00048635726691678,0.969761124069261,0.984009295311916,stable
LTB4R,-0.000490202912257024,0.49192251612014,0.674820944426492,stable
DHFR,-0.000494208999780796,0.726422281470691,0.838031895875587,stable
RAC2,-0.000501945903451949,0.298661505983096,0.509964834353592,stable
PIK3R2,-0.000502673319921776,0.196423253620529,0.401249641085786,stable
TIMM9,-0.000506910752953782,0.997778777516562,0.998922831806917,stable
NOL6,-0.000514639007626702,0.0013457931971645,0.0151064977430109,stable
ZNHIT3,-0.000515258383211675,0.510507022757585,0.688030633537896,stable
SIDT2,-0.000517336969772742,0.613059750035451,0.762848749202712,stable
FP565260.6,-0.00052068213075791,0.360391855268506,0.567490665825354,stable
EMB,-0.000524909250407185,0.998795094554455,0.999531005798907,stable
SEMA4G,-0.000525807506150035,0.998932119090945,0.99958629860574,stable
BAZ1A,-0.000535348183842405,0.706160840881065,0.825407355032524,stable
MTMR11,-0.000535358547609144,0.85792222967411,0.918805093353454,stable
FGG,-0.000550634547045462,0.116434370848842,0.296890644400551,stable
RTN4R,-0.000552348090834119,0.20327211188447,0.409533920898652,stable
BDNF-AS,-0.000556659865885711,0.995616730840993,0.997820686873846,stable
RPH3AL,-0.000559272569518987,0.0461324320629229,0.169346201062213,stable
CDS2,-0.000559995110282263,0.661364847024501,0.79674030649724,stable
RIC8B,-0.000560247176511791,0.442293845079591,0.636070583794461,stable
MLLT3,-0.000563147678012216,0.0159998150247034,0.085743857458121,stable
CFLAR-AS1,-0.00056358480122113,0.370543502295721,0.577524387614802,stable
TTC6,-0.000579904607679366,0.848251063684056,0.913211873020889,stable
NKTR,-0.00058011891040588,0.0756983051161712,0.229785879968438,stable
THBS3-AS1,-0.000581601929343749,0.108045731067245,0.283432736353351,stable
RPUSD4,-0.000585426272998402,0.809088515303573,0.891882900538292,stable
FIZ1,-0.000592758256325515,0.707918220376945,0.826641156222303,stable
PAG1,-0.00059697688911264,0.958300633395518,0.978717264819685,stable
BCS1L,-0.000597924952361537,0.665567626162985,0.799754119946558,stable
POLR1E,-0.000602393392096497,0.192016712100213,0.395743452675356,stable
SETD1A,-0.000603136961502049,0.553532697451915,0.721439779683571,stable
FANCI,-0.000613455521783568,0.941973708602066,0.970148000164433,stable
KIAA1429,-0.000618863366275202,0.605212155005855,0.75637042369312,stable
NPM2,-0.000622906976276923,0.876596446398616,0.929278896954009,stable
FBLN7,-0.000628702032799747,0.347504194015437,0.556605737056432,stable
JMJD1C,-0.000647940732213859,0.202142413775777,0.407955896647697,stable
DHX9,-0.00065180397395298,0.603181792183258,0.755150986035247,stable
ZBTB2,-0.00065627583043059,0.459572258554985,0.650209639881497,stable
C15orf37,-0.000662018920761853,0.728503874096105,0.839357299440893,stable
TRIM8-DT,-0.000685492336514441,0.822559814110032,0.89833479487975,stable
RBM43,-0.000695543494454845,0.798943655190134,0.886072150339702,stable
C9orf96,-0.000696961291231903,0.987251123503109,0.992447182047862,stable
YIPF2,-0.000716932762733463,0.986645394538147,0.992001423164526,stable
TTLL5,-0.000718227422555465,0.840042174053747,0.907287112178212,stable
ZNF91,-0.000719650226312124,0.29579622014624,0.507425527028635,stable
BBLN,-0.000720441336582556,0.385422151092926,0.590179177622439,stable
FES,-0.000735275489241847,0.0549070793695337,0.189505859231365,stable
EMILIN2,-0.00073633922309975,0.220403362732343,0.429307623044008,stable
C2orf47,-0.000753622898732834,0.295695739779258,0.507425527028635,stable
LMLN,-0.000766475443655892,0.393694253639182,0.596676949212884,stable
ZDBF2,-0.00077051566939871,0.573894680396979,0.735663650710221,stable
IPO9-AS1,-0.000772251432282808,0.33433746865938,0.54383965832754,stable
LRRC24,-0.000777006892598485,0.901812462040912,0.944947328646332,stable
DNAI7,-0.000804614497344125,0.242077285131342,0.452816026541015,stable
TMEM106A,-0.00081459078847208,0.935416353780734,0.965265026896479,stable
MEN1,-0.000819491752167112,0.985230007702587,0.991294276532842,stable
TMEM232,-0.000819943072609812,0.887754721503035,0.937175888533067,stable
ZNF789,-0.00082172646881843,0.993789743574008,0.996725125159885,stable
BLOC1S3,-0.000828557496112829,0.742816716412481,0.848616031908987,stable
NFS1,-0.000830878358477102,0.462110472015533,0.651989659501139,stable
CALCRL,-0.000844336228360651,0.929321198501158,0.962224490130285,stable
UBD,-0.000846214911406726,0.803229799693831,0.888890192961922,stable
PPP1R2,-0.000849855787101173,0.896015515900015,0.941858500136555,stable
ZC2HC1C,-0.000850304773370818,0.458033519107027,0.649159621746585,stable
PHF19,-0.000850917977432101,0.586466671603816,0.744142203727329,stable
TBL2,-0.000860260413346567,0.345590679960046,0.554909408721288,stable
PSMC6,-0.000871729516809083,0.840581488883908,0.907388565888104,stable
TTC27,-0.000873132971867946,0.029295086855428,0.127620506671686,stable
GSDMC,-0.000879866863905267,0.0074482654419805,0.0513315194163333,stable
IL6,-0.000887677033093693,0.474098628582504,0.661101451637334,stable
PSMD5,-0.000894535022004927,0.779223991469191,0.873714370915372,stable
DUSP5,-0.000906423830281032,0.673785998856514,0.805827223365818,stable
TTI2,-0.000907062861342657,0.843629267002138,0.910186112478158,stable
BBC3,-0.000914353730195577,0.99237861891411,0.995718315489295,stable
AAR2,-0.00092098093355325,0.753971686940387,0.85684428327236,stable
ACRC,-0.000922706928420473,0.956719348042601,0.97805298534817,stable
CCDC157,-0.000923783953222335,0.250727327046267,0.462974448008091,stable
UAP1L1,-0.000925540989163337,0.806013998052231,0.890278766801344,stable
EXD2,-0.000937071684668944,0.246432145842406,0.4578095061972,stable
CCDC19,-0.000938044117105593,0.433715157167166,0.628522230648292,stable
TMEM44,-0.000943253743266112,0.625143736363094,0.771271400212198,stable
TXLNG,-0.000945024411251355,0.820286996227289,0.897287538423479,stable
CCDC141,-0.00096039233857553,0.465877287195995,0.654335020969296,stable
SF3B1,-0.00096893561233713,0.780558179013442,0.874488422716553,stable
CSNK2A1,-0.000970501950106451,0.723791397579682,0.836103123282283,stable
ZFPM1,-0.000971974582174503,0.551359750274225,0.719912581430477,stable
SRI,-0.000977489682650878,0.00732142190997215,0.0507065503838525,stable
TBC1D3D,-0.000982375742210581,0.430922278675951,0.626348862608183,stable
MCTP1,-0.000989775269477989,0.904745708073465,0.946411445959234,stable
ATG3,-0.000999130903576228,0.738210971410898,0.845652319347725,stable
MANEA-AS1,-0.00100084011146126,0.623881958296076,0.770414492192265,stable
EMC8,-0.00100149078707279,0.730001652644047,0.840178909888036,stable
TFF3,-0.00100266252535407,0.525011898717606,0.700088476932845,stable
NDRG3,-0.0010058956144238,0.0647412225060165,0.209475040739425,stable
TOX-DT,-0.00102368785191763,0.134532595876833,0.322709272370175,stable
ZNF485,-0.00102616539447496,0.984491187107476,0.991006864205755,stable
ZNF420,-0.00102737926066766,0.582026205401077,0.741540099610598,stable
RBM15,-0.00103243452542624,0.989575487852061,0.99363978671789,stable
SOX13,-0.00103740492894191,0.876338371997878,0.929085885455513,stable
ZNF615,-0.00103786968932331,0.988893414318211,0.993199662856447,stable
NHERF1,-0.00104322477866699,0.0184930882723894,0.09462516159133,stable
EFS,-0.00104679323532252,0.188708851194573,0.392509272928783,stable
CD274,-0.00105462199445557,0.974197458043695,0.986493276601319,stable
KANSL1-AS1,-0.00106189363088345,0.660685822333934,0.796393205030077,stable
TAMM41,-0.0010689894873302,0.101613344557607,0.273245943619692,stable
SMCHD1,-0.00107249597599934,0.0818128163799655,0.241099293015597,stable
GLIS3,-0.00107363940192892,0.472279656993311,0.660014465197924,stable
MYD88,-0.00108178475394868,0.107879214042146,0.28316845876126,stable
TRUB1,-0.00108287095064122,0.994452263888924,0.997307775353041,stable
EIF2B5,-0.00108836704870019,0.238248737911604,0.449298452982328,stable
PHLDB1,-0.00108877774290023,0.525066357699634,0.700088476932845,stable
ATXN7L1,-0.00108924511661189,0.00378140932794667,0.0323697112218628,stable
ZNF835,-0.00108986162869978,0.915815192058073,0.953733592410793,stable
SCIN,-0.00109845606434928,0.945443921959717,0.971838757318835,stable
FRAT2,-0.00110372681291112,0.963417947235149,0.981201801822026,stable
PGBD4,-0.00110796397623946,0.806322307546406,0.890371081455139,stable
ZFP90,-0.00111471636313905,0.33145808115655,0.541591491105766,stable
BRCA2,-0.00113190182019911,0.957869294210705,0.978358476974571,stable
EML5,-0.0011392132510588,0.936769565503689,0.966335119722961,stable
VPS37D,-0.00115064757233164,0.0309776055573941,0.132125000116394,stable
TAF9-1,-0.00115378902959701,0.109516009951011,0.285929881597854,stable
TEX10,-0.00116811336305038,0.415658709034565,0.61513463186907,stable
GNAZ,-0.00116870014653837,0.982341301095448,0.990147604965589,stable
TNIP3,-0.00117074991648265,0.905768622056228,0.946901191825479,stable
NOXO1,-0.00118578056165723,0.739968527488873,0.846814863116546,stable
TLCD1,-0.0011895611913394,0.218460375927125,0.427701496001773,stable
C9orf40,-0.00119147260461732,0.92541347477917,0.959804370923178,stable
NDEL1,-0.00119520429450226,0.835704109299954,0.905146889104573,stable
GALNT7,-0.0012264528009363,0.0739019856375938,0.226240388788867,stable
ADCK5,-0.00122926408680537,0.358018354602557,0.565260242523118,stable
IGHMBP2,-0.00123784112405453,0.749945408309729,0.853807643771829,stable
IQCD,-0.00124201247421093,0.0757524586247795,0.229890281586223,stable
SLC25A14,-0.00124967091339037,0.138663692958598,0.328620586026735,stable
NRBP2,-0.00125100497294051,0.64077405048758,0.783360535369555,stable
MAPK8IP1,-0.00125107486076592,0.983248865069283,0.990463116778718,stable
PEX12,-0.00125935120027633,0.0696687077872013,0.2185909353159,stable
CCNF,-0.00126108386487987,0.0316033391526981,0.133883446953838,stable
EOLA2-DT,-0.00126349820225501,0.398113577509153,0.600659142368784,stable
AATF,-0.00126354967456532,0.349614430142641,0.557983961913649,stable
FAHD2A,-0.00126789460384311,0.74197932881918,0.848055662972011,stable
SCIRT,-0.00126903545629485,0.979847150719547,0.989008137280386,stable
MICALL1,-0.00127357193282493,0.101821845356092,0.27373438258915,stable
MGEA5,-0.00127636669415498,0.0237609365572571,0.112230946088065,stable
FBXO17,-0.00128037415537448,0.157331739717262,0.354541444383559,stable
SYT15-AS1,-0.00128211296749627,0.820190810410178,0.897287538423479,stable
WAPAL,-0.00128610237192883,0.675385523597763,0.806848722107652,stable
NKX3-1,-0.00129408824535749,0.927116964668474,0.960918922851231,stable
VWDE,-0.00130282145237632,0.642065642575371,0.783941813552782,stable
VASN,-0.00130323117791473,0.840311927343866,0.907388565888104,stable
GABARAPL1,-0.00130324666406512,0.37740202694785,0.583513942920111,stable
FKBP11,-0.00131279990396581,0.878240987947816,0.930652515265728,stable
SEC13,-0.00133344463336627,0.0748242890420525,0.228436379654529,stable
COLGALT2,-0.00133411462466858,0.984645313550746,0.991006864205755,stable
SPTBN2,-0.00133511006384976,0.642083232762635,0.783941813552782,stable
PTGFRN,-0.00133512981511792,0.858295514047803,0.919043830038572,stable
NKG7,-0.00133668486586714,0.994534805144046,0.997308733230584,stable
MAPKBP1,-0.00134527134957012,0.0801303944250548,0.2373428498793,stable
FP236383.4,-0.00135960260565629,0.761195096748337,0.861161394044579,stable
PDE4DIPP6,-0.0013638497377883,0.662493360601884,0.797078625984,stable
KIAA1377,-0.00136745488254654,0.501222143935093,0.681225204298708,stable
CRTC3,-0.00136861244615323,0.628065157260777,0.772847642677244,stable
CACNA2D1,-0.00136918848072617,0.295638131499583,0.507425527028635,stable
UCKL1-AS1,-0.00139557287819901,0.277656665915186,0.488474112438551,stable
ORC6,-0.00141381495471205,0.808678711616038,0.891852090472253,stable
ATXN7L2,-0.00142054948241356,0.170678019070583,0.371372037222998,stable
SEMA3F,-0.00142301812629997,0.806388926929797,0.890371081455139,stable
PDZD2,-0.00142996567650194,0.934164355738083,0.964217266279011,stable
ZNF613,-0.00143906179081131,0.778295606635141,0.873234097797885,stable
VPS33A,-0.0014408306161387,0.691198867909979,0.81634927162624,stable
TOMM40,-0.00144094056611169,0.30626898068841,0.517318228538776,stable
ZNF319,-0.00144146436769053,0.538606774780368,0.710700476566841,stable
AP3S2,-0.00145008129663882,0.943777914006499,0.971187913192646,stable
ATP13A4-AS1,-0.00145616343805589,0.189578955908777,0.393381965206058,stable
DMD,-0.00145941923508716,0.979754840575719,0.989008137280386,stable
AVIL,-0.00146174880153037,0.138596766157668,0.328585573771129,stable
TAF10,-0.0014761766717232,0.967645553020497,0.983168418263034,stable
DNTTIP2,-0.00147818823630103,0.973800239054708,0.986327366623633,stable
WDR5B,-0.00148202592846421,0.738175717319079,0.845652319347725,stable
DMRTA1,-0.00148629693007611,0.446055195522233,0.638690440631016,stable
GASK1B-AS1,-0.00148922263854996,0.975711604357705,0.987015777198658,stable
NDUFA6,-0.00149087803689085,0.689121617548878,0.814996693317518,stable
METTL14,-0.00149463114107801,0.77808240675502,0.873234097797885,stable
LINC00240,-0.00149898347574402,0.720242888861501,0.833577833122798,stable
KIAA1683,-0.00150398539884922,0.383335022490938,0.588353198798954,stable
POU2F3,-0.00150570490577654,0.322504419653964,0.533679981839725,stable
NFYC,-0.00151944619384092,0.998704878360113,0.999522550603735,stable
YIPF6,-0.00152016534442673,0.876107391642216,0.928921567823268,stable
GLB1L2,-0.00152376781854355,0.562981627297116,0.728473315558373,stable
STX18,-0.001524208985967,0.901322726575052,0.944677099344374,stable
ENG,-0.00152622463248975,0.917792506934548,0.95481664721429,stable
LINC01024,-0.00153084692835865,0.0823187418438291,0.241948617528003,stable
HK2,-0.00153168317071871,0.419699232602417,0.618568051523022,stable
ZNF717,-0.00154611797114038,0.0716140722349307,0.222186527170464,stable
ATG7,-0.00156076131425201,0.263593278899109,0.474943949048818,stable
TECTA,-0.00157657203028438,0.785211208512903,0.877278516943662,stable
DDHD1,-0.00158105252996877,0.824453918455898,0.898919083898721,stable
MAPK8IP3,-0.0015929396469028,0.872525497765001,0.926973030130312,stable
HMGN5,-0.00160627459057219,0.950200796736042,0.974123487153717,stable
TDRD7,-0.0016195339131457,0.412944643515869,0.612675727920619,stable
RCAN2,-0.00162586255525159,0.311711683314113,0.522888769381961,stable
WNT3,-0.00163788668668062,0.929908965749704,0.962343988937045,stable
TMEM217,-0.00164330783855628,0.899883948596905,0.943492699858355,stable
FUT8,-0.00164657525916763,0.0555107415892894,0.190714813149936,stable
SLC2A13,-0.00165289720993632,0.697581641629054,0.820163315117202,stable
CHID1,-0.00165729957271951,0.0379711229256282,0.150749920962286,stable
LINC03011,-0.00166659785409866,0.712641882822574,0.829256009102632,stable
CFAP91,-0.00166719460057806,0.961602449969843,0.980231214738486,stable
CYP2J2,-0.0016697821393791,0.920900724807815,0.957105383132952,stable
GDAP1,-0.00167079907124951,0.971534530463594,0.98490944604304,stable
CENPW,-0.00167268202298403,0.491124959029321,0.674371105668947,stable
EFCAB10,-0.00167930107080082,0.311080598616615,0.522270187816166,stable
EIF2B1,-0.00169082861205716,0.930147507708352,0.962427893535372,stable
POLR3B,-0.00169873011819602,0.848928506314652,0.91341449354725,stable
ASIC3,-0.00170702623261825,0.344733595369191,0.554165668542389,stable
INPPL1,-0.00170822798670017,0.987991101281736,0.992693067993289,stable
ADM,-0.00172295418321373,0.930556614159672,0.962548039087318,stable
SVIL-AS1,-0.00172327206677665,0.120023237139696,0.302445691773994,stable
MAML1,-0.00172863813809541,0.749723921158962,0.853714505099875,stable
TMEM86B,-0.00173098889985501,0.557051974894275,0.723942519786053,stable
SNRNP48,-0.00173707216109618,0.995243438698131,0.99772228058382,stable
SPTSSB,-0.00174341036784929,0.574860135381352,0.736661898387095,stable
STAG3,-0.00175046612650198,0.375311495711534,0.581471194369809,stable
WDR41,-0.00175368166724776,0.141664098439313,0.333918615372573,stable
DYRK3,-0.00175659317194982,0.301749053862243,0.512509468510031,stable
EPS8,-0.00176239017235859,0.466590443734359,0.65475853337261,stable
NECAP1,-0.00176356733502578,0.949294598120073,0.973892042666928,stable
OPLAH,-0.00177938712964905,0.00697289603901408,0.0491561021804545,stable
WDR4,-0.00178899770911246,0.955192155622787,0.977231298529915,stable
KIAA0391,-0.00179219608968682,0.321487363884802,0.532645911646492,stable
TBC1D23,-0.00179428947090488,0.400566702327125,0.602575359247695,stable
EDC3,-0.0018088725853025,0.269968075182441,0.480922435300228,stable
GTDC1,-0.00182183414874375,0.595629144574602,0.749523629222919,stable
NPM1,-0.00183309447118174,0.0415538696241798,0.159702145892951,stable
ATG10,-0.00183496245330052,0.000787604003092604,0.0100775976348547,stable
SEPT9,-0.00184810709251848,0.00376515612129669,0.0322984339836707,stable
PPAT,-0.00186887697101385,0.973893204231703,0.986327366623633,stable
FGFR2,-0.00186995921265208,0.217005722278059,0.425927737496306,stable
PIGZ,-0.00188728003225952,0.0299329678055708,0.129156582582173,stable
MICU3,-0.00188751943273023,0.519367780623418,0.69552495073846,stable
NPR3,-0.00189705196363606,0.875653496380416,0.928601400169533,stable
RETN,-0.00191432252268887,0.791134790615103,0.881169173619956,stable
C8orf48,-0.00191566158979094,0.825819658539477,0.89950665496386,stable
JAK2,-0.00191867936647035,0.826645090926988,0.899893988021328,stable
PRKCE,-0.00191980611549009,0.0104832143444752,0.0645250816449471,stable
SNURF,-0.0019214611278014,0.427942889258155,0.624170609508613,stable
PSMB3,-0.00192653793747233,0.967207358951485,0.983051237722646,stable
FANCG,-0.00192843747301065,0.349652908070889,0.557983961913649,stable
SAP30-DT,-0.00193114588060613,0.000197024802835751,0.00340173896873477,stable
RPF2,-0.00193691292058687,0.554601036583608,0.722370066190519,stable
ZNF618,-0.00194125683224459,0.132874980360894,0.320494033135669,stable
CDKAL1,-0.00194724877340962,0.019399750021057,0.0979118679840631,stable
PJA1,-0.00195679970302992,0.0459819340420851,0.169098424106633,stable
GMEB2,-0.00196839306508369,0.328927264355033,0.539481644019234,stable
MAST4,-0.00199755425643927,0.115565402892637,0.295909401960535,stable
NPIPA1,-0.00200401706578643,0.0117795160540941,0.0698994195365271,stable
ZNF548,-0.00201382420282114,0.000954535584220338,0.0117151033950898,stable
PARN,-0.00201762031242078,0.230376383919012,0.4410526103408,stable
ICAM2,-0.00201883226962047,0.95180757534192,0.975146555620067,stable
ACTA2,-0.00202099179362021,0.988064181796004,0.992693067993289,stable
PDGFA,-0.00202178542522979,0.937787711107906,0.966977701360626,stable
ZMYM3,-0.00202275524100344,0.996164354791965,0.998042215636176,stable
GDPGP1,-0.00202470756320609,0.89122982266434,0.939576830724355,stable
TMSB15B,-0.00203293102624632,0.897128188900447,0.942300651410815,stable
ZDHHC14,-0.00203385897654254,0.576300617373425,0.737355950049481,stable
PAQR5,-0.00203887310162906,0.809144418109429,0.891882900538292,stable
ANKRD13D,-0.00204080063092549,0.0266455919150087,0.120680146561343,stable
RIMS2,-0.00205066879638747,0.649729249060083,0.788744207973304,stable
LYL1,-0.00205183429857237,0.875380359142948,0.928585931204051,stable
CENPU,-0.00205789411408464,0.967906404991755,0.983269998721783,stable
LRRC37A3,-0.0020646024027793,0.541574371540028,0.712692982851255,stable
SERTAD4,-0.00207068243189985,0.315517357994801,0.526321531676917,stable
ING1,-0.002073027695136,0.413004957798505,0.612690850015646,stable
LRRK2-DT,-0.00207514404360592,0.232781418076406,0.444133666793302,stable
SHPK,-0.00207910296195347,0.772079289735484,0.868651379450213,stable
POLR3E,-0.00208741134687968,0.20356298545568,0.409699924451164,stable
SERP2,-0.00209034241500729,0.690222609274069,0.815826839660242,stable
PRKD1,-0.00209499286279897,0.188922040223474,0.392873389485193,stable
FYB,-0.00209798416941662,0.777989021935574,0.873234097797885,stable
OGG1,-0.00209890482112617,0.784865237909396,0.877223431306982,stable
COPS7A,-0.00209965486424141,0.383329454127584,0.588353198798954,stable
YPEL3-DT,-0.00211279490083063,0.236126855038644,0.447394549242671,stable
RCHY1,-0.00211614885019487,0.992661801056164,0.995757250624532,stable
SERTM1,-0.00212093252238485,0.853113859223126,0.916202879357501,stable
NSUN2,-0.00212709908305321,0.301694764906305,0.512509468510031,stable
ZFP1,-0.00213054095406313,0.815004141625514,0.895021641362258,stable
ZNF790,-0.00213984434002515,0.922214936050143,0.957543139240376,stable
KRTAP5-AS1,-0.00214229406601317,0.227792026780056,0.43761271968559,stable
TRIB2,-0.00214502128321984,0.869177543420739,0.925104596497616,stable
SPAG16,-0.00214948242312649,0.990925836571532,0.994720293845394,stable
VPS8,-0.00215119580023648,0.498690528205283,0.679768148337486,stable
ZNF296,-0.00215425145344675,0.0940578957299561,0.261905174807058,stable
CYB5R4,-0.00215837582947871,0.786674497387981,0.877961202964547,stable
ATP6V0D1,-0.00216026433224004,0.0644713354759746,0.209210938374917,stable
TAS2R4,-0.00217771323391412,0.764921144617005,0.863777928110694,stable
LIFR-AS1,-0.00218831045650355,0.220794802881916,0.429819564112794,stable
EIF4A2,-0.0021974076350848,0.0153792621166032,0.0833316046601762,stable
SUGP1,-0.00221279834556136,0.867308088768145,0.923919309551356,stable
GTF2H2C,-0.00221604102879558,0.698965977425525,0.820769094021034,stable
SNRNP25,-0.00223574702373301,0.960140121876898,0.979604612474404,stable
ODAD3,-0.00223908694903234,0.854480006526849,0.916885849700158,stable
REM2,-0.00225204037400181,0.969531577886327,0.983858044835005,stable
ZNF212,-0.00225501791745771,0.157345168175786,0.354541444383559,stable
ZBTB37,-0.0022578627372369,0.00981471614011817,0.0616204879798688,stable
PRTFDC1,-0.00225844172201652,0.0382880018413022,0.151423567798397,stable
SWI5,-0.00226464709718185,0.143474415079541,0.336111776529764,stable
DHX58,-0.00227151429448379,0.910610134263376,0.950642284116773,stable
LRR1,-0.00228128418619749,0.501767811960707,0.681663673417169,stable
RANBP10,-0.00228691135621482,0.887130504765189,0.936628371933811,stable
RMI2,-0.00229608744372494,0.133246849925737,0.320897585014445,stable
TRIM39,-0.00230864998434094,0.0502238597161701,0.178829031286384,stable
NAV1,-0.00231907060502827,0.326795262571643,0.537289211792302,stable
RCN1,-0.00232611283545753,0.712511769472039,0.829256009102632,stable
PRICKLE2-AS1,-0.00233120402502039,0.554729505389967,0.722460416992005,stable
CHFR,-0.00233453098154345,0.983826124938868,0.99068082275015,stable
SLC37A4,-0.00233785680910333,0.196949214296724,0.40194747615807,stable
TK2,-0.00236964950204338,0.770795192837415,0.867845669820812,stable
HSD17B10,-0.00237919062551389,0.919248335667028,0.955843114596271,stable
SPIN3,-0.00238126386373721,0.682645022929362,0.810673515699548,stable
RGMA,-0.0023824678748215,0.181118242134307,0.383837990614162,stable
CAND2,-0.00238325449581093,0.374050759114791,0.58071577965056,stable
FAM219A,-0.00239696216889697,0.812667565436509,0.893751535753116,stable
RNF111,-0.00240131884185282,0.677384168234877,0.80807495584104,stable
CIDEB,-0.00241346514669433,0.953884630571493,0.976573343727465,stable
ANKRD27,-0.00241605605011025,0.334048278735927,0.543656791275193,stable
FAM69A,-0.00242511543115675,0.83918425173888,0.907094734119511,stable
MDP1,-0.00242788499204052,0.0850229980077331,0.246171336213156,stable
CISD1,-0.00242945792034571,0.549731557091977,0.718554165300719,stable
SLC30A1,-0.00243350688584067,0.899441157183105,0.943190246667777,stable
CD3E,-0.00244676068149832,0.839467394000022,0.907094734119511,stable
CECR2,-0.0024490551204253,0.895582735535529,0.941858500136555,stable
POT1-AS1,-0.00245125933613702,0.00672729558668959,0.0479052680263018,stable
PLEKHA4,-0.00245827829983488,0.0531815847719881,0.185475518474403,stable
KLRK1-AS1,-0.00246323004360227,0.846379322108149,0.911964931823367,stable
ADCK1,-0.00246547177757413,0.978670912701275,0.988700267509122,stable
SPOPL-DT,-0.00247517801234403,0.822508220855293,0.89833479487975,stable
RBAK-RBAKDN,-0.00248387912841086,0.0880744786016913,0.252224653037884,stable
SCAPER,-0.00248481324634908,0.610001172291125,0.759952540775246,stable
ILK,-0.00248844661736591,0.604016100411258,0.755808456487585,stable
STXBP1,-0.00249111221748063,0.302751568716315,0.513862146068902,stable
DUS4L,-0.00249324438227378,0.784246610029104,0.877051650972222,stable
CTA-211A9.5,-0.00249439964608836,0.00437123003115039,0.0360216462802886,stable
PPM1N,-0.00249544412954904,0.805379389425771,0.890195194314828,stable
PANX1,-0.00249570201960976,0.900986591228773,0.944405770123523,stable
OR5P2,-0.00249895721623226,0.871905122577088,0.926474984212649,stable
PSAPL1,-0.00250385902823342,0.39384726444119,0.596676949212884,stable
ISG20L2,-0.00250455349915087,0.271020743657168,0.481974566822954,stable
PRUNE,-0.00250510590452024,0.9845811392642,0.991006864205755,stable
PIGB,-0.0025120689251808,0.00136523959738702,0.0152186172330171,stable
ARSB,-0.00252171270957811,0.965663582179753,0.982134256474358,stable
CCDC40,-0.002524373895541,0.822640681764064,0.89833479487975,stable
BMF,-0.0025254619223733,0.285987733672984,0.497497375326392,stable
HOGA1,-0.00252658710504991,0.904015096023421,0.94636125363674,stable
LINC03008,-0.00253770395273751,0.717607221752526,0.831866351702501,stable
DZANK1,-0.00254746509983567,0.570735983607669,0.733846288379104,stable
LINC01004,-0.0025482481826174,0.0152350118059584,0.0827333559822458,stable
ZNF3,-0.00255515935351044,0.891782700773497,0.940078624892655,stable
RNU12,-0.00256018414840081,0.852851307395945,0.916202879357501,stable
LINS,-0.0025656530191584,0.988393113081606,0.992778752202921,stable
TMED8,-0.0025744944687546,0.78734518543688,0.878578717107822,stable
FRAT1,-0.00257726787808257,0.677679608565489,0.808207459148081,stable
SIN3A,-0.00258346627835181,0.568155075339375,0.732222207796365,stable
ABCA8,-0.00258479585086957,0.123831083503818,0.307852585875671,stable
SMUG1,-0.00258541809651998,0.00915860381292219,0.0587380760803572,stable
TIRAP,-0.00259265296375106,0.92959521961207,0.962263694177148,stable
ODF2L,-0.00259407506972348,0.27453199102109,0.485210579837392,stable
SEMA4C,-0.00259485408985516,0.0684117964243349,0.215866236316745,stable
KCTD5,-0.00260158652547462,0.572166595327533,0.734771770189929,stable
CCDC9,-0.0026023191016311,0.059700527822111,0.199939521122599,stable
ATP6V0E2-AS1,-0.00260236983299202,0.200903707031586,0.406597171316905,stable
TLR3,-0.00260913178140818,0.262954354414689,0.474750667915827,stable
NEK7,-0.00261646308230812,0.942898043049744,0.970568197738601,stable
SYNRG,-0.00262282809128359,0.215989901507825,0.424410955799976,stable
CCSER1,-0.00263376452632569,0.936414256065335,0.966131656494147,stable
LRRC42,-0.00263516072031872,0.430662623839261,0.626120351309601,stable
CD164L2,-0.00264396449959511,0.946633378880062,0.972196550620784,stable
RNF187,-0.00265384232268645,0.481457922978226,0.66674313475539,stable
PRDM10,-0.00265394678435253,0.775150921236079,0.870984912325566,stable
ZMYM1,-0.00265574464433791,0.533933205080356,0.706669499664603,stable
THUMPD1,-0.0026649682344651,0.540308302641297,0.71177801243689,stable
CENPH,-0.00266572229101498,0.385061082763962,0.589774047826923,stable
NRTN,-0.0026731851514879,0.226736256146155,0.436235740899657,stable
MFAP5,-0.00268485567422374,0.455225872355971,0.646500127941276,stable
NINL,-0.00268708182549184,0.99258916900225,0.995757250624532,stable
ETV7,-0.00268962484892367,0.23390825764597,0.445372981536502,stable
GMDS,-0.0026917799094942,0.235923986752178,0.447394549242671,stable
LRRC28,-0.00269203411684891,0.82649751008658,0.899893610340996,stable
TRIM16L,-0.002695953408242,0.984973938618612,0.991150312507353,stable
CCND3,-0.00270566233719005,0.480177384465178,0.665497545090968,stable
KLHL32,-0.00270851088071759,0.397842673477477,0.600324508158089,stable
STX18-AS1,-0.00271296079716467,0.434196235396825,0.629013365903151,stable
TNFRSF1B,-0.00271802673196138,0.120242407591213,0.302714047050336,stable
ANO8,-0.00272386120669116,0.917649895793778,0.954812601480783,stable
DRC12,-0.0027251037696942,0.489493231128188,0.673218413288812,stable
CORO1A,-0.00273261827029415,0.04649176786516,0.170052474680944,stable
FAM161B,-0.00275473933121862,0.339687678075602,0.549443454048081,stable
ARHGAP28,-0.00276221945842229,0.253033928317363,0.465415637184999,stable
RASGRF1,-0.00276539128899258,0.558984671701499,0.725422148012931,stable
NARS2,-0.00276764832696569,0.226925758653059,0.436497320814319,stable
PSD,-0.00276771653832858,0.701910817290509,0.822759313479787,stable
KIFC1,-0.00276946661507443,0.135643179452565,0.324354895467166,stable
APLF,-0.00277041260804898,0.411799763161198,0.61188089795114,stable
LRRC56,-0.00277151464256197,0.805455489506078,0.890195194314828,stable
CTA-292E10.6,-0.00277256071459836,0.879395386502242,0.931518995199602,stable
TNPO2,-0.0027771564308457,0.197774764169156,0.403032566160828,stable
GSTM4,-0.00277919836707836,0.945981635074869,0.971871045859315,stable
ZNF616,-0.00278198566929457,0.408697907204794,0.610151834107401,stable
SLC38A4-AS1,-0.00281862011279662,0.154459255039863,0.350655929917767,stable
ATXN7,-0.00282475273677948,0.994736506754603,0.997429173863364,stable
S100P,-0.00283867565214633,0.491899429590443,0.674820944426492,stable
ANKDD1A,-0.00284834216289466,0.206366208934185,0.41340880662266,stable
ZNF792,-0.00285964543951969,0.0240800666955378,0.112898345822405,stable
CCDC152,-0.00286208511796416,0.482759271383843,0.667682108916421,stable
UQCRHL,-0.00286330519940949,0.755523565045985,0.858160198766225,stable
NBPF10,-0.00286457781982653,0.139157250803881,0.329598572723628,stable
ZNF701,-0.00286842461261266,0.441072270357092,0.635137811866729,stable
MAGEH1,-0.00286940144913977,0.0192309212452578,0.0975026052683665,stable
FRY,-0.00288503782955572,0.704152840586213,0.82400577477751,stable
ALG6,-0.0028853784830603,0.00584567945664922,0.043653088869632,stable
CA2,-0.00288596360236541,0.0210529524431877,0.103403529636834,stable
GID4,-0.00290950223858315,0.871848709561775,0.926474984212649,stable
ZNF418,-0.00291322297106331,0.490279447415439,0.673844835305412,stable
DHX34,-0.00291531959683152,0.00207134722588797,0.0208332205535978,stable
C2orf49-DT,-0.00291954339888209,0.944104889882916,0.971219165408998,stable
DEFA3,-0.00293907361251491,0.755711780312372,0.858214492989449,stable
HSPA2,-0.0029458443100494,0.00251514889705333,0.0239266265106119,stable
HCLS1,-0.00295142829878041,0.438789232564246,0.633148699004439,stable
C20orf112,-0.00296476465029709,0.000175101277824763,0.00311563030586595,stable
GPKOW,-0.00296605066862746,0.825847773941378,0.89950665496386,stable
MYCL,-0.00296678689446383,0.926195550395009,0.960371058446738,stable
GNA15,-0.00297569396311503,0.551603797958377,0.72000735648186,stable
PDP1,-0.00298507503213312,0.937899337080006,0.967010922441463,stable
ZNF527,-0.00298543655925258,0.654461025640324,0.792092235388844,stable
ORC5,-0.00299258439919515,0.679952769926454,0.809480196686889,stable
PRDM11,-0.00300477420842003,0.965946740954074,0.982230017517367,stable
HSPA4L,-0.00300548436913479,0.915468462214386,0.953574938290944,stable
CENPL,-0.00301320050812424,0.845646700522018,0.911487987583207,stable
PDCD2L,-0.00301347455208127,0.219616525512698,0.428717709065275,stable
COL28A1,-0.00301605624283695,0.834724959501117,0.904404316001569,stable
GGT6,-0.00302236113495064,0.299717173692074,0.510995165954399,stable
NEK1,-0.00302421232667587,0.991094188928869,0.994720293845394,stable
KIAA1143,-0.00303441959507611,0.573400592530983,0.735524189028417,stable
DRG1,-0.00303915678700956,0.123655434598597,0.30778381042005,stable
LSP1,-0.00304708496742705,0.639730504955792,0.782463919020522,stable
IGKV1-5,-0.00304773919100623,0.350859004920779,0.559105784923947,stable
ADCK4,-0.00305253675061554,0.87288207012745,0.927271263164852,stable
LETM2,-0.00305899015551301,0.304665868919372,0.515750669113752,stable
SHKBP1,-0.00305932005085688,0.160355846023659,0.3577641653209,stable
NPIPB4,-0.00306754691133022,0.74967279164195,0.853714505099875,stable
RBM28,-0.00306796618462472,0.549307835972237,0.718298569935013,stable
NXT1,-0.00306857207101116,0.873890246921661,0.927958478105195,stable
RARS2,-0.00307477429625491,0.252286781095071,0.464643096793535,stable
MANEAL,-0.0030763898697104,0.311724781552843,0.522888769381961,stable
C21orf67,-0.00308506609744983,0.0522068157898845,0.183240063122872,stable
BMS1,-0.00308546101777218,0.540355035619629,0.71177801243689,stable
RLF,-0.00309393295093949,0.305507952550856,0.516746812229371,stable
GABARAPL2,-0.00309685979455687,0.0102060050982548,0.0634256259893577,stable
C20orf196,-0.0030988735887564,0.572150922039495,0.734771770189929,stable
LINC02925,-0.00310803548913391,0.000250546239119504,0.00412759734096607,stable
SUV39H2,-0.00310857085875925,0.881188208244357,0.932852226342689,stable
ZNF136,-0.00312475445501377,0.377925378526875,0.583967354113222,stable
COMMD9,-0.00312599579086689,0.989426676810255,0.993571978750395,stable
INCENP,-0.00312990087651571,0.824751532229609,0.898951437557444,stable
GOLGA8N,-0.0031363179765889,0.938085824823745,0.967040067688098,stable
ZNF581,-0.00314745315120064,0.748670415136186,0.852991625932029,stable
TCTN2,-0.00315065306716703,0.798487166449844,0.885774534236274,stable
CPVL-AS2,-0.00316212742049237,0.83555850339641,0.905083486532363,stable
TLE6,-0.00316842174654624,0.962953355261376,0.981010235412539,stable
LNC-LBCS,-0.00317049714075865,0.106271136409269,0.28045301629251,stable
SLC36A1,-0.00318380094691703,0.394823092475467,0.597464407331036,stable
PRPF38A,-0.00319079802887155,0.355886452442059,0.56351761588753,stable
C1QTNF9B-AS1,-0.00320901049439051,0.0552789437327643,0.190132191386976,stable
EPHA1,-0.00321841060744098,0.60617670754688,0.756906422251093,stable
PPP1R3D,-0.00322826631799017,0.00149183881504453,0.0163553701122012,stable
ASTN2,-0.00323009337524898,0.676295338205358,0.807564151042522,stable
PPM1F-AS1,-0.00323138767847438,0.861082858593499,0.920335478136481,stable
MACIR,-0.00325095023205506,0.910523315571708,0.950642284116773,stable
KCNC4,-0.00326672781976196,0.341547275125594,0.550782675448499,stable
ZNF37A,-0.00326713304584222,0.98650383311045,0.992001423164526,stable
MBNL3,-0.00327921611781341,0.468036546289229,0.65618519805477,stable
METTL22,-0.0032831791223495,0.977457376959991,0.988209327264819,stable
CDC14B,-0.00330077038061115,0.97720888750355,0.988121551893738,stable
CCL20,-0.00330661666900033,0.964451418303926,0.981310874223336,stable
DMXL2,-0.00332224583715293,0.209678902367798,0.417834018218012,stable
ACSM3,-0.00332480039294551,0.912523844709065,0.95200917280222,stable
CSTF2,-0.00332659431661166,0.508567278294798,0.686703458508296,stable
RAB3A,-0.00332760643641412,0.85477369420067,0.916959511883193,stable
DCLRE1B,-0.00333215991259327,0.333669145614672,0.54352221447697,stable
ZNF350,-0.00335226477510344,0.107776121058749,0.283134799754077,stable
TMCO6,-0.00335472880166901,0.657666123100068,0.794080753607834,stable
VRK1,-0.00335974912316967,0.772830197798935,0.869176220249718,stable
PDCD4,-0.00338508963041876,0.866674867286511,0.923486190525655,stable
PEX16,-0.00338662483198693,0.96927726680901,0.983763310318278,stable
NOTCH3,-0.00339034845458334,0.528023236469775,0.702040304917291,stable
BMPER,-0.00339065811571846,0.312297889262797,0.522925899324022,stable
SAP130,-0.00339583579882492,0.301173907298199,0.512158136089497,stable
NIFK-AS1,-0.00339988086976837,0.461010032501579,0.651489784658878,stable
H2AC19,-0.00340148289509974,0.271151867478887,0.481974566822954,stable
CAPN10,-0.00340194842403274,0.81460320026644,0.894765988578704,stable
MAP3K5,-0.00340308188392256,0.325526842173779,0.535996783234412,stable
NELFE,-0.00342364416639984,0.995569427691097,0.997820686873846,stable
PRPF38B,-0.00342568221680634,0.410526803930877,0.61138884639998,stable
LMBR1L,-0.00345494854406135,0.945259702921464,0.971787815292673,stable
INTS6-AS1,-0.00346426876325039,0.0172230509294122,0.0900490053725984,stable
FASTKD3,-0.00348042267113593,0.931662826684615,0.962946711736188,stable
GAB2,-0.00348362297663257,0.950731515505201,0.974242773538065,stable
PEX11G,-0.00350373517447534,0.0129740065116884,0.0745974861706865,stable
LINC02334,-0.00352916727627299,0.472658780733022,0.66016047998366,stable
KIAA1009,-0.00353200873998623,0.000367615298740867,0.00563830541004812,stable
CENPV,-0.0035477126068008,0.411448183305272,0.611792068206257,stable
PODXL2,-0.00355460293913978,0.503446199250991,0.682881307106537,stable
KIAA0753,-0.00356136325656305,0.379175174254702,0.585084237577567,stable
IFIT1,-0.00357148892327716,0.785486038282371,0.877409985091005,stable
NKILA,-0.00358216702220797,0.696269471877812,0.819332836147254,stable
KAT2A,-0.00359306137077328,0.52905620520922,0.702878279804098,stable
CERS6,-0.00360290909149961,0.21851323866743,0.427701496001773,stable
HARBI1,-0.00360300525618466,0.171526453643895,0.372422623329124,stable
ZNF254,-0.0036051772677215,0.697562277367891,0.820163315117202,stable
SLC16A7,-0.00360882333762379,0.946031869656413,0.971871045859315,stable
THAP6,-0.0036094400308006,0.321056429924035,0.532148311781885,stable
GYPC,-0.00361047448546736,0.366783144815626,0.57378665127457,stable
CTSL,-0.00361090621536725,0.424978067611045,0.622893513006884,stable
SNX15,-0.00361133159671652,0.672029780774409,0.804827145857714,stable
GAR1,-0.00361927693090168,0.990979280363366,0.994720293845394,stable
AAAS,-0.00362721572742086,0.941522405734845,0.969846624058544,stable
UGT8,-0.00363619507576719,0.104022011220632,0.277132451129234,stable
PACS1,-0.00363636919739574,0.934157453367942,0.964217266279011,stable
GSK3B-DT,-0.00364032178517192,0.248276638900251,0.459977816598464,stable
PTGR1,-0.00364292156158291,0.76119087971417,0.861161394044579,stable
C2orf88,-0.00365051571395221,0.626986254526153,0.772351575963347,stable
TDRP,-0.00366301642358524,0.632310429644351,0.776430205120296,stable
RPUSD2,-0.0036749269667327,0.845758011694622,0.911527590808946,stable
UBOX5,-0.00367497583052896,0.0277671354263577,0.123472340288031,stable
KRT81,-0.00368000610277661,0.0424586780604364,0.16148565047006,stable
C15orf38,-0.00368297290012382,0.00277536839359332,0.0258583103988451,stable
DYNLT2,-0.00369783346813677,0.754014557850195,0.85684428327236,stable
C2orf74,-0.00370428489492246,0.142121996313987,0.334353210727903,stable
TUT1,-0.0037088004663766,0.336918881805336,0.546437098472658,stable
GAS6-AS2,-0.00371122971756589,0.64579050958105,0.786661005392999,stable
CCDC88C,-0.00371190730856974,0.780503625476664,0.874488422716553,stable
GSEC,-0.00371475348558347,0.096032433115987,0.265468218545867,stable
CDC26,-0.00371676635552232,0.988244835756291,0.992778752202921,stable
NENF,-0.00371678196300618,0.3887016206576,0.592676638507983,stable
ZNF365,-0.00371817023573743,0.432898881371327,0.627878016834729,stable
HERC3,-0.00372101753884992,0.000188453711681028,0.00329094024512698,stable
TRAM2-AS1,-0.00372156626729541,0.675226651460155,0.806760882362324,stable
ESR2,-0.00372342127465065,0.599916857394969,0.753146109150262,stable
CHRFAM7A,-0.00372548684025356,0.779072503527875,0.873637748385943,stable
MATCAP1,-0.00373072661426154,0.641659177183109,0.7838155073335,stable
C21orf119,-0.00373537193068178,0.0266726252875255,0.120691179736143,stable
SIRT5,-0.00373626124705777,0.543538612361485,0.714047930951832,stable
NTPCR,-0.00373799561938659,0.0640705491614355,0.20840830041229,stable
SMARCA2,-0.00374951283360786,0.466028850922583,0.654335020969296,stable
PROM2,-0.00375380736044718,0.719117616086536,0.832712710015972,stable
CCDC126,-0.00375616240998586,0.57117504537573,0.734080512618064,stable
MYNN,-0.00375803813436229,0.237256066097846,0.448256283149934,stable
B3GNT9,-0.00375816219109495,0.0787039390518421,0.234433433265899,stable
MLF1-DT,-0.00377328665603418,0.676668294897665,0.8076939006766,stable
GXYLT1,-0.00377453946941553,0.860332072205905,0.920096172409885,stable
C1orf74,-0.00377499869817923,0.546888724819065,0.716523876976232,stable
CREB1,-0.00377778382335447,0.734009413827406,0.842422465496817,stable
ENOX2,-0.00378243980208273,0.462006571663927,0.651969404367504,stable
ARHGAP19,-0.00378588961328607,0.591477761374463,0.747232756825283,stable
DMPK,-0.00378740792088579,0.727716716685694,0.838970327616577,stable
ZNF22-AS1,-0.0037881755909895,0.299879115587021,0.511142336728665,stable
GFUS,-0.00378897854684493,0.417422935641667,0.616913172417521,stable
HPX,-0.00378995568027421,0.134906692076388,0.323352824302307,stable
TXNDC11-AS1,-0.0037968693404288,0.808162473598888,0.891443609210684,stable
ODF2,-0.00379791873177427,0.0876346630397936,0.251348221726522,stable
DDX59,-0.0038008068739941,0.29796291542507,0.509412402539309,stable
LGALS4,-0.00380296417188457,0.534465183186703,0.707067359228816,stable
CREM,-0.00382459263234397,0.981303108463736,0.989560237408077,stable
THUMPD3,-0.00382520478888829,0.780988888427442,0.87454211145371,stable
ZNF514,-0.00382689898633246,0.105110569370027,0.278834982634378,stable
TNNI3,-0.00382806199075018,0.591810752548878,0.747421700501857,stable
DGKA,-0.00384463770927366,0.0193309334644852,0.0977259432050734,stable
BECN1,-0.00384768331034721,0.938214806040734,0.967043381542079,stable
C2orf40,-0.00385289219753112,0.828507293645199,0.900717996933378,stable
MROH6,-0.0038542681445963,0.524761062434767,0.700063213707584,stable
UBE3D,-0.00386480434265795,0.813550687419483,0.894240050626361,stable
MORN2,-0.00387301971689563,0.0916120832215259,0.257440483976996,stable
ITLN1,-0.00387322295204838,0.529325327733022,0.702930234243179,stable
CTHRC1,-0.00388628946920404,0.515586371500324,0.692433289960444,stable
RPP40,-0.00389382503784114,0.220377324897941,0.429307623044008,stable
LINC02987,-0.00389598390431768,0.637940817037653,0.780912131731251,stable
UMPS,-0.00389962995552826,0.0679884575605126,0.215118685028789,stable
EGFL7,-0.00390080673973886,0.441926384041773,0.635691706110453,stable
ASAH1-AS1,-0.00390558995958509,0.508310545050849,0.686584320740506,stable
CCDC106,-0.00391203625812943,0.839652310267074,0.907094734119511,stable
LMF2,-0.00391705104562834,0.97842990886547,0.988538491277916,stable
HCG27,-0.00392665711272974,0.711857427362779,0.828816572252844,stable
SENP3,-0.00393184368931556,0.0247163634324191,0.114683753280587,stable
SLC2A10,-0.00393532769245432,0.00585139845327846,0.043653088869632,stable
LINC01011,-0.00393794769624035,0.19177321450168,0.395451378891453,stable
FLAD1,-0.00394198805396545,0.945771354108636,0.971864327997218,stable
CEBPA-AS1,-0.00394269027467054,0.545395390313304,0.715641181965417,stable
ICOSLG,-0.00395826382647696,0.818538215330398,0.896162901770336,stable
LINC00649,-0.00396323497549837,0.692175032851795,0.817028543991922,stable
PTGER4,-0.00396476930992158,0.428996374827701,0.624843018105297,stable
MSANTD4,-0.00396712003371114,0.892211552574835,0.940287440182324,stable
MAP3K4-AS1,-0.00397459776061397,0.59482439202457,0.749507348804785,stable
CMAS,-0.00397723041553583,0.937418763850804,0.966841627515376,stable
MYL6B,-0.00398037710666127,0.781207343454879,0.874574463448341,stable
SLC22A15,-0.00398728381007672,0.794182115814829,0.883597177001954,stable
TTTY14,-0.00398932142093964,0.300802070203169,0.511994783367845,stable
SUGT1-DT,-0.00399193424873008,0.150722147636936,0.346091240083059,stable
SAC3D1,-0.00399565329478686,0.947388920426276,0.972611250801276,stable
RAB11FIP3,-0.00399681885739314,0.0111463118935177,0.0671878157641668,stable
GPR63,-0.00399750747831104,0.172315970058251,0.373142678120826,stable
LYNX1,-0.0040000530497919,0.0890489036910189,0.253704359925232,stable
WDHD1,-0.00400911182802225,0.0861437547238186,0.248354070222632,stable
VPS11-DT,-0.00401204804308176,0.46414402560325,0.653275367757528,stable
HERPUD2-AS1,-0.00401429180556607,0.441125656311234,0.635137811866729,stable
DPCR1,-0.00401905159708109,0.022180108761291,0.107293094379905,stable
KATNIP,-0.00402142254729056,0.717681176060775,0.831873193264452,stable
ZKSCAN3,-0.00403579906779564,0.827709170279551,0.90025063595491,stable
SERPINF1,-0.00404344901642175,0.0717671932614867,0.222299606395137,stable
ARHGEF11,-0.00404474818764849,0.274192759424759,0.484914972686379,stable
FOSL2-AS1,-0.00405490085446782,0.190849370948393,0.394747523701402,stable
ZNF43,-0.0040692028946981,0.928473536537136,0.961591164164192,stable
USP4,-0.00406977006449452,0.901640377558429,0.944848004738468,stable
TOMM40L,-0.00408048345858463,0.00330313652131976,0.0293654842448092,stable
MIRLET7A1HG,-0.00408200728845718,0.566062941406383,0.731067448045602,stable
CHRNB1,-0.0040886237180171,0.409096654212315,0.610495837818917,stable
G0S2,-0.00408868298228358,0.647670671528902,0.788008986639723,stable
MSMB,-0.00408934481732337,0.955246792059387,0.977231298529915,stable
ZNF614,-0.00409681570215696,0.857703101023953,0.918650898704705,stable
TNK1,-0.00410398576520519,0.2509415540208,0.463131483433437,stable
WDR12,-0.00410616453682836,0.294584751788131,0.506547355375024,stable
SAMD15,-0.00411108479121057,0.0482318264192508,0.173919128657499,stable
HYOU1,-0.004122276530345,0.812358918018442,0.893572879857593,stable
MARCHF6-DT,-0.00412581904894175,0.312584590317262,0.522999456889982,stable
ZMYM5,-0.0041278025943544,0.936968651732006,0.966458931632102,stable
C22orf46P,-0.00413708298049479,0.00075162838230631,0.00968167054300562,stable
BTBD10,-0.00414511847505357,0.983579424651339,0.9906298827501,stable
TMEM101,-0.00415313312252125,0.371967742609781,0.578490290796687,stable
SP2,-0.00415539326920401,0.955379168893262,0.977284933937341,stable
ZBTB8OS,-0.00415607403477838,0.790097467335851,0.880495162796375,stable
STK4,-0.00416600757346888,0.923003267831987,0.957971773009094,stable
MXD1,-0.00416677990556982,0.239581172807802,0.450285165737623,stable
HMGXB4,-0.00416985744437701,0.741496758038382,0.847676404547996,stable
KICS2,-0.00417226338879061,0.718778746276308,0.832712710015972,stable
LEKR1,-0.00418339442052759,0.458405791099091,0.64946900656261,stable
SLC7A2,-0.00418532452700673,0.297225365090884,0.508490194647784,stable
CEP41,-0.00419668791613197,0.623160765654593,0.770086274374544,stable
CDK11B,-0.00420760016632427,0.0110449413651271,0.0668714032923792,stable
MEF2D,-0.00421709871245912,0.284068662830345,0.495145491863417,stable
PATL2,-0.00422731430241288,0.508695528959588,0.686717766453722,stable
TULP4,-0.00422765794179257,0.815977218071388,0.895512977298167,stable
XXYLT1,-0.00422945131316579,0.638770631769906,0.781693082666466,stable
RASSF9,-0.0042355761845105,0.855275207217901,0.917336503731826,stable
TRMT12,-0.00423827037463793,0.258181413939967,0.470239716040002,stable
MANBA,-0.00424491532575619,0.227724172966516,0.437551130201619,stable
EIF4ENIF1,-0.00424857199807091,0.647146682846728,0.787596017143523,stable
PIGS,-0.00424923653220133,0.930457495136066,0.962548039087318,stable
RALGPS1,-0.0042505810046273,0.457359981773693,0.648430574947996,stable
TSC1,-0.00425109227441553,0.586260376859372,0.744142203727329,stable
DPH2,-0.00425195158062089,0.196382760042764,0.401241753083881,stable
FMO4,-0.00425306812131127,0.475607663737858,0.661915420549369,stable
HLA-DQA1,-0.00425563581223723,0.873919275449988,0.927958478105195,stable
ZCWPW2,-0.00425997253375341,0.381499856849058,0.587114975465553,stable
PFAS,-0.00426146058391534,0.462931964204471,0.652470924759075,stable
SMC2,-0.00426945381050466,0.448533877057755,0.640448325330452,stable
ZNF814,-0.00427230871239057,0.0304762699674622,0.130762346115219,stable
ANKS1B,-0.00427991463338231,0.235804380958487,0.447394549242671,stable
ZFYVE28,-0.00428014659623286,0.806577805500572,0.890499195668262,stable
SDCCAG3,-0.00429530509536581,0.96271693480529,0.980932884142691,stable
LINC00960,-0.00429768321290264,0.494260682118792,0.676653889373962,stable
XKR6,-0.00430173221434839,0.564492318364793,0.72988725403969,stable
FAM188B,-0.00430183770714027,0.904752846051185,0.946411445959234,stable
KIAA1875,-0.00430837911862406,0.159992314415816,0.357321816857609,stable
SULT1A3,-0.00430846886659237,0.669386388503436,0.802843329382456,stable
RBL1,-0.00431059340234727,0.913424608824659,0.952554786899958,stable
SRM,-0.00431994352442487,0.641160837265486,0.783518247819198,stable
RBM44,-0.00432040564271183,0.128149839417829,0.314558963261756,stable
PLCXD1,-0.00432849942391494,0.12138689177019,0.304626024430055,stable
PPM1H,-0.00433586500844588,0.0988582433478221,0.269200972752011,stable
THAP1,-0.00434065368682836,0.295945365208406,0.507473555058144,stable
MTERFD3,-0.00434159807434875,0.763071521207633,0.86240627544768,stable
TMEM242,-0.00434591751965627,0.952324404334198,0.975466190596719,stable
C1orf204,-0.00435107229316207,0.655212656148304,0.79253112099316,stable
LRP5L,-0.00435221731852612,0.0717502766572753,0.222299606395137,stable
ZNF283,-0.00435937114698474,0.470678439011314,0.658641210472061,stable
B4GAT1-DT,-0.00436284018371024,0.776365951834872,0.872029531859733,stable
LRP3,-0.00437842865255738,0.0227537705545622,0.109082329091659,stable
BET1L,-0.00437977597599765,0.151444856920365,0.346808154925917,stable
PLIN3,-0.00438422648669334,0.838903204024896,0.906938424515816,stable
NOP14,-0.00438599394288669,0.964178472478246,0.981280013134022,stable
SNAPC2,-0.00439029677611096,0.0262271333006425,0.119404274661845,stable
DRG2,-0.00439874604197139,0.373613848055318,0.580238302455623,stable
PAQR6,-0.00440028566529386,0.132173529415455,0.319622002685366,stable
WWC2-AS2,-0.00440407415535943,0.866049341219759,0.923141537065777,stable
MERTK,-0.00440457647877504,0.209737363856816,0.417834018218012,stable
ANKMY2,-0.00440473298065149,0.557491637322288,0.724205927165531,stable
SLC27A6,-0.00441235390195596,0.0170312475500744,0.0893519184773003,stable
NCAPH2,-0.00442613339184397,0.857651765427232,0.918650898704705,stable
SLC27A5,-0.00442772099595582,0.0017055632985992,0.0180352991021424,stable
DNAJA4,-0.00443333060111011,0.832978471041728,0.903409531542372,stable
MPHOSPH9,-0.00444142881005945,0.805089817973932,0.890062217139671,stable
IDE,-0.00444592512640908,0.386682817982844,0.590999095651699,stable
S1PR4,-0.00445170912769004,0.751835582097758,0.855196930964613,stable
PKIA,-0.00445470046400366,0.534581068914886,0.707144138774545,stable
SMTNL2,-0.00447663408532689,0.159726726650885,0.357189347613356,stable
TBP,-0.00447961749158643,0.897234409555741,0.942331250314406,stable
CYP46A1,-0.00448369229431843,0.85728004868644,0.918519705069949,stable
MAG,-0.00448708110041773,0.353774791808393,0.56155603883467,stable
SKIC2,-0.00449301431280644,0.251933775408974,0.464290437298252,stable
NOP56,-0.00450824837691821,0.860621065346061,0.920244218228678,stable
ZFYVE26,-0.00451524754531794,0.863412080680918,0.921721143185703,stable
PRKX,-0.0045190084127373,0.0628586812213706,0.206599603813491,stable
EPM2A,-0.00452373880191352,0.335807913127646,0.545286388160514,stable
XNDC1N,-0.00452664585393106,0.595089788082629,0.749523629222919,stable
EIF3L,-0.00453404428735149,0.289856280773393,0.501870138268266,stable
ARHGEF19,-0.00453514465992093,0.106196401670337,0.280317819506087,stable
ROS1,-0.00453610898719391,0.76356409162978,0.86277515846616,stable
C8orf76,-0.00454137842143861,0.771032228801737,0.868015280253347,stable
ANKRD2,-0.00455102702233573,0.805089402482489,0.890062217139671,stable
U62317.2,-0.00455561562875223,0.351851576287782,0.559811749126883,stable
PDRG1,-0.00456107105889389,0.866014870636124,0.923141537065777,stable
BATF,-0.00456184694462672,0.664298183419875,0.798699812542987,stable
RDH5,-0.0045653769744935,0.00416675008516738,0.0348405022194558,stable
ARMCX1,-0.00457408386399483,0.982548326151469,0.990162468167812,stable
NAA30,-0.00457610533345666,0.649819787829996,0.788744207973304,stable
TCF7L1,-0.00457995992189257,0.591802770716522,0.747421700501857,stable
TBL1Y,-0.00459566995511088,0.757109902464345,0.858929251171225,stable
SPTLC3,-0.00460619247982288,0.0106543063858103,0.0651843049350075,stable
LIMK1,-0.00461233563875768,0.777287533520727,0.872824068506096,stable
MYO15A,-0.00461927344395398,0.0599045418535181,0.200293522871281,stable
GLI4,-0.00462204012111429,0.23954289782862,0.450285165737623,stable
C19orf68,-0.00462335461691949,0.199070194121042,0.404426467165634,stable
DBP,-0.00463332560797216,0.949374252215532,0.973892042666928,stable
ARHGEF3,-0.00463655079466324,0.0183879101824226,0.094323883369674,stable
ZNF747,-0.0046419100304407,0.482442736795989,0.667682108916421,stable
AIM1,-0.00465402073119692,0.0290981706397216,0.127244889604089,stable
AMER1,-0.00465783711954639,0.790992898449677,0.881169173619956,stable
WNT7B,-0.00466462172569533,0.390509108257489,0.594246649986251,stable
TBX1,-0.00467283156456582,0.453411961477889,0.644702549389987,stable
TCEAL2,-0.00467593870727113,0.392964832726055,0.596124978346439,stable
SPA17,-0.00468386323453204,0.602616556860613,0.754829879195014,stable
AMDHD1,-0.00468511568604915,0.0124100810546955,0.0722738683330998,stable
TBC1D32,-0.0046864387604179,0.0340408673817845,0.140408331068168,stable
PGM2,-0.00469765247878929,0.0336839269241939,0.139577058549609,stable
ITGA9,-0.00469993970089821,0.327383126916205,0.537749441470531,stable
PINX1,-0.00470461058883891,0.685313277535523,0.812611248135061,stable
C2orf49,-0.00470585690955358,0.167672579229073,0.36779628635943,stable
ZNF503-AS2,-0.00470790461490817,0.716904035147049,0.83152433111657,stable
YIPF5,-0.00471692356229941,0.020429251667793,0.101309197722962,stable
TMOD1,-0.00472306684655957,0.967632131514516,0.983168418263034,stable
TRABD,-0.0047257556369342,0.180409807812365,0.383002690291481,stable
ZNF248,-0.00472671063892069,0.800373008298382,0.886838187292033,stable
RABEPK,-0.00474450719659029,0.968676940741585,0.983513497137625,stable
USP37,-0.004754922580283,0.0738161329896093,0.226090806731392,stable
TMEM263-DT,-0.00475576166804844,0.28336311477455,0.49455035908111,stable
GRHL1,-0.00475818587705043,0.0560583350309741,0.192002546208638,stable
GPC3,-0.0047620141685197,0.367112269232204,0.573973763376567,stable
STX12,-0.0047691814623117,0.388993987356891,0.592786843891906,stable
TRUB2,-0.00477863136368401,0.263423299582002,0.47486895945884,stable
ZFAND5,-0.00478979013891323,0.378164723098844,0.583967354113222,stable
EPN2,-0.00479647993498372,0.768493065841874,0.866290966142665,stable
POLA2,-0.00481658380467556,0.00104566146946518,0.0125685012809659,stable
CHTF18,-0.00481828791382745,0.285490637834658,0.496863972054141,stable
BTK,-0.00482435482476873,0.695920918622763,0.819302756645554,stable
LPXN,-0.00482528068288532,0.0237701229196526,0.112230970478885,stable
PRSS53,-0.00483481945174334,0.0745251487406294,0.227830395491385,stable
PPM1M,-0.00484190927410983,0.597132452565827,0.751038903196283,stable
PPIP5K1,-0.00485005934714313,0.460373669277361,0.651029486855513,stable
LRRC45,-0.00486509283597107,0.921689346364573,0.957361119209546,stable
IPO4,-0.00486733438977565,0.367061935064127,0.573973763376567,stable
ZNF783,-0.00488176404250477,0.885175264353622,0.93521023608113,stable
RGS12,-0.00489048538188297,0.028929538806197,0.126887220081432,stable
KCNJ8,-0.0048939556547458,0.31827385261998,0.529259441536852,stable
SLFN13,-0.00489588863211534,0.884762383789827,0.934982178569401,stable
INPP5K,-0.00491817039360798,0.488242717033421,0.672027809144977,stable
MRFAP1L2,-0.00491873655669373,0.0172658222406128,0.0901569462064291,stable
C1orf192,-0.00492154757761024,0.828671438436703,0.900816332899089,stable
YARS2,-0.00492990279560964,0.0564013107871928,0.192745211926934,stable
RARRES1,-0.00493150918320524,0.178362302039885,0.38020206980345,stable
COSMOC,-0.00494300564242768,0.752673255165804,0.855877011269468,stable
STXBP4,-0.00494514179056704,0.70979088710392,0.827435037569933,stable
TSPYL2,-0.00495636554750321,0.509776081431462,0.687576168974753,stable
FAM86C1P,-0.00496385175097707,0.42241548858022,0.620700436639573,stable
OBSL1,-0.00496761566801023,0.949785806133066,0.973950863014796,stable
NAP1L2,-0.00497727004712475,0.649233573376108,0.788732715119985,stable
DNM1L,-0.00497935849689629,0.984988055983256,0.991150312507353,stable
WDR59,-0.00497948692513839,0.0228632042041311,0.109214461973935,stable
KAZALD1,-0.00498344481849147,0.191531096942453,0.395218792880579,stable
SAXO4,-0.00498737129591903,0.719167004766092,0.832712710015972,stable
MED31,-0.00498884572043368,0.893218655394808,0.940869424117847,stable
RGS11,-0.00500205461503064,0.75186529917185,0.855196930964613,stable
GPR126,-0.00500502965354077,0.957022232989081,0.97805298534817,stable
TBC1D30,-0.00500769202705865,0.555223990651086,0.722796385699561,stable
DZIP1L,-0.00500917323076393,0.141517353503301,0.333701413816426,stable
ZNF232,-0.00501318677011115,0.18303920379114,0.385903971566556,stable
PREP,-0.00502158406554437,0.921812030052767,0.957361119209546,stable
ATM,-0.00504580106923709,0.196962154956384,0.40194747615807,stable
PSPH,-0.00505453853971285,0.297943236266443,0.509412402539309,stable
VANGL1,-0.00506053369276331,0.895659394585275,0.941858500136555,stable
ZSWIM1,-0.0050634593895433,0.627798096854653,0.772674580744188,stable
IFT52,-0.00506648966736413,0.980016902105812,0.989008137280386,stable
SLC10A7,-0.00506762842765256,0.551566758815756,0.72000735648186,stable
NUDT15,-0.00507646775286141,0.55314546990809,0.721088858286924,stable
CASTOR3P,-0.00508584818281561,0.0794398568234383,0.235908470170582,stable
C14orf37,-0.00509306750171888,0.867743779868996,0.924083824002117,stable
ALKBH3,-0.00509525917889664,0.595597254239669,0.749523629222919,stable
ZNF200,-0.00509940668538154,0.623995444278939,0.770476799077349,stable
ENO2,-0.00510239157825421,0.816043250532291,0.895512977298167,stable
C4orf19,-0.00510242215558087,0.537548574618094,0.709533935442348,stable
ZNF736,-0.00510730897441726,0.115044409419618,0.29494606978721,stable
MTM1,-0.0051085956045403,0.893883059069736,0.940994360495044,stable
UBAC1,-0.0051239509072939,0.289442224505024,0.501508398632093,stable
FAM110A,-0.00512682807139883,0.553440477491168,0.721396502116873,stable
KIF13B,-0.005132157726463,0.923269568551093,0.958068523426873,stable
KLHL23,-0.00513458443242047,0.193441450619859,0.39791881594803,stable
ISY1,-0.00513772417773491,0.896820066985987,0.942264486188945,stable
CBLL1-AS1,-0.00514246124031644,0.694129058618136,0.818525728049133,stable
NAA50,-0.00515311851651829,0.596439653953599,0.750244734505947,stable
PVRL1,-0.00515850888707273,0.604522765048841,0.755978136056986,stable
ZNF341,-0.00515973357099404,0.783254780808089,0.876105796672614,stable
PLAUR,-0.00516422657914967,0.351055800295035,0.559273570025611,stable
CRACDL,-0.00516880727325732,0.371828042293471,0.578427662915444,stable
TGDS,-0.00517407347356746,0.399949203361044,0.601942755711082,stable
APOL4,-0.00517780702123308,0.276169080416451,0.486930742681479,stable
ADAP2,-0.00517965150940282,0.000545708167099297,0.00766751337312851,stable
AKAP6,-0.00517973010310096,0.524545961996218,0.699976631478614,stable
ZNF30,-0.00518180551505091,0.00225354115172264,0.0221263349708093,stable
PRR14L,-0.00519794260021614,0.980934903939124,0.989352167141242,stable
USP45,-0.00519943313280828,0.875953356657133,0.928838812610756,stable
TRMT10A,-0.00520325780861138,0.168559515395429,0.368929546319377,stable
KIZ,-0.00520817516553768,0.690980657890005,0.816328168749147,stable
ZNF584,-0.00521300692102464,0.861048362440157,0.920335478136481,stable
MYLK-AS1,-0.00521488308482075,0.0409915218934951,0.158169306700153,stable
KIF20B,-0.00521944872208792,0.145215593514444,0.337666893545871,stable
LINC02916,-0.00521989188490976,0.76886388289077,0.866469263801675,stable
HRH1,-0.00521989722848333,0.275904342816856,0.486671858334838,stable
FBXL4,-0.00522197916460651,0.875291719690029,0.928585931204051,stable
MCM6,-0.00522672396614458,0.340543546703084,0.549980752397741,stable
GPLD1,-0.00523437233347694,0.203021527476132,0.40918963757102,stable
LRRC8E,-0.00523709511192823,0.827991059615742,0.900326367223828,stable
FAM109B,-0.00524272609801964,0.68247641325361,0.810673515699548,stable
PHF6,-0.00525006851531795,0.495191863855412,0.677485276231128,stable
MTA1-DT,-0.00525286732403356,0.448981080643994,0.640712669833316,stable
ADH1B,-0.00525358724515779,0.696288102962018,0.819332836147254,stable
AP3M2,-0.0052647961876806,0.0100729751813517,0.0628866438288271,stable
RNF32,-0.00526740378689534,0.0825506219961971,0.242198808332742,stable
EIF2B4,-0.00527804622669167,0.980217406033569,0.989008137280386,stable
NAPA-AS1,-0.00528133240616727,0.66106257532594,0.796611683831258,stable
CYP1B1,-0.0052826819000218,0.106816305552238,0.28122388952629,stable
H2BC11,-0.00528344040883514,0.575848030887972,0.737162669344912,stable
RNF139,-0.00528544865458866,0.968265747852511,0.983471583028591,stable
RAP2C-AS1,-0.00529153762852674,0.766525024625564,0.864949866244151,stable
ZNF256,-0.00529450590724487,0.0856545716633407,0.247379368894417,stable
NSUN6,-0.00530963444811852,0.976530433271417,0.98757107747979,stable
LGALSL,-0.00530973743052142,0.49022119751177,0.673840539568636,stable
GYPE,-0.00532133060244719,0.0280972330486048,0.124487342075442,stable
TMC6,-0.00532718342676158,0.556249127305376,0.723745538284291,stable
FIRRM,-0.00532980138335247,0.000152242522461354,0.00280695715621054,stable
ACSF3,-0.0053308574659855,0.946662849821779,0.972196550620784,stable
IL7,-0.00533265407055001,0.548999520371971,0.718100578846532,stable
FRA10AC1,-0.00533931902672144,0.982194487246378,0.990132394202517,stable
PSD3,-0.005341986482659,0.367116713034903,0.573973763376567,stable
POLD3,-0.00535574884415292,0.568605305033314,0.73249354502342,stable
STAT5A,-0.00535672448543028,0.325332188244085,0.53585266463798,stable
WDR77,-0.00536383053718056,0.707472988640459,0.826370008214541,stable
EEFSEC,-0.00537182748770713,0.902491693545907,0.945496954225674,stable
GBA2,-0.00537243902396059,0.465720857799454,0.654335020969296,stable
KLHDC8B,-0.00538658032958503,0.209084652931376,0.41689974998427,stable
PHTF1,-0.00539046191728608,0.967343153699836,0.983106311176155,stable
ZC3H10,-0.00539278885141723,0.778074120100245,0.873234097797885,stable
PAN2,-0.00540369853532693,0.00511613793112226,0.0400382010691668,stable
CCT6B,-0.0054065773692245,0.357582923250832,0.564886747714935,stable
NOS3,-0.00540882119223209,0.000120336321788001,0.00232751771762109,stable
DNAJC27,-0.00541062661079436,0.646660299280738,0.787171429835465,stable
C1orf54,-0.00544052565020308,0.38788959085977,0.592358356952415,stable
DGCR14,-0.00544212370183612,0.280429507572093,0.491535747140991,stable
ULK4,-0.00544377594022144,0.672532895825626,0.805195114453717,stable
ENDOD1,-0.00546004755662571,0.73606184394208,0.844161910844198,stable
FAM200C,-0.00546059436613903,0.260149561761767,0.471750221476909,stable
ABCC9,-0.00546478285070306,0.400666055546628,0.602650653747013,stable
MTURN,-0.00547156115377767,0.694179992039051,0.818525728049133,stable
AGAP2-AS1,-0.00547331037993089,0.681209068651581,0.810029149338223,stable
FBXO30,-0.00548502396915173,0.255317470083907,0.467986317934575,stable
HERC6,-0.00549289298868227,0.841785355000084,0.908527651379218,stable
SIAE,-0.00549703352929296,0.967462202924854,0.98314556227063,stable
PYCRL,-0.0054974038066644,0.410820407477717,0.611677059806044,stable
NEURL2,-0.00549985121601854,0.141343177841165,0.333483691551902,stable
LAD1,-0.00550378525295092,0.77876362579557,0.873466809379885,stable
PQLC2,-0.00550594736938428,0.956624781585256,0.97805298534817,stable
CABLES2,-0.00550695759344254,0.0286749613901893,0.126360031735283,stable
CBR4,-0.00552381252874437,0.949322320782619,0.973892042666928,stable
SCYL3,-0.0055300843149582,0.843694276872547,0.910186112478158,stable
SMN1,-0.00553146406639826,0.820812014581961,0.897460292151154,stable
CEP19,-0.00553347385692847,0.526629766577078,0.70118276918867,stable
CCDC142,-0.00553730969577917,0.15122562768774,0.346525969897953,stable
MS4A8,-0.00554859703927012,0.494356427137902,0.676709178648792,stable
GPR37,-0.00554905871391751,0.818039986998976,0.896025184119301,stable
SYNGAP1,-0.00554970302781305,0.412690311437518,0.612447051962149,stable
PLEK2,-0.00557049538728678,0.721630009056186,0.83486704814526,stable
HID1,-0.00558197047077744,0.945101422171781,0.971731834858092,stable
ZRANB3,-0.00559046759776684,2.45273326835352e-11,2.31862285155416e-09,stable
ZNF576,-0.00559511258573119,0.818741724912943,0.896162901770336,stable
ZNF543,-0.00562504657505503,0.43375437972423,0.628522230648292,stable
PCDH17,-0.00563085163412619,0.0285406908473594,0.125949965674412,stable
DSEL,-0.00563372280208083,0.664055015868734,0.798485984062503,stable
SYK,-0.00563486924652799,0.768287232922812,0.866218699063684,stable
RHOG,-0.00564966454243132,0.307354239409107,0.518506517048982,stable
SNRPC,-0.00565115429625185,0.989155874496334,0.993381647210251,stable
VPS45,-0.00565172820738974,0.182438016358402,0.385165191551255,stable
TIGD7,-0.00566031563918421,0.42281168596776,0.620909424467792,stable
SLC7A6,-0.00566153964538996,0.0490208821665224,0.17588237851587,stable
EPHB3,-0.00568016440911665,0.893037881996429,0.940833842068806,stable
HDHD2,-0.00568090227259754,0.411420055181876,0.611792068206257,stable
FP236383.5,-0.00568681197480492,0.00132538906573582,0.0149460848150873,stable
BRMS1,-0.00569317873772335,0.983776833623559,0.99068082275015,stable
OGDH,-0.00569579992522279,0.729558625950536,0.839787113005716,stable
SHC3,-0.00569856909554108,0.731693292298683,0.841128597505837,stable
TRAPPC12,-0.00571530027096978,0.181078677978743,0.383822743126783,stable
DNM3,-0.00572205767622523,0.836628184067204,0.905439833735059,stable
RFC2,-0.00572358656563239,0.0185219933737704,0.0947334087870163,stable
ACP3,-0.00572599777806067,0.434402561465088,0.629141950994191,stable
ZNF830,-0.00572880002839263,0.391069783402648,0.594803662102024,stable
NR2F2-AS1,-0.00573654166498038,0.0130207111130598,0.0747956638374262,stable
THAP4,-0.0057427344083465,0.0010216050708147,0.0123522259007309,stable
DTWD2,-0.00574689778616577,0.285056146352873,0.496373180607335,stable
TNRC6B,-0.00575276244475847,0.847789546363832,0.913073076189558,stable
FBXO16,-0.00575958746135707,0.00864419453642983,0.056743467579371,stable
TPCN2,-0.00576257161143027,0.87406036623881,0.927958478105195,stable
DNAJC14,-0.00576394940611493,0.546882146513201,0.716523876976232,stable
RFC5,-0.00577278141164021,0.781133046748185,0.874571383353161,stable
ZNF566,-0.00577387258344913,0.298403477293838,0.509951643567717,stable
PEX6,-0.00578038434063842,0.425277579699281,0.623108370399617,stable
PXN-AS1,-0.0057893566103684,0.0260141734591079,0.118744307828281,stable
PRRG1,-0.00578951937683065,0.264961276211918,0.476026843094428,stable
ZC4H2,-0.00579042026610247,0.177893046619008,0.379703964007465,stable
MED12,-0.00579201486025206,0.0187493965233449,0.0955605597386071,stable
LDLRAP1,-0.00579516430699607,0.411527522945506,0.611835616697381,stable
PPFIA3,-0.00579711519658726,0.185438137130015,0.38955074553657,stable
MCM8,-0.00579806655114319,0.858275858526132,0.919043830038572,stable
GPR180,-0.00581985325932699,0.758160913097152,0.859558430875495,stable
METAP1,-0.00582125924856783,0.874288119358335,0.928119667480355,stable
BRPF3,-0.00583863747449159,0.939917493184644,0.968438253261049,stable
GARIN4,-0.00583884806999666,0.688466310897866,0.814932912212212,stable
NUP88,-0.00584121824697112,0.00426491231935063,0.0354173153476509,stable
RPH3AL-AS2,-0.00584592685596757,0.19608219201702,0.400887893496579,stable
RNF121,-0.00586196119622748,0.970729880931331,0.984657780954283,stable
PARG,-0.00586304812474388,0.821338822023397,0.89787567165212,stable
OVOL2,-0.00587236616648189,0.505304105886515,0.683614785386958,stable
GEM,-0.00588309993982932,0.545685984697216,0.715868799843182,stable
STAM-DT,-0.00588779220918631,0.573814598867238,0.735663650710221,stable
ZNF607,-0.00588807111460885,0.605424160716716,0.756486245589404,stable
C11orf65,-0.00590487842028018,0.0777730695521328,0.233103977881872,stable
MS4A6A,-0.00590793819048814,0.645326061706216,0.786330320803108,stable
TNFAIP2,-0.00591086191688594,0.208935888101182,0.416842427207718,stable
TRPV1,-0.00592489323782075,0.0269695106886328,0.121382657826895,stable
ARHGAP4,-0.00593071442333046,0.778408708858223,0.873280842243293,stable
C14orf64,-0.00593217013264272,0.175752207638572,0.37691140108314,stable
PYGO2-AS1,-0.00593354470091329,0.716726085727671,0.83152433111657,stable
SPATA17,-0.00594283244344706,0.700325056995139,0.821664442536877,stable
GAB3,-0.00596163657435971,0.517630406640484,0.694263121656055,stable
CBLC,-0.00596258130824838,0.659749640041086,0.795955116271937,stable
NOTCH2NL,-0.00596396994766052,0.103907708422421,0.277047698746412,stable
ZNF92,-0.00597124696953424,0.401887620023878,0.603491073104867,stable
CPSF1,-0.00597981000884884,0.823922785628862,0.898611003883584,stable
TNIP1,-0.00598109723511986,0.91679325982022,0.954301858253146,stable
CENPO,-0.0059825458645701,0.155430786762349,0.351849247663509,stable
ALG10,-0.00598643849865701,0.00841017729411163,0.0558282186529987,stable
WNT2B,-0.00599200227804494,0.206879732088381,0.414103001558229,stable
SF1-DT,-0.00600448072592062,0.352217914981477,0.56017587727473,stable
RICTOR,-0.00601640625878258,0.791989698114931,0.881880312420926,stable
LINC00482,-0.00603942401191317,0.180286432647099,0.382923788448655,stable
FABP6,-0.00603964188058673,0.818745687743055,0.896162901770336,stable
KTN1,-0.00604280532016954,0.10727068617945,0.282116365718072,stable
LINC00667,-0.00604351002943898,0.0275222025092249,0.122756050004591,stable
DUSP22,-0.00604640274140314,0.58017366135662,0.740219479847962,stable
NSA2,-0.00604969018847645,0.0126563092389665,0.0732878844799275,stable
LIN52,-0.00606207973045639,0.478607544498401,0.664451859619359,stable
TANGO2,-0.00606485780784635,0.346144716511985,0.555576813897388,stable
TRAF3IP2-AS1,-0.00607138920324714,0.742464257226974,0.848292651681702,stable
NSMCE2,-0.00607286805758975,0.96613205893038,0.982230017517367,stable
AFDN-DT,-0.00607740785246784,0.472806212101986,0.660221971297085,stable
ZFYVE21,-0.00607841393638131,0.585793224927677,0.743818051471478,stable
ENY2,-0.00608298728763501,0.846893371157958,0.91226864372884,stable
ZIK1,-0.00609508642563363,0.479081532857114,0.664810729084337,stable
LLGL1,-0.00609663992419255,0.0590105354205104,0.198936785708858,stable
TSR1,-0.0060967903452098,0.33908091922065,0.548778651734837,stable
FICD,-0.0061031209685786,0.75123746632316,0.854800966986345,stable
SLC9A8,-0.00610686060047824,0.0645772572438548,0.20938790253286,stable
NOA1,-0.00610999360927124,0.116961431716574,0.29773772205402,stable
CD320,-0.00611178162011533,0.938247259905846,0.967043381542079,stable
NXPE3,-0.00611408834610491,0.613848590239822,0.763190110566679,stable
GABRB3,-0.00611846594152182,0.845098314227545,0.910977230433643,stable
DNAJC27-AS1,-0.00612120885287003,0.824687458452156,0.898951437557444,stable
FGFR1,-0.0061252864477875,0.629139923155581,0.773715524650005,stable
KLHL17,-0.00612886575731383,0.661984847149582,0.796959920146909,stable
MB21D1,-0.00613037247859149,0.454817142142958,0.646073761544089,stable
CES1,-0.0061381627622469,0.614693367490741,0.763928868558062,stable
ZMYND10,-0.00613863540238131,0.620819601007729,0.768807496982928,stable
LYPD1,-0.00613870943602445,0.753216201803759,0.856291097803558,stable
ZNF223,-0.00614846316899915,0.125650761256385,0.310741318633819,stable
ZNF726,-0.00615009644964225,0.135924253693743,0.324781831747552,stable
C2CD5,-0.00616677618972133,0.741377935112028,0.847676404547996,stable
COLCA1,-0.00618556914246149,0.0432185215631697,0.163258098760255,stable
MYO1G,-0.00618579377927803,0.691182661462571,0.81634927162624,stable
CCDC17,-0.00619933532908422,0.000199147384105663,0.00342870087789807,stable
IFNLR1,-0.00620629277245596,0.172794337665968,0.373384830056353,stable
DPY30,-0.00620774686810555,0.973632944775161,0.986327366623633,stable
TCP11L1,-0.00621288447153237,0.462807535992271,0.652370770291689,stable
ZNF175,-0.00621949979876859,0.654397505541323,0.792092235388844,stable
ZNF354B,-0.00622167892667364,0.529248919863089,0.702930234243179,stable
ZNF624,-0.00622336396656001,0.814350711600717,0.894636748324541,stable
PWP2,-0.00623005180744021,0.555443265476802,0.722927861710864,stable
ZC3H6,-0.00623663029133675,0.35564824676,0.563269488660241,stable
LIAT1,-0.00623931862192404,0.556437314405954,0.723811451051903,stable
C10orf10,-0.00624721049416412,0.643221855301821,0.784704985949048,stable
MAMSTR,-0.00624846014893939,0.514985632254479,0.692082714234692,stable
PCGF2,-0.00624868611224322,0.898304019815085,0.94266141413835,stable
C10orf11,-0.00626023656617737,0.444515495942365,0.638064516486551,stable
SPAG8,-0.0062833392461729,6.40847592524855e-05,0.00140235035437605,stable
TVP23C,-0.00629097600985789,0.0438443806992088,0.164576310062469,stable
HSD17B7,-0.00629161412059592,0.681046083471179,0.810025549323635,stable
SEMA4F,-0.00629401561195759,0.882185356921272,0.933381601970352,stable
PTPN13,-0.00629774637474104,0.928428579159911,0.961591164164192,stable
B9D1,-0.00629974565624204,0.0124102462067389,0.0722738683330998,stable
POLR3H,-0.00631941815361509,0.598279831889652,0.751766046981844,stable
WDR83,-0.00632008234675405,0.165813031868744,0.365998284861598,stable
ZNF776,-0.00633092700006021,0.411363543325719,0.611792068206257,stable
SMIM5,-0.00635849989946154,0.446538850330782,0.638924545389132,stable
ZNF879,-0.00637390307715656,0.724608198705898,0.836570704663856,stable
ZNF696,-0.00637817601927841,0.482838037714339,0.667682108916421,stable
WIZ,-0.00638078231711468,0.331249454236375,0.541509543043105,stable
TGFB2,-0.00640604298082878,0.392053443241752,0.595405946655687,stable
PMS2,-0.00640784491542181,0.366072030913863,0.573112769709408,stable
CLDN15,-0.00641611714217734,0.159161010955157,0.356590939563429,stable
ADAT2,-0.00642473264882477,0.942795579170118,0.970568197738601,stable
ERRFI1-DT,-0.00644263920649751,0.127733431799171,0.31397817621417,stable
PHF7,-0.00645150792871177,0.191074203804219,0.395009482040043,stable
POLR3D,-0.0064554761139904,0.918936882299792,0.955600548637401,stable
MCM4,-0.00645892297008176,0.268876559819281,0.480097438976174,stable
STT3A,-0.0064631321282411,0.00115184158174959,0.0134866968345852,stable
AAGAB,-0.00646358185372137,0.71466436676517,0.830186944724644,stable
CCDC11,-0.0064680422159221,0.0806475119023809,0.238701013436975,stable
A4GALT,-0.0064708555534019,0.579328316747976,0.739835911400675,stable
PYGO2,-0.00647159093852233,0.468956440790912,0.656947459572324,stable
MIX23,-0.00647636683355431,0.0143995187822089,0.079610908002588,stable
AIRIM,-0.00648049086179937,0.892660157124151,0.940571995744603,stable
POLR3C,-0.00648142274836082,0.321482231204583,0.532645911646492,stable
IRF2BP1,-0.00648675619577273,0.577763768609969,0.738532291905078,stable
CHST15,-0.00648986959537144,0.00991932573536876,0.0621495836951039,stable
HHIP-AS1,-0.00649354799082722,0.0488570208554603,0.175603711536944,stable
TNNC2,-0.0065193572745157,0.169551761436981,0.370173375925283,stable
CCDC14,-0.00652006746631653,0.827386977754422,0.900226020584485,stable
KHK,-0.00652111512779385,0.0249002849285813,0.11516499544721,stable
MFSD4,-0.00652483870128562,0.00335169117133794,0.0296248535542886,stable
ACOXL,-0.00653703620637681,0.365506311472387,0.572520393572329,stable
NGF,-0.0065488562670103,0.703299768332714,0.823356483010569,stable
UCP2,-0.00655152006666158,0.928622790721285,0.961664265823195,stable
CXXC5,-0.0065587969523751,0.523070938830722,0.698908162598016,stable
IFT88,-0.00656239002494463,0.0431698134376681,0.163196355289899,stable
TMEM138,-0.00656744785786191,0.973478618738345,0.986307719474308,stable
AKR7A2,-0.00657301677384081,0.113016183293165,0.291457768897816,stable
PPP1R11,-0.00657822882073283,0.295719576045256,0.507425527028635,stable
UAP1,-0.00661299245533226,0.904295221937035,0.94636125363674,stable
SDR42E1,-0.00661331626431924,0.396657982054793,0.59920770679444,stable
USP12,-0.0066166964289639,0.962697877432756,0.980932884142691,stable
NAA38,-0.00661671608325082,0.990378707437697,0.994364625849561,stable
CDC20-DT,-0.00661700768103448,0.292403664948535,0.504351968439523,stable
PITPNM2,-0.00662700614016758,0.64513937096547,0.786181205331663,stable
METTL25B,-0.00662846410392567,0.486029782871442,0.670038126290798,stable
XPC,-0.00663270025608903,0.537423791411921,0.709445834364938,stable
SLC20A1-DT,-0.00664529016813921,0.810513160209123,0.892747600504264,stable
LSM6,-0.00664972953432994,0.979979768927053,0.989008137280386,stable
API5,-0.00665500273070949,0.716154435432268,0.83112805646293,stable
RAP2B,-0.00665787393554881,0.522275585367705,0.698347927754849,stable
WDR81,-0.00666835652362524,0.232344743658574,0.443778460387876,stable
MYH15,-0.0066743074239169,0.834009801859582,0.903896200641139,stable
NICN1,-0.00667678648931714,0.423957087171027,0.621769818065823,stable
MC1R,-0.00668593025522388,0.00187746734955055,0.0193803811836137,stable
CFAP90,-0.00668838919367281,0.273903978132735,0.484754919457732,stable
TTC31,-0.00669124340409402,0.128665357966384,0.31531782994809,stable
BMP1,-0.00669184261093325,0.0978508447522295,0.267650196073227,stable
ZNF707,-0.00669428954066158,0.678598185591835,0.809128386722063,stable
RBM26-AS1,-0.00669499093659621,0.630247743828491,0.774597669471091,stable
XPC-AS1,-0.00669734840931722,0.17018221865787,0.37084247390509,stable
VIMP,-0.00669773281510544,0.974872199210425,0.986530295715425,stable
GCOM1,-0.00670452538509263,0.341580780642594,0.550782675448499,stable
PTPN18,-0.00671112210724389,0.844668278053508,0.910674283905987,stable
ZNF569,-0.00671439017859686,0.680552973808781,0.80988424603256,stable
KIAA0319,-0.00671663181993981,0.375933926948257,0.582140400686027,stable
LCA5,-0.00672417559005587,0.182554802727681,0.385214898764573,stable
WDFY2,-0.00674244443226793,0.545268438178558,0.715551410444949,stable
C11orf48,-0.00674332830088434,0.294613979516589,0.506547355375024,stable
POMGNT2,-0.0067608475461158,0.00142828680364625,0.0158146538838513,stable
TRIM17,-0.00677950354400954,0.000170866400544021,0.00307793981427222,stable
THAP3,-0.0067829291465589,0.856551838517894,0.917900383452506,stable
PCDH18,-0.00678879597781434,0.486155628456399,0.670060480578534,stable
HEATR1,-0.00679379921743503,0.430032957525905,0.625725850826885,stable
ZNF589,-0.00679481991142765,0.677249083270638,0.808071526979041,stable
ZNF467,-0.0067977476022617,0.162486743832466,0.361397008116461,stable
MROH8,-0.00679784316103771,0.674446912603386,0.806359790948477,stable
FOLR3,-0.00680106393050368,0.300890998162094,0.511994783367845,stable
PORCN,-0.00680509480326523,0.567931979445548,0.732122832788077,stable
IER5L,-0.00681997309564101,0.651380133289159,0.789546345846902,stable
BCL2A1,-0.00683153044040442,0.75792023030046,0.859508662995147,stable
TRAF1,-0.0068350573686605,0.683270073058021,0.811059756560618,stable
WDR65,-0.00683798471515712,0.277211265119225,0.487853513506681,stable
KRBOX4,-0.00684264805867058,0.855808559383125,0.91743060092787,stable
USB1,-0.00685115739923196,0.00917561878344797,0.0588163419029198,stable
ATP11C,-0.00685240453875926,0.817733652197288,0.896025184119301,stable
SLC35E2,-0.00686656368919271,0.411830443474886,0.61188089795114,stable
GLE1,-0.0068735577738363,0.664703881666,0.799108993851807,stable
WDR7,-0.0068748306686449,0.325778027119251,0.536228221299986,stable
FOXQ1,-0.00688057930093032,0.626077018367436,0.771799664433596,stable
PLD2,-0.00688802536223458,0.803899358951756,0.889279848094286,stable
FBXL14,-0.00689532223932041,0.438098377636598,0.632716749554558,stable
CHKB-AS1,-0.00690446011540396,0.394383936398865,0.597169483282513,stable
FBXO15,-0.00691416290187941,0.25401325149662,0.466392089963205,stable
AIG1,-0.00691771519110371,0.108354056955385,0.284012542197294,stable
LIME1,-0.00691818352743335,0.501085378237609,0.681225204298708,stable
ZDHHC24,-0.0069213824451142,0.839789848333648,0.907094734119511,stable
KPTN,-0.00692515998489174,0.0126271345150055,0.073188284642687,stable
CCNB1,-0.00693289303735222,0.522984189130301,0.698908162598016,stable
MAILR,-0.00694374643542168,0.648912844494619,0.788725322520873,stable
CTSW,-0.00695955698512243,0.409217571051209,0.610495837818917,stable
PACRGL,-0.00695996474220462,0.350156842523413,0.558205169927778,stable
MED22,-0.00696157141886027,0.942173330653651,0.970151465027224,stable
LBX2-AS1,-0.00696226760805006,0.0185827753115336,0.0948854826266442,stable
TOLLIP-DT,-0.00696512605905317,0.615594251057372,0.764738224077776,stable
LINC00869,-0.00696549203055319,0.262139401695559,0.474023963903625,stable
ZNF555,-0.00697355963469672,0.353612073698708,0.561370647908182,stable
EMC1,-0.0069816126806293,0.973164119219692,0.986070805150987,stable
GRTP1,-0.00698924371340546,0.0247795870506803,0.114780474462871,stable
CEP192,-0.00699134013652515,0.0668298274830407,0.21320427570976,stable
WARS1,-0.00699312198662119,0.114671293374416,0.294483590380012,stable
STK10,-0.00699927530771502,0.39563030424173,0.598273195483118,stable
EXOC3L1,-0.00700236237659658,0.00241943396405031,0.0232982385270449,stable
ZNF154,-0.00700431498906021,0.38774797546999,0.592358356952415,stable
COTL1,-0.007012568420177,0.79704031270819,0.885111234062173,stable
SETMAR,-0.00702005679878005,0.0592091710384519,0.199136312250275,stable
TEKT2,-0.00702183212277885,0.507323655256556,0.685705922363572,stable
KDM6B,-0.00703411109694768,0.227358359387552,0.436985626596453,stable
ELK3,-0.00703587761694447,0.167493038576647,0.367648573094079,stable
CCDC117,-0.0070468248830426,0.498579719697609,0.67974999928436,stable
DGUOK-AS1,-0.00705862066724574,0.177722668678759,0.379523568536963,stable
CDON,-0.00706365382179637,0.345449962084691,0.554902096748632,stable
SUMF2,-0.00707635463295292,0.949775157942616,0.973950863014796,stable
PEX5,-0.00707865025337006,0.91867556830977,0.955491376416117,stable
UCK2,-0.00708308158865123,0.800648282918304,0.886916593601572,stable
MCM3AP-AS1,-0.00708450151805646,0.427573668574713,0.624025061111156,stable
MSS51,-0.00708484125140712,0.102929769856689,0.275380500487669,stable
C7orf25,-0.00708665383624624,0.348133390381123,0.556841452640751,stable
NUDT4,-0.00709121519226293,0.930981262899781,0.962720155459514,stable
ARSG,-0.00709127218415657,0.694586033441107,0.818663069772184,stable
GRK4,-0.00709771489430657,0.807120255738695,0.890937150636609,stable
DLEU2,-0.00710602513997123,0.402311099496406,0.603687346233722,stable
CCDC37,-0.007108038897702,0.261534651770412,0.47320893772077,stable
ZKSCAN4,-0.00710815133603374,0.0053002182699799,0.0410062456533129,stable
SMYD3,-0.00711626132746654,0.87682731025001,0.929443031607364,stable
ZNF774,-0.007118117004916,0.0138861367743956,0.0775579772317254,stable
SLC25A32,-0.00712210343048299,0.185804531246503,0.389960412495233,stable
LINC02950,-0.00712531906557463,0.347413935070805,0.556605737056432,stable
SNHG10,-0.00714656376212575,0.569514094233125,0.733003788841248,stable
SLC2A6,-0.00714849876121676,0.0273203289778947,0.122289225595885,stable
GATC,-0.00715115206834052,0.827999756244296,0.900326367223828,stable
DAGLA,-0.00715226602738615,0.723821451783987,0.836103123282283,stable
IFT70B,-0.00715428379162408,0.262234882076689,0.474023963903625,stable
MDFIC,-0.00715525988735624,0.060963162668808,0.202739328206403,stable
SKAP2,-0.00715580666234077,0.702022030977984,0.822759313479787,stable
TRIM61,-0.0071808884895982,0.496766315097394,0.678791799211999,stable
TRIM62,-0.00719074029254832,0.186602784657574,0.390673306122602,stable
PLEKHG5,-0.00719394581705823,0.281697890024431,0.492487844344772,stable
AQP5-AS1,-0.00719803827984932,0.218529766533042,0.427701496001773,stable
LINC00961,-0.00720273473029695,0.264957113243312,0.476026843094428,stable
LRPPRC,-0.0072030276747459,0.971915323993747,0.985132082960162,stable
PYURF,-0.00720961102855172,0.0869855046622871,0.250364929570007,stable
ATP6V0A2,-0.00721345271196754,0.570965039640032,0.734024889582589,stable
NAP1L5,-0.00722018056351115,0.421901046133896,0.620371858868411,stable
CBLN3,-0.00722686673653456,0.00313141552294943,0.0281873515114387,stable
FAM117B,-0.00722774018977779,0.642879475529614,0.784443871917948,stable
PRELID2,-0.00722807226070088,0.543951958077087,0.714437384284336,stable
ZNF20,-0.00723287673617815,0.0561693745698966,0.192275114741645,stable
PHRF1,-0.00725947817733115,0.401319029201932,0.602965070423355,stable
PXK,-0.00726122913220471,0.482548706559503,0.667682108916421,stable
WDR5B-DT,-0.00726265361430899,0.614885376577242,0.764012893197825,stable
LINC00094,-0.00726414721220392,0.69630236996519,0.819332836147254,stable
DFNB59,-0.00728092184778105,0.69878282597943,0.820769094021034,stable
ICAM4-AS1,-0.00728444750954414,0.452060826730757,0.643144140369858,stable
CACNA1F,-0.00728506595982022,0.259577828488348,0.471197244888258,stable
ATF7-NPFF,-0.00728652608739548,0.733311295583644,0.842085230363031,stable
SNAPC1,-0.00729118303226931,0.848542654965274,0.913240483737939,stable
HDAC2,-0.00730320270213558,0.686825817969445,0.813814991694171,stable
LIPT2,-0.00732864946045112,0.523208005763905,0.698908162598016,stable
SLC4A4,-0.00733216111941611,0.526653296693683,0.70118276918867,stable
ZDHHC7,-0.00733331315222008,0.000788961136825584,0.0100775976348547,stable
BTRC,-0.00733410768580695,0.0266776478768864,0.120691179736143,stable
C16orf95-DT,-0.0073411256251014,0.0908623072812418,0.256510673048676,stable
SKIDA1,-0.0073469824088509,0.0624270864504915,0.205578853655929,stable
TAF5,-0.00734788527787759,0.660420955905697,0.796152442306828,stable
DAP,-0.00737462365020369,0.968694349149794,0.983513497137625,stable
SH3TC1,-0.00737807941100089,0.772315118188381,0.86875678703734,stable
PHAX,-0.0073782012953057,0.921862144493012,0.957361119209546,stable
SGOL2,-0.00738054264027127,0.601686158329701,0.754360164043309,stable
NEK9,-0.0073808284470466,0.493099887821411,0.675442966016241,stable
DCTN3,-0.00738713247365996,0.963557748738921,0.981201801822026,stable
LIAS,-0.00738724433240814,0.232859758223757,0.444133666793302,stable
ARRDC3-AS1,-0.00738816551513754,0.394291889705679,0.597104070832783,stable
TBC1D19,-0.00739159952614558,0.656866796403812,0.793792802546995,stable
C2,-0.00739633113863891,0.949627701665871,0.973950863014796,stable
C17orf75,-0.00740706169390287,0.514266691279087,0.691496648795023,stable
ZNF460,-0.00741225455683637,0.0897244596522681,0.254808361241243,stable
PYGL,-0.00742775696293233,0.971524586009703,0.98490944604304,stable
ANGEL1,-0.00743794480605536,0.0812748701826415,0.239877490740638,stable
DCPS,-0.00744583967165244,0.580520428932185,0.740507327900139,stable
CHCHD3,-0.00744667495816037,0.0340542219359039,0.140408331068168,stable
POLE,-0.00745721435841215,0.906399954332443,0.94739914850447,stable
FAM98B,-0.00747025132056674,0.888417935045524,0.937692903647585,stable
USP28,-0.00747396895325421,0.706636155570507,0.825702640227363,stable
SLC25A53,-0.00747772302857573,0.00512795213063988,0.0400733868191889,stable
RASA4B,-0.00748002687134403,0.4521054972348,0.643144140369858,stable
TCF3,-0.00748342835327466,0.934637388809097,0.964624066261601,stable
TTN-AS1,-0.00748354295987533,0.916253417019404,0.954108677881012,stable
ZNF700,-0.00748407607290029,0.515572561139683,0.692433289960444,stable
FANCA,-0.00749349084804493,0.623427173691957,0.770086274374544,stable
C4orf21,-0.00750245482870473,0.0168213322535107,0.0888088343233532,stable
LPIN3,-0.00751831724844979,0.668207347496174,0.801743876697412,stable
PILRB,-0.00751873579124951,0.136876915679302,0.326093045656555,stable
GM2A,-0.00752634020242167,0.472559597151425,0.66016047998366,stable
MAP3K14,-0.00752717195718708,0.679789643566403,0.809480196686889,stable
CACHD1,-0.00753936458150643,0.323766202737292,0.534899048825605,stable
WDPCP,-0.00755296991302968,0.659906642576526,0.795955116271937,stable
C1RL-AS1,-0.007563226060706,0.581449212360214,0.741134415322066,stable
DLGAP1-AS2,-0.00756502579696913,0.133075211009824,0.320723852402227,stable
GMIP,-0.0075708224016685,0.294400139863764,0.506437842625196,stable
KLHL25,-0.00757708428745356,0.385041900198017,0.589774047826923,stable
TCF7L2,-0.00759204240871189,0.944367778538377,0.971222591692169,stable
OLFM1,-0.00759254793649553,0.251288855359729,0.463509529161908,stable
NXNL2,-0.00759477117891278,0.710708762679319,0.82795234108377,stable
KDELC1,-0.00759781575495367,0.38732120793899,0.591826805730777,stable
KIF12,-0.00760230190514342,0.0375525731526116,0.149574015711152,stable
ZBTB5,-0.00761070291270992,0.826400112443844,0.899867715527664,stable
SH3BGR,-0.00761250318821327,0.305693489232214,0.5169066009411,stable
GOLGA6L4,-0.00761272781461421,0.807982870652003,0.891379884535026,stable
CEP104,-0.00761404313212044,0.380637633314082,0.586257102473758,stable
DNAH1,-0.00761901711732074,0.481089958797771,0.666314426108083,stable
CEP152,-0.00762471789617261,0.0789997831831511,0.234904731119153,stable
TANGO6,-0.00766097201528134,0.00618795991987866,0.0454304036399981,stable
ZNF142,-0.00769149118205504,0.810012891013399,0.892437817011969,stable
GK,-0.00769744723510531,0.211695124895214,0.420022919447995,stable
ZNF619,-0.00772351579718762,0.0291513484591515,0.127270311899727,stable
PRKD2,-0.00773423154196087,0.0849898511728769,0.246171336213156,stable
ZNF436,-0.00773728370236296,0.78103535919013,0.87454211145371,stable
SCFD2,-0.00773813180682685,0.00771265609030281,0.0526407080110896,stable
RUSC2,-0.00775144485241061,0.612593427117451,0.762482644647564,stable
MPC1-DT,-0.00775250265566114,0.257159790057804,0.469417935229827,stable
INTS3,-0.00775453190180836,0.832571937135128,0.903409531542372,stable
KCTD7,-0.00776125170170048,0.78527335834404,0.877278516943662,stable
GLO1,-0.00776869349130782,0.914059935848549,0.952961079387008,stable
GNL3L,-0.00777229440504255,0.054931382637676,0.189523347830356,stable
GPR124,-0.00777611804399334,0.122840265779729,0.30638633113475,stable
PLK2,-0.00777687626361507,0.60601435714878,0.756906422251093,stable
DOCK8,-0.00777776590143964,0.447052476275032,0.639305897043369,stable
ACSM1,-0.00778859087662418,0.468933010744537,0.656947459572324,stable
LINC00869-1,-0.00778966494702227,0.000497473228890288,0.00716267697285616,stable
RAPGEF4,-0.00779690643580221,0.848330959291447,0.913211873020889,stable
PDE8B,-0.0077976251152785,0.817788230180477,0.896025184119301,stable
CYFIP2,-0.00779938338320117,0.936213833585162,0.966006406832533,stable
TMEM42,-0.00780844084248739,0.955813655347072,0.977594824857721,stable
GRAMD1C,-0.00781092378369661,0.745164365079149,0.850551317563217,stable
GUCY1A3,-0.00781848438721214,0.120614373839455,0.303372449755864,stable
ZNF836,-0.00782108543252963,0.690949496246801,0.816328168749147,stable
SLC16A3,-0.00782319581001933,0.908544298604632,0.948991327535078,stable
ZNF674-AS1,-0.00782392233565742,0.0993812239994614,0.270023579055216,stable
MARCKSL1,-0.00783185269653628,0.231987157744824,0.443164715779454,stable
ABCB9,-0.00785398335700817,0.218739174290678,0.427814822175959,stable
DCTN2,-0.00785866760071652,0.987694375595295,0.992566264984946,stable
HIVEP3,-0.00786163741159963,0.378146553966819,0.583967354113222,stable
CHMP2A,-0.00787080610844548,0.890727893280575,0.939290697676135,stable
IL11RA,-0.00788697140070743,0.320521264467875,0.531421569686593,stable
PDDC1,-0.00788722483496013,0.593580251924101,0.748573712939257,stable
FBXO7,-0.00788809287711623,0.0824029663298325,0.242079754966564,stable
PGAP4,-0.00789015743765018,0.388968160349091,0.592786843891906,stable
ZNF57,-0.00789393297004467,0.418348825217742,0.617247560586805,stable
ZNF567,-0.00790270938688913,0.895675623948564,0.941858500136555,stable
ASMTL-AS1,-0.00790349866535019,0.185047709608663,0.389064878269056,stable
DCAF4,-0.00790743220790295,0.88309614307339,0.933916402450859,stable
MBD1,-0.00791850713158809,0.369871985482492,0.576698361038009,stable
RAPGEF6,-0.0079188813878491,0.377004042465719,0.583206455973291,stable
SCRN2,-0.00792308785754586,0.937788011259017,0.966977701360626,stable
ENAH,-0.00792378592491183,0.126946800513973,0.312756253512972,stable
TMEM132A,-0.0079241462184475,0.747494270236432,0.852287096294203,stable
CCBE1,-0.00793366675465688,0.874776788748371,0.928396550239632,stable
CMC4,-0.00793826209608793,0.159835220177115,0.357189347613356,stable
TET2,-0.0079568994830438,0.770693499892337,0.867811103784444,stable
NOC2L,-0.00795878179334136,0.706131857122396,0.825407355032524,stable
BYSL,-0.00796395430018122,0.700988622636637,0.821982431888703,stable
KIAA1456,-0.00796789498470005,0.426965544838013,0.623787118453432,stable
COPS3,-0.00797793692631513,0.724799755063175,0.836712834629545,stable
RMND1,-0.00797978974647452,0.688850881767866,0.814987480446707,stable
WDR31,-0.0079887269142084,0.383891035361734,0.588867363064604,stable
QARS1,-0.00799315181340488,0.428502245604343,0.624762816110148,stable
ZNF567-DT,-0.0079958144779604,0.00250760930454869,0.0239266265106119,stable
ARHGAP10,-0.00800027793275194,0.116616875189019,0.297112060998738,stable
KLHDC7A,-0.00800661699503277,0.0748976704760811,0.228436379654529,stable
PHKB,-0.00800725554446863,0.757614527854498,0.859337476894626,stable
FTSJ1,-0.00801097605363786,0.160270658392449,0.357639380830467,stable
CASTOR2,-0.00801374241234029,0.0187938565865963,0.0956241680345693,stable
C16orf86,-0.00801652322778292,0.305368432613104,0.516582302831799,stable
TMEM88,-0.00801700929162186,0.760375857456822,0.86064167732315,stable
ANKRD10,-0.00802784934856005,0.974687543571452,0.986524925656894,stable
LCDR,-0.00803143264945004,0.349291333865256,0.557983961913649,stable
PPP2R5D,-0.00803409176434891,0.850005845076592,0.914251777405742,stable
NDUFAF7,-0.00803488341657352,0.478578007621817,0.664451859619359,stable
EXO5,-0.00804142620722878,0.818106763739817,0.896025184119301,stable
GOLM1,-0.00804458611288894,0.147147102893858,0.340216793223856,stable
CACNA1S,-0.00804521280990743,0.0039986724503889,0.0337567486419571,stable
UQCC1,-0.00805711509894212,0.126140838206351,0.311504162875643,stable
PRMT5,-0.00805815134462606,0.920793302405488,0.957105383132952,stable
KLF13,-0.00806273780330868,0.883110249994231,0.933916402450859,stable
GPCPD1,-0.00806583445492261,0.237605551174508,0.448500967599099,stable
TPP1,-0.00807437765155586,0.573877647552007,0.735663650710221,stable
PPP5D1P,-0.00809364602075096,0.0288907610486288,0.126762621341866,stable
M6PR,-0.00809930922825258,0.843654560330274,0.910186112478158,stable
U2AF1L4,-0.00810105593215267,0.780906734796674,0.87454211145371,stable
DTHD1,-0.00812015737898932,0.562016090076968,0.727763208167464,stable
ZNF234,-0.00812939970517866,0.878625456460462,0.930864758170626,stable
NR3C1,-0.00813207777431779,0.986200796610302,0.992001423164526,stable
ACP2,-0.00813606059949941,0.949150953982281,0.973892042666928,stable
C1orf51,-0.00813688132632285,0.72128926384768,0.834596605936422,stable
NEIL2,-0.00813916317085362,0.164247406544178,0.363856523667275,stable
CBX8,-0.00814661418084044,0.0541591053436449,0.187600142737522,stable
LINC00957,-0.00816314789556457,0.352025089239154,0.55994205476375,stable
C10orf95,-0.00817633441960023,0.268411341082754,0.479617049173453,stable
TRIM4,-0.00817655918595012,0.73610973059255,0.844161910844198,stable
NHEJ1,-0.00820804239617839,0.067161906201367,0.213687439199768,stable
CARF,-0.0082120354094845,0.892064667856914,0.940213700627946,stable
CDADC1,-0.00821280142395908,0.483562194457694,0.66830633976441,stable
LINC00663,-0.0082236278880248,0.301739872089451,0.512509468510031,stable
TXNDC16,-0.0082333623366346,0.808031781784409,0.891379884535026,stable
TCF4,-0.00823520955500672,0.830066716487401,0.901851883596302,stable
TPD52L1,-0.00824449877356516,0.392098975014584,0.595405946655687,stable
TRAF3,-0.00824501490348837,0.492029947617779,0.674820944426492,stable
SAYSD1,-0.00824874081626469,0.854737935065298,0.916959511883193,stable
SLC39A10,-0.00825242027433506,0.695308480856695,0.819005943664585,stable
CDK9,-0.00825381769744249,0.0734201999011811,0.225386369561034,stable
SUNO1,-0.00826729535335332,0.576234223450791,0.737355950049481,stable
NPR2,-0.00829616017406491,0.189788297176402,0.393615905104232,stable
LMF1,-0.00829919336432035,0.700328709051576,0.821664442536877,stable
FBXO36,-0.00831267561016149,0.547698792201337,0.717054538973277,stable
GUCA2A,-0.00833591035229001,0.339911398389129,0.54954066048257,stable
TMEM206,-0.00834257967890351,0.0372425366342335,0.148726810786302,stable
KRT10-AS1,-0.00834263957178938,0.945314865154219,0.971787815292673,stable
PHLDB3,-0.00834306568668384,0.0695002130254629,0.218447459400552,stable
PSMD6-AS2,-0.00836633784788698,0.555138985264817,0.722796385699561,stable
PHTF2,-0.00836664349262761,0.669603060359607,0.802936481759815,stable
DDX54,-0.00836848813391258,0.844260340737559,0.910489930041329,stable
LIG1,-0.00837617779608546,0.822822010577707,0.8983602893707,stable
CTA-363E6.2,-0.0083910502415583,0.795459139588553,0.884487300556228,stable
ARL15,-0.00839140739115846,0.447586444770893,0.639618506064929,stable
UBN1,-0.0083920895769837,0.853172236504823,0.916202879357501,stable
MUTYH,-0.00839749235619785,0.0771682337932128,0.232226610016798,stable
GPATCH4,-0.00839771334735119,0.412329379670833,0.612208713360412,stable
DCAF17,-0.0084015764361595,0.65530543777901,0.792564922470626,stable
CMYA5,-0.00840203282129406,0.59832557845929,0.751766046981844,stable
ZNF740,-0.00841038682044562,0.448750585768146,0.640608100015161,stable
RAD52,-0.00841244898432139,0.100341585256176,0.27142631957767,stable
LINC00607,-0.00841265140372242,0.217453034491202,0.426449318256202,stable
PRKCH-AS1,-0.00841951980549119,0.48362548114823,0.66830633976441,stable
EDA,-0.00844159417310731,0.278385793842711,0.489478944055029,stable
TGFA,-0.00844431134009453,0.00554573322593189,0.0424755908231776,stable
ZNF85,-0.0084491456273512,0.750718401278262,0.854401458451529,stable
SPATC1L,-0.00845067570769109,0.625926722832847,0.771732154798294,stable
ALDH7A1,-0.00845231263821628,0.957388525760856,0.97805298534817,stable
TTC40,-0.00845761498943969,0.199204224780997,0.404497083674901,stable
HELLS,-0.00846227332848199,0.269531813337659,0.480500679976002,stable
BBS4,-0.00846365742104854,0.718452894270891,0.832530873027526,stable
PHLDA1,-0.00846612654059396,0.00070638589910891,0.00921543354397792,stable
EIF3D,-0.00846631771193018,0.929840610467217,0.962343988937045,stable
C10orf76,-0.00846967793958634,0.89920193259825,0.943145092643686,stable
SMYD4,-0.00848421183501608,0.0523955051662695,0.183677274204898,stable
CUL2,-0.00849170232206929,0.896616811308267,0.942168305805231,stable
ZNF605,-0.00849361917809621,0.878272857992918,0.930652515265728,stable
C19orf25,-0.00849913403366265,0.674224775538409,0.806194234195589,stable
RACGAP1,-0.00850752348637491,0.525496731080371,0.700433108791457,stable
REP15,-0.00851320523456318,0.582625475912249,0.741644675367211,stable
ZNF362,-0.00851960744529411,0.917710508409499,0.954812601480783,stable
CRYZL1,-0.00852034521812525,0.32966456381654,0.53997315129216,stable
LINC00921,-0.0085272662028788,0.00187534246043449,0.0193780103434921,stable
SUV39H1,-0.0085399871020227,0.621702173590635,0.769366736002077,stable
GZMA,-0.00854679259481782,0.013049488178131,0.0749257602111192,stable
PCSK5,-0.00857220341937637,0.0448146869257973,0.166813256084332,stable
NOX4,-0.00857243299087691,0.0822107394149804,0.241747432910445,stable
RAD51C,-0.00857279449866796,0.0338361747651802,0.140018077295045,stable
SERPINI1,-0.00857573252568746,0.730235013975726,0.840289260175024,stable
SGK1,-0.0085844115668476,0.425389594449095,0.623163907538301,stable
CNTLN,-0.00859498712491716,1.81422895950678e-06,6.28247444787842e-05,stable
SUMO4,-0.00859986983753637,0.00149855084429227,0.0163664898151291,stable
ZNF571,-0.00861636545307728,0.37556953974075,0.581649823107935,stable
TBC1D7,-0.00862371324466541,0.258050528062372,0.470239716040002,stable
TPST1,-0.00862623490958781,0.0816323585409345,0.24085782061414,stable
ZNF793,-0.0086328572688376,0.189032959805591,0.392915406648468,stable
SAMSN1,-0.00863320266721499,0.333972307762615,0.543605524645833,stable
UBAP1L,-0.00863498468255562,2.50689422014914e-16,5.67486573094501e-14,stable
AGFG2,-0.00863557290784071,0.433542480196536,0.628364154365955,stable
ZCWPW1,-0.00863741162719202,0.566408140362101,0.731435992793823,stable
FBXL13,-0.00864569046191927,0.164889748447346,0.364684690613417,stable
FAM46B,-0.00864707489936678,0.780061613270675,0.874172456969263,stable
DCAKD,-0.00864902660510467,0.120253551413321,0.302714047050336,stable
TRIP12,-0.00864916746047983,0.868157524060797,0.924421391473796,stable
ZNF594,-0.00865946178741435,0.0480656350551285,0.173473375528164,stable
CCDC7,-0.00866281597722419,0.436224295720088,0.630979267646712,stable
NPIPA6,-0.00866326520396708,0.192906883683964,0.397186078179683,stable
NKIRAS1,-0.00866512575819857,0.263968171082904,0.475459235857132,stable
ZNF8,-0.00866585697788509,0.699633508560071,0.821390703864609,stable
CCL28,-0.00867034249113686,0.467861323695874,0.656090033366796,stable
C9orf85,-0.00867055129206046,0.272664330615893,0.483518615098312,stable
PRANCR,-0.00867390727983249,0.588486085089736,0.744900748052028,stable
MAGEE1,-0.00867836076175745,0.264158598695458,0.475493257318993,stable
VPS11,-0.0086976744431783,0.931815672239266,0.963012747501927,stable
EVC,-0.00869821956439993,0.689253584384531,0.814996693317518,stable
DENND3-AS1,-0.0087097646899196,0.350077395657047,0.558205169927778,stable
CNNM2,-0.00871018135306321,0.855813247904164,0.91743060092787,stable
DXO,-0.00871516984600154,0.570084077883248,0.733162311209345,stable
KIF18A,-0.00871544299985009,0.72725453027093,0.838596300163366,stable
MDS2,-0.00871915838021804,0.093208952255049,0.260701097282321,stable
PCNT,-0.00872066088684879,0.0245834072882135,0.114348390673943,stable
HES5,-0.00872126798832429,0.270400685686327,0.481412464583405,stable
GATSL3,-0.00873568590368967,0.67147531623159,0.804559328133206,stable
MCAT,-0.00875939695277686,0.106811743194522,0.28122388952629,stable
PIR,-0.00876279594549162,0.174647107861734,0.375782131130587,stable
RRAGC-DT,-0.00876708948150566,0.078873866917371,0.234644475346299,stable
ZNF385A,-0.00876885622626643,0.178946643077187,0.380955026989818,stable
APOBEC3F,-0.00877641305440329,0.298553623628226,0.509964834353592,stable
E2F4,-0.00877918912443018,0.544635875731441,0.715211562024975,stable
COPS6,-0.00878054121980165,0.482705975738429,0.667682108916421,stable
COPS7B,-0.00878096276559928,0.535636767458223,0.708096261736399,stable
CDKL3,-0.00878299043230862,0.319968739402615,0.530921388687059,stable
MTNAP1,-0.00878330228189832,0.422725599073879,0.620857590181317,stable
NMNAT3,-0.00878885062625094,0.651292988474308,0.789546345846902,stable
ZNF546,-0.00878922348590449,0.00089846828346982,0.0112070166297297,stable
YJU2B,-0.00882901878406228,0.750746569472176,0.854401458451529,stable
SEC61A2,-0.00883007195463435,0.659565545342086,0.795906142770154,stable
CD7,-0.0088336610541518,0.0913582048389025,0.257200068160006,stable
NME4,-0.00884700867071771,0.00118140380796552,0.013727642726778,stable
ETV1,-0.00885041694451964,0.728800590242995,0.839381413205666,stable
RGS9BP,-0.00885367883067347,0.298459345663132,0.509964834353592,stable
CUTC,-0.00885388187088384,0.366016847575994,0.573099775172146,stable
CCDC92,-0.00886741439400982,0.812126741812176,0.893493812174375,stable
ZNF337-AS1,-0.00887215075494863,0.470062067959143,0.658269987253129,stable
DHRS13,-0.00887599761791611,0.430284433850223,0.625793803615124,stable
PGBD1,-0.00887883265044852,0.583505837107833,0.742301524904377,stable
ZNF45,-0.00888520949650125,0.111049176442277,0.288822368687319,stable
GIPR,-0.00888961815310836,0.241755489029918,0.452699003967787,stable
XRCC6BP1,-0.00889538616910807,0.367138486243568,0.573973763376567,stable
JADE3,-0.00889661460527333,0.441725965148886,0.635575648331482,stable
NAA40,-0.00890240643646895,0.518224774421984,0.69486109355211,stable
STARD5,-0.00890637718975312,0.0198249814395857,0.0995238493295672,stable
ARHGAP33,-0.00891381914035899,0.217924640240449,0.427045656027453,stable
SUV39H2-DT,-0.0089148534269191,0.288436373732007,0.5001909820542,stable
BAX,-0.00891931563725373,0.00144976109326322,0.0160355547995758,stable
DUSP28,-0.00893640368978286,0.72799069576481,0.838970327616577,stable
DMWD,-0.00893676395835587,0.92301959608157,0.957971773009094,stable
TUBB2A,-0.0089488264081256,0.825064243879289,0.899052436912399,stable
CIITA,-0.00894921043002088,0.214938146974931,0.423516354342899,stable
RNF39,-0.00895124287590773,0.596283421530341,0.750125403394761,stable
DEPTOR,-0.00898099646608309,0.489818395549589,0.673514068301257,stable
ANKRD26,-0.00898544811744953,0.911872525397887,0.951545756532542,stable
FAM195B,-0.0089916395109057,0.633835239925062,0.777794958997876,stable
SMIM10,-0.00900227183297421,0.129583685098731,0.316212895472296,stable
PET117,-0.0090049089361277,0.462672632862132,0.65230873549122,stable
UTP11L,-0.00900501442707069,0.758247313490982,0.859576663276803,stable
NCAPD3,-0.0090078590879368,0.780766353923894,0.87454211145371,stable
FAM118B,-0.00901347718910569,0.733808423175961,0.842418685659556,stable
ZNF318,-0.00901479536052019,0.803945648011286,0.889279848094286,stable
DUSP12,-0.00901566875042824,0.811759612093466,0.893476454009593,stable
FBXO38,-0.00904114539919657,0.924750622106096,0.959210028389745,stable
CRTC2,-0.00904255089080408,0.161776899787107,0.360145842833291,stable
TBC1D10A,-0.00904443634231324,0.839484251577893,0.907094734119511,stable
ZKSCAN5,-0.00904545615628717,0.476228710214957,0.662289500549564,stable
CCDC94,-0.00905234320847501,0.861181837479579,0.920360795711696,stable
VSIG10L,-0.00906678185346353,0.659931700214012,0.795955116271937,stable
SPRTN,-0.00906845850924775,0.764804652655851,0.863726170922499,stable
BRCC3,-0.00908002478110313,0.562817149333221,0.728473315558373,stable
PRIM1,-0.0090831356170697,0.356743387920885,0.56421673876891,stable
USP16,-0.00909838431433529,0.872391846478912,0.92691159768433,stable
BAIAP3,-0.00910207944454163,0.0748671541282697,0.228436379654529,stable
ITPR1,-0.00911927852922182,0.0358122144068783,0.145389740587738,stable
NHLRC3,-0.00911989550931544,0.709784632495775,0.827435037569933,stable
TNS2-AS1,-0.00913484741737483,0.643928260943488,0.785174968755431,stable
COPB2,-0.00913539796173779,0.104738613255132,0.278230728838068,stable
IQCG,-0.00914702499324775,0.437512311385073,0.632210313957524,stable
RASGEF1A,-0.0091602367311743,0.574603290298175,0.736494769907191,stable
PCDHGB5,-0.00916157274185668,0.344110037080278,0.553462411071754,stable
SLC25A17,-0.00916469389459135,0.921213108204315,0.957234702030734,stable
ASCL5,-0.00918997712795636,0.033292884715924,0.138614517291368,stable
MSH3,-0.00919332136654615,0.149647742339902,0.344378720921281,stable
KIF27,-0.00919378897876298,0.00379704961512448,0.0324581360106864,stable
TMEM87A,-0.00919381432022881,0.955842060430259,0.977594824857721,stable
MYPOP,-0.00920371225159654,0.077916581443834,0.233179111125462,stable
XXbac-BPG27H4.8,-0.00921046305963678,0.0655269556698135,0.211191802553965,stable
OTUD7B,-0.00921683664453687,0.636281973612588,0.779662274001631,stable
LRRC46,-0.00921719676942724,0.52213696967607,0.698315352004407,stable
KDSR-DT,-0.00922192805546164,0.00961989642884667,0.06080250595152,stable
DFNA5,-0.00922432793685587,0.0490655116889421,0.175990849438271,stable
C17orf51,-0.0092282263192901,0.355582870749385,0.563269488660241,stable
LINC00936,-0.00925014806097051,0.594026780589575,0.748905050116229,stable
GPX3,-0.00925283032005389,0.133189530507064,0.320897585014445,stable
ZKSCAN8,-0.00925452228680852,0.884806433384394,0.934982178569401,stable
EXT2,-0.00927275287751406,0.563824392035919,0.729409394459421,stable
C11orf24,-0.00927723702895687,0.708478210529791,0.826905401072457,stable
ECI2,-0.00927841309094762,0.557321315926885,0.724138580558062,stable
POP7,-0.00928815000487968,0.96063897394609,0.979877404665971,stable
FAM219B,-0.00929976842446795,0.410695226653979,0.611565166356224,stable
MGP,-0.00930010590312806,0.510242543358664,0.687825854655525,stable
GLB1,-0.00930086336081176,0.367530277877717,0.57436590600578,stable
MYLIP,-0.00930163676147885,0.0164292267181705,0.0873557491965705,stable
TEN1,-0.00931157243752375,0.0193806107595321,0.0978961098861656,stable
UGDH-AS1,-0.00931344019232353,0.149332951956086,0.344059936998028,stable
CCR3,-0.0093264895340965,0.033578394443536,0.139328680813912,stable
NEXN-AS1,-0.00932893697550764,0.265312840443251,0.47637840211197,stable
NMRK1,-0.00935352356544111,0.950296350156093,0.974123487153717,stable
ERCC4,-0.00935431912712237,0.812121377208216,0.893493812174375,stable
PCAT6,-0.00935451113733518,0.187781668946824,0.391513409723004,stable
MILIP,-0.00936499618975188,0.0394751030325413,0.154315209296381,stable
PEX13,-0.00936611908772822,0.930671155965299,0.962562332728641,stable
ZNF239,-0.00936741850627294,0.0593999764211493,0.199319474558134,stable
PWWP2A,-0.00936796459435836,0.0953123138576834,0.264014893405013,stable
KCNC3,-0.00937360021683582,0.592962138411093,0.74818013830896,stable
BUB3,-0.00938025307633,0.753345867100709,0.856323217355316,stable
ZNF273,-0.00938201505580625,0.256496707048423,0.468941454778014,stable
SUPT5H,-0.0093866580141983,0.93057859341737,0.962548039087318,stable
ENGASE,-0.00938683954599968,0.874713283107172,0.928396550239632,stable
ZNF284,-0.00939588246900771,0.332396793759603,0.542196211224631,stable
HACL1,-0.00939631930927363,0.207476308693187,0.414884737030184,stable
OSCP1,-0.00940087669017754,0.00729891886379342,0.0506727505357978,stable
NUDT18,-0.00942956980047988,0.824539297003294,0.898919083898721,stable
GAL3ST1,-0.00942963442955637,0.225906384210693,0.435495921872182,stable
ZNF483,-0.00943379891037205,0.462994414363008,0.652483712378765,stable
ZNF486,-0.00944111510840223,0.183342815290011,0.386267602241496,stable
ZNF226,-0.00945957821590122,0.861982505169801,0.920813959905239,stable
ZNF780B,-0.00946767823001951,0.690742872815496,0.816328168749147,stable
EPS8L2,-0.00947246560961901,0.435554319163912,0.630308511596976,stable
MUC4,-0.0094786078567424,0.139518455112671,0.329914461398504,stable
ARSD,-0.00948828558739878,0.903705034764344,0.946119419746432,stable
FDXR,-0.00949285161241857,0.534204656770535,0.706875700840335,stable
PPP1R10,-0.00950915713174352,0.954473146640589,0.976849339587668,stable
ZNF718,-0.00952898105739401,0.0953118723176916,0.264014893405013,stable
WAPL-DT,-0.00953343412688137,0.129693379507702,0.316315217697955,stable
WDR25,-0.00953655073603685,0.227291531495759,0.436985626596453,stable
THNSL1,-0.00954232090113449,0.273090797170581,0.483806073132345,stable
LEMD3,-0.00954772254575168,0.840574359034345,0.907388565888104,stable
TRIM2,-0.00954856980906141,0.040007907881477,0.15542043068438,stable
PIK3R3,-0.00955125703977887,0.584583425724409,0.743053737761794,stable
PCDHAC2,-0.00955671500299211,0.0136068988252604,0.0766298083928913,stable
C1orf27,-0.00956393330769614,0.913436453864635,0.952554786899958,stable
NOMO3,-0.00956608712045519,0.0138611745208841,0.0775109777416684,stable
NRL,-0.00957017552139126,0.210924029038406,0.419173358960408,stable
APOL2,-0.00957962850974195,0.745524224450876,0.850834480411493,stable
EPDR1,-0.00958307626575744,0.451997570215109,0.643144140369858,stable
FKBP5,-0.00958724066486504,0.64056424994916,0.783182375612976,stable
PALS2,-0.00959483364386916,0.490426163959272,0.673859879800772,stable
SRGAP2B,-0.00959861634577976,0.669619051186097,0.802936481759815,stable
ZNF354C,-0.00960822358830139,0.480495174256883,0.665862488393168,stable
C9orf117,-0.00960867296767356,0.273965110548919,0.484792922893744,stable
SMAGP,-0.00960932109174811,0.474753541018196,0.661217860932018,stable
SLC16A13,-0.00962119019849097,0.000426725531788424,0.00631512457697542,stable
CUL1,-0.0096220747769071,0.7458048831264,0.850916454296912,stable
COPG2,-0.00962352802646903,0.767518860687051,0.865517544618957,stable
ZNF766,-0.00963107993309123,0.822292049867879,0.89833479487975,stable
TLN1,-0.00963878148249309,0.954449591719993,0.976849339587668,stable
TRIM69,-0.00965091405329316,0.194084551974267,0.398469862837326,stable
LMTK2,-0.00966283460719791,0.931578670246413,0.962946711736188,stable
DYNLL1-AS1,-0.00967895127022023,0.112523274253649,0.290923118544121,stable
SCLY,-0.00968483383437482,0.514615713942912,0.691813756432217,stable
C1orf159,-0.00968849077900135,0.281908947181584,0.49264545680453,stable
PCBP3,-0.00968920501046656,0.00609663594826693,0.0450031870963858,stable
ZNF7,-0.00969020987683453,0.778225851416921,0.873234097797885,stable
KCNK1,-0.00969213871940426,0.11089924887167,0.288555218860642,stable
STON2,-0.00969239776942193,0.248682221940864,0.460315340755746,stable
SLC25A26,-0.00970897486791317,0.483601898055085,0.66830633976441,stable
PLBD2,-0.00972516146010008,0.836486353000646,0.905366493632008,stable
PALM,-0.00972982364762721,0.557032186690796,0.723942519786053,stable
MSH5,-0.00974057790851709,0.0114500485594492,0.0684749999273445,stable
PITPNM3,-0.00974820547432994,0.0257028915415948,0.11802860488522,stable
NOP14-AS1,-0.00975560241351885,0.609661785555177,0.759786231187441,stable
CSRP2,-0.00976326038515917,0.737158207061852,0.844994553931366,stable
VCPKMT,-0.00976861488365224,0.440840778016785,0.634952005476279,stable
DDX52,-0.00978214490028648,0.959316443650392,0.979243295289905,stable
PRAF2,-0.00978339251742531,0.0675372869073715,0.214472085066973,stable
HAT1,-0.00978902241300508,0.47027571925551,0.658339032108631,stable
SETDB2,-0.00982854039458451,0.146128446607304,0.338758606358369,stable
SWT1,-0.00983288562600614,0.0268028333801006,0.120970672936479,stable
TTC22,-0.00984090898502864,0.384421812409636,0.589246178433343,stable
EFCAB13,-0.00987292848493709,0.16964279907108,0.370209733075543,stable
BTBD2,-0.00987378412210177,0.78192938728353,0.875062238410132,stable
ZNF699,-0.00987451240245507,0.059773702904107,0.200074957365773,stable
WDR90,-0.00987843788087414,0.697043561131488,0.819894198413702,stable
THBD,-0.00988831981391961,0.358270797789825,0.565260242523118,stable
RNASEH2A,-0.00989081442268121,0.633394663804851,0.777449178667587,stable
PCDH1,-0.00989132663039715,0.346569443322177,0.555893567139522,stable
ATAD2,-0.00990560025083433,0.586665279243209,0.744193767641081,stable
PLD6,-0.00991241797457132,0.153336843009864,0.349093202045536,stable
PFKFB4,-0.00991516425118282,0.271957454179926,0.482552236789003,stable
APP-DT,-0.00993463019408598,0.105569933936315,0.279507661346657,stable
C20orf24,-0.0099347352280133,0.713223740708665,0.829479183557761,stable
PRR24,-0.00993982668321441,0.787371551531102,0.878578717107822,stable
SOCS3-DT,-0.00994066931467435,0.155791837625141,0.352275143013268,stable
NOLC1,-0.00994827042598115,0.932433646916102,0.963325382897956,stable
FAM127C,-0.00995304160321342,0.130810441282213,0.317834791141675,stable
UROS,-0.00997030069283514,0.760383680881055,0.86064167732315,stable
PUS3,-0.00997273129115727,0.732924611371967,0.841957565023111,stable
DOLPP1,-0.00998250559261642,0.346273481366342,0.5557105207066,stable
NFXL1,-0.00999114280769807,0.343170668198637,0.552455314683107,stable
CCDC138,-0.00999491500457522,0.0817952754114473,0.241099293015597,stable
ATF6,-0.0100086104707068,0.740506212837313,0.846905296954137,stable
ELP2,-0.0100120470344555,0.0209967218918018,0.103297047300388,stable
ABHD8,-0.0100221197690438,0.547949876818797,0.717299131958983,stable
SORD,-0.0100273716111384,0.221040846759201,0.429872454298091,stable
ZNF502,-0.0100275099054614,0.384351090711423,0.589246178433343,stable
NUDT2,-0.0100277154098099,0.265867514711417,0.477023998214055,stable
TMEM256-PLSCR3,-0.0100442673832853,0.0918693471585939,0.257907379399525,stable
DNAAF1,-0.0100450483743816,0.588149358619086,0.744900748052028,stable
USP30-AS1,-0.010045818006232,0.0115828182172702,0.0690001802572663,stable
MMACHC,-0.0100493338835287,0.352837099217021,0.560941696037048,stable
ARMC5,-0.010065852944851,0.423286222463185,0.621307730954607,stable
NAIP,-0.0100792165024107,0.815471968438153,0.895385730907032,stable
CIMAP1B,-0.0100854256318902,0.855781229398728,0.91743060092787,stable
OPHN1,-0.0100885256667747,0.704131511549732,0.82400577477751,stable
PAK1IP1,-0.0100931196288325,0.513424404983769,0.690773000220496,stable
TLR2,-0.0100982683750161,0.0396836117386337,0.154740101750214,stable
SCML1,-0.0101002145762724,0.636489790092289,0.779838748530434,stable
RAB36,-0.0101090691778088,0.164799111488177,0.364631585689144,stable
CCDC54-AS1,-0.0101097931332124,0.60801150777412,0.758423581656806,stable
A1BG-AS1,-0.0101099494972892,0.6790292238636,0.809202989237324,stable
ST3GAL1,-0.0101266690429447,0.419635098373183,0.618548105934378,stable
CDK8,-0.0101276232337848,0.310497781789624,0.521813925558282,stable
OSBPL5,-0.0101407787425058,1.72593109839462e-08,9.76749154943325e-07,stable
VPS33B,-0.0101502721456377,0.00291446386965396,0.0268271132098268,stable
UBR5,-0.0101577912141114,0.798305828045688,0.885752158456817,stable
C1orf226,-0.0101629797922113,0.0654120367370967,0.210919740721253,stable
MAP3K14-AS1,-0.0101687300029338,0.12889925566539,0.315519879211472,stable
ZSCAN23,-0.0101725230591354,0.575220938213174,0.736810905860147,stable
SLC41A1,-0.0101800735185652,0.832414372235718,0.903358778960353,stable
H2BC5,-0.0101941099678306,0.324515304673939,0.535629906067274,stable
ELAC1,-0.0101950097435725,0.0897841057887611,0.254881771751467,stable
CCDC176,-0.0101979131692639,0.00612680763944296,0.0451986098880813,stable
PITPNC1,-0.0101987896442423,0.48447348850472,0.668797732747792,stable
C10orf107,-0.0101992301721979,0.0819251595066483,0.241255878055714,stable
PEX11A,-0.0101992317413322,0.396808441304073,0.59920770679444,stable
ABHD3,-0.0102040325004579,0.9179329673971,0.954881507400404,stable
FAM8A1,-0.0102074164020466,0.906655122039447,0.947584833431105,stable
CFAP263,-0.0102087076075064,0.39306015424348,0.596124978346439,stable
BCKDHB,-0.0102145757345131,0.801506424884383,0.887545478556635,stable
ZNF563,-0.0102163648105472,0.000544030128503927,0.00765950540055294,stable
CYB5D1,-0.010216951221661,0.0838578868378455,0.244240840768602,stable
ZBTB7B,-0.010218122134308,0.348007911659044,0.556841452640751,stable
ZNF599,-0.0102359265921001,0.807978332419873,0.891379884535026,stable
ANTXR1,-0.0102368060292522,0.758500223410839,0.859630394251273,stable
TSPAN9,-0.010239701639159,0.0483612059395734,0.174180135947361,stable
AJUBA-DT,-0.0102399049010005,0.020629913781417,0.101973338481214,stable
SMARCD3,-0.0102551433746236,0.265803683285527,0.477023998214055,stable
ADH1C,-0.0102595230448969,0.485856645231901,0.669950550627723,stable
ZNF500,-0.0102609586667781,0.189954928450784,0.393724996109404,stable
CAPN12,-0.010263022480922,0.230750257931873,0.441580515916118,stable
RMDN1,-0.0102684832998634,0.851842561683817,0.915582825465838,stable
DCUN1D2,-0.0102705747067886,0.185990909073469,0.390108591714839,stable
EBLN2,-0.0102748310742062,0.210598741227254,0.418799253743608,stable
ICT1,-0.0102891060726654,0.421938124560861,0.620371858868411,stable
CDK5RAP3,-0.0103154078622913,0.392657588686864,0.595958078483762,stable
RANGAP1,-0.0103158575580942,0.824572945660697,0.898919083898721,stable
ANTXR2,-0.0103207695392116,0.296289137912042,0.507686910826578,stable
VRK3,-0.0103233101281661,0.912828875682959,0.952246132134195,stable
CCDC86,-0.0103310068366926,0.1701390331929,0.37084247390509,stable
ZBTB11,-0.0103383525212341,0.896936041241088,0.942264486188945,stable
RHNO1,-0.0103415002621844,0.00171244104984014,0.0180767524984852,stable
ATP6V1E2,-0.010345049041581,0.295957049575385,0.507473555058144,stable
CC2D1A,-0.0103459847523899,0.156115870077028,0.352877292126774,stable
GAMT,-0.0103521082929514,0.394236808170733,0.59709462806084,stable
NRG3,-0.0103870631171807,0.287389532675403,0.49887100929056,stable
MYO18A,-0.0103905431551771,0.148851763361771,0.343184450270518,stable
FAM161A,-0.0104149844585698,0.731370720254817,0.840962814824088,stable
SLC25A42,-0.0104157930880533,0.0603680179041499,0.201386919535287,stable
PINLYP,-0.0104311537771027,0.221935452707712,0.430830391281416,stable
SLFNL1,-0.0104418034731487,0.473356286576005,0.660537356975466,stable
C17orf100,-0.0104792886495933,0.431205818429491,0.626609609273111,stable
PKM,-0.0104807811293341,0.00529275095283088,0.0409744063631442,stable
TMEM255B,-0.0104868136488624,0.383815401928611,0.588862614215505,stable
TTC21B,-0.0104934768679936,0.9147762881365,0.953382670831322,stable
SEMA6C,-0.010494753421434,0.304582547866781,0.515750669113752,stable
PLA2G6,-0.0105093340825069,0.660380238628405,0.796152442306828,stable
MPG,-0.0105123352756263,0.531070954818409,0.704583376549063,stable
AGBL3,-0.010513824289747,0.00185597222495963,0.0192103340202427,stable
MTRF1,-0.0105204199647779,0.065558400581637,0.211224274377647,stable
LINC00847,-0.0105279861022637,0.465623560111699,0.654335020969296,stable
ANAPC10,-0.0105382222825606,0.810783667518377,0.892945627911041,stable
ASB8,-0.0105403577370617,0.287824711404861,0.499413665324772,stable
RNF212,-0.0105412859322057,0.0910027034980333,0.256672138338708,stable
ZNF519,-0.0105453908597875,0.0151709502580309,0.0825212370095621,stable
CNOT4,-0.0105500821914217,0.396756572836423,0.59920770679444,stable
WBP2NL,-0.010551666969178,0.548776870955202,0.717997267532525,stable
EPCIP-AS1,-0.0105558804592338,0.0407842227437695,0.157717918006909,stable
CRTC1,-0.0105572131022645,0.0373749979233086,0.149109652289335,stable
NYNRIN,-0.0105573446705276,0.0768953568425368,0.231919280050128,stable
PRKCSH,-0.0105590555645344,0.454807265241988,0.646073761544089,stable
FAM179B,-0.0105650088104585,0.882127705297511,0.933381601970352,stable
SLC4A7,-0.0105700683190481,0.358374253890229,0.565260242523118,stable
JMJD7-PLA2G4B,-0.0105723855303128,0.369616699817026,0.5765468704312,stable
TRMT2A,-0.0105797628331349,0.0552228296214719,0.190107684167492,stable
TICAM2,-0.0105888199593606,0.199577543497584,0.404683033943155,stable
LDLRAD1,-0.0105889991030693,0.290081190966757,0.502114171116463,stable
DCTN6-DT,-0.0105909569661089,0.515724423265469,0.692542606832592,stable
SEC14L1,-0.0105980487934907,0.852295509284781,0.915845250139562,stable
LINC00882,-0.0105982230075138,0.0168260193302426,0.0888088343233532,stable
ZNF480,-0.0106102384750806,0.823366021113919,0.8983602893707,stable
TTC4,-0.0106132255808235,0.286130854230102,0.497675521074098,stable
ADAMTS9-AS2,-0.0106153121699142,0.440353928996496,0.634612138894251,stable
PRNCR1,-0.0106164118827201,0.304518211512737,0.515750669113752,stable
SRSF5,-0.010617283663347,0.0776279647891367,0.232955090875143,stable
C7orf49,-0.0106322526117352,0.128315905763998,0.314840150955261,stable
SLC25A34,-0.0106326015774245,0.132271506091396,0.319795666626032,stable
MTERF,-0.010643831309667,0.755620063498404,0.858190063755875,stable
VCF2,-0.0106464871324805,0.815067155730093,0.895021641362258,stable
SARNP,-0.0106587377240465,0.238627393662139,0.44966567906983,stable
KLHL15,-0.0106636921313325,0.412008480942067,0.61188089795114,stable
SPPL2B,-0.0106687619428903,0.633187193489309,0.777272570115818,stable
LANCL3,-0.0106840113372543,0.00294294607658715,0.0269986955185073,stable
TIMM23B,-0.0106840829135187,0.81226612490742,0.893551215880876,stable
LEPREL1-AS1,-0.0106910227273047,0.345592713399473,0.554909408721288,stable
SAFB,-0.0106968962523136,0.810140926455761,0.892498439527327,stable
RAC3,-0.0107050592829532,0.00249505424945636,0.0238277680823082,stable
PCDH9,-0.0107070832900991,0.185543111694068,0.389634499739827,stable
TMEM209,-0.0107137623321723,0.0666345129292015,0.213138177412846,stable
TRIM3,-0.0107246189696623,0.815919047420184,0.895512977298167,stable
ARMCX5,-0.0107270279101154,0.568236574427245,0.732233360483294,stable
TOP6BL,-0.0107304824275462,0.253077367503983,0.465415637184999,stable
COG8,-0.0107311482967438,0.897563510993888,0.942472552662033,stable
CAPN10-AS1,-0.0107835572926573,0.0694089880312469,0.218336456431797,stable
RNF19A,-0.0107976740401716,0.903181236240765,0.945853543626871,stable
ARF3,-0.0107998773623415,0.928371441797754,0.961591164164192,stable
C1D,-0.0108096868110218,0.438813210915982,0.633148699004439,stable
LCLAT1,-0.0108294058442841,0.784823309290862,0.877223431306982,stable
THAP7,-0.0108332617909201,0.236319765384296,0.447394549242671,stable
EPN1,-0.0108339800620756,0.814244724768872,0.894636748324541,stable
ZMYND12,-0.0108365643506447,0.0345920073965213,0.141706459321779,stable
C9orf37,-0.0108470939210075,0.245167159872076,0.456013901746235,stable
PPP1R14A,-0.0108502076295614,0.568728466426135,0.732506214085549,stable
ZNF138,-0.0108546568325263,0.196526297273907,0.401326003654568,stable
ATP6V0A4,-0.0108887023079189,0.266082223767126,0.477216595123783,stable
SRPK1,-0.0109073841153956,0.902736244171765,0.945510054730157,stable
DHPS,-0.0109111358364262,0.560245960238562,0.726110044893096,stable
PHF8,-0.0109124046376756,0.592368347062459,0.747816861973717,stable
GYS1,-0.0109143291019525,0.282296377063351,0.493181493957754,stable
IQUB,-0.0109191720626817,0.23632226385437,0.447394549242671,stable
VBP1,-0.0109228462619987,0.712241856822368,0.829106223959302,stable
ASH2L,-0.0109274904287171,0.0646282308335319,0.209421769177134,stable
AGK,-0.0109361921212681,0.000111856632508543,0.00220182846342099,stable
KLK5,-0.0109468737656932,0.622338061259443,0.769674267587559,stable
ZNF398,-0.010950170282341,0.78986093682547,0.880392093713372,stable
CSRP2BP,-0.0109571965421142,0.663167702076234,0.797732925622898,stable
LAGE3,-0.0109596289218517,0.200402354361379,0.406120421040035,stable
LINC02696,-0.0109789071745102,0.30327038773927,0.514385627823622,stable
CSRNP2,-0.0109926217592249,0.234452290055155,0.446061446480033,stable
ZNF746,-0.011005474420749,0.719258272436004,0.832712710015972,stable
APPBP2,-0.0110076807208359,0.886390945535866,0.936090100927035,stable
LINC00467,-0.0110088982013644,0.489420309707684,0.673193863606023,stable
UNC119,-0.0110244637928967,0.511341182499128,0.688699274445719,stable
C1orf101,-0.0110453606580829,0.546845092421699,0.716523876976232,stable
NFATC2,-0.0110549939583106,0.661950534837217,0.796959920146909,stable
GOLGA5,-0.0110624144887897,0.0761033224934342,0.230537589957086,stable
RUNX1T1,-0.0110719358183088,0.116922722275477,0.297701178316065,stable
PDCL,-0.011076645705415,0.021800518276079,0.105791796509245,stable
NUP43,-0.0110767645437722,0.642593075100591,0.78425097344545,stable
FAM66C,-0.0110892913183208,0.166560075864165,0.36671347644093,stable
LINC00324,-0.011095301717551,0.0679989037100164,0.215118685028789,stable
NDUFA12,-0.0111009530123857,0.0892040944210233,0.253942908757007,stable
OAZ3,-0.0111135180074337,0.0207478972134651,0.102308308002177,stable
CLUL1,-0.011121998815847,0.0142596207106208,0.0791596746442455,stable
NKIRAS2,-0.011133532350928,0.853037293139919,0.916202879357501,stable
SFXN4,-0.0111354736950445,0.0571659581100785,0.194434243722203,stable
LINC01001,-0.0111476037183283,0.380080854496138,0.585816210485536,stable
C1QTNF1,-0.0111564805422383,0.27683154791277,0.487439908144505,stable
THAP7-AS1,-0.0111590311778495,0.0888841007249562,0.253484459724165,stable
TARBP2,-0.0111619861000202,0.17806583433941,0.379873779924075,stable
CTPS2,-0.0111688331559622,0.263205338557886,0.474827286940875,stable
C19orf24,-0.0111876057439674,0.89561595877194,0.941858500136555,stable
SLC4A2,-0.0111902334757727,0.954473863877218,0.976849339587668,stable
RBBP9,-0.0111944959227017,0.795948989059596,0.884596821735112,stable
USP33,-0.0111985754346614,0.322291798224773,0.533526572783968,stable
TBC1D13,-0.0112072411426068,0.804874885198728,0.889985580883695,stable
SIRT4,-0.0112122211676707,0.093211440670141,0.260701097282321,stable
ETFDH,-0.0112151809374524,0.0347391417141174,0.141894297074326,stable
PAIP2B,-0.011221762903986,0.452524471661444,0.643515488784258,stable
DGCR6L,-0.0112239009053576,0.00841259642987758,0.0558282186529987,stable
PHF12,-0.0112251003046943,0.00784024843439113,0.0531259406108632,stable
DUOX2,-0.0112255071529797,0.723299375599511,0.835849079913823,stable
FNDC3A,-0.0112255743739539,0.905723453408136,0.946901191825479,stable
BTG1-DT,-0.011228469687949,0.211448283967667,0.419669398152421,stable
CDK19,-0.0112389542050646,0.785216501806376,0.877278516943662,stable
FBXL9P,-0.0112421370541704,0.157989923711758,0.355273882901496,stable
APBB3,-0.0112565377187008,0.505126831470346,0.683614785386958,stable
CIBAR2,-0.0112665530836778,0.605207313326832,0.75637042369312,stable
ZNF497,-0.0112685753413396,0.053166620885754,0.185475518474403,stable
MORN4,-0.01127452481997,0.543042081628502,0.713779183422238,stable
ZNF582-DT,-0.0112779684768906,0.283233322282955,0.494394421189039,stable
NOMO2,-0.0112790038752712,0.0697052976284848,0.218649617195432,stable
CNOT10,-0.0112791188813826,0.875594435396449,0.928601400169533,stable
ZNF568,-0.0112847811339824,0.506145969563322,0.684416850878545,stable
CLDN5,-0.011285214603801,0.0367997383788253,0.147827802150102,stable
BTN2A1,-0.0112949814033511,0.896038632181672,0.941858500136555,stable
MTF1,-0.0112984443441587,0.808632716578995,0.891852090472253,stable
IFI16,-0.0113022607108377,0.122165699959362,0.305514221829631,stable
IKBIP,-0.0113068337919986,0.320471225572804,0.531421569686593,stable
PBLD,-0.0113129651825575,0.180694042564163,0.383463291474693,stable
TMEM117,-0.0113171514693104,0.285324097476717,0.496696349694587,stable
SPATS2,-0.0113198972609928,0.297420295577415,0.508626985609726,stable
VAMP5,-0.0113252986747585,0.543039593410284,0.713779183422238,stable
DDX20,-0.011332196317836,0.717159664984578,0.831741911268641,stable
CLSTN3,-0.0113327836794655,0.0101979170730069,0.0634254919328262,stable
TBC1D12,-0.0113375193109201,0.146230960185012,0.33893197901054,stable
PDF,-0.0113399234297664,0.54947229931558,0.718368918377931,stable
RBM45,-0.0113437543350304,0.0752212620980844,0.228903337786155,stable
BRCA1,-0.0113795940638818,0.146416375110924,0.339218610181651,stable
TAGAP-AS1,-0.0113830202946965,0.0558368353990817,0.191565948896541,stable
ANKRD13C-DT,-0.0113861511486198,0.210800862339991,0.419052350554736,stable
HMGCLL1,-0.0113934731182653,0.0361542327617977,0.146215908975665,stable
OAS2,-0.0113989721804086,0.588318912034,0.744900748052028,stable
SH3BP5L,-0.0114022672409748,0.758924761291231,0.859866186117714,stable
LHFP,-0.0114090560579286,0.0408804806507765,0.157856280909705,stable
CAPZA1,-0.0114119292569855,0.696228645961762,0.819332836147254,stable
RIOK2,-0.0114144819169743,0.27198829445977,0.482552236789003,stable
NLRC5,-0.0114174981024764,0.48581937599629,0.669950550627723,stable
ZNF416,-0.0114193867443463,0.331671621598312,0.541591491105766,stable
NPHP4,-0.0114239647355844,0.429938078775321,0.625718601904303,stable
ST6GALNAC3,-0.0114308828947927,0.595679071170682,0.749523629222919,stable
FSD1L,-0.0114367298515845,0.620750605474553,0.768799939343559,stable
CDK5RAP2,-0.0114471869724146,0.723995855098421,0.836179642169604,stable
TMEM136,-0.0114587871406121,0.717554432996537,0.831866351702501,stable
KLHL20,-0.0114649252397219,0.871878363675342,0.926474984212649,stable
CD22,-0.0114663261833411,4.6527578903132e-05,0.00106308995235867,stable
CLPP,-0.0114692613592063,0.941775366660412,0.970025453493164,stable
OXLD1,-0.011471993828909,0.95926642948168,0.979243295289905,stable
ZNF638,-0.0114845825633763,0.451402816560615,0.642906981728934,stable
NKAP,-0.0114886693562469,0.949809247218536,0.973950863014796,stable
ZNF112,-0.0114947333245031,0.0883599752651448,0.252697747132719,stable
C8orf34,-0.0114963104481218,0.235338658538562,0.447121504814327,stable
XPNPEP1,-0.0114985272144283,0.899310999957577,0.943145092643686,stable
LENG8-AS1,-0.0115070094900625,0.342915827704207,0.552206965861708,stable
UBLCP1,-0.0115099957936557,0.832963309473175,0.903409531542372,stable
PARD3B,-0.0115178735319115,0.386560305041117,0.590999095651699,stable
EPB41L5,-0.0115271928268788,0.0666349186775455,0.213138177412846,stable
MT1X,-0.0115351535498004,0.948418750579454,0.973423241568702,stable
PKD2L2-DT,-0.0115361454390042,0.371951816570908,0.578490290796687,stable
ZNF34,-0.0115389654006925,0.330111755747971,0.54054968930646,stable
EXOC6,-0.0115397106280718,0.66122911899006,0.796733834453868,stable
APOLD1,-0.0115478455916108,0.00254290550093596,0.0241137070819631,stable
GLIPR2,-0.0115480668640762,0.524913398358715,0.700088476932845,stable
PIGT,-0.0115554707977376,0.15215484086061,0.347587511620275,stable
FAM213B,-0.0115610889035413,0.684833924265513,0.812363890366,stable
C6orf120,-0.0115682368959224,0.715594268995402,0.830872373119282,stable
NDC1,-0.0115869098167458,0.459213749898145,0.649928085996865,stable
SMIM19,-0.0116015656299436,0.953430415602412,0.976353639970167,stable
LINC00680,-0.0116082112832036,0.0424486172119658,0.16148565047006,stable
MKLN1,-0.0116173263254526,0.949433202917357,0.973892042666928,stable
PVRL3,-0.0116231244252761,0.892038081093702,0.940213700627946,stable
FBXO10,-0.0116249396156026,0.174341217921604,0.375334104944291,stable
RPPH1,-0.0116253165422219,0.00507713063972219,0.0398260545148789,stable
LXN,-0.0116339562220165,0.31076509552876,0.521955554787518,stable
DDX19B,-0.0116348505364393,0.911923964150747,0.951545756532542,stable
PGAP2,-0.0116369769142189,0.0148201029489037,0.0812397791814327,stable
CD58,-0.0116619817125151,0.904805226034471,0.946411445959234,stable
TTC23,-0.0116914259201306,0.510146608048431,0.687772376396164,stable
CYP2R1,-0.0116917105345354,0.0874969313764071,0.251012083817226,stable
SORBS2,-0.0117038191355519,0.0430358675345227,0.162870106731271,stable
CCDC109B,-0.0117052612805816,0.609119443613054,0.759395826489135,stable
VCAN,-0.0117084924570982,0.271695736630048,0.482523417777962,stable
LGALS9,-0.0117107579398713,0.0127319575110781,0.0736213096572464,stable
POF1B,-0.0117107843751741,0.0856640108417922,0.247379368894417,stable
ZNF564,-0.0117159885276333,0.527796770704452,0.702040304917291,stable
ATL2,-0.0117489489128144,0.377704990739013,0.58384747177462,stable
ERCC1,-0.0117496194731731,0.133551339080593,0.321337333735563,stable
ALDH6A1,-0.0117632288659367,0.257911696471089,0.470133101351416,stable
KRT27,-0.0117645947250718,0.498363965764499,0.679635145668146,stable
GHDC,-0.0117947470588955,0.437314642631731,0.632210313957524,stable
INTS5,-0.0117990572115817,0.599891818697103,0.753146109150262,stable
PTP4A3,-0.0118152742975872,0.128902673166074,0.315519879211472,stable
WDSUB1,-0.0118188841764366,0.698922576582715,0.820769094021034,stable
FAM149B1,-0.0118220341706324,0.792425226236702,0.882124211412207,stable
RMI1,-0.0118292569908216,0.382534556507042,0.587909286145788,stable
ENDOV,-0.0118324132510747,0.152867710655446,0.348499607432333,stable
DDX31,-0.0118325585635886,0.782472973759527,0.875350016586113,stable
PSCA,-0.0118380454530407,0.158661326490555,0.355801881309952,stable
TINCR,-0.0118381093879029,0.839589260674809,0.907094734119511,stable
WDR17,-0.0118422609254644,0.410356499635554,0.611284164214601,stable
CFTR,-0.0118430449393747,0.142312930008667,0.334376834876398,stable
CKMT2-AS1,-0.0118704131685789,0.496008968363071,0.678135961220241,stable
PCGF3-AS1,-0.0118755638730806,0.317984977082972,0.528922079175704,stable
NAT10,-0.0118768802649941,0.18214835081259,0.384888753730872,stable
QRSL1,-0.0118993551279749,0.529478243578448,0.703056924777639,stable
TRMT1L,-0.0119059674831602,0.374178157599273,0.58071577965056,stable
MORC3,-0.0119134057033077,0.127949147900535,0.314223592486816,stable
ENTPD6,-0.0119139025967984,0.795895363574187,0.884596821735112,stable
GLRX2,-0.0119556674749616,0.773381271024705,0.869635972496182,stable
MAP1S,-0.0119566989524524,0.862987411987259,0.9215653117963,stable
SLC43A2,-0.0119591569333993,0.103406470537115,0.276232669546699,stable
MADCAM1,-0.011962030306646,0.147731816205865,0.34110891721854,stable
ERC1,-0.011970282212712,0.851972119746717,0.915641567767177,stable
PHKA2,-0.0119762087415946,0.178945289122285,0.380955026989818,stable
PSMD12,-0.0119788240536821,0.867416832053459,0.923954631842234,stable
MLKL,-0.01198131040493,0.270867568388881,0.481822636202806,stable
MIR181A2HG,-0.0119970496629772,0.109136091666891,0.285364617013066,stable
DPH6,-0.0120029525793861,0.177773768018038,0.379523568536963,stable
TMEM17,-0.0120050973609774,0.0236055090714163,0.111755903520137,stable
TICAM1,-0.0120294895290361,0.458413240203861,0.64946900656261,stable
TICAM2-AS1,-0.0120383739633361,0.352971727997539,0.561049110625724,stable
SFXN2,-0.0120404530695942,0.501696162612268,0.681642090893893,stable
CROT,-0.0120455165390503,0.704944338515984,0.824616721824959,stable
C4orf33,-0.012047578878488,0.0992313166055137,0.269736182829842,stable
NAV2,-0.0120622324143053,0.539780014729359,0.711472302572067,stable
MFSD6L,-0.0120713999562513,0.712826218005139,0.829374701321548,stable
DNMT3A,-0.0120929458389875,0.32356195116817,0.534633859297069,stable
RDH14,-0.0120941076815649,0.896207976100339,0.941900636217913,stable
PPIF,-0.0121037722328311,0.454404972965682,0.645814020408382,stable
JOSD2,-0.0121190719473862,0.529198958128184,0.702930234243179,stable
PTPN23,-0.0121198578991796,0.654144996158151,0.791951337776616,stable
MED8,-0.0121308081005476,0.337906135316372,0.547529771753358,stable
SFI1,-0.0121507441001042,0.567486607259374,0.73197808242467,stable
WDR48,-0.0121515189725877,0.873643797604061,0.927958478105195,stable
NUP37,-0.0121549528623147,0.825228872645555,0.899072882283357,stable
ARAP2,-0.0121631156626438,0.425974041224607,0.623530916049526,stable
OFD1,-0.0121690477654378,0.129579654420376,0.316212895472296,stable
FAM151B,-0.0121733228021262,0.000171220473961478,0.00307793981427222,stable
GZMB,-0.0121822855957423,0.0425706530456642,0.161660038157875,stable
ZNF490,-0.0121830844759313,0.0503031410289781,0.178959719423233,stable
FAM63A,-0.012187934717354,0.129278366796214,0.315870229005979,stable
ZNF540,-0.0121940882379459,0.256823251120026,0.469198538587834,stable
GID8,-0.0122041450829155,0.673695090210503,0.805797336862348,stable
GNB2,-0.0122109944613438,0.00333834010212867,0.0295709198611745,stable
SERGEF,-0.0122112550574494,0.726833210109525,0.838347722247484,stable
AGAP4,-0.012214805308187,0.411311312793864,0.611792068206257,stable
KLF10,-0.0122238527369664,0.918882547691675,0.955600548637401,stable
CLNS1A,-0.0122348437110376,0.0836087399562428,0.244007048113482,stable
RNF220,-0.0122383490008329,0.861030580202617,0.920335478136481,stable
PDSS1,-0.0122432409621073,0.0365671374379566,0.147280622089483,stable
CRLF3,-0.0122496094111734,0.110688256051783,0.288128884577725,stable
ERCC6,-0.0122598142304332,0.255430094673135,0.468052387540759,stable
GNL2,-0.0122656905291603,0.587993734087791,0.744832684506648,stable
PET112,-0.0122875180314366,0.698969753661565,0.820769094021034,stable
KRAS,-0.0122955546939597,0.956057481366213,0.97773334327956,stable
CHKA,-0.0123034143551796,0.325351642420082,0.53585266463798,stable
ALDOA,-0.0123101965070795,0.0984977635763304,0.268518434869996,stable
MOCOS,-0.0123143228472584,0.0675961912198903,0.214472085066973,stable
SH3BP5-AS1,-0.0123252563073276,0.593091462301518,0.74822671734396,stable
MINA,-0.0123273875219965,0.84943662097086,0.91384316056125,stable
LENG9,-0.0123369077272494,0.227222105765237,0.436929844403691,stable
FREM2,-0.0123471557847832,0.263205963376257,0.474827286940875,stable
ZNF611,-0.0123505590297915,0.801820850124139,0.887729912761794,stable
SNRNP35,-0.0123539043220773,0.211045034752836,0.419277507690342,stable
WWOX,-0.0123559777874085,0.848795863331662,0.913352168430127,stable
TRIM38,-0.0123563074438435,0.623101839087437,0.770086274374544,stable
ARID3A,-0.0123665209057496,0.421717920499003,0.620271911945592,stable
COG2,-0.0123794194127435,0.893703411456718,0.940994360495044,stable
IER3IP1,-0.0123823697716268,0.833641549601183,0.903790259671078,stable
ABT1,-0.012385315842036,0.262874991597233,0.474750667915827,stable
TMCO4,-0.0123918995479457,0.595614534337452,0.749523629222919,stable
PCNXL2,-0.01239660764419,0.409527639898161,0.610495837818917,stable
ZSCAN12,-0.0124025189290799,0.189226578942963,0.393051096176514,stable
ASPA,-0.0124025261757851,5.77149576809381e-05,0.00128282388046897,stable
NKX2-8,-0.012404777954804,0.171636162734305,0.372528489571048,stable
DCDC1,-0.0124065984798837,0.132410924215004,0.319879671463282,stable
TTC39C,-0.0124107984505945,0.0836378870742383,0.244007048113482,stable
TSPYL5,-0.0124126505363828,0.124717817190907,0.309302210862578,stable
CHD1-DT,-0.012415583328482,0.125933683923366,0.311181191081308,stable
GFOD1,-0.0124251632041522,0.0439877371393882,0.164839392640062,stable
SLC25A51,-0.0124321717940596,0.301541303195643,0.512509468510031,stable
C11orf30,-0.0124341012096714,0.00360791580475887,0.0314125091149376,stable
DNAJB13,-0.0124559010125488,0.0784552560723779,0.234025634511651,stable
ENTPD1-AS1,-0.0124598966911649,0.187508972646427,0.391211756550593,stable
BEND5,-0.0124645564313445,0.280552156765267,0.491599216474129,stable
VPS13B,-0.0124720524550782,0.769234006337779,0.866726564058716,stable
ORAOV1,-0.0124889661816487,0.557691667400922,0.724294410095243,stable
MBOAT1,-0.0124896849148012,0.251519263280482,0.46373627063961,stable
ZNF107,-0.0124956744406154,0.00817172119017459,0.054645032729045,stable
B9D2,-0.0124962690488735,0.322701972427913,0.533830260781354,stable
RAVER1,-0.0124970922711005,0.0528872797694633,0.184765392369797,stable
CFAP68,-0.0124991484349954,0.458696369211917,0.649496631211221,stable
IGSF6,-0.0125018203564036,0.331848207460872,0.541598309428591,stable
B4GALT7,-0.0125039404330745,0.409947006812153,0.610897502288401,stable
TUSC2,-0.0125235128108917,0.0516858481719302,0.1823661684099,stable
CD38,-0.0125504397027104,0.129782671566347,0.316406736582973,stable
FGD6,-0.0125629988852229,0.0362539660101932,0.146453562626768,stable
MIS12,-0.0125646238488114,0.723056133032996,0.835725999451148,stable
MECR,-0.0125653827670288,0.418264094339424,0.617197041188449,stable
AK2,-0.0125701906914259,0.102118864051295,0.274171094698667,stable
SEMA4D,-0.0125912115780907,0.676505904436512,0.8076939006766,stable
PTRH2,-0.0126129884035056,0.622318414142225,0.769674267587559,stable
FAM120B,-0.0126160031834709,0.426493304176546,0.623787118453432,stable
FBXL19,-0.0126214715472006,0.248682112441303,0.460315340755746,stable
DEDD2,-0.0126289975120808,0.0347422800346415,0.141894297074326,stable
CA13,-0.0126496690898176,0.132046578340697,0.319433474979737,stable
IHH,-0.0126502195539946,0.178157220100773,0.379936123257474,stable
DPP3-DT,-0.0126623274299771,0.0104123530094905,0.0642506830832972,stable
ZNF671,-0.0126633636488228,0.260265904886435,0.471821210341359,stable
CTR9,-0.0126785922166043,0.152588238433567,0.348347874210344,stable
CEPT1,-0.012686751577777,0.684465325050928,0.812021808920026,stable
AKIRIN1,-0.012691667661773,0.0525293832028872,0.184093801683513,stable
ORMDL2,-0.0127058206142886,0.733995298022536,0.842422465496817,stable
CHSY3,-0.0127126562607853,0.508144774922989,0.68643626131712,stable
IKBKG,-0.0127188465468306,0.916907340083704,0.954301858253146,stable
LYST,-0.0127222930043663,0.891097223501652,0.939518066248421,stable
TNRC18,-0.012724458324699,0.960087715681926,0.979604612474404,stable
RAB23,-0.0127261473338569,0.866540737175375,0.92342376176722,stable
LRRC48,-0.0127517563920198,0.654735519308136,0.792267569592423,stable
SRGN,-0.0127666982040023,0.859661727001096,0.919540160208383,stable
MLLT6,-0.0127723003402963,0.68224782238658,0.810673515699548,stable
PRIMPOL,-0.0127812182023834,0.404515056143373,0.605905164354441,stable
COL1A1,-0.0127835745523574,0.417435599890517,0.616913172417521,stable
TSPAN10,-0.0127999029825995,0.61307478011841,0.762848749202712,stable
APBA3,-0.0128095920170839,0.152718606035248,0.348429570107069,stable
DDHD2,-0.0128138224746727,0.54047347074509,0.711780619089418,stable
TMEM129,-0.0128175495185905,0.78873725434825,0.879620855501598,stable
DCAF12,-0.0128194934269145,0.527887658567338,0.702040304917291,stable
ZNF595,-0.0128259730180235,0.700783525408049,0.821872571676868,stable
MED11,-0.0128315845770133,0.395242775643422,0.597877451981832,stable
C19orf53,-0.0128331205490027,0.963918271125201,0.981280013134022,stable
COA1,-0.0128363368465741,0.795400516789833,0.884487300556228,stable
RGS2,-0.0128531585224663,0.342392858268803,0.551655502764973,stable
ADPRH,-0.0128604170636886,0.811213299252353,0.893035966323917,stable
ZNF14,-0.0128621006163966,0.0772177336513919,0.232318379560574,stable
PLEKHF1,-0.0128772544937236,0.203906583217545,0.409926057643598,stable
GRID1,-0.0128798580131081,0.170259954198686,0.370858460464136,stable
PTPRC,-0.0129025039401259,0.00566515701100252,0.0428532668951082,stable
BBS12,-0.0129233561099683,0.563905012967114,0.729421056840811,stable
TIGD2,-0.0129281212595962,0.332095658614095,0.541849617044674,stable
SOCS3,-0.0129324213162406,0.428872313780389,0.624843018105297,stable
MLST8,-0.0129421676497522,0.208966818875074,0.416842427207718,stable
NUDT7,-0.0129427643899151,0.88222276089377,0.933381601970352,stable
PCDHB2,-0.0129507638753613,0.18244544845958,0.385165191551255,stable
RFX5,-0.0129588607328984,0.0733821556959601,0.225366137795544,stable
AKT3,-0.012982522385577,0.469685857302857,0.657866090204279,stable
CDKL2,-0.0130209281847512,0.0365041151707676,0.147172263801934,stable
EBF4,-0.0130231718640268,0.116280361821285,0.296744546335698,stable
AKAP8L,-0.0130240555431324,0.613548788218857,0.763114179672843,stable
LIMA1,-0.0130241663118937,0.890818334851772,0.939305039698789,stable
HES4,-0.0130371779869106,0.617617461299966,0.766152489407531,stable
SMG8,-0.0130458300958641,0.199493122126919,0.404683033943155,stable
WHSC1,-0.0130530487982139,0.597536847259773,0.751347344233513,stable
IRAK1BP1,-0.0130652082580001,0.399851919401057,0.601873544157705,stable
DBNDD1,-0.0130656487688801,0.0374069438061452,0.149188411447412,stable
PTCD2,-0.0130735537987941,0.293711558931501,0.505751527874161,stable
TERF1,-0.0130739832858843,0.866251279703293,0.923276278933914,stable
ZNF880,-0.0130742460309611,0.0718655421219665,0.222401110607321,stable
TAF4B,-0.0130780693173941,0.241372629035961,0.452259199468975,stable
ZDHHC11,-0.0130803957098107,0.592867136761246,0.748137491459634,stable
SLC24A3,-0.0130951545045819,0.641528470271093,0.783790246855075,stable
CCDC71,-0.0131111037880884,0.554025345370968,0.721850972267609,stable
CYP27A1,-0.0131124765422382,0.535818634507459,0.708168125010183,stable
NUP214,-0.0131130334553252,0.819070066874269,0.896357430391322,stable
TMEM8B,-0.0131136912773786,0.478404908877825,0.664321436569639,stable
PIK3C2B,-0.013114995813326,0.392848700303364,0.596100113270646,stable
C16orf46,-0.0131191588463048,2.83018377336791e-05,0.000706044213176517,stable
PBX3,-0.0131357674968912,0.623414797949937,0.770086274374544,stable
C11orf57,-0.013138713345182,0.536137666499233,0.708513171382338,stable
PMF1-BGLAP,-0.0131545348439623,0.0934877047665501,0.260861552937371,stable
FAM151B-DT,-0.0131630783111465,0.245101858764065,0.456013901746235,stable
MRM1,-0.0131665412151654,0.465803003662292,0.654335020969296,stable
NR3C2,-0.0131848923231394,0.0247603691521837,0.11477844236492,stable
APEX2,-0.0132024724466137,0.0195578689554371,0.0985065472234295,stable
PCSK4,-0.0132110884631576,0.103492644403243,0.27631352794511,stable
EFCAB6,-0.0132122488464104,0.131362051974516,0.31853576763112,stable
PAK4,-0.0132146321671974,0.83779096234811,0.906133869919431,stable
ZSCAN26,-0.0132254052905305,0.236811576390635,0.447901084604537,stable
RRM1,-0.0132467224236074,0.0898371962647174,0.254973273076365,stable
GIN1,-0.0132664291230838,0.00568895842377389,0.042980116052047,stable
ZNF837,-0.0132945879810281,0.167289113866753,0.367447546903939,stable
ZNF778-DT,-0.0133125849658602,0.089147058760222,0.253898799227622,stable
POLR1HASP,-0.0133151495673289,0.0166792539809089,0.0883010830067692,stable
CKAP2,-0.013321953097131,0.337121226657498,0.546620224785948,stable
PKNOX1,-0.0133307894806482,0.699876901304582,0.821510787379626,stable
IPPK,-0.0133388541570399,0.211331134687924,0.419573134712552,stable
CALD1,-0.0133491744038026,0.793886577161269,0.883433721053258,stable
ADAMTS1,-0.0133593244435356,0.171971592768555,0.372793181415645,stable
GSTA1,-0.0133667651830323,0.5446584122129,0.715211562024975,stable
XAGE2B,-0.0133787140709473,0.299330859199442,0.510893664179555,stable
LYSMD1,-0.0133865495744537,0.300196829130523,0.511300827545146,stable
H1-3,-0.0133870561917673,0.0733374811060657,0.225366137795544,stable
MVP-DT,-0.0133873819488607,0.300939342154611,0.511994783367845,stable
GOLPH3L,-0.0133913722565624,0.824896782974628,0.898951437557444,stable
LPPR5,-0.013391630304115,0.301286743833407,0.512158136089497,stable
ZNF268,-0.0133927364247204,0.561064906323535,0.72699357800497,stable
ABCF3,-0.0133972481327391,0.852464099255003,0.915928728952549,stable
C10orf32,-0.0134162033911859,0.338024523209954,0.547576434099984,stable
SPRYD4,-0.0134244878179455,0.549798224118029,0.718556737718453,stable
HAGH,-0.0134276588514066,0.979336537901772,0.989008137280386,stable
APOL3,-0.0134329931937964,0.63051678324465,0.774850423080587,stable
COLEC12,-0.0134416095070792,0.00505781200201209,0.0397654611049258,stable
TMC4,-0.0134469908144988,0.661308279948492,0.79674030649724,stable
AMMECR1,-0.0134563827987486,0.145491780784203,0.337666893545871,stable
C17orf49,-0.0134595503649309,0.0624142437030002,0.205578853655929,stable
MEGF6,-0.0134640188480938,0.0978020289786565,0.267650196073227,stable
ZNF345,-0.0134702151739564,0.512848574753186,0.690121199667871,stable
MCTP2,-0.0134708760834601,0.0462635684370688,0.169522140460051,stable
ARMCX3,-0.0134734845062212,0.490129659188731,0.673790480648115,stable
AHI1-DT,-0.0135186001038982,0.340374096698234,0.549852379812239,stable
C2orf43,-0.0135210299345239,0.151121988035819,0.346523200478307,stable
PLSCR4,-0.0135410579188135,0.575329230612219,0.736810905860147,stable
ZNF772,-0.0135587812532644,0.281285530442893,0.492048415016303,stable
FAM211B,-0.0135700443267558,0.210228580038528,0.418509113828197,stable
TRAPPC2,-0.0135823974549644,0.808965404715952,0.891882900538292,stable
UTP18,-0.0135835659127224,0.477774428241698,0.663973921194465,stable
ARL13B,-0.0135850028388617,0.667058042482588,0.800836526351125,stable
SCAND1,-0.0135887064454896,0.757976389650497,0.859508662995147,stable
CIC,-0.0136196238877019,0.817748570040615,0.896025184119301,stable
C20orf96,-0.0136207819260667,0.0703140983482167,0.219825968851305,stable
GPX7,-0.0136271416391371,0.17190073825461,0.372718055913193,stable
USP42,-0.0136391390594718,0.397155116672688,0.599583073509565,stable
PAXIP1-DT,-0.0136421485495573,0.870140555392439,0.925807132832899,stable
WNT7A,-0.0136579837424507,0.0816684117876055,0.240906048670775,stable
FA2H,-0.0136644092949067,0.0247523183997724,0.11477844236492,stable
CRTAC1,-0.0136715365531041,0.144839767509232,0.337370677978821,stable
ZNF738,-0.0136910454123218,0.0726787781990865,0.224123457292037,stable
WDR20,-0.013700223400577,0.635500471570692,0.779126464781102,stable
NAGPA,-0.0137027270526556,0.680732806219618,0.809959883918672,stable
ANAPC4,-0.0137138736195336,0.550742279397758,0.719413723376596,stable
LINC00630,-0.0137185849300946,0.0434280100233539,0.163644881173082,stable
POGLUT1,-0.0137318403218374,0.744001167701689,0.849492833363109,stable
FAM83E,-0.0137416055218043,0.267205697680649,0.478418268009159,stable
MTRFR,-0.0137586976362955,0.811557196222724,0.893334098750705,stable
DCDC2,-0.013763728356273,0.747696276297185,0.85235841475863,stable
PML,-0.0137673202406707,0.735258861409538,0.843608440198065,stable
METTL21A,-0.0137730705536057,0.497126638721266,0.679016150139426,stable
NFKBID,-0.0137751990669034,0.165714025693527,0.365845810019447,stable
TRMT61B,-0.0137794216239421,0.760188657812696,0.86064167732315,stable
STK36,-0.0137900389381022,0.00787439078266212,0.0532098136690225,stable
ZSWIM3,-0.0137954667414109,0.0248617911689869,0.115030482683458,stable
CNTN4,-0.0138006578385789,0.181222571133509,0.383928025916119,stable
RAB3IP,-0.0138007421067223,0.401718508446928,0.603416938714087,stable
ZNF620,-0.0138147817179118,0.14538761633467,0.337666893545871,stable
FILIP1L,-0.0138217820903793,0.144179858285208,0.336501211939183,stable
CCDC77,-0.013823110512777,0.125760993039516,0.310943037806441,stable
SARM1,-0.0138585937349545,0.339778548843359,0.549471223847232,stable
HNRNPD-DT,-0.0138832579788816,0.0546459316041004,0.188956275240014,stable
TMEM177,-0.0138879355322479,0.0621904203212451,0.205297244938401,stable
NOSTRIN,-0.0138959102818864,0.833699195684806,0.903790259671078,stable
TTLL11,-0.0138977568429973,0.152111787539167,0.347554110444632,stable
PDE7A,-0.0139103545683765,0.0202868233299889,0.101012679586878,stable
PROCR,-0.013911835686707,0.0836626896787149,0.244021168845767,stable
ZNF253,-0.013922631124148,0.0367743413262991,0.147822935998908,stable
RABEP2,-0.0139244154257866,0.0240707373286805,0.112898345822405,stable
KSR2,-0.0139246740165375,0.093269170763597,0.260701097282321,stable
LIMD2,-0.0139310306636509,0.0603798314869786,0.201386919535287,stable
PIGG,-0.0139474829088787,0.57250256833085,0.734778448258609,stable
MEF2C,-0.0139543088069936,0.438277120872207,0.632827432577027,stable
AP5S1,-0.0139640064336366,0.703371052873107,0.823356483010569,stable
THYN1,-0.0139668565575272,0.697860785481937,0.820412602590036,stable
HS3ST5,-0.0139704703268328,0.00927859612305685,0.0591970558498157,stable
LURAP1L,-0.0139728326052332,0.928251792047442,0.961591164164192,stable
TMPRSS13,-0.0139857695529421,0.799169621602452,0.886242352759537,stable
RTTN,-0.0139892275597589,0.187054709502912,0.390998079508138,stable
PGM2L1,-0.0139894638782207,0.234055462145916,0.445445114319115,stable
ZSWIM4,-0.0139950428654432,0.374508958061285,0.580926627711533,stable
GPRASP3,-0.0140069319622384,0.0978084269202123,0.267650196073227,stable
H2AX,-0.0140078282094493,0.489738041821423,0.673479336621113,stable
GCDH,-0.014010112669733,0.215258241557223,0.423654281886249,stable
ME1,-0.0140158742450944,0.562795837211585,0.728473315558373,stable
TUBGCP6,-0.0140208005526065,0.255808539413792,0.468360621355936,stable
ZNF334,-0.014021714607012,0.00571798388928529,0.0430663185844876,stable
PCGF3,-0.014047132809657,0.00645629708471027,0.0465340657803646,stable
OSER1-AS1,-0.0140719720892889,0.479273107911715,0.664897081336147,stable
GNPDA2,-0.0140722962303479,0.61849758848919,0.766864237923914,stable
FERRY3,-0.0140754737655541,0.633554875555331,0.777567750882366,stable
FANK1,-0.0140957988217862,0.169351280816339,0.370127880885331,stable
EDIL3-DT,-0.0141293725351167,0.181593085239844,0.38398095034974,stable
CTDP1,-0.0141299207272884,0.765282540190316,0.863866817922839,stable
ZNF557,-0.0141378428617163,0.280379341497007,0.491518294917456,stable
ZNRF3,-0.0141505547907553,0.310566219262056,0.521813925558282,stable
MED18,-0.0141508159772862,0.137733706121713,0.327688305886412,stable
TGFB1I1,-0.0141527995635169,0.817558084576764,0.896025184119301,stable
CHST12,-0.0141579054281903,0.649488161904611,0.788744207973304,stable
GSDMB,-0.0141670078683821,0.593952040138622,0.748888059685871,stable
PSORS1C1,-0.0141733149590101,0.85616080374649,0.917686061886825,stable
RFX3,-0.014194392118169,0.609681212509621,0.759786231187441,stable
ST6GAL1,-0.0141945094654102,0.740696342780587,0.846985228638905,stable
ATAT1,-0.0141987635569704,0.225987354578249,0.435557352795685,stable
CCDC71L,-0.0141997727922036,0.140654126181359,0.332050219861131,stable
RAPGEF5,-0.0142003157720054,0.61026781678108,0.760207254899819,stable
CA5B,-0.0142056810147585,0.482256173325334,0.667621683208254,stable
ZNF148,-0.0142246176822563,0.386487841696248,0.590999095651699,stable
MT2A,-0.0142470590452616,0.476237296288503,0.662289500549564,stable
C19orf55,-0.0142559247639191,0.65033021164642,0.788889203846963,stable
KIAA0040,-0.0142797780689397,0.880194292079728,0.932042188702581,stable
CYP4F33P,-0.0142827484883868,0.388375713459844,0.592623233220964,stable
KCNK5,-0.0142874798247418,0.0706328410821534,0.220484129057263,stable
USP8,-0.0142898361075626,0.737836485038053,0.845534188910205,stable
C6orf47,-0.0142950360384895,0.191107542918539,0.395011600378124,stable
UBL7-DT,-0.0142963843896062,0.221610138475725,0.430540739467143,stable
TMEM91,-0.0143061119217083,0.432548398285894,0.627667571301848,stable
CCDC121,-0.0143132414094172,0.0592762259970458,0.199136312250275,stable
GBF1,-0.01431528915684,0.71883175246676,0.832712710015972,stable
FBXL8,-0.0143249455873722,0.695182447132735,0.818996745735404,stable
CYP4V2,-0.0143494096264122,0.0181153807925981,0.0933568359227317,stable
SLC38A10,-0.0143611057523233,0.428032526253721,0.624226867206572,stable
DNAAF3,-0.0143655385942999,3.61192755816455e-05,0.000862347704511785,stable
GPSM1,-0.0143660938217502,0.374179125945562,0.58071577965056,stable
RGS14,-0.014366198485779,0.237959432821055,0.448972949372492,stable
RUNX2,-0.0143673767041174,0.240587323677758,0.451233450992576,stable
DENR,-0.0143760057174694,0.608814289865257,0.75909280694746,stable
GPATCH3,-0.01437676881321,0.633930888129568,0.777794958997876,stable
MREG,-0.0143951685394608,0.682721394151635,0.810673515699548,stable
UBXN2B,-0.0144027340899314,0.449936231735913,0.641401807199976,stable
NPDC1,-0.0144038863745766,0.430583041422789,0.626120351309601,stable
IQSEC2,-0.0144065901211156,0.147392250785271,0.340551056058991,stable
SAP18,-0.0144094280703135,0.207086595651594,0.414444424565339,stable
ATP6V1B1,-0.0144135321727451,0.165986954211189,0.366045301555983,stable
PNPLA4,-0.014435868560474,0.687706206725014,0.814269727916173,stable
ZC3H15,-0.0144649060392376,0.0330511163698654,0.137983895664356,stable
FARSA,-0.014468120169309,0.294311897656508,0.506437842625196,stable
PCDHGA10,-0.014469840812102,0.0795876992690075,0.236084978369977,stable
FRS2,-0.0145450255417466,0.666343981801404,0.800450946692252,stable
DGKZ,-0.0145492452235551,0.708621673539301,0.826939507145052,stable
RPP14-1,-0.0145535562230427,0.000966294019951965,0.0118356493986902,stable
JMJD6,-0.014571281219948,0.0169525900216733,0.0892058557122043,stable
GGT5,-0.0145772271806911,0.305888993209395,0.517033607991102,stable
NRF1,-0.0145797879639389,0.745641429278048,0.850888800550305,stable
ADAMTS6,-0.014587395784141,0.154322925553284,0.350509743954542,stable
ATP2C2,-0.0145874672311546,0.778167834576875,0.873234097797885,stable
RDH13,-0.0146065453888657,0.78782793107625,0.878988210538608,stable
TBC1D4,-0.0146143664982395,0.0967645989555854,0.266735947424583,stable
MACROH2A2,-0.014632725728831,0.00503240573093514,0.0396622357543205,stable
SGK3,-0.0146419068925344,0.150049401405098,0.345164449148648,stable
PRPF19,-0.0146502280202963,0.629983718395951,0.774428899202746,stable
KIFC2,-0.0146635875170446,0.792147479236945,0.881946619809614,stable
XXbac-BPG299F13.17,-0.0146645279753449,0.14411998379321,0.336501211939183,stable
ARHGEF4,-0.0146777754899372,0.870980068166603,0.92636218700787,stable
PARK2,-0.0146817274450864,0.026669029981148,0.120691179736143,stable
WFDC3,-0.0146864374469495,0.129316819397538,0.315901039231715,stable
TRAPPC14,-0.0146970723631329,0.000118814905571482,0.00230173281411377,stable
LINC00526,-0.0147267287499192,0.166969250302553,0.367026095252365,stable
RABGEF1,-0.0147316138368038,0.354398238849985,0.562253610863364,stable
GBP4,-0.0147343277474451,0.358577535989633,0.565362027594129,stable
ZCCHC9,-0.0147485810802098,0.834166642623748,0.903896200641139,stable
HEATR3,-0.014754292298489,0.427515681254982,0.624025061111156,stable
SNRNP200,-0.0147564464196898,0.00388337833388436,0.0329811566315368,stable
C3orf33,-0.0147658077615023,0.545663104999503,0.715868799843182,stable
NUP35,-0.0148012976393677,0.323118998025699,0.534263036908717,stable
TRAPPC2P1,-0.0148083361931144,0.143917602476328,0.336376438369145,stable
STARD9,-0.0148190670616111,0.899320942396499,0.943145092643686,stable
IKBKAP,-0.0148203380140818,0.774447907147415,0.870274978577864,stable
NDUFAF1,-0.0148376883523459,0.131031886072254,0.318119915659829,stable
IQCE,-0.0148509473726647,0.708972017576119,0.826993228377971,stable
CNIH3,-0.0148536593745158,8.93797652169988e-12,8.95555942633273e-10,stable
HS1BP3,-0.0148556087179861,0.702898648914999,0.823210551977228,stable
SLC25A22,-0.0148558691755126,0.784562916583302,0.877051650972222,stable
ZNF473,-0.0148712556833726,0.157969882390549,0.355273882901496,stable
CEBPA,-0.0148945858785295,0.621418115644944,0.769314871950962,stable
CASP10,-0.0149304167529061,0.237555913348324,0.448500967599099,stable
KBTBD6,-0.0149338957527141,0.258170554932657,0.470239716040002,stable
TTC18,-0.0149380921307144,0.309714555105251,0.52133719658587,stable
IDH3G,-0.014938987254019,0.919763025195911,0.956134298834494,stable
RWDD4,-0.0149391094513054,0.474139105571377,0.661101451637334,stable
MAMDC4,-0.0149402094075619,0.00384629660889255,0.0327417338071744,stable
SLCO4C1,-0.0149624203344503,0.0120408074293944,0.0707288947702628,stable
C9orf114,-0.0149689611776525,0.503413229827681,0.682881307106537,stable
GALE,-0.0149850640002869,0.824439142023905,0.898919083898721,stable
FUZ,-0.015015253638468,0.622242179979783,0.769674267587559,stable
TMEM163,-0.0150207327444027,0.17190644627279,0.372718055913193,stable
CIB1,-0.01502640571434,0.0427551961072511,0.162109031394242,stable
NT5C3A,-0.0150296802691405,0.565334631672343,0.730458474141545,stable
KIF13A,-0.015045460132132,0.0519557827182115,0.182975363856934,stable
PRADC1,-0.0150584628796077,0.422557555336728,0.620827888282861,stable
ZNF487,-0.0150635621362388,0.549186585182521,0.718225828316159,stable
COPS8-DT,-0.0150636192540768,0.00613815462476849,0.0452277288325317,stable
RINL,-0.0150728670146603,0.000173311115821137,0.00310183759853233,stable
SOBP,-0.0150782148444458,0.00423102937115243,0.035237624003282,stable
KCTD14,-0.0150836468424572,0.138298870748011,0.328328878621808,stable
PRKDC,-0.0150842210826641,0.903316860366136,0.945853543626871,stable
ALKBH7,-0.0150869739505834,0.964415288066337,0.981310874223336,stable
TMEM184C,-0.0150940849183858,0.458238239861584,0.649374477633666,stable
LINC00339,-0.0150961097263276,0.0570799546944935,0.194303917066413,stable
TPRA1,-0.0151077069049411,0.0474811453213493,0.17222834433477,stable
HYDIN,-0.0151082682909239,0.193231239050942,0.397719930318018,stable
COMTD1,-0.0151446664314335,0.347506848149347,0.556605737056432,stable
GEMIN2,-0.0151501772497615,0.376390431220324,0.582552118414439,stable
PLD1,-0.0151595925197259,0.136798290609239,0.325969260118389,stable
PGP,-0.0151744645697357,0.779084186449212,0.873637748385943,stable
HSF4,-0.0151930608867898,0.453836146955033,0.645080588416084,stable
PRPF4,-0.015203372949463,0.268360089622577,0.479617049173453,stable
CEP112,-0.0152093275957639,0.580258521553146,0.740250487107667,stable
DLG3,-0.0152133268775974,0.754284917616716,0.857071837976087,stable
ST6GALNAC6,-0.0152186030844206,0.924755119054265,0.959210028389745,stable
HSD17B1,-0.0152290549669636,0.0700149245080193,0.219167797570796,stable
BTN3A1,-0.0152515909740653,0.730925316026283,0.840747325351966,stable
ACAD9,-0.01526909201872,0.0943781649136169,0.262497994972481,stable
RTP4,-0.0152697004045744,0.534357184192523,0.707000997896894,stable
NUDT1,-0.0152697015172717,0.0215455318165814,0.104929315109917,stable
CASP6,-0.0152794939098497,0.579222153589805,0.739777620466177,stable
CLTCL1,-0.0152819998783002,0.329478606400195,0.539885587752813,stable
TEF,-0.0152937404685465,0.748870801927797,0.853030425762912,stable
TLR5,-0.0152949766802111,0.0955863589822522,0.264594124139278,stable
GPX2,-0.0152970119535228,0.0340282949544477,0.140408331068168,stable
POLR2J2,-0.0153265105513923,0.12935428013442,0.315929414657971,stable
TEX30,-0.015332353625753,0.117203614854848,0.29816098583439,stable
DENND2D,-0.0153430735537589,0.705068160231797,0.824682153925317,stable
RPGRIP1L,-0.0153500740222161,0.567782908862492,0.732122832788077,stable
KLHL28,-0.0153532255513734,0.0818813678639498,0.241229143559393,stable
FBXO6,-0.0153580807080939,0.433471943899753,0.628364154365955,stable
ALG12,-0.0153818178307503,0.525404740024535,0.700386863910568,stable
TULP3,-0.0153822114101031,0.716785172580197,0.83152433111657,stable
BCO2,-0.0153943371505725,0.48415706056671,0.668608780577677,stable
MBD5,-0.0153950483503525,0.703295259161528,0.823356483010569,stable
MYO9B,-0.0154035333668605,0.827943595583103,0.900326367223828,stable
FAM98C,-0.0154115313559942,0.514212440179149,0.691496648795023,stable
DCAF16,-0.0154127411529114,0.541367834493927,0.712629673610158,stable
TNIK,-0.0154260935461494,0.0837470039522891,0.244125477117395,stable
BTBD8,-0.0154269968213517,0.063589475361364,0.207531763171813,stable
TMEM18,-0.0154471580666875,0.854872947016536,0.916985512840482,stable
HCFC1,-0.0154577487286665,0.83478353218633,0.904404316001569,stable
CSF1,-0.0154629207726399,0.285278861394536,0.496688335235266,stable
ZDHHC12-DT,-0.0154978475711087,0.000178530866864455,0.00315370132449581,stable
OCA2,-0.0155013397127152,0.0367913147922728,0.147827802150102,stable
ITPR2,-0.0155252704543418,0.396643704977324,0.59920770679444,stable
WDR24,-0.015526069764122,0.0362697704690925,0.14646900370472,stable
NMNAT1,-0.0155421778997846,0.0646541941706481,0.209421769177134,stable
LENG1,-0.0155574782483127,0.829929525848781,0.901851883596302,stable
ANKFY1,-0.0155577253074909,0.0949307948535139,0.263435649554904,stable
MMP7,-0.0155671209420788,0.0858018750979994,0.247516853446606,stable
SURF6,-0.0155724846648089,0.817199505952944,0.896025184119301,stable
CFAP144,-0.0155951517813734,0.318715292220297,0.529818085486131,stable
C7orf60,-0.0156136315204926,0.114726008575494,0.294520521174353,stable
RIPK4,-0.0156326025247549,0.830379793246605,0.902111855016575,stable
HPS3,-0.0156468637816562,0.630590309821289,0.774862881710438,stable
DNALI1,-0.0156525081774024,0.848432708261956,0.913211873020889,stable
CLEC3B,-0.0156571708908671,0.454727400752846,0.646073761544089,stable
LRRC49,-0.0156585631014198,0.0785737880114951,0.234264874305492,stable
PITPNA-AS1,-0.0156602392747509,0.601022346140387,0.753991908786955,stable
HDAC7,-0.0156637551612934,0.614691815363185,0.763928868558062,stable
TNFRSF14-AS1,-0.0156793668702745,0.000342855332405145,0.00532536668782782,stable
MAFIP,-0.0156890138063742,0.025385834675751,0.116880016224625,stable
HELT,-0.0156914577773735,0.0231649074210175,0.110353791237146,stable
SSBP4,-0.0156915067346427,0.388659904967117,0.592676638507983,stable
MTR,-0.0156988274327464,0.770527147992017,0.8677037178309,stable
CAPS,-0.0157048752804391,0.00254472203335508,0.0241137070819631,stable
CREB3L4,-0.015737293975546,0.158892229825678,0.356123692223889,stable
MVK,-0.0157482649205057,0.760116388582016,0.86064167732315,stable
FAM13B,-0.0157552299751019,0.882129689079017,0.933381601970352,stable
CAMK1D,-0.0157658957128467,0.189907544334612,0.393724996109404,stable
EOGT,-0.0158024789450337,0.187592281980745,0.39126568970656,stable
GPATCH1,-0.0158155075743829,0.401182937398381,0.602917790863224,stable
TRABD-AS1,-0.0158478164486123,0.0200289527194279,0.10009563288728,stable
KRBA2,-0.015868774577687,0.207687923648613,0.415239970343579,stable
PRSS12,-0.0158811809899519,0.000565524210335488,0.00786458241995564,stable
LUM,-0.0158864762988375,0.301270972551013,0.512158136089497,stable
PTCD3,-0.0158919668489291,0.375046797873417,0.581208425102009,stable
FOSB,-0.0158933514209413,0.000334262354618497,0.00523819834366498,stable
LHPP,-0.0159155558431023,5.84854776326372e-05,0.00129750722065582,stable
EXOC8,-0.0159193197626326,0.48522890957005,0.66953811836373,stable
GPR75-ASB3,-0.015934993807225,0.542874379098705,0.713712240277756,stable
TUBGCP5,-0.0159352497532948,0.606190601468632,0.756906422251093,stable
AGAP10,-0.0159460345433409,0.283868145274514,0.495087740397343,stable
RBBP6,-0.0159781906490528,0.0192971867628541,0.0977169888107409,stable
RPTOR,-0.015981566429632,0.742246228519498,0.848263713836959,stable
KLC4,-0.0159828018384468,0.137833186299057,0.327732516887702,stable
BTBD9,-0.0159861943704152,0.72772485008673,0.838970327616577,stable
MIR29B2CHG,-0.0160028824148963,0.441781935343,0.635575648331482,stable
LINC00115,-0.0160038231801805,0.0155146491165383,0.0839164030090991,stable
ARNT2,-0.0160090144087105,0.250837849668923,0.463099442798564,stable
FAM220A,-0.016014698531409,0.109695442440461,0.286276064985525,stable
HFE,-0.0160306378002755,0.338070308522535,0.54757803781363,stable
SIPA1L1-AS1,-0.0160349569400072,0.348185302979222,0.556841452640751,stable
HTRA2,-0.0160563662457338,0.826072850321816,0.899671012216256,stable
MAP3K12,-0.0160684858404128,0.379344265925638,0.585197413765144,stable
EHMT2,-0.0160709975004481,0.491857119421779,0.674820944426492,stable
TPK1,-0.016073092764541,0.126025171397547,0.311281409408691,stable
DAP3,-0.0160740375531327,0.124498790254422,0.308947058885516,stable
ALG13,-0.016077326998092,0.836012307960617,0.905146889104573,stable
MAGI2,-0.016080009376436,0.463307033109118,0.652623320203487,stable
NKX2-1-AS1,-0.0160974710400301,0.019610420111223,0.0986899034333429,stable
ACSS3,-0.0161027865302152,0.598978102899137,0.752228498890549,stable
DNAJC18,-0.0161065470886139,0.0072108877564501,0.0502542143300148,stable
NDUFAF6,-0.0161079200456356,0.854470309887638,0.916885849700158,stable
KIAA0825,-0.0161274048259437,0.478361183056407,0.664321436569639,stable
TSNARE1,-0.0161297831289371,0.156492573529471,0.353336760034034,stable
NEDD1,-0.0161383941875699,0.781453021737345,0.874689290149007,stable
TCEA2,-0.0161723189088922,0.709299634251475,0.827177898215038,stable
FBN3,-0.0161760774856359,0.256738666099182,0.469114118743857,stable
TRIM56,-0.0161852973359742,0.801890845608289,0.887729912761794,stable
TATDN3,-0.016185972981612,0.363295392902237,0.570196427523942,stable
TMEM180,-0.0161887661493828,0.642561606837707,0.78425097344545,stable
CXorf57,-0.0161962641736661,0.677545257753313,0.808188254369292,stable
ZBTB34,-0.0161974595770683,0.333575053439505,0.54352221447697,stable
CCL5,-0.0162160115702023,0.462652501263041,0.65230873549122,stable
CCDC180,-0.0162296729840049,0.18925909571035,0.393051849467095,stable
TRIM37,-0.0162308833684021,0.219840440589595,0.428740853339305,stable
SOX5,-0.0162345585497681,0.324843617562969,0.535724618400214,stable
THEM4,-0.0162611534402663,0.566540632250719,0.731452544215546,stable
CHADL,-0.0162618427643713,0.00475098516253224,0.0382330761203384,stable
CEP76,-0.0162855847947428,0.091530043034826,0.25726908394061,stable
OSTM1,-0.0162984071184307,0.309758161983989,0.521338809320155,stable
ZNF763,-0.0163015271135375,0.0839490133241039,0.244389792539616,stable
RHOT2,-0.0163025800663643,0.118968202024829,0.300841394611399,stable
ARHGEF37,-0.0163112167157457,0.303077769928174,0.514233815934465,stable
KATNA1,-0.0163134480001405,0.731298698296647,0.840959105171986,stable
DMAP1,-0.0163163952006245,0.44300880470084,0.636649380280164,stable
BFSP1,-0.0163471601134318,0.0375895852909323,0.149623930510048,stable
TNNT1,-0.0163668199581311,0.321246744721276,0.532391568258253,stable
SSR1,-0.016384006983078,0.929534741522126,0.962263694177148,stable
PES1,-0.0163886739906171,0.109870216357077,0.286548650469151,stable
PTGR2,-0.0164011923219852,0.143899837811432,0.336376438369145,stable
IFT80,-0.0164152292654775,0.478297670118902,0.664321436569639,stable
CAAP1,-0.0164179050112093,0.475316886887442,0.661687008918356,stable
ZNF415,-0.0164198291925024,0.268275392921685,0.479617049173453,stable
ZNF19,-0.0164453333459697,0.598308177441418,0.751766046981844,stable
MCM5,-0.0164796293900293,0.380653441421664,0.586257102473758,stable
CDKL1,-0.0164949343940961,0.57262032375234,0.73480063379683,stable
KDM6A,-0.0164978300274397,0.0261141284114582,0.1190671785534,stable
SAMHD1,-0.0165039328908225,0.451520936589229,0.642944145931145,stable
PLEC,-0.0165119972456237,0.059215201749489,0.199136312250275,stable
MEGF9,-0.0165182068961878,0.907230132547221,0.947942656659307,stable
PDSS2,-0.0165456925389734,0.588835901594312,0.745194903179039,stable
DKFZP761J1410,-0.0165491146088959,0.0283814060059846,0.125518924391156,stable
MTOR,-0.0165743575479184,0.812621673632947,0.893751535753116,stable
ZNHIT2,-0.016582705870339,0.0905155472898308,0.256119788874579,stable
TSPAN8,-0.0165924955471888,0.136693192386177,0.325895387963632,stable
PEMT,-0.0165931144569444,0.398768579482109,0.601202160284817,stable
RARB,-0.016595006202169,0.155384719259545,0.351810114507998,stable
CCZ1B,-0.0166164361872368,0.371142761969831,0.57779535434529,stable
KIAA0020,-0.0166226069516558,0.83292518800201,0.903409531542372,stable
OPTN,-0.0166249477570692,0.21571528066912,0.424075842859331,stable
ZBTB7C,-0.0166442960886903,0.276518520066164,0.487210166451801,stable
DHX33,-0.0166631487409828,0.430234470271506,0.625793803615124,stable
SARS2,-0.0166648944640189,0.480747001958116,0.666127809524446,stable
CYB5R1,-0.0166660509056497,0.427230718483065,0.624025061111156,stable
SLC35C1,-0.0166681282448761,0.486027320983658,0.670038126290798,stable
DYX1C1,-0.0166761943325853,0.464341320609945,0.653477815235547,stable
EML3,-0.0166803416900166,0.701011686227072,0.821982431888703,stable
STX19,-0.0166889960767215,0.293102507322562,0.505058507120242,stable
SEMA3A,-0.0167061787197649,0.00762500786917005,0.0523346974692503,stable
CD200,-0.0167132634577243,0.325324809895869,0.53585266463798,stable
NRBP1,-0.0167155126933941,0.0479793774706743,0.173315576300686,stable
ZFYVE19,-0.0167264112676737,0.444870270661362,0.638417846118606,stable
CRAMP1L,-0.0167271454658753,0.502951094791403,0.682512675702721,stable
RRP1B,-0.0167587736021913,0.724266110093571,0.83633373604608,stable
KTI12,-0.0167670096234803,0.180999188346142,0.383720790555539,stable
THUMPD2,-0.016770065850139,0.715459919198736,0.830872373119282,stable
ANKAR,-0.0167877066361392,0.716778546377539,0.83152433111657,stable
SNAP47,-0.0167919993575322,0.327775359680904,0.538321375351252,stable
PDPK1,-0.0168036800975883,0.0549495795554552,0.189532635577281,stable
ARMC2,-0.0168076751511944,0.0994096585836462,0.270040814783665,stable
PSMB5,-0.0168083032519072,0.834127841828015,0.903896200641139,stable
SNW1,-0.0168139018961038,0.87906399787236,0.931248661928393,stable
SECISBP2,-0.0168213666254122,0.221425969818802,0.43025132015022,stable
MAP4K2,-0.0168280474964758,0.330529778270388,0.540882999943403,stable
ZNF610,-0.0168283632507016,0.269317033236385,0.480492146273533,stable
CPB2,-0.0168358269608747,0.0639689330434638,0.208188561640922,stable
NAGA,-0.0168364038803216,0.677233332510641,0.808071526979041,stable
KIF16B,-0.0168538302651975,0.41355484998645,0.612957794081211,stable
ASB7,-0.0168621249201878,0.296084277016586,0.507620505224509,stable
SETD5,-0.0168805122790931,0.560214816506272,0.726110044893096,stable
IL7R,-0.0168837992953683,0.450451874622212,0.642062000394347,stable
MGME1,-0.0169105014331169,0.315018980283352,0.525777172990673,stable
RALGDS,-0.0169140709634548,0.176771411540809,0.378366964572727,stable
L2HGDH,-0.0169172152826532,0.0297114335214668,0.128754870477181,stable
TRAF7,-0.0169259307926676,0.225626705421166,0.435153073034579,stable
ZNF668,-0.0169394539651259,0.529026366472469,0.702878279804098,stable
HAUS8,-0.0169396792219231,0.1336652432289,0.321448737601826,stable
GLMN,-0.0169433365640433,0.213961635980391,0.422531023945768,stable
SPG20,-0.0169551886642274,0.735939550790134,0.844161910844198,stable
ALPPL2,-0.0169554769998705,0.10804945610329,0.283432736353351,stable
GUSB,-0.0169743724003686,0.89767735034719,0.942472552662033,stable
C11orf70,-0.0169787588031131,0.00598689721498672,0.0445157126253027,stable
IGIP,-0.0169848355504823,0.168227147597272,0.368465983198182,stable
OGFOD3,-0.0170170031064709,0.504998509905398,0.683575104449158,stable
FAM229A,-0.0170183301755583,0.311305566479545,0.522432625569187,stable
POLB,-0.0170540593070694,0.463877533379414,0.653050670048365,stable
ARHGAP17,-0.0170546210678034,0.676596925694317,0.8076939006766,stable
POLG2,-0.0170702822550063,0.260115478987602,0.471750221476909,stable
DYNLRB2,-0.0170707443922841,0.331216950963829,0.541509543043105,stable
CCL4,-0.0170776032792689,0.315718235089354,0.52658475995801,stable
BRD8,-0.0170910267726211,0.00830934835110139,0.0553533919585087,stable
CENPJ,-0.0170948911482503,0.0109903308851491,0.0666397840972532,stable
AMZ2,-0.0171076418560141,0.766616001864487,0.864972679231261,stable
NSUN4,-0.0171259872344538,0.760561396233714,0.860684988172195,stable
NUP210,-0.0171283487209642,0.312005994581056,0.522908919866067,stable
IGFBP3,-0.0171293766453666,0.000771793318726917,0.00989968680809846,stable
KANSL2,-0.0171314591748239,0.646215771180301,0.786865383694392,stable
SPEN-AS1,-0.0171347679952104,0.770015384876578,0.867367127232887,stable
BACE2,-0.0171349245020191,0.513445965314417,0.690773000220496,stable
GNB1L,-0.0171485392537638,0.0622919196565082,0.205392497575298,stable
FERMT3,-0.0171493247777918,0.191443119345109,0.395119315687229,stable
POLR3F,-0.0171543081800831,0.498004365038975,0.679635145668146,stable
MFAP3,-0.017166743248367,0.012362794220778,0.0721349864223341,stable
ZDHHC3,-0.0171685722852312,0.865033736827174,0.922541650582392,stable
SNRPN,-0.0171712473384309,0.727923374233987,0.838970327616577,stable
RCL1,-0.0171733787771772,0.564007681135124,0.729421056840811,stable
SEPSECS-AS1,-0.0172011507900688,0.00900931258333619,0.0581042899960819,stable
PHLPP2,-0.0172062182381049,0.0179282324365727,0.0926318153086694,stable
TMEM39B,-0.0172180191485544,0.145072368853988,0.337638757694647,stable
HECTD2,-0.0172375045718405,0.310556181161313,0.521813925558282,stable
MKRN1,-0.0172378513366209,0.541840696881499,0.712829331172327,stable
BBS10,-0.0172399346939749,0.597833700276464,0.751468915026832,stable
SMIM1,-0.0172400355168321,0.730311619117123,0.840298308743195,stable
EOLA1-DT,-0.0172440119300615,0.406547009797762,0.607608588796655,stable
HPSE,-0.0172493382070245,0.0433221542183008,0.163489071960651,stable
SPI1,-0.0172608302527661,0.148722788826844,0.342951777140037,stable
PTDSS1,-0.0172760528950626,0.87189691258343,0.926474984212649,stable
NBPF11,-0.0172785508790072,0.000110284651905556,0.00218389343373015,stable
EED,-0.0173013922672984,0.517286008472451,0.693953486344078,stable
CCDC137,-0.0173060623015202,0.79111805554596,0.881169173619956,stable
HYPK,-0.01730778744289,0.130872600880374,0.317922629801608,stable
L3MBTL1,-0.0173082151982256,0.575400448645235,0.736821190471334,stable
NEK4,-0.0173086278228733,0.212902806215391,0.421196993912782,stable
ZNF512,-0.0173087412596392,0.726289472138754,0.837978081315588,stable
DHRS4-AS1,-0.0173190149712647,0.589445901598221,0.745667670613335,stable
FNTA,-0.0173202036325679,0.749519849838411,0.853641166908109,stable
METTL15,-0.0173205382590066,0.490913761383062,0.674337545695758,stable
RSL1D1,-0.0173287116620174,0.756812070772881,0.858929251171225,stable
INPP1,-0.0173358729264534,0.682586522921438,0.810673515699548,stable
SEPT6,-0.0173475022261393,0.253076280554236,0.465415637184999,stable
NOP2,-0.0173503444380249,0.685797917549695,0.812955173014688,stable
KXD1,-0.0173526179326409,0.260141771914431,0.471750221476909,stable
HIF1A-AS2,-0.0173768231916094,0.210055632114399,0.418331711789902,stable
UBR1,-0.0173821338366734,0.823472434751202,0.8983602893707,stable
ZNF346,-0.017399067996385,0.317525519081179,0.528445465656682,stable
BMP4,-0.0173994286091763,0.197468810593851,0.402779699766266,stable
ANKEF1,-0.0174136808943129,0.567020032393407,0.731762339102303,stable
CNBD2,-0.0174220625212231,0.4310015370017,0.626389583677183,stable
CYP7B1,-0.0174242707633887,0.14437325661443,0.336733197644495,stable
IGFALS,-0.0174243050991794,0.373818133730077,0.580481817418249,stable
CRYBG3,-0.0174349591480006,0.801269242810506,0.887443619109869,stable
CHMP4B,-0.0174399739116603,0.571507340115423,0.734335687383006,stable
IL15,-0.0174889966471341,0.686922699959134,0.813814991694171,stable
ELAC2,-0.017491757410503,0.0959673866375208,0.265348413086871,stable
OSER1,-0.0175061888270425,0.475700288051338,0.661915420549369,stable
MOB3C,-0.0175090428670591,0.0270477714845756,0.121555867142445,stable
STRADA,-0.0175098384574947,0.0942729877882888,0.262324835584804,stable
LGI3,-0.0175156560991955,0.0694616621116795,0.218389752482811,stable
MANBAL,-0.0175176963185062,0.0313559692650588,0.133181156461459,stable
YAE1D1,-0.0175454436742402,0.324749948940382,0.535724618400214,stable
PID1,-0.0175500521941446,0.21965656411468,0.428717709065275,stable
P2RY2,-0.0175696614379589,0.0298550014129378,0.1289111752991,stable
ST3GAL4,-0.0175768426209651,0.694557382886111,0.818663069772184,stable
MRE11A,-0.0175843737638524,0.618727877598097,0.767071965087134,stable
PLEKHG4B,-0.0175898931971414,0.306059278974111,0.517178411139,stable
TAF2,-0.0175988366398976,0.113734775205543,0.292693450971064,stable
LINC02894,-0.0176094961243175,0.250478249567893,0.462724213800503,stable
ZNF181,-0.0176287273896714,0.0337607013427285,0.139800410980187,stable
MPV17L2,-0.0176303712651763,0.509522654098189,0.687461912107755,stable
MIOS-DT,-0.0176337175719979,0.361396514744639,0.568413663952453,stable
ZSCAN16,-0.0176367688602443,0.240573135296684,0.451233450992576,stable
ZNF765,-0.0176391381266856,0.00289053894719217,0.0266470196760763,stable
CKS2,-0.0176698969390562,0.296230384954954,0.507686910826578,stable
NET1,-0.0176725063720444,0.762262703640638,0.861890601175022,stable
ZSCAN9,-0.0176831302755698,0.354373440866992,0.562253610863364,stable
UPRT,-0.0176839903660102,0.0590497955840516,0.199014254540791,stable
PPP3CC,-0.0176865710100939,0.126218462579553,0.311569969017056,stable
ZNF333,-0.0177107432601736,0.38949774265419,0.593180991062325,stable
PAAF1,-0.0177117752794366,0.475748552115205,0.661915420549369,stable
NME5,-0.0177180164943694,0.335273576559174,0.544780566244762,stable
ZNF280D,-0.0177257137212971,0.23614624000654,0.447394549242671,stable
LRRC2,-0.0177264274436595,0.0382224958719113,0.151354645137105,stable
AEBP2,-0.0177290225910653,0.491726539390934,0.674820944426492,stable
TYW1B,-0.0177328912467397,0.482613902029534,0.667682108916421,stable
PALM3,-0.0177396085766957,0.365842919779283,0.572900826464508,stable
PRIM2,-0.0177464850912006,0.262734604935423,0.474607331273918,stable
KDELR3,-0.017749223890249,0.0254546706564884,0.117108729433539,stable
L3MBTL2,-0.0177590765848453,0.343394300630626,0.552613471683619,stable
PPL,-0.017760942790679,0.434530666152633,0.629199581029351,stable
C12orf5,-0.0177677290508714,0.589388031477817,0.745667670613335,stable
ZNF286A,-0.0177679892513904,0.0226354531186307,0.108742259400979,stable
GPX1,-0.0177779823819941,0.0297255151401932,0.128754870477181,stable
SOCS1,-0.0177972393677017,0.0637011073231276,0.207704010647616,stable
SH3PXD2A,-0.0177974507500382,0.218888043447832,0.427973039524361,stable
COL16A1,-0.0178187125873395,0.0766652194744408,0.231486470278093,stable
CCDC30,-0.0178357932561765,0.119629960845358,0.301672406411614,stable
WDR91,-0.017841504855069,0.474747118961221,0.661217860932018,stable
RBM34,-0.017851016223002,0.483989887432328,0.668507614008223,stable
GORASP2,-0.0178709849033164,0.787882348075223,0.878988210538608,stable
HSCB,-0.0178711029715913,0.0494886833566108,0.177144850761702,stable
GPR146,-0.0178718135735555,0.338180527074274,0.547648775318721,stable
EP400P1,-0.0178721136426776,0.470326797071717,0.658339032108631,stable
RYK,-0.0178732145516729,0.836217090029013,0.90523536207179,stable
EXOSC3,-0.0178749854884721,0.62097694128286,0.768924445932099,stable
SLC5A7,-0.017887617963465,0.33272295397368,0.542511056339103,stable
WDR37,-0.0178959132811152,0.447262510533811,0.639389869557352,stable
FTSJ3,-0.0179044999197067,0.172579039150536,0.37321931553853,stable
IQCA1,-0.0179332017135025,0.494728222075348,0.677142289401977,stable
ZNF414,-0.0179347566403578,0.678975035473073,0.809202989237324,stable
RIPK3,-0.0179581050216854,0.356737566158009,0.56421673876891,stable
MEIS2,-0.0179643865402365,0.0969259811738465,0.266875135024749,stable
CDCA4,-0.0179723469681494,0.0471243173748605,0.171595965323293,stable
ZC3HC1,-0.0179830305142623,0.554005369368157,0.721850972267609,stable
FAM184A,-0.0179888844130543,0.744000447952901,0.849492833363109,stable
SMAD1,-0.0179901501519915,0.516326441964532,0.692970402566363,stable
CXCL3,-0.0179925100861944,0.723661478181514,0.836103123282283,stable
TNKS2,-0.017998377064874,0.867677654215848,0.924083824002117,stable
MCUR1,-0.0179995653695007,0.823186343410917,0.8983602893707,stable
SEPT1,-0.0180299839601473,0.190597144465074,0.394680421260959,stable
SLC52A2,-0.018058122192665,0.323975010701059,0.535081353180969,stable
OGFOD2,-0.0180645283831152,0.104369182037784,0.27749824601782,stable
TUBG2,-0.0180796266910651,0.425703215484676,0.623347467771787,stable
PIH1D2,-0.0180883905597393,0.00728848077765533,0.0506593312667687,stable
ASNA1,-0.0181227897553948,0.383839766857751,0.588862614215505,stable
KIAA1919,-0.0181416612370651,0.0199980697238122,0.10009563288728,stable
TMEM60,-0.0181497177284722,0.753842471372068,0.856808030688253,stable
SLC41A2,-0.0181547635894031,0.715542921208514,0.830872373119282,stable
CIMIP1,-0.0181565053695342,0.016959621128531,0.0892058557122043,stable
RNLS,-0.0181593851560984,0.187314620552399,0.391140061775285,stable
ANKHD1-EIF4EBP3,-0.0181632770627595,0.058619670090082,0.197911606739767,stable
FBXL16,-0.0181693846800981,0.00828415312399821,0.0552457652961016,stable
RNF25,-0.0181725241167029,0.248260654419075,0.459977816598464,stable
EAPP,-0.0182128196002124,0.0340142973781458,0.140408331068168,stable
CDH26,-0.0182166130115993,0.23767950034854,0.448570976109396,stable
HP1BP3,-0.0182244160091948,0.139250376173732,0.329612797194224,stable
ZNF552,-0.018242105987814,0.789218711106666,0.879916957731474,stable
LINC02975,-0.0182462303898741,0.00197074921770741,0.0200419620942224,stable
KLB,-0.0182486694878705,0.38029465664482,0.585924109254635,stable
INPP5E,-0.0182611241067493,0.715855898765069,0.830939370098205,stable
CLDND2,-0.0182640277971367,0.245144363238375,0.456013901746235,stable
PGPEP1,-0.0182824159034793,0.642215203947836,0.784024633282568,stable
NBEAL1,-0.018287866166448,0.898291466116668,0.94266141413835,stable
HEXIM2-AS1,-0.018308653426252,0.129842933810831,0.316490532981774,stable
CHPF2,-0.0183105854613869,0.152008120370689,0.347513533016615,stable
DOPEY2,-0.0183171209136994,0.700740036124437,0.821872571676868,stable
FBXW2,-0.0183194166505521,0.264388537177274,0.475640626870495,stable
CAHM,-0.0183238447394156,0.444212101996682,0.637853721932038,stable
USP9Y,-0.0183261405785541,0.533437475495851,0.706166309341703,stable
DDX43,-0.0183463896530027,0.0172768438643478,0.0901759775396189,stable
ERGIC2,-0.0183486327597309,0.0825884603355869,0.242198808332742,stable
ILRUN-AS1,-0.0183577540207094,0.301786907259097,0.512509468510031,stable
CHMP7,-0.0183854375306139,0.335805382783052,0.545286388160514,stable
MAPKAPK5,-0.0184221119773215,0.473321126963127,0.660537356975466,stable
CHTF8,-0.0184243232675546,0.186953911990181,0.390854219286467,stable
RBL2,-0.0184440890297689,0.178937865946502,0.380955026989818,stable
HADH,-0.0184508342795375,0.546464381607525,0.71635715223076,stable
TWIST2,-0.0184562516314244,0.0341449122973179,0.140676578335832,stable
COIL,-0.0184734189281213,0.790248135616018,0.880582790316336,stable
FAM131A,-0.0184822204208699,0.679065381341756,0.809202989237324,stable
SYP,-0.018483354366815,0.439124776535867,0.633450704316078,stable
TMEM216,-0.0184855060952482,0.236250815227032,0.447394549242671,stable
VWA8,-0.0184867927764266,0.143661053040341,0.336196683994149,stable
ZSCAN18,-0.0185183551894152,0.736106967399071,0.844161910844198,stable
FBF1,-0.0185449490299142,0.011847470541884,0.0701014825481311,stable
TRAF3IP2,-0.0185469483371938,0.197893280391401,0.403107392018744,stable
NBPF14,-0.018557627685203,0.51621801033683,0.69290186210332,stable
ZNF134,-0.0185741901380061,0.158521115645993,0.355784798315621,stable
USP34-DT,-0.0185783651897113,0.0718453117511394,0.222401110607321,stable
KCNQ3,-0.0185813991306683,0.177624064171958,0.379523568536963,stable
ATF5,-0.0185861556057037,0.507126094911369,0.685514694702706,stable
TRIM34,-0.0185968716006818,0.00911831157291767,0.0585718553165242,stable
ASAP3,-0.018606595319074,0.687128638817527,0.813901209390063,stable
LL0XNC01-250H12.3,-0.0186086474057884,0.190689018976376,0.394680421260959,stable
LRRC57,-0.0186122300564038,0.826145869774826,0.899671012216256,stable
FAM73B,-0.0186224054212017,0.523666682917079,0.699366495354351,stable
FAM110B,-0.0186241503616351,0.271760195625626,0.482552236789003,stable
CDCA7L,-0.0186481723481839,0.760305106037473,0.86064167732315,stable
TMEM260,-0.018655447352942,0.719487542674503,0.832861337277758,stable
SBF1,-0.0186600246233413,0.431697230032311,0.626878942731642,stable
MTFMT,-0.0186797883549597,0.457123883221747,0.648246212123276,stable
VHL,-0.0187042848693479,0.0200627968159124,0.100223795781656,stable
ZNF433,-0.0187161136694161,0.239646927067808,0.450285165737623,stable
SNAPC3,-0.0187303868112607,0.652068211171093,0.789900090511886,stable
CDKN2AIPNL,-0.0187389369782711,0.571043920533033,0.734024889582589,stable
SLC2A11,-0.0187556007161147,0.517031265085078,0.693834811983712,stable
RAB3D,-0.0187743663445673,0.34087606787247,0.550274327608623,stable
SUCLG2-DT,-0.018787305274228,0.0904272188470724,0.256112679144257,stable
ABCC1,-0.0188052951692033,0.868606078468114,0.924611108838778,stable
AP3S1,-0.0188146120959391,0.80580451468836,0.890263794137914,stable
GDPD1,-0.018816376268545,0.00743805853842317,0.0513199938244654,stable
PABIR3,-0.0188250874644092,0.0680797194053187,0.215262930680449,stable
ENTHD2,-0.0188345730388703,0.0991973125962593,0.269703725350684,stable
ZNF570,-0.0188376244667402,0.0729906187797723,0.224821693199214,stable
KIAA0141,-0.018839417002122,0.853155891702781,0.916202879357501,stable
SLMO1,-0.0188435398473671,0.0639058881164392,0.208188561640922,stable
MBLAC2,-0.0188487545137953,0.0422094712843582,0.16108915921948,stable
RNF31,-0.0188604087270841,0.0639344275452842,0.208188561640922,stable
CCT2,-0.0188701221603891,0.121150914231919,0.304158713405419,stable
PIGV,-0.0188762954241646,0.403536789692685,0.605107178263417,stable
TMEM106B,-0.0188789923683731,0.523925477018694,0.699559260630968,stable
PLK3,-0.0188862326572008,0.51354676127878,0.690832575093189,stable
H2AJ,-0.0188880507748697,0.898148446000788,0.94266141413835,stable
SEC61B,-0.0189014394094937,0.863781673816623,0.921849762592492,stable
POLH,-0.0189030961230328,0.428884423257375,0.624843018105297,stable
PASK,-0.0189103229524334,0.0385972442198211,0.152148569281875,stable
AIM1L,-0.0189321203266517,0.168067249457471,0.368219516052515,stable
ZNF852,-0.0189361207368104,0.0101463262426088,0.0632476756703976,stable
USP3,-0.0189464639508008,0.536501459057041,0.708676046282589,stable
LINC00662,-0.0189525828705068,0.473795823317376,0.661075236186692,stable
UBA3,-0.0189673772044461,0.82321231120032,0.8983602893707,stable
PEX2,-0.0189852502271875,0.353904758764884,0.561689401602433,stable
TMEM190,-0.0189965858574985,0.136014675154906,0.324925422922332,stable
ST8SIA4,-0.0190084587350298,0.000461868558377283,0.00674537784659966,stable
ANKRD42,-0.0190140093854641,0.274019134644695,0.484818338673723,stable
ZC3H12A,-0.0190146408857988,0.773674618216694,0.869811331064248,stable
MTX2,-0.0190194922268481,0.154880615590516,0.351254294059086,stable
ECE2,-0.0190281794907936,0.0193238500243027,0.0977259432050734,stable
DDX56,-0.0190306870270732,0.304541987963888,0.515750669113752,stable
MMADHC,-0.0190488548642662,0.818346391435483,0.896162901770336,stable
COMMD10,-0.0190606315204812,0.0366664193268948,0.147486117095084,stable
CIBAR1,-0.0190607464366639,0.445527222669534,0.638671793872338,stable
SLCO1A2,-0.0190786462403307,0.465903517088889,0.654335020969296,stable
QNG1,-0.0190812493482015,0.0602384599785351,0.201189872890058,stable
RFTN1,-0.0190992953114558,0.212112827662253,0.420442225611056,stable
MFSD3,-0.0191107984207513,0.634144643207957,0.777916284096143,stable
PAOX,-0.0191160924171377,0.123971504938692,0.308139015122116,stable
RAD51B,-0.0191313034948207,5.87738168009584e-05,0.00130154191408499,stable
PRKAB1,-0.0191413281413861,0.909357636603168,0.949759718885606,stable
RAPGEF3,-0.0191473283026803,0.042241876449657,0.161162514894072,stable
ZFAT,-0.0191603446094833,1.68943701396486e-05,0.000460967715547564,stable
UQCC4,-0.0191687518488436,0.670560765378151,0.803621058429658,stable
ZNF75D,-0.0191833251366243,0.395151114575748,0.597812775318557,stable
C19orf48P,-0.0191968935663518,0.0394627511524997,0.154315209296381,stable
CNTROB,-0.0192041353854821,0.31332177799586,0.523946021097317,stable
PHAF1,-0.0192059137311221,0.41696661286342,0.616559399745117,stable
TADA1,-0.0192341736558088,0.58238203791391,0.741643716164146,stable
PABPC1L,-0.0192347736655518,0.42686893229054,0.623787118453432,stable
GNLY,-0.0192476984189037,0.0631938576696478,0.206933221578831,stable
MAGOHB,-0.0192507943115458,0.262213016873718,0.474023963903625,stable
HAUS5,-0.0192613928772295,0.235484561247816,0.44732918052732,stable
BCKDK,-0.0192983090939409,0.0239499568082506,0.112749460847032,stable
NICOL1,-0.0193208308691077,0.116205498959937,0.296740342445429,stable
CNOT1,-0.0193243477355809,0.899539132228199,0.943212073456639,stable
THOC7,-0.0193275465166784,0.619957618502168,0.768051274812051,stable
COQ7,-0.0193402376509955,0.706566968175709,0.825702640227363,stable
MIR4519,-0.0193544142149682,0.0336322666432583,0.139504861705867,stable
DNASE1,-0.0193585111366469,0.331610372058538,0.541591491105766,stable
HMOX1,-0.0193649087536058,0.431616893571281,0.626878942731642,stable
NFATC4,-0.019367816255968,0.0338876277663404,0.140088725673232,stable
NUDT16L1,-0.0193757975570814,0.0406688964392917,0.157571026964787,stable
CATSPERG,-0.0194014073924438,0.331658200295112,0.541591491105766,stable
MCM7,-0.0194202488122435,0.238839448602824,0.449926555666653,stable
NELFA,-0.0194221885398699,0.140765391639777,0.332184584441049,stable
FKBP14,-0.0194228279551443,0.395651219918646,0.598273195483118,stable
PRKAA1,-0.0194260910179797,0.353464949999262,0.561363817779349,stable
HOMEZ,-0.0194410520875583,0.0630059794605483,0.206750911372253,stable
GAS6-AS1,-0.0194502161231882,0.104746221704253,0.278230728838068,stable
HIPK2,-0.0194756768211378,0.79430266120988,0.883650867367089,stable
ANKRD6,-0.0194837160149105,0.555212323582129,0.722796385699561,stable
SPG7,-0.019483888491007,0.831758086403457,0.902863256527626,stable
NFX1,-0.0194972208649555,0.363727333397873,0.570671106910666,stable
OSTC,-0.019504853997437,0.523112913785139,0.698908162598016,stable
EIF3C,-0.0195236747264518,0.255711860471659,0.468287907476489,stable
FAM200A,-0.019525358516527,0.371533442405617,0.578182660721357,stable
NOL11,-0.0195320156065054,0.328158942527055,0.538651333835945,stable
CCDC122,-0.0195499258904407,0.0260858302038241,0.119026946028946,stable
SANBR,-0.0195674077782247,0.119842797026846,0.302053268217767,stable
AQP3,-0.0195680346088206,0.0434783048087318,0.163699022854152,stable
SH3RF1,-0.0195707059109682,0.627920912703804,0.772747934852642,stable
GCA,-0.019579826293874,0.647647052622598,0.788008986639723,stable
CD2AP-DT,-0.0195897220123285,0.301627439032086,0.512509468510031,stable
TMEM143,-0.0195996395598102,0.0761361917270129,0.230539709603915,stable
ADAL,-0.019633357566335,0.215535105687473,0.423857968456189,stable
ARHGEF38,-0.0196443843788492,0.062938620782329,0.206706528867058,stable
EYA4,-0.0196641192655892,0.556722238399327,0.723919154099305,stable
EAF2,-0.0196800219181731,0.13522411417547,0.323796194256797,stable
SCYL1,-0.019691790011592,0.843897962650907,0.910245186221184,stable
BMAL1,-0.0196940766705443,0.676292781637578,0.807564151042522,stable
C6orf203,-0.0196985578830651,0.166541584558318,0.36671347644093,stable
RHOBTB1,-0.019702631287312,0.57636525691807,0.737361475726477,stable
CCL21,-0.019704906186589,0.398709689455647,0.601202160284817,stable
COQ10A,-0.0197267499444196,0.177963950628962,0.379722697240082,stable
ABCC5,-0.0197296139971182,0.229717990129644,0.44038196037629,stable
FZD4,-0.0197362222673132,0.0906286344355178,0.256245848478908,stable
ZNF891,-0.019762053466282,0.242030448857252,0.452803089916937,stable
PTPN6,-0.0197648767334245,0.460371258711112,0.651029486855513,stable
NUP155,-0.0197773077969218,0.0735237028718329,0.225590799173013,stable
THADA,-0.0197843776259932,0.763631169018125,0.86277515846616,stable
ROMO1,-0.0197878340074261,0.613385441332184,0.763099529278849,stable
RFXAP,-0.0197920938610854,0.136481347247721,0.325721981404948,stable
ARIH2OS,-0.0198075470461246,0.00987066687265265,0.0618764265904133,stable
hsa-mir-8072,-0.0198150001502532,0.0102980337453226,0.0638029216942849,stable
LITATS1,-0.0198460657786326,0.0276179681844394,0.122947125407011,stable
TUBD1,-0.0198529241668392,0.229907535944965,0.440514706968998,stable
FOXP2,-0.0198559452851509,0.00320817180669111,0.0287605549416816,stable
C2orf76,-0.0198664444524254,0.0996285431816456,0.270575274795031,stable
AFG2A,-0.0198695305490902,0.447389202308741,0.639486156340278,stable
MTO1,-0.0198865046751849,0.485317717688407,0.669585076864909,stable
TMEM57,-0.0198956417845256,0.260264909176156,0.471821210341359,stable
DUS3L,-0.0199007625835801,0.412649426259173,0.612447051962149,stable
NIT2,-0.0199083065961253,0.784995245474001,0.87725511275769,stable
NEAT1,-0.0199140070349624,0.947055749331438,0.972350871814841,stable
FPGT,-0.0199252786393189,0.167311276674356,0.367447546903939,stable
ENSG00000280649,-0.0199375420999684,0.115887059165824,0.296299608001009,stable
NAT6,-0.0199571620065455,0.264569357602416,0.475742251740501,stable
NBPF3,-0.019964778428809,0.00951285102132668,0.0604706660866861,stable
DMTF1,-0.0199678069317987,0.784404434107356,0.877051650972222,stable
PUS7L,-0.0199939100717561,0.378093469483321,0.583967354113222,stable
POMT1,-0.0200050863693642,0.500910010525126,0.681225204298708,stable
MAP9,-0.0200170409711644,0.780903295721037,0.87454211145371,stable
BOLA3-DT,-0.0200193006376187,0.00856815969993224,0.0564509560912326,stable
SLC25A40,-0.0200198504029482,0.002363747483044,0.022950317103042,stable
RERE,-0.0200623647975166,0.498704250187383,0.679768148337486,stable
PMAIP1,-0.0200626717889516,0.186826524211797,0.39078766077676,stable
SLC25A39,-0.0200683422721432,0.104068199438463,0.277132451129234,stable
H1-10-AS1,-0.0200699982957693,0.0203696641216319,0.101260176585128,stable
CFAP210,-0.020093411481842,0.144783931455298,0.337304893864983,stable
TRIM26,-0.0201010294988749,0.36315736233216,0.570082907043575,stable
DESI2,-0.0201032220782874,0.468386288465149,0.656444176085634,stable
FAM120C,-0.0201107740896166,0.154145301123864,0.350236461140913,stable
TMC7,-0.0201123152515683,0.03903791185236,0.153082195282956,stable
PDCD2,-0.0201278527958054,0.846413020888699,0.911964931823367,stable
ZNF410,-0.0201565743266246,0.0147832863411219,0.0811454388117979,stable
MYO16-AS1,-0.0201847728900374,0.280564448844665,0.491599216474129,stable
ARIH2,-0.0201966033263577,0.85088926855661,0.914879973510071,stable
ZNF623,-0.0202010910092668,0.445630820453075,0.638671793872338,stable
PBX1,-0.020202741867084,0.527183029559195,0.701638516838876,stable
ALDH5A1,-0.0202106333571945,0.595690647158722,0.749523629222919,stable
CAMK1,-0.0202144490526293,0.308968513261853,0.520439728002328,stable
RQCD1,-0.0202178085707016,0.649012055353715,0.788725322520873,stable
SENP8,-0.0202213442612528,0.0399388308536656,0.155388934163934,stable
ZFY,-0.0202280693714392,0.526442708146655,0.70118276918867,stable
TMEM2,-0.0202295701407511,0.294075042481906,0.506163520036443,stable
USP19,-0.0202423864669057,0.666931766530141,0.80076357077541,stable
POU2AF3,-0.0202450169581882,0.124775201160136,0.309381756385701,stable
EPB41,-0.0202512100570598,0.540535314645403,0.711785380397005,stable
PAPOLG,-0.0202524800273829,0.047785524693706,0.172921922396643,stable
U47924.27,-0.0202570781765422,0.638343865869854,0.781249040487895,stable
FRAS1,-0.0202829401636144,0.503560984676197,0.682885453370515,stable
EIF2AK4,-0.0202843006751427,0.198536979429377,0.403880185812067,stable
PEBP4,-0.0202874818945173,0.0190248211970596,0.0965778298641433,stable
NFU1,-0.0202896940345688,0.0195880562623941,0.0986179570640467,stable
TMEM168,-0.0202938203597633,0.722394973352393,0.835217039742566,stable
NAALADL2,-0.0203033183976312,0.105500911140257,0.279445967015927,stable
NIPAL2,-0.0203041593674615,0.00627360434981133,0.0458584973825684,stable
FAM47E,-0.0203065471996706,0.153179324314695,0.348914823351928,stable
TNFRSF10C,-0.0203171623861175,0.096666429546361,0.266678048922301,stable
FUT10,-0.0203396769059289,0.0313890985135726,0.133183040690702,stable
ACBD4,-0.0204073374068174,0.422300406514326,0.620700436639573,stable
DPM2,-0.0204105309236929,0.850774240530863,0.91483676251313,stable
SUV420H2,-0.020416901034906,0.426622703275308,0.623787118453432,stable
HLTF,-0.0204367845212279,0.33249939616503,0.54229120996949,stable
ZDHHC1,-0.0204401776425455,0.0169900411199985,0.0892193711519301,stable
TCN2,-0.0204445128192962,0.0541007741078332,0.187547502193539,stable
SREK1IP1,-0.0204616628568281,0.820750158754795,0.897460292151154,stable
WDR96,-0.0204887401286217,0.11765000462238,0.298744008413787,stable
ZC3H7A,-0.0205023288568332,0.861475129688236,0.920513285429109,stable
PANK4,-0.0205433624512756,0.191295624702298,0.395066348430628,stable
SHQ1,-0.0205491473307343,0.138417340026352,0.32835504841493,stable
SUMF1,-0.0205512808603351,0.683921833046204,0.811675775452117,stable
SNAP29,-0.0205834853266779,0.674939002175096,0.806610384183109,stable
MALT1,-0.0205847845048503,0.186166515176574,0.390307248836683,stable
ANKMY1,-0.0205875743239987,0.159998017545132,0.357321816857609,stable
RAB30-AS1,-0.0205890006814012,0.4828460277177,0.667682108916421,stable
HIBADH,-0.0205908526812214,0.696747939400711,0.819656126574371,stable
C6orf57,-0.0205966825434682,0.272146192975752,0.482762307783427,stable
RGS9,-0.0206092024155255,0.107984688801686,0.283384464558139,stable
TAF7,-0.0206412659202138,0.143318947075544,0.335847616679872,stable
TBC1D8,-0.020641456605345,0.0999188846490783,0.271062682190487,stable
CERK,-0.0206514817854522,0.570672783648376,0.733842216212681,stable
CILK1,-0.0206649212738236,0.333644348998743,0.54352221447697,stable
ZSCAN16-AS1,-0.0206656428830408,0.351268521697153,0.559292176059402,stable
FGD3,-0.0206884418140607,0.516218689314049,0.69290186210332,stable
CNDP2,-0.0207031243875544,0.643465134454547,0.784923441130863,stable
SNED1,-0.0207166563270711,0.0239430642953581,0.112749460847032,stable
ASB16-AS1,-0.0207290939288038,0.0285285903139241,0.125942032501772,stable
KCNIP1,-0.0207336701911612,0.252345025729096,0.464643096793535,stable
YTHDF3-DT,-0.0207588984018582,0.0080764796734744,0.0542753642268011,stable
LINC01138,-0.02077581223981,0.0301973357036583,0.129894216850886,stable
PAFAH1B3,-0.0207934536318251,0.70577149781194,0.825322400805365,stable
NTF4,-0.0208116660688086,0.281762505266463,0.492530368136315,stable
RNF113A,-0.0208170848467595,0.0410766529235879,0.158347841481532,stable
RXRB,-0.0208561540922942,0.667213843552566,0.80094491049657,stable
PDK3,-0.0208740002404877,0.00025787550559684,0.00421990653335446,stable
FASTKD5,-0.0208862001241865,0.364393770301307,0.571143665619076,stable
LUZP1,-0.0209011065490296,0.15909822759802,0.356520024593619,stable
A1BG,-0.0209045423265248,0.173635250311888,0.374738223836956,stable
NUMA1,-0.0209050458179057,0.0298403422541856,0.1289111752991,stable
ALPK1,-0.0209064641424659,0.531199233210085,0.704583376549063,stable
MGC32805,-0.0209241958490601,0.00878949296664926,0.0572417485478533,stable
TPP2,-0.0209268861825985,0.66024597349572,0.796115853651777,stable
CAPS2,-0.0209632705446815,0.102050101703904,0.274106887108005,stable
PSMA5,-0.0209721804623157,0.392984362781038,0.596124978346439,stable
ERP44,-0.0209733350248709,0.85148607187137,0.915360631655583,stable
SGSM3,-0.0209803346242775,0.0231012531872905,0.110136395850795,stable
TSGA10,-0.0209949763461709,0.172732089690822,0.373328344935832,stable
MCPH1-DT,-0.0210350202169952,0.016421939897285,0.0873557491965705,stable
SLC38A6,-0.0210751978852424,0.00269382148929181,0.0252390270014053,stable
PPP1R1C,-0.0210985261623118,0.212685574972476,0.420963158753812,stable
PCCA,-0.0211018804566377,0.118834720026306,0.300628232119529,stable
DOK1,-0.0211167222890436,0.112466595512361,0.290922582572462,stable
RIGI,-0.0211189367331277,0.0203352839548822,0.101212748804756,stable
UBR5-DT,-0.0212089537494301,0.00566869529255914,0.0428535134546957,stable
ROGDI,-0.0212338247535183,0.379999902439749,0.58580901665669,stable
NAAA,-0.0212351619890844,0.237361541012916,0.448386258281855,stable
RAD9A,-0.0212445884906366,0.692036235189183,0.816943596229124,stable
ZNF117,-0.0212452154289216,0.254625517769385,0.467001285128864,stable
WDR46,-0.0212633562203756,0.128371629094425,0.314901782825446,stable
BRE,-0.0212714157414888,0.591058907590512,0.746857978745753,stable
C14orf79,-0.0212740691074206,0.202013491376124,0.407830374662551,stable
DZIP3,-0.0212821266767953,0.338622147945039,0.54825392536161,stable
GTF2IRD2,-0.0212990741779332,0.0317168779313662,0.134079881742037,stable
DNAH17,-0.0213003522282951,0.259470549423742,0.471197244888258,stable
CCDC18,-0.0213055560549265,0.00747991543114855,0.0514833818864639,stable
OSBPL7,-0.0213114020558051,0.497888471699099,0.679635145668146,stable
HKR1,-0.0213543397093459,0.565279178326257,0.730458474141545,stable
IP6K1,-0.0213868045052291,0.136191184198395,0.325092957555396,stable
HSD17B1-AS1,-0.0213896367392703,0.0389330682398061,0.152929892726025,stable
CC2D2A,-0.0213973741380592,0.183465200056308,0.386402240780205,stable
PDE6D,-0.0214494100806464,0.51882623986087,0.695332963058795,stable
CDCP1,-0.0214495493638644,0.00455757423255135,0.0372182707222811,stable
ZBTB49,-0.0214569545925557,0.0159768146417108,0.0856919669289003,stable
RASGEF1B,-0.0214864058282058,0.0890580340673407,0.253704359925232,stable
ZNF585B,-0.0214943670021242,0.228357608161422,0.438414100932445,stable
ELMO2,-0.0214961306804938,0.351296247364536,0.559292176059402,stable
CDK2,-0.0215010767223111,0.595611721151789,0.749523629222919,stable
NFYA,-0.0215218915610212,0.00370605463734187,0.0319483863800191,stable
PIK3R1,-0.0215387681678562,0.39575315374776,0.598353314955179,stable
UTP6,-0.0215435463874644,0.372747034417625,0.579095840773769,stable
TSSC1,-0.0215517315567671,0.102384080169677,0.274461183332045,stable
SNX27,-0.0215974550655229,0.275942625173328,0.486671858334838,stable
TIFA,-0.0216010584872775,0.320833670906049,0.531851206015127,stable
EOLA2,-0.0216089365569219,0.257582760920672,0.469883848603835,stable
DHTKD1,-0.0216196865442981,0.16951916142897,0.370168315346146,stable
FNBP1,-0.0216215131034203,0.232545263089616,0.444022695408852,stable
ZNF394,-0.0216347049486329,0.038289450921535,0.151423567798397,stable
LINC02997,-0.0216598205235559,0.447071409453299,0.639305897043369,stable
NRM,-0.0216766147446716,0.139272364685889,0.329612797194224,stable
CDC42EP3,-0.021678664059531,0.285057242135429,0.496373180607335,stable
SPCS3,-0.0216858567714117,0.151214418036791,0.346525969897953,stable
TMEM256,-0.0216914141009524,0.730811784408939,0.840715532901832,stable
TRPM4,-0.0216999281803946,0.331064242226718,0.541509543043105,stable
BPHL,-0.0217154214311129,0.206701316167727,0.413944444435501,stable
ZNG1B,-0.0217206210206772,0.368884323809409,0.575819432287857,stable
TXNL4B,-0.0217579549553225,0.17573183729016,0.37691140108314,stable
SPMIP4,-0.0217629670349886,0.00634234968431016,0.0460932714274717,stable
MFSD5,-0.0217706947859246,0.172869869579468,0.373482022930261,stable
SEPT5,-0.0217745815215959,0.138086146624382,0.32808890108416,stable
IL17RA,-0.0218060632954154,0.380028264241455,0.58580901665669,stable
PLEKHG6,-0.0218127291182942,0.000110079158480894,0.00218389343373015,stable
PEX10,-0.0218449777114481,0.41096119455932,0.611792068206257,stable
CDK4,-0.0218587080429636,0.194432351006339,0.398879645508276,stable
ANGEL2,-0.0218730927939499,0.388972173352831,0.592786843891906,stable
MYO15B,-0.0218894808921918,0.00974615019767734,0.0613302763000212,stable
TEX9,-0.0218898098211296,0.020611382171996,0.101922951323009,stable
HYKK,-0.0218969746128707,0.226132683772493,0.435557352795685,stable
SLC25A35,-0.0218978914422878,0.000900286813144321,0.0112182528072132,stable
DDX60L,-0.0218982629764729,0.440472062618684,0.634645272683969,stable
PDIA5,-0.0219116507755893,0.225657340474983,0.435153073034579,stable
PPP1R16A,-0.021915375704268,0.289947609103825,0.501957169478141,stable
ZNF100,-0.0219267123520192,0.0880347642887623,0.252199896570384,stable
CEP43,-0.0219278469748087,0.468290957476803,0.656391315697333,stable
TDP2,-0.0219354129216962,0.693592455282593,0.818148622346272,stable
L3MBTL4,-0.0219398904936193,0.602611861620971,0.754829879195014,stable
REPS1,-0.021966860102938,0.375095804188892,0.581210687083916,stable
PCGF1,-0.0219767785122533,0.768667776139587,0.866408012497032,stable
PPIL2,-0.0219815959667452,0.442604303361196,0.63644218377688,stable
DGCR8,-0.0219870219900449,0.634504588057189,0.778186423639117,stable
MIPOL1,-0.0219945049972098,0.427614612888006,0.624025061111156,stable
NBPF19,-0.0219998147411923,0.416974522062572,0.616559399745117,stable
MTARC1,-0.0220062456049559,0.3792301305209,0.585095180548717,stable
KLHL11,-0.0220368388122505,0.00875179915691472,0.0570875095486262,stable
CPED1,-0.0220372902466214,0.129780224004926,0.316406736582973,stable
H4C16,-0.0220444324343578,0.0170699273149458,0.0895164270690251,stable
CAMKMT,-0.0220948794672431,0.408384238129525,0.609832510004314,stable
NSFL1C,-0.0220965338063436,0.432145526754754,0.627306367301996,stable
BCL3,-0.0221239404648975,0.040459665827589,0.156909566965878,stable
ZNF629,-0.0221421377409788,0.346883946514218,0.556179087380614,stable
PFKP,-0.0221439927589243,0.129565518428486,0.316212895472296,stable
ATR,-0.0221639016370814,0.269282539024566,0.480492146273533,stable
GSPT2,-0.0221658605325683,0.134512787675821,0.322709272370175,stable
TSPAN15,-0.0221770243493976,0.923755784504813,0.958491699328311,stable
DGKE,-0.0221790868253285,0.0614469528287959,0.203667991154881,stable
LACE1,-0.0221970485905641,0.00195711375416547,0.0199579125371559,stable
RASSF6,-0.0221986863191484,0.240509899246518,0.451233450992576,stable
ASTE1,-0.0222044776773684,0.00496381707484354,0.0393637451379173,stable
ZC3H3,-0.0222046164817207,0.289246845061326,0.501383073458543,stable
MTUS1-DT,-0.0222054137377839,0.00564965506131104,0.0428227318071729,stable
ACACA,-0.0222059881253746,0.360010952897601,0.567036965367901,stable
TDRD9,-0.02220796561922,0.0719813890763235,0.222646887669276,stable
STAP2,-0.0222217608730564,0.443690276048873,0.63732901697079,stable
APOM,-0.0222314711110915,0.00032553158250791,0.00513457814784089,stable
PIBF1,-0.0222446984839414,0.508802585959699,0.686717766453722,stable
NHERF2,-0.0222510423483824,0.736429616678072,0.844317729719822,stable
PCOLCE,-0.0222570197890655,0.257727940454835,0.469969985977354,stable
ZNF140,-0.022292505336724,0.324879466312237,0.535724618400214,stable
MFSD8,-0.0223040225686195,0.706130473232091,0.825407355032524,stable
NOPCHAP1,-0.0223095338388967,0.0872253410218259,0.250585797567756,stable
ACAD11,-0.0223218011349061,0.189576264006249,0.393381965206058,stable
BAG4,-0.0223272705724105,0.644784374928722,0.78590529455865,stable
THEM6,-0.0223383742210218,0.470613515748557,0.658641210472061,stable
FIGN,-0.0223577003336897,0.0204113624258749,0.101302677342223,stable
KNSTRN,-0.0223910762648625,0.0132306089412725,0.0756459137970606,stable
URGCP,-0.0223938012393164,0.325799001930219,0.536228221299986,stable
MTHFSD,-0.0224005208537714,0.0479142000678109,0.173131298146296,stable
CCBL2,-0.0224035209423662,0.116618893428522,0.297112060998738,stable
BCAS2,-0.0224103960650958,0.551837620732641,0.720164606076019,stable
SYMPK,-0.0224265038500511,0.785888514917118,0.877546455569874,stable
ATG2B,-0.0224436179406076,0.613401175940279,0.763099529278849,stable
HUS1,-0.0224619328768083,0.0347245280506096,0.141894297074326,stable
CARD8,-0.0224621520923593,0.415568925668662,0.615076225617354,stable
BRICD5,-0.0224733399054828,0.400365472312349,0.602346773359527,stable
DSC2,-0.0224968727777554,0.797965555577553,0.885498397232953,stable
ZNF667-AS1,-0.0225104440669536,0.00959275483802969,0.0606945316460015,stable
SAA1,-0.022511113769121,0.0748971683967911,0.228436379654529,stable
ZNF655,-0.0225199806898683,0.74758975013084,0.852316462003301,stable
H6PD,-0.0225238253314099,0.389566180975813,0.593180991062325,stable
GIGYF1,-0.0225318329200608,0.539593317345932,0.71131119500018,stable
LTA4H,-0.0225335778829371,0.114890529084728,0.294758221624649,stable
CDC42EP1,-0.0225541913574626,0.438863622927406,0.633148699004439,stable
SLC26A2,-0.0225591854640818,0.531964311004896,0.704979589952715,stable
ACTR3C,-0.0225601548180908,0.319150236289817,0.530152303203929,stable
MIPEP,-0.0225637548565663,0.406085092048946,0.607289474578703,stable
ISOC1,-0.0225941507421415,0.748649870527494,0.852991625932029,stable
TRMT5,-0.0226084461134178,0.253190688576424,0.465483979118396,stable
SMPDL3A,-0.0226304632867646,0.126579244453479,0.312397473086883,stable
POFUT2,-0.0226597669656002,0.0325818642264193,0.13662381899468,stable
GLCE,-0.0226725488382299,0.010312143897688,0.063825644053336,stable
PDLIM4,-0.0226801987547638,0.13048869423291,0.317431601652357,stable
SF3A3,-0.0227003839375275,0.151150697342874,0.346524029317196,stable
MYO5A,-0.0227043807607111,0.474082873105376,0.661101451637334,stable
GMPR,-0.0227211432193199,0.282064427831737,0.492846707520748,stable
RNF185,-0.0227223122584622,0.295373011420017,0.507196621061394,stable
ZFAND4,-0.0227477058851678,0.0763069735455026,0.23079252034895,stable
IRX2-DT,-0.0227626219135564,0.929874105931593,0.962343988937045,stable
TEP1,-0.0227811676021559,0.440589554227193,0.634664943539147,stable
P2RX4,-0.0227862053045593,0.674495162176716,0.806359790948477,stable
DCUN1D5,-0.0227995965131455,0.759480714880628,0.860336600750699,stable
SRRM4,-0.0228273448936902,0.0496713672462378,0.177652683240116,stable
FARS2,-0.0228644481362514,0.535706334140888,0.708096261736399,stable
GALNS,-0.0228726327197781,0.214393660141954,0.422769495333965,stable
ZDHHC15,-0.0228959733688086,0.00233496730215939,0.0227398641323477,stable
ARMCX4,-0.0229174105481324,0.213418669602474,0.421867693599715,stable
HSH2D,-0.0229205384721804,0.00962474222972767,0.06080250595152,stable
UFM1,-0.0229293946430764,0.583884992544135,0.742474789229117,stable
LINC00478,-0.0229341256444873,0.0574626889608432,0.195226211744677,stable
ZZEF1,-0.0229407563411891,0.729577221378026,0.839787113005716,stable
NPIPB5,-0.0229424554389927,0.594955178572945,0.749523629222919,stable
AP1G1,-0.0229456705524277,0.885485713850028,0.935376543907945,stable
LINC01123,-0.0229668926833674,0.00701090201654257,0.04935036919749,stable
CRKL,-0.0229906867483789,0.64201992294235,0.783941813552782,stable
DLEC1,-0.0229946453251286,0.000989743115770217,0.012038427708632,stable
LRRK2,-0.0229956104633787,0.0695368168238868,0.218447459400552,stable
C5orf63,-0.0229974648880056,0.0885331399694545,0.253034627773348,stable
COBL,-0.023019765026136,0.249454839356329,0.461367760811322,stable
ETHE1,-0.0230237233747793,0.425746728438044,0.623347467771787,stable
ZNF250,-0.023028552783957,0.208528402069887,0.416239579833818,stable
CLASP2,-0.0230659436817842,0.776274740760022,0.872007207411368,stable
ARHGAP5-AS1,-0.02307681456648,0.252453293437668,0.464643096793535,stable
WRAP73,-0.0230796441838432,0.40625974258106,0.607419381402682,stable
PIP5KL1,-0.02308154461175,0.0706137239766927,0.220480756549449,stable
GLOD5,-0.0230952709538997,0.0397981747794289,0.155032787923435,stable
PTPRS,-0.0231342183552807,0.645774172882536,0.786661005392999,stable
GORASP1,-0.0231435740137546,0.702772507492075,0.823178529281633,stable
TBC1D2B,-0.0231624232293032,0.191037714155036,0.39500084875358,stable
NCAPD2,-0.0231808095817036,0.125835255001405,0.311036206566895,stable
ZNF600,-0.0231810612720338,0.271168296533157,0.481974566822954,stable
BPIFB1,-0.023192622584923,0.41344354925912,0.612957794081211,stable
TIMELESS,-0.023250983800471,0.0551093510838068,0.189922951127278,stable
SLC16A4,-0.023263321790568,0.597470765343648,0.751347344233513,stable
MTFR1L,-0.0232672829970745,0.69718956035115,0.819938924930966,stable
CHD9,-0.0233099430754921,0.740353104373777,0.846847154153896,stable
APPL2,-0.0233325566654349,0.463778021098166,0.653050670048365,stable
BTN2A2,-0.0233385624578746,0.190761247054762,0.394747523701402,stable
TCEAL1,-0.0233785241091338,0.676155290952889,0.807554692389655,stable
ARSK,-0.0233994218079649,0.617672838932528,0.766152489407531,stable
RBM25,-0.0234131211146394,0.461548383660909,0.651723165284851,stable
NPC1,-0.023414732238282,0.800432405136862,0.886838187292033,stable
HEATR6,-0.0234527628514419,0.5292939174372,0.702930234243179,stable
CAPN1-AS1,-0.0234631206815258,0.0671521220524289,0.213687439199768,stable
AFF3,-0.0235045348229994,0.0413024484691139,0.159067778855214,stable
RIOK1,-0.0235365088319065,0.395533509980608,0.59824321034434,stable
EDEM3,-0.0235532999371682,0.122821230108871,0.30638633113475,stable
ENSG00000281571,-0.0235716400518827,0.000237307824705145,0.00393069220758224,stable
KLHDC3,-0.0235721695007315,0.59525150799274,0.749523629222919,stable
BLOC1S5,-0.0235895672011439,0.0388016256731787,0.152639896566583,stable
SELK,-0.0236005855831195,0.21102430994874,0.419277507690342,stable
SRA1,-0.0236082192223848,0.194390583651154,0.398879645508276,stable
SNRNP40,-0.0236273225028258,0.326738735394511,0.537268536650862,stable
TYK2,-0.0236536045714284,0.584279816211728,0.742822306122949,stable
TMEM161B,-0.023691885575211,0.11907808884193,0.30101175193808,stable
TOR1B,-0.0237008092950325,0.222419789754073,0.431331034285025,stable
IL17RC,-0.0237142755322161,0.104895905789953,0.278452664890479,stable
IRF3,-0.0237368891456609,0.00689677424288487,0.0488846186465952,stable
MTHFD2L,-0.0237675746951776,0.405628986469726,0.606904373391179,stable
VPS37C,-0.0237822386900716,0.172568651664746,0.37321931553853,stable
SLC7A6OS,-0.0237841114520155,0.120865138137427,0.303628328933809,stable
TADA2A,-0.0237907315652861,0.384859260205316,0.589686587709924,stable
MAN1A1,-0.0238138811110464,0.0850241640618409,0.246171336213156,stable
ST6GALNAC4,-0.0238150055386161,0.498235225908912,0.679635145668146,stable
SUV420H1,-0.0238196320041144,0.462042780598469,0.651969404367504,stable
MAPK4,-0.0238294795734254,0.363528151878275,0.570445202639285,stable
CARKD,-0.023855171122556,0.224388422022262,0.433912287748468,stable
THOC5,-0.0238881973913946,0.00285727256563095,0.0263801358325323,stable
LRCH4,-0.023906917742014,0.758472856032094,0.859630394251273,stable
ARHGEF17-AS1,-0.0239218167541906,0.0279243360442886,0.123900147920576,stable
HAUS2,-0.0239302274972649,0.498070253084181,0.679635145668146,stable
DUOXA1,-0.023946008979616,0.0794531390455076,0.235908470170582,stable
CD83,-0.0239516032338453,0.13019647295854,0.316973050277872,stable
ERO1LB,-0.0239958844755734,0.450893803451965,0.642425711869685,stable
CRTAP,-0.0240093372451014,0.785037113748066,0.87725511275769,stable
RANBP3,-0.0240153624973617,0.375422362058584,0.581555525037214,stable
FAM53C,-0.0240172508488315,0.547704370941875,0.717054538973277,stable
TRMT11,-0.0240458645152429,0.673962487789604,0.805959445386433,stable
PPIP5K2,-0.0240642997098896,0.722441835983315,0.835217039742566,stable
MUS81,-0.0240704350102841,0.0345141350085168,0.141531130090298,stable
C1orf123,-0.0240750201972827,0.0997089298773968,0.270733442652443,stable
RPP30,-0.0240936941636843,0.498328614305444,0.679635145668146,stable
COPS2,-0.0242307659545203,0.247177789188054,0.458706739795775,stable
MGMT,-0.0242336883607628,0.533821007986912,0.706597509651545,stable
LRIG2,-0.0242349130062098,0.509507330748012,0.687461912107755,stable
TMEM150A,-0.0242577487936229,0.820280498590235,0.897287538423479,stable
AP4E1,-0.0242644239325004,0.0281830845760507,0.124732087566127,stable
MLYCD,-0.0242881397056118,0.244093443657487,0.45512481013867,stable
IPP,-0.0242998945792469,0.014145837450808,0.0786351600721585,stable
PBX4,-0.0243078976137519,0.217557810438178,0.426449318256202,stable
FAF2,-0.0243366465028921,0.187478715504272,0.391211756550593,stable
LSG1,-0.0243640332263126,0.556737890026797,0.723919154099305,stable
CR381653.1,-0.0243707246740282,0.00487404859429732,0.0388905809508424,stable
INTU,-0.0243792025696704,0.477832905475897,0.66397970177758,stable
SLC22A18,-0.0244199841326613,0.508501630214829,0.686694400318263,stable
KIFC3,-0.0244678466998537,0.397671256364258,0.600214031089849,stable
UBR4,-0.0244762365009151,0.388427983156985,0.59262901474176,stable
LPHN1,-0.0244828262631188,0.149922377981524,0.344937163268615,stable
ZNF596,-0.0245032308707919,0.0748931892367673,0.228436379654529,stable
TBC1D24,-0.0245158699225761,0.677693590990496,0.808207459148081,stable
FRMD3,-0.0245243153423316,0.374247667902019,0.58071577965056,stable
NAPB,-0.0245254411893396,0.20609557578871,0.413062002598434,stable
ZW10,-0.0245285335067797,0.228388497606169,0.438414100932445,stable
DNAJC3-AS1,-0.0245296868052545,0.00747724084755777,0.0514833818864639,stable
C1orf131,-0.0245516326253369,0.0914423469155697,0.257259205683757,stable
PRAG1,-0.0245548789303149,0.142982815737632,0.335474460571366,stable
ESRP1,-0.0245621404241922,0.30106924129471,0.512144503978087,stable
LRP1,-0.0245752912794809,0.311190815400935,0.522311757168891,stable
MAST3,-0.024579908699703,0.0309904940003363,0.132133867687517,stable
COPA,-0.0245861663075558,0.554249738333012,0.721989984771933,stable
ERCC6L2,-0.0245877530765348,0.329386356998194,0.539879167061669,stable
ZFP14,-0.0245886040458105,0.155147317417542,0.351663417042839,stable
GLTSCR1,-0.0246006661934848,0.397018538031066,0.599450915129911,stable
USP39,-0.0246128751062163,0.498888509902843,0.679943488131604,stable
EDN3,-0.0246284677358636,0.0886064260232576,0.253153135663739,stable
GEMIN7,-0.0246437046682162,0.00463817033567877,0.03765902220574,stable
DHX35,-0.0246493932220618,0.105102067607416,0.278834982634378,stable
STIM2,-0.0246665282869456,0.0177693563855755,0.09231305246803,stable
BOLA1,-0.0246772089057265,0.407226887164125,0.608372093770091,stable
PCED1A,-0.0246873165092578,0.0314716498346828,0.133486970013589,stable
CUL9,-0.0246956959375542,0.466391815037341,0.654630100702314,stable
DMXL1,-0.0247044289945412,0.279094172520373,0.490038374732697,stable
PIGO,-0.0247173481705619,0.0278003058979835,0.12356059412709,stable
THRA,-0.024719253439221,0.605695487834721,0.756747919387943,stable
GART,-0.0247196471061163,0.41326962444754,0.612860352935427,stable
LDOC1,-0.0247567550110865,0.218266424856435,0.427646862869861,stable
TOP3B,-0.0247944024719872,0.486988577730508,0.670905936456411,stable
MAD2L2,-0.0248012667373847,0.0975866328505111,0.267586137273362,stable
EMC2,-0.0248302710759786,0.0764664390020576,0.231071558819944,stable
HECTD3,-0.0248386073408287,0.18618141099204,0.390307248836683,stable
APIP,-0.0248404803984172,0.520155757516654,0.696046412685668,stable
ZNF862,-0.024873280789705,0.419509202238331,0.618437106628239,stable
ATXN1-AS1,-0.0248794364426195,0.0212537471638216,0.1039639076953,stable
TBPL1,-0.0248849316233723,0.0318483074764776,0.134338754517758,stable
TSR2,-0.0248996609809792,0.132597985114561,0.319952185163916,stable
AARS2,-0.0249098603261431,0.0328793824764147,0.137454709778281,stable
INHBB,-0.024919831723683,0.0455941192441985,0.168279744456848,stable
ELMOD3,-0.0249236136837366,0.583157121831689,0.742089595801641,stable
CYP20A1,-0.0249270699295446,0.427783389699894,0.624025061111156,stable
SLC20A1,-0.0249308062990859,0.499027327244627,0.679981055427302,stable
CLASRP,-0.0249333713367439,0.780296336757732,0.874355341509443,stable
UIMC1,-0.0249349133936035,0.557751384971355,0.724294410095243,stable
ACAP3,-0.0249426804067742,0.443826548124168,0.637449855982826,stable
MAU2,-0.0249454035233684,0.404257907400379,0.605742664876468,stable
ILVBL,-0.0249557192181756,0.608709984733025,0.75909280694746,stable
CEP85,-0.0249557682308643,0.15571468375688,0.352165826872175,stable
CEP68,-0.024967533731076,0.159664743475608,0.357189347613356,stable
ZNF780A,-0.0250220047002166,0.0902628838382319,0.255706487146824,stable
PEX3,-0.0250404150000446,0.295855280806763,0.507441413298985,stable
CBLB,-0.0250406907997973,0.349124542822612,0.557869073393936,stable
FZD3,-0.0250426937077737,0.174858835461392,0.375984943655243,stable
CCDC132,-0.0251113916035542,0.38511701903615,0.589785823189413,stable
C4orf29,-0.0251218781988618,0.223903042377874,0.43334243033995,stable
PER3,-0.0251492180058661,0.657079468681443,0.793831059221589,stable
SIGMAR1,-0.0251792369573812,0.475751708519859,0.661915420549369,stable
SGCB,-0.0251844050150076,0.296612268859027,0.508026954537305,stable
UVSSA,-0.0251901268474957,0.0450584274282985,0.167178556024875,stable
TMEM220,-0.0252428407060093,0.180309990699481,0.382923788448655,stable
YAF2,-0.0252463817347785,0.550661447746282,0.719413723376596,stable
KMT2E-AS1,-0.0252692994407644,0.497137783902004,0.679016150139426,stable
OAT,-0.0252925550980792,0.731540666918906,0.84107911140112,stable
WRB,-0.0252937385741974,0.421857647477905,0.620371858868411,stable
SF3A1,-0.0253072273859434,0.415052775639569,0.614609103879756,stable
PRSS16,-0.025313682011677,0.219016038506079,0.428154814440798,stable
LINC02210-CRHR1,-0.0253157318663475,0.00146479762047066,0.0161309629870354,stable
DUSP2,-0.0253195698445849,0.130806817163825,0.317834791141675,stable
DCP1B,-0.0253346732064719,0.00151370340442555,0.0164621978787348,stable
VDR,-0.0253463579389746,0.23859074563626,0.44966567906983,stable
GAB1,-0.0253492096090723,0.624304155094496,0.770616977926207,stable
INTS8,-0.0253586652629309,0.455858515013666,0.646875650640325,stable
SETD4,-0.0253674332106634,0.255309393599013,0.467986317934575,stable
DROSHA,-0.0253756999310931,0.527251144770571,0.701638516838876,stable
ZNF808,-0.0253849583256182,0.129204305379896,0.315815522688233,stable
AD000090.2,-0.0253971014999645,0.0157742529536336,0.0848784016320861,stable
MAN1B1,-0.0254122522342798,0.602756825401069,0.754885478367135,stable
VGLL1,-0.0254212971420067,0.0723659603688181,0.223395230191855,stable
ATP5S,-0.0254491573994543,0.263173465193625,0.474827286940875,stable
FBXO34,-0.0254556064899958,0.153962447216048,0.350016171614092,stable
MAN2A2,-0.0254777957473486,0.719186641153074,0.832712710015972,stable
PPAP2B,-0.0254778831842907,0.0871539831516342,0.250564933919283,stable
ZNF778,-0.0254859842975776,0.208169993393455,0.415727822127364,stable
USF1,-0.0254981491608236,0.364090706472258,0.570815030898664,stable
MAFB,-0.0254988451433634,0.150198767959091,0.345378054840468,stable
PRMT7,-0.0255115685281817,0.434729798303296,0.629338826913724,stable
EXD3,-0.025568441198505,0.3966756777693,0.59920770679444,stable
ULK2,-0.0255725921861516,0.340905389641697,0.550274327608623,stable
YPEL1,-0.0255841062314398,0.371324168984108,0.578004156584965,stable
IGFBP2,-0.0255910306916099,0.171312788316241,0.372337913439615,stable
N4BP2L1,-0.0255934786612806,0.570046761051497,0.733162311209345,stable
ATP6V1C1,-0.0256057670714788,0.673689238350284,0.805797336862348,stable
SRP14-DT,-0.0256163223463455,0.211664960790489,0.420022919447995,stable
RFWD3,-0.0256330375098897,0.156916106755445,0.353900828224826,stable
GDAP2,-0.0256437861677172,0.374983463000522,0.581208425102009,stable
ZNF444,-0.0256494364630763,0.674583925466193,0.806387043311045,stable
RND1,-0.0256502262571311,0.462311804291383,0.65212318205145,stable
OAZ2,-0.025652870604725,0.764250817983894,0.863260210592785,stable
TXNL1,-0.025659120006072,0.219647138912371,0.428717709065275,stable
GLYCTK,-0.0256662950740377,0.0919907297000032,0.258089208136984,stable
USP30,-0.0256761449282277,0.0399899597586445,0.15542043068438,stable
TMEM254,-0.025677321327995,0.471432599259465,0.659207514681732,stable
HDAC6,-0.0256890078932574,0.0157171938343195,0.0847120711775667,stable
CHCHD7,-0.025711480820196,0.779740555172937,0.874061322795583,stable
UBR2,-0.0257191026353359,0.864056102791859,0.922000984894365,stable
AK9,-0.0257306481578852,0.377441487783812,0.583513942920111,stable
DHX30,-0.0257328878047718,0.156656767070729,0.353576868661851,stable
NAPRT1,-0.0257355864623118,0.546400686908259,0.71635715223076,stable
TIMM22,-0.0257428638551601,0.618074102864306,0.766494656935505,stable
GBP3,-0.0257702294794549,0.244325104236908,0.455417821621221,stable
COL6A1,-0.0257713694425321,0.269841722454807,0.480837494939877,stable
TRAF6,-0.0257733587534457,0.189917848215095,0.393724996109404,stable
SLC6A9,-0.0257791859078677,0.0519825706873333,0.18299543081575,stable
PPIL3,-0.0257908769900987,0.240861112358777,0.451646914783508,stable
THNSL2,-0.0258007592211304,0.401855055315099,0.603491073104867,stable
HBS1L,-0.0258144959078841,0.251258387216427,0.463509529161908,stable
C15orf39,-0.0258317960317888,0.424530086103162,0.622386156455391,stable
LARS2,-0.0258407607902432,0.0859283234257791,0.247791419098071,stable
INTS9,-0.025847971021498,0.068165101023434,0.215421456802083,stable
LCAT,-0.0258683217268841,0.223499243826434,0.432835037473753,stable
PNPLA8,-0.0258781916346603,0.552091268660367,0.720252259136,stable
INVS,-0.0258841506073587,0.189064825090501,0.392915406648468,stable
GFOD2,-0.025900906908318,0.000105640983604793,0.00211351126609654,stable
ZNF585A,-0.0259133990986658,0.0619277908093829,0.204596031041594,stable
ATP13A1,-0.0259145415227109,0.532640901261703,0.705570261922741,stable
GPM6A,-0.0259182312329204,0.38574389032825,0.590506468849206,stable
CSF3R,-0.0259405473554155,0.0837279888205304,0.244125477117395,stable
BANP,-0.0259626207731276,0.473174423764984,0.660434363565102,stable
INO80C,-0.0259682109826825,0.69597838882587,0.819302756645554,stable
CAPN13,-0.0259702338529906,0.539569713614581,0.71131119500018,stable
RTN2,-0.0259805837880871,0.0342781301837111,0.140962437809917,stable
TOM1L2,-0.0259911408259989,0.734536091079098,0.842937399300685,stable
ZNF211,-0.0260056507072584,0.0758656574666677,0.230119552573833,stable
CFAP96,-0.0260160771580481,0.00343771523244711,0.0301670000010291,stable
HNRNPU,-0.0260213227059898,0.848213726177197,0.913211873020889,stable
PER2,-0.0260253175390177,0.350630311641159,0.558814202021059,stable
ZNF251,-0.0260430678041158,0.0201215733902849,0.100394331886875,stable
GBP1,-0.0260441431769067,0.410067991990976,0.611003307422927,stable
STX17,-0.026049113475981,0.642043894092074,0.783941813552782,stable
TTPA,-0.026089770895294,0.0108713008727601,0.0661148168500597,stable
MT1F,-0.0260913610330991,0.0986633461595836,0.268849920520453,stable
MLLT10,-0.0260971145986555,0.491390128930722,0.67446136717372,stable
KEAP1,-0.0261072824899019,0.518431225807913,0.695032167610872,stable
ALAD,-0.026110560792808,0.2376057154918,0.448500967599099,stable
PSIP1,-0.0261611090269858,0.778788837977042,0.873466809379885,stable
SLC19A2,-0.026174973107373,0.558877966900818,0.725390132448035,stable
SENP7,-0.0261885412401851,0.305870673752918,0.517033607991102,stable
TMEM67,-0.0262319207712663,0.09658887815345,0.266584431372268,stable
BACE1,-0.0262362761955955,0.355418168495108,0.563269177904571,stable
INO80D-AS1,-0.0262488160578301,0.0153310276164249,0.0831070871765756,stable
PSD4,-0.0262536918965282,0.134823659424219,0.323280583130965,stable
CEP89,-0.0262893211107118,0.460816158525058,0.651451666674034,stable
MAX,-0.0262926498246524,0.695659947833518,0.819216419143124,stable
RPUSD1,-0.026296543261717,0.000948093265847964,0.0116558994343039,stable
GNPDA1,-0.0263011786127098,0.123750017464691,0.307814831519616,stable
LINC03052,-0.0263402908552555,0.0125361360710389,0.0728681537481597,stable
LINC03007,-0.0263460965971629,0.00556079464238197,0.0425110404680908,stable
RAD23A,-0.0263637502397551,0.770256817848932,0.867559139536105,stable
SART3,-0.0263646800223323,0.496380728393691,0.678416594799249,stable
ALG9,-0.0263662835696725,0.126679372838945,0.312479335645337,stable
MTHFR,-0.0263753056525413,0.04547045564885,0.168184908687478,stable
MBOAT2,-0.0263976461913407,0.559021321521745,0.725422148012931,stable
ZFC3H1,-0.0264068308011003,0.606985472869095,0.757662659078098,stable
MUM1,-0.0264111489600099,0.65093331576296,0.789385798798256,stable
METTL23,-0.0264386909927377,0.650897301598249,0.789385798798256,stable
TEC,-0.0264398569323756,0.378060207221305,0.583967354113222,stable
KLC2,-0.0264560867710828,0.392338095022751,0.595621072225299,stable
MBTD1,-0.0264626778129609,0.145092964182754,0.337638757694647,stable
AP5Z1,-0.0264893452583158,0.420536531112901,0.619279430950982,stable
CCDC146,-0.0265080608152668,0.215865970055736,0.424273262765845,stable
CHAMP1,-0.0265085218675644,0.38822121022589,0.592535406892407,stable
HILPDA,-0.026526420949772,0.0123188886408864,0.071981880853822,stable
FAM206A,-0.0265450617618317,0.0291500152910268,0.127270311899727,stable
POC1B,-0.0265577054472669,0.148038941531231,0.34163262625595,stable
HINFP,-0.0265751296584444,0.283656691242072,0.494922252880861,stable
ZNF649,-0.0265925219645824,0.115710328189272,0.296150880410038,stable
TMEM53,-0.0265938386348772,0.340480154093454,0.54995103113615,stable
TNFRSF10B,-0.0266116268283547,0.465840930099897,0.654335020969296,stable
TMEM230,-0.0266314276170103,0.867764906390731,0.924083824002117,stable
STEAP3,-0.0266471610349967,0.0111566124590614,0.0671878157641668,stable
EML2,-0.0266913472065433,0.279875405416938,0.490986933957614,stable
ST7L,-0.0267049354660738,0.203389964016298,0.409533920898652,stable
SMC5-AS1,-0.0267336611591441,0.132378521369744,0.319864606685857,stable
DYM,-0.0267506007885511,0.0151091891908592,0.0823427234369428,stable
CFAP119,-0.0267553301792073,0.0737953409876862,0.226090806731392,stable
LRWD1,-0.0267615584831165,0.0435886576001053,0.163997460912184,stable
PELO,-0.0267623340970162,0.447965294542045,0.64001025718583,stable
ANO9,-0.0267672420459746,0.697084457142801,0.819894198413702,stable
FAM98A,-0.0267935983100997,0.0355015028802299,0.144416096907797,stable
HARS2,-0.0267998313024346,0.524581636205463,0.699976631478614,stable
RBM14,-0.0268117233982268,0.256470809221758,0.468941454778014,stable
MORN1,-0.0268119921557054,0.0185701196294658,0.0948854826266442,stable
CYB5D2,-0.026812887235361,0.0105046782486749,0.0645921463339045,stable
FBXL6,-0.0268133823807078,0.0426324684509367,0.1617942546862,stable
VPS9D1,-0.0268289771345117,0.163481823354147,0.362577183322794,stable
CEACAM19,-0.0268682205167187,0.0776773745462221,0.233013061706262,stable
PCDP1,-0.0268756766628504,0.0138151101280559,0.0773773857958672,stable
PDK2,-0.0268841352025289,0.474855277059663,0.661270324308194,stable
SIX5,-0.0268856921812832,0.000205919785804288,0.00352050833800226,stable
RSPH1,-0.0268918933153061,0.0263125059401851,0.119659253204175,stable
COMMD7,-0.0268935069461326,0.47995369332574,0.665340440055506,stable
TMEM161A,-0.0269390347500608,0.582517497604094,0.741644675367211,stable
AGPAT6,-0.0269441296259671,0.41309464286813,0.61274586363124,stable
ERICH1,-0.0269539380254937,0.520053845432869,0.696046412685668,stable
NCBP2-AS2,-0.02695965338783,0.763002253650759,0.86240627544768,stable
SLC6A13,-0.026960891897605,0.00599547025148578,0.0445252906161374,stable
NAP1L4,-0.0269704201564448,0.595405252283594,0.749523629222919,stable
ANAPC15,-0.0269715422115818,0.708818987929909,0.826993228377971,stable
ATP5J,-0.0269746774089596,0.850648669769771,0.914782206322309,stable
SMIM8,-0.0269978698211025,0.297108025372391,0.508448621328869,stable
DPAGT1,-0.0270134022964844,0.436709835531202,0.6315290642409,stable
BAHCC1,-0.0270490571985237,0.0551917646293198,0.190099783271007,stable
MOCS1,-0.0270557649176739,0.312417272379324,0.522934237650946,stable
PFDN5,-0.02706411299308,0.0145395410978262,0.0801313572496967,stable
PRMT10,-0.027090376194431,0.318858196471066,0.529881789364955,stable
NYAP2,-0.0270944130966494,0.0634310583977235,0.207330950202883,stable
AHCY,-0.0271067988940294,0.646107200644931,0.786811558147403,stable
TASP1,-0.027109077977271,0.0657249645155079,0.211482486506336,stable
NIPSNAP1,-0.0271107896411789,0.00980253175538054,0.0615756157131407,stable
NDE1,-0.0271145942638347,0.135927998300104,0.324781831747552,stable
BCAS3,-0.0271176935026005,0.0610590045361843,0.202932373966916,stable
C16orf87,-0.027131083131238,0.511405508552881,0.688710029365475,stable
SLC12A6,-0.0271381128559595,0.213588001373994,0.422027035908623,stable
ID2,-0.0271822021041642,0.105658633814425,0.279621376866753,stable
LMAN2L,-0.0271825014551179,0.001496151801657,0.0163664898151291,stable
DDX46,-0.0271945053430214,0.190579601647437,0.394680421260959,stable
MAP2K7,-0.0272303155576369,0.617625654903307,0.766152489407531,stable
NRDE2,-0.0272366220223842,0.604923448300716,0.75632445863025,stable
NINJ2,-0.0272666889374847,0.811187133599439,0.893035966323917,stable
MTRF1L,-0.0272801655767799,0.0157304049472225,0.0847194466209576,stable
HEXIM1,-0.0272804662580638,0.285592150344915,0.496950668443592,stable
MOV10,-0.0272971205819793,0.143298511599145,0.335847616679872,stable
SFXN3,-0.0272971569387526,0.54755668842591,0.717054538973277,stable
SIN3B,-0.0273147823621563,0.268727586804169,0.48004179761715,stable
ATG4B,-0.0273246361376394,0.266171186987488,0.477216595123783,stable
ASB6,-0.0273298448498099,0.0234625273089905,0.111467521890828,stable
MLK4,-0.0273397671946214,0.579757299237992,0.739997204331755,stable
KIAA1467,-0.0273631277744811,0.0659186199577674,0.211882516530042,stable
SPATA6L,-0.0273905582955981,0.105602332202629,0.279532894942603,stable
HCG18,-0.0273914472321184,0.503811578111884,0.682999087549026,stable
H4C8,-0.0274025973479746,0.112575780035846,0.29093580024486,stable
AFF1,-0.0274205585312895,0.797991683893833,0.885498397232953,stable
OLMALINC,-0.0274382012667669,0.00870795112276088,0.0569534481137662,stable
PIGM,-0.0274587912812618,0.0152628900751225,0.0828479432852118,stable
KCTD13,-0.0274804441076931,0.132471348226691,0.319930528150073,stable
ZNF331,-0.0274832415244748,0.220587639770089,0.42950992490436,stable
DNAAF11,-0.0274907794938492,0.051050893335892,0.180778134454793,stable
GPR137,-0.0274915527010166,0.338915399616924,0.548583401074851,stable
MX1,-0.0274920588818632,0.349783884391153,0.558101145225483,stable
RNFT1,-0.0274967937324059,0.324667467632448,0.535664074009859,stable
MKL2,-0.0275274121753869,0.625923869764226,0.771732154798294,stable
MARK2,-0.0275476223906805,0.547310654608288,0.716846184713566,stable
SEMA4A,-0.0275548977626134,0.0252338172618477,0.11635540634056,stable
MAPK15,-0.0275576560455306,0.347040345858122,0.556343326118727,stable
ZNF823,-0.0275691056237425,0.0168467489927088,0.0888415270435167,stable
BID,-0.0275774401641778,0.0630697765222947,0.206750911372253,stable
SMIM6,-0.0275897194346304,0.103722603563464,0.276714340017413,stable
TMEM5,-0.0276134847962316,0.355647409527827,0.563269488660241,stable
C9orf172,-0.027621093969349,0.000225639951344822,0.00378336646231466,stable
IMPDH1,-0.0276261551271213,0.299259443028695,0.510843098950254,stable
ZNF408,-0.0276641266943155,1.97072557343807e-05,0.000525985794971769,stable
VILL,-0.0276678156039808,0.0361592517043059,0.146215908975665,stable
ZFYVE16,-0.0276876223630753,0.548157618737999,0.717340620003565,stable
AKT1S1,-0.0277489950185457,0.0458251863863437,0.168877623872977,stable
TOR3A,-0.0277525171409846,0.133208977701394,0.320897585014445,stable
ISYNA1,-0.0277611838968965,0.123766133465643,0.307814831519616,stable
ILDR1,-0.0277745919786138,0.278913867066685,0.489862515951604,stable
KCNQ1,-0.0277789862202022,0.0661224737341536,0.21231445204263,stable
AK7,-0.0277914435340484,0.0154594059944147,0.0836916646925268,stable
WNT9A,-0.0278054506824224,0.187249363518892,0.391137426461883,stable
METTL3,-0.0278129309392622,0.611522732963909,0.761423582751402,stable
TRIM58,-0.0278483550084284,0.268813529629457,0.480097438976174,stable
KIAA0907,-0.0278612307645121,0.280586666458119,0.491599216474129,stable
IGFBP4,-0.0278720738356759,0.0634046135601528,0.207330950202883,stable
FCHSD1,-0.0278784278809932,0.168071840516462,0.368219516052515,stable
SCNN1A,-0.0278834252992015,0.590008892430516,0.745916713317884,stable
CADPS2,-0.0278996872353841,0.135618885717584,0.324354895467166,stable
CDKN2AIP,-0.0279085456903029,0.558405784117187,0.724854232244716,stable
BRAP,-0.0279363832850476,0.10845773265496,0.284076992495014,stable
CTDSP2,-0.027953316466581,0.74036776312522,0.846847154153896,stable
MSTO1,-0.0279533693734009,0.151086249517613,0.346506250300808,stable
EIF2B3,-0.027978876321928,0.153651058754958,0.349633384627813,stable
SLC25A45,-0.0279865786638515,0.0203967104531683,0.101271075783724,stable
PNPLA7,-0.0279877352893987,0.290607980245782,0.502721959230394,stable
SENP6,-0.0280110042230565,0.758718263317527,0.859711906821788,stable
ZNF274,-0.0280206860814973,0.239775263963606,0.450285165737623,stable
SPATA33,-0.0280399676275591,0.00680314209778226,0.0483497726763316,stable
SNHG12,-0.0280523707835224,0.0647025139786827,0.209421769177134,stable
UBE2B,-0.0280646769995007,0.890070185920324,0.938759098592756,stable
ZNF821,-0.0280717706708792,0.2630113060553,0.474750667915827,stable
SEC24B,-0.0280747662384416,0.096921375425025,0.266875135024749,stable
NR6A1,-0.0280954740125592,0.417327660024649,0.616913172417521,stable
CRYZ,-0.0281014749305572,0.268687711452789,0.480040716866251,stable
GPHN,-0.0281276172814685,0.38786071973629,0.592358356952415,stable
ADSL,-0.0281390945799995,0.397555181874536,0.600112934457191,stable
FUNDC1,-0.0281691738009856,0.076197700336093,0.230611708073385,stable
AP1M1,-0.0281717736937407,0.603924161084106,0.755770776524581,stable
B4GALNT3,-0.0281968236662131,0.165376082123896,0.365495792421353,stable
SLC46A3,-0.0281973809969988,0.0831961757906686,0.243299055709362,stable
BTAF1,-0.0282212924752182,0.360625640505832,0.56763943208129,stable
TRMT1,-0.0282363460044029,0.502791573456769,0.682512675702721,stable
CCDC159,-0.0282455845619154,0.150525616455339,0.345804385557238,stable
HAUS3,-0.0282478109318796,0.182516555290433,0.385200685751079,stable
ADISSP,-0.0282633476053558,0.0334857982225371,0.139038857837056,stable
ZNF324,-0.0282776437746224,0.0962697272835261,0.265883675172576,stable
UNC45A,-0.0282852417203466,0.75790333444137,0.859508662995147,stable
MR1,-0.0282931250873436,0.309257173769086,0.52078243451623,stable
ORC2,-0.0283489399279899,0.366900914512004,0.573895941010203,stable
ZXDC,-0.0283514805054139,0.635753785323307,0.77932754430326,stable
CCNT1,-0.0283677812822767,0.483765079311053,0.668423683677891,stable
TRIM13,-0.028371052362333,0.411869510192511,0.61188089795114,stable
L3HYPDH,-0.028395832971765,0.00967164333546001,0.0610042147227364,stable
USP44,-0.0283973565686024,0.276123070442769,0.48691985185984,stable
MSI2,-0.0284179791150312,0.0589071901594484,0.198652823406004,stable
WDR52,-0.028451318398741,0.308968348157629,0.520439728002328,stable
TMEM131,-0.0284839378359966,0.497053444921139,0.679016150139426,stable
GTF2F2,-0.0284934587929838,0.312102706098071,0.522908919866067,stable
MAP3K4,-0.0284938446064239,0.598422292347028,0.75181028793937,stable
GMDS-AS1,-0.0285082791521664,0.312185383407073,0.522921301875701,stable
FADD,-0.0285105519212413,0.405929672779308,0.607131325101463,stable
MAPRE2,-0.0285106775553911,0.266540623731958,0.477594331461143,stable
EFCAB7,-0.0285146149253178,0.168734385930323,0.369114018184014,stable
CCDC102A,-0.0285392124490558,0.153108625371418,0.348914823351928,stable
DTNB,-0.0285773429590648,0.00188281270456021,0.0193896398488155,stable
GLIDR,-0.0286801390610627,0.0269308268627695,0.121253196158561,stable
N6AMT1,-0.0286853061730716,0.380247926093063,0.585924109254635,stable
TMEM87B,-0.0286860545267549,0.0515165770665977,0.182058004643565,stable
GDPD3,-0.0286984407979132,0.064697899850155,0.209421769177134,stable
NDUFA3,-0.0287055617490039,0.855576308278966,0.91743060092787,stable
MCOLN1,-0.0287060435008709,0.464629509343699,0.65365762713976,stable
PAFAH1B1,-0.0287573626632489,0.134128265077711,0.322039830469131,stable
TBCCD1,-0.0287643525923665,0.0293808101266069,0.127891855358036,stable
LEO1,-0.0287770268735518,0.0642651308136442,0.208731034267288,stable
EPOR,-0.028797304229668,0.582269017036577,0.741643716164146,stable
ANKRD65,-0.0288023864755143,0.190354642465325,0.394389008389176,stable
SHFM1,-0.0288150984434565,0.101890254379135,0.273833275434884,stable
CHST3,-0.0288248428226389,0.0164070991986547,0.0873520821447541,stable
C15orf40,-0.028852007652259,0.0690944610058933,0.217514986179768,stable
DNAJC3,-0.0288668507828684,0.525040513713476,0.700088476932845,stable
ZHX2,-0.028917965645812,0.000733942446497036,0.00953423216363419,stable
DPH7,-0.0289678868343412,0.276266879262712,0.487032929349205,stable
GPR39,-0.0289691037129307,0.538886528666351,0.710762724041592,stable
ZNF439,-0.0289736568609311,0.522006348278431,0.698217047965373,stable
FEM1A,-0.0289778896022435,0.448809329851991,0.640617147140441,stable
MAPRE3,-0.0290080778019053,0.422181897442118,0.620655624092898,stable
PPP1R3E,-0.0290560719497911,0.32189132315901,0.53302621705442,stable
CCNT2,-0.0290740810202385,0.242817563975274,0.453368245308347,stable
TRMT10B,-0.0290804496529352,0.0663828335164352,0.21280858180876,stable
ME3,-0.0290853396727546,0.0346383262805527,0.141706459321779,stable
HPS4,-0.0290918836097993,0.390134761922976,0.593824844944149,stable
FAM47E-STBD1,-0.0290961699771136,0.0128177427218695,0.0739075882227041,stable
SNIP1,-0.0291308673642225,0.247483256910836,0.458994891894714,stable
TP53TG1,-0.0291339686241481,0.464619371849339,0.65365762713976,stable
TP53RK,-0.0291557532950993,0.291210688437429,0.503184371750886,stable
TTC38,-0.0291667817470188,0.383993592683309,0.588950775026445,stable
PLEKHA7,-0.0291695382735253,0.239641316960945,0.450285165737623,stable
ZNF292,-0.0292603164927067,0.823455178585963,0.8983602893707,stable
EHF,-0.029280765360575,0.0633457190361667,0.207263937231826,stable
IRF9,-0.0293019779338324,0.0924918132718595,0.259257034036966,stable
IFI30,-0.0293583188315815,0.00658657648184502,0.0472911781009791,stable
USP46,-0.0293742113121384,0.222333365913062,0.431260403827558,stable
ITGB4,-0.0294434242217629,0.426426261902261,0.623787118453432,stable
PDE4C,-0.029454962783657,0.00926470491677707,0.0591499845465428,stable
MCCC1,-0.0294793180490278,0.254546540315445,0.467001285128864,stable
SUOX,-0.0294820025430109,0.207932591007887,0.415561666926296,stable
NUBP2,-0.0294882639035592,0.00106089183908772,0.0126897365884934,stable
MZF1,-0.0295133627025255,0.029085075561997,0.127244889604089,stable
GCN1L1,-0.0295455625193029,0.339253531632559,0.548912663226525,stable
CD164,-0.0295479779776096,0.206882119643006,0.414103001558229,stable
NMI,-0.029575782409535,0.111520058646711,0.289841773733719,stable
WDR27,-0.0295894627204765,0.139981852989183,0.330718626003047,stable
THOC1,-0.0295955563827428,0.411807337256422,0.61188089795114,stable
NBPF9,-0.0296033878379845,0.0388092930733753,0.152639896566583,stable
STK32C,-0.0296112163937529,0.100802761584985,0.271730000803301,stable
GGA1,-0.0296306360189764,0.589709828344324,0.745758258531397,stable
NEURL4,-0.0296592609999795,0.0475076259955652,0.17227327800943,stable
SEPN1,-0.0296729984400878,0.0226375395499396,0.108742259400979,stable
DDIT4,-0.0296738314831935,0.044725140744577,0.166746346114905,stable
PPFIBP2,-0.0297032045278218,0.0157095061157904,0.0847120711775667,stable
ELP6,-0.0297218860986483,0.560191289055324,0.726110044893096,stable
FBXO8,-0.0297501677003448,0.5126700431703,0.689956909359655,stable
MPP3,-0.0297528204295965,0.531527208853569,0.704629497996533,stable
ZNF749,-0.0297560675009436,0.234023830661709,0.445445114319115,stable
TMEM175,-0.0297728807882103,0.532530365384282,0.705500291151779,stable
IFNGR2,-0.0297866154242131,0.0592494094355837,0.199136312250275,stable
RETSAT,-0.029820699817564,0.794115773862731,0.883597177001954,stable
XPNPEP3,-0.0298357761968566,0.491320787189434,0.674441920561892,stable
SLC31A1,-0.0298679250106836,0.361880837008191,0.568809483295375,stable
MFSD11,-0.0298904699062846,0.538782037908019,0.710701589660908,stable
FZR1,-0.0299234007755563,0.218598029431785,0.427723051589348,stable
SMG5,-0.02993057602394,0.21419737731574,0.422665435490108,stable
SRC,-0.0299610630735798,0.463726456934859,0.653050670048365,stable
FHOD1,-0.0299908036691289,0.106301693466124,0.280473106179559,stable
SRP54,-0.0300015685697104,0.345782762989967,0.555068745211997,stable
DERL1,-0.030006849573992,0.210828857649838,0.419052350554736,stable
LYSMD2,-0.0300149024982167,0.127035830918332,0.312766565386846,stable
CLIC6,-0.030024001679809,0.0168220069855912,0.0888088343233532,stable
VPS52,-0.0300268803496535,0.34431335344238,0.553582327039281,stable
VSTM2L,-0.030027192169605,0.173007337659613,0.37367320970043,stable
ANAPC1,-0.0300389021986959,0.340348657430992,0.549852379812239,stable
SLC7A4,-0.0300444439258418,0.00184136809480357,0.0191077110279108,stable
TTI1,-0.0300888591093262,0.164814020648988,0.364631585689144,stable
CEP57L1,-0.0300898288396434,0.212294366066475,0.420536773786327,stable
ZNF446,-0.0301012766377327,0.0607176523871266,0.202182670329675,stable
RELL1,-0.0301037628013497,0.01631997773427,0.087001922295559,stable
MARVELD3,-0.0301082384771031,0.266119270340663,0.477216595123783,stable
MRFAP1L1,-0.0301202185079791,0.00510038177630503,0.0399404656204693,stable
BAG2,-0.0301268973136302,0.0882758636126068,0.252594605992628,stable
ZNF687,-0.0301437601399165,0.12086505863364,0.303628328933809,stable
ZNF841,-0.0301466554100295,0.115011597060825,0.294923801651254,stable
QTRT1,-0.0301537307422459,0.0477796553693184,0.172921922396643,stable
CDH3,-0.0301543099414772,0.0662415578955492,0.212529344807137,stable
PEX14,-0.0301766325450153,0.0304999660854269,0.130818100150266,stable
ANKRD36B,-0.0301792052263515,0.330237653774594,0.54054968930646,stable
FN3KRP,-0.030196160274162,0.243584739233071,0.454384228961553,stable
FARP1,-0.0302099513239088,0.931898659047858,0.963017094276863,stable
TCHP,-0.030260975215812,0.236914708590774,0.447957524797157,stable
SCHIP1,-0.0302765674589952,0.21612650494071,0.424542888702432,stable
CHMP6,-0.0302938516060471,0.500614791672405,0.681157080743932,stable
ACADL,-0.0303422787656858,0.667410155590391,0.801004988534858,stable
LRP5,-0.0303490798226554,0.000483162666729177,0.00701446607850055,stable
APH1B,-0.0303536804992271,0.00910043616427971,0.0584877663891457,stable
STAMBP,-0.0303672811663829,0.383572464759062,0.588600277330502,stable
MPI,-0.0303786916816503,0.151570482330127,0.346896321987219,stable
ZNF646,-0.0303797695286096,0.0362824205585112,0.146471700431718,stable
CDK12,-0.0303947437846709,0.64049205147436,0.783172435452893,stable
PHF21A,-0.0304020690481724,0.138090428344077,0.32808890108416,stable
EIF3I,-0.0304444126871933,0.636895346389882,0.78010107357414,stable
NUPL2,-0.0305093133008356,0.215182931200186,0.423654281886249,stable
PIGU,-0.0305347885175177,0.239714571588223,0.450285165737623,stable
ZNF277,-0.0305485653679667,0.335858110098127,0.545295462589919,stable
FLT3LG,-0.0305612425791426,0.0015307173285097,0.0166029180334539,stable
RNF32-DT,-0.0305767769402539,0.0136974703817008,0.0768768952919701,stable
KLF3,-0.0306037809359097,0.064252172214584,0.208731034267288,stable
NAT9,-0.0306295723445729,0.331371341065203,0.541535196949337,stable
PAPLN,-0.0306301933741922,0.137979985202356,0.327953983883648,stable
NEU1,-0.0306530802830464,0.463678732426273,0.653050670048365,stable
PIGL,-0.0306967489600968,0.00755878638485186,0.0519930557749422,stable
H2AZ2,-0.0307088017279618,0.415152762658307,0.614609103879756,stable
IDUA,-0.0307107735933643,0.350124029467113,0.558205169927778,stable
RABL2A,-0.0307111978466773,0.145437389836422,0.337666893545871,stable
SCARF1,-0.0307153012607734,0.390932933924819,0.594743520136525,stable
FAM210B,-0.0307199833256882,0.131329809966722,0.318526904173256,stable
NFYB,-0.0307346422163927,0.733285805614071,0.842085230363031,stable
CCDC183,-0.0307357463008836,0.0472895663933918,0.171868274861413,stable
HMBOX1,-0.0307828655254644,0.157110300742562,0.354142783750152,stable
PPP1R9A,-0.0307988687699194,0.444122761831193,0.637800357216224,stable
ZNF493,-0.0308047275542209,0.659024119651135,0.795331309963025,stable
NDST1,-0.0308576530666419,0.728930158091862,0.839419901320294,stable
MAD1L1,-0.0308903297775994,0.127133548426128,0.312944119202776,stable
PTPRU,-0.0309688014860981,0.713575809197417,0.829502635376541,stable
PIGN,-0.0309701614173297,0.162794744570158,0.361884516753157,stable
ASH1L-AS1,-0.0309847684434751,0.011329858472767,0.0679235850765589,stable
PPOX,-0.031011739519529,0.351592238750946,0.559617646678589,stable
RBP2,-0.0310270397473014,0.36234037158119,0.569186875534881,stable
NSMAF,-0.0310684925121087,0.048723850345406,0.17527967822903,stable
GOLIM4,-0.0310703245082834,0.391668702996023,0.595196199082967,stable
SYNJ1,-0.0310808529621685,0.0579805497921173,0.196417631966226,stable
EMC9,-0.031092743422544,0.00803783109056441,0.0541048718342838,stable
C2orf68,-0.0311043865446298,0.603871091555992,0.755770776524581,stable
AKIP1,-0.0311170841539063,0.0212716804974234,0.104010008960202,stable
RBKS,-0.0311182182819355,0.0162768662005242,0.0868478447993049,stable
COX14,-0.031124892695058,0.693759422078324,0.818266612841126,stable
GFPT2,-0.0311286766849292,0.000149993379561965,0.00277385638693715,stable
BRF2,-0.0311406789778317,0.0588490800829762,0.19855676371358,stable
C5,-0.0311456884766636,0.0416479755697661,0.159904916581976,stable
KBTBD4,-0.0311598992309496,0.0299962663843115,0.129338398688474,stable
MAPK10,-0.0311695021888324,0.0261268198569669,0.11908062860983,stable
UBE4B,-0.0311870975661509,0.372702022112163,0.579095840773769,stable
DDX24,-0.0311905990529501,0.037220741628787,0.148726810786302,stable
RRAGA,-0.031194970276216,0.17878537340349,0.380877031105657,stable
CABIN1,-0.031205725919434,0.249334011380214,0.461307545801686,stable
TPBG,-0.0312119085261458,0.0770985352437141,0.232188345607086,stable
DLG1,-0.0312119976347595,0.34769719664876,0.556752755021541,stable
BTG3,-0.0312282083194595,0.621282382415554,0.769224738443,stable
NTAQ1,-0.0312719532882442,0.0150449359049002,0.0821390337210807,stable
SLC10A3,-0.0312720283332495,0.0845483787832051,0.245433242043671,stable
XKR8,-0.0312756912529625,0.00923625643769562,0.0591253700738551,stable
CAMKK2,-0.0312771736819785,0.560590868800187,0.726456353250662,stable
TFAM,-0.0312847075765011,0.652536601673396,0.790310850971524,stable
RGN,-0.0313082287179673,0.0657239681601438,0.211482486506336,stable
POLR2J,-0.0313092953702778,0.79723138133374,0.885164820991667,stable
CGGBP1,-0.0313137722125234,0.764400324192636,0.863349308226072,stable
TPPP3,-0.0313390315761121,0.0635973482363885,0.207531763171813,stable
MOK,-0.0313858411020452,0.0135520418571739,0.0765340330833999,stable
SERAC1,-0.0313963809356835,0.052995322253347,0.185037080612657,stable
CASC15,-0.0313988681929589,0.201468579765237,0.407333582674646,stable
MID1IP1,-0.031402748766949,0.0428243724572993,0.162170114286873,stable
ZNF337,-0.0314328617150428,0.28272926772155,0.493726081232604,stable
C16orf80,-0.0314360593816891,0.542140860050551,0.713054645282757,stable
DTX2,-0.0314371414113018,0.134724968312241,0.323107320511838,stable
MGA,-0.0314623698190194,0.437523298068136,0.632210313957524,stable
MEMO1,-0.0314660748654598,0.0848251293507219,0.246002937410018,stable
ADHFE1,-0.0314665337528079,0.0759250053727011,0.230242437528132,stable
LGR4,-0.0314703554375379,0.0852522402760611,0.24671481655648,stable
NUBP1,-0.0314747465088216,0.101617805930556,0.273245943619692,stable
AP1S1,-0.0314870052693012,0.177962115762168,0.379722697240082,stable
LRCH3,-0.031490918218607,0.289391003628128,0.501508398632093,stable
PRICKLE3,-0.0314968045348933,0.00216084778578002,0.0215099375678949,stable
EXOSC5,-0.0315017247585515,2.38141791970853e-05,0.000605206915811165,stable
ATF7IP,-0.0315110016804093,0.233820951481767,0.445276103896732,stable
ARRDC2,-0.0315397850142243,0.0555310137848009,0.190730854876484,stable
SLC22A3,-0.0315447705320892,0.00297775383946113,0.0271720365562059,stable
EPHX2,-0.0315817629894805,0.0708344436173708,0.220944179326037,stable
MCRS1,-0.0316047299151406,0.219402060231961,0.428566760031238,stable
EFNA4,-0.03160489486292,0.00063787088613355,0.00857792487579375,stable
ERV3-1,-0.0316201671285161,0.0236699925814621,0.111931137066071,stable
MPDU1-AS1,-0.0316562385384667,0.0780013565940871,0.233286777098692,stable
ZBTB48,-0.0317096267300457,0.177777483102311,0.379523568536963,stable
COPZ1,-0.0317115034789001,0.0908485050762561,0.256510673048676,stable
RAB25,-0.0317158996832881,0.25272493187133,0.464977358096799,stable
GALNT12,-0.0317355747108404,0.0287643526325706,0.126525889377669,stable
STEAP4,-0.0317470868547092,0.141824298364808,0.334083788338404,stable
NUP107,-0.0317492014803294,0.367414055821869,0.574257693180734,stable
DRAM1,-0.0317512263870383,0.551150620067445,0.719793288429963,stable
ANKHD1,-0.0317522441513376,0.221125471334269,0.429872454298091,stable
CD82,-0.0317621329070276,0.154473346090247,0.350655929917767,stable
SEP15,-0.0317640548762668,0.60054057032138,0.753542181442061,stable
NAGK,-0.0317678712881692,0.108625753500998,0.284395204711116,stable
OGFR,-0.0317999064430021,0.622049065275117,0.769593598576033,stable
PSMF1,-0.0318321611506601,0.284519208179039,0.495718757237825,stable
EOLA1,-0.0318352841374025,0.00123744587885315,0.014150176261086,stable
OCEL1,-0.0318365687901753,0.381287136190586,0.58694618909388,stable
ZBTB40,-0.0318430338225748,0.361500680956695,0.568484047740676,stable
MLH3,-0.0318495615410113,0.484172523369895,0.668608780577677,stable
POU2F1,-0.0318554212884751,0.039891798584174,0.1552985178003,stable
HERPUD1,-0.0319262119410182,0.000873933348837428,0.0109794051964941,stable
SLC35F5,-0.0319305851390709,0.394812100024068,0.597464407331036,stable
SSH3,-0.031932125986066,0.57672272872653,0.737567348924704,stable
POLDIP3,-0.0319355161764136,0.577646933074826,0.738460166273445,stable
ZNF507,-0.0319601961989953,0.0886861536967722,0.253235118614656,stable
SUFU,-0.0319674731353149,0.0106237442871717,0.0650624499831596,stable
PTBP2,-0.0320247992592067,0.269485064535882,0.480500679976002,stable
HS2ST1,-0.0320319229807664,0.155661357468431,0.35211036892933,stable
SIL1,-0.0320519578147543,0.612296021056438,0.76219007753502,stable
GGTLC2,-0.0321031411852768,0.0615114903282533,0.203731565081686,stable
MRS2,-0.0321619569263761,0.372169684208814,0.578652086195169,stable
PGAP3,-0.0321658413969673,0.167710773901134,0.36779628635943,stable
CLCN7,-0.0321788172665452,0.288143007695041,0.499824056487042,stable
KDM3B,-0.0321827178902065,0.436013492265168,0.630748985733658,stable
VARS2,-0.0321830322094023,0.0359335385356599,0.145592169393406,stable
EXOC2,-0.0322077857232951,0.00242054670560758,0.0232982385270449,stable
PARP2,-0.0322371769430996,0.00153389470368764,0.0166079086429387,stable
ICA1,-0.032248079137159,0.137787785688494,0.327688305886412,stable
SNX22,-0.032269451954893,0.406514601325536,0.607608588796655,stable
TJAP1,-0.0322936322692128,0.215200065373504,0.423654281886249,stable
PPHLN1,-0.0323384104089538,0.162996804659293,0.362004531278198,stable
NCOA5,-0.0323595543958199,0.235878482833826,0.447394549242671,stable
ABCF2,-0.0323821941926149,0.220848469320117,0.429819564112794,stable
DCUN1D3,-0.0323831315764924,0.000296311801235947,0.0047722206301821,stable
ABCB6,-0.032404781745363,0.00500924744552446,0.0396074002419735,stable
PQBP1,-0.0324404783189079,0.290146509238606,0.502114171116463,stable
PRKAB2,-0.0325298853135812,0.462651016770734,0.65230873549122,stable
RABIF,-0.0325683668255929,0.296504040071636,0.507912750257242,stable
F2RL1,-0.0325713300178867,0.207296036933977,0.414735408957651,stable
TMEM160,-0.0325784510538378,0.881461991921944,0.933061256430017,stable
ZFAND2B,-0.0325933603144095,0.548985941708782,0.718100578846532,stable
TRAPPC9,-0.0325941273973526,0.116179630007336,0.296736271878328,stable
VCF1,-0.0325946916295501,0.0403827350978013,0.156660918386392,stable
CRYL1,-0.0326123558628233,0.101442934142762,0.273015946050446,stable
HIVEP1,-0.0326194811722221,0.359227886121876,0.566189880832489,stable
STX5,-0.0326400620328547,0.25816068139914,0.470239716040002,stable
ZBTB41,-0.032650972185167,0.287135801217341,0.498715454318533,stable
PTGES2,-0.0326550717997284,0.198459856930532,0.4037904945271,stable
SNX29,-0.0326587706356883,0.109733268454413,0.286313654981162,stable
SRSF4,-0.0326846388088994,0.187848253965118,0.391585446191952,stable
ATP9B,-0.0327125608826746,0.102370521486123,0.274461183332045,stable
PPP1CC,-0.0327184137837188,0.310638083793163,0.521813925558282,stable
PIGH,-0.0327294415110623,0.214175381158245,0.422665435490108,stable
CDK11A,-0.0327500539447814,0.428942283146673,0.624843018105297,stable
DTX3,-0.0327832155237113,0.0568890019469412,0.193909471579029,stable
SHISA4,-0.0328069188272394,0.244824854314702,0.455723925558539,stable
TST,-0.0328872033832621,0.290803592873141,0.502831118368219,stable
MFAP2,-0.0328875966232678,0.0418819066395578,0.160440121203997,stable
LGALS8,-0.0328894640476549,0.579542218328474,0.739954468022485,stable
MSRB1,-0.0328907713531136,0.0316964527473919,0.134068317779972,stable
WIPI2,-0.0328984009867735,0.296877377969621,0.508338572391181,stable
PTPN2,-0.0329157266609514,0.349254314504355,0.557983961913649,stable
ZNF503,-0.0329210961362779,0.528602334518674,0.702504341939147,stable
TTC9C,-0.0329282497891776,0.0299603753332092,0.129229226560744,stable
TCTN3,-0.032932906362073,0.191011975660334,0.39500084875358,stable
CREB3L1,-0.0329492179382196,0.110136815163822,0.287121439232793,stable
NCK1,-0.0329607173995473,0.38162390175541,0.587135688220926,stable
DNAJC4,-0.033006587434342,0.440071532667973,0.634367265959116,stable
TRRAP,-0.03304186976108,0.133350390678988,0.321070548682282,stable
RRP8,-0.0330684885337785,0.337235898778806,0.546733637489671,stable
MRRF,-0.0330912024128273,0.0259926767762442,0.118742747687897,stable
NOL9,-0.0330922456973179,0.381294149835938,0.58694618909388,stable
LYRM4,-0.0331056088555178,0.314750683848501,0.525472870713477,stable
FBXO42,-0.0331233438099191,0.356164681906593,0.563739100301204,stable
AP2M1,-0.0332618511329557,0.636165275280632,0.779657576106008,stable
NOC4L,-0.0332761435820427,0.0779958584153555,0.233286777098692,stable
ARFIP1,-0.0332917672864576,0.460830023417906,0.651451666674034,stable
NFIA,-0.0333128607816194,0.126621224712574,0.312437999775234,stable
SIRT3,-0.0333285927198204,0.131158475191117,0.318364019208939,stable
NFKBIL1,-0.033339360060176,0.160599110493263,0.35814753937151,stable
CEP95,-0.0333508586904939,0.552606732007177,0.720693981868743,stable
DPP9,-0.0333670743712474,0.722479137617628,0.835217039742566,stable
ALG2,-0.0334205954048198,0.0413443020506795,0.159082390054893,stable
GGCX,-0.0334313550250209,0.533046211890135,0.70580122336926,stable
TMF1,-0.0334730013127669,0.274359440871928,0.485069396184329,stable
LRIG1,-0.0334865984458411,0.057685073819702,0.195734797988752,stable
DHX8,-0.0334953648168453,0.24233867155579,0.452958397721403,stable
AATK,-0.0335307618358573,0.274455080572376,0.485168315967712,stable
EXOSC4,-0.0335433523745446,0.221768336182444,0.430744511015554,stable
RPAP2,-0.0335524042980794,0.498384280576674,0.679635145668146,stable
GTF2H4,-0.0335665023703735,0.0576637427367182,0.195734797988752,stable
GTF2H1,-0.033568657204106,0.316884874130567,0.527594756384098,stable
IGFBP5,-0.0335777345549512,0.119466441477701,0.301640170081276,stable
ZRSR2,-0.0335845907414974,0.34088227870315,0.550274327608623,stable
GFOD3P,-0.0335875594731911,0.208965852145176,0.416842427207718,stable
ULK3,-0.0336064540556426,0.576482973098459,0.737434895683923,stable
LZTS3,-0.0336188022320428,0.0843199869851274,0.244944753067062,stable
RFT1,-0.0336205708472746,0.0948870662012919,0.263435649554904,stable
DOK7,-0.0336548185544884,0.288573933200841,0.500358547439302,stable
CFD,-0.0336671855161892,0.347916854440082,0.556841452640751,stable
COG3,-0.0337221138398607,0.168408802539273,0.368731721698026,stable
CAMSAP3,-0.0337284590378066,0.338203583514481,0.547648775318721,stable
MTF2,-0.0337555017256883,0.382124888913011,0.587706925273358,stable
TNKS,-0.0337792591203745,0.413919270680102,0.613353208476694,stable
GLTPD1,-0.0338142657818642,0.215219746787443,0.423654281886249,stable
PRPF40B,-0.033874521283198,0.00163332182309362,0.0173766109360282,stable
IL34,-0.033892302656132,0.00859109949640021,0.0565218515844974,stable
IFT81,-0.033930258849809,0.448224842730426,0.640234844392204,stable
STX8,-0.0339353507597301,0.617267899761643,0.766116641962263,stable
MOCS2,-0.0339425695760979,0.571218409360523,0.734080512618064,stable
MBTPS1,-0.0339925074044763,0.401630240563792,0.603358493382302,stable
DUSP23,-0.0339958567132693,0.404368417416978,0.60575974687563,stable
BRF1,-0.034003855495015,0.0908169495050013,0.256510673048676,stable
C1orf167,-0.0340198805535752,0.810839043669221,0.892945627911041,stable
TTC33,-0.0340235849907609,0.0983363600973898,0.268489049053505,stable
ARHGEF7,-0.0340462848627814,0.496086949493468,0.678166726751079,stable
ISCA2,-0.0340702150028759,0.0764762703848116,0.231071558819944,stable
AGPAT4,-0.0340815908322661,0.265639226824597,0.476824362511583,stable
CBX7,-0.0340898876401336,0.0390030148004956,0.153057095640853,stable
LDAF1,-0.034099059991061,0.0496669419502851,0.177652683240116,stable
BBS1,-0.0341275560870113,0.0286289548704368,0.126202792764594,stable
PARP1,-0.0341361748188319,0.206071686758146,0.413062002598434,stable
SEC24C,-0.0341794860511149,0.471233905022107,0.659080463957692,stable
OBFC1,-0.034221708848286,0.677334643421352,0.80807495584104,stable
EDIL3,-0.0342346756904358,0.408527382609241,0.609971750948499,stable
MTIF2,-0.0342358802864712,0.181768699840663,0.38415293686934,stable
ANKS3,-0.0342752210888013,0.371372667822628,0.578006046786836,stable
NEK6,-0.0342837358062535,0.308807737874976,0.520375609746669,stable
TFB1M,-0.034292833103593,0.0606949516661429,0.202162149636766,stable
C6orf136,-0.0342981198977686,0.0355955460505667,0.144750484006031,stable
MTG2,-0.0343210195286332,0.152596941203463,0.348347874210344,stable
KIAA0586,-0.0343282175701542,0.264558236534865,0.475742251740501,stable
PLCXD2,-0.0343324080045673,0.722555236379265,0.83522602453902,stable
RAB4A,-0.0343326472754912,0.698096122952429,0.820450350315275,stable
TJP3,-0.0343634447658949,0.0685986217987133,0.216288251964785,stable
SFXN1,-0.0344857030489902,0.0717166028006593,0.222299606395137,stable
U2AF1,-0.0345689477557954,0.00738477623131331,0.0510585433549626,stable
SUPT7L,-0.0346118686691959,0.0423421208530107,0.161343542801497,stable
HIRIP3,-0.0346129843900707,0.326511633435409,0.53703958653316,stable
DDX23,-0.0346648671556785,0.592588319425284,0.74801730861779,stable
C6orf89,-0.0346698827499094,0.014704484273732,0.0808619738321628,stable
MXRA8,-0.0346713558396123,0.048475724387471,0.174541164922665,stable
PPP1CA,-0.0346982920229973,0.336480120135007,0.545937489931681,stable
FAM114A1,-0.0347080232817526,0.0569323538528417,0.193909471579029,stable
TCOF1,-0.034720532769367,0.342034781944252,0.55129656836584,stable
TBC1D8B,-0.0347249841633694,0.212554488384921,0.42083998477766,stable
WDR35,-0.0347555157986881,0.123050443816074,0.30672280285638,stable
CCDC22,-0.0347648853148295,0.112565104005631,0.29093580024486,stable
H2BC21,-0.0348115495432204,0.363812167551932,0.570671106910666,stable
PAK1,-0.0348133209559633,0.0276188486884533,0.122947125407011,stable
PAXIP1-AS2,-0.0348194102906587,0.0889211715907774,0.253484459724165,stable
CLIC2,-0.0348222837669694,0.859120893804955,0.919239543033021,stable
C12orf43,-0.0348427215272606,0.0912086414787775,0.257081114422684,stable
LMAN1,-0.0348535054915485,0.0258472155869593,0.118460367674997,stable
U2AF2,-0.0348580069770439,0.128462135254881,0.314980015177247,stable
DPP4,-0.0348692157465711,0.188951357554378,0.392873389485193,stable
FUNDC2,-0.0348853325984931,0.497757918025762,0.679635145668146,stable
STX16,-0.0348959625316741,0.531226529665462,0.704583376549063,stable
TRAPPC2L,-0.0349158386548346,0.192668434785019,0.396828803169684,stable
AMACR,-0.0349168090123823,0.000735814019299647,0.00954247368832038,stable
PPP1R35,-0.0349429901319938,0.0818963470035569,0.241229143559393,stable
TARS3,-0.0349744203022263,0.400893888930889,0.602844986873071,stable
PIDD,-0.0350009582989993,0.0238332349402741,0.112442093365461,stable
IGBP1,-0.0350041426473631,0.00439393247071238,0.0361670153752885,stable
ADAT3,-0.0350045034762912,0.0134076081558973,0.0762260286347931,stable
MYCBP,-0.0350123181900129,0.271817991856339,0.482552236789003,stable
PPM1D,-0.0350303379130734,0.0563260761079274,0.192626931291296,stable
CCP110,-0.0350445827974153,0.386614351324219,0.590999095651699,stable
RUSC1,-0.0350499803524612,0.383221723299683,0.588353198798954,stable
PPP1R21,-0.0350924417548855,0.257182688038703,0.469417935229827,stable
GMPR2,-0.0351074370505261,0.0926750282277178,0.259651511587353,stable
PRDM5,-0.0351085803367291,0.176731669638091,0.378348148801406,stable
MT1M,-0.0351117698582574,0.0987520308735879,0.26903160806747,stable
ACTMAP,-0.0351317354561263,0.0854976662281335,0.247307967811809,stable
TEAD3,-0.0351400496161208,0.236229113886308,0.447394549242671,stable
MGRN1,-0.0351639935136421,0.583958830885624,0.742491444637598,stable
MNAT1,-0.0351822091892476,0.496578421179146,0.678610913414632,stable
YIPF1,-0.0351940201509775,0.0941040828596796,0.261938837465906,stable
AGBL5,-0.0352103902437719,0.0458944919391655,0.168980201645891,stable
PYROXD2,-0.0352715813806666,0.0232622325220189,0.110731125525373,stable
CAPRIN2,-0.0352756403066135,0.333832197831568,0.54352221447697,stable
MKS1,-0.0352985393536438,0.047401837969984,0.172050121288144,stable
ZNF44,-0.0353150311203897,0.000425507342925664,0.00630503002423644,stable
SCAMP4,-0.0353256310259117,0.134020754237463,0.322018046526807,stable
EIF3J-AS1,-0.0353276331948146,0.379571953517375,0.585363955421184,stable
PRR5L,-0.035336972416534,0.179956809499601,0.382457647529992,stable
GNPAT,-0.0353438685390812,0.627422228139303,0.772523097982962,stable
SP3,-0.0353850652858051,0.499208271401067,0.680119438886657,stable
ARL6IP4,-0.0354198525408002,0.799420854622919,0.886360138495289,stable
ABCD4,-0.0354744052109725,0.17918593172743,0.381398020100314,stable
TRIT1,-0.0354838735049174,0.0302759441875013,0.13017697564123,stable
MANSC1,-0.035486502761346,0.279810178613839,0.490942963022186,stable
AIP,-0.0355140198883814,0.17376313778749,0.374815704308148,stable
TRAFD1,-0.0355825101709425,0.455566556379682,0.646786968422985,stable
ANAPC13,-0.0356029937470191,0.0461882451397758,0.169500182704479,stable
NDUFAB1,-0.0356111234731531,0.134100777049274,0.322039830469131,stable
TRAPPC3,-0.035632911660151,0.499855914692323,0.68042747229387,stable
USPL1,-0.0356397087667473,0.0359001275667896,0.14555872048148,stable
THAP2,-0.0356685054105536,0.0528477609126941,0.184680111319832,stable
TRIL,-0.0356846081028801,0.17158808042993,0.372490267301627,stable
C10orf67,-0.0356937800360415,0.47866480461908,0.664455890490987,stable
GPSM2,-0.0356975113080627,0.00310854347601241,0.0280848746864565,stable
AMBRA1,-0.0357058992881381,0.139533521386638,0.329914461398504,stable
MPHOSPH10,-0.0357081307142221,0.565110771727092,0.73045512039674,stable
TAFAZZIN,-0.0357562626753018,0.157779988648503,0.355128444345296,stable
FAM210A,-0.0357620860611275,0.150351135752907,0.345598398541469,stable
RNF44,-0.0357749959859187,0.36114275928293,0.568109711546359,stable
CDK5RAP1,-0.0357783831120054,0.0437143038137508,0.164267952603532,stable
AASS,-0.0357785595608032,0.0786512704097679,0.234381552776451,stable
DDX47,-0.0357826307781726,0.00148892659884978,0.0163527751521471,stable
STRADB,-0.0357972125783186,0.0244722933430045,0.114005073866192,stable
ANKRD39,-0.0358100474068135,0.446216321324826,0.638690440631016,stable
BLMH,-0.0358331190109603,0.129185522206772,0.315815522688233,stable
TOX4,-0.0358474758681419,0.29301085119328,0.50502470431454,stable
EIF4EBP3,-0.0358679004171838,0.0889240594975285,0.253484459724165,stable
IFT172,-0.0359258267021173,0.0741871734234124,0.227030515346434,stable
MFSD14CP,-0.0359532167957688,0.00728973852243506,0.0506593312667687,stable
ZNF839,-0.0359814979993156,0.0215273520743581,0.104886735782049,stable
ERCC5,-0.0359902361312397,0.30942859964156,0.520927586009974,stable
TTN,-0.0359911398199202,0.00954645983807574,0.0605269320853931,stable
PPP1R14C,-0.035991587471217,0.0453177096868218,0.167907780066625,stable
ZNF622,-0.0359999742091148,0.491048810239251,0.674371105668947,stable
UCKL1,-0.0360562383723944,0.428759285862023,0.624843018105297,stable
ZNF682,-0.0360595638499515,0.0761031579137322,0.230537589957086,stable
PRKG2,-0.0360662742505824,0.00221031681736904,0.021807032102921,stable
ZNF141,-0.036068947789264,0.0817430249854946,0.241051907467633,stable
COPS5,-0.0360848919854664,0.565193254828173,0.730458474141545,stable
SEC22C,-0.0360992152956599,0.219171798287335,0.428253846269882,stable
KRBOX5,-0.0361196718369586,0.180774485057822,0.383510466044223,stable
MIR22HG,-0.0361451183254243,0.133044601288482,0.320723852402227,stable
FAM175B,-0.0361620063880309,0.189675553237426,0.393515608074389,stable
SSH2,-0.0361834889155612,0.391261640679757,0.594854759951893,stable
PRPSAP1,-0.0362117996710922,0.328999638581465,0.539481644019234,stable
NANS,-0.0362288738199989,0.239150512694897,0.450027073150004,stable
LINC00891,-0.0362424247414143,0.433373636438132,0.628342940555062,stable
RALGAPA1,-0.0362465107672355,0.63552601278897,0.779126464781102,stable
NMRAL1,-0.0362759523084661,0.204071993617995,0.410141295986132,stable
ZNF276,-0.0362878120600133,0.0846197654981921,0.245582149442047,stable
ANXA1,-0.0362969290998669,0.220887311989248,0.429819564112794,stable
ALKBH4,-0.0362981257666456,0.17339753773019,0.374291276922806,stable
C7orf63,-0.0363017277622483,0.00573423179640966,0.0431620994330737,stable
SLC26A5,-0.0363081495808683,0.0201474099663551,0.100444183199449,stable
UTY,-0.03632206238199,0.255544445962146,0.468166342149956,stable
CYB5R2,-0.0363461048963651,0.0869194252543735,0.250295183582912,stable
PECR,-0.036357287041636,0.104083367403004,0.277132451129234,stable
CCDC23,-0.0363692870584137,0.212235602002714,0.420536773786327,stable
IRX3,-0.0363751259855359,0.305720581515886,0.5169066009411,stable
PIAS3,-0.0363945055929798,0.0410716736468826,0.158347841481532,stable
BBX,-0.0364209149255731,0.394557756383394,0.597284707619889,stable
PIP5K1A,-0.0364219246274327,0.290839925522762,0.502831118368219,stable
PARAIL,-0.0364942539764302,0.172135003520445,0.372961717242951,stable
BASP1,-0.0365166972962623,0.0144971553116012,0.0800782767867205,stable
TRA2B,-0.0365452578931025,0.0579761389258288,0.196417631966226,stable
SNX19,-0.0365608262667381,0.0438843914729741,0.164603498424558,stable
NDUFB5,-0.0365782579766952,0.588333754733702,0.744900748052028,stable
TBK1,-0.0365795533540488,0.230915618632041,0.441808189412751,stable
BPGM,-0.036627048019783,0.227951057785103,0.437849423376037,stable
UFSP2,-0.0366375974133606,0.164778520956078,0.364631585689144,stable
P4HA1,-0.0366381975924281,0.14938917569586,0.344098979405727,stable
GRAMD4,-0.0366575217855207,0.0677771558645233,0.214806314049244,stable
ZNF76,-0.0366885858879621,0.44057166139278,0.634664943539147,stable
CBFA2T2,-0.0367141382160643,0.169409808045928,0.370127880885331,stable
ZFAND3,-0.0367282665792205,0.461696820229946,0.651780957929237,stable
IQCK,-0.0367353203958621,0.14199232678813,0.334199020053817,stable
TMEM69,-0.0367589808428915,0.133592631711725,0.321337333735563,stable
POLM,-0.0367921866915167,0.165563517974048,0.365777869202653,stable
MAML2,-0.0368313105791468,0.559792914198668,0.725884012216455,stable
FAM185A,-0.036941500766185,0.106019592892164,0.280152075986556,stable
OVCH2,-0.0369559402774563,0.00432739523552205,0.0358145425585792,stable
RABGGTA,-0.036983024531332,0.601847972064236,0.754379423392132,stable
TRIM52,-0.0369856106598402,0.0312379614296151,0.132898144884647,stable
TTC32,-0.0369922272735381,0.234646113669068,0.446221856485795,stable
LAMP2,-0.0369934271357674,0.714456080483068,0.83009285945192,stable
AP2A1,-0.037022127779154,0.0947882829340298,0.263339084223995,stable
MEA1,-0.0370706942506949,0.0200063750090896,0.10009563288728,stable
C11orf31,-0.0371176526308691,0.266176414314957,0.477216595123783,stable
FXYD4,-0.0371183275640848,0.124930502001025,0.309575203406658,stable
MED25,-0.0371257912565618,0.404629280714535,0.605927762765463,stable
SLC25A20,-0.0371303730845691,0.166939780001493,0.367026095252365,stable
ASPSCR1,-0.0371786040033713,0.351114739688644,0.559273942112814,stable
IFT74,-0.0371841066784718,0.118931611625297,0.300811094663279,stable
PKN2,-0.0371933936301238,0.627010866471034,0.772351575963347,stable
TAF11,-0.0372282829743948,0.0932652536706007,0.260701097282321,stable
UBALD1,-0.037271770824435,0.14775619409949,0.34110891721854,stable
SLC35E3,-0.0373045388234827,0.271942307134584,0.482552236789003,stable
LRRC61,-0.0373790941358128,0.0346732158458604,0.141754311203945,stable
SH3BGRL3,-0.0374086439347868,0.011593243801544,0.0690286469703233,stable
DPF2,-0.0374210253090349,0.327330485310227,0.537735230806641,stable
KLF8,-0.0374297518160343,0.273020496388423,0.483799053689396,stable
GEMIN8,-0.0374877554636167,0.222638021586319,0.431581573619824,stable
ATXN2L,-0.0374887334409278,0.629705443070968,0.77416467224173,stable
RAP1B,-0.0374912302258387,0.621717923897021,0.769366736002077,stable
GYLTL1B,-0.0374950631965916,0.000425527631707712,0.00630503002423644,stable
LINC00883,-0.0375020911358582,0.0623619935795047,0.205492777479562,stable
MAP3K11,-0.0375052893082864,0.335554852719431,0.545165140834972,stable
TMPRSS2,-0.0375059707751358,0.0967649497987423,0.266735947424583,stable
FKBP3,-0.0375315444746243,0.0981888652077368,0.268315867328112,stable
GRHPR,-0.0375789488096698,0.398720762054504,0.601202160284817,stable
LINC02898,-0.0375989625984229,0.0334608743208333,0.139038857837056,stable
KAT8,-0.0376185384339778,0.365055134016514,0.571886961196702,stable
MINK1,-0.0376404781181375,0.0502371476961259,0.178829031286384,stable
ALG14,-0.0376929222870319,0.176679358433707,0.378302413293682,stable
MAN2C1,-0.0377054922245554,0.0269204671961391,0.121253196158561,stable
POLL,-0.0377428526185834,0.297016149213765,0.508448621328869,stable
DHX16,-0.0377632312359751,0.214222835428149,0.422665435490108,stable
CERCAM,-0.0377692881927967,0.154138979558822,0.350236461140913,stable
PISD,-0.0377708320558641,0.159269624096186,0.356590939563429,stable
SLC35A2,-0.0377757352879341,0.234337738273305,0.445912906701881,stable
NAF1,-0.0379721320482123,0.0734853926406236,0.225529861822491,stable
TFEB,-0.0379895301570476,0.0969780227241439,0.266875135024749,stable
PARD6B,-0.0379946997552454,0.802943515778851,0.888653828599428,stable
PTK7,-0.0380158483213928,0.601453635754499,0.754223352837813,stable
NCKAP5L,-0.0380721409631389,0.271425818666934,0.4821956124762,stable
MIF4GD,-0.0381060075089229,0.336544307741794,0.545937489931681,stable
GAS8,-0.0381085575235418,0.462677565033607,0.65230873549122,stable
FHIT,-0.0381386391713758,0.252388280916624,0.464643096793535,stable
TFIP11,-0.0381408575519328,0.19050153142685,0.394626456560212,stable
KLF9,-0.0381454007730053,0.0821976487593669,0.241747432910445,stable
NDUFB3,-0.0381574086831528,0.0675465291329781,0.214472085066973,stable
BCL6,-0.0381669633063999,0.311376868218993,0.522480554167326,stable
TMEM147,-0.0381807852934325,0.832750395075479,0.903409531542372,stable
DHRS7B,-0.0382220518773372,0.0567350489014651,0.193561048777982,stable
DOPEY1,-0.0382287802369227,0.108778851724486,0.284735049995743,stable
DENND6B,-0.0382496106376131,0.300021682552399,0.511142336728665,stable
ATN1,-0.0382603767514796,0.167467745948664,0.367648573094079,stable
PTDSS2,-0.038274910869869,0.207874654938641,0.415545344557637,stable
ZMYND8,-0.0382768118559261,0.0948889011520402,0.263435649554904,stable
HSPBAP1,-0.0383093705221913,0.0164823330896938,0.0875619468441623,stable
TBC1D22A-DT,-0.0383290555614065,0.264396110895371,0.475640626870495,stable
DRAM2,-0.0383544991245956,0.00473063020314314,0.0381194618346881,stable
METTL25,-0.0383604154287009,0.002200324313771,0.0217787566085317,stable
FBP1,-0.0383717836929478,0.175255858525681,0.376545930847463,stable
POLR2F,-0.0383869771070188,0.00948391409917929,0.0603180884226679,stable
PRPF3,-0.0384105323749968,0.278898336710982,0.489862515951604,stable
ARL6IP6,-0.0384813255894889,0.266576089950865,0.477594331461143,stable
APOO,-0.0384836209703371,0.135091437068897,0.32360527664711,stable
BOLA3,-0.0385204040393204,0.682180154043406,0.810673515699548,stable
TOB1,-0.0385496203911034,0.483367459720393,0.66830633976441,stable
PPP6C,-0.0385981144683075,0.340676712111389,0.550123134590438,stable
VDAC3,-0.0386171029801563,0.760017440203421,0.86064167732315,stable
NPAT,-0.038655153675026,0.0301516616350677,0.129779546417982,stable
ARHGEF9,-0.0386758699425163,0.274325403835865,0.485069396184329,stable
RAB7A,-0.0386991541931405,0.523772077943258,0.699430836877692,stable
MICALL2,-0.0387146725498946,0.0284689257757639,0.125769479104784,stable
GOLGA6L9,-0.0387995718447969,0.0360063155304028,0.145790394515947,stable
TMEM199,-0.0388132003850575,0.408750982248795,0.610156552327424,stable
GIT2,-0.0388166054947193,0.421681675064619,0.620271911945592,stable
SAP25,-0.0388269242318924,0.0253641170954607,0.116853237147124,stable
STX11,-0.0388367984289062,0.277514059566441,0.488316088115758,stable
EDEM2,-0.0388454138876545,0.031783705348939,0.134205186247126,stable
AUH,-0.0388780627295205,0.131595166379392,0.318752829438397,stable
EEF2K,-0.0388787864609833,0.434585754119769,0.629204815629522,stable
ADD3,-0.0389262842965205,0.0774454616655899,0.232717139478901,stable
RMDN2,-0.0389372070282969,0.0171084664860139,0.0896800576007864,stable
ZNF506,-0.0389747804078953,0.0650943298428008,0.210283585623255,stable
MRI1,-0.0389903848966215,0.216507161991868,0.425085696785833,stable
ETV3,-0.0389945624358289,0.149602626244921,0.344378720921281,stable
AFMID,-0.0390087934984971,0.0117633309925807,0.069837279287667,stable
FAM173B,-0.0390218769912374,0.01822317555932,0.0937937254893171,stable
NUDCD2,-0.0390382206641206,0.0337880659434593,0.139866345442888,stable
ALDH3A1,-0.0390478864988727,0.0253704590468313,0.116853237147124,stable
ERI3,-0.0390959085416527,0.105785580952118,0.279836169997552,stable
IL1R1,-0.0390978630504614,0.102164718041172,0.274233973064402,stable
SPIN2B,-0.0391238081482626,0.0724266989631889,0.223515265873775,stable
SERPINF2,-0.0391250366259907,0.000381097248185315,0.00579419497738469,stable
RPA3-AS1,-0.0391989808678263,0.226104250840604,0.435557352795685,stable
PI4KB,-0.0392041969943425,0.0161446446337028,0.086293019677474,stable
ZNF160,-0.0392265600153999,0.0518858047893594,0.182781578600902,stable
VWA5A,-0.0392524508015835,0.227211146367668,0.436929844403691,stable
FUCA1,-0.0392538267686619,0.334610311555099,0.544064438474266,stable
FAIM,-0.0392715684097187,0.30832607701547,0.519930744300883,stable
FADS1,-0.0392767812709592,0.0309208926789601,0.131975206741483,stable
STIP1,-0.0392991551620943,0.224325643496546,0.433912287748468,stable
SRCAP,-0.0393129518252413,0.00627803712814705,0.0458584973825684,stable
PCM1,-0.0393393982769746,0.571684368711716,0.734447685037522,stable
GLA,-0.0393609422139001,0.00791715988339131,0.0534102441581542,stable
ARHGDIB,-0.0393867800883206,0.000884435625925634,0.0110999021366158,stable
CLPTM1,-0.0394013164040831,0.00247924510935768,0.0237138436751082,stable
CNNM3,-0.0394562726742099,0.117493796029218,0.298471355498993,stable
MAT2A,-0.0394579854299616,0.629102467067949,0.773715524650005,stable
SEC14L4,-0.0394841336816388,0.133252302154231,0.320897585014445,stable
RNF207,-0.0394952113077292,0.120651683084231,0.30340386217273,stable
CWC27,-0.0394958125056,0.194454650778089,0.398879645508276,stable
KCNJ15,-0.0395157234876081,2.1821300944131e-05,0.000565134709197155,stable
ACOT13,-0.03954358194678,0.579475526272864,0.739946603275827,stable
FAM65B,-0.0395699735448152,0.00308413752779783,0.0278863989592803,stable
GTPBP10,-0.0395805886743034,0.168084497674496,0.368219516052515,stable
FXYD5,-0.039600700256925,0.0520451185831736,0.183013988880383,stable
TRANK1,-0.0396096388008716,0.0407409830517599,0.157700372648738,stable
PHKG2,-0.0396222202389487,0.398240718142312,0.600702682449608,stable
SPTAN1,-0.0396753184669691,0.879507964044671,0.931557521227108,stable
ITM2C,-0.0396857617270879,0.00367035450267308,0.0317301368038725,stable
C14orf119,-0.0397018081173689,0.02823618347679,0.124921862765212,stable
KAT6B,-0.0397984580638844,0.0614150913856608,0.203667991154881,stable
BTD,-0.0398617155593728,0.250287628077216,0.462649846100093,stable
COG1,-0.0399034427270273,0.313812158430172,0.524323202517798,stable
COL4A3,-0.0399141141751809,0.00482422086855985,0.0386877535024694,stable
TMEM219,-0.0399655643637912,0.541094976774607,0.712445604921672,stable
TEAD2,-0.0399745550018855,0.00502240274686716,0.0396622357543205,stable
B4GALT4,-0.0399859554904894,0.140187360813854,0.331140154316629,stable
PLEKHH2,-0.0400062996302203,0.119596473552911,0.301672406411614,stable
SRD5A3,-0.0400491683060777,0.316182814417945,0.52707196555911,stable
APOA1,-0.0400809421715472,0.39135983755601,0.594874739403714,stable
MPDU1,-0.0400822182407827,0.00873714735490453,0.0570223647978393,stable
NMU,-0.0401003725487509,0.00601388819867632,0.0446055292302933,stable
TPD52L2,-0.0401103874882757,0.589648463210677,0.745758258531397,stable
C11orf73,-0.0401104813183423,0.584787517071309,0.743158603667708,stable
CCNH,-0.0401470186219239,0.121826216101865,0.305164685579753,stable
TM2D2,-0.0401763260018185,0.214165286004957,0.422665435490108,stable
S100PBP,-0.0402269475824303,0.108834055444194,0.284818559997822,stable
ARSA,-0.0402534160856947,0.0550049109980292,0.189669966724939,stable
EPHX3,-0.0402607203745094,0.0420318673908094,0.160717179686237,stable
ZDHHC12,-0.0402630073831674,0.477531506421245,0.663787256594645,stable
ATP6V0E2,-0.0402744087944735,0.303359899981588,0.514466067893304,stable
IP6K2,-0.0402958635026475,0.531222613182042,0.704583376549063,stable
EPS15,-0.0403358201272915,0.0298133848552711,0.12886803977045,stable
SHC1,-0.0403377779779358,0.00362069109192539,0.0314565230331883,stable
POLR2E,-0.0403564449238293,0.0135612496448498,0.0765340330833999,stable
GDPD5,-0.0403864375424536,0.095848503688507,0.265079662689663,stable
CFB,-0.0404007185077478,0.000137004962567397,0.00256469932989871,stable
SF3B4,-0.0404068844245107,0.447106193866473,0.639305897043369,stable
NOL12-1,-0.0404196973655415,0.00554976016531455,0.0424798173204791,stable
GOLGA1,-0.0404300765404147,0.0346317738660208,0.141706459321779,stable
RAB3GAP1,-0.0404309136530869,0.581365113048689,0.741120778173655,stable
NOB1,-0.0404346000134118,0.060180620273567,0.201051626735196,stable
TBCC,-0.0404459078325363,0.0163678929855234,0.0872193216456137,stable
PRCP,-0.0404510763674184,0.255415589763903,0.468052387540759,stable
BROX,-0.0404576863956204,0.422654588210894,0.620827888282861,stable
CCDC24,-0.0404913734423746,0.0504119918626912,0.179241846548597,stable
PPP1R12B,-0.0404977054012245,0.0851399667074477,0.24644824840915,stable
SYDE2,-0.040572191576585,0.25599683203378,0.468529012543933,stable
CFH,-0.0405937396762936,0.00108696112227028,0.0129125488422079,stable
SERTAD4-AS1,-0.0406516168534808,0.0112699322699081,0.0676638762609804,stable
CLN8,-0.0406633532731012,0.160181344611411,0.357505341707118,stable
HMBS,-0.0406900874515663,0.142239610725688,0.334376834876398,stable
CDK7,-0.040701687601221,0.135310243394989,0.323938976745074,stable
POLR2H,-0.0407394714444282,0.328323672831057,0.538760795557937,stable
PAF1,-0.0407485135106244,0.288126117168058,0.499824056487042,stable
NARFL,-0.0407997711622994,0.158133710475103,0.355466435610088,stable
PFKM,-0.0408979814713802,0.273047257150126,0.483799053689396,stable
MAPK7,-0.0409314520430039,0.0730059509972264,0.224821693199214,stable
MUC15,-0.0409492976951731,0.139637547793867,0.33003275023825,stable
ZBTB24,-0.0409898176115687,0.162572941593605,0.361457191349623,stable
STARD3,-0.0410338829658998,0.0756718683116312,0.229785879968438,stable
RAE1,-0.0410708562925112,0.223102817795023,0.432204254314795,stable
HYI,-0.0410819448437492,0.451701924513798,0.642944145931145,stable
CASP1,-0.0410824618402933,0.09997387171212,0.271090106355419,stable
NSUN7,-0.0410989540199739,0.0219223057852191,0.106340581713698,stable
FUS,-0.0411697731697066,0.546468459142002,0.71635715223076,stable
FHIP1A,-0.0411784245636296,0.000699574223906342,0.00916816070511164,stable
MTA3,-0.0412287542841303,0.160877088428442,0.358469108448647,stable
BCCIP,-0.0412365379391761,0.315171028666934,0.525887340216298,stable
ASMTL,-0.0412391252080761,0.067224370452959,0.213774897090783,stable
ARL8B,-0.0413063056419155,0.79008369650749,0.880495162796375,stable
ZNF710,-0.0413142303102281,0.00550385863103074,0.0422342548058504,stable
EPC1,-0.0413174364626107,0.228719084456808,0.438773083553048,stable
GRINA,-0.0413469188605717,0.191607370976568,0.395309451952332,stable
ZNF224,-0.0413815281956272,0.0498297804641572,0.178052977607091,stable
CRCP,-0.0413999637673622,0.180812122717557,0.383523752923722,stable
CRIPT,-0.0414336319268709,0.0506387680842678,0.179735279054033,stable
MOGS,-0.0414950325717866,0.089874390187405,0.25501962526714,stable
BTC,-0.0415428158803783,0.184489253121574,0.388157767669212,stable
RALA,-0.0415549424735026,0.00570078782598943,0.0430163150524042,stable
TBCK,-0.0415618244188064,0.0854367153900756,0.247190155959357,stable
TRAPPC11,-0.0416317393330164,0.0825704024994652,0.242198808332742,stable
FAXDC2,-0.0416517369409176,0.252467232403686,0.464643096793535,stable
TP53BP1,-0.0416725448914917,0.0326358642949997,0.136717205326277,stable
C1orf198,-0.0416794858832452,0.236068725884729,0.447394549242671,stable
INTS12,-0.0416874563514781,0.0961165794898967,0.265640756880963,stable
MAD2L1BP,-0.0416892419806935,0.10666554144481,0.281054201663175,stable
PMM2,-0.0417194091262949,0.0645578090947541,0.209380381632867,stable
HNRNPUL1,-0.0417271125554595,0.588460724147696,0.744900748052028,stable
OSGEPL1,-0.0417498400634653,0.00939961848522304,0.0599066404397114,stable
PIGQ,-0.0417653453769202,0.536757246279516,0.708872145475454,stable
HMGXB3,-0.0417677889588876,0.210392596775443,0.418632839585989,stable
TRIM11,-0.0417817674409579,0.115612851588391,0.295968900066282,stable
ARFRP1,-0.0417895828851328,0.126689102377151,0.312479335645337,stable
NIPBL,-0.0418244982660852,0.553023439769687,0.721006668914746,stable
HTATIP2,-0.0418529804960816,0.0956325352759182,0.264602107562885,stable
MTERFD2,-0.0418541438309236,0.411973549830247,0.61188089795114,stable
EHMT1,-0.0418632026187705,0.0908473036425067,0.256510673048676,stable
PLOD3,-0.041900885124357,0.22472668717628,0.434247405990743,stable
LTBP4,-0.0419035902511324,0.573424862683313,0.735524189028417,stable
APOA1BP,-0.0419060935333165,0.613636767760163,0.763114179672843,stable
CTAGE5,-0.0419147712183209,0.158467126994471,0.355784798315621,stable
BCAT1,-0.0419541412144595,0.176936550347883,0.378455361583994,stable
SLC25A1,-0.0419845193025203,0.698627598428783,0.820762445178598,stable
EVPLL,-0.0420035822910176,0.0797843194705706,0.236547058260552,stable
CA11,-0.042180397084183,4.63294608840778e-05,0.00106054556151117,stable
FASTKD2,-0.0421818358500991,0.040767586745542,0.157703474803008,stable
TSEN54,-0.0423088581817948,0.117313708034132,0.298199785196347,stable
COQ10B,-0.0423762220433036,0.344857513138249,0.554165668542389,stable
GRAMD3,-0.0423824472768579,0.0424179395806904,0.161431405333738,stable
SLBP,-0.0424102454242687,0.401085048799203,0.602917790863224,stable
FIS1,-0.0424109229420206,0.0260105935610452,0.118744307828281,stable
SP110,-0.0424237288206086,0.0289711254463173,0.126971764037527,stable
RTCA,-0.0424531387439256,0.358105055736288,0.565260242523118,stable
WIF1,-0.0424543127869169,0.00352479509605975,0.0308425878698886,stable
ACCS,-0.0424972911267589,0.114447319260623,0.294014243116458,stable
CTSF,-0.0425369096095251,0.100333009714686,0.27142631957767,stable
MET,-0.0425469203720964,0.00151145829250719,0.0164621978787348,stable
LMBR1,-0.042580506857239,0.102641348301182,0.274969941186423,stable
COPE,-0.0426512565734962,0.444313914125156,0.637924980768841,stable
PIGR,-0.0426588445647021,0.055940752094149,0.1917072479952,stable
C1orf35,-0.0426936338044182,0.333741727885225,0.54352221447697,stable
C17orf62,-0.0427298961071084,0.287376993120401,0.49887100929056,stable
PRR15L,-0.0427457646215643,0.552954236108081,0.720993342099753,stable
ASF1A,-0.042783919595751,0.23674194227437,0.447871965287548,stable
TOB2,-0.0428203207699015,0.338781222240983,0.548438837329331,stable
ZC3H14,-0.0428563778677234,0.759994778607642,0.86064167732315,stable
OSBPL3,-0.0429041208559439,0.0604817907886844,0.20167196142959,stable
USP14,-0.042953598555694,0.407834664517054,0.609086247899385,stable
SMAD6,-0.0429903726804532,0.0682062184731229,0.215495687416763,stable
CPSF3L,-0.0430413215598548,0.409468790595036,0.610495837818917,stable
GABBR1,-0.043047404017243,0.107796904291187,0.283134799754077,stable
NONO,-0.0430618746399117,0.69532425420084,0.819005943664585,stable
MFGE8,-0.0430931605694777,0.012241960397246,0.0716304610270532,stable
SMIM22,-0.0431538649844408,0.274137241930275,0.484886940436359,stable
DCP2,-0.043171507856967,0.0963376702765726,0.266011222376513,stable
EIF4A3,-0.0432057794331141,0.250691256630971,0.462974448008091,stable
FBXL12,-0.04325299849364,0.0450627572138364,0.167178556024875,stable
TIMMDC1,-0.0432757778968016,0.489947524270156,0.67361585161156,stable
CDC42BPG,-0.0433875059387379,0.0991689203575216,0.269686514449465,stable
PON3,-0.0433925374088738,0.0693056691324975,0.2180675674326,stable
ATG16L2,-0.043441578163956,0.0597264153502602,0.199971432824317,stable
GOLT1B,-0.0434478197484338,0.25976103668467,0.471255404041764,stable
ING5,-0.0435267375655609,0.310933457148298,0.522094859914945,stable
UBE4A,-0.0435640516566311,0.102291193163782,0.274392702487178,stable
SCGB3A2,-0.0436324264604673,0.172140871129314,0.372961717242951,stable
HIBCH,-0.0436782423569639,0.390829101608224,0.5946595641099,stable
ABCC4,-0.043681854919823,0.0157324234153774,0.0847194466209576,stable
LARP4,-0.0436985480058887,0.2848931022357,0.496228737778456,stable
MCEE,-0.0437043537291902,0.0417874741247124,0.16018680030477,stable
KITLG,-0.0437323100148462,0.144137950352629,0.336501211939183,stable
IFNAR1,-0.0438216255970327,0.744494712800325,0.84989758771677,stable
NIF3L1,-0.0438379589205658,0.0210545963077617,0.103403529636834,stable
PRKRIP1,-0.0438432056883988,0.111704316382995,0.290094234855689,stable
CIT,-0.0438775303817474,0.058535182918215,0.197715964628975,stable
NR4A2,-0.0439106650342491,0.0443516707717871,0.165796582114472,stable
PTK2,-0.0439799175122145,0.00601722167054595,0.0446055292302933,stable
LEPREL1,-0.0440261869685889,0.0110414389978554,0.0668714032923792,stable
DYNC2I1,-0.0440275813421947,0.40219526840452,0.603634933197284,stable
SORBS1,-0.0440791770496898,0.12601172951232,0.311281409408691,stable
BLCAP,-0.0440870438435582,0.51824677600741,0.69486109355211,stable
SNAPC5,-0.0441022240492939,0.268352778316499,0.479617049173453,stable
ARL4D,-0.0441233455031285,0.00404109175462603,0.0340677969714129,stable
TMEM128,-0.0441307280735169,0.181463824770428,0.38398095034974,stable
CLSTN1,-0.0441615140318483,0.0463482191521402,0.169730566481654,stable
SYT15B,-0.0441663459961285,0.00588994829489718,0.043874910394164,stable
THOC3,-0.0442032051702659,0.0807304973139477,0.238773191184538,stable
ATG9A,-0.0442901973641045,0.389102227719748,0.592843778093756,stable
KLHL22,-0.0443044182040275,0.0136158331012238,0.0766298083928913,stable
ACOT2,-0.0443163418633943,0.00570761362999085,0.0430412517045084,stable
YBEY,-0.0443739188188181,0.0767082366174919,0.231526292447462,stable
FAM221A,-0.0444188175427077,0.0251380728958978,0.116045242854779,stable
SFT2D2,-0.0444588014573488,0.472437074120984,0.660083528866717,stable
TCTN1,-0.04447032354914,0.176251924530201,0.377718009371875,stable
KMT2D,-0.0444728840128323,0.294387945030943,0.506437842625196,stable
ZNF83,-0.0444869408810181,0.00156364719145265,0.0168674558914057,stable
USP21,-0.0445027000265435,0.00416648977453312,0.0348405022194558,stable
JADE1,-0.0445038760552479,0.106949706317083,0.281453866527453,stable
LYPLAL1,-0.0445177625715315,0.00993238912579138,0.0621677033659364,stable
AVPI1,-0.0445364899282879,0.00178009777485823,0.0186460284489006,stable
DDX5,-0.0445571687086432,0.00895038790239334,0.0579030287135778,stable
RNASET2,-0.044561371769199,0.142222462998451,0.334376834876398,stable
TAF1D,-0.0445616365204089,0.031721123854546,0.134079881742037,stable
UNC50,-0.044584433755181,0.193750809258754,0.398118993507986,stable
TAF1,-0.0446533533902715,0.15970966857997,0.357189347613356,stable
ATG14,-0.0446812211660721,0.0212309676652701,0.103936051753828,stable
HAUS4,-0.0446835491249696,0.0522108262317542,0.183240063122872,stable
BCL2L13,-0.0446877432105043,0.13709401786395,0.32654662400018,stable
DERA,-0.0446894011569093,0.396287769831644,0.598981056421696,stable
SPICE1,-0.0446950703713266,0.0146965479382165,0.0808619738321628,stable
PUSL1,-0.0447343925422194,0.0799297018983583,0.236807878037603,stable
TPCN1,-0.0447531067959871,0.0488193513081847,0.175519926585662,stable
CTSO,-0.0448710525147014,0.257190744899812,0.469417935229827,stable
RSU1,-0.044897546592677,0.60419098076341,0.755873469110295,stable
KRT18,-0.0449340195388213,0.00795877001943163,0.0536317556325977,stable
ILF3-AS1,-0.0449681229145657,0.425924854681421,0.623530916049526,stable
MAP3K8,-0.045057471207541,0.0943736764051454,0.262497994972481,stable
ARHGAP29,-0.0450817947959264,0.217585438315112,0.426449318256202,stable
PSMC2,-0.0451518210279502,0.260812721168043,0.472462167095163,stable
COX5A,-0.0452408259636155,0.703395922126912,0.823356483010569,stable
UBXN2A,-0.0452482914852596,0.32206504416673,0.533241649721537,stable
SLC44A4,-0.0452510400306229,0.0067205370485417,0.0479052680263018,stable
UNKL,-0.0452842640922756,0.116424142711723,0.296890644400551,stable
IMMP2L,-0.0452912772371518,0.0662762712029969,0.212584922378755,stable
SLC35A1,-0.0453255138229089,0.550587553957975,0.719413723376596,stable
ACAD10,-0.0453627225091401,0.0303318230140658,0.130325555192949,stable
FAHD1,-0.0453738190044165,0.169356389723963,0.370127880885331,stable
CEP164,-0.0453807897552206,0.25734206368123,0.469514833796919,stable
EFCAB2,-0.0454066390017638,0.175534945188348,0.376853127123901,stable
XAF1,-0.0454166103320622,0.224938671572201,0.434452570911453,stable
TUFM,-0.0454166517014251,0.727215651003729,0.838596300163366,stable
BOD1,-0.0454812077065439,0.20150083233259,0.407333582674646,stable
PPP2R2A,-0.0454935657144271,0.105555015594198,0.279507661346657,stable
LCMT1,-0.0455139549782673,0.0175419289599077,0.0913645247575253,stable
POLR2C,-0.0455243695197276,0.117235183755939,0.29816098583439,stable
CEP70,-0.0455591220098724,0.0336554322490044,0.139553596951096,stable
COL4A5,-0.0455899298047582,0.00864730255029318,0.056743467579371,stable
HNRNPF,-0.0456074096012632,0.122460658924573,0.305876398588881,stable
TAP1,-0.0456222504653949,0.028990958978188,0.126971764037527,stable
RAB34,-0.0456432371480668,0.029104770233396,0.127244889604089,stable
ANKZF1,-0.04571372606073,0.36051630602734,0.567540415309492,stable
EML1,-0.0457285160223784,0.0311020963761404,0.132451841810043,stable
CS,-0.0457336303239419,0.399158425273005,0.601362722220641,stable
OVCA2,-0.0457477203472175,2.98999120985649e-06,9.77263437146677e-05,stable
DIP2B,-0.0458612746376422,0.0646735542963541,0.209421769177134,stable
CFDP1,-0.0458983588626002,0.498451021773419,0.679650339114141,stable
PSMD6,-0.0460881484767537,0.585392538252861,0.743540979592993,stable
GAA,-0.046110004369609,0.23636076562575,0.447394549242671,stable
PSMD7,-0.0461736163265236,0.607383934255098,0.758082623272853,stable
PRKAR1B,-0.0461881620284092,0.00149529836704849,0.0163664898151291,stable
CHST11,-0.0461965354502939,7.83185660669372e-05,0.00164779027814499,stable
NTN4,-0.0462076428519102,0.205979472608641,0.412972457465644,stable
ZDHHC13,-0.0462232218305282,0.0605931308697568,0.201988118830626,stable
MPLKIP,-0.0462682700473689,0.00788503778103653,0.0532229165297573,stable
PSPC1,-0.0463357620319303,0.105037208891417,0.278761363762197,stable
MAGIX,-0.0463491694632835,0.0431306993975386,0.163178480171932,stable
PPID,-0.0463921140253301,0.0257168609439624,0.118048407126923,stable
FMO5,-0.0464510009149435,0.014952568997151,0.0817182390373488,stable
CRY2,-0.0464908996176742,0.142272671051968,0.334376834876398,stable
FBXO22,-0.0465135901719042,0.130454821874605,0.317431601652357,stable
TSPAN7,-0.0465190128542409,0.00848886918202838,0.0561211124289426,stable
TFCP2L1,-0.0465327013202005,0.011977796639178,0.0705612176227771,stable
TRA2A,-0.0465439738994082,0.582145281054164,0.741573980367455,stable
GMPPA,-0.046560429070384,0.0172005459037688,0.0900250257316088,stable
RNF146,-0.0465622392489706,0.406271340179019,0.607419381402682,stable
SOCS4,-0.0466095559974862,0.21387507541109,0.422428327973044,stable
BAG3,-0.0466252885177616,0.236278384429607,0.447394549242671,stable
TGS1,-0.0466406562369622,0.113309941187511,0.291845916788062,stable
STYXL1,-0.0466558163847497,0.126867334080888,0.312756253512972,stable
CHIC2,-0.0466663565087772,0.0915146093338531,0.25726908394061,stable
SZT2,-0.0466716782559156,0.0447668319099346,0.166754019757163,stable
IDH1,-0.0466911118704861,0.0501415765558838,0.178696977206741,stable
NQO2,-0.0466970642541603,0.0383957468549685,0.151696706384982,stable
C1orf53,-0.0467569050192401,0.0344839067147494,0.141500931749277,stable
PBXIP1,-0.0467912868166879,0.102615136151688,0.274959979026356,stable
HLA-DQB1,-0.04679518163846,0.29450936336405,0.506547355375024,stable
SHMT1,-0.0468010645342518,0.0761166322862238,0.230537589957086,stable
AARD,-0.0468070839045354,0.0897374014351727,0.254808361241243,stable
TYW1,-0.0468088084770675,0.0250973120537251,0.115944649487806,stable
USP15,-0.0468246970884885,0.0454383055339796,0.168161624840256,stable
ACP1,-0.0468413288151711,0.207965011079918,0.415561666926296,stable
TMEM44-AS1,-0.0468446705761075,0.000336780972966584,0.00525103394584633,stable
SGCE,-0.0468526608152494,0.537899113387082,0.709843329595562,stable
SCCPDH,-0.0468722135478369,0.443154845715354,0.636784393326025,stable
CERS2,-0.0468781727445539,0.0787070361684596,0.234433433265899,stable
TFG,-0.0469727497232704,0.599001325932641,0.752228498890549,stable
GTF3C2,-0.0469780305507582,0.100302078542036,0.27142631957767,stable
EVPL,-0.0469811991347449,0.492848341090826,0.675351852435969,stable
FAM229B,-0.0470688715417099,0.117906837814733,0.299023482457946,stable
MTFP1,-0.0470703462184245,0.00118789381411919,0.0137768633622324,stable
UBAC2,-0.0471115811060618,0.299671119033729,0.510995165954399,stable
ACN9,-0.0471550826243731,0.0200230547953869,0.10009563288728,stable
DDX3Y,-0.047206182706644,0.0502151103554857,0.178829031286384,stable
C1S,-0.0472585992812794,0.123212987607577,0.307065353825693,stable
MPZL2,-0.0472994354873858,0.139043084953982,0.329391990402612,stable
TSC22D4,-0.0473116972232848,0.364018219607324,0.570774591646989,stable
SCRN3,-0.0473701701919524,0.179411289082565,0.381811211306629,stable
CCDC43,-0.047411731754522,0.100509809969942,0.271508351358818,stable
KDM4C,-0.0474544185617917,0.138501769444655,0.328491585116698,stable
KIAA0195,-0.0476282682651969,0.0730155531741557,0.224821693199214,stable
TIMP1,-0.047657782441197,0.0184195753009748,0.0944070811233193,stable
RGL2,-0.0476866650778868,0.0512149623864616,0.181201649844315,stable
CLEC11A,-0.0476943780655928,0.0414153349801943,0.159276816568031,stable
ZGPAT,-0.0476974889847743,0.00584636715531358,0.043653088869632,stable
FAM73A,-0.0476978080476175,0.194522721657694,0.398879645508276,stable
NBPF26,-0.0477144434815456,0.00109822758348309,0.012983301721951,stable
HSF1,-0.0477317947913364,0.0413452841299406,0.159082390054893,stable
URM1,-0.0477932251906714,0.364651126615293,0.571473765608378,stable
TBC1D2,-0.0478169643463209,0.625272439654437,0.771352336495694,stable
SLC25A43,-0.047841806184258,0.0373710188266946,0.149109652289335,stable
LINC00863,-0.0478918448623101,0.0121004971988803,0.0710112711277548,stable
SAFB2,-0.0479730128632146,0.0147220471234854,0.0809183021751284,stable
CHD3,-0.0480094801757968,0.27864623015616,0.489731590785311,stable
ATP6V0E1,-0.0480138821200555,0.103332803437451,0.27609621622282,stable
CDK18,-0.0480937533699328,0.0203564931748394,0.101260176585128,stable
ARV1,-0.048110147245487,0.122275952636583,0.30566487628417,stable
NSD1,-0.0481359083391356,0.323228030925614,0.534371037332256,stable
PLA2G1B,-0.0481387339428435,0.238893347031554,0.449958747937399,stable
FAM120AOS,-0.0481522399474629,0.195739408688941,0.400522017377571,stable
ELP4,-0.0481606820577188,0.0462542793503168,0.169522140460051,stable
BNIPL,-0.0481694370028074,0.0177949466048225,0.09234013840354,stable
ARAF,-0.0483067040757298,0.356875950483412,0.564284942513161,stable
C9orf142,-0.0483093895200516,0.41766554286479,0.616913172417521,stable
ZNF737,-0.0483632087114807,0.0310785752167052,0.132417045468458,stable
GINM1,-0.0483830912340826,0.504522862605974,0.683222707918585,stable
TMEM140,-0.0484371661070525,0.0946153391956451,0.263037959137495,stable
SH2B1,-0.0484542335493975,0.150387122981872,0.345616129221733,stable
SIAH1,-0.0484604992525319,0.186403087026157,0.390532283307104,stable
POLR1C,-0.04848274172247,0.000494472542591343,0.0071447191024073,stable
HOOK3,-0.0484906859219185,0.402821092381956,0.604330514638812,stable
LIN37,-0.0485301431270321,6.295771599818e-07,2.36798498572847e-05,stable
KL,-0.0485432834913185,0.00464975112641157,0.0377163621561081,stable
DCTN4,-0.0485451835643409,0.586438752396301,0.744142203727329,stable
GATA6-AS1,-0.0485495458858009,0.15754927371941,0.35487052182533,stable
TRPC4AP,-0.0485552777415678,0.349406921031184,0.557983961913649,stable
PPAPDC1B,-0.0485680564872257,0.00325470263016464,0.0290404999643303,stable
PPM1G,-0.0485744753708491,0.515160912303175,0.69224216686754,stable
UNC93B1,-0.0486538454801103,0.369092349834161,0.57607059299959,stable
RBFOX2,-0.0487121863741211,0.363322969075915,0.570196427523942,stable
SMG1,-0.0487402568015924,0.342252195156098,0.551501559924617,stable
MKL1,-0.0487726573985365,0.0505793849022264,0.179576648575317,stable
ING4,-0.0488038616788664,0.167258650766704,0.367447546903939,stable
RSPRY1,-0.0488396855648023,0.0238620065585178,0.112534401300664,stable
LGALS3,-0.0488397713112665,0.484631135053141,0.668864287556689,stable
TRIM21,-0.0488621326277649,0.0304751677978496,0.130762346115219,stable
GGT7,-0.048870401414786,0.249705723998315,0.461715741968749,stable
ATP2B4,-0.0488750041372534,0.0670367640748133,0.213466300655162,stable
CYR61,-0.0488986681696277,0.00117093617019817,0.0136579425042963,stable
ATP5D,-0.0489006438118107,0.809008970095561,0.891882900538292,stable
MLPH,-0.0489037726705456,0.0434105610783984,0.163629570959711,stable
POLRMT,-0.0489409981186023,0.132336742910063,0.319864606685857,stable
ALG8,-0.0490640918034276,0.075697125185982,0.229785879968438,stable
CPAMD8,-0.0491408761593633,0.0700000521693928,0.219167797570796,stable
SEC22A,-0.0491640915250088,0.0460323184088011,0.169197288397828,stable
SMARCB1,-0.0492040740880845,0.0967746995114551,0.266735947424583,stable
FAM46A,-0.0492471185888024,0.0669971628922656,0.213466300655162,stable
CISH,-0.04930728883604,0.00324836799178971,0.0290051499865869,stable
PPIL4,-0.0493203500797279,0.127383344583971,0.313432770570543,stable
MEGF8,-0.0493210215941256,0.00870371156889536,0.0569534481137662,stable
SEC62,-0.049337615715976,0.508636921717503,0.686717766453722,stable
UXT,-0.0493819090968384,0.687786987267953,0.814286501923821,stable
DNAJB9,-0.0493943174522928,0.355370130149433,0.563269177904571,stable
ZNF69,-0.0494043200724516,0.0317717374766717,0.134201008609134,stable
C6orf226,-0.0494271504504262,0.0773681768485449,0.232599260648454,stable
ZNF428,-0.049432807708117,0.228432706097294,0.438430114513005,stable
NPNT,-0.0494618497557,0.495200502546231,0.677485276231128,stable
MPZL1,-0.0495030891123118,0.318908730723002,0.529881789364955,stable
IQCB1,-0.049512074951945,0.00960291518733772,0.0607273850232883,stable
C14orf166,-0.0495263996916803,0.711372869143319,0.828331296666787,stable
RORC,-0.0495455787061588,0.0274788935720437,0.122756050004591,stable
KHNYN,-0.0496240736109277,0.00574903810980061,0.0431937565176415,stable
TIMM50,-0.0496304890561776,0.206125508495619,0.413062002598434,stable
HAX1,-0.0496878312687966,0.515359662124061,0.692357018332181,stable
NOXA1,-0.0497335303279397,0.0309011628738372,0.131975206741483,stable
ZBTB1,-0.0497337617621282,0.15763723758998,0.355003241027988,stable
ELP5,-0.0497680356829282,0.0460365004263068,0.169197288397828,stable
TGIF1,-0.0497685560502927,0.545023221387978,0.715518256182264,stable
FBXL20,-0.04978335508586,0.0897021764765735,0.254808361241243,stable
SLC12A9,-0.0497875133429237,0.000331607579429372,0.00521363193035629,stable
GALNT13,-0.0498298143893035,0.0468508006499276,0.171058598310847,stable
CYP4X1,-0.0498559978511407,0.167270448514035,0.367447546903939,stable
ACADS,-0.0499426549646374,0.227482578729706,0.437155642570653,stable
MST1,-0.0499483127690723,2.58711839498647e-05,0.000652060520831228,stable
DYRK4,-0.0499753187366757,0.0436048106102407,0.164007755353718,stable
CAVIN2-AS1,-0.0499813157830328,0.0014555184572927,0.0160596053671486,stable
KMT2B,-0.0499932404779853,0.0546742756482273,0.188956275240014,stable
CROCC,-0.049996742045389,0.0580383251523241,0.196417631966226,stable
SRSF2,-0.0499990506154314,0.447269533261201,0.639389869557352,stable
EDC4,-0.0500515702646363,0.000571832533981114,0.00794327374475583,stable
IL6R,-0.0500959182983219,0.506248330976279,0.684479548485126,stable
DNAJB4,-0.0501112417432566,0.0131851322723157,0.0754564873112301,stable
PRKG1,-0.0501577181048785,0.075305587450711,0.229102912144721,stable
RNF130,-0.0501800430982127,0.30708182487999,0.518174847468962,stable
PPIG,-0.0502245497995151,0.685304852407262,0.812611248135061,stable
RP9,-0.0502350571230027,0.25425481307216,0.466668293542655,stable
MTARC2,-0.0502531336234737,0.519157912989716,0.69552495073846,stable
THRAP3,-0.0502544688502508,0.325329312099256,0.53585266463798,stable
ZFAND1,-0.0502561255648263,0.414526087865781,0.614002018678483,stable
NBPF1,-0.0502629237302869,0.0274939962119849,0.122756050004591,stable
PLA2R1,-0.0503056330708044,0.0596854577991483,0.199939521122599,stable
MDK,-0.050309300026848,6.359310778228e-05,0.00139562324870842,stable
TRAPPC6B,-0.0503291024454594,0.170172343192192,0.37084247390509,stable
CDK2AP1,-0.0503522935688829,0.0733735938167852,0.225366137795544,stable
NUCB2,-0.0503581590990985,0.424946498892876,0.622893513006884,stable
PPAP2C,-0.0504039276961369,0.0330156472194527,0.137889684508462,stable
SPNS1,-0.0504340287057774,0.0297804015772791,0.128816570729179,stable
HMG20A,-0.0504769379649291,0.0774273707920329,0.232717139478901,stable
CHCHD6,-0.0505199057535806,0.546015886098504,0.716071042985529,stable
TUBG1,-0.0505717443591976,0.0645411052957628,0.209380381632867,stable
NR1D1,-0.0505790966223598,0.0538769427760004,0.187134147403522,stable
HSPB8,-0.0505937990395883,0.204133337949082,0.410145615234973,stable
HERC1,-0.0506084464994092,0.310624227946226,0.521813925558282,stable
COL18A1,-0.0506688550576648,0.133989423827325,0.322018046526807,stable
CAPN1,-0.0506799743619472,0.624424179185134,0.770616977926207,stable
XAB2,-0.0506981807666865,0.238228292308062,0.449298452982328,stable
MICAL1,-0.0507198803094325,0.219523799942407,0.428668737227184,stable
TBC1D25,-0.0507788695010988,0.0382871663068983,0.151423567798397,stable
LINC00472,-0.0508080039379442,0.000859429255064178,0.0108194265848656,stable
SPATA6,-0.0508341234265573,0.0114751325619602,0.06852565727279,stable
BICD1,-0.0508717845983883,0.00923833907403986,0.0591253700738551,stable
ATP6V0B,-0.0509064327868205,0.056657487058103,0.193350396928602,stable
MMS19,-0.050974306109319,0.179840230566435,0.382457647529992,stable
GALNT2,-0.0509828773524674,0.214521094801037,0.422952558523851,stable
USP48,-0.0510005654243369,0.342132706279766,0.551381700931293,stable
DEDD,-0.0510456012783881,0.012562717597515,0.0729541448603501,stable
TFPI,-0.0510590336650596,0.00156476562343374,0.0168674558914057,stable
TFDP2,-0.0510781652182853,0.361156787338576,0.568109711546359,stable
CCDC90B,-0.0511182623875676,0.0776389921650306,0.232955090875143,stable
KIN,-0.0511359565749447,0.144191209762552,0.336501211939183,stable
TECPR1,-0.0512619042853845,0.0332743216443671,0.138584431952553,stable
KRCC1,-0.0512677413162644,0.323531448027138,0.534633859297069,stable
RNASEH2C,-0.0512914216949496,0.166945476283045,0.367026095252365,stable
TMPRSS3,-0.0513463990374407,0.0133325373693545,0.0760767115082966,stable
EIF3H,-0.0513626916444998,0.723840640105697,0.836103123282283,stable
MFSD1,-0.0513880111859387,0.425600585932625,0.623282803694789,stable
DIDO1,-0.0514644685666182,0.258751092864378,0.470750611575258,stable
NPRL2,-0.0514890681343534,0.10210959191985,0.274171094698667,stable
NUDT9,-0.0514892916798709,0.205786305443367,0.412720557463448,stable
GPRC5C,-0.0515893443756934,0.00187436699122752,0.0193780103434921,stable
FBXO21,-0.0516016670720899,0.144123834955007,0.336501211939183,stable
TUBGCP2,-0.0516082138273545,0.434379376651889,0.629141950994191,stable
TRAPPC6A,-0.0516928308752656,0.341261408045773,0.550485543936596,stable
TMEM187,-0.0517124639940149,0.00334191917609307,0.0295811875514567,stable
LRRFIP1,-0.0518262094361168,0.85627676880572,0.917686061886825,stable
DNAJB6,-0.0519315789275721,0.679913931982714,0.809480196686889,stable
SFSWAP,-0.0519337729071665,0.23520136942841,0.446930132114547,stable
CASP8,-0.0519558387607349,0.015707784524602,0.0847120711775667,stable
CLN5,-0.0519698417163572,0.173951666602359,0.374891603058399,stable
SAT2,-0.051993295657382,0.357442923310244,0.564803552518248,stable
BRD3,-0.0519960760926266,0.292156815860237,0.504210774682414,stable
NUDT22,-0.0520038954262025,0.235536229330069,0.447357810337285,stable
GNPTAB,-0.0520307944465244,0.331311344275146,0.541509543043105,stable
ACY1,-0.0520384290812098,0.000131063455682026,0.00248776348176566,stable
AASDHPPT,-0.052070131353863,0.201736069618546,0.407539533137847,stable
UFL1,-0.0520749450953629,0.36678410447149,0.57378665127457,stable
ABCB7,-0.0522202666746226,0.0434825529456342,0.163699022854152,stable
TAF1C,-0.0522356357300086,0.119518351990508,0.301640170081276,stable
MARVELD2,-0.0522394545691487,0.00576764331254463,0.0433069237423498,stable
ATP6V0A1,-0.0522665888063841,0.18730101549625,0.391140061775285,stable
ZFYVE27,-0.0522817760662279,0.0390469801122594,0.153082195282956,stable
SMARCE1,-0.0523412557456165,0.309315921308226,0.520809617365256,stable
UBAP2L,-0.0523724664422902,0.162007870419143,0.360528710723395,stable
UBA7,-0.0523738083546405,0.028468391294604,0.125769479104784,stable
TRIM73,-0.0523828255467555,0.022759385351434,0.109082329091659,stable
RCE1,-0.0524260451067029,0.0508069995437657,0.180137771875626,stable
RSF1,-0.0524268743548573,0.561249520446131,0.727065712748661,stable
PEX11B,-0.0524482840069114,0.0676153692793202,0.214472085066973,stable
FUCA2,-0.0524695419957842,0.0117411471269802,0.0697733507439016,stable
WASL-DT,-0.0526300195818099,0.0733415567647052,0.225366137795544,stable
ATP5SL,-0.052656849321731,0.0422033743185548,0.16108915921948,stable
RCBTB1,-0.0526739476086416,0.0731286323842962,0.224999849550878,stable
C9orf152,-0.0526842645586499,0.04719455931471,0.17169830150685,stable
BNIP2,-0.0527199977606432,0.0712927648598829,0.221694926900842,stable
REEP4,-0.052768784067222,0.0709654934061471,0.221175962041883,stable
IMPA1,-0.0528093214866708,0.00723111019360117,0.0503664336219833,stable
GALNT3,-0.0529347926652704,0.226115314849148,0.435557352795685,stable
BBS9,-0.0529548672240644,0.015078868121304,0.08225081834664,stable
ACYP2,-0.0530135237196174,0.0771175583591114,0.232188431867433,stable
RER1,-0.05305869609531,0.0979028376707089,0.267732502838198,stable
GLTSCR1L,-0.0530756377899526,0.0290004323816824,0.126971764037527,stable
FCN3,-0.0531295255050638,0.000910192190056614,0.0112956236865503,stable
LACTB2,-0.0531363672389328,0.317090924960638,0.527808535710307,stable
USP32,-0.0531458156201127,0.0138038809885387,0.0773675567188888,stable
PLEKHB1,-0.0531959225237174,0.00416261757981174,0.0348405022194558,stable
SIGIRR,-0.0532226734109113,0.327886876928841,0.538359863475911,stable
KDM4A,-0.053271327093106,0.170303981234369,0.370888271264729,stable
USE1,-0.0532767263060889,0.0710105116228808,0.221175962041883,stable
ERP27,-0.0533650255444145,0.00282537010037027,0.0261844761993375,stable
ATPIF1,-0.053393027306218,0.0751406381028545,0.228828888931065,stable
C5orf45,-0.0535227953193623,0.0580222318451587,0.196417631966226,stable
NDUFB10,-0.0535863110948835,0.0842816529702388,0.244944753067062,stable
PPP1R37,-0.0536049740826652,0.0469577534737128,0.171397903392853,stable
LEPROTL1,-0.0536447885878976,0.111825130509137,0.290099829232531,stable
CCDC25,-0.0536524476181351,0.202056624630588,0.407850095687633,stable
NPEPL1,-0.0536988244154602,0.114911878429305,0.294758221624649,stable
CYP2S1,-0.053734813412891,0.044742147844968,0.166746346114905,stable
ODAM,-0.0538180616348627,0.00242692668575255,0.0233412681405501,stable
ST6GALNAC1,-0.0538317020228491,0.00231315761553735,0.0225666709435982,stable
ARNT,-0.0538821186972177,0.21055067152908,0.418798510909215,stable
ANKRD37,-0.053930997158198,0.132561024996412,0.319930528150073,stable
FAM60A,-0.0539313639866009,0.339716428803615,0.549443454048081,stable
TBL3,-0.0539439085703513,0.082034974628381,0.241462925561601,stable
GRHL2,-0.0540706098118214,0.000647404653132553,0.00867173323295597,stable
CASP4,-0.0540845324404004,0.5257361918804,0.700602152994976,stable
QSOX1,-0.0541252228404274,0.205102245763607,0.411686346833225,stable
MPZL3,-0.0541697291226267,0.0548029951840153,0.189347601223686,stable
IFRD1,-0.0541790278404139,0.468460503701665,0.656444176085634,stable
FBXO44,-0.0541955851625881,0.0339976118506363,0.140408331068168,stable
ARMC6,-0.0542057727748031,0.0331531937812749,0.138184640040665,stable
TP53I11,-0.0543144392159288,0.053786880184328,0.186893355137358,stable
KIAA1468,-0.0543535402008203,0.0449035233576895,0.166949770330701,stable
PAGR1,-0.0543764131960018,0.00030890577861174,0.0049167503095702,stable
BZRAP1,-0.0543836264159729,0.0088425633393945,0.0574649092295366,stable
TERF2IP,-0.0544823379247714,0.29955578121438,0.510995165954399,stable
YIF1B,-0.0544853681329611,0.208819064052698,0.41675171248656,stable
TMEM116,-0.0544895960818235,0.0592015478775472,0.199136312250275,stable
NUP98,-0.0544895965857356,0.217137570704954,0.426069903315249,stable
C3orf38,-0.0545415299748224,0.017564892812896,0.0914062365878417,stable
CRELD2,-0.0545498496798444,0.0111627225382143,0.0671878157641668,stable
TMEM55B,-0.054591591657688,0.271086105051262,0.481974566822954,stable
ADD1,-0.054605189688447,0.262334106332463,0.474023963903625,stable
VPS72,-0.0546129653409282,0.143988573184637,0.336477980999619,stable
CNOT2,-0.054632251256369,0.252350880260468,0.464643096793535,stable
TRIQK,-0.0546790086061254,0.143833534174805,0.336376438369145,stable
KIAA1432,-0.0547928727252961,0.105783002764386,0.279836169997552,stable
NECAP2,-0.0548104756667049,0.00279860482589247,0.0259955512095057,stable
ESAM,-0.0548148428466977,0.131631567654207,0.318752829438397,stable
CYB561,-0.0548306492537052,0.372312579153808,0.578652086195169,stable
MBP,-0.0549328176596438,0.511828192468293,0.68912741763767,stable
EXOC4,-0.0549580383085034,0.239125217733567,0.450027073150004,stable
CDK10,-0.0550366638160288,0.0244373654734955,0.113885762694628,stable
ERAL1,-0.0550554401814066,0.00908196025282569,0.0584304642792322,stable
JAK1,-0.055175582829822,0.508769428992903,0.686717766453722,stable
DNAL4,-0.0551971506692074,0.0074393839215439,0.0513199938244654,stable
TMEM9B,-0.055240218006553,0.602402113788579,0.75472500092778,stable
SLC26A11,-0.0552572743059305,0.00623740570581993,0.0456700672912299,stable
CHKB,-0.0552749565007367,0.0362072351286809,0.14632122609002,stable
DALRD3,-0.0553476688849454,0.24700963437062,0.458508802475612,stable
DENND2B,-0.0553503192756384,0.24189237410864,0.452803089916937,stable
ZMAT5,-0.055378397262869,0.0765058305322086,0.231086551130644,stable
ASPG,-0.0554451512565077,0.0125628660774736,0.0729541448603501,stable
TMEM245,-0.0554577017917156,0.276743638817247,0.487427613713913,stable
ZNF608,-0.055463061384798,0.0855486283113651,0.247378045989674,stable
PPIC,-0.0554951412399606,0.65357373347691,0.791410135514784,stable
PRDX2,-0.0555346057967976,0.141381169550092,0.333508957271386,stable
KIAA1328,-0.0555461431930267,0.0630358697412015,0.206750911372253,stable
NIT1,-0.055567207420992,0.138285119934849,0.328328878621808,stable
CACNA2D2,-0.0555981435755953,0.129091575943737,0.315729376617894,stable
TMEM208,-0.0556292081172344,0.361072111796656,0.568109711546359,stable
TCEAL3,-0.0556400536288919,0.0674755422644115,0.21446204592828,stable
ABHD12,-0.0556986532890006,0.300038171663197,0.511142336728665,stable
LIMD1,-0.0557306413926013,0.166902341327042,0.367026095252365,stable
DUOX1,-0.055734559295578,1.89281570637868e-07,8.03395110929618e-06,stable
PRODH,-0.0558060107662466,2.334646588512e-05,0.00059704434932993,stable
TSPAN6,-0.0558839671754478,0.0601435606841555,0.200982746255636,stable
ABHD16A,-0.0559041001596642,0.000822003560801276,0.0104342383460382,stable
PPCS,-0.055915092007934,0.537304790515777,0.709365348230355,stable
SUPT6H,-0.0559682207050634,0.0619099794358545,0.204596031041594,stable
ANK3,-0.0559909344720784,0.00822113006954709,0.05494537669226,stable
KDM5A,-0.0560297696506627,0.166274911677742,0.366356258173886,stable
TOM1L1,-0.0560539029188491,0.203923458485825,0.409926057643598,stable
PSMD3,-0.0561819247082213,0.418972802751094,0.617917061096732,stable
AKAP1,-0.0561866329748609,0.248684760336301,0.460315340755746,stable
HPS5,-0.0562165132201303,0.303043576653013,0.514233815934465,stable
PPP1R12A,-0.0562252022797588,0.0457304394968498,0.168579279978737,stable
KDM5D,-0.0562383500508953,0.00364771588077598,0.0315790927242249,stable
ACIN1,-0.0562522891327471,0.463221839216331,0.652623320203487,stable
MAPKAPK5-AS1,-0.0562946190458344,0.310182339148417,0.521650805922068,stable
TOR1AIP2,-0.0563312128227504,0.628218133141004,0.772880279741912,stable
CARHSP1,-0.0563773844872594,0.00219871391005497,0.0217787566085317,stable
HUWE1,-0.0565194966230401,0.378274630588959,0.584063292196468,stable
LRRC23,-0.0565627854357582,0.19554011035648,0.400302761506269,stable
DDX6,-0.05658342015585,0.298978393472354,0.510434620363975,stable
CUEDC2,-0.0565844405992569,0.144605253997251,0.337160853896354,stable
WHSC1L1,-0.0566474458068578,0.198980061450168,0.404426467165634,stable
CHD8,-0.056667474228601,0.0259896953949405,0.118742747687897,stable
EHBP1,-0.0566714824554486,0.324660063665605,0.535664074009859,stable
RING1,-0.0566748868409782,0.100106188304097,0.271146840062857,stable
GSTM1,-0.0567069742160733,8.36273706163797e-07,3.10717622618427e-05,stable
SSBP2,-0.0567639170875204,0.08581286198517,0.247516853446606,stable
SIRT6,-0.0568137413608034,0.03687359641548,0.147978608858446,stable
ZFPL1,-0.056821985918582,0.00120158140713656,0.0138626227177344,stable
FAM174B,-0.0569861767301464,0.180120208078803,0.382720219634154,stable
SGSH,-0.0571263011851716,0.145243621749564,0.337666893545871,stable
IRF6,-0.0571378942937455,0.120861019400489,0.303628328933809,stable
MIA3,-0.0571505563579636,0.33438308834995,0.54383965832754,stable
DNAJC1,-0.0571827508519405,0.383030665381393,0.588353198798954,stable
ZNF33B,-0.0572878147822689,0.224900182289415,0.43444687552241,stable
ECD,-0.0572901049477928,0.0292371826038995,0.127459101337399,stable
FAM21A,-0.0573287260010842,0.160160221545063,0.357505341707118,stable
LYRM2,-0.057337785995318,0.37871550905993,0.584670167055896,stable
ZNF692,-0.0574009344407519,0.0318237539756953,0.134327889709565,stable
UPF3B,-0.0574039788021962,0.0548834963259926,0.189505859231365,stable
RNASEH2B,-0.0574675880059068,0.286408147409057,0.498016101554525,stable
CDK5,-0.057509521336432,1.24725372040756e-06,4.45802031528128e-05,stable
LPCAT4,-0.0575464312240065,0.0477103132920869,0.172803220646658,stable
PYCR2,-0.0575873616249217,0.10712215217398,0.281786354244617,stable
SSU72,-0.0576087927217457,0.0886160231925015,0.253153135663739,stable
DCAF6,-0.0577038719325856,0.233549588848195,0.444897954508389,stable
KLF2,-0.0577413933227913,0.0138886135602296,0.0775579772317254,stable
SCN9A,-0.0577423208332204,0.0630000654408619,0.206750911372253,stable
BCKDHA,-0.0578087179301019,0.000110409533871501,0.00218389343373015,stable
G6PC3,-0.0578486583838201,0.221785500027151,0.430744511015554,stable
NDUFS2,-0.0578661196657868,0.00756247162695086,0.0519930557749422,stable
TCP1,-0.0578991422551749,0.258829831697288,0.470823789087448,stable
MACROD2,-0.0579481647655569,0.291696910670409,0.503701516603345,stable
SLC16A11,-0.057958666341839,0.00703484327814336,0.0494267752045276,stable
STK38,-0.0581147706812975,0.0777839598969368,0.233103977881872,stable
RNF126,-0.0581210196149401,0.169223739038256,0.370118265522212,stable
MED24,-0.0581370790790968,0.0856079231606587,0.247379368894417,stable
RNF216,-0.0581881862748557,0.0718520962805418,0.222401110607321,stable
GTF3C4,-0.0582033018059893,0.0573701297040709,0.19497627536733,stable
PARP10,-0.0583181057973335,0.195681899557638,0.400471377899308,stable
C1orf116,-0.0583853325119277,0.0965071578688219,0.266419037440939,stable
OCIAD1,-0.0585097379319506,0.358356122478049,0.565260242523118,stable
IRF2,-0.0586309899586119,0.00303505677346653,0.0275635468044984,stable
RIOK3,-0.058658624904447,0.575524623598025,0.736903006060779,stable
NOTCH1,-0.0587137584593323,0.0571364908130297,0.194388105677282,stable
RIC8A,-0.0587350435027136,0.332586881271269,0.542361531037885,stable
PTPLAD1,-0.058762219909172,0.310021649048918,0.521566837045689,stable
AKR1A1,-0.0587776799158972,0.465593173382543,0.654335020969296,stable
RNF135,-0.0588286649546428,0.00900061981652226,0.0580905895655587,stable
CYB561D2,-0.0588964583208608,0.000814534137202178,0.0103717346803744,stable
PRPF39,-0.0589018081247201,0.0631636454198766,0.206889711043026,stable
PXDN,-0.0589378786382292,0.212894769679594,0.421196993912782,stable
EBAG9,-0.058959372901967,0.222827858078016,0.431876920428995,stable
NBAS,-0.0591316667444804,0.178324398191313,0.38020206980345,stable
ZNF721,-0.0592109788742698,0.0780167166868007,0.233286777098692,stable
APOE,-0.0592172708133813,0.143896529144351,0.336376438369145,stable
TRIP10,-0.0592508611734301,0.211907437630228,0.420202404872932,stable
SNX3,-0.059301237928347,0.604520824391719,0.755978136056986,stable
DDX50,-0.059302537447406,0.0478797646184633,0.173058025634564,stable
SRP68,-0.0593331645884871,0.0110876759553836,0.0670305395047526,stable
RUVBL2,-0.059441409204152,0.159479635927909,0.356916709919949,stable
TPR,-0.0594459417749369,0.680770020168247,0.809959883918672,stable
KIAA1551,-0.0594622937667527,0.0871859359845061,0.250585797567756,stable
D2HGDH,-0.0594761172058031,0.0528176183424709,0.184627556939767,stable
POM121C,-0.0594861444785165,0.0972994729302783,0.267542282391722,stable
BTN3A3,-0.0595413613029909,0.000892716240836078,0.0111580402126587,stable
LAMP3,-0.0595703801644678,0.00200870570933363,0.0203771108638127,stable
DYNC1H1,-0.0595897821062887,0.73842182642151,0.845652319347725,stable
CCDC174,-0.0596697517462453,0.0703992542335907,0.219979673760586,stable
PEBP1,-0.0597317092227665,0.00616868938073288,0.0453706732792291,stable
SLC44A3,-0.0597343666205098,0.242380412740406,0.45295940507405,stable
HADHA,-0.0597914309754516,0.504536271628033,0.683222707918585,stable
MTHFS,-0.0597945944131482,0.113248489491718,0.291845916788062,stable
DNAJC17,-0.0598066704666755,0.018457052509543,0.094519903593068,stable
PEPD,-0.0598278654124776,0.110200206392565,0.287225441992051,stable
MED30,-0.059844315896798,0.0614323800667809,0.203667991154881,stable
RSPH3,-0.0598570258874421,0.0956110303517729,0.264602107562885,stable
PRR4,-0.0598744452201535,0.0756706189537501,0.229785879968438,stable
TSC22D1,-0.0599141178362148,0.173060945422932,0.373696696140243,stable
CLINT1,-0.0599201221688317,0.110360534388754,0.287520710223387,stable
ESRP2,-0.0599553596245563,0.0122355437290527,0.0716304610270532,stable
CIAO1,-0.0599624216565795,0.247654069234479,0.459172355880823,stable
TMEM167A,-0.0600132128236291,0.411676938929459,0.61188089795114,stable
ARMCX2,-0.0600786216825664,0.00196832279992359,0.0200339532941432,stable
PPP1R7,-0.0600965446417946,0.383347153212761,0.588353198798954,stable
COX19,-0.0602012993307213,0.00522305098140303,0.0406407225949527,stable
CHORDC1,-0.0602441764002825,0.00338870040318715,0.029887066182222,stable
HBP1,-0.0602511097337158,0.257212150701029,0.469417935229827,stable
TMEM41A,-0.060313277297792,0.245076983460045,0.456013901746235,stable
PREB,-0.0604296178116486,0.0611799875478331,0.203168749737765,stable
SCP2,-0.0604854019021446,0.531151277551208,0.704583376549063,stable
TXN2,-0.0604890965661464,0.0711216979045719,0.221275549805418,stable
RILPL2,-0.060519983292755,0.00512756132163513,0.0400733868191889,stable
TRIP6,-0.0605508439199673,0.206679602604642,0.413944444435501,stable
GPS2,-0.0606423592955387,0.0234749723484718,0.111483318565547,stable
CCNL1,-0.0606530391194369,0.599514585078427,0.752795715254103,stable
DNAJC30,-0.0606588334844483,0.0376965191089514,0.149951919813805,stable
EIF3M,-0.0606945848763705,0.106988897892203,0.281496402891582,stable
SLC19A3,-0.0606965967532664,0.016991835968894,0.0892193711519301,stable
TCTA,-0.0607570715002165,0.174698551777251,0.375782131130587,stable
XPA,-0.0607630551557856,0.191721732474122,0.395411921336877,stable
BTN3A2,-0.0607938698255898,0.105250141542766,0.279023580615653,stable
H2BC12,-0.0608808807509043,0.000191384800664123,0.00331842241605424,stable
SLC48A1,-0.0608990525074601,0.186259201631401,0.390403374612867,stable
ASNSD1,-0.0609213839623084,0.234525031994239,0.446130406333267,stable
TM9SF4,-0.0609290276384158,0.0974749028372528,0.267576388811058,stable
CREG1,-0.0610166377859952,0.0143606181371661,0.0794971661597461,stable
INADL,-0.0610255983325407,0.702744116118737,0.823178529281633,stable
CYP39A1,-0.061177272499643,0.00240474156530708,0.023237597544912,stable
GTF2IRD2B,-0.0612242724361138,0.000625470176130641,0.00845768521351875,stable
SPAG1,-0.0612605715542938,0.237023810783393,0.448081670584627,stable
AIMP2,-0.0613382491773627,0.0565275539337859,0.19301475399067,stable
TMEM115,-0.0613814872305938,0.317633380614473,0.528481073176986,stable
HMGN2,-0.0614007140429972,0.722440337579982,0.835217039742566,stable
ACKR4,-0.061431686733705,0.133412440672998,0.321156690584231,stable
DHRSX,-0.0614326713711415,0.0241315934131556,0.112934378974891,stable
PLEKHM3,-0.0615404061224377,0.000285241281302007,0.00461215532094674,stable
HPS1,-0.0615583439602071,0.213319714946746,0.421808507846818,stable
GON4L,-0.0615608247964504,0.116642734025928,0.297112060998738,stable
OSGEP,-0.0616170294891263,0.0984394485664411,0.268518169262439,stable
AMN,-0.0616248566474317,0.0703949548275081,0.219979673760586,stable
MOSPD3,-0.0616859874280222,0.000270471532026327,0.00440245540278272,stable
KDM5C,-0.0618345660090978,0.10275250960818,0.275086876357948,stable
RBM42,-0.0619445565575741,0.118721956518696,0.300467328464709,stable
KANSL1,-0.0619582108336074,0.0303654494684765,0.130424193360034,stable
DSCR3,-0.0620425187244169,0.0312458498362628,0.132898144884647,stable
TGOLN2,-0.0620451518916706,0.154400879133915,0.350621650851379,stable
SFT2D1,-0.0621087192477877,0.412831258866143,0.612581853408562,stable
LRRC16A,-0.0621774673727514,0.379162617750824,0.585084237577567,stable
PPP2R5A,-0.0621781728262847,0.492701985917022,0.675276272659454,stable
LGALS3BP,-0.0621801475651622,0.00458432939939345,0.0373343388262395,stable
PLCG1,-0.0622326316319121,0.0516478886467019,0.182311230383276,stable
CNOT3,-0.06227048634322,0.049900210086179,0.178148413578695,stable
SETD2,-0.062329112128001,0.255663982506023,0.468270380904049,stable
B3GALT4,-0.0623677974349097,0.0318446632065669,0.134338754517758,stable
SDF2L1,-0.0623689889881029,0.166816638095349,0.366954576943952,stable
KIAA0408,-0.0624003379218857,0.0920678639149914,0.258246344308595,stable
NRD1,-0.0625304029818836,0.300031793340516,0.511142336728665,stable
ABCD3,-0.0626046848492792,0.247443128394483,0.45899010644828,stable
INPP5B,-0.0627304309666662,0.0118698088499743,0.070162738579345,stable
PRP4K,-0.0627551381233886,0.193552067329219,0.397942136068469,stable
PHF5A,-0.0627803730756905,0.175273752169672,0.376545930847463,stable
GTPBP2,-0.0628141859206697,0.00975344053724159,0.0613302763000212,stable
CAPN8,-0.0628366410358171,0.0268002830941012,0.120970672936479,stable
EVA1C,-0.0629148674117548,0.0380443657427492,0.150942657202001,stable
CYBA,-0.0629466446373857,0.0139369620874532,0.0777214528088629,stable
STX10,-0.0630402652387945,0.304781258088072,0.515793204355593,stable
PDCD10,-0.0631798110438882,0.498175496501732,0.679635145668146,stable
GALT,-0.0632206881044785,0.0634783557124,0.207364890493955,stable
C10orf67-AS1,-0.0633002406008262,0.00872883994425038,0.0569985787812589,stable
PICK1,-0.0633871494012418,0.00239676405061372,0.0231788320844162,stable
TUBGCP3,-0.063391371020545,0.0134559594422576,0.0762739557580966,stable
PTPDC1,-0.0635196699079231,0.0169774547067486,0.0892193711519301,stable
SBSPON,-0.0636895064302411,0.0778215630029018,0.233159506408694,stable
RABL2B,-0.0637358383242968,0.00428164652139903,0.0355080373660663,stable
C1orf85,-0.0638365109114439,0.061651155014195,0.20401291794627,stable
ERCC3,-0.0639083925756163,0.00781892069290675,0.0530696760411394,stable
UBL7,-0.063911671938236,0.0536238300769608,0.186538901212513,stable
CDC123,-0.0639780977788087,0.11509563944089,0.294982504673643,stable
DNAJC8,-0.0640111317636248,0.431311549220171,0.626609609273111,stable
SURF4,-0.0640393905991487,0.480112166784171,0.66548260877307,stable
BDNF,-0.0641847251088414,0.0569261215101586,0.193909471579029,stable
FLYWCH2,-0.0641981086428456,0.0135337515625952,0.0765340330833999,stable
AGAP3,-0.06423014086624,0.134268793764092,0.322266195753437,stable
PHACTR1,-0.0642859424738618,0.485644820793668,0.669885160164951,stable
MAN2B1,-0.0643327665632676,9.85922755376127e-05,0.00199535095392679,stable
WASL,-0.0643909064240064,0.246551942020969,0.457962458481132,stable
MOAP1,-0.0643952885088707,0.209525725895081,0.417616578076221,stable
SMIM10L1,-0.0644341765769515,0.0640518157517651,0.208402820268719,stable
GTF3C1,-0.0644739561060159,0.114464478320617,0.294014243116458,stable
BLTP1,-0.0644799070712693,0.502590125962531,0.682325821830962,stable
CCDC57,-0.0645584558676319,1.0851160319218e-05,0.000305632681433457,stable
GSDMD,-0.0646701895760372,0.263620312033396,0.474943949048818,stable
C4BPB,-0.0646902025539202,0.00271573864520953,0.0253607251329575,stable
MFSD10,-0.0647226102495786,0.203223497328526,0.409529184197808,stable
SCAF1,-0.0647776191085607,0.100650688102785,0.271601327012901,stable
CACUL1,-0.0647791403884899,0.10690349644613,0.281392838190674,stable
SHROOM4,-0.064839353158411,0.0179151474014756,0.0926318153086694,stable
RWDD3,-0.0648710934144139,0.00615597018382193,0.0453043826171218,stable
TMED5,-0.064920429583086,0.0482842864517941,0.173954352368621,stable
N6AMT2,-0.0650361981114326,0.0777362286091151,0.233102348606411,stable
CWC25,-0.0650574370408613,0.0783722426720942,0.233946034220986,stable
FAM3B,-0.0650860848838863,0.0975297244604423,0.267586137273362,stable
RBM17,-0.0651225892322522,0.228070415154274,0.438009859363055,stable
VGLL4,-0.0651265293250674,0.00651746885995315,0.0468920184485388,stable
MUC20,-0.0652161491848815,2.62930652929799e-06,8.7338703842768e-05,stable
SNAPIN,-0.065254638448308,0.00815417880414173,0.0546173598366184,stable
GRB2,-0.0652744652162416,0.0828907781286431,0.24269625672923,stable
IFT140,-0.0652746802610604,0.0397844648408284,0.155028784894576,stable
SDCCAG8,-0.0653446144445003,0.0807224028029709,0.238773191184538,stable
ETNK1,-0.0653647105298373,0.0933815120657754,0.260821370299667,stable
SCNM1,-0.0653850352797371,0.0857029849056723,0.247433464215148,stable
RBPMS-AS1,-0.0656342788268879,0.00214192961826366,0.0213565364332015,stable
PXMP4,-0.065666504759218,0.0515896406228205,0.18217141290078,stable
LMNTD2-AS1,-0.0656715914469672,0.00204841422771731,0.0206940624129061,stable
FABP5,-0.0656888445814149,0.00595356796597466,0.0442948355545187,stable
NDUFV2,-0.0657016672603006,0.704944759740742,0.824616721824959,stable
PRKCD,-0.0658238969076742,0.234996729013161,0.446680145460563,stable
HLA-DPA1,-0.0658426693780972,0.0901488773321265,0.25556119585063,stable
SOD1,-0.0658461891507887,0.500480200296358,0.68112410858185,stable
PDHB,-0.0659143041464266,0.259158401444524,0.470930920062118,stable
HDHD3,-0.0659261255821902,0.0147447789303647,0.0810068214133834,stable
SYNE1,-0.065980666029039,0.598081363863857,0.751690992378346,stable
SLC43A3,-0.0660143743901254,0.0683270559113332,0.215710209571316,stable
CMC2,-0.0660452788578444,0.183292637261867,0.386238441284099,stable
USP22,-0.0662221399326554,0.00454293946051835,0.0371457471340309,stable
ATP8A1,-0.0662845700087132,0.0667893563510273,0.213167909147509,stable
NARF,-0.0663543865813558,0.100527388600295,0.271508351358818,stable
PRDX4,-0.0663948646118618,0.411407752221252,0.611792068206257,stable
SPIDR,-0.0663980018428764,0.00254054593396579,0.0241115166900604,stable
AFG3L2,-0.0664057708255044,0.0240398187428395,0.112850516249029,stable
MVB12A,-0.0664720135559899,0.17499437110961,0.376210199163538,stable
SMIM7,-0.0665972321334564,0.21382588732663,0.42239942577258,stable
MOB4,-0.0666015901024704,0.153226167059172,0.348926353601215,stable
SDHC,-0.0666016967423965,0.291831405620156,0.503791428089364,stable
TRADD,-0.0666031437927612,0.0918837235998797,0.257907379399525,stable
LRP6,-0.0666382025240806,0.086427103674181,0.249053492530219,stable
RBM33,-0.0667446447559809,0.0263865292077191,0.119951258101584,stable
ULK1,-0.0667692890421462,0.0243838543934008,0.113723096568078,stable
SNX5,-0.0668529013660788,0.292341654895753,0.504351968439523,stable
OLA1,-0.0669979885975235,0.171363966266413,0.372337913439615,stable
GPS1,-0.0670451204506881,0.252508914661071,0.464649852900337,stable
CPSF6,-0.0670617621198677,0.151655343856981,0.346900247624951,stable
TMEM50B,-0.0671389888923191,0.405529763755354,0.606830191228479,stable
WASF2,-0.067268333422117,0.504423271427696,0.683222707918585,stable
SYS1,-0.0673089011762149,0.132697231734301,0.320128470637476,stable
C21orf59,-0.0673275960127647,0.270805158368402,0.481781728408578,stable
IMP3,-0.0674819172060302,0.0345378636768988,0.141579760424685,stable
RUSF1,-0.0675412505081076,0.0269920120479068,0.12143921798808,stable
TMEM234,-0.0675435448485499,0.0165223303002706,0.0877363012990912,stable
GANC,-0.0676082886962072,0.159812020779464,0.357189347613356,stable
SMPDL3B,-0.0676263552414494,0.0453285073805516,0.167907780066625,stable
ARRDC1,-0.067630792442918,0.176990534209835,0.378504599401858,stable
SDC1,-0.0676469218890303,0.729040387040147,0.839467755386093,stable
COQ9,-0.0676529475895842,0.071570127056569,0.222186527170464,stable
ANAPC5,-0.0677001323274787,0.379165590580416,0.585084237577567,stable
HOOK2,-0.0677189034765063,0.161046538506936,0.358715905012533,stable
GLT8D1,-0.0679751315027463,0.00411293895924853,0.0345069086052533,stable
U2AF1L5,-0.0681119826612851,2.07674177057297e-05,0.00054593744953729,stable
PPWD1,-0.0682318076174152,0.0187804824316674,0.0956241680345693,stable
TIMM21,-0.0682606106501256,0.00764962681810464,0.0523703193920847,stable
SMAP1,-0.0683279591242127,0.379410252776969,0.585225353936362,stable
VPS13D,-0.068332261222023,0.359758234214647,0.566784979383922,stable
STING1,-0.068374279326243,0.0287875950054176,0.126582576023822,stable
ABHD5,-0.0684338766480961,0.0151756986908946,0.0825212370095621,stable
HMG20B,-0.0684445228393738,0.212268019776618,0.420536773786327,stable
LRRN4,-0.068605230189246,0.120522287023651,0.303265631242716,stable
DNAJB12,-0.0686412321965449,0.0913156197257768,0.257198648739147,stable
PNKP,-0.0686883281729134,0.0663982273411822,0.21280858180876,stable
GIGYF2,-0.0687050960185474,0.123331579662366,0.307235628651469,stable
ERVK3-1,-0.068720214239405,0.0508111123549705,0.180137771875626,stable
SLC12A7,-0.068814985971897,0.0288544023575007,0.126731438959405,stable
FBXO3,-0.0688628944632206,0.130906438126557,0.317941645074316,stable
SRRT,-0.0688634819705579,0.0658756142652914,0.211799976007081,stable
CAPN7,-0.0689406687968074,0.0619112448943776,0.204596031041594,stable
ANAPC2,-0.0689508344959641,0.0324207897147992,0.136049342078169,stable
VEPH1,-0.0690951759017303,0.426229129776628,0.623680258844804,stable
RNF128,-0.0691112108558021,0.0947597002411861,0.263319521652253,stable
WDR6,-0.0693769284284114,0.186845564857135,0.39078766077676,stable
POLR2A,-0.0693971318923914,0.117676022186892,0.298748015620471,stable
LGMN,-0.0694537611421791,0.299424970090755,0.510982944909868,stable
HDAC8,-0.0694707904778996,0.0102558095753194,0.0636380793140632,stable
DEK,-0.069550747031953,0.592251543746545,0.747746629906813,stable
TSPAN1,-0.0695609272493303,0.0096595920464335,0.060959655743729,stable
CTSS,-0.0695846356045826,0.00221393816463744,0.0218075585209734,stable
GCNT2,-0.0696311671827529,0.172418944859441,0.37321931553853,stable
RAB13,-0.069656771977143,0.100550707285895,0.271511342138896,stable
C5orf42,-0.069659343200058,0.34786514903586,0.556841452640751,stable
PARP9,-0.0696798127164487,0.1059052013343,0.280032399533886,stable
RIMOC1,-0.0699341010669677,0.00901224916824046,0.0581042899960819,stable
TAOK2,-0.0699431464190566,0.273627870106462,0.484406529208021,stable
TXNRD2,-0.0699680919878261,0.0751708296809217,0.228839925470957,stable
C7orf55-LUC7L2,-0.0700215902896276,0.215163641920527,0.423654281886249,stable
COA5,-0.0701141754529,0.0811268171936084,0.239655440641534,stable
TMEM120A,-0.0701381265251118,0.0531172806500033,0.185409948219772,stable
DHRS7,-0.0701494789438242,0.02233372223174,0.107737735027936,stable
SCAF4,-0.0702116788568287,0.0275970090887071,0.122939445736281,stable
IFNGR1,-0.0702519825075868,0.174088735180408,0.375103330472098,stable
CXCL17,-0.0702607418388853,5.48024574688609e-05,0.00122245481769955,stable
GGH,-0.0703977121737482,0.106431321150662,0.280693952480194,stable
APOD,-0.0704493321672607,0.00059328089527603,0.00816123038562944,stable
FAM21C,-0.070546289514581,0.0498574693712106,0.178099855521238,stable
PDE4B,-0.0705890530842669,0.000174888722009246,0.00311563030586595,stable
CCDC47,-0.0706045658377686,0.263380382262961,0.47486895945884,stable
UQCRC2,-0.0706165022293636,0.0220403001043452,0.106743513659079,stable
DBNL,-0.0706420121652709,0.163076185940493,0.362115040315456,stable
ZSWIM7,-0.0706434438660677,0.145152077793947,0.337666893545871,stable
ISCU,-0.0707461787483397,0.409501166952017,0.610495837818917,stable
MYO9A,-0.0708181563856054,0.35809480349855,0.565260242523118,stable
ECHDC1,-0.0708278517852522,0.527372045625123,0.701708488703766,stable
GGT1,-0.0708457322534245,0.0272872003042238,0.122227459332661,stable
NXF1,-0.0708814929765544,0.00123905468566145,0.0141553312874071,stable
FGGY,-0.0709106060267339,0.013336090526489,0.0760767115082966,stable
ICAM4,-0.0709691625263801,0.011952252704495,0.0705136761871365,stable
APMAP,-0.0713564710897358,0.0341012985502363,0.140544259432936,stable
POP5,-0.0714242836030616,0.131975795814339,0.319396580485939,stable
TOP1,-0.071442376545881,0.522197129430622,0.698319408178528,stable
IL15RA,-0.0714625914514106,0.0232358419172864,0.110648590415625,stable
ZBTB16,-0.0715382857031008,0.0431754755405377,0.163196355289899,stable
AKR1C2,-0.0715502724945605,0.063087442688032,0.206750911372253,stable
ZNF385B,-0.0716012037462688,0.0102895677837372,0.0637827974586222,stable
CCDC127,-0.0717646091342934,0.0756992587232412,0.229785879968438,stable
TTLL3,-0.0718432167996422,0.00195921916267892,0.0199579125371559,stable
TMED3,-0.0719438398218444,0.0849245251943699,0.246171336213156,stable
ILKAP,-0.0719681729820245,0.0101891980054347,0.0634254919328262,stable
WIPI1,-0.0720694040218126,0.00772161856158038,0.0526724694736376,stable
RAB27B,-0.0721535522181151,0.0651845518417953,0.210519408643093,stable
PHF14,-0.0722668895147055,0.164652515835748,0.364489741683482,stable
FAM32A,-0.0723204259666856,0.219845741832503,0.428740853339305,stable
C1orf210,-0.0724254788987989,0.00864083928300142,0.056743467579371,stable
PHF1,-0.0725750602714157,0.00226404664893684,0.0221760466639455,stable
C8orf59,-0.0726037857680885,0.416023088678105,0.615375875605174,stable
HPN,-0.0726075803050511,0.0107351597127053,0.0654823315010529,stable
HSDL2,-0.0726428808258536,0.299686401415472,0.510995165954399,stable
TRNAU1AP,-0.0726474607315648,0.0968649414117068,0.26686433261589,stable
AARSD1,-0.0727186040105268,7.02883665907515e-05,0.00150473729107767,stable
UBXN11,-0.0727897131036283,0.00689839391078016,0.0488846186465952,stable
TSPAN14,-0.0729651865635584,0.082753913132414,0.242394850062728,stable
TMEM243,-0.0730997334419079,0.0077571320108755,0.0528175588761609,stable
PPFIBP1,-0.0731562812959192,0.594872406585735,0.749507348804785,stable
TNFSF10,-0.0732249541590255,0.0179146800406966,0.0926318153086694,stable
ALDH1A1,-0.0732393550331655,0.00373577056466189,0.0320950198434319,stable
NADSYN1,-0.0732660264748707,0.0194874786543323,0.0983140483163672,stable
NBPF12,-0.0733185335327348,0.0265686988781014,0.120376491877654,stable
NBPF15,-0.0734424557795992,0.00434312960176156,0.0359204440134867,stable
WLS,-0.0734863725630042,0.135791337119841,0.324582187124156,stable
FAM85A,-0.0735168744665303,0.00208269529644582,0.0209193650811452,stable
NAPEPLD,-0.0735571938565855,0.0246373074591879,0.114424941634161,stable
MCM3AP,-0.0738037005011628,0.0301995553247887,0.129894216850886,stable
SLC39A13,-0.0738175305109092,0.284309493756027,0.495494618145662,stable
ARL1,-0.0738305585468303,0.240603700390184,0.451233450992576,stable
MICU1,-0.0738772838530191,0.103238102648481,0.27590349076848,stable
NINJ1,-0.073942556411026,0.0206779190533202,0.102062637677091,stable
LMAN2,-0.074037191193683,0.161768533550298,0.360145842833291,stable
GAPVD1,-0.0741344482461926,0.00372933295697198,0.0320811865348525,stable
WNT5A,-0.0743404697051135,0.0113587106095214,0.0680631757307789,stable
ARFIP2,-0.07454681470886,0.0441814003342738,0.165311734828945,stable
ECSIT,-0.0745842812933242,0.00402109062603678,0.0339225754400784,stable
ZDHHC16,-0.0746898359848316,0.0536918654028347,0.186616253251138,stable
LETMD1,-0.0747037803640641,0.127453196237198,0.313478444829679,stable
CNTN6,-0.0747393537920698,0.230302680863024,0.44098057187807,stable
CNPPD1,-0.0747406397351684,0.169491324832387,0.370168315346146,stable
SEPHS2,-0.0747444507279491,1.51234186491074e-06,5.35851216135329e-05,stable
ABCC6,-0.0748286915505005,0.0424180034302983,0.161431405333738,stable
ACOT8,-0.0748837065400266,0.00855765560865789,0.0564509560912326,stable
TMEM39A,-0.0749451607022653,0.0227835441365823,0.109082329091659,stable
GET4,-0.0749714757362789,0.000204054414124481,0.00349691553987801,stable
RNPC3,-0.0750030960544491,0.17318015064782,0.373888053959546,stable
PTP4A1,-0.0750355597252955,0.0118064885306192,0.0699915207557175,stable
GGTLC3,-0.0750724101168549,0.00341336903408015,0.0300396134431935,stable
DHX29,-0.0750999356427252,0.420165839368405,0.618882663024387,stable
PPIH,-0.0751327597124227,0.0934161985475373,0.260831341033599,stable
VPS39,-0.0751423973654898,0.0014913024498525,0.0163553701122012,stable
PIP5K1B,-0.0751521265658579,0.125603630538161,0.310741318633819,stable
N4BP2L2,-0.0751652698583156,0.0513806760426486,0.181682783900878,stable
H1-2,-0.0751658972017472,0.143667806182542,0.336196683994149,stable
GALNT18,-0.0752207676382827,0.259126075624216,0.470930920062118,stable
KLRG2,-0.0752510418606419,0.00761782892885546,0.0523147982170388,stable
ARFGAP2,-0.0752600391269149,0.0334055829600266,0.138944357101149,stable
CTSB,-0.0753124756946204,0.343205633156374,0.552455314683107,stable
CAPN9,-0.0754115637350051,0.00447853208493104,0.0366900712158626,stable
C9orf3,-0.0754339310721386,0.185914908898302,0.390016105435532,stable
PIGC,-0.0755442927602989,0.0359122413565057,0.14555872048148,stable
PTPRK,-0.0756823692990574,0.0615351799115259,0.203731565081686,stable
TMEM80,-0.0758034150716524,0.0685131683922722,0.216130314948938,stable
RCOR1,-0.0758523198138308,0.113005736187769,0.291457768897816,stable
SERTAD1,-0.0759334429757406,0.0168683339811561,0.0888786700800226,stable
BFAR,-0.0759785565995304,0.128530364236064,0.315050164913105,stable
TVP23B,-0.0760558033019095,0.00709465040868803,0.0497120360200539,stable
HEXDC,-0.0761871308708847,0.0424027557066621,0.161431405333738,stable
CNN2,-0.0762209972136537,0.201088975007977,0.406837409880422,stable
IFT43,-0.0762253524063923,0.0527209068463427,0.184394954303203,stable
TSEN34,-0.0764238907210377,0.0632804515797445,0.207161285514407,stable
ANAPC7,-0.0765270109740132,0.0180188501689177,0.0929769626276276,stable
TRPT1,-0.0765292181463463,0.000461663042903496,0.00674537784659966,stable
KCNT2,-0.0766531167656044,0.0515804503018023,0.18217141290078,stable
COPS8,-0.0767269208332202,0.0188570567344184,0.0958202167443064,stable
SRP9,-0.0767323373889802,0.257089099227695,0.469417935229827,stable
LINC00969,-0.0767527601101979,0.189194840170885,0.393051096176514,stable
FBXO9,-0.076924275060124,0.246296894036067,0.457705442093527,stable
ZNF429,-0.0769839080635121,0.00245298903936866,0.0234994812047355,stable
NCL,-0.0769869477240959,0.410510470644377,0.61138884639998,stable
LUC7L,-0.076988477915832,0.0683227543294498,0.215710209571316,stable
CCS,-0.0771271312422754,0.0737579020913392,0.226090806731392,stable
ALAS1,-0.0771599301099462,0.0431923311345059,0.163209599934529,stable
SERTAD3,-0.077229487142232,0.0296953833567656,0.128754870477181,stable
CAPN3,-0.0772323296147578,0.0158744658150417,0.0852589939029304,stable
DAB2IP,-0.0772657225821594,0.413481861022777,0.612957794081211,stable
GS1-251I9.4,-0.0772905769775844,0.0363788543725153,0.146812517612951,stable
CEP57,-0.0773154303313678,0.00506968338259363,0.0398260545148789,stable
PARP14,-0.0773391374825292,0.708252543768021,0.826903447470897,stable
RNF5,-0.0774033583060827,0.0150959932345951,0.082307502809853,stable
ITFG2,-0.0775318403910575,0.0087826494695361,0.0572417485478533,stable
RBM23,-0.0776244023037227,0.0870460529018759,0.250364929570007,stable
TSC2,-0.0776378504448728,0.0878297394287012,0.251730535703738,stable
C19orf10,-0.0777619822924849,0.165563559415762,0.365777869202653,stable
AHNAK2,-0.0777891818402813,0.00206880036126484,0.0208311496014014,stable
AFF4,-0.0778452177385627,0.197601354939748,0.402915590122348,stable
TMED1,-0.0778795929918122,0.0183408144567541,0.094200889041749,stable
PTPMT1,-0.0779292960812659,0.00857570561693546,0.0564509560912326,stable
CD59,-0.0779320121328975,0.0197959703812181,0.0994548996298668,stable
VPS4B,-0.0779751785594612,0.172532570581643,0.37321931553853,stable
ATF3,-0.0779969637463508,0.00279634667508224,0.0259943283317151,stable
TMEM106C,-0.0780228020831195,0.0668356335503764,0.21320427570976,stable
LPCAT3,-0.0780770966313447,0.0936048878301678,0.261119614065717,stable
PRSS22,-0.0782915391261972,0.00479849729013256,0.0385405305137496,stable
SHISA5,-0.0783251951862949,0.0782655945241832,0.233859356505406,stable
SIPA1L1,-0.0783462866603732,0.0603207312573615,0.201299650256617,stable
ELF2,-0.0783799240070771,0.0634506978432115,0.207330950202883,stable
STARD13,-0.0784470517819141,0.142001776027448,0.334199020053817,stable
STXBP2,-0.0784854820583124,0.00436045749420886,0.0360150218981143,stable
CSNK2B,-0.0785230981972047,0.348307370981836,0.556841452640751,stable
TMEM139,-0.0785495111745004,0.128894714403555,0.315519879211472,stable
ELMO3,-0.0786196548072883,0.0264771071110938,0.120139627812179,stable
NDUFA7-1,-0.0786364145552599,0.0361228653784731,0.146165477122296,stable
SUPT3H,-0.0787952901206626,0.00118500178879534,0.0137563740420078,stable
UBE2I,-0.078802352275364,0.175633962303431,0.37691140108314,stable
C14orf1,-0.0788795688618315,0.217304666463834,0.426240732165261,stable
SAP30BP,-0.0790128402871291,0.219284556205137,0.428405692033178,stable
FAAH2,-0.0790535614028887,0.000118554888941015,0.00230034121018248,stable
ZNF322,-0.0790671589241345,0.0124472012610199,0.0724200800641159,stable
DENND4C,-0.0790728023954914,0.00300124360503177,0.0273377062801105,stable
CCDC68,-0.0790741246363654,0.0661604845095696,0.212380714980299,stable
KLK10,-0.0792259435725748,0.244617145768427,0.455476007596839,stable
ARHGAP24,-0.0792571701868617,0.131275410455795,0.318458149913005,stable
EXOG,-0.0792670833672196,0.00618453246526139,0.0454304036399981,stable
MAGEF1,-0.0792994866896638,0.225388416227542,0.434840277772328,stable
UGGT2,-0.0793822932900411,0.0133600915059761,0.0760858741001318,stable
TM2D3,-0.0793907998727009,0.112271848514871,0.290765058526648,stable
FAM3A,-0.07940855548799,0.000216936856596939,0.00365770501384963,stable
PLEKHJ1,-0.0794159025650463,0.528023442687301,0.702040304917291,stable
ZBTB20,-0.0796408542115438,0.0748614210425935,0.228436379654529,stable
GDI1,-0.0796699369769823,0.0633450247961067,0.207263937231826,stable
TOR1A,-0.0796787908639245,0.0112825974807749,0.0677066625454064,stable
TP53BP2,-0.0796981087070187,0.153356552272949,0.349093202045536,stable
SNX21,-0.0797645638531136,0.000974109936183948,0.0118837523552022,stable
ATF6B,-0.0798588164794135,0.0902572918258881,0.255706487146824,stable
RBM48,-0.0800235079838125,0.000294207794401418,0.00474458585588777,stable
HMGN4,-0.0801561388500272,5.45895001070978e-05,0.00122216492547466,stable
FNBP1L,-0.0802487921540278,0.075045491622199,0.228710069705749,stable
NGDN,-0.0803274838350593,0.0371966268347099,0.148726810786302,stable
WNT3A,-0.0803899972332029,0.0227976818184566,0.109082329091659,stable
COA4,-0.0805463100722975,0.0438636794979977,0.164576310062469,stable
EIF2AK1,-0.0806038699540733,0.215885118979348,0.424273262765845,stable
TEX264,-0.0806313056234472,0.153621433118965,0.349631055380047,stable
ZNG1E,-0.0806926060984684,3.60012738626263e-05,0.000861212469073864,stable
ZNF511,-0.0808280368039023,0.0169986841797157,0.0892193711519301,stable
RNF24,-0.0808307263408345,0.000554789763537249,0.00775943943876354,stable
ZCCHC11,-0.0808376665305971,0.201085151990895,0.406837409880422,stable
NEMF,-0.0809991920445554,0.245749451833246,0.45695790982805,stable
GSTM2,-0.0811249097922479,2.98282669738612e-05,0.000741099055870892,stable
TAX1BP1,-0.08117261285917,0.556503672227661,0.723811451051903,stable
C19orf66,-0.0811765133830365,0.0471871967902099,0.17169830150685,stable
CEBPZ-AS1,-0.081235292952231,0.0235989491222478,0.111755903520137,stable
ANP32A,-0.0813491068918943,0.297058971993146,0.508448621328869,stable
SFPQ,-0.081413479982708,0.508504393952955,0.686694400318263,stable
GLCCI1,-0.081426041340653,0.263270328502137,0.47486895945884,stable
COG4,-0.0814515541344768,0.0198354479541317,0.0995355155136723,stable
NDUFV1,-0.0816240625538653,0.0969742027075272,0.266875135024749,stable
AAMP,-0.0816497629819917,0.000488846383606164,0.00708016373602103,stable
TROVE2,-0.0817296663396025,0.170480429630519,0.371140297738818,stable
NR1H2,-0.0817865854436551,0.02521222214369,0.116299699428101,stable
MLX,-0.0819014363405525,0.09053213671581,0.256119788874579,stable
DPH1,-0.0819156599332185,3.26028018155877e-06,0.000104878065629933,stable
TOM1,-0.0819508863199437,0.0717757459421238,0.222299606395137,stable
GRAMD2,-0.0819651794170806,0.03832050709799,0.151497373468897,stable
PGAM1,-0.0820287775028592,0.0208681917491663,0.102795753138514,stable
HYAL1,-0.0821006696500146,0.022628909849552,0.108742259400979,stable
TPGS1,-0.0822511414018083,0.00505715692674649,0.0397654611049258,stable
PARP3,-0.0822547144744336,0.00187921684517076,0.0193803811836137,stable
PTPRQ,-0.0825578766859772,0.000578562207259342,0.00800945008101721,stable
LRRFIP2,-0.0825667722084236,0.143703180126753,0.336196683994149,stable
ERH,-0.0825683090161753,0.0751329554433847,0.228828888931065,stable
P4HA2,-0.0825902641100386,0.380281790459651,0.585924109254635,stable
SLC25A27,-0.0825914369313139,0.00120928841445707,0.0139193423524701,stable
POGZ,-0.0826038561706047,0.0440263890871473,0.164883143444022,stable
FAM173A,-0.0826816594986092,0.150660771354321,0.346049843862312,stable
GATD3B,-0.0827677609480883,1.13253367622015e-06,4.07179166415152e-05,stable
GTF2F1,-0.0827703084756765,0.00953505573335755,0.0605061810037944,stable
CNIH1,-0.0828386952567195,0.195947635205141,0.400746845030557,stable
STRA13,-0.0828539037036479,0.101399396399597,0.27295886844058,stable
SEC11A,-0.0829208220075116,0.2125075539082,0.420815217718101,stable
GPI,-0.0830124193986718,0.0069217503187772,0.048942171114681,stable
SEC31A,-0.0830658763624629,0.420412300502643,0.619171079680037,stable
PDK4,-0.0832685070700628,0.0386916014709443,0.152422216042805,stable
TRAF4,-0.0833438556594755,0.116299978248724,0.296744546335698,stable
HYAL2,-0.0834984183371018,0.0299001233852704,0.129060419583879,stable
PQLC3,-0.0836973259193421,0.00547441221940649,0.0420611030609836,stable
CYC1,-0.0837685126072985,0.304174344823736,0.51527538679675,stable
CAMK2G,-0.0838467910489227,0.050401474635226,0.179241846548597,stable
CENPC,-0.0838750864008974,0.0142709286728347,0.0791864875609309,stable
GOLGB1,-0.0841130684869525,0.581497069482488,0.741134415322066,stable
TCEA3,-0.0841249126171483,0.0214361143307833,0.104521364810329,stable
TPM4,-0.0842423216208872,0.436505059031199,0.63131067695189,stable
ESYT3,-0.0843321706372577,0.0626057174137469,0.205945180211421,stable
ATP5C1,-0.0844325064197307,0.324007867821133,0.535081353180969,stable
RAB17,-0.0845924308755208,0.400337735230963,0.602346773359527,stable
PSMD9,-0.0845925228669682,0.029141829798593,0.127270311899727,stable
RARG,-0.0846445204807733,0.000258568373816233,0.00421994633048015,stable
BCAT2,-0.0848731210557117,0.0145391591939679,0.0801313572496967,stable
NPHP1,-0.0850027894268319,0.00234683483485154,0.0228223619898371,stable
RNF114,-0.0851859974062878,0.100437246714948,0.271450051631576,stable
RASL11A,-0.0851976709759274,0.000138308930413466,0.00258515040577095,stable
GPR98,-0.0853742948666799,0.026541279738629,0.120296849657026,stable
TAF15,-0.0855017940905335,0.0477102466702352,0.172803220646658,stable
RSBN1L-AS1,-0.0856642211399688,0.0120196267192334,0.0706509587896794,stable
LAP3,-0.0857226171650816,0.0225203016643183,0.108444659585933,stable
FNBP4,-0.0858096887257202,0.00236134278443726,0.0229451941152314,stable
UBC,-0.0858344161219162,0.445848291367219,0.638671793872338,stable
ZSCAN31,-0.0859871355168428,0.00701985690325891,0.0493732628224608,stable
PRRG2,-0.0861270709137143,0.000521203788353429,0.00738261310409307,stable
SREBF1,-0.0862315501633775,0.00470981588132276,0.0379767739665498,stable
RNF149,-0.0862707305922938,0.0447348502652601,0.166746346114905,stable
COMMD1,-0.0864282023380995,0.149507910663714,0.34430759230468,stable
COMMD4,-0.0865012835754095,0.0850189436205371,0.246171336213156,stable
OGT,-0.0865144725161641,0.051858028209738,0.182736389978621,stable
C7orf55,-0.086538288656046,0.0517469471802876,0.182450153542496,stable
MED21,-0.0865639722845731,0.0695693684102052,0.218447459400552,stable
AP1M2,-0.0867802091987237,0.144987405188679,0.337624223146658,stable
ARHGEF18,-0.0868294304610134,7.79351957931647e-06,0.000231232969265933,stable
PGS1,-0.0868363751905738,0.0110242547666415,0.0668123402416589,stable
ACP5,-0.0869292611334848,0.0450346053945958,0.167178556024875,stable
TXNDC15,-0.0870001139052322,0.0257414872975199,0.118072773255115,stable
RASSF5,-0.0870080221932101,0.000160208490093839,0.00290562104288885,stable
MAOA,-0.0871924662456749,0.257757121727448,0.469969985977354,stable
FH,-0.0873899929469977,0.0347639741364015,0.141919057831683,stable
SNRPA,-0.087636932398485,0.00127133828819794,0.0144431591402711,stable
MAF1,-0.0876427621363412,0.0793705056933897,0.235834968788526,stable
YPEL5,-0.0878088023779862,0.386306890002142,0.590999095651699,stable
SH3YL1,-0.0878976791199099,0.151625249376449,0.346896321987219,stable
EIF3K,-0.0879795909854819,0.109321628902077,0.285788620979255,stable
IRF1,-0.088157607315787,0.0300326590995253,0.129449656146896,stable
MPV17,-0.088223873999938,0.015060520965736,0.0821874144130164,stable
PAIP2,-0.0883853537362063,0.160990967285996,0.358657478422455,stable
AKIRIN2,-0.0883876714450878,0.000190412592934437,0.00331842241605424,stable
WDR45,-0.0884071607289161,0.0419041329211789,0.160474975196896,stable
CHD2,-0.0885547210040136,0.221040208482146,0.429872454298091,stable
PLXNB1,-0.0886624684432589,0.225027697136158,0.43448721683658,stable
ALDH2,-0.0886715406482929,0.102915513901019,0.275380500487669,stable
NOSIP,-0.0888136138634367,0.0492250375455432,0.176459489430123,stable
PCDHA12,-0.0889024820835024,0.00242984086070577,0.0233509234915624,stable
HEG1,-0.0889462226278686,0.0232730934385179,0.110739701904415,stable
C1RL,-0.0889658630714945,0.00763190824732597,0.0523526635327232,stable
CCT6A,-0.0891245244301832,0.264067849201707,0.475459235857132,stable
SEC63,-0.089209645282848,0.262986590346469,0.474750667915827,stable
EFHC1,-0.0892208580922689,0.000151311267535212,0.00279400141140548,stable
DERL2,-0.0893533210811872,0.00466417254837073,0.0377831976350456,stable
UQCRC1,-0.0894095064559589,0.134418567429999,0.322562341630213,stable
NOD1,-0.0895194023318864,0.0370545262786273,0.148461005975071,stable
SCAMP3,-0.0895711859543912,0.188475557710631,0.392357836760005,stable
PET100,-0.0897582863575322,0.0236016122535661,0.111755903520137,stable
ASS1,-0.0898729123615999,5.70816918428684e-08,2.81357500438396e-06,stable
PPT1,-0.0901183756388917,0.14860901369078,0.342818755115323,stable
NDUFS3,-0.0902324445470795,0.051991421075188,0.18299543081575,stable
NT5C3B,-0.0902418714631572,0.00787936612334921,0.053214017398796,stable
HSPA6,-0.0904609073841585,8.43573873556231e-05,0.00175970085842174,stable
RAD21,-0.0904641653468229,0.186416547210156,0.390532283307104,stable
RABGGTB,-0.0904672571761057,0.106682877594661,0.281054201663175,stable
PEAK1,-0.0904710701456661,0.0520565804431521,0.183013988880383,stable
PELI1,-0.0904864989191715,9.48191069955704e-05,0.00193500628366252,stable
ZNF24,-0.0905028831042989,0.0277330315453709,0.123365566816089,stable
ASAH1,-0.0906893254281909,0.561299012697081,0.727065712748661,stable
SERP1,-0.0907667378219939,7.08313028724105e-06,0.000212216138802046,stable
ARID4B,-0.0908697953609738,0.0394931377675574,0.154336354242526,stable
ARRB1,-0.0911424242685849,0.0841538693673949,0.244694790472653,stable
LIMK2,-0.091256525018725,0.000911715445164217,0.0113030523343685,stable
CRYAB,-0.091468242928777,0.00221808542428986,0.0218308182178093,stable
GPC4,-0.0915369444673168,0.0104382662846378,0.0643131890440589,stable
H2BC4,-0.0916783007153888,3.54215698531312e-05,0.000852348956465897,stable
MAGED2,-0.0917909474099807,0.0240337477974712,0.112850516249029,stable
EMC6,-0.0918148568380769,0.0331863511102984,0.138265152001462,stable
DNAJC19,-0.0921060937786947,0.0419629927485737,0.160570013851899,stable
GGCT,-0.0921442648693964,8.91643312110598e-05,0.00183801818671837,stable
BDH2,-0.0924933561062009,0.0305366524514771,0.13086226085655,stable
TMEM98,-0.0925831219520787,0.0912897067376413,0.25718492167802,stable
LINC-PINT,-0.0926842308652808,0.0236589555077586,0.111928993547802,stable
SLC39A7,-0.092745369798646,0.0780625067826039,0.233366613575581,stable
FAM50A,-0.0927713030707664,0.169659270671564,0.370209733075543,stable
HLA-DMA,-0.0927872081008433,4.83937076609903e-05,0.00109956260678057,stable
HNRNPL,-0.0928474079101347,0.0158595588554723,0.085253846723524,stable
NHSL1,-0.0928831954436821,0.156078788952523,0.352858723165459,stable
GSTP1,-0.0931037879327903,0.463120828377913,0.652586628944278,stable
INO80E,-0.0936476618240401,0.00121721479769248,0.0139711114431857,stable
ANXA8L1,-0.0936943584451578,0.0293887615920095,0.127891855358036,stable
DOCK4,-0.0937146204419488,0.0726453031046386,0.224123457292037,stable
SOX4,-0.0938267099361987,0.247794445370481,0.459362951199388,stable
CELSR1,-0.0938611490057129,0.0888336431503033,0.253484459724165,stable
SPR,-0.0938618518801009,0.00456097236559098,0.0372182707222811,stable
TCEAL4,-0.0938864458360729,0.0564605129384383,0.192893602615838,stable
CLK4,-0.0939855235824119,0.00882391468761164,0.0574047541997683,stable
GBP2,-0.0945040164764029,9.51896716877974e-05,0.00193610407106761,stable
DECR1,-0.0946567808153209,0.11595241440171,0.296403662410393,stable
ATRAID,-0.0947641058151373,0.344815972624519,0.554165668542389,stable
MPHOSPH8,-0.0951239852344428,0.244553135900293,0.455432022662363,stable
LDHB,-0.0951973534717692,0.00539594219232019,0.0416414124740669,stable
C5orf15,-0.0952852938290562,0.0535635552247957,0.186382265604299,stable
CNKSR1,-0.0953545634083806,0.0594012472034755,0.199319474558134,stable
MED10,-0.0954584617132111,0.203426862540626,0.409533920898652,stable
SMARCA5,-0.09555744814305,0.078304670800637,0.233885207207277,stable
SECISBP2L,-0.0956232266854377,0.000604361410911663,0.00826983725320546,stable
MGLL,-0.0956745174572982,0.531614802513324,0.70466919821328,stable
SCGB3A1,-0.0957164742248121,0.327103720038315,0.537712467141721,stable
DNPH1,-0.0959150837640233,0.00584843236585079,0.043653088869632,stable
ANKRD36,-0.0960274003172251,0.00978354372957934,0.0614879375580349,stable
IVD,-0.0960674741031651,0.000887599639120723,0.011105443181793,stable
OSBPL9,-0.0962282871931363,1.88139933864135e-05,0.000505455505836305,stable
ASCC2,-0.0962909278061787,0.00251152582729445,0.0239266265106119,stable
DNTTIP1,-0.0965564503080148,0.00560090516679453,0.0426842049619054,stable
TAPBP,-0.0966348640095487,0.459184487205875,0.649928085996865,stable
SUGP2,-0.0966416160408752,0.0412681400537883,0.158985737162782,stable
SPTSSA,-0.0966780150211553,0.481063328919975,0.666314426108083,stable
PMM1,-0.0968153519632336,0.00494685765406894,0.0392797427207287,stable
MGAT3,-0.096905879236402,0.0248224512918959,0.114891951757719,stable
PRDX3,-0.0972409226764409,0.063964980579834,0.208188561640922,stable
TWF2,-0.0974025467062361,0.00279617177465353,0.0259943283317151,stable
CORO1B,-0.0974851773683599,0.0184764185893669,0.0945794559616505,stable
VPS13C,-0.0974942650025449,0.1743037900833,0.375334104944291,stable
B3GNT2,-0.0975808650722368,0.066107638765963,0.21231445204263,stable
CD40,-0.0976763869758229,0.00285333313205517,0.0263687960880585,stable
COX16,-0.0976787156583123,0.00982981347703736,0.0616835934000537,stable
SWAP70,-0.0979968438766553,0.0985964641052313,0.268727575746343,stable
DDX39B,-0.0980701554353764,0.000598232208168738,0.00819819564198953,stable
RNF167,-0.0981574313575814,0.0187540725468683,0.0955605597386071,stable
IFI35,-0.0984637500126969,0.0101917854095649,0.0634254919328262,stable
FARP2,-0.0984828909289429,0.00140374670358463,0.0155852858352575,stable
ACSF2,-0.0986365563894111,0.0771670643363301,0.232226610016798,stable
AGPAT2,-0.0986828089675834,0.0804842652608612,0.238275528832349,stable
PGRMC1,-0.0988480215003732,0.215234845505105,0.423654281886249,stable
LINC00116,-0.098883862733747,0.129243573523767,0.31584834921122,stable
GLG1,-0.0989556248244186,0.209169199015143,0.416973954462021,stable
ATP5J2,-0.0990374611051423,0.130762380103048,0.317834791141675,stable
ENOSF1,-0.0999036410908321,0.0529793936430815,0.185034316540865,stable
TAPBPL,-0.100004084091756,0.000131957670435462,0.0024931229728023,stable
FAM174A,-0.100042046770364,0.146578893956819,0.339367095522647,stable
CSTPP1,-0.100100571605694,0.00151828843956428,0.0164973847868744,stable
VPS25,-0.100192993866626,0.0195271192087566,0.098432785652718,stable
ACTR1A,-0.100238145999275,0.124930002099126,0.309575203406658,stable
DNAJC15,-0.100353326450526,0.023386142261402,0.111191055232742,stable
REEP1,-0.100426788664367,0.000143629900211675,0.00266019984876895,stable
ENPP5,-0.100449646021398,3.52950227120201e-05,0.000850979009135568,stable
SH2D3A,-0.100755246025747,0.0639675652139478,0.208188561640922,stable
DPM3,-0.100842886772883,0.188112750711883,0.392003113655311,stable
TXNDC12,-0.100972623227986,0.0133594696129682,0.0760858741001318,stable
HNRNPH3,-0.101070973059552,0.0579969460687214,0.196417631966226,stable
SAR1B,-0.101380785335869,0.0357282004303215,0.145145072137006,stable
C11orf54,-0.101432474005385,0.0223080507598421,0.107656380769171,stable
PHYKPL,-0.101495782127382,0.00535222603492988,0.0413562648868412,stable
ZMYM2,-0.101508485565998,0.0478062331986844,0.172945662805776,stable
EFCAB4A,-0.101676999143189,0.00043020164293126,0.00634352820650389,stable
SUGT1,-0.102250726521667,0.0689165937845827,0.21712279443885,stable
SDR39U1,-0.10244117820654,0.0400068891718332,0.15542043068438,stable
ZFTRAF1,-0.102455464573834,0.0798776368514172,0.236766302830195,stable
DHRS3,-0.102737150769106,0.00281348485719446,0.0261139247489333,stable
CLDND1,-0.10274349539583,0.00785240836079875,0.0531494129581417,stable
BAG6,-0.10304039089228,0.000942255614580704,0.0116106710191674,stable
OXA1L,-0.10305386378643,0.0281715368778055,0.124726137918976,stable
C19orf33,-0.103250182630132,0.699350643492311,0.821137476327923,stable
HNMT,-0.10350591377097,0.000277903579260667,0.00450542884997665,stable
PFKFB3,-0.103973158577172,0.0448552567062016,0.166913442306426,stable
PRRG4,-0.104061095915241,0.0388779274926556,0.152811506646374,stable
PGM1,-0.104366457074448,0.0254470663447588,0.117108729433539,stable
OSTF1,-0.104396693816173,0.0111178634339075,0.0671466218458917,stable
HEXA,-0.104570509537526,0.112370217034672,0.290922582572462,stable
TP53I13,-0.104629590820231,0.0106676006048284,0.0652329913924074,stable
SELO,-0.104848330758484,0.00023333134585917,0.00388588878989441,stable
VPS36,-0.104934713040346,0.00294414767066183,0.0269986955185073,stable
ATP5F1,-0.10497543780782,0.112709734838837,0.291147728468833,stable
MAT2B,-0.105358638284044,0.0188599019540904,0.0958202167443064,stable
ZMIZ1,-0.105579413330202,0.0132139989904791,0.0755863002618699,stable
RPAIN,-0.105720741110876,0.0192675975310338,0.0976075889844001,stable
DOT1L,-0.105839265684287,0.0186102230894036,0.0949859570124718,stable
SEMA4B,-0.105852528769012,0.00010199201959286,0.00205057639391961,stable
USP34,-0.105910979478811,0.174775777067178,0.37587246637389,stable
ZNF66,-0.105971714527064,5.65674291607653e-08,2.79953875815795e-06,stable
CLCN3,-0.106153525819071,0.0338511751109759,0.14002290874914,stable
GPC5,-0.106187593233959,1.55860760617854e-06,5.45914595356058e-05,stable
MRP63,-0.10629812022405,0.293856918130129,0.505859310973482,stable
UBXN1,-0.106337963274146,0.00125146120538823,0.0142703934465166,stable
CAV1,-0.10668974031267,0.000312778200093838,0.00495259160355839,stable
SLC22A31,-0.106831644256952,9.56750810809732e-05,0.00194274450354455,stable
RAB6A,-0.10687200632126,0.112729237470794,0.291147728468833,stable
ALKBH6,-0.106895538594963,2.00594724227623e-08,1.10953389545632e-06,stable
MLF2,-0.106975584152261,0.12304809193213,0.30672280285638,stable
FAM96A,-0.107325419123559,0.00021132481953078,0.00358782582492258,stable
TNS3,-0.107476129598762,0.118642958593798,0.300329576693019,stable
KMT2E,-0.108092998070148,0.0177972321726718,0.09234013840354,stable
CTSH,-0.108165320122113,0.0103851498709819,0.0641800161895264,stable
KLHDC2,-0.10833195341577,0.00301528319245742,0.0274043284346464,stable
RAB14,-0.108569850414394,0.181517937876492,0.38398095034974,stable
AGTRAP,-0.108815984894363,0.0103999371684807,0.0642213121093797,stable
ARHGAP8,-0.109006427123042,1.04081650414116e-05,0.000299363316391094,stable
KDM5B,-0.109113423131393,0.0141717760979279,0.0787435413732137,stable
SLC25A37,-0.109259721892189,0.0525509998244744,0.184093850076542,stable
MECOM,-0.109339969994904,0.0565192969508287,0.19301475399067,stable
PHACTR2,-0.1093466639882,0.131935834056721,0.319363096140467,stable
BRWD1,-0.109409295399114,0.0294943990814456,0.128305884118004,stable
DNAJA2,-0.109539400306582,0.0133439518519359,0.0760804419020825,stable
FN1,-0.109591534415339,0.113294165896773,0.291845916788062,stable
TIMM23,-0.10961471980839,0.00201287131107303,0.0204024369042759,stable
PXN,-0.109615460124452,0.0203870181231988,0.101264083518075,stable
ZFP36L2,-0.109870471173891,0.0979679607425595,0.267850671464336,stable
SERPINA1,-0.109998469719406,0.0140587552122913,0.0782578432217889,stable
ARPC3,-0.110102538233703,0.211859184742318,0.420202404872932,stable
DAZAP2,-0.110156161385744,0.0526739574442546,0.184389019415398,stable
CYTH2,-0.110417843481669,0.000904671926829952,0.0112499589354724,stable
C16orf89,-0.110595634166337,4.76706767089734e-05,0.00108717603001957,stable
RSRC2,-0.110656112307956,0.0489022976992314,0.175663146363621,stable
PHYHD1,-0.110913453886681,0.00558890148394796,0.0426725370017364,stable
C11orf98,-0.111157564872666,1.99880613793835e-05,0.00053231821852197,stable
SPTLC1,-0.111243425998867,3.7712722271608e-06,0.000119740342090425,stable
FMO2,-0.111316600246274,0.416679887002705,0.616272829851309,stable
PHB2,-0.111898233094864,0.0901006952098103,0.255483854846839,stable
PDE4D,-0.11226093287077,0.0384632085095827,0.1518613333351,stable
PIGP,-0.11250442268475,0.00658842247267403,0.0472911781009791,stable
TBRG1,-0.112575702007853,0.0933912907233017,0.260821370299667,stable
IL18BP,-0.112791972482912,1.08032380016675e-07,4.85510225486705e-06,stable
C1GALT1C1,-0.11288341816596,0.00104088972251264,0.0125234605984198,stable
MVB12B,-0.113446018426279,0.0287361697409475,0.126525889377669,stable
PHF11,-0.113514834958092,0.00580690620338501,0.0434948660724132,stable
PRICKLE4,-0.113561653096976,2.46566074175903e-07,1.02170294600889e-05,stable
TPST2,-0.113731850449507,0.0133370740152388,0.0760767115082966,stable
TTC17,-0.113813817793256,0.0211553806832252,0.103690205882817,stable
CCDC101,-0.113823449813407,0.000275954420232529,0.00448572717143941,stable
DCXR,-0.11396933074365,0.186611701116645,0.390673306122602,stable
PCMT1,-0.114023214971303,0.0369623715757921,0.148237542697665,stable
FAM13A,-0.1141977094436,0.000356253972707466,0.00548469592238798,stable
CERS4,-0.114363114898328,0.0109301105229823,0.0663734083621138,stable
ARHGAP31,-0.114714666594628,7.31022430388745e-05,0.00155409011983861,stable
ABHD2,-0.114977470640824,0.113932606107231,0.293044921392537,stable
ST6GALNAC5,-0.114979815363713,0.045645885511666,0.168407276162,stable
NR2C1,-0.114988369285059,0.0151623235936626,0.0825212370095621,stable
PIK3IP1,-0.11522132389887,0.0164290481274431,0.0873557491965705,stable
BTG1,-0.115320351663656,0.153153800672507,0.348914823351928,stable
GALNT5,-0.115421186803688,0.151795046281769,0.347154844854695,stable
RHOB,-0.115651875083232,0.00260739187304501,0.0245175063508478,stable
PERP,-0.115672906447662,0.00154903037236805,0.0167273385793525,stable
NECAB3,-0.115772613401047,1.6667042901442e-05,0.000456811507684367,stable
PIAS1,-0.116150730809937,0.112045410073529,0.290424744007383,stable
HLA-F,-0.116218677023122,0.00320948842821806,0.0287605549416816,stable
PTPLAD2,-0.116453925242399,0.00744945316136904,0.0513315194163333,stable
DYNLRB1,-0.116684034146114,0.0105973345841124,0.064982630104944,stable
MYO5C,-0.116884850004756,0.217490098226978,0.426449318256202,stable
TPGS2,-0.11701748912532,0.017856131169608,0.0925279132756627,stable
TXNDC17,-0.117145963030335,0.0666628766804002,0.213153807099454,stable
TMTC2,-0.117170295821236,0.00773686592639085,0.0527470435494711,stable
PIM3,-0.117183381099329,0.19348501426198,0.39791881594803,stable
CLU,-0.117263658026827,0.00305256229039913,0.0276403862502511,stable
IRF7,-0.117780507932996,0.00038511443499251,0.00583350539448382,stable
VPS28,-0.117819805757976,0.356654878224053,0.56421673876891,stable
NDFIP1,-0.118002085497003,0.052326835476269,0.183541818324796,stable
SPRYD7,-0.118251688104163,0.243162435398546,0.453804215314783,stable
LMBRD1,-0.118262633320444,0.0267637931406635,0.12090192437231,stable
CCT3,-0.118610486240305,0.010346300393021,0.0640046437268668,stable
STARD3NL,-0.118623430936188,0.00105566659973098,0.0126514397206976,stable
LRBA,-0.118918765377497,0.000192324567403733,0.00332999364297909,stable
NAPA,-0.118951119813069,0.000184771269588481,0.00323587965537191,stable
PSMB1,-0.11920638055189,0.181503905207426,0.38398095034974,stable
P4HTM,-0.119302335514609,0.011182718481854,0.067239326474266,stable
FAM127A,-0.119582335825233,0.104773882864969,0.278243741938167,stable
C10orf54,-0.119680839329365,0.118252922051406,0.299652512262934,stable
MID1,-0.119841122341559,0.00559929332449066,0.0426842049619054,stable
PSMB10,-0.120014266305109,4.0690660319649e-07,1.60452461853996e-05,stable
ZNF302,-0.120035101050891,0.00238643876359173,0.0230972505511839,stable
UVRAG,-0.12031018481327,0.000717082080783599,0.0093251184632965,stable
ACSL5,-0.120466368410837,5.13110552889293e-07,1.94187721316369e-05,stable
NEIL1,-0.120485931285008,0.000683275943364006,0.00903023165634094,stable
RCC1,-0.120737087183557,5.12377809455748e-06,0.000159778223030282,stable
C15orf61,-0.120798798145056,0.00637050495965972,0.0461880501938792,stable
C1R,-0.12102839674336,6.8500869997074e-06,0.000206754230825736,stable
PNN,-0.121087187470421,0.163187454248865,0.362230514025445,stable
DIABLO,-0.121272574916983,3.22061817325694e-07,1.30360385926797e-05,stable
SNX14,-0.121305030150764,0.115390084578077,0.295522395533713,stable
CCDC124,-0.121355571581137,0.0226275553502051,0.108742259400979,stable
ARL6IP1,-0.121430832577803,0.0496886881542831,0.177652683240116,stable
MAGED1,-0.121489033926961,0.00177106267980135,0.0185832362213662,stable
HDLBP,-0.121763351659317,0.104587172629268,0.277989475586034,stable
TM9SF1,-0.121846511449348,1.52411637045206e-06,5.38462384751619e-05,stable
CCDC53,-0.122034621060669,0.00292134390929921,0.0268702091401607,stable
RABGAP1L,-0.122183488601622,0.00958573308355376,0.0606945316460015,stable
PIGF,-0.12242410339945,0.00105158059536317,0.0126148392519326,stable
DNM2,-0.122447137897165,0.121504577786345,0.304858776449154,stable
HTT,-0.122454792828762,0.0329041250095273,0.137511119356055,stable
TMUB1,-0.1224956660588,0.0261047754785324,0.1190671785534,stable
FAM127B,-0.12258300421374,0.0327675131416661,0.137080794197032,stable
HSD17B4,-0.122658125937255,0.0157068293155753,0.0847120711775667,stable
UBE2L6,-0.122685263402565,6.45788802689655e-05,0.00140715192942573,stable
ERLEC1,-0.12269438461879,0.0103544921845784,0.0640229198099578,stable
TRIM22,-0.122892886241202,0.00776017144482861,0.0528175588761609,stable
NUTF2,-0.123460596034361,0.0714861320467063,0.222147507576928,stable
NUTM2A-AS1,-0.123495361837459,0.00016001159968669,0.00290562104288885,stable
TSPAN12,-0.123719657110293,0.0284856658933794,0.125797969610069,stable
SMARCC2,-0.123828406653713,0.000308760332776864,0.0049167503095702,stable
DDR1,-0.124117380104125,0.111257802986584,0.289303421337589,stable
NPEPPS,-0.124265320741314,0.0147051838865263,0.0808619738321628,stable
NDUFAF3,-0.124291226733099,0.000846514655414674,0.0106788391618049,stable
FAM20A,-0.124532312494262,0.00463929153823035,0.03765902220574,stable
ARAP1,-0.124858120069098,0.00701256473298757,0.04935036919749,stable
MESDC2,-0.125019519735248,0.0152261773816654,0.0827221299171013,stable
LMO7,-0.125136656783415,0.0606399898542529,0.202034133545486,stable
PSMB8,-0.125685675334212,0.0450632642426343,0.167178556024875,stable
CCT7,-0.125923373082237,0.000542528515820631,0.00764921404543413,stable
LRPAP1,-0.126669529286952,0.121731653800285,0.305134985005341,stable
CDC37,-0.127332181965272,0.000577254143329382,0.00800040209530428,stable
CELSR2,-0.127640066631194,4.4081207389595e-08,2.24520282971004e-06,stable
DEGS1,-0.127874385152432,0.0182464360547761,0.093873920174067,stable
EMD,-0.127883240570086,0.00629218960647926,0.0458924377980921,stable
RC3H1,-0.128059609979642,0.000131806957077139,0.0024931229728023,stable
HECTD1,-0.12875746769551,0.0895888330706042,0.254623086597318,stable
CREBZF,-0.128879675788748,0.000391438269417632,0.00591463708944516,stable
RAB8A,-0.128930054410552,0.00581966850321614,0.0435637647172775,stable
ARL16,-0.129104020155125,0.00160760806333645,0.0172078817567642,stable
SDF2,-0.129188077976871,0.0123885454205753,0.072250753445187,stable
WBP1,-0.129191965512769,8.44790232047287e-08,3.91312000477257e-06,stable
TBC1D17,-0.129356414655642,0.000109435224351732,0.00218114813991716,stable
BAD,-0.129548912184178,0.0999955243419981,0.271090106355419,stable
CYTH1,-0.129750952407002,0.0137646030165099,0.0771828015017507,stable
IFITM1,-0.129751526789529,3.08507719017807e-07,1.25288981969225e-05,stable
NFKBIZ,-0.129771652758784,0.00126990019055346,0.0144402417947214,stable
RRBP1,-0.129980299740027,0.0783902941892308,0.233946034220986,stable
SOD3,-0.130394404009174,0.0521880457969409,0.183240063122872,stable
LYPLA2,-0.130482652233134,0.00163153916951994,0.0173727655123795,stable
UBXN4,-0.130766834070344,0.0319345100240801,0.134470358434156,stable
TALDO1,-0.131211485398467,0.312312060311177,0.522925899324022,stable
MMP14,-0.131401351113314,0.00862924225373886,0.0567422578320085,stable
CFI,-0.131486936412979,6.8218203624198e-05,0.00146813260757429,stable
EVA1A,-0.131636505107001,0.101217148642667,0.27258832892883,stable
PTRHD1,-0.131739418655301,0.025940344680277,0.118736824987302,stable
ANXA4,-0.131861041222774,0.163394943526272,0.362520370226938,stable
GLUL,-0.132388406145321,0.128392546269799,0.314901782825446,stable
HLA-DRB5,-0.132400871773961,1.28554398904518e-05,0.000357961041505427,stable
ALS2CL,-0.132635780447724,0.00335169931819217,0.0296248535542886,stable
MATR3,-0.133037201289398,4.23955539497127e-09,2.72759606042783e-07,stable
BEX4,-0.133060558423052,0.00630307899135716,0.0459262840011744,stable
PPAP2A,-0.133150412600957,0.0042427734566671,0.035258312706679,stable
BSCL2,-0.133553176590444,7.37765126435973e-09,4.53187985203685e-07,stable
MPC2,-0.133804813141908,0.0201006222276676,0.100361278589875,stable
CCDC64B,-0.133822624339688,0.00012481432903015,0.00238768444141558,stable
GPR108,-0.13404006460918,0.00321368922255329,0.0287605549416816,stable
SLC25A36,-0.134145807578031,0.134890999991018,0.323352824302307,stable
SCUBE1,-0.134510097444177,0.00114983124732595,0.0134760663157357,stable
DENND3,-0.13474986468198,0.0177328569884982,0.0921626036681132,stable
RPP21,-0.134951390781658,0.000175963216074803,0.00312600287296906,stable
SFTA3,-0.135049830205973,0.46198419970769,0.651969404367504,stable
BCAP29,-0.135051959565681,0.0131251903807586,0.0751838459298936,stable
C16orf13,-0.135158242362596,0.00324727003921458,0.0290051499865869,stable
MBIP,-0.135226884197107,0.213201892593235,0.421643736460072,stable
H1-4,-0.13529574787676,8.19327370881218e-06,0.000241336332088,stable
CCPG1,-0.135384827477872,0.0264746610485738,0.120139627812179,stable
MGST2,-0.135400403884514,0.00124794479861327,0.0142435828368335,stable
SYT8,-0.135682333478682,7.57909475907237e-05,0.00160288675319897,stable
VCP,-0.135717023021323,0.0272341939208401,0.122079496328694,stable
B3GAT3,-0.135883590401523,0.000218305731603688,0.00367571523846209,stable
ATHL1,-0.135961974888454,0.000539635146569442,0.00761720557928967,stable
FKBP8,-0.136144184530236,0.123661600746803,0.30778381042005,stable
MBNL2,-0.136200076810267,0.0129324486999783,0.0744636141820702,stable
CRELD1,-0.136309666570814,0.000825279640012653,0.010443290185833,stable
TNFSF13,-0.13639960774864,3.06565092599239e-10,2.41771076898909e-08,stable
SIVA1,-0.138582014091578,0.000607812857143388,0.00827383559657102,stable
TMBIM4,-0.139088552844478,0.00136953865800618,0.0152470314712819,stable
REEP5,-0.13911176389255,0.0321206654182041,0.135021669213249,stable
GABRE,-0.139194669916733,0.00103800821519627,0.0125010959828169,stable
PPP1R13L,-0.139424489917535,0.00150008881788772,0.0163664898151291,stable
CNOT8,-0.140112219922769,0.00159544831704406,0.0170998083802204,stable
GTF2A2,-0.140536427674181,0.0679787924249663,0.215118685028789,stable
SAT1,-0.140633600397848,0.000369973015965665,0.00566342241538639,stable
IL18,-0.141195444428717,0.0222364873674558,0.107441375050852,stable
ADAM10,-0.141214493019148,0.0321846067251465,0.135197468250237,stable
AHI1,-0.141402341033325,0.00384206963771822,0.0327417338071744,stable
NOL7,-0.141765720757599,0.00507793462284982,0.0398260545148789,stable
SLC5A9,-0.141890598802325,7.88300568307659e-08,3.70622544115109e-06,stable
ADK,-0.142227971202359,0.0505619225244585,0.179566804456415,stable
CITED2,-0.142951025727419,2.80472906498325e-06,9.24124207287203e-05,stable
ECHDC2,-0.14303135387213,0.00843205524222004,0.0559269903857286,stable
RNF213,-0.143077116285002,0.17533397396402,0.376609119264837,stable
AGR2,-0.143209302189796,7.12387055668101e-05,0.00151975905209195,stable
RIC3,-0.143407025149094,0.00104726143941641,0.0125753672253695,stable
ST13,-0.143477961665741,0.00264214989408642,0.0248252423561202,stable
KLHL24,-0.143887751024628,0.0665456800156758,0.213113542706739,stable
SF3B14,-0.143972578910665,0.136081692169273,0.324942874609606,stable
MIEN1,-0.143993291430738,0.00117841648439496,0.0137084151554128,stable
RAB1B,-0.144209369302172,0.00719681767405471,0.0501847685383028,stable
TNFRSF14,-0.144861394229014,0.000157143056003142,0.00287132543584814,stable
PSMA3,-0.144952811842145,0.100419263285722,0.271450051631576,stable
DPP7,-0.145071523158963,0.00417992934372654,0.0349251239218819,stable
ERBB2,-0.145295748673167,0.0234523635233635,0.111462555097043,stable
ARGLU1,-0.145647217151476,0.0147701009243243,0.0811094850399553,stable
NFE2L2,-0.146001305972113,0.224240398598245,0.433912287748468,stable
RGL3,-0.146038345136015,0.00019133617503057,0.00331842241605424,stable
JAGN1,-0.146534503773908,0.000629517109570978,0.00850300237281286,stable
EID1,-0.146614958119296,0.320479615654978,0.531421569686593,stable
WASH9P,-0.147069920334589,0.00559661444782031,0.0426842049619054,stable
NDUFB6,-0.147228724326779,0.00266849406999471,0.0250535111456339,stable
LONP2,-0.147839104736296,0.00175683350930724,0.018481525660733,stable
TIMM17B,-0.147951360493174,0.00524362753142834,0.0407565286731991,stable
CLDN3,-0.147968136500172,5.17002524076597e-05,0.00116624820560621,stable
RARRES2,-0.148077535268484,0.0112093558032387,0.0673663546405064,stable
REXO2,-0.148166132914185,0.130133315601241,0.316945536941535,stable
C1orf168,-0.14890281869975,1.20777403145014e-05,0.000337845074609761,stable
SLC39A1,-0.149458453611982,0.0071914530410441,0.0501759828617141,stable
ACAA1,-0.149539351332844,0.0595477413750586,0.199591881154022,stable
PROS1,-0.149701926542279,0.0480221694954264,0.173388740197915,stable
H4C3,-0.150050593919042,0.00345903771951076,0.0303105928912541,stable
F11R,-0.150151204224102,0.00805724009776422,0.0542050636650813,stable
CARINH,-0.150535609321915,3.11668807894632e-05,0.000766567305373034,stable
DHRS4,-0.151019307474334,1.12737378401987e-05,0.000316804991628939,stable
UNC13B,-0.151435490946136,0.0518536844745296,0.182736389978621,stable
PYCARD,-0.15144683941947,0.000132668984720602,0.00250269393398864,stable
RBM4,-0.151597128715572,2.66032378231823e-06,8.81295336451436e-05,stable
EWSR1,-0.151828669038844,0.00847110395996827,0.0560643068796167,stable
TMEM37,-0.152198057146825,3.25024424624231e-07,1.31125365234541e-05,stable
CARD16,-0.15224203462168,0.00171074139686595,0.0180744190451939,stable
PRPF8,-0.152627716454126,0.0340568309568977,0.140408331068168,stable
CALR,-0.152850787159976,0.0387297929855152,0.152523514643988,stable
TBC1D5,-0.153516752416068,6.80529245877536e-05,0.00146813260757429,stable
ATP6AP1,-0.153546876452733,0.0243512663374428,0.113620400060184,stable
ADIPOR1,-0.15392389908427,0.0106380642751385,0.0651175251373527,stable
MTG1,-0.1543589717592,2.82283315815867e-10,2.25531454413932e-08,stable
RSBN1L,-0.15473173539811,0.0187136742702548,0.0954342737920711,stable
BST2,-0.154818699581057,0.00161446198557688,0.017251034363367,stable
CNIH4,-0.154884233315497,0.00100751819606248,0.0122273265161988,stable
PER1,-0.154899851829957,0.00299643388909629,0.0273142489636935,stable
ELOVL1,-0.155456677903232,0.0165407256526457,0.0877577388793146,stable
RAB31,-0.155529921698481,0.00540476321275597,0.0416578018639163,stable
TPM3,-0.155546382568084,0.176524250900789,0.378167869227755,stable
TMEM165,-0.155553789267974,0.0102007949230969,0.0634254919328262,stable
WDR83OS,-0.156015666844621,0.00156742056560151,0.0168811885408924,stable
KGD4,-0.156437458699,0.0315205550479486,0.133648028063172,stable
H1-0,-0.156519100913399,0.00565061079883589,0.0428227318071729,stable
OS9,-0.15661642760601,0.0069721919820312,0.0491561021804545,stable
CENATAC,-0.156777187882168,0.0200146733802953,0.10009563288728,stable
HERC2,-0.156909596964508,0.000503713406519259,0.00722162249377152,stable
ATP1A1,-0.156914880402315,0.429017298016832,0.624843018105297,stable
CTSE,-0.156961067838133,0.000648880209649461,0.00867508561712125,stable
NDUFB4,-0.157802807289738,0.00270089270963061,0.0252451014505852,stable
METTL17,-0.157893338159135,0.000589970479019448,0.00813055144930523,stable
SPARC,-0.157996243249583,0.0370155643191391,0.148402183744558,stable
SEPW1,-0.158723464827995,1.55745086400266e-05,0.000428790075711002,stable
NFKBIA,-0.15918101713295,0.278767217011408,0.489745682774856,stable
GNG5,-0.159224181946307,0.00332248256089957,0.0295063497569795,stable
FLOT1,-0.159882006416236,0.000971236267375444,0.0118613681742069,stable
KRTCAP3,-0.16065084243569,0.00416695142709787,0.0348405022194558,stable
ERBB3,-0.160790012314893,0.0169316348407887,0.0891353592996557,stable
C1orf43,-0.160874890697829,0.00220428400178331,0.021779153963107,stable
S100A13,-0.161283585698132,0.000740612559319679,0.0095700295191583,stable
TOMM5,-0.161419851572856,0.00213391822082119,0.0213112878523841,stable
PMP22,-0.161586337326295,4.05062339058341e-05,0.000948559776369571,stable
COMMD2,-0.16228723310999,0.00068036573008541,0.00901307896627494,stable
SF1,-0.162594123374962,0.0117200137935813,0.0697155467701887,stable
USP54,-0.163359667899905,0.00193984702522723,0.0198432552605671,stable
EMC7,-0.164123134346393,7.47992699688886e-06,0.000223556546723642,stable
SULT1A2,-0.164419567136241,0.000140271377561445,0.00261144603275701,stable
RBPMS,-0.164617067483067,0.0138182946001618,0.0773773857958672,stable
SIK1B,-0.16462902478159,2.41784080631217e-07,1.00529544273333e-05,stable
ERGIC3,-0.165164594261451,6.22082121952445e-05,0.00137014988445886,stable
CDIPT,-0.165231049191388,0.000496458671062929,0.0071564985790958,stable
MAP1LC3A,-0.165395752412447,0.106405068252923,0.280685272836368,stable
JKAMP,-0.165531748343604,2.12748574084144e-05,0.00055569200205226,stable
ARHGEF2,-0.166003577452919,0.00902514338363548,0.0581567489307117,stable
COQ4,-0.166665130327048,0.00177468648325446,0.0186052895122663,stable
CALCOCO2,-0.167514457295368,0.00198190399139156,0.0201386487038823,stable
DBNDD2,-0.167829910177063,1.74750945378026e-09,1.21372474789829e-07,stable
CCNL2,-0.168113875135675,0.00606955162102044,0.044938945496883,stable
SNX1,-0.168293379941478,0.000688701854851234,0.00909145947483962,stable
PNRC1,-0.168589247383683,0.0984625647414036,0.268518169262439,stable
SLC39A4,-0.168598571723652,5.7462589115038e-06,0.000176488112900056,stable
AGRN,-0.168631377757949,0.108372590519279,0.284012542197294,stable
DAPK2,-0.169575672246333,0.15155731695024,0.346896321987219,stable
HLA-G,-0.169965918866442,3.57823401418003e-05,0.000857653580183072,stable
SEPT2,-0.170134604298048,0.0666405525255152,0.213138177412846,stable
HEBP1,-0.170527536561532,0.00249504736311985,0.0238277680823082,stable
TMCO1,-0.170690154912224,0.00355465360719142,0.0310372040673628,stable
XBP1,-0.171574346080092,0.0296784231799542,0.128739902395941,stable
MLEC,-0.171757807085647,0.00185331216666405,0.0191990575638147,stable
TMEM14C,-0.171856402991291,0.014518132020128,0.0801313572496967,stable
CACYBP,-0.171966531505132,0.000211922282434977,0.00359297916849537,stable
AKR1C3,-0.172165946399629,5.17102852943852e-05,0.00116624820560621,stable
BNIP3L,-0.172323336975129,4.50032040934935e-05,0.00103236195281572,stable
S100A14,-0.172621841549929,0.0139566592611444,0.0777603476792294,stable
EPCAM,-0.172786516369954,0.17873062819886,0.380826773418662,stable
NR4A1,-0.172860531445688,9.98314899782567e-05,0.0020137625965251,stable
SELM,-0.172982617548247,9.077630472653e-05,0.00186809688379984,stable
EGR1,-0.173072463345215,0.0305872988734531,0.130935244719655,stable
HSPA5,-0.173343303910412,0.00483660888755005,0.0387182102432298,stable
RASD1,-0.17351891713653,2.82624685254112e-05,0.000706044213176517,stable
AGR3,-0.174091811236884,0.00384538899617188,0.0327417338071744,stable
SDHD,-0.174581329938553,0.00146532650042845,0.0161309629870354,stable
LPIN2,-0.175367335474626,0.00661135548298071,0.0474001228292998,stable
TNFRSF1A,-0.176148764533701,0.000311419411010186,0.00494388425998509,stable
PCBD1,-0.177058081658203,0.000111248851816986,0.00219595101112606,stable
HRCT1,-0.177108010479666,4.91384372355954e-07,1.87708830239975e-05,stable
TMEM14A,-0.177680877996991,6.96739528768102e-06,0.000209627559179864,stable
CALM1,-0.177939246862086,0.0832651328558351,0.243415735916929,stable
PNRC2,-0.178710603976338,0.00895598327352544,0.0579030287135778,stable
RNF145,-0.17892457449921,0.00206400657232869,0.0208081695791665,stable
SH2D4A,-0.179127336821691,0.00609106835640722,0.0449892565490767,stable
LSR,-0.179238818435581,0.00509400094491551,0.0399160689427226,stable
PAPSS1,-0.179377335227031,0.0165852825506835,0.0879178204247854,stable
FCGRT,-0.179437531052807,0.00924742569544544,0.0591499845465428,stable
SPINT1,-0.179486903989609,0.210297749415357,0.41854114113535,stable
AP1G2,-0.180287659842016,1.63883161225463e-06,5.72373646520016e-05,stable
RNF13,-0.181312815891151,0.0151365668938632,0.0824184381784337,stable
IGSF8,-0.181375541691895,1.70417529283503e-07,7.28385971315225e-06,stable
ANG,-0.182006444544423,0.000301379735409636,0.00482839565615648,stable
GPRC5A,-0.18288390652649,0.111535970520567,0.289841773733719,stable
CIRBP,-0.183107764813911,0.118531301984976,0.300109079425094,stable
LIMCH1,-0.183951312336577,0.21872208824734,0.427814822175959,stable
SQSTM1,-0.184185008483827,0.0951162663046158,0.263710873056844,stable
ERP29,-0.184367676619574,0.00441315704549954,0.0362299742942823,stable
TCIRG1,-0.184575883824122,0.000179615580569201,0.00316371881394511,stable
STAT6,-0.185946559938976,0.00121593130027111,0.0139694964422125,stable
CUTA,-0.186010129657536,0.0671477907294987,0.213687439199768,stable
ARHGEF1,-0.186602608871601,0.000141440672454722,0.00262761516730474,stable
CAT,-0.186676034773685,0.0608414379563671,0.20253968888307,stable
NDUFS8,-0.187326129075844,0.0037924271915273,0.0324413085998808,stable
PTPRE,-0.18827703446449,0.0348197817881443,0.142068428764445,stable
SNRNP70,-0.188383448218383,0.00488615016213053,0.0389215460174128,stable
PSME2,-0.188396638599041,0.000303720838113674,0.00485953340981878,stable
DUT,-0.188656853784333,0.00711178167210048,0.0497617189207006,stable
RANBP17,-0.189388510716794,0.00188032821365885,0.0193803811836137,stable
TCEA1,-0.189652988958174,0.0118402625066655,0.0701014825481311,stable
KRT4,-0.189795226000153,2.6105666018385e-06,8.69524962966588e-05,stable
PTPN1,-0.190221424270752,0.159446854929745,0.356908689738362,stable
TACC1,-0.190298639318701,0.0377330928535659,0.150021879103615,stable
UBE2V1,-0.192898697968347,6.98101181805352e-09,4.30989335676193e-07,stable
GRB7,-0.193374772673169,7.22480966125318e-08,3.46337542349643e-06,stable
TM9SF2,-0.194297239887369,0.00546422553287607,0.0420092408263378,stable
PNISR,-0.195349130515754,0.000431992015424289,0.00636225348981507,stable
EMP2,-0.195652642218324,0.000509522476322979,0.00728104532490474,stable
ZRANB2,-0.195784355575335,0.000622110898816145,0.00843091311211591,stable
SF3A2,-0.196416024084548,1.06263299819126e-11,1.05606713576341e-09,stable
EMC3,-0.196698896348189,0.000554398000221648,0.00775943943876354,stable
ORMDL1,-0.196768842288704,0.0122470274498152,0.0716304610270532,stable
TMEM109,-0.197236787998917,0.000942553892337259,0.0116106710191674,stable
PHF3,-0.197526969160584,0.00168293964815461,0.0178114755489541,stable
PSMB9,-0.198145519822187,3.68914361589955e-05,0.000875652263315651,stable
PSENEN,-0.198262483314434,0.000634048051305566,0.00855152889533823,stable
ANXA3,-0.198316945888291,0.144635469197826,0.337160853896354,stable
RBM39,-0.198397334179537,0.0143465336252875,0.0794971661597461,stable
LAMB2,-0.200064575172217,0.00317397329249094,0.0285284187701539,stable
DAPK1,-0.200710843647141,0.00251519265920618,0.0239266265106119,stable
SRSF7,-0.200713148954072,0.00528635422428612,0.0409744063631442,stable
TMEM59,-0.200721250930148,3.00664705455706e-07,1.22510845316352e-05,stable
HSP90AA1,-0.201346428944981,0.017971982079069,0.0928121531408348,stable
ZFP36L1,-0.201383959598988,0.170222277575381,0.37084247390509,stable
GNG10,-0.201698805418462,2.46581291477455e-11,2.31862285155416e-09,stable
LENG8,-0.202138728727013,7.04372992161169e-05,0.00150528941541576,stable
SCNN1G,-0.202664099966705,8.49143202068171e-09,5.16414253834892e-07,stable
SF3B2,-0.202855055855601,0.00769261512887816,0.0525332554946406,stable
NGRN,-0.203417512092796,1.19816255273926e-09,8.46609193334379e-08,stable
AQP5,-0.20405335820245,1.50222745227491e-06,5.33814778389782e-05,stable
RAB11B,-0.204418559956945,0.00470586813811321,0.0379699881982151,stable
PTOV1,-0.204528467152636,1.02527824756614e-06,3.71899148315981e-05,stable
TSPAN4,-0.204841456768943,5.35951117188745e-05,0.00120653157578549,stable
AGER,-0.205084552297753,0.000220804582474049,0.00371267567560217,stable
POLR1D,-0.205458828095261,0.00390321477547932,0.0330880009815945,stable
PVRL2,-0.205836188059754,0.000130664273291803,0.00248404366519284,stable
CMTM8,-0.206097403453055,4.46534767869465e-08,2.26491327901923e-06,stable
FN3K,-0.206695151262825,2.21728631368154e-09,1.51419597198006e-07,stable
SRPR,-0.206848038240891,1.49092753874576e-05,0.000411401765996121,stable
ARF4,-0.207092288640335,0.00890372372486824,0.0576783883480601,stable
PRR13,-0.207318969221114,0.00130764744242683,0.0147869401815222,stable
EMC4,-0.208090380687559,0.000376759486896036,0.00574217268828922,stable
RGS16,-0.208756717046232,4.35469889860267e-05,0.00100627295532172,stable
HM13,-0.209331617278198,0.000124510760506522,0.00238561055867042,stable
SUMO2,-0.210201159778247,0.000902862836112779,0.0112388954263163,stable
DDRGK1,-0.210593625311153,0.000376507009548643,0.00574217268828922,stable
PLA2G10,-0.210628647855735,8.58252383349456e-07,3.16957013113708e-05,stable
ADI1,-0.210834253950359,0.000126025396417115,0.0024070850715669,stable
CD302,-0.211611458518235,3.54256673134555e-06,0.000113066150715321,stable
YPEL3,-0.211913304562676,0.00136482391238131,0.0152186172330171,stable
AK1,-0.212023560770582,0.0215282084487206,0.104886735782049,stable
BSG,-0.212700907059177,0.00181909910343064,0.0189268079799064,stable
NEDD4L,-0.213894366424176,0.0387904593898752,0.152639896566583,stable
FAM177A1,-0.213972711796558,0.00436893145268626,0.0360216462802886,stable
SLC19A1,-0.213998554339626,0.000158792965804877,0.00288851966368872,stable
TUBB4B,-0.214252079279257,0.0975829488858526,0.267586137273362,stable
MSLN,-0.214456891766142,0.0714928251642372,0.222147507576928,stable
CTSA,-0.214578203512139,0.000463242084411965,0.00675736424803325,stable
POLD4,-0.218054527138813,6.20733416711294e-08,3.02304593062903e-06,stable
SDF4,-0.218516935483468,3.73574005244035e-05,0.000884993922500598,stable
MTCH1,-0.218728104219664,0.0105791126734998,0.0649192135144885,stable
SSR2,-0.21894840936173,0.0313374353230501,0.133181156461459,stable
TMEM9,-0.219618705245835,1.0742364948848e-05,0.000304674406345053,stable
TMED9,-0.219811813151153,0.012716420479047,0.0735662678352439,stable
GADD45B,-0.220164286966417,0.000840749588386964,0.0106257423189879,stable
OTUB1,-0.221804745536095,4.82411528598142e-06,0.000151984498082054,stable
FLRT3,-0.223416365927424,0.000503930299998945,0.00722162249377152,stable
LTBR,-0.224415399052129,1.72783913338444e-05,0.000469357901477586,stable
AKAP13,-0.224579403430907,0.0371092121423104,0.148559730768401,stable
SPCS2,-0.225931467165746,0.0111693830469839,0.0671921940779189,stable
TMED4,-0.2284240288125,0.00162049265392046,0.0172852549751515,stable
TMC5,-0.228918925856555,0.000114104659424002,0.00222813954760225,stable
PDCD6,-0.229164964334089,0.000122918979259136,0.0023662387440373,stable
AKAP9,-0.229334526941588,0.01500515538893,0.0819584537418591,stable
FKBP2,-0.232568728982926,0.0235357820805565,0.111685326146243,stable
MDH1,-0.232725643100885,1.47017073915509e-08,8.43726155654078e-07,stable
ARL6IP5,-0.233483061364695,0.0602699654591644,0.201240114114402,stable
TMEM66,-0.23417145059816,7.96701601134139e-06,0.00023580824145917,stable
MVP,-0.23435155765226,0.00226812522981252,0.0221982088144341,stable
LAPTM4A,-0.235746329755892,1.78000159850967e-06,6.18146009664267e-05,stable
APP,-0.235833846377918,0.00362518611059958,0.0314612336368264,stable
ABCA3,-0.237068049610844,4.01419264615968e-05,0.000945012837847251,stable
PSME1,-0.237512911520174,1.65424162834509e-06,5.76109677062402e-05,stable
GSTA4,-0.239360518398317,4.23156218798864e-10,3.19300099913415e-08,stable
PON2,-0.23980545976037,0.0378109442234943,0.150260397330297,stable
SULT2B1,-0.240209653869657,0.000143407049230962,0.0026601028373282,stable
SRRM2,-0.240743699716126,0.0057006593068918,0.0430163150524042,stable
RAB24,-0.24131110491658,4.98636865161596e-11,4.54875898487712e-09,stable
CYP2B6,-0.242968810745842,2.07461097410996e-16,4.78491406556985e-14,stable
ABTB1,-0.244073847498059,4.5387594658307e-08,2.29263618637663e-06,stable
KLK11,-0.24494705137291,4.02001534424551e-05,0.000945012837847251,stable
S100A10,-0.245778766911597,0.00295537588881426,0.0270610598238693,stable
SEMA3B,-0.246896945117453,0.000678874516313446,0.00901038228818193,stable
CD151,-0.247605234162815,0.00240896641623548,0.0232600359179008,stable
LAMA5,-0.247776153184804,0.00216821670587419,0.0215481959452082,stable
ALDH3A2,-0.248501236264158,3.59626572966619e-08,1.88672756564118e-06,stable
ARF1,-0.248810034068789,0.0224307785926993,0.108120598390046,stable
SPSB3,-0.249758970981519,0.000348979325912179,0.00540674686939224,stable
RNASE4,-0.249792455044216,7.63174756737363e-15,1.26068219275102e-12,stable
HSP90B1,-0.250184907886462,0.000716550370752034,0.0093251184632965,down
VSIG2,-0.251852598688145,0.00153305584869409,0.0166079086429387,down
PCBP1,-0.252621183997776,1.06248654737087e-05,0.000303454101753772,down
UBTD1,-0.25470007944542,9.67461541687649e-08,4.39637542215235e-06,down
CD46,-0.255889415461446,0.0288629193441578,0.126731438959405,stable
SP100,-0.257409745951474,0.000699762265859716,0.00916816070511164,down
DDOST,-0.260204047932695,2.11175011383822e-09,1.45022659503137e-07,down
EPHX1,-0.260919750919745,2.83305248940985e-15,5.41113025477281e-13,down
CMTM7,-0.261959254804404,1.44320951505218e-10,1.20012198040802e-08,down
TSPAN3,-0.262366513432721,0.0280910901784126,0.124487342075442,stable
HSPE1,-0.264041289763287,2.39372670956278e-05,0.000607072931487457,down
SESN1,-0.264232559092883,3.65364457247034e-05,0.000868913448519016,down
H2AC6,-0.264957259580814,7.09621013285467e-12,7.16893162512525e-10,down
CBR1,-0.265925687392758,2.57740402862164e-06,8.65012749890935e-05,down
PTTG1IP,-0.266192678351632,0.00181928987045075,0.0189268079799064,down
TCF25,-0.266224266912591,0.00101818395302443,0.0123352632723197,down
PAPSS2,-0.266263447466614,0.00806158423945663,0.0542050636650813,stable
TXNDC11,-0.268152926721486,0.000152909713442848,0.00281501255591171,down
C3,-0.268752921704749,8.75265116899448e-09,5.27056196501422e-07,down
SERPINB1,-0.270501697045964,9.82535521095205e-07,3.59596233828377e-05,down
SLC2A3,-0.271109484888073,0.000209495553107922,0.0035716508245345,down
HLA-DRB1,-0.274281723194344,3.12408871732558e-09,2.08682297708131e-07,down
SSR4,-0.276269386290584,5.15540320468879e-06,0.000160355340392152,down
NRP2,-0.278234757638616,5.87092415760208e-12,6.08187939851931e-10,down
HNRNPDL,-0.278599181783904,0.0177780341789834,0.0923188996618065,stable
NPC2,-0.279220782534093,9.91482310680457e-08,4.48884435768811e-06,down
HNRNPA1,-0.279538720844144,0.0029344394777605,0.0269703670497326,down
TMEM63B,-0.279977742501356,0.0036263807423338,0.0314612336368264,down
COX6A1,-0.280298227293858,2.10661321363291e-05,0.000551529462495762,down
BCAP31,-0.281223346457042,0.000559410604947601,0.007797303574549,down
PDPN,-0.281916138651475,1.67798549288686e-05,0.000458874601007806,down
POR,-0.282151491886808,8.92487602529088e-07,3.28607483533602e-05,down
SCNN1B,-0.282246825052482,0.000607717642784471,0.00827383559657102,down
C1orf63,-0.28311964684962,1.9188135485937e-05,0.00051325113387329,down
YIPF3,-0.283889822599012,3.26981208877993e-05,0.00079780804337816,down
RAC1,-0.284157292840799,0.0451930574939014,0.167507560583824,stable
LAMA3,-0.285972386574741,8.5445297360062e-06,0.000249876391131435,down
TMEM179B,-0.287619493662935,1.09770604223199e-08,6.48229886968304e-07,down
SRSF10,-0.289011649745202,0.00013591151367387,0.00255204661006051,down
TRAPPC1,-0.289214183107297,0.00226025000894687,0.0221663816497549,down
PPP1R15A,-0.291087536192299,2.10703745897841e-05,0.000551529462495762,down
RAB2A,-0.296535247699075,0.00255324259680229,0.024138312067526,down
C18orf32,-0.297104580130606,5.55360953609195e-09,3.48140117790708e-07,down
SERPING1,-0.300067809631112,2.77393573255909e-08,1.4783067749847e-06,down
PLD3,-0.300323961744395,3.8791690945933e-07,1.53957672117885e-05,down
EEF1G,-0.300383030981,1.04183951959997e-14,1.63274952405001e-12,down
TMEM205,-0.300605452460945,2.597414459717e-06,8.67508042502201e-05,down
AKR1C1,-0.300997562394481,4.88742370327847e-07,1.87284850623436e-05,down
FXYD3,-0.302261823592388,0.054835992887991,0.189408074897655,stable
NME3,-0.303998489379133,2.55321380121811e-05,0.000644844741861368,down
EBPL,-0.305613884979545,1.88892260721821e-06,6.48600841309982e-05,down
AUP1,-0.306350415951047,2.17385410546775e-05,0.000564186679092098,down
ZMYM6NB,-0.30730352760399,3.04820621646531e-21,1.09591978794329e-18,down
TMEM125,-0.30733725726684,0.000384807123080448,0.00583350539448382,down
HSPA8,-0.308232437942414,6.34014643480272e-11,5.61608333471221e-09,down
PLLP,-0.308711720453102,0.000438565130815446,0.0064448609789498,down
PAM16,-0.310633998881911,1.94287776100696e-15,3.83060286299179e-13,down
ADRB2,-0.310777052863284,3.84585353580825e-08,1.99202176363221e-06,down
CNBP,-0.314815622511739,2.06584994166416e-05,0.000544244605321178,down
CDK2AP2,-0.316202417431796,1.18812991913865e-07,5.28134550238211e-06,down
SPCS1,-0.316299021154044,2.74581371148567e-05,0.000690634296485614,down
TMOD3,-0.316336033911615,0.00499776148200553,0.0395421594537447,down
HSBP1L1,-0.317971223760054,0.000122460847081682,0.00236455925763276,down
GSTK1,-0.318137056567242,3.68888507414922e-07,1.47362520086275e-05,down
TRAPPC5,-0.319255325773327,4.41352257258309e-17,1.07901799854511e-14,down
GNPTG,-0.32101019081329,7.46950714333464e-13,8.86478206991482e-11,down
NUCB1,-0.322958773126416,1.63115030688867e-08,9.27403783786379e-07,down
TMT1A,-0.325628831018155,0.000335752052902904,0.00524167700470639,down
ALPP,-0.327519931124563,4.41130203370362e-14,5.92568747912011e-12,down
GAS6,-0.331366786227751,0.00360740164629793,0.0314125091149376,down
SRSF11,-0.333372777488412,1.13485679445714e-05,0.000318176363656975,down
CPM,-0.334236211830063,0.0046012616308574,0.0374472850703068,down
SERPINH1,-0.334247544640426,6.7114271534046e-11,5.9021932031092e-09,down
LUC7L3,-0.334899489479851,3.45432370811213e-05,0.000837810575554814,down
KHDRBS2,-0.339341289870809,3.18595955897815e-13,4.01496594319061e-11,down
BAIAP2,-0.340577345246555,2.67087197380061e-06,8.82398351560503e-05,down
CYP51A1,-0.342308340705288,3.31187797342933e-10,2.57862397115924e-08,down
HLA-B,-0.343049190659912,2.82559243852289e-11,2.63664442507663e-09,down
RASSF7,-0.343340274013229,0.000438655459300248,0.0064448609789498,down
NDUFB11,-0.345822075400764,2.43640741548514e-05,0.000616617893310358,down
PSMA6,-0.348868175749145,3.35209863601836e-14,4.76465741008006e-12,down
SULT1A1,-0.352993507836858,3.01230776726316e-06,9.81932003920662e-05,down
PCYOX1,-0.35643694931487,0.00115659986285098,0.0135294514100387,down
PPDPF,-0.359118042410586,5.18418777573028e-11,4.65966995371522e-09,down
RNASE1,-0.360459207538487,3.68709069614062e-08,1.92611096878731e-06,down
UBB,-0.360524518547712,0.000392127207505669,0.0059177320796905,down
CALCOCO1,-0.36241443789084,5.11680949248821e-12,5.43894602053703e-10,down
BTG2,-0.365301177657276,5.76867392109236e-12,6.0270316249088e-10,down
F3,-0.368670546723402,0.000341585958389238,0.0053124004520993,down
LDHA,-0.370518136362483,3.89550506161874e-08,2.00922590182394e-06,down
CEBPD,-0.372846718791271,5.9108851511714e-06,0.000180636650219798,down
TMEM50A,-0.375142498194413,1.54454948852431e-06,5.42545199647159e-05,down
PNKD,-0.375985187387844,3.75760157893109e-07,1.49618637462064e-05,down
IER2,-0.376732508772481,4.86695714858526e-08,2.42831364017576e-06,down
JUNB,-0.377661238462365,1.25016049379067e-07,5.51695374588346e-06,down
ATP13A4,-0.379127127780174,6.97958250868821e-06,0.000209627559179864,down
ARHGEF26,-0.379491669571474,3.69713555474596e-09,2.42977338823734e-07,down
CLIC3,-0.384537410518388,0.000605489556742383,0.00826983725320546,down
PDZK1IP1,-0.392686474844164,5.32682494055235e-11,4.75292759659211e-09,down
DAD1,-0.393574776730087,1.24553465308694e-09,8.70023748533411e-08,down
SYNE2,-0.394555341236705,0.000580691882506212,0.00802983888207684,down
WFDC2,-0.399031039093902,2.14662132249282e-08,1.17669502449113e-06,down
SCAMP2,-0.403247551210265,2.57113114035354e-08,1.37848715174042e-06,down
COMT,-0.404553251605913,4.0867366245257e-09,2.64318880942869e-07,down
PDIA3,-0.406800668723679,3.1742328102404e-06,0.000102379477235828,down
P4HB,-0.412610544491872,1.06995364624181e-05,0.000304674406345053,down
COL8A1,-0.412748896781359,0.000514431919479794,0.00731211137641977,down
NTM,-0.413446492119842,8.77620116621006e-25,5.64633068714483e-22,down
KDELR1,-0.427393569860804,5.1693653210206e-11,4.65966995371522e-09,down
DNAJA1,-0.43216203803119,4.84617298835684e-08,2.42785322170795e-06,down
ITLN2,-0.433833289118902,6.97089178151664e-08,3.36807040068219e-06,down
NCKAP5,-0.433862599833799,4.0109566605081e-07,1.5867292627201e-05,down
CYB5A,-0.440633481257947,4.38400385495985e-07,1.71214259179007e-05,down
B2M,-0.44096503036258,6.32637911143282e-12,6.44447152151289e-10,down
NDUFA13,-0.447364998049333,8.16575609553456e-09,4.99091012559072e-07,down
TECR,-0.447608663304666,1.02590811174496e-10,8.70881997081281e-09,down
ARF5,-0.452278835420924,6.24560486786393e-12,6.41565326930829e-10,down
MGST1,-0.452672222660995,1.29238422382136e-12,1.44936740843966e-10,down
HSD17B11,-0.454889182108568,1.90214044606066e-14,2.76806723960066e-12,down
ELF3,-0.459868822464573,1.79284913475334e-09,1.23818010300705e-07,down
MMP28,-0.459868982011631,5.70041499752374e-15,9.81434829996199e-13,down
LY6E,-0.467640515841979,1.23133604283621e-09,8.65048953312062e-08,down
AQP1,-0.469485149306475,1.98363563088604e-07,8.39029825327021e-06,down
ABCA1,-0.478862904805394,6.46357635222903e-15,1.08233914150202e-12,down
SON,-0.482996488247783,1.02311603360939e-06,3.71899148315981e-05,down
PCBP2,-0.499288482550316,1.58250357468809e-10,1.3070624119586e-08,down
DUSP1,-0.502821671245374,1.08877897770786e-09,7.73792687412838e-08,down
HNRNPA2B1,-0.509922993960064,4.99846309013138e-07,1.89885116322878e-05,down
RABAC1,-0.510642060190749,8.51221950141228e-10,6.23074078953675e-08,down
ANKRD29,-0.516882764831434,1.2611906357697e-07,5.54560947181614e-06,down
RARRES3,-0.526362587089063,1.55600784721478e-14,2.34822715115475e-12,down
HSPA1B,-0.535066647074071,4.15139648876033e-14,5.63851896428959e-12,down
DNAJB1,-0.539718238239633,1.08390642587378e-13,1.44018175542186e-11,down
HSD17B6,-0.539883616353986,6.27684388386006e-15,1.0656686060598e-12,down
SELENBP1,-0.550602408085197,1.02472877958469e-12,1.17068080389189e-10,down
HLA-A,-0.560758039192954,3.49424505285315e-12,3.74681153737517e-10,down
SEPP1,-0.562137753727441,3.2922343855287e-10,2.57862397115924e-08,down
CD99,-0.56252530537887,5.02634582790282e-13,6.26959708166164e-11,down
PNPLA2,-0.564540751083893,5.54488754054769e-19,1.69451763239138e-16,down
TXNIP,-0.565187188404355,6.16490139804224e-13,7.61209643329984e-11,down
CD74,-0.571862638572678,1.76757191113635e-13,2.29859564273731e-11,down
SYNGR2,-0.572571833767096,5.60969617839325e-17,1.31871011701306e-14,down
SPINT2,-0.573151082891277,2.44515443834487e-08,1.32254725019149e-06,down
CYP4B1,-0.582052350752575,4.33899516233009e-09,2.77695690389126e-07,down
HSP90AB1,-0.583598406990254,3.77395672350333e-10,2.91980044228511e-08,down
PRDX1,-0.586410590729389,1.07868924222686e-05,0.000305140119711976,down
HLA-E,-0.600075125337235,9.85115917922569e-15,1.56390350398513e-12,down
HMGN3,-0.620466304972579,6.92085367776241e-13,8.37628864920472e-11,down
SLPI,-0.632535382676937,1.90106926779095e-15,3.8096181523732e-13,down
EFEMP1,-0.632934926493384,1.94292841958884e-12,2.13967180189675e-10,down
ID1,-0.644458090483013,3.98548755997491e-10,3.02599999584679e-08,down
CLDN4,-0.649314696458002,7.91448164105391e-13,9.21396415049933e-11,down
SLC39A8,-0.653385068005325,7.70637134233678e-10,5.77930572323465e-08,down
IL32,-0.662236719795194,5.50701717905006e-16,1.18101364906505e-13,down
IFT57,-0.672437340619323,7.78751300683779e-15,1.2692607866078e-12,down
SUSD2,-0.685280006216668,5.40846160249384e-09,3.4078883829322e-07,down
ATP1B1,-0.689005343846384,5.37396640350202e-12,5.66304873417316e-10,down
ID3,-0.69037657934846,4.80782778850387e-16,1.04948012297627e-13,down
CLDN18,-0.693932567294626,5.65679052081982e-08,2.79953875815795e-06,down
NME1-NME2,-0.706560884006562,3.53588036675602e-22,1.49043453804226e-19,down
EFNA1,-0.707870345615016,5.2256448097852e-15,9.19025172898683e-13,down
JUN,-0.71801723409196,1.92733430096072e-19,6.19993013024838e-17,down
ZFP36,-0.740933242780203,2.54703822291656e-14,3.66294061610965e-12,down
SLC34A2,-0.754453724129653,6.78654474828538e-11,5.92562307164575e-09,down
CRIP1,-0.758995895241189,4.13983823383801e-15,7.55304217469192e-13,down
BCAM,-0.759343028017978,1.23465189665387e-27,1.00615898564646e-24,down
KRTCAP2,-0.775526753407579,4.97274370791165e-23,2.17095782448257e-20,down
MIF,-0.779073313460747,6.11800894131067e-20,2.0774039249606e-17,down
SFTPB,-0.784080541331156,4.77671933648697e-18,1.26936124280906e-15,down
HSPA1A,-0.792041266279284,6.80001648457266e-19,1.93310236063759e-16,down
ITM2B,-0.805273882070928,1.24469359128947e-21,4.75472951872577e-19,down
CST3,-0.808399878906124,6.52685873488237e-19,1.93310236063759e-16,down
RNASEK,-0.80930455722406,7.35644343056737e-38,1.79850328990511e-34,down
NDNF,-0.850441301190406,4.53504623294284e-24,2.63982881673777e-21,down
PPIB,-0.861802232162238,3.60669336485417e-23,1.63289702562879e-20,down
NAPSA,-0.891432353866477,7.00847870373988e-20,2.31544982904098e-17,down
RTKN2,-0.902564896001634,1.69394419468383e-23,9.00294514600661e-21,down
MS4A15,-0.902971618734916,1.15811537111846e-23,6.43491013479639e-21,down
GABARAP,-0.909292752768711,5.92912978992936e-33,1.03539546502995e-29,down
ATP6V0C,-0.919967923703195,2.06633394652231e-39,6.31471654057218e-36,down
NKX2-1,-0.949541116631011,1.36711355796694e-14,2.08894951657349e-12,down
UPK3B,-0.989564460733764,1.14228338002227e-30,1.55147467082136e-27,down
IGFBP7,-0.991050159027728,2.17776527322657e-23,1.10920844583007e-20,down
FOS,-1.0712707438086,1.70007096826933e-24,1.03908337580621e-21,down
IFITM2,-1.12136648782251,6.79537857072937e-30,6.92222563738299e-27,down
AQP4,-1.13868412094901,1.89636915502302e-21,7.02461107606102e-19,down
HLA-C,-1.14880117558953,2.69942703155841e-26,2.06236225211063e-23,down
IFITM3,-1.3585616535796,2.48888234264824e-30,2.872535164966e-27,down
FOLR1,-1.38034883061739,6.25369149827081e-40,2.54817082916208e-36,down
ENSG00000279483,-1.81014133777693,9.06576762090322e-54,1.10819943397921e-49,down
