,dim_0,dim_1,dim_2,dim_3,dim_4,dim_5,dim_6,dim_7,dim_8,dim_9,dim_10,dim_11,dim_12,dim_13,dim_14,dim_15,dim_16,dim_17,dim_18,dim_19,dim_20,dim_21,dim_22,dim_23,dim_24,dim_25,dim_26,dim_27,dim_28,dim_29,dim_30,dim_31,dim_32,dim_33,dim_34,dim_35,dim_36,dim_37,dim_38,dim_39,dim_40,dim_41,dim_42,dim_43,dim_44,dim_45,dim_46,dim_47,dim_48,dim_49,dim_50,dim_51,dim_52,dim_53,dim_54,dim_55,dim_56,dim_57,dim_58,dim_59,dim_60,dim_61,dim_62,dim_63
GENE0,0.016380961534620715,0.032218361102243576,-0.00798444278318715,-0.0078064923031366616,0.011872828841029241,-0.004943150378487954,-0.0085379368967914,0.02688166875218505,-0.011304715174677954,-0.03667788321176053,0.029410968439864696,-0.032413564375327275,0.01583035678172246,0.024048974116910732,-0.021473403220615517,0.03802639779533572,-0.006309596288679412,0.0476558189114386,-0.0034938454345035358,-0.02149744162357724,-0.038771137430051984,-0.005729469025569046,0.025890860201221434,0.013398292589955882,0.03076819593125658,0.00820478570131347,-0.010587621043207695,-0.005059508223160135,0.04431256764167291,-0.0029068648693811473,0.007439236801851442,-0.003972422838377647,0.03655033411143754,-0.027553157828166832,0.03216178049159585,-0.04866099529217623,0.0028566726602191664,0.010733490433596823,0.01997483426886287,0.0009016942531280423,-0.01693255576478282,-0.06115827600355839,0.025222740021052906,-0.004756632291149378,0.03049275819229157,-0.03241965491097815,0.05152247679450084,0.016863062318548998,-0.04404818911060886,0.04685197360423277,0.009819797170758253,0.010920224116581362,0.030338007246914375,-0.00603140411515861,-0.012819743180212758,0.020572395945916557,0.0006044418233153347,-0.0072097170678891,-0.011832346646659721,0.026646170361107523,0.014858606108257639,-0.06818793682801705,-0.06389624436700192,0.025628471599047065
GENE1,0.018405142604674216,0.03619955576615136,0.020074480764999143,0.019627077785742856,0.014574583636080945,-0.006068002797112323,-0.002617735438988568,0.008241932190689595,-0.008097378223381338,-0.026271753707150142,0.03179455826187391,-0.035040497327163196,0.001147977041121535,0.001743970178903743,-0.001795877999800379,0.003180249097485466,-0.0020748404890291736,0.01567108545323135,-0.004832012452210564,-0.029731110766936943,-0.016965987169307792,-0.0025071768438601526,-0.03133013355214702,-0.016213068741311305,-0.017411133713645686,-0.004642931332617907,-0.04630004316941588,-0.02212540930510413,-0.023851893849761337,0.0015646629385319773,0.0033855515399484983,-0.0018078255358721688,0.004908119863554576,-0.003699944324113035,-0.016854277881323647,0.025500638462800866,0.003575075466082307,0.013432774027253916,-0.04315995019345513,-0.0019483054793246976,0.0017897692821965145,0.006464423047756882,0.011917997214243374,-0.0022475563855390932,0.0040181058003771674,-0.004272017723769706,-0.0382395802967626,-0.012515633286640987,0.03975204659587508,-0.042282370182060755,-0.06369865201193983,-0.07083685577191638,-0.006312385058760802,0.00125494548504795,-0.013390939431971189,0.021489019258007808,-0.0005161652840880866,0.006156764001095327,-0.010408468768947628,0.023439630387599004,0.007458501395624954,-0.034227963127303314,-0.0621415046581413,0.02492465407052542
GENE2,0.020937141275145853,0.04117953495133198,-0.022611772904759797,-0.022107820913060447,-0.007629996396875008,0.003176683508376538,0.005718407638031717,-0.018004389324229025,-0.00023773582090211932,-0.0007713282943938012,-0.003129166595640252,0.0034486264230401925,0.002287880661498941,0.0034756754740036806,-0.011832535063356863,0.02095376688193103,0.003994087199504336,-0.030166984952358325,0.0037565143004101476,0.023113628921214675,-0.04451498120423775,-0.006578275049154822,0.022501105243212968,0.011644124192974094,-0.013105836891436809,-0.003494861491744315,-0.02819633519544147,-0.013474187374303096,-0.010503893156953466,0.0006890460118814211,-0.02522970291002169,0.013472221776879744,0.028788155392079556,-0.02170170556256288,-0.00949164286458958,0.01436092099656738,-0.01647417713303784,-0.061899084596291676,-0.02755497264066401,-0.0012438731726462028,-0.018117457091559104,-0.0654379915637268,0.06642619022422444,-0.012526987993170955,-0.01605939142256157,0.017074215612657755,-0.0305607894695834,-0.010002401464222417,0.013352069152190239,-0.014201963897073375,0.01602202514741935,0.017817486692324393,0.00873018772266818,-0.0017356212531710914,0.013434274060008666,-0.02155856020852592,0.0014669738493115405,-0.017497906318795452,0.00034087583506034675,-0.0007676444786691689,-0.012217384112819495,0.05606705030194964,-0.061740352568410505,0.024763753926231393
GENE3,0.016332318619738297,0.03212268936811281,-0.028766784966125395,-0.028125655292679356,0.033889681198619466,-0.014109677877683866,-0.0030758268765214767,0.009684231709981584,-0.0011147448540657703,-0.00361676353066582,-0.013799815340569661,0.015208652643444363,0.003657832650055139,0.005556862927229594,0.0044498168367724765,-0.007880004087523847,0.010201288619691277,-0.0770494245401364,-0.0057179912456458105,-0.03518249027087615,-0.006301424110082445,-0.0009312033808867415,0.02539131602042785,0.013139782867070678,0.018409036076282016,0.004909036471007689,-0.006216664586911579,-0.002970758536762121,0.008862329864020847,-0.0005813609256621581,0.05289301561567979,-0.028243948783846916,-0.0008420455335572491,0.0006347688481830326,0.006582627735735772,-0.009959561080347616,-0.003468921859258225,-0.013033918834919426,0.0155867694876285,0.0007036103670555621,0.00798466938024708,0.02883962826037222,-0.002281279420097919,0.0004302152480541623,0.000566037230808676,-0.0006018062247394131,-0.0030731492240252986,-0.0010058271671534306,0.013848590647753045,-0.014730090307573981,0.0009311184667441955,0.0010354615435653096,0.010875249046783891,-0.0021620741705381066,0.008117300715026449,-0.013026183284182133,-0.002952042169315785,0.03521164153816467,-0.009546032743786714,0.021497444451178155,0.0006058089641744112,-0.0027801304562494046,-0.059832706482841655,0.023998606396678925
GENE4,0.02166054131600904,0.0426023307798094,-8.437201343938427e-05,-8.249160165589452e-05,0.0012063085653395433,-0.0005022362169261112,-0.0037653815645259676,0.011855292580250157,0.00047769599998248623,0.0015498734667201215,-0.019168673110460326,0.02112562261001128,0.010667696874877846,0.016206025522254777,0.005202873415225036,-0.0092135621044091,-0.0023968685500080234,0.018103334721851425,0.003304694912106836,0.020333608709519422,-0.004293748476874771,-0.0006345157901597287,0.018877530241325973,0.009768955978415152,0.011823563852103291,0.0031529247879542857,0.02317084355086182,0.011072654848970211,0.030153736150558757,-0.0019780581663758168,0.03499259928572618,-0.018685438342576417,0.025971918521326093,-0.01957870940212226,-0.035885271566760864,0.05429466292218753,-0.00821101620769487,-0.03085157958161708,0.01763115973161685,0.0007958972370894252,0.0033044513501972812,0.01193526544504014,-0.03059281259980308,0.005769347825329624,-0.018024080357789612,0.01916305706431782,0.010010824698177873,0.0032764954491365443,-0.004585887731404916,0.00487779169318957,-0.01769395782665378,-0.0196767796336743,-0.007192749527301652,0.001429967985213906,-0.011890075984982294,0.019080518817852832,0.0038538444570481024,-0.04596824224799887,-0.002551744042893027,0.005746468432283678,-0.0011791738974638566,0.005411371338851483,-0.059459762332856436,0.02384902031927165
GENE5,0.01960642937243092,0.038562267551362106,-0.002488019741210139,-0.0024325688701416887,0.002229962120685201,-0.0009284255882462215,0.0024383579955878022,-0.0076771628472994775,-2.8561060629319893e-05,-9.266569126115969e-05,-0.003525063806289066,0.0038849411860038176,-0.0119570948539461,-0.018164837888430013,0.008175097296692252,-0.014476955451622725,0.0010245288228568474,-0.007738174966791808,0.0011246627570060093,0.00691998899727616,-0.008808024234174358,-0.001301620364303443,-0.0017224362298292038,-0.0008913456098189629,0.007464622353990759,0.0019905498161987842,-0.005527241998529213,-0.00264130405015694,-0.011431332901102573,0.0007498852309600763,0.021019508319199288,-0.011224051219592471,0.010665252738236012,-0.00803990986998711,0.0004936372726081909,-0.0007468765917575872,0.0026965227183364886,0.010131752652056679,-0.0016079273234188742,-7.258427316398263e-05,-0.0018564568627031453,-0.0067052902571314126,-0.00869601873633904,0.001639939336138278,-0.002522589956973433,0.002681997324454973,-0.004079104089518608,-0.0013350714240651647,0.0017612546908775876,-0.0018733632404300186,0.004311278558777111,0.0047944094233486586,-0.004938306768161063,0.0009817692876460812,-0.0032279113068668557,0.005179968783279584,0.0007200142930245005,-0.008588253058122365,-0.0008426925074172378,0.001897723992138908,0.0002366726718366303,-0.0010861194568675446,-0.05682463666595372,0.022792084282057073
GENE6,0.015802964170643717,0.03108154579690283,-0.004842518915258158,-0.004734592966131666,0.08697280915467102,-0.03621038256741361,0.014086180405804484,-0.044350296825766265,-0.006081874304473804,-0.019732498519535183,-0.0024676062486239363,0.0027195267016217333,-0.004431000179827777,-0.006731434427285968,-0.01017235998018908,0.018013828695429824,0.00774054339745472,-0.05846363500103658,-0.010419867358437224,-0.06411287919358477,0.012255809160904872,0.0018111224902124974,0.036671206434754605,0.018977027013430268,0.013155341878908376,0.003508062714665136,0.006686008601226055,0.003195044038690521,0.001046574519103583,-6.865435393889685e-05,0.038273011518484425,-0.020437121320252747,-0.006762870691568757,0.005098132426591793,0.00434662056443559,-0.006576466837032429,-0.011068087567471043,-0.04158656806499957,0.02855742573160035,0.001289125422501273,0.007854350559103026,0.028368932959396794,-0.0022453991303599766,0.00042344876096215553,-0.009873978434047826,0.01049793434269322,0.0090477454015983,0.002961284162600315,0.004391333788946811,-0.004670853874388937,0.006709722143202687,0.007461627596744407,-0.03115461806274227,0.006193751951487532,-0.012198590458079929,0.019575605326715075,-0.006145248659249816,0.07329986515827393,-0.002811797899783285,0.006332103689658548,-0.0027850920469871935,0.012781123557387968,-0.06180433493681728,0.024789416941761656
GENE7,0.018742911503401415,0.036863885532465765,-0.002490586054243063,-0.002435077987369149,0.0022004308878258664,-0.0009161305129242102,0.002456805056370965,-0.007735243362934334,-3.061933065537372e-05,-9.93437000802168e-05,-0.0035604574417421766,0.00392394819400431,-0.011964395837918508,-0.018175929310878757,0.00818230729316211,-0.014489723348310979,0.001022028661867843,-0.007719291473476344,0.0011291454749628885,0.0069475709179421955,-0.008804396692296768,-0.0013010842982964731,-0.0017384512190101204,-0.0008996332259585172,0.007468755247455528,0.001991651912183898,-0.00555018226163682,-0.0026522665174912676,-0.011451408881497894,0.0007512021973476239,0.021063857045226862,-0.011247732666603403,0.010680967901671846,-0.008051756611992868,0.0004997587458613797,-0.000756138422931132,0.002702726167697523,0.010155061120436381,-0.0016247466934887428,-7.334352498699326e-05,-0.0018547804879118443,-0.006699235400818301,-0.008709992386027432,0.0016425745578975948,-0.0025434371540127205,0.0027041618964368536,-0.004104086302920927,-0.00134324798403795,0.001762563358883445,-0.00187475520863816,0.0043255894910249615,0.004810324068503366,-0.004938616321905599,0.0009818308290556032,-0.003223051615570643,0.0051721702266225,0.0007203524502925748,-0.008592286561651537,-0.0008487982885082468,0.00191147406961698,0.00023589810499224774,-0.0010825648761304825,-0.05694090256676118,0.022838717967124274
GENE8,0.017022410192513937,0.03347997352010293,0.02456370193807806,0.02401624700973869,0.026148035217930552,-0.010886510023421541,-0.009411794848513703,0.02963300789636381,0.01937042869720694,0.06284690153975131,-0.018504383681497687,0.020393515191868165,-0.0008690329538738996,-0.0013202072007995347,0.021024199442849955,-0.03723092064767774,0.003701362937134906,-0.02795606466519713,-0.002145733831397894,-0.01320258398515889,-0.004329340943583624,-0.0006397755258571133,-0.05322879648751843,-0.02754543433506193,-0.0357020226119761,-0.009520462145039465,-0.03465010830148613,-0.016558252998412435,0.015578010048186685,-0.00102190354912607,-0.014324074051111267,0.007648805974974696,0.006171514231070724,-0.004652343399353145,0.016782612857268436,-0.02539220878804742,-0.0022692415407324857,-0.008526311995118661,0.06156239731683246,0.002779019796714033,-0.006484428841302024,-0.02342094686182087,-0.02353524259274015,0.004438395463903264,0.042797059175431265,-0.045501488613221376,0.03165993912154997,0.010362147932786898,0.009132784833389161,-0.009714110899601893,-0.015124994128210525,-0.016819932506739545,0.0011210064695405509,-0.0002228637820036478,-0.010568824930345683,0.016960250146488408,0.0014351302604995008,-0.017118079415849356,0.012507702148044074,-0.028167055294720432,-0.010589332938750902,0.04859572696237286,-0.06132304139245018,0.024596372451357144
GENE9,0.016137357082445663,0.03173923561319938,0.010915821098981517,0.010672538548469746,0.006233954674704406,-0.002595453520163188,0.0027199431090110214,-0.008563732733689414,0.01947643663285558,0.0631908418003598,0.012149318218073938,-0.01338965457676584,0.004871846308743973,0.007401153833489478,0.013274084351999319,-0.023506549322997457,0.006365066690511655,-0.048074781916949354,-0.007967034939579835,-0.04902073424175792,-0.028418497226136163,-0.004199590478977427,0.0005523186659351687,0.000285820055091925,-0.06766161215348711,-0.018042950232280957,0.05663967460447384,0.02706641069310545,0.008592135021150579,-0.000563636385234051,-0.03213911874190933,0.017161729448363427,-0.025609290284278816,0.019305345196535362,0.013706484854708097,-0.020738005943467478,0.0035600453692976844,0.013376300843509228,-0.032835134039264156,-0.0014822276503184087,-0.005221826451426727,-0.018860584769099905,-0.06431178301066733,0.012128242352520824,0.008340676386412301,-0.008867739955384183,0.00673515884863506,0.0022043855508513304,0.003279916343602831,-0.0034886917500448187,-0.00047731548201809245,-0.0005308044501634736,0.0875551508540919,-0.017406565067599487,-0.031192316687507732,0.05005565870900468,0.0018830751439414988,-0.022461117814336785,0.014261386565002934,-0.03211631194932445,-0.005949600796455131,0.027303436157118773,-0.06385839185772804,0.025613289142419355
GENE10,0.01907018680974694,0.03750757631810143,-0.006050650643777161,-0.005915798880677821,0.0004048364327310192,-0.00016855017388659282,0.003448114004135083,-0.010856376616436224,-0.0024427784312039185,-0.007925537320268721,-0.006076103847048633,0.006696419521179381,0.0008632184638043699,0.0013113740125701144,-0.030659317565949792,0.05429336905372876,-0.0011415895764141921,0.008622324414381842,-0.0037536681827773687,-0.02309611691365283,-0.031288168094776435,-0.004623660842791297,-0.04243059456820463,-0.02195745975113657,0.010377137011879155,0.002767214092301202,-0.025050844165555284,-0.011971051054384944,-0.022997064423773066,0.0015085868914873199,0.021400271560633195,-0.01142737215648027,0.006180945524485315,-0.004659453099503186,-0.0005770694821002737,0.0008731100990852871,0.006640426657020755,0.024950340650035457,-0.019493930978288016,-0.0008799855506870674,-0.002022262946800225,-0.007304161118399059,-0.016209017499082306,0.003056778763116028,-0.010997500469226304,0.011692453921264903,-0.017100177699643667,-0.005596807066505988,0.032800894192765856,-0.0348887584244541,-0.03770100706553578,-0.0419258605261659,-0.008616893384458587,0.0017130975609543336,-0.006263695564660019,0.010051622987250297,0.000515418467318489,-0.006147856050977464,0.0028704990049863246,-0.006464297217816515,0.0038023141256521087,-0.01744927845258331,-0.0599579500923991,0.024048840996885805
GENE11,0.021925994881106917,0.043124429485561576,0.03420872542157183,0.03344631040076349,-0.026210686612071023,0.01091259439360894,-0.006701179454719291,0.02109864344610178,0.0006721285215416401,0.00218070522215589,0.008187970191182678,-0.009023888466571152,-0.0029683679417402877,-0.004509450089135255,-0.003096795539918628,0.00548399235472519,0.0034649270266282096,-0.026170285287285513,0.0045108316649742726,0.027754902788176914,-0.030756195739392887,-0.004545047747208946,-0.011643772199569373,-0.006025549771933602,0.0038388475580715224,0.0010236843792978596,-0.02270807698996308,-0.010851512515794946,0.0013905977479542844,-9.122197056249672e-05,0.008125869017666919,-0.004339072478430822,-0.0052770018489274925,0.003978022864571847,-0.018508432963604396,0.02800338648983882,0.010302200478068542,0.03870886987375122,0.056001490487625885,0.002527992045363181,0.0015011786472738729,0.0054220697286327954,0.005795492718113451,-0.0010929434226052356,-0.029380391941428594,0.03123699607243908,-0.03116899805122566,-0.01020146524867124,-0.0074009804879848744,0.007872072597531561,0.02294595853344369,0.02551733049040496,0.015197919846869582,-0.003021450801307656,-0.01149126449173669,0.018440528778153463,-0.0022015228088480077,0.026259527316038606,0.0040909706919262,-0.009212771164891984,0.002205934481899575,-0.010123299588305365,-0.05914191346644394,0.023721532691065018
GENE12,0.018510818776925727,0.03640740150648269,0.007291144194510908,0.007128645364628335,0.0309178870956185,-0.012872396911055755,-0.004766254938072142,0.015006539399685047,0.0010477016055154078,0.003399243283365059,0.014187333214967563,-0.015635732615124878,-0.015508470949363638,-0.023559975406538817,-0.020867296549824756,0.03695306753962225,0.001564976458105019,-0.011820127830037098,0.004105976531976844,0.02526385109434183,-0.05541232790485857,-0.008188648500146379,0.0030537805555176183,0.001580304596693522,0.003812558572340662,0.001016674039962096,0.009848499692002636,0.004706304180526513,-0.015020925628226529,0.0009853593086137072,-0.022974289748491326,0.01226787044468108,0.017211072683716366,-0.012974420441701839,0.0061107987978398426,-0.009245680649141663,0.007786837582898138,0.02925779627042804,-0.006521833339038999,-0.00029440542847388086,0.012839989842501202,0.046376439184922784,0.04631841366634071,-0.008734961464782809,0.005740998390160734,-0.00610378324845832,0.09967196474422002,0.03262216138400652,0.00214283614702516,-0.0022792333720354357,0.017340031535529817,0.019283191624409324,-0.0012853788010121978,0.0002555421299388419,-0.0036397239531079408,0.005840822335095148,0.003295890291522312,-0.03931302496301553,-0.017419823218711376,0.039229038077343896,0.006020730016097572,-0.02762985673118209,-0.06116539001775554,0.02453313925480541
GENE13,0.0167158121989663,0.0328769512342338,0.0058910242853713055,0.005759730138987171,-0.004646661007655173,0.0019345974262950966,-0.008367011967164814,0.02634351212310273,-0.011386212500710667,-0.036942299374409765,-0.010312130823301567,0.011364906836419518,-0.017773798584393628,-0.027001389040630343,-0.020881183334117714,0.036977659094960987,0.0044921389804375555,-0.03392872570323197,0.00011681373785264919,0.0007187485987564845,-0.009495406108624746,-0.001403199358871716,0.03244595742185208,0.016790497786501733,-0.009953753208646245,-0.0026543126604878656,0.02537167560006551,0.012124366825182902,0.007442615905073697,-0.0004882289576555917,-0.06689963779011407,0.03572324098763861,-0.005748766874019152,0.004333658907582083,0.006149683112403539,-0.009304512884767016,-0.019585629894668354,-0.07358987049437823,-0.08674375716914666,-0.003915744495356983,-0.009840284258396403,-0.035541877374490244,-0.02851206274540998,0.005376949460245574,-0.020305325140895128,0.021588458143793045,0.007174105206325985,0.0023480506120969282,-4.715250223451201e-05,5.015388452268318e-05,0.02140208270790857,0.023800444720787232,-0.04374023939931366,0.008695859875169593,-0.04569535959124328,0.07332931847285783,-0.00610251089044774,0.07279009364794671,0.009727665567399527,-0.021906477359499445,-0.010173350356643516,0.046686732685009585,-0.06653761737139806,0.02668791341282493
GENE14,0.017478489872545206,0.034376998996390636,0.013057963991483465,0.012766939179375117,0.0029182514324225723,-0.0012149889353119,-0.007544524382323292,0.023753912425216527,0.004786530807246557,0.015529786927399859,-0.0015087117678512227,0.0016627376997469577,0.005198583223446278,0.007897522153740696,0.00445255461677953,-0.007884852313514875,0.0022626885107110742,-0.01708988483350693,-0.003019144374092728,-0.01857663172338505,0.058083722164520346,0.008583418209789785,-0.01977037061187967,-0.01023099302267809,0.026219578027217576,0.006991830764885241,-0.019928612872615863,-0.009523289537251742,-0.022673711611956103,0.0014873752357633776,-0.02674112735071288,0.014279296094662912,0.010043704677373725,-0.007571361162156419,0.013526769447778636,-0.020466095295586094,-0.008647398745270303,-0.03249121714236268,0.01219097176876829,0.0005503189180927567,-0.0032127669454328285,-0.011604112829355575,-0.00010878666784752648,2.0515541797254057e-05,-0.0009529751081884752,0.0010131954594416446,0.05679668205647921,0.018589284688802558,-0.01073567483144862,0.01141902911294856,-0.006505522128412052,-0.007234544502525385,-0.09907931887750618,0.01969764878560692,-0.0420530325860531,0.06748431890758429,-0.0053155572714503364,0.06340339550815523,0.01676749329664217,-0.03776000621458907,-0.011006397045965174,0.050509684488993574,-0.06384826465737678,0.025609227171811518
GENE15,0.020078059905648146,0.039489878717161,-0.0024956019502148192,-0.002439982093311181,0.0022498208877003386,-0.0009366936154368425,0.002434987572727501,-0.007666551081016698,-2.9068978002159828e-05,-9.431361726319968e-05,-0.0035146206994228915,0.0038734319316459484,-0.011985170169681102,-0.0182074890144119,0.008195044217730138,-0.014512278662684482,0.0010286624632884953,-0.00776939598487972,0.0011251467950941013,0.006922967257401761,-0.00883010474410663,-0.0013048833482164812,-0.0017180368314591006,-0.0008890689598303549,0.0074833229685002155,0.0019955366062879873,-0.0055294870398187946,-0.0026423768884101984,-0.011451518689407357,0.0007512094006484068,0.02105065115665163,-0.011240680952190416,0.010686333193620997,-0.008055801191596938,0.0004887205017511642,-0.0007394374836028313,0.00270111641814092,0.010149012744048357,-0.0016034882424807795,-7.238388633135746e-05,-0.001862540604456522,-0.006727263972290386,-0.00871185019294447,0.0016429249125523833,-0.0025194295489015094,0.0026786372040479563,-0.004074672028322487,-0.0013336208314539322,0.001765213883601251,-0.0018775744463100396,0.004314545148770228,0.004798042074227465,-0.004953084441997182,0.0009847071906554268,-0.003238552329242235,0.0051970448917864,0.0007219374811564876,-0.00861119263934426,-0.0008413594824803792,0.0018947220508822216,0.0002377018407846212,-0.0010908424373882728,-0.05691893854160152,0.022829908303886884
GENE16,0.016311039691187634,0.03208083759998159,0.003945023361949885,0.003857100031526845,0.009703618306474694,-0.004040018191671028,0.005088808352927668,-0.016022097860452,-0.003508628368741906,-0.011383662441174763,0.03442979511717246,-0.03794476821603697,-0.022537232570870827,-0.03423784632507188,-0.006550224976061127,0.011599533526645544,0.003778545398620355,-0.028539016923853064,0.008338740584441036,0.05130781893149796,0.023668135586828936,0.00349759792274215,-0.024340170694483083,-0.012595824399792224,0.04400471236916616,0.011734494789476729,0.015249036204035577,0.00728705945884427,0.03842651325057282,-0.0025207449571462226,0.0395031416375716,-0.021093989371290815,-0.014387561313262276,0.010845940461668127,-0.0035103614310257824,0.005311201011200706,0.0018280735248173473,0.006868693765222964,-0.021999859249810266,-0.00099310694587492,0.0003540633341076014,0.0012788325289424603,0.009977291016095981,-0.001881568163718762,0.019857118574870106,-0.02111192853280373,-0.007552126497882754,-0.0024717751881238596,-0.0026389388969841605,0.002806914382659648,-0.004776260485764953,-0.005311498194590205,0.005763380374623659,-0.0011457995848512805,0.005670857925769805,-0.009100270805895773,0.0011096036786294142,-0.013235233353861578,0.014399631505587394,-0.03242763635084623,-0.003233379427915451,0.014838368455650633,-0.059906861094987954,0.02402834944950107
GENE17,0.014347106645875721,0.028218139802861437,0.01760861461221224,0.01721616876365954,0.016676459268664293,-0.006943100675457287,-0.004179834358256991,0.013160195960207883,0.016406532541514297,0.053230609986138,0.014195044483644333,-0.015644231135132088,-0.006179624607751396,-0.009387888996641728,0.016119649617348474,-0.028545647952173278,-0.0024477567741899146,0.01848768894760022,-0.0010327721598028488,-0.006354591132324657,-0.043744641363837065,-0.006464436803818819,-0.012228044562670595,-0.006327905584456493,-0.04397938913257662,-0.011727741981156479,-0.0066774167063838345,-0.003190938228479865,0.017874078367985418,-0.0011725235806834195,0.018226402794431877,-0.009732581533642483,-0.08194387190313368,0.061772689374443995,0.0223639174828222,-0.03383676110937352,-0.008838560945827226,-0.033209478523691,0.03923586314117654,0.0017711662502232256,-0.009724780709204683,-0.035124692984903026,-0.04104343088429146,0.007740178446942481,0.007320760947519544,-0.007783374075498976,0.010577466472592065,0.0034619546147037035,0.026733417098404745,-0.028435070261350438,0.007807861947502121,0.008682827237200636,-0.007105518445850772,0.0014126258473686067,0.0016080636896566567,-0.0025805293027188706,0.0034477069543723646,-0.041123877791396035,-0.0032191781246734743,0.007249514512576512,-0.0025417422119907544,0.011664361792859165,-0.06164055082982573,0.024723723936233788
GENE18,0.0164387922523335,0.032332103567369035,0.008503764503904391,0.008314239822370752,0.002476923401832916,-0.0010312457978796303,-0.00689329955727636,0.02170353301368719,0.006593252849432265,0.02139165421335039,0.030052723575103923,-0.03312083695058676,-0.005041052033358512,-0.0076582057842318465,-0.016568049515638013,0.02933970154156399,0.0007511886961036634,-0.0056736613298206985,-0.004622705632666054,-0.028443257248821154,0.02649847928492856,0.003915856648817255,0.04406399307375483,0.022802729121225843,-0.012893622453648383,-0.0034382714339900307,0.03452512849113863,0.016498528875722722,-0.04589227043820336,0.0030104919622728535,0.0185049722754328,-0.009881332782979065,0.01313426552350829,-0.009901154113198071,0.012464488162615176,-0.01885885639816621,0.012342266550954854,0.046374091718084355,-0.004674249498176753,-0.00021100269736560234,-0.005374098267482735,-0.019410571545053493,0.03769366273009961,-0.007108462171993028,-0.012347531406440546,0.013127795940105703,0.06957806181745763,0.02277256967112272,0.00037065663649970437,-0.00039424991810537086,0.0004725844445253401,0.0005255432427463848,0.06964027540070186,-0.013844964839452205,-0.020568007163567496,0.033006370037151726,0.003047050954536348,-0.0363448961111941,-0.002496441631638582,0.005621928684111081,0.0007813597346425445,-0.0035857541304755024,-0.0619496692856356,0.02484770983937926
GENE19,0.022488957041800102,0.0442316732906202,-0.002454528239749796,-0.0023998237988236016,0.0023331030767556864,-0.0009713674400040421,0.0023865749889473856,-0.0075141242059593855,-5.668235537336727e-06,-1.8390457242678733e-05,-0.0034359619103567544,0.0037867427861220998,-0.011933850126005337,-0.018129525237659747,0.008131332753881563,-0.014399454559139465,0.0010306317286560126,-0.007784269670841396,0.0011132957607211534,0.006850048485124534,-0.008854263818455419,-0.0013084534954276147,-0.0016822546627285626,-0.0008705520020147762,0.007440711365241713,0.0019841736042482934,-0.0054648940789394146,-0.0026115098394863903,-0.01136865200035883,0.0007457734198407637,0.020905856655327314,-0.011163363211237594,0.010608089090400173,-0.007996817541308193,0.0005095783023196773,-0.0007709954794524088,0.0026707373765908673,0.010034868356278547,-0.001557733744998669,-7.031845906026686e-05,-0.0018582081906200942,-0.006711615834770684,-0.008654407130536092,0.001632092008382326,-0.002449899231598688,0.002604713130712485,-0.004030552913160336,-0.001319180854288527,0.0017577557670031578,-0.0018696416007368826,0.004277127964864953,0.004756431842676753,-0.004916846780802487,0.0009775028948335195,-0.0032473166796661256,0.005211109423703678,0.0007169031814105676,-0.008551144053355329,-0.0008290424990791947,0.0018669844897844093,0.00023898023332318596,-0.0010967091350463853,-0.056436128347233265,0.022636255492572532
GENE20,0.01814767068183774,0.03569315549373128,-0.020958922585878333,-0.02049180791842114,-0.0005770408098468207,0.00024024598819629494,-0.002814946948909987,0.008862852039116145,-0.012668804354332312,-0.041103638557978536,0.015384854904377722,-0.016955510522128174,0.014589350048504398,0.022163676191059495,0.004226250558165549,-0.007484099434843809,-0.0021030620276932055,0.015884240221688807,-0.0012432311182387465,-0.007649533698603233,-0.04564143469216213,-0.006744738578357444,0.012984481180245274,0.00671935488545481,0.044910971820852935,0.011976162016489766,0.022577766439977703,0.010789240991670309,-0.021779021712629278,0.0014286843772597215,0.004624147780890474,-0.002469214348475935,0.01802629941450082,-0.013588972164007776,0.011367859940295502,-0.01719965034838128,0.0006111771053731301,0.0022964001809214225,0.03501764136634178,0.0015807493345407586,-0.007618893887515537,-0.027518492877703967,-0.009105611225144339,0.0017171823659126852,0.03965663780592862,-0.04216261790719201,-0.03017223670425706,-0.009875229986772299,-0.010915525733765589,0.011610328003961962,0.008535995996904784,0.00949255750638324,-0.006778240832713802,0.0013475608110722977,-0.01231394945817234,0.019760726899937592,0.0010011814649396838,-0.011941984848503192,0.001959322490730781,-0.004412348829815056,0.004828711687482697,-0.022159540747486387,-0.059320792268208446,0.023793280104956106
GENE21,0.02295665599045936,0.045151551747278355,-0.007308851726489514,-0.007145958246172254,-0.0008129789951844729,0.00033847682650520823,-0.013214519215211348,0.04160587417742585,-0.0032428902825184956,-0.010521481453792066,0.002370959320029499,-0.00261301298895274,0.004588392690157648,0.006970540118920431,0.00596049300754849,-0.010555200581518022,-0.0038251039896952696,0.028890669816293117,-0.0014697595343977192,-0.009043350767433643,0.01804012132191999,0.002665908796663931,-0.023254385369343857,-0.012033940037394471,-0.06456232372257861,-0.017216480020671658,0.03569174868580868,0.017056021861552858,0.01939384254949883,-0.0012722187539520812,0.03996558246647418,-0.02134092471682086,-0.048535703564704526,0.03658822643158422,0.03303743290833124,-0.04998586342687046,-0.001396863535722935,-0.0052484912277492865,0.009601523548523254,0.0004334273060000015,-8.79889554662286e-05,-0.00031780511450221825,0.028981187105594625,-0.005465419312384561,-0.025348147999482033,0.0269499467904287,-0.035192958763930964,-0.011518488507013433,0.01139083199823319,-0.012115888777432577,0.023600638903951893,0.02624537570827938,-0.060986452334691334,0.012124525404278464,0.004549194030360806,-0.007300288275028713,0.0041660810680293,-0.049692566966405616,-0.005672062753136526,0.012773353835236678,0.0028269321382530586,-0.01297313278620283,-0.06108551421162589,0.024501101459014452
GENE22,0.020488927066073557,0.04029797942063081,-0.002480374586088938,-0.002425094103745264,0.0022655815844718086,-0.0009432554462569658,0.002430088115597195,-0.0076511251549136565,-1.9744606319517803e-05,-6.406091205881338e-05,-0.0035110260628065915,0.0038694703148903953,-0.011977169207857906,-0.018195334207893665,0.00817787755615781,-0.014481878902802075,0.001028280204131699,-0.0077665088155078055,0.0011243630256315936,0.006918144766372219,-0.0088458605069995,-0.0013072116821641858,-0.0017164268806835843,-0.0008882358244544431,0.0074729211164741806,0.001992762801578757,-0.005523404812926803,-0.002639470373636992,-0.011439203375433065,0.0007504015270483554,0.021038105609545905,-0.011233981848616972,0.010671767190771383,-0.008044820734504004,0.0005044149412093503,-0.0007631832785468608,0.002694333835981382,0.010123528276843383,-0.0015977344815078763,-7.212415285201165e-05,-0.0018605766460867957,-0.006720170400020263,-0.008704012888178899,0.0016414469138538981,-0.0025066384356148717,0.002665037795425593,-0.004078904675745122,-0.0013350061568827485,0.0017642872112126411,-0.0018765887887570304,0.004312848464792749,0.004796155256305759,-0.004940253208919711,0.0009821562534314528,-0.00324120164482783,0.005201296363009151,0.0007204411953638354,-0.00859334510331797,-0.0008415334322876895,0.001895113781816101,0.00023783374016096421,-0.0010914477395459023,-0.05683833759156924,0.022797579656417537
GENE23,0.01661059808020073,0.03267001426876457,-0.0421952797742599,-0.041254867212533096,0.010487799394435681,-0.004366505256687926,-0.008136913794016933,0.025619048713987166,0.0011672867015205125,0.003787234322268883,0.009910927754023711,-0.010922744534275976,0.017683851484133713,0.026864744269077003,-0.004687217914547863,0.008300408237148248,-0.008887723154958,0.0671281815553899,0.007329691194040257,0.04509919271374098,-0.02878229163673755,-0.004253350800323748,0.01674273841587001,0.008664219972202765,-0.009357518468950126,-0.0024953180194692798,0.020430517714789362,0.009763134887389583,-0.0799229564263989,0.005242874576162001,0.008710070456305072,-0.004651025868122792,0.018980157330390955,-0.014308029823563127,0.01000554768840394,-0.01513846253282829,-0.013339766827978734,-0.05012203940212708,0.02796616329483968,0.0012624349411632168,0.0032793597057137985,0.011844637559925547,-0.01170140962428244,0.0022067111988760117,0.04794357199122038,-0.05097321958720345,-0.026850848830213644,-0.008788155486695828,-0.02682970609113912,0.028537488304794443,0.004954428453978777,0.00550963203681308,0.019465685824137546,-0.003869911976372166,0.008603269302154746,-0.013806038079331716,-0.0029347297140846587,0.0350051404339134,0.024766816312488046,-0.05577429621292183,0.014733401006421992,-0.0676133555037455,-0.06407249408715601,0.02569916450114262
GENE24,0.021792608565841587,0.04286208295222572,-0.0024438214738168704,-0.002389355656197184,0.002302787973509882,-0.0009587460069749096,0.002389635993961939,-0.007523761771081341,-5.929680746954516e-06,-1.9238710092618828e-05,-0.0034475525539517577,0.0037995167304104766,-0.011886908476407738,-0.01805821297781977,0.008099441108475842,-0.014342978909607522,0.0010242424831875244,-0.007736012268767466,0.0011117985916398625,0.006840836484900188,-0.008815538402156375,-0.0013027307829178811,-0.001686952256282059,-0.0008729829653898475,0.007410383510740039,0.0019760862419758046,-0.005457949314843014,-0.0026081911439163144,-0.011333255045269617,0.0007434514111938665,0.020847792049770095,-0.011132357723529555,0.010572347254274939,-0.007969873862795534,0.0005141826449669996,-0.0007779618815750627,0.0026630185114923073,0.010005865955742188,-0.0015630108071017998,-7.055667363101809e-05,-0.0018486641322825001,-0.006677143888414017,-0.008626677503613626,0.0016268626146395716,-0.002453429281491265,0.0026084662513260774,-0.004032748480114243,-0.0013198994529404094,0.0017510533212775324,-0.0018625125264987183,0.004269345349720847,0.0047477770914523786,-0.00489415098719848,0.0009729908152553809,-0.0032300051655379017,0.0051833288887849225,0.0007138678527891151,-0.008514938979972736,-0.00083013320181087,0.0018694407270522244,0.00023738095563495608,-0.0010893698567061671,-0.056270355190082104,0.022569764688738544
GENE25,0.008846241609719353,0.017398942423328893,0.004173504989695223,0.004080489454788567,0.0302477158724983,-0.012593376874670647,-0.0014065684124824195,0.004428576434647194,0.007318784482289358,0.02374562457750125,0.013887591820577269,-0.01530539031433095,0.011827204099983968,0.017967511989643904,0.011541779713518907,-0.02043887976876858,-0.002110104151111724,0.015937428752783256,-0.0011766225847087512,-0.007239695001374033,-0.08271643003519667,-0.01222355739878216,0.02209656925509139,0.011434780374735146,0.012476668994063366,0.0033270847465755762,0.018503351023851124,0.008842199421298604,0.017615761827622225,-0.0011555782462930948,-0.017720022326409565,0.009462183186381317,-0.003116994109938171,0.0023497194416524274,0.02557860978731961,-0.03870061269668895,-0.0005983831420630513,-0.002248328910897766,0.06284367876805255,0.002836858780790108,-0.01146955251705377,-0.04142659077693779,-0.03905225054556668,0.007364671555589477,0.05993361727617733,-0.06372093916225906,-0.023988813847270897,-0.00785142500947648,0.008174226908823582,-0.008694538211446728,-0.00426191329492413,-0.004739512185098105,0.010738476665753758,-0.0021348828822284867,-0.01307948664899092,0.02098921751628292,0.001595271127020621,-0.019028222450444887,0.008578787891237909,-0.019319231465066377,0.0009041861841546609,-0.004149419532136849,-0.06192318172256267,0.024837085807174107
GENE26,0.021522918531529125,0.042331651884867934,-0.012306448506749345,-0.012032172833547985,-0.04594878421327241,0.01913038190949109,-0.012799463566714053,0.04029907271104118,0.010747820240170647,0.034871050659728696,0.0023239340169285017,-0.00256118682442579,0.001394431104814207,0.0021183753474349927,0.013598258295930971,-0.024080616098540376,0.0017332407967692086,-0.013091013396364735,0.005113499068412947,0.03146308266239397,-0.0012684781020239596,-0.00018745145169602945,0.029938193660820844,0.01549275208181498,0.04530305525465654,0.01208071675081905,-0.007126053365853202,-0.0034053283033152817,-0.0030344159538594692,0.00019905497705974105,-0.004314660703550415,0.002303953641369529,-0.000822766079022352,0.0006202351957121206,0.015221596474923597,-0.02303038025519783,0.002296910885068167,0.008630275129178583,-0.03548572471084815,-0.0016018793252098832,-0.0030131241040395086,-0.010883027828036077,-0.01552215992647063,0.002927247677018014,-0.01368837458193645,0.014553369604682594,0.01748150667454149,0.005721614231604062,0.009542112678331858,-0.010149493551509568,-0.006521120114320274,-0.0072518904312580046,-0.05125959158113124,0.010190758710272144,-0.017986009468467023,0.028862926742824334,-0.0024608062156459367,0.029352231909441247,0.004704666785816724,-0.010594800542164582,-0.0010459530295051816,0.004800004696356342,-0.05899307592195924,0.02366183467877223
GENE27,0.020833135867962614,0.040974975300902834,-0.0024462245362819766,-0.0023917051612468423,0.002269291282163076,-0.0009447999470488311,0.0024088501683352708,-0.007584257541557783,-8.518938321732563e-06,-2.763949555828212e-05,-0.003484642542068628,0.00384039327345817,-0.011890412900527688,-0.018063536787391303,0.008104705343449342,-0.01435230113446093,0.0010211448180614717,-0.007712615879911272,0.0011162413694541218,0.006868172656032809,-0.00880750336215935,-0.0013015433915790217,-0.0017036838359768872,-0.0008816414108219892,0.007412326021185118,0.001976604240559793,-0.005480857723020798,-0.0026191383887300764,-0.011350976941423441,0.0007446139517571552,0.02088802902938083,-0.011153843569592854,0.01058573752180246,-0.007979968001837407,0.0005199941975077396,-0.0007867548005771342,0.0026689430785615583,0.010028126568533418,-0.0015808237987989247,-7.136077903827922e-05,-0.0018461931671968081,-0.006668219071227009,-0.008638691375441942,0.0016291282515462895,-0.0024755240426490794,0.0026319572234303067,-0.004058030343701876,-0.001328174086997878,0.0017518121557940738,-0.0018633196628523713,0.004283212034745335,0.004763197706113497,-0.004893046396566298,0.000972771215054555,-0.003223360757818272,0.0051726663205482176,0.000714009310760746,-0.008516626275445992,-0.0008364073813628608,0.0018835700339608211,0.0002364432045622346,-0.0010850664038492021,-0.05637706077840887,0.022612563779154344
GENE28,0.01741985089289852,0.034261666827584115,0.003972350902443971,0.0038838185190060125,0.009763812145951612,-0.004065079380068245,0.005072316367244734,-0.015970172892915524,-0.003514240226936251,-0.011401869983450053,0.03458791723025974,-0.038119033177838435,-0.02255199270502402,-0.03426026945103846,-0.0066112473134289996,0.01170759556279845,0.003789118161017917,-0.02861887205675865,0.008354177731649589,0.05140280286171806,0.023761419598329257,0.003511383121988268,-0.024387378832322875,-0.012620254196194839,0.04410247375953733,0.011760564282132398,0.015342708037515704,0.00733182243343857,0.03860820938305342,-0.002532664061195489,0.03949165509976682,-0.021087855760232994,-0.014490170116740203,0.010923291233569832,-0.0035259482733744868,0.005334784010977457,0.0018150292930709953,0.006819682151602464,-0.022038493842181664,-0.0009948509698525063,0.00036011595544980195,0.001300693841064059,0.010056092679321628,-0.001896428981202654,0.019953208750059227,-0.02121409083312185,-0.007531745429526703,-0.0024651045611045527,-0.0026547718167362067,0.0028237551099012867,-0.0048230537549318,-0.005363535215066687,0.0058014383258451225,-0.0011533657668269849,0.005692657094300975,-0.00913525287378991,0.0011096218981348034,-0.013235450674162826,0.014452795030090343,-0.03254735937563636,-0.003242909272941294,0.014882102064703346,-0.05972851277957576,0.0239568148110953
GENE29,0.022072256622859197,0.043412099632473215,0.023358779247380036,0.02283817861270336,-0.0013531689679878351,0.0005633802850042762,0.006916583629645889,-0.021776842845817528,0.005518501362525949,0.017904648224314597,-0.0007729944489967461,0.0008519102451705642,-0.01830019709490774,-0.02780107690168654,0.02261740559625078,-0.040052266213479876,0.0031619669780913067,-0.02388205501867584,0.002096340704050529,0.012898670749256125,0.049844060422662775,0.007365788553803679,0.01189294830854939,0.006154496218231389,-0.007584386742109083,-0.002022486727331381,-0.01716409492135887,-0.008202208885575532,-0.018675670063112347,0.001225107280120401,-0.029565309113045977,0.015787359950033827,-0.02007850650218884,0.01513601098479552,-0.019507146985242845,0.02951444767993229,-0.0024670343496255758,-0.009269486826338642,-0.012255731598827955,-0.0005532422748414755,-0.001173311321871749,-0.004237853910410318,0.03736459167626375,-0.007046404282984916,0.027912226327827118,-0.029676054217166896,-0.04748931181528595,-0.015543026547427067,-0.00347172867221148,0.0036927134439754274,-0.0361000982587808,-0.04014555054053431,-0.0020187016598787566,0.0004013317486402458,-0.01809362430013661,0.029035620914278994,0.00039698726568078224,-0.004735221413721367,-0.029915077442432006,0.06736806093504569,0.011036224389202117,-0.050646565767195,-0.06162059230407219,0.024715718669014116
GENE30,0.003054470315656817,0.00600758553751124,-0.009709455669236726,-0.009493059566930275,0.005477630183130128,-0.002280564309946814,0.002620671754761039,-0.008251177172107192,-0.007524384839043467,-0.024412690112264615,-0.026092428103398888,0.028756230852018352,-0.010130268624779927,-0.015389581631916373,0.03136941760015545,-0.055550857030726895,-0.0024347000617521786,0.01838907276123214,0.0033865593811719997,0.02083731635136293,0.01434563223643406,0.0021199495552367007,-0.016929459486074758,-0.008760846484873862,-0.009711901331024345,-0.0025898193495451746,0.04991993169058283,0.023855246032829396,-0.027290312639783768,0.0017902201408976715,-0.026326261683834798,0.014057765056752389,0.0037784081067337282,-0.0028483207454856607,-0.013260737536336943,0.020063587182154726,-0.005824215180772083,-0.021883556627456134,0.01992472542048706,0.000899432263864544,-0.008607703126051962,-0.031089948313338656,0.009063597553357425,-0.0017092592145138868,-0.016108504677213878,0.017126432429430613,0.04127377727014196,0.013508711566881966,0.025793824070223625,-0.027435669635719646,-0.008658530444174889,-0.00962882341930663,0.0187196075046913,-0.003721586484538731,0.03812993339228703,-0.06118875207642984,-0.0038830581263314613,0.04631669975361698,0.029061244792639926,-0.06544524960051658,0.017370329629790845,-0.07971453922718684,-0.0537430321583723,0.0215560677620798
GENE31,0.0009379935662611361,0.0018448621203042321,0.00645580521220019,0.006311923708152952,-0.017204766300205697,0.007163056773358658,-0.010676534832880455,0.03361503794980311,0.003124983225468254,0.010138934772914648,-0.01424145662132627,0.015695381535553426,0.06292026639079527,0.09558646584696479,0.0107853509667034,-0.019099350112727197,0.002300909928405343,-0.017378567797805916,-0.0026886659121004657,-0.016543215655700973,0.09116684455753561,0.013472331395839489,-0.024306233496251394,-0.012578262197993403,-0.02130473196238768,-0.005681215777677948,0.03175740011772946,0.015175914059080633,-0.022821996228907463,0.001497102574226611,0.019886783149920137,-0.010619195714665283,0.03404799634669543,-0.0256667918332292,-0.02779067291975658,0.04204747944436895,-0.005979149804260555,-0.022465698684612314,0.04380134215624715,0.0019772588833458986,0.0016923712835593995,0.006112633644809183,-0.009405737129945867,0.0017737816318540568,-0.0068904491428098385,0.0073258700306123616,0.05820518829252788,0.01905028210026755,-0.010545030458983216,0.011216249718677478,-0.029069173845502103,-0.032326726077603375,0.04182454459600639,-0.008315006596771415,-0.03491397918957836,0.05602797137497522,0.005452786395511747,-0.06504024974258309,0.010915538218475927,-0.024581539033493253,-0.012697518987022764,0.058270447190765615,-0.05698065760345042,0.022854663518210434
GENE32,-0.0021479966234487897,-0.0042247172557246145,0.018426321379347157,0.018015651176796838,0.061055753632462094,-0.025420038957709563,-0.009983174984086773,0.031431996542184266,-0.002368436082346291,-0.007684335313235974,-0.02191317969674069,0.024150318688782348,0.012725431967457313,0.019332071173862583,0.0014488611720286867,-0.0025657307652522227,0.0002583988040831805,-0.0019516631573423746,0.0005050502889706236,0.003107547058864669,-0.010049373985136136,-0.0014850628790055408,0.017489870752641887,0.00905085438966448,0.00728660630881512,0.001943079255840872,0.0009264583486932649,0.0004427268046809238,-0.03452033955376613,0.0022645034505646114,0.0032724477992905295,-0.0017474301089682538,-0.022823329474449535,0.017205172386563168,-0.01569612663071148,0.023748347647671496,0.016769467295334083,0.06300859013266413,-0.03015240869158613,-0.001361125367507857,-0.00830808779856714,-0.030007775182023348,-0.02134899106445788,0.004026101057851642,0.0010565998129826674,-0.001123368410949267,-0.004818152307851905,-0.0015769584011184814,-0.036737854027036713,0.0390763162324047,-0.008183624026877914,-0.009100697998678834,-0.022758368846432793,0.0045245199659129385,0.02807141485257088,-0.04504741265024112,2.874240868869032e-05,-0.00034283635993119656,-0.0035211736603397758,0.00792960145829948,-0.006102869359782849,0.028006804093369156,-0.050922796944361956,0.020424885189444488
GENE33,-0.0019481103853299564,-0.003831577513257657,-0.0022661936051222363,-0.002215686606591497,0.001182746747041107,-0.000492426456118711,0.002320917800244401,-0.007307402743942428,-0.00017555074820511823,-0.0005695702846925991,-0.0034362874339868748,0.003787101542793571,-0.009962639846364934,-0.015134925327644159,0.006997190928204008,-0.012391047797693467,0.0008042401514233527,-0.006074354247721032,0.0009926328912872432,0.006107616388336987,-0.006923906805017082,-0.001023191791750792,-0.0016585484861399533,-0.0008582842639923476,0.006284289697437729,0.0016757969940015625,-0.004920853091221297,-0.002351528882493068,-0.009776086946435471,0.0006413025743486406,0.01795139439592405,-0.00958573184030747,0.009117483382355485,-0.006873137133679166,0.0002855910663153662,-0.0004321012494031234,0.0023782749120259384,0.008935987441672118,-0.0016312224268022098,-7.363584939051568e-05,-0.0015154405337366459,-0.005473581880771913,-0.0073978849122263305,0.0013951306729694862,-0.002528038408504148,0.002687790074238822,-0.0036341494838822846,-0.0011894398917593856,0.0014675600468624789,-0.0015609741505051929,0.0037462491262632235,0.004166061614506898,-0.004200285845045411,0.0008350456615184714,-0.0025271388203911742,0.004055408887100485,0.0006117525816535908,-0.0072969190071646775,-0.0007736889418939978,0.0017423295621611797,0.00018003256047236709,-0.000826191149494963,-0.049090103898648534,0.019689800958169714
GENE34,0.001999284889569471,0.00393222842152898,0.020529235957617645,0.020071697780824342,-0.005943048127483814,0.0024743370762006674,0.002440659218107492,-0.007684408239510702,-0.011948522189837404,-0.038766699970795286,-0.03882378913269098,0.042787349587611795,0.010148031869208487,0.015416566987420884,0.020770558179780532,-0.036781757398252936,0.01179582154501931,-0.08909278973516606,-0.012356502433363682,-0.07602888986144085,-0.004957146931288218,-0.000732550595123604,0.027391434247234763,0.01417482646967761,0.0330563962172232,0.008814967495201897,0.03434793828750324,0.016413854963734504,0.02012810861864055,-0.0013203859524413063,0.034171585330086046,-0.01824703119479031,-0.00556593081475371,0.0041958295027342924,0.0036421959674942774,-0.0055106675724546335,-0.00823559717044931,-0.030943938616042835,0.020601011544972826,0.0009299608431620042,0.004488716306659143,0.016212682515144097,0.01851783879154187,-0.0034921879972056613,-0.002419353120174773,0.0025722367510766088,0.028876153437512445,0.00945102808001462,0.03456411272747222,-0.03676421051260109,-0.006135489226974664,-0.006823044942614431,0.01439921120179139,-0.0028626620394244396,0.038798171786709156,-0.06226110310897907,-0.004667056967625339,0.05566815362271439,0.003973961395477179,-0.00894926894169581,0.008171127361113226,-0.03749828969513084,-0.05382107568672338,0.02158737064020186
GENE35,-0.005297773829944624,-0.010419754049872627,-0.023425322986852723,-0.02290323928182231,-0.0021040395240756403,0.0008759987959944394,-0.003686104742544397,0.011605689743639971,-0.014669417690881504,-0.047594581600418635,0.018203870994351373,-0.02006232285625005,0.020564853951019417,0.031241471509798287,0.0024078834063525137,-0.004264025190327977,-0.0027964927266781437,0.02112166054250235,-0.001722355304844426,-0.01059755885457657,-0.049113359913591725,-0.007257808076283818,0.015188724500005264,0.007860031429535348,0.04917946452212867,0.013114417504716463,0.02731060629250562,0.013050923956619713,-0.021593891845583642,0.0014165400232891137,-0.0009215098993074901,0.0004920702307648866,0.01750349749462373,-0.013194862392881831,0.01278278192027434,-0.019340437044706876,-2.594968747394402e-05,-9.750179855310354e-05,0.04035771490659971,0.0018218083369691061,-0.008105706352898862,-0.029276798684190614,-0.007827533428966485,0.001476155970254234,0.045835219447071356,-0.04873163614365336,-0.03359207593489639,-0.010994527148973855,-0.013083443384949376,0.013916239384662757,0.008590463464088446,0.009553128711507462,-0.0062631361825341725,0.0012451544703543265,-0.012916705820374436,0.020727996085273682,0.0009283169827955866,-0.011072865141206837,0.0024326671720210614,-0.005478310079415881,0.005443712452904393,-0.024981853489086638,-0.05171876476477309,0.02074414399536031
GENE36,-0.0033251199912514968,-0.006539904044094943,0.008754123072151952,0.00855901861146348,-0.00045741587731793783,0.00019044117432866182,0.012997073039966821,-0.04092124554582435,-0.0007971903651134212,-0.002586465440066385,0.061329981714681195,-0.06759122245536288,0.016151264720018762,0.02453648724175175,-0.008724795061361939,0.015450393413542133,0.006035471234350989,-0.045585376786384385,0.00634051547867048,0.03901284814147855,0.0786004456606191,0.011615310993155839,-0.0034940815053336924,-0.0018081564682575866,0.02644466927080983,0.0070518546096700425,0.05550391751015078,0.026523666262152044,0.00040279953773545037,-2.642329000615244e-05,0.0381273113219162,-0.020359319953820783,-0.028464055719068765,0.0214573857865721,0.004560439325018872,-0.006899976093766218,0.008666564858228401,0.0325632307450934,-0.03546288774435134,-0.0016008484299741882,-0.0007853254876262965,-0.002836497548984142,0.018161130297955783,-0.0034249180995769624,0.00889139859177802,-0.009453263368424362,0.007847756921824328,0.0025685336239050214,0.003775686863427808,-0.004016019383203001,-0.009386077476114025,-0.010437900888622897,0.07217032789426558,-0.014347956644321204,-0.010304875067825563,0.016536678394285225,0.002574898934576771,-0.03071311759152078,0.0230686344396047,-0.05195003000096593,-0.007704092374979513,0.035355009773787596,-0.05382748754717515,0.021589942406119784
GENE37,0.002497794525163539,0.004912705875100477,0.014942343305549537,0.014609321047577901,-0.03367473440406611,0.01402018662475035,-0.005094801988106592,0.016040968802865214,-0.010872616939939002,-0.03527595062479848,-0.023068978780378196,0.025424114486396532,-0.010489825798616044,-0.01593580944512162,0.007397502552731384,-0.013099943771004603,-0.004237065195022372,0.032002176115804234,0.0012203601071683128,0.0075088096068898595,-0.03723826815405936,-0.005502946730398297,0.005267670192205085,0.002725973024998918,0.029451006492418576,0.007853538033175024,-0.05728248724773586,-0.027373591677508878,0.022441681047726644,-0.0014721542379344103,-0.022050977157837555,0.01177483760814559,-0.04709575121314332,0.035502730624989313,-0.010958760673339967,0.01658068034115317,0.012962208796321519,0.048703425510050434,0.06408756672117631,0.0028930097657604305,0.015384101602506424,0.05556545302097158,0.042337266661068705,-0.007984176562536414,-0.039347858874714835,0.041834326634534326,-0.0347702575934942,-0.011380140418516028,-0.018873219749079042,0.020074550426813477,0.01325348280383749,0.014738695721144855,0.053744396433553006,-0.010684754973451208,-0.018689372153008848,0.029991643241787554,-0.0019319012411795338,0.023043510251519635,0.015575623133769713,-0.03507594223669756,-0.0036065258977859083,0.01655078264374753,-0.05365885084161065,0.021522303047000188
GENE38,-0.0054247486374329615,-0.010669490317789581,0.029379274289381883,0.028724493974048727,0.01820988120376801,-0.007581527736133555,-0.005006667644389741,0.01576347808559522,-0.00715732849102306,-0.02322178440107436,0.04246317970994187,-0.04679828928189017,-0.008864017027743904,-0.013465932512537948,0.040290700912418,-0.0713492036920202,-0.00044854364843270654,0.0033878102346943544,-0.0005358387436704312,-0.0032969867521740336,0.009700643442550817,0.001433528645695599,0.010086433880066161,0.005219640879602396,-0.027499821439766238,-0.007333226239256126,-0.03154229270866629,-0.015073120645849127,-0.01114793654916224,0.0007312946833259527,-0.004208110701405837,0.0022470577966456264,0.007220243041540208,-0.00544291867414143,-0.019539903514773162,0.029564008534614942,-0.0012136892765323031,-0.004560243257982429,-0.03117792871988057,-0.001407418893827049,0.003150611665414043,0.01137961572311888,0.026598630732035423,-0.005016104742576624,0.015355270274500694,-0.01632559967927208,-0.029876883156606037,-0.009778562171289109,0.01121368299595362,-0.011927463769585983,-0.029694171566025745,-0.033021762345847194,-0.001464317371488464,0.00029111634618609456,-0.011247388917728498,0.018049171104329825,-0.0006635852885946883,0.007915173961562523,-0.016757346236819237,0.037737155271088715,0.004770331215590337,-0.021891625715593284,-0.05111988621553408,0.020503936733689488
GENE39,-0.003975814918419491,-0.007819702185772338,-0.013315476686578438,-0.013018712650211503,-0.015704710062259725,0.00653852123430207,0.0048966302342647846,-0.015417025629331157,-0.006621598677602504,-0.021483621587942908,-0.004604406459463665,0.005074475037746576,0.008184022802472133,0.012432906930821644,0.0022557879908343737,-0.003994685453450083,0.0023111318358588974,-0.017455772954560862,-0.00608035351808974,-0.03741208569645904,-0.021041020750802338,-0.003109371678237888,-0.04676354121775056,-0.024199721558434684,-0.03811295965628494,-0.010163373475691202,-0.01098208761142426,-0.0052480120275100505,0.08748650927414521,-0.005739036889269392,-0.014440312915126248,0.007710875503128126,0.009631342791397608,-0.007260505669237256,0.01095762767241522,-0.01657896610295473,-0.0037884395964662373,-0.01423445560745953,-0.08453886342046318,-0.003816212254179056,-0.008285192698383029,-0.029925080940494987,-0.05181366559426013,0.0097712839557794,-0.011216284381490553,0.011925063214625118,0.013462520839846472,0.004406219227242617,-0.057475740305760956,0.0611342241772363,0.018985395180882773,0.021112938150543294,0.04409258958046978,-0.008765909510114774,-0.0157420157905518,0.025261893103284454,-0.0018696530005751142,0.022301019931659782,-0.004889579375608326,0.011011219407893357,0.008866437741905125,-0.040689152954833635,-0.053335997851850746,0.0213928082893545
GENE40,0.0004382717299900756,0.0008620004892803604,0.03257478456286161,0.03184878542830561,0.016240466357161025,-0.006761578769063414,0.008317201026315226,-0.026186682524998128,-0.005069292497535089,-0.016447200598860373,-0.04194395264188171,0.04622605378987144,-0.00635131086520281,-0.009648709293910351,-0.00636917266204292,0.011278915167090444,-0.009426474411309393,0.0711973218198831,-0.00888378406749109,-0.05466144194626593,0.04694441366813785,0.00693728845382314,-0.01825057494345788,-0.00944451212230627,-0.014247464411441797,-0.003799293027909437,-0.06236763377851121,-0.029803631493197556,-0.05502722005524994,0.00360973650030486,-0.0054765299146693645,0.0029243715568628096,-0.010109170373849475,0.007620711919438158,0.01693697404353487,-0.025625758325523443,-0.018567199560800066,-0.06976328147068386,0.02750550286409192,0.0012416400320568323,0.023254768262524903,0.08399331769847708,0.038213297270263034,-0.007206457490159089,0.025314743596941174,-0.0269144314986976,0.028539270386644645,0.009340767855074652,-0.05122441317291954,0.05448498343129271,-0.004899656343628399,-0.005448722049572326,-0.01885209186265458,0.003747925284424235,-0.024976624307384756,0.04008106850666215,-0.0033250802369405703,0.03966119949292988,0.03337410770601239,-0.07515771690439604,-0.013620103314595792,0.06250429802366206,-0.05947105220619539,0.023853548632338153
GENE41,-0.004458114344744365,-0.008768297116778016,0.020384492346235378,0.019930180092130753,-0.02927907787444568,0.012190092758408246,-0.00914835954871559,0.028803582643820796,0.0010386834571453297,0.0033699841125192187,0.04519549549022955,-0.049809549982781184,0.035784441594717824,0.05436258459399326,0.04111442399808162,-0.07280790222279918,-0.0021577860140952615,0.016297565617928292,0.004797895388485508,0.029521190322670796,0.028313393417473607,0.004184058589635637,0.029233841118642447,0.01512825583204766,0.005444170422533892,0.0014517670044130245,-0.07361642775019722,-0.0351790945333011,0.06453801513811773,-0.0042336361652874415,-0.02258132599375737,0.012058034646260736,0.005641686068836078,-0.004252936955315582,0.017028300923537337,-0.025763936523680645,-0.0023384493502560774,-0.00878634926568988,-0.08396714923031338,-0.00379040421027852,-0.007286606130894351,-0.02631831101418121,0.008017500916805273,-0.0015119810029895668,-0.007220192364874522,0.00767645036844572,0.01868405019844796,0.00611520102412738,-0.011421144131316856,0.012148130358479005,-0.03388219507792389,-0.03767910450476894,-0.02853536150929944,0.005673025767116814,-0.024734927028314667,0.03969320643687001,-0.005256510130874676,0.06269908756520007,-0.016274857318010393,0.03665060141057005,0.010136691615268891,-0.04651850129622257,-0.05734475647592017,0.023000701797997965
GENE42,-0.001990340422045493,-0.003914636286662793,-0.007510646486357813,-0.007343255575804652,-0.018637359756427014,0.007759504762305347,-0.006966838539363897,0.021935070278572825,-0.003928587585699823,-0.012746210269695595,0.01849661942607326,-0.020384958275645734,-0.0009582649700409334,-0.0014557656393612832,0.007870381475452003,-0.013937346293542544,-0.0032076827870953146,0.024227342453178577,-0.0015432881883996124,-0.009495768590915714,-0.002126228647871129,-0.0003142069587522271,-0.025972819342801576,-0.013440705725355316,-0.018232803916061007,-0.004862041609445706,-0.0028575072229843797,-0.0013655174503733427,-0.02150126983014594,0.0014104641017805748,0.042228305786904355,-0.022549179546504757,-0.07668772620782516,0.057810388743509265,0.00880372978557622,-0.01332010377228547,-0.009857465653241398,-0.037037849930075466,0.01187675990607806,0.0005361349190136628,-0.0059824029817024844,-0.021607692176068907,-0.010045662636463303,0.001894462030799165,-0.01734020310990256,0.01843596428254537,0.007746491921163004,0.0025353900694196642,0.009025084433257082,-0.009599555082301611,0.023105691553596673,0.02569496352584829,-0.027719881186227105,0.005510902680509233,0.004709804890489355,-0.0075580274638198785,0.0031423514770206056,-0.03748163049493665,-0.011729272775358275,0.026414050392304673,0.0013339802517135099,-0.006121796383249793,-0.05151866644955581,0.02066388553824206
GENE43,-0.0023254561424663443,-0.004573747735568754,-0.003201789083909499,-0.003130430327891946,-0.0016348484937953789,0.0006806551378002164,0.03275721601728462,-0.10313599653698126,-0.00901808991652461,-0.029258981198601746,0.010916027611811065,-0.01203045606749385,-0.017429049724099557,-0.02647765754598656,-0.016623413835807187,0.029437744019543622,-0.007024697463496759,0.053056914406500164,-0.00391942489683831,-0.024116008992753547,0.014213090722535602,0.0021003630135765067,0.01622685143466701,0.008397252993748246,-0.047823660875255386,-0.012752872797951852,0.03375098277577382,0.016128587734381097,0.0038913828783730324,-0.0002552712420990004,0.011061952496990532,-0.005906889901013315,-0.001857828870157866,0.0014005084583120402,-0.017151702146869455,0.025950643424101662,0.002612505295275345,0.00981607062826988,0.02798758982758203,0.001263402167281789,-0.001009196683891311,-0.0036450923412073653,-0.005385607893656624,0.001015645262689862,0.012869772621130957,-0.013683038593252551,0.029947481191769577,0.00980166857340046,-0.0007214836052700784,0.0007674079573428078,0.007304177375327697,0.008122698721656326,-0.057299867874145934,0.011391607104627029,-0.017935754096242554,0.028782279774996675,-0.007394839018107145,0.0882048445799704,-0.006882347813828591,0.015498887736139642,-0.011920553225919766,0.054704857535213244,-0.05445636605205775,0.021842182503504688
GENE44,0.0010161541033547811,0.0019985896290775603,-0.011791692522613173,-0.011528889293635736,0.003548115732522407,-0.001477227530268786,2.8051786631128294e-05,-8.832096620576453e-05,0.005379981615359751,0.01745522415386456,0.003062035716734984,-0.0033746420838501497,-0.0006056975796983016,-0.0009201564827432459,-0.005624305954208613,0.009959860267146504,-0.0018251770122091515,0.013785399444843423,-0.006323284671755538,-0.03890682792028811,0.05086501094388233,0.007516661207424589,0.024884302230160825,0.012877407686936095,0.012762084670551569,0.003403194976326471,-0.04527069397436918,-0.02163351403461923,0.01567933316738104,-0.0010285502552709429,-0.012598137142892738,0.006727185736982855,0.01102141503722585,-0.008308399783282922,-0.025149125994009282,0.03805080076075507,0.007110693679232364,0.026717293740053674,-0.015272831814449432,-0.0006894387453074291,0.0018103091722809622,0.006538610564647,-0.030078413071439762,0.005672339752252032,0.018723649294269208,-0.01990683312301685,-0.008790389047988028,-0.0028770526485306386,0.030318777086741102,-0.03224864795721002,0.04770978755625882,0.05305624582758807,-0.013989027870272647,0.0027811147771556,0.006065155405615774,-0.009733017013199478,0.0023702403492834043,-0.028271971994766994,0.008221617981791652,-0.018514893108595443,0.004238145639817071,-0.019449361874878824,-0.05152583188132709,0.02066675955793529
GENE45,0.0038552773112243664,0.007582626715763736,-0.01992392484534221,-0.01947987732856518,-0.056443510128553046,0.02349977096367975,-0.013798475165941388,0.043444457739608866,0.006023751326648304,0.01954391988135916,-0.012110637039048602,0.013347024396495108,0.024983666188667878,0.037954390403287415,0.0012310419748890362,-0.002180003391125346,-0.004051562003934,0.030601087032204648,0.005349474314270103,0.032915025562419174,-0.002194655598282135,-0.00032431886464089066,0.05220933399628085,0.02701787145627278,0.000127622001297755,3.4032257651752156e-05,0.02159083753998295,0.010317617114614333,-0.0025802095746583183,0.00016925944415699555,-0.012839542843308117,0.006856092174991298,-0.03481863079038695,0.02624772804000039,-0.013189188304490986,0.019955332701815116,0.02356995774430817,0.08856034486966444,-0.048585109819508795,-0.002193205396453542,-0.00855696625996256,-0.030906693091687528,-0.025469312093100518,0.0048031321035824194,0.015079128837131977,-0.016032008327197818,0.036536017396383354,0.011958065228196256,-0.016849587748079518,0.017922108862022126,-0.020833316371052214,-0.023167941242310048,-0.07462973376665231,0.01483690341590144,0.016370646756308747,-0.026270684383235664,-0.007256023358205934,0.08654906631666116,-0.010342533553490072,0.023291145810840477,-0.01466852996723857,0.06731565447515567,-0.05692268837026596,0.022831412341854103
GENE46,0.0030824519257751665,0.006062620256755901,-0.026951527533077623,-0.026350854775711453,-0.07216635127647722,0.03004584091987135,-0.0012411679836403296,0.003907813679740207,-0.0036750795985428957,-0.011923709551854665,-0.01790950740939787,0.01973790739097607,0.005921083043873505,0.008995120882594286,0.0063376988755487855,-0.011223179487326918,-0.0014473949714416143,0.010932045331665523,-0.002024920634038559,-0.012459226928797593,0.042861974637123566,0.006333999266882322,-0.06757187132522952,-0.034967849497081774,-0.0567555301597389,-0.015134685288844957,-0.010443352378942337,-0.004990566532649642,-0.001641348285276309,0.00010767098190911457,0.01265066447681045,-0.006755234418109165,0.024009332863777738,-0.01809923093254569,-0.013347092046367054,0.020194242150314432,0.007393482615812633,0.027779827921092813,0.05109493837828655,0.0023065028565155687,-0.001744991060051399,-0.006302689703595631,0.012059507210928674,-0.0022742430587235135,0.05129070080074739,-0.05453185997857398,0.05136330388637828,0.01681096578057105,-0.0033150560248883156,0.003526068165585992,-0.0068330391149246,-0.007598763725440544,-0.023373427067903154,0.004646797762798237,-0.0021824409533123014,0.0035022573220831552,-0.003590030824113328,0.04282150160440904,-0.00693119531410311,0.015608891174417374,-0.016269691837879612,0.07466357955582859,-0.053694213144913454,0.021536486694175613
GENE47,-0.007078608059090781,-0.01392232989907447,-0.0022205448087931783,-0.00217105519186828,0.0009511749381876037,-0.0003960135211806116,0.00232634137821614,-0.00732447886294523,-0.00020048764212369038,-0.0006504774520715933,-0.003475260467114275,0.003830053372848402,-0.009602382135054334,-0.014587633280207221,0.006781816488095102,-0.012009649746793652,0.0007593780842207038,-0.005735515049016941,0.0009751255690495132,0.005999894783347234,-0.006580202902912025,-0.0009724003785602204,-0.0016718236674204204,-0.0008651540536245948,0.006067450815820934,0.0016179737612272613,-0.004842802936283088,-0.0023142310420133983,-0.009496512129624686,0.0006229627160059145,0.0174508081324225,-0.009318427497311295,0.008849307079532269,-0.00667097471363305,0.0002664258015840486,-0.000403104071927041,0.0023257304302376396,0.008738559958829382,-0.0016594275022313032,-7.490906918702157e-05,-0.0014487461290893895,-0.005232690023454436,-0.007176823370603876,0.0013534417658033733,-0.0025553561109416673,0.0027168340354443324,-0.0035952143493185357,-0.0011766966068597197,0.0014150369586318,-0.00150510782789166,0.003664391304540302,0.004075030634603275,-0.004057293508127389,0.0008066178032776736,-0.0023917183402581044,0.0038380937898072134,0.0005914787142126277,-0.007055094496545219,-0.0007709888233840818,0.0017362489578687012,0.00016841924611685755,-0.0007728962482190041,-0.047806615903762555,0.019175000190917644
GENE48,-0.0032717738681855048,-0.006434981958006656,-0.002806386185484288,-0.0027438398334750868,0.016902067680405964,-0.0070370308011942035,-0.0066788301062493975,0.02102827658937094,-0.000281357327482303,-0.0009128572492747425,-0.018256510301526037,0.020120336164289262,0.0003806618303560665,0.000578289335594722,0.003671599234216641,-0.006501889411333865,-0.0009091768435106126,0.0068669317386549225,0.000484613265456251,0.00298179916068081,0.01968037992128579,0.002908300726896917,-0.0029242287845071503,-0.0015132626938732,-0.053385703328478175,-0.014236072088942224,0.04088335140161113,0.019536933912031172,0.03744687295817073,-0.0024564814287122453,0.016416633342581987,-0.008766196177963823,0.0245652051398778,-0.01851827050983188,0.02974372670314205,-0.045002463263859656,0.009676835464871402,0.03635916089934441,-0.0019377983777565829,-8.747515185430658e-05,0.004921835112050684,0.01777705352980135,0.03893546185069106,-0.007342646950935491,-0.014689600920267694,0.015617865383376764,-0.05107945596282531,-0.016718063701290187,0.005265036919237113,-0.0056001705347287385,0.00725908233100159,0.00807255023263672,-0.04638515330947726,0.009221686918197662,-0.0005506637939225743,0.0008836739895959354,0.00214596073159769,-0.025596788833646824,0.004332638239888284,-0.009757000880776091,0.002057549206571307,-0.009442341650086259,-0.052510253723778814,0.021061606351838492
GENE49,0.0018781745974718054,0.003694026584856966,-0.009176735347979022,-0.008972212063786036,0.025741132292937507,-0.01071709948321953,0.010554319703161853,-0.03323024397986498,0.001967680396244591,0.006384092890125015,0.00658017313995314,-0.007251949765230611,0.02459771966482127,0.037368072729561684,-0.008697913116574698,0.015402789244071863,0.0013992460284422339,-0.010568380652754856,0.0013568450581325935,0.008348594113918657,0.004036298646678674,0.0005964707152534771,-0.000284534794698465,-0.00014724425537664782,0.011485303979322889,0.003062722886819079,-0.03513788997783772,-0.016791349308955213,0.004501968940354449,-0.00029532514255375725,-0.058180928061899326,0.031067601898839437,0.006183473644838682,-0.004661358901483493,-0.022757478522847326,0.03443222167228834,0.008958663791776667,0.033660745750072815,-0.02802883499143588,-0.0012652640364067423,0.02067111044390553,0.07466146843927028,-0.015497190116434871,0.002922538743545617,0.024890663825676312,-0.0264635533015714,0.03977532993676945,0.013018276860793062,0.03842046845831871,-0.04086603355137449,0.06226864825418011,0.06924660281141799,-0.03097610474915179,0.006158262279228862,0.007464140097958529,-0.011978028212610818,0.004100057428613226,-0.04890504409551803,-0.002262416349091836,0.005094909172786507,0.005997999075638586,-0.02752554170184549,-0.0537595851986072,0.021562707105687386
GENE50,-0.008309096038831355,-0.016342475137769093,-0.0023030503108935523,-0.0022517218814047404,0.0009304292362896959,-0.0003873762262644883,0.002389765123781197,-0.007524168335930615,-0.00022653191089472,-0.0007349774711839211,-0.003562645679653147,0.003926359831368185,-0.00982532600659473,-0.014926322513187065,0.0069661188818730575,-0.012336023543645033,0.0007759539176885932,-0.005860710843155036,0.0009982806607549911,0.006142366807813817,-0.006682716526090362,-0.0009875494989531617,-0.0017134296069206863,-0.0008866847616262688,0.006220562447292086,0.0016588031984619317,-0.004962948199033026,-0.0023716448786416885,-0.009729136201963565,0.0006382226474348996,0.017856206633524125,-0.009534903233642127,0.009072730100284653,-0.0068394002534507324,0.00023686853055934057,-0.00035838371738824146,0.002391576773040061,0.008985967056043891,-0.001710440879567082,-7.721189025463252e-05,-0.0014836942116055942,-0.005358918131367569,-0.007349053222002154,0.0013859217450592866,-0.0026421812682265186,0.0028091458433501856,-0.003665493024566514,-0.0011996984839841322,0.0014473454957996297,-0.0015394728894558706,0.0037481351671420984,0.004168159009059372,-0.0041728316666716945,0.0008295875823811872,-0.002435517755741755,0.003908380604828642,0.0006075054621676576,-0.0072462598226641405,-0.0007878663727960622,0.0017742568079038583,0.0001715622336140565,-0.0007873197971943984,-0.04902288935097273,0.01966284153131738
GENE51,-0.002364321427957896,-0.004650188657529469,-0.00636886439951587,-0.00622692055846821,-0.0009895995358200956,0.0004120112725903084,0.0034259451195041445,-0.010786577949561858,-0.0029995707911126828,-0.00973203707142385,-0.006308217777181509,0.006952230200523748,0.005386307888263911,0.008182707488950763,-0.03874486392311046,0.0686117422995144,-0.0017600064725111849,0.013293172161812321,-0.004757902052540518,-0.029275113493883072,-0.033047475206511405,-0.004883645364043261,-0.04931333992886775,-0.025519219980330417,0.009494508939809151,0.002531848515408842,-0.027639942939319352,-0.013208304114630809,-0.023012241048035863,0.0015095824644874103,0.01780919108854127,-0.009509797751772447,0.0035646737876888416,-0.002687198950867049,-0.0009807125986434136,0.0014838249131784206,0.006922956871135283,0.02601190272280263,-0.022538535876614547,-0.0010174236241603434,-0.0016612371847960596,-0.006000181169727147,-0.01596191946927569,0.0030101797629012756,-0.012375804595476029,0.013157855766962556,-0.018772596629888845,-0.006144181851222345,0.037799565847364665,-0.0402056088363837,-0.04561764859853996,-0.05072965741603208,-0.008376651538407862,0.0016653358326670145,-0.00600432305345558,0.009635396708535329,0.000352203603619062,-0.004201046708611106,0.003604563333054254,-0.008117393068184577,0.004353430070638095,-0.019978416042463632,-0.05115697735976911,0.020518813810519607
GENE52,0.0010756922813336723,0.0021156903568607713,-0.0007223056433401455,-0.0007062075085717992,0.006588816391244448,-0.00274319714991731,-0.0073785277936543,0.023231272662879218,-0.012347780773474756,-0.040062085080076436,-0.021198305533817165,0.023362462289306603,0.0018209263238556871,0.002766293308168651,-0.027089422691004998,0.0479715838570578,-8.809349809971491e-06,6.653623466421295e-05,0.0020581499234871674,0.012663684946040862,0.04564026414378302,0.0067445655986327424,0.04907411977619445,0.025395425653914533,-0.011691062683815383,-0.003117591429658597,-0.05779520953944029,-0.027618606364044312,0.012696467582071769,-0.0008328769363570139,-0.04032790160934183,0.021534396826425294,0.01970769064268902,-0.014856474609810703,-0.02079736405044771,0.03146655498171005,-0.0065256530989984615,-0.024519097370328487,-0.03832864119964758,-0.0017302128785969518,-0.009581065990575285,-0.034605613375784224,-0.010054223335143098,0.0018960764507914016,0.019052564451363524,-0.020256533068844472,-0.023668181779577677,-0.0077464836542630025,0.0552690891522084,-0.058787113803632995,0.06015438050386922,0.06689540580863212,0.011652986008860665,-0.0023166936178665343,0.006329821660058525,-0.010157738390483305,0.0019870690925710417,-0.023701546450265287,0.0041362806070567495,-0.009314808043431624,-0.004464216028041572,0.02048682617257789,-0.05405466095439122,0.02168106055042647
GENE53,-0.005448469932123747,-0.010716145774280674,0.05818760009826395,0.056890764282459656,-0.030945056668666225,0.012883708729586494,-0.009819881967546868,0.030917868968598335,-0.006384859280963985,-0.020715526168701946,-0.011260300032048457,0.012409875612243373,-0.03670549983320551,-0.055761826951128364,-0.004306833871848265,0.007626801227863934,-0.0009131780472298217,0.0068971524740372905,-0.008644530573661414,-0.05318932816410815,-0.01609879391826178,-0.0023790259254094144,0.026445794861181305,0.013685466398962974,0.01774510899613835,0.00473199068561106,0.0436968982840082,0.020881444027159166,0.0033564723155335074,-0.0002201815868128859,-0.004052212483596001,0.0021638108645481552,0.019516753009453783,-0.014712537902479218,0.00184300270262155,-0.0027884757766806186,0.002437382247424807,0.009158073796856112,0.009002041918720333,0.00040636579784809017,-0.008679824002285752,-0.03135043990807964,0.05980021157189518,-0.011277427319276861,-0.003716578149660263,0.0039514359541363364,0.09668634355125157,0.031644981726331685,0.012216561546762233,-0.01299417820982706,-0.0038078441449035877,-0.004234559099366275,0.018151041203924943,-0.0036085516006623556,0.023883196353580216,-0.03832639741163342,0.0005512914077462008,-0.006575744626688325,0.004841273858704779,-0.010902436503601233,0.012332064829482486,-0.05659333395240016,-0.05412388286903269,0.02170882512236529
GENE54,-0.004051272431731544,-0.007968113340186359,-0.03742845771873122,-0.03659428403880619,-0.014047038356106033,0.005848363847937111,0.014112740246506616,-0.044433920404683094,0.017817505578083852,0.0578084789063733,0.022069491558509655,-0.02432258858885368,0.004236876472993501,0.006436527871134819,0.006081541739332771,-0.010769560977962661,0.002557915834866712,-0.01931971052344958,-0.004280234652969621,-0.026336051869586447,-0.04674041073045954,-0.006907141581948192,0.0006703062334048622,0.00034687758422140155,0.006873994673451729,0.001833050378828582,-0.016900837214304344,-0.008076405881461994,-0.006668814430860055,0.00043746827189683913,-0.007046036990755027,0.003762460989973164,0.02147713729226599,-0.016190356884474857,-0.0149916038515156,0.022682399832663607,-0.006509459912015021,-0.024458254061258553,-0.007873410431068109,-0.00035541766417765023,-0.009159341747288156,-0.033082398095896824,0.06262623297380933,-0.011810372774236242,-0.02012502878850009,0.021396768514094916,-0.019432029615047308,-0.006360011140020293,-0.012221887215662908,0.012999842871729788,0.002529142470871114,0.002812563449570535,-0.014161763571756662,0.0028154558204639083,0.0167607598697889,-0.026896715756984158,0.0018110767857458768,-0.02160232914035878,0.004475539543696145,-0.010078811304337822,-0.005802058423608881,0.02662634640012803,-0.05167213461791507,0.0207254408711595
GENE55,-0.004736304091220207,-0.009315445566394825,-0.002247110893190417,-0.0021970291939374304,0.0010437616463647745,-0.0004345612024195899,0.0022985909890989946,-0.007237106845910093,-0.00020210228941003726,-0.0006557161373176744,-0.0034072522946139183,0.0037551021762600952,-0.00969356015556498,-0.014726148026623,0.006846911438031349,-0.012124923810960926,0.0007759666867860037,-0.005860807287010703,0.000972779771670713,0.005985461219196546,-0.006656395108645243,-0.0009836598079108782,-0.001642167379114952,-0.0008498071850864075,0.006129828562863521,0.001634607692191516,-0.004830396737402266,-0.002308302489697487,-0.009549568403726451,0.0006264431602115807,0.017519026494627044,-0.009354854914160125,0.008909910209019878,-0.006716659866238267,0.00024086688245288272,-0.0003644332513286636,0.0023370477332421004,0.00878108291402269,-0.0016296795880293236,-7.356620331302728e-05,-0.0014715699922201618,-0.005315126965650876,-0.007219730412563175,0.0013615333934826439,-0.0025276067628206044,0.002687331152024723,-0.003556013810365175,-0.001163866456361967,0.0014275975970483655,-0.0015184679843799765,0.00366266046906231,0.00407310583809273,-0.004110207910735008,0.000817137549780507,-0.0024322661459310877,0.0039031626060319945,0.0005980556690854372,-0.007133543706993716,-0.0007607142738870286,0.0017131109105770878,0.0001726471126628814,-0.0007922984380917917,-0.04803803289707592,0.019267820416885968
GENE56,0.002907543378658077,0.005718607072976817,-0.004646303472200558,-0.004542750606234781,0.00923929941020587,-0.003846703004653742,0.013384406868570365,-0.04214076494528889,-0.01076670076981278,-0.034932308095277524,-0.023072673484762204,0.02542818638694124,0.02131393543266985,0.032379452252245394,0.028739182481153817,-0.050893078014389304,-0.004862220880607535,0.03672392134016828,0.004312579650089227,0.02653506888405628,0.025973742051671782,0.0038383127353863243,-0.02830933370044572,-0.014649831368962541,-0.018669051743052917,-0.0049783734197715495,0.0033066278745482675,0.001580138810591046,0.04128693481415698,-0.0027083860575668113,-0.018825758992421893,0.010052627300784425,0.014031611426368053,-0.01057761067342095,0.006953089032597266,-0.010520071572832914,-0.006536453073551215,-0.024559676546636218,-0.0025403687888789625,-0.00011467609227276846,-0.017007058944374168,-0.061427372180415794,0.00033984342315120764,-6.40893970725118e-05,-0.024509370377316073,0.02605816517834579,0.06256608833352115,0.020477584002882503,-0.005392377436705299,0.005735616615115491,-0.004676044882718308,-0.005200052222111277,0.03859998220918621,-0.007673941457220322,0.036667405106602304,-0.05884176972645191,-0.005118916851885703,0.061057889729952144,0.02041248440514499,-0.045968441695920355,0.02366652699218099,-0.10860854885873283,-0.056872874338310175,0.022811432176884743
GENE57,-0.0022050544885377937,-0.004336939660818191,-0.002240248257885942,-0.0021903195072205993,0.0011625601794302937,-0.0004840219519637329,0.002305880262972728,-0.007260057102873377,-0.00017155102533558672,-0.0005565932776631155,-0.0034192736534312262,0.003768350807929611,-0.009867608286548006,-0.014990556406978656,0.006927354359324629,-0.0122673769886659,0.0007951530783779335,-0.0060057203941946856,0.0009850037974364243,0.006060674987300998,-0.006861195283525115,-0.0010139244928333234,-0.0016498593802386388,-0.0008537877280601246,0.006222208776544642,0.0016592422160351854,-0.004882601748896491,-0.0023332497071949098,-0.009687554358172066,0.0006354949156117497,0.01779606518732558,-0.009502788749216428,0.009032349263470291,-0.00680895950380979,0.0002914217591088129,-0.00044092312773937823,0.002356034350829247,0.008852422091617627,-0.001621714363390002,-7.320664101651688e-05,-0.0014993577012380032,-0.005415492699047996,-0.007330821505793705,0.0013824835155105627,-0.0025093745797993535,0.0026679468418847403,-0.0036129328449997413,-0.0011824957864693438,0.0014537648649508325,-0.0015463008685419736,0.003716631657616224,0.004133125150569161,-0.004155501972892411,0.0008261423202871867,-0.0025014189256382813,0.004014135060386114,0.0006055057579166988,-0.007222407565403291,-0.000769297883529128,0.0017324410005131665,0.00017797077945914746,-0.000816729387573316,-0.048646417158276306,0.019511840373206465
GENE58,0.004757694863346783,0.009357517310423568,0.006996318868491449,0.006840390855098064,0.006860670236783113,-0.002856381165071743,-0.00013264568929497874,0.00041763455553017303,-0.012486393034810542,-0.040511809310581286,-0.027848565884860985,0.03069165454089747,0.018805197629726177,0.028568257639199037,-0.00010830036128809855,0.0001917848129325754,-0.009508162606221417,0.07181430548188569,0.00108393830955248,0.006669413678986933,0.04857696258994303,0.007178541073689715,0.021506900078837227,0.01112963175884116,0.040064287581125686,0.010683723368550361,0.01468003786946026,0.007015152130372582,-0.03559746085072294,0.002335161645854749,-0.050634991179261075,0.027038203076355363,-0.007810478717172163,0.005887862807262278,0.02947011217808601,-0.04458848260383168,-0.005181135174346729,-0.01946728640051685,-0.03390346991093896,-0.001530453948615047,0.002326076193703767,0.00840149661020323,0.03624980788905998,-0.006836172700077024,-0.030889303460673152,0.032841258646413615,-0.02329258641373078,-0.007623553072218444,0.03155441299472329,-0.03356293538001179,0.014929986087683,0.016603071458587894,0.13600208156829396,-0.027038147488233577,-0.012444479669504462,0.019970194371529925,0.00032842174946055776,-0.003917379309661203,-0.005769007458873651,0.012991671065268003,-0.021460245497330877,0.09848365678611413,-0.06024469434489332,0.0241638527163404
GENE59,-0.0015798888613786778,-0.003107352992053084,-0.0015825818059168907,-0.001547310566616749,-0.027994054726749176,0.011655084400757642,0.014761012050226754,-0.04647500223740747,0.019045903138123675,0.06179398597563937,-0.0020417965013374848,0.002250245600470594,-0.010638545332077896,-0.016161739426374153,0.008106119671781356,-0.014354805712392385,-0.004748020040727475,0.03586137256590798,0.0015940634869479116,0.009808186251319012,-0.05146560319951632,-0.00760541472237801,0.013793539429057033,0.007138035418107935,-0.0782011010708492,-0.02085345781490062,0.016252849333244904,0.007766751805314985,0.05714958448148509,-0.0037489617115475373,-0.00022065271942016355,0.00011782470773645175,-0.018853953044840655,0.014212891798620163,0.0019215335605018557,-0.0029072935052754166,0.009967380580867219,0.03745083768349559,0.04666373867500385,0.0021064717947730785,-0.0059236026339211855,-0.021395312665928114,-0.039901974478143455,0.0075249168062205525,0.05043158405511471,-0.053618453974237375,0.02234599529552393,0.007313738288271045,0.030940560663053784,-0.03291000971334913,-0.013758513864061094,-0.015300321614996422,0.009856628846134243,-0.001959565481685079,0.0033805493256922592,-0.005424913609048236,-0.0029918843941801956,0.03568687531178447,-0.006554992762322977,0.014761691748609071,-0.012436452130919401,0.05707237987798155,-0.05395180846562185,0.02163980691942839
GENE60,-0.001901872847215759,-0.00374063671614427,-0.002245077347916438,-0.0021950409705935483,0.0011892968308920798,-0.0004951535273079426,0.002330325072740342,-0.00733702151322526,-0.00016108467594212292,-0.0005226354525631244,-0.0034629067373987722,0.0038164384381947553,-0.009970018480040135,-0.015146134713049677,0.006983752748292513,-0.01236725065805473,0.000802897870795396,-0.0060642161216654875,0.0009963086773754127,0.0061302333009430245,-0.006959634921195201,-0.0010284715732726461,-0.001670785981175753,-0.0008646170601135838,0.006279191793108842,0.0016744375638732005,-0.004935782747144775,-0.0023586633196442967,-0.009785533236922854,0.0006419222425697583,0.01799220017889598,-0.009607521417455378,0.009118557710926267,-0.006873947007115051,0.0003183036000468525,-0.0004815955381388187,0.002374961477368454,0.008923537741118901,-0.001636779081495513,-7.388668519399916e-05,-0.001513088953820086,-0.005465088267901005,-0.007406684252390402,0.0013967900971847125,-0.0025258060274718996,0.002685416624705709,-0.0036667118626363604,-0.0012000974039042655,0.001469269627309915,-0.0015627925502990497,0.003760307141787125,0.004181695000562267,-0.0041846697644931504,0.0008319410774981995,-0.0025319971264064155,0.004063205220737433,0.0006103587256396317,-0.007280293242523222,-0.0007799583596926854,0.0017564481457116926,0.00017994629685956495,-0.0008257952753641563,-0.04911666408626402,0.019700454119724153
GENE61,-0.003132711675411828,-0.006161472009705805,-0.0022325473327085904,-0.002182790213723675,0.0011211144110140467,-0.00046676636203005895,0.0023076463618330904,-0.0072656176598465344,-0.00017600949225030424,-0.0005710586689865343,-0.0034275724869451433,0.00377749687786925,-0.009805625183784063,-0.014896393650282171,0.006890493393942428,-0.012202101367547874,0.0007872832075638735,-0.00594627996073238,0.000982172753356893,0.006043255726496693,-0.00680146649768661,-0.0010050979726154425,-0.0016528599252968853,-0.0008553404837548857,0.006184922057311055,0.0016492991715518434,-0.004870123528514077,-0.002327286737952094,-0.009640112469870418,0.0006323827701013308,0.01771142844904333,-0.00945759420559946,0.008986704014515437,-0.006774550221948649,0.0002882798031708104,-0.00043616932677530395,0.0023472489748785222,0.008819412447203058,-0.0016273573892614558,-7.346137574572774e-05,-0.0014877543755465183,-0.005373582936277567,-0.0072932156088478285,0.0013753916046554712,-0.0025150791220661926,0.002674011865276518,-0.003607252808973665,-0.001180636737614577,0.0014447373558423128,-0.0015366987344473742,0.0037030953225198012,0.00411807190553776,-0.004130843355537564,0.0008212400178723409,-0.0024777574687574124,0.00397616449788984,0.0006020204757454122,-0.007180835494465591,-0.0007690941494729503,0.0017319821961415277,0.00017592667975848718,-0.0008073487673291529,-0.048429801137858386,0.01942495674519085
GENE62,-0.002849928835943428,-0.005605289784611412,0.0379978618874451,0.03715099781096828,-0.024476776417031713,0.010190695766783301,0.0043142334989804305,-0.013583351252310466,0.008185518812426117,0.026557723780814724,0.03330108744132696,-0.03670082961582697,-0.012448618061371028,-0.01891154429917113,-0.027460133298760705,0.048628060564205884,-0.0004970888389062848,0.0037544677354910396,0.010962101673808029,0.06744921755184966,0.024633570038675574,0.0036402665972956,-0.006864412281794645,-0.0035522730220151214,0.016128021260708267,0.00430077078701548,0.003750236982234746,0.0017921263684234404,0.0009533974552129165,-6.254202174823815e-05,0.06678030433933227,-0.035659519004068815,-0.014193135233147044,0.010699374018390894,0.005299060532414919,-0.008017515065379557,-0.011215922143668568,-0.042142032830522515,-0.04837601286136889,-0.0021837664432684265,0.01581948190751761,0.057137992289722085,0.013163688786125128,-0.0024824752226957863,0.04696056299800455,-0.04992809234310574,-0.019285863816303258,-0.006312171767255094,-0.028555488051208118,0.030373120880671213,-0.004272181056429853,-0.004750930573368017,0.01733208855536706,-0.0034457381919102445,0.019951329924573102,-0.032016761419171424,-0.00035735382143076095,0.0042624779528180265,0.02863369929457193,-0.06448242704985702,-0.0010905686544405515,0.0050047511841837455,-0.053152962349643826,0.021319393643214286
GENE63,-0.005048993192578943,-0.009930447949436873,0.008777002210167561,0.00858138783868078,0.0043369455690782975,-0.00180565006186111,-0.005451362938300129,0.017163599886807407,-0.018372696424372538,-0.05960978258415388,-0.02845706592576903,0.03136227697513377,-0.006938779452054693,-0.01054117287097966,-0.01596226110229944,0.028266934875340745,0.002552884270649356,-0.01928170756695935,0.009366342946935951,0.05763060058114429,-0.009459195728756767,-0.0013978483100342597,0.024767588909861252,0.012817009569516744,-0.018868906742831124,-0.0050316676541222105,-0.019962094575402833,-0.009539289444112455,-0.011646011695495869,0.0007639679681802434,-0.012375524562480046,0.006608314497620476,0.018249509477422404,-0.01375723716737983,0.0035701555455152877,-0.00540166991805955,-0.01157141915394568,-0.04347775596468548,-0.02633770577316056,-0.001188923903773319,-0.013194029335456358,-0.047655185602590494,0.012338785100619564,-0.0023269107001928683,-0.0012157854597157017,0.0012926133084196242,-0.019412339231908736,-0.006353566570996952,0.028831433681974272,-0.030666631185406388,0.01885580278017359,0.0209688233552022,0.022021180654696434,-0.004377961892500141,-0.0017944855764371818,0.0028796885615207627,0.0002970928931817027,-0.0035436920810220005,-0.0046002113579621225,0.010359569340030888,-0.008682773467971331,0.039846295433926524,-0.051941864433202194,0.020833628182933484
GENE64,-0.004989976167269487,-0.009814372233821402,-0.002227698200390821,-0.0021780491547489325,0.001045215791415785,-0.00043516662323004056,0.0023241982709859737,-0.007317731296248711,-0.00018478019857381505,-0.000599515019920437,-0.003464342023107948,0.0038180202536941907,-0.009735516046090244,-0.014789886079985073,0.006853202603420809,-0.012136064586143972,0.0007757652565869664,-0.005859285902654341,0.0009820731671702728,0.006042642978087097,-0.006721762237943008,-0.0009933195436686326,-0.0016685580172854158,-0.0008634641083827166,0.006143599408547362,0.0016382798879229223,-0.0048724937780741315,-0.002328419409502304,-0.009598165597070808,0.0006296310927011952,0.017641059121530127,-0.0094200182107521,0.008944227240672543,-0.006742529468043743,0.0002859188410357116,-0.00043259717481154643,0.002342131991760519,0.008800186201889488,-0.0016476932615362002,-7.43793678009112e-05,-0.0014724983548499019,-0.005318480095487253,-0.007258192637150404,0.0013687867949492708,-0.002539738653901273,0.002700229680907303,-0.0036176264186018083,-0.0011840319708508484,0.001434660702969301,-0.0015259806757948436,0.0036970448407344474,0.004111343394147927,-0.004102857919248294,0.0008156763210142752,-0.002444357060879153,0.003922565419814139,0.0005982204707044649,-0.00713550944298318,-0.000773259820457237,0.0017413631906331775,0.00017280071054959683,-0.0007930033173327146,-0.04826074843517174,0.019357150531657184
GENE65,-0.00568107823929756,-0.01117364385338114,0.020715755841773997,0.020254060668202716,-0.0034470441657916337,0.001435147251000179,-0.008803920720541644,0.027719118024759216,0.011034192538736227,0.035800178865047654,0.013112719237028428,-0.014451410193924956,-0.010551282988262512,-0.016029173251351222,0.010668600196860011,-0.018892600806551696,0.006487348809495725,-0.048998367872655116,-0.003046969335598074,-0.01874783720366424,0.02521953483954744,0.003726858515902915,-0.03571939927635398,-0.018484475174736996,-0.05421594916532322,-0.014457469183068797,-0.048179843913191626,-0.023023709998170633,0.017690602845971286,-0.0011604877502674263,-0.06631564573323234,0.03541139940415774,0.017105481999572434,-0.012894821804478552,0.036631668196785185,-0.0554239661617658,-0.005132903138099065,-0.019286062241762103,0.1031806831387711,0.004657732212818942,-0.00047944298288878296,-0.0017316881564072228,-0.07168078802289801,0.013517926707414519,0.029158963799995045,-0.031001575455924458,0.03071846480516426,0.010054007853810235,-0.004791154284413197,0.005096124008718533,-0.03917027182529605,-0.043559774158410704,-0.002496198109969605,0.0004962613209953886,0.01361802820191482,-0.02185343842182825,0.00296891646133191,-0.03541291627870138,0.010657255094785644,-0.023999891426237305,-0.013615887069679342,0.06248494916684643,-0.05628623341561062,0.022576133367462854
GENE66,0.0009120126879721763,0.001793762475347624,-0.011747225473904877,-0.011485413288745895,0.0035346198437502334,-0.0014716086328193712,6.372156667866835e-05,-0.000200627161870154,0.0053238385538293635,0.01727306930766596,0.002990965400170993,-0.003296316125769844,-0.0007717985613210251,-0.0011724918067613649,-0.005446583470246803,0.009645138571527302,-0.001795295970442628,0.013559710597227976,-0.006255789693628751,-0.03849153497749338,0.05034598276414135,0.007439960958828884,0.024656949118203278,0.012759754449787145,0.01277075359634138,0.0034055066711208308,-0.04497643242061172,-0.02149289521714178,0.01538316433362488,-0.001009121844233858,-0.012201406494550754,0.00651533848300568,0.011090999237454035,-0.008360855239514544,-0.024956408341840503,0.037759217626315233,0.007096205252620341,0.026662855795306507,-0.015173092584569076,-0.0006849363655037373,0.0017674039867474846,0.006383642394732684,-0.02995613692962027,0.005649280297009245,0.018522861516489648,-0.019693357174894788,-0.008763375818280213,-0.002868211346552742,0.030093973013129254,-0.032009534505882016,0.04737496841080145,0.052683906150572626,-0.01395709879714676,0.002774767058220804,0.005973870823403116,-0.009586528698836394,0.0023623330805895453,-0.028177654944120688,0.008143835342051733,-0.01833972840699078,0.004206437077175669,-0.01930384745377194,-0.05195361331188316,0.02083834060079963
GENE67,-0.002537274796382485,-0.004990356361725367,-0.01367184158050562,-0.013367135186021542,-0.05494211676856584,0.022874678725338646,-0.015401491986377122,0.04849155139842088,0.01231715927405454,0.0399627343434882,0.0033809623324963433,-0.003726128244945971,0.005781312570446771,0.00878278602848572,0.013182416113732574,-0.023344217676832802,0.001603301707734792,-0.012109595027704046,0.005611714564980171,0.034528575613983196,0.0020839811596223053,0.0003079637662282796,0.03514658690903243,0.018188049809304174,0.05013051861294443,0.013368029871945394,-0.006706303130195277,-0.0032047421886142896,0.0001686318064229873,-1.1062095925109324e-05,-0.01185407411079023,0.006329869041647845,-0.004401440580947409,0.0033179884656694956,0.017350167889198728,-0.026250923458524797,0.0018836824307382324,0.00707763533141503,-0.04100538937294704,-0.001851045342709956,-0.002822770831399763,-0.010195495588485225,-0.015182323315278702,0.0028631595645782215,-0.015515082941911708,0.016495511220076895,0.021491495290965505,0.0070340644890933505,0.010475744818221895,-0.011142553862441965,-0.00891282731378832,-0.00991161732635167,-0.05796237219190374,0.0115233175111779,-0.019592505799637932,0.031440940837640416,-0.0030954677035327683,0.036922405886572515,0.005684003521856526,-0.01280024416959364,-0.0013171246297725816,0.006044443899728564,-0.05076364777460903,0.02036105123460954
GENE68,-0.004698450931905337,-0.009240995311866741,0.008247496727561972,0.008063683524594929,-0.009664373084088018,0.004023678780188799,-0.010288927577441112,0.03239465766676565,0.01677364031630277,0.05442168255025839,-0.04278888980699854,0.047157251456841805,-0.021847949624501917,-0.03319070961393998,-0.038454659138181406,0.06809783015990577,-0.0017509155434734494,0.013224509184318724,0.0019279930920577239,0.011862837015584526,0.03874927033073572,0.005726237578763021,0.05197357553437317,0.026895868524402386,0.02175168738818748,0.005800402924524766,0.045025379275896324,0.02151628545899161,0.033067370320095685,-0.002169189966233081,-0.005783284036293196,0.003088172913231646,0.004834719998307443,-0.0036446124613303886,-0.03691123235184976,0.05584694865295415,-0.007888279449527389,-0.02963894785289168,0.04078495943372488,0.0018410948016071198,-0.0016563847975261134,-0.005982654953117837,0.035572967988800774,-0.006708530797460078,0.00028270515047497006,-0.00030056983897925856,0.053594576536965324,0.017541250737688134,-0.02806995076819989,0.029856677857094616,-0.03456321818979126,-0.038436444486526604,0.014664556174061996,-0.002915414441540417,-0.021817925510652893,0.03501216802973606,0.005740197372740991,-0.06846845697129644,-0.028013205773245727,0.06308509002357279,0.010672187862744749,-0.04897595820897052,-0.05679592825454739,0.0227805694784297
GENE69,-0.0035021217824449274,-0.0068880342568643105,0.008968992026348,0.008769098748883451,0.004423446406744331,-0.0018416639431503559,-0.005603810869298461,0.017643581741041244,-0.018595214015333986,-0.060331735688477,-0.02870917258506546,0.0316401214618688,-0.006784560485855279,-0.01030688832656886,-0.01636433329365619,0.028978948566598384,0.0025705873116516056,-0.019415417059228814,0.009461142073260336,0.05821389446816016,-0.009453741158784305,-0.001397042251925663,0.02515223640591092,0.013016061267915876,-0.019279905485081662,-0.005141266429793338,-0.020079016298893852,-0.009595162847500676,-0.011537423181326861,0.0007568446586124423,-0.013014053721757325,0.006949277943582037,0.018244620796158375,-0.013753551876678306,0.003626464576049141,-0.00548686586890039,-0.01179473607086315,-0.0443168335477676,-0.026620695870346923,-0.001201698505098639,-0.013332712043627525,-0.04815609021859027,0.012696360332781794,-0.002394344051779522,-0.0011324625404563094,0.0012040250517742189,-0.019563754430729965,-0.006403124047511165,0.02917552498879822,-0.031032624819884287,0.019000858011685762,0.02113013377840651,0.022425666746698505,-0.004458376504441206,-0.0017701586705559708,0.002840650124253168,0.0002845977088538056,-0.003394650866069068,-0.004636671617689158,0.010441676999746128,-0.00880028562119204,0.04038557288848443,-0.05126584404804351,0.02056247970757228
GENE70,-0.006109463762357346,-0.012016199978291356,-0.0022457617624987956,-0.0021957101315249294,0.0009861729331917546,-0.00041058463599810555,0.002307922936263386,-0.007266488453612105,-0.00021084461424191763,-0.0006840804051677182,-0.003427998709065142,0.003777966613442673,-0.009635194649512492,-0.014637481007696598,0.006817783837258212,-0.012073342898403963,0.0007672641047626133,-0.00579507745993558,0.0009715460661202131,0.005977870295800035,-0.006587988137618221,-0.0009735508545086351,-0.0016507738120700767,-0.0008542609384956187,0.006096756125522803,0.001625788447098076,-0.004826931359071339,-0.002306646488779993,-0.009511688346194544,0.000623958262261636,0.017450496135238115,-0.009318260896250763,0.008873389015266821,-0.006689128675620897,0.00023357333174614555,-0.0003533980588990513,0.0023325018512499953,0.008764002489809583,-0.0016428160631266008,-7.41592036824971e-05,-0.001459886437925065,-0.005272927427187321,-0.007188379152567977,0.0013556210137991977,-0.0025447092008274593,0.0027055143263647486,-0.0035562465683236484,-0.001163942636937962,0.0014190818556992803,-0.0015094101934250324,0.003653798279428667,0.004063250533010535,-0.004089847694204013,0.0008130897989585383,-0.0024054774035269936,0.003860173553296506,0.0005951480701502127,-0.007098862179572581,-0.0007623133419371185,0.0017167119747576193,0.00017026070539312023,-0.0007813469270972556,-0.04788186045143954,0.019205180411558605
GENE71,0.00024377021296188587,0.0004794515102534217,-0.002197773766617126,-0.0021487916513421817,0.001253410333803506,-0.0005218466339320028,0.0022686585333583347,-0.007142864598645146,-0.00014257930225820343,-0.0004625952017225466,-0.0033623003486750822,0.0037055610400522085,-0.009852489687711406,-0.01496758871287557,0.006881158900746335,-0.01218557128389761,0.0007993170331744916,-0.006037170373981229,0.0009778908667446313,0.006016909510211127,-0.006923665069059827,-0.0010231560688194758,-0.00162431735649897,-0.0008405699552729713,0.006198335013765876,0.001652875930929572,-0.004840088579665898,-0.0023129339319667517,-0.009640768094115022,0.0006324257784663515,0.01772719714881081,-0.009466014416537273,0.008984580787964899,-0.006772949645711141,0.00032684765559532386,-0.0004945227530027167,0.0023320290670539277,0.008762226078841577,-0.0015832690514955108,-7.147116144615514e-05,-0.001499148005842831,-0.00541473530547829,-0.007301412891002507,0.001376937489716486,-0.0024467512934740906,0.002601366268253005,-0.003593966759878973,-0.0011762882767526362,0.0014518952031508066,-0.0015443121977913173,0.003697249807238138,0.004111571329625385,-0.004126712422528339,0.0008204187600307001,-0.0025208191406484036,0.004045267423883083,0.0006019189820198782,-0.00717962488822196,-0.0007620336274707266,0.0017160820642633946,0.0001798369741017276,-0.0008252935800331763,-0.048335536799689174,0.019387147779460462
GENE72,-0.0063418575840162765,-0.012473276203536957,-0.023583944139040646,-0.023058325220477557,-0.002180710560399157,0.0009079201238680435,-0.0037425578975555968,0.011783432333140385,-0.014791287376735678,-0.047989984937499244,0.018384929309482753,-0.02026186560048843,0.020869850583121487,0.03170481268475122,0.0023396756051061447,-0.004143238701279556,-0.002829390734927287,0.021370136269306148,-0.0017507883453471785,-0.010772505811975577,-0.04927846058726843,-0.007282206101687068,0.01532015948006971,0.00792804787648891,0.049426431503603915,0.013180274832290423,0.027574089737193577,0.013176834834013702,-0.021591370349377307,0.0014163746153894935,-0.001231013301739479,0.0006573396551862862,0.017491562716004005,-0.013185865461747076,0.012822473298228035,-0.019400490372794458,-5.2611565426848234e-05,-0.00019767953887817966,0.04064970650094656,0.0018349892795010748,-0.008138308549651033,-0.029394553745800273,-0.007763523205115021,0.0014640845974580156,0.046162770868263245,-0.049079886176453924,-0.03374123630580821,-0.011043346631006477,-0.013197810428599058,0.014037886195086988,0.008583137595399427,0.0095449818906983,-0.006262157411040438,0.0012449598838620097,-0.012951243168207251,0.020783419660032606,0.0009272686063954184,-0.011060360220246082,0.0024645528365499552,-0.00555011585678925,0.005477284428618859,-0.025135919337695396,-0.051367515015504316,0.020603259436142603
GENE73,-0.0010637070315721508,-0.002092117558408097,0.017371038801916542,0.016983887841264988,0.018103203428945204,-0.007537113360246149,-0.0035520636531939037,0.011183661775213636,0.012071439718255297,0.03916550300849158,0.0036166451383173818,-0.003985872150158005,-0.007340319150659874,-0.011151179199441115,0.0072935329506044816,-0.012915828127642583,-0.007172414711405741,0.05417260962602587,-0.0009231475600936153,-0.005680076910981843,0.015643486242932547,0.002311742079852553,-0.04342332594092667,-0.022471189511042964,0.06285063927644684,0.016760034537154293,0.028735871610216172,0.013732015730277804,-0.008896307732929334,0.0005835898435219407,-0.005318448732533996,0.0028399589598497427,0.029502996555900735,-0.02224058248086381,0.011598790279659857,-0.017549049541613022,-0.002333900620811221,-0.0087692581426235,-0.005041429243032083,-0.0002275777468194679,0.002865872203831404,0.010351172360958751,-0.01572796319187202,0.0029660591010347136,-0.015130655200768289,0.016086790742004028,-0.024823253103578934,-0.008124533020886502,0.01190746999710816,-0.012665412160232517,0.015772985335687464,0.01754053896002702,0.028468341354487954,-0.005659701700238385,0.010985547650222296,-0.01762898310567867,-0.0017093179358872491,0.020388560522215705,-0.020924953155120038,0.047122509441261555,-0.005703253620903971,0.02617291923501691,-0.052389582524282836,0.021013205722979857
GENE74,-0.0041506368900189414,-0.008163545091312011,0.0004690635029824157,0.00045860941397495746,-0.0001653183953978249,6.882889492682675e-05,-0.004714082698738748,0.014842275260376892,0.00037564134240511654,0.0012187595240861979,-0.021417735158016347,0.02360429370891179,0.015991782406526402,0.024294206787674376,0.0035648581822216438,-0.00631286591736049,-0.003127167669989774,0.023619218943395,0.003489454899348574,0.021470426898691605,-0.0016097780829231669,-0.00023788762144958658,0.021834667388345743,0.011299248460645287,0.011211563553504118,0.0029897260319931983,0.027835824492057328,0.013301910064711405,0.037777549956097334,-0.002478173544505767,0.03386315124957916,-0.01808233276964528,0.02657023197530689,-0.020029742899599603,-0.04129857683477964,0.06248503105902003,-0.01007992354376044,-0.037873699858917274,0.020293670111561538,0.0009160869856582871,0.004407339046442086,0.01591875801785996,-0.032384366300052696,0.006107208112309618,-0.020320421984532967,0.021604508986353483,0.012425417167348282,0.00406678011351556,-0.005799774110506745,0.0061689451716994215,-0.021391243050595577,-0.023788390348873045,-0.0067436256871221765,0.0013406790824910166,-0.012360654987133788,0.019835677280858402,0.004188363948392953,-0.04995835476712095,-0.0027402889266844315,0.00617106713989822,-0.001444127138147412,0.006627273739552866,-0.05203483041657093,0.020870916384892968
GENE75,-0.007048675056990788,-0.01386345714801564,0.01327091309476968,0.012975142253891953,0.010163662945498985,-0.004231553828372598,0.0051959459285744565,-0.01635942019654629,0.005782326243586825,0.01876062186242973,0.01526684343610662,-0.016825451142016532,-0.004081043219011226,-0.006199790952109672,-0.003830546093980331,0.006783362098992168,-0.0009114904753937444,0.006884406394238824,-0.00025576183357676596,-0.001573688702012893,0.022628857688594007,0.0033440169106387302,0.04646573458446778,0.02404560924324111,0.04180723792449698,0.011148506357041189,0.007895686411153298,0.003773112974264202,-0.008883576003867013,0.0005827546534641387,-0.024917147089019008,0.013305322414122236,-0.01044661950836923,0.007875095073201974,0.013909538386416995,-0.021045227334807168,-0.006882675535977297,-0.025860552051238272,-0.023139925051364314,-0.001044571241780987,-0.002548970890592423,-0.009206564408675727,-0.014577119805433154,0.002749027215942026,-0.02656543986369022,0.028244161695972592,0.03353181878671318,0.01097480527013319,-0.0004063769838978904,0.0004322439607037255,-0.0015188033964342303,-0.0016890036718337973,-0.10177087415310163,0.020232748452281686,-0.04119340255565446,0.06610483344490665,-0.006605527934262626,0.0787900268529996,0.012572750053492992,-0.028313541669907176,-0.005063690908208262,0.023237888752810302,-0.054323490901845004,0.021788886929606427
GENE76,-0.004111594541166005,-0.008086755918041234,0.021712210570379177,0.02122830726004491,-0.004732314798680115,0.0019702586469855982,0.008224056974729485,-0.02589341875750663,0.0032214488534116183,0.010451915240001832,-0.0032341814735849846,0.003564362377589879,-0.003296256109791775,-0.005007567356828198,-0.018059652941332084,0.031981122868011476,0.0008170942135259202,-0.006171439834153095,-0.0030515703555380027,-0.01877614703002201,0.0326751091903455,0.0048286183594927826,-0.029573072138930998,-0.015303804903422586,-0.0068584679752929775,-0.0018289099595673415,-0.03780226871011025,-0.018064576415453823,-0.02958295367796195,0.0019406153458409743,-0.03595825244066206,0.01920108030274001,-0.0285614703304558,0.021530820961039168,-0.022309702969950097,0.033754734178173915,0.0009647033014065893,0.0036247182958991067,-0.03176705076635027,-0.001434012754709217,-0.0009343477273731743,-0.003374747261293732,0.03418999762583034,-0.006447723229341178,0.021191070435395767,-0.02253017540681411,-0.06379901760139549,-0.020881115905307335,0.02823127110249134,-0.03002826666009976,-0.08342701062223827,-0.0927760153828981,-0.004887701244546198,0.0009717085621372431,-0.021576195910452716,0.03462425409282995,4.885038253319668e-05,-0.0005826821095664868,-0.028086623955077564,0.06325042606714287,0.015476502660928194,-0.07102353868681582,-0.05746013478498032,0.023046979474349156
GENE77,-0.003627125397598825,-0.007133893549287529,-0.002758675965866228,-0.002697192938714489,0.01717557035648641,-0.007150901292792003,-0.006901095137063117,0.021728077373302027,-0.0002758717055279868,-0.0008950592775191393,-0.018494572998084307,0.020382702925725003,0.0008146386044397175,0.0012375730365993827,0.003440401688381404,-0.006092470850292996,-0.0009636572795826825,0.007278417620933237,0.0004543486030284866,0.002795582332834591,0.020362679940823927,0.0030091287419413987,-0.0029213974218568702,-0.0015117974885875448,-0.05471939480552402,-0.014591720264911925,0.04189477412658,0.0200202626572882,0.038603421218234436,-0.0025323499618586263,0.015997141815914852,-0.008542195011523824,0.024665777541328728,-0.018594086157423147,0.03033547812429989,-0.045897787237811453,0.009767928244322373,0.03670142744266327,-0.001914869200371269,-8.644009408114593e-05,0.005086875277947702,0.018373157990215952,0.04002144547863531,-0.007547447253679293,-0.01488079849455064,0.015821145104383955,-0.05195872345391471,-0.017005843781352233,0.005307210776092333,-0.0056450288698400505,0.007251719259838307,0.008064362040366447,-0.04712078279273211,0.009367935109663357,-0.00045133579463194236,0.000724278056214304,0.002161837657671986,-0.0257861671004844,0.004447679734443019,-0.010016071659721487,0.0020902819684531972,-0.00959255624512628,-0.0514864752134465,0.02065097379063405
GENE78,-0.004483134968855726,-0.008817508117055338,-0.00221757309651854,-0.0021681497105931233,0.0010547732477244958,-0.0004391457881285116,0.002298942900060111,-0.007238214836517355,-0.0001852425159307356,-0.0006010149977404708,-0.0034199200245860705,0.003769063167778652,-0.009675107595266177,-0.01469811548439193,0.006812944580932234,-0.012064773251376209,0.0007730462909487,-0.005838749797306972,0.0009733254859285551,0.005988818969452273,-0.006679298885071687,-0.0009870444513931746,-0.0016478524476100447,-0.0008527491580644856,0.006107544055883875,0.0016286652051950106,-0.004829307615951305,-0.0023077820310491623,-0.009530943185073613,0.0006252213624989238,0.017508982769756244,-0.009349491740070902,0.008884697878749178,-0.006697653765964425,0.0002748227188405941,-0.0004158086655423195,0.002326027951391396,0.008739677846959188,-0.001627882887651902,-7.348509753847309e-05,-0.0014655695467551697,-0.00529345410627923,-0.007207734952780112,0.0013592712288128396,-0.002514058236163851,0.0026729264676077103,-0.0035771184945412923,-0.0011707739194075544,0.0014255126826880932,-0.0015162503596706117,0.003665520171380017,0.0040762860046148035,-0.004082412470631507,0.0008116116254685215,-0.0024324121322867437,0.00390339687664644,0.0005949113255613286,-0.007096038315575487,-0.0007642965188020505,0.0017211780430851594,0.00017227866391555629,-0.0007906075823193517,-0.047917960172879775,0.019219659833547068
GENE79,-0.00560951847539476,-0.011032898860546692,0.00692215158272744,0.00676787654681341,0.011838568749613277,-0.004928886483495589,-0.016931308676324256,0.05330817466559208,0.004364858839297157,0.01416168211846427,0.013465000149682849,-0.014839655826293595,-0.0406295597479168,-0.0617231338643793,-0.02343690065379145,0.04150347749700621,-0.0017843678280721126,0.01347717131102981,-0.003125551069674276,-0.01923134635501396,-0.01578059864849268,-0.0023320040925960484,0.02884848258534293,0.014928836178121305,0.003043301207065329,0.0008115404063438193,0.004406573615185315,0.0021057700640216793,-0.0035587584411086123,0.00023345137602303982,0.014675462610202104,-0.007836441343286434,0.021774177828508424,-0.01641427836085599,0.005492790580340403,-0.008310629961568108,0.0062689554454012225,0.02355459701031438,0.006347235418826543,0.0002865238140845678,-0.0038729761343179333,-0.013988705938319095,0.043231744051558614,-0.00815286164733505,-0.00013015752296993534,0.00013838243009151066,0.06845998123822129,0.02240662719983974,-0.0077040899515715,0.008194475785355692,0.0021399608127223406,0.002379769283342997,0.018075648506538245,-0.003593563014841019,-0.0048178983319265645,0.007731489681053076,0.0017808851100065122,-0.02124220607889593,-0.009830007141767216,0.022136948212582296,0.004992265790132764,-0.022910110265127348,-0.051963383313227945,0.020842259300630415
GENE80,-0.0038386653761196482,-0.007549954071811854,0.0033715066932595416,0.00329636541529536,-0.014652444371831443,0.006100419446130767,-0.014035790264954719,0.04419164361819859,-0.021249031567607664,-0.0689419844867509,-0.006549486144720605,0.007218129903180874,0.0015467910901349501,0.0023498357872681016,-0.014277355664692374,0.025283202685350555,-0.0013396035545560467,0.010117906358543404,0.006624475900331565,0.040760041227862975,-0.0048101534361726225,-0.0007108283880118498,0.0005766484890348046,0.000298410524702474,-0.041316205416572487,-0.011017565416958785,-0.017399515488573082,-0.008314709351059624,-0.02273802931118926,0.0014915944194009755,0.011903002438575155,-0.006355995916207954,-0.06399045544647249,0.048238659406976726,0.011586381469496056,-0.017530274926410846,-0.022726484592413967,-0.08539112946290278,-0.012491065226687794,-0.0005638655910090955,-0.017011653203528956,-0.061443966070510295,0.009077327232204141,-0.0017118484270145784,-0.0153690304176989,0.016340229352691173,-0.007941630947372628,-0.0025992581472868304,0.035000106574961165,-0.03722795652910262,0.03674161594420587,0.040858958035391274,-0.0014040055931216395,0.00027912595059888777,0.00507440222340098,-0.008143112561707579,0.0027219072623397727,-0.03246661711605577,-0.014903641118930184,0.03356265431658143,-0.007243793518513421,0.033242642764522025,-0.053995793915980285,0.02165744926877811
GENE81,-0.003800814147795972,-0.007475507615190956,0.02270680923327742,0.02220073915259641,0.006734888413900592,-0.002804012982752723,-0.012245161611215569,0.03855385466404482,-0.0124948476243117,-0.04053924002789592,0.0012767810674136747,-0.001407128956205447,0.011072921792528601,0.016821630318184646,-0.008660844119687218,0.015337145228216378,0.007572150325179312,-0.05719177712120728,-0.00971423787846836,-0.0597711792420902,-0.04745425629950519,-0.007012631292800004,0.007948692570058966,0.004113378541058819,0.005821114370356925,0.0015522845752263309,0.04580753007888612,0.021890051992881715,0.0024411767863019213,-0.00016013901738843095,0.00966346148974562,-0.005160120069052484,-0.06810155760530415,0.05133777872787343,0.015834452971964143,-0.02395763635425239,-0.011866020661909475,-0.044584673992592944,0.023928732316692545,0.0010801791956903655,0.014441772147771176,0.05216187675761954,0.06688569930901893,-0.012613644547889909,-0.006792121557049978,0.007221328933399712,0.13628703214759672,0.04460609930460874,0.036944542220285106,-0.03929616067935948,0.02432280059648665,0.027048464345828856,-0.00417829323854113,0.0008306733803637034,0.03891565537601704,-0.06244963410233971,0.0007005752656402136,-0.008356386429920428,-0.022178739511333978,0.04994600725127148,0.01379641634182593,-0.06331341978617118,-0.061950649856604596,0.02484810314160587
GENE82,0.0017906756177493727,0.003521932064103842,0.01821622185888537,0.017810234176022382,0.060630464061676353,-0.025242973295351873,-0.009883445543291245,0.031117998696485318,-0.002320423266590752,-0.007528558858744267,-0.02167897137243441,0.02389219979641531,0.012317099200553254,0.018711745032274907,0.0015968438536114779,-0.0028277874247799846,0.0002898635148069442,-0.002189313315569282,0.0005153597218106586,0.0031709804404511013,-0.010229087514689724,-0.001511620343379926,0.017321032363793825,0.008963482007417535,0.007380787054416459,0.0019681939176356494,0.0008493270284360736,0.0004058680478825978,-0.034400220480917267,0.002256623746643348,0.0036466696940972735,-0.00194725808072759,-0.02238796384399638,0.016876975716944197,-0.01551308340228955,0.023471401982961385,0.01664337934009285,0.06253483481578075,-0.029835496135259425,-0.0013468194550313292,-0.008276439970617439,-0.02989346718129685,-0.021313233167220755,0.0040193576521582305,0.0010663771599324428,-0.0011337636074762105,-0.004814897616633151,-0.0015758931561174053,-0.03633265714847163,0.038645327493880624,-0.008032735105475709,-0.008932900150131803,-0.02263790424725253,0.0045005707765903395,0.027687182601294266,-0.0444308185502396,4.366145749230384e-05,-0.0005207891696925499,-0.003491261144835678,0.00786223916679017,-0.006033544062000446,0.02768866193445258,-0.05143207641084015,0.020629154696548073
GENE83,-0.004084055216436093,-0.008032591093419365,-0.0022306103120508284,-0.00218089636373734,0.0010812298214022355,-0.00045016075549136,0.0023141821415676228,-0.007286195542768933,-0.00018155289457291282,-0.0005890441077917402,-0.003442502272408066,0.003793950860443874,-0.009764208091664091,-0.014833474122306602,0.006868990913359158,-0.012164023477804679,0.0007811018198681266,-0.00589959248990664,0.000981329041776865,0.006038064414866354,-0.006754421891660215,-0.000998145878069994,-0.0016590679400315265,-0.0008585530768155653,0.0061610552189816856,0.0016429347329510926,-0.004867665963174322,-0.002326112340795766,-0.009613009274094277,0.0006306048246596069,0.01766319146613138,-0.009431836497157356,0.00896032868603841,-0.00675466740538995,0.0002843249430113522,-0.00043018559612796256,0.0023437009513056183,0.008806081316335916,-0.0016364800569716573,-7.387318677438165e-05,-0.0014793857236192112,-0.0053433564110289345,-0.007270898710903394,0.001371182970807116,-0.002526578631206988,0.0026862380507740456,-0.0036081272688156473,-0.0011809229441738882,0.001438714906933454,-0.0015302929406336464,0.0036969978863782664,0.004111291177988684,-0.004115676432782533,0.0008182247295056897,-0.0024590372421934995,0.003946123341241359,0.0005998823061048282,-0.007155331636927788,-0.0007703327909543131,0.001734771588044445,0.00017424617744097963,-0.0007996367393615842,-0.04831660481483058,0.019379554252781872
GENE84,-0.005128377442034314,-0.010086582277045083,-0.017010969060666858,-0.01663184302862264,-0.05402478603938322,0.022492755950078103,-0.013307499350088892,0.041898621853652986,0.008934910542100123,0.028989107669404907,0.00014087360237387527,-0.00015525553293873354,0.019386904952705276,0.029451968887582544,-0.030618127561976707,0.054220427309926225,-0.0008775041054888339,0.006627710368767407,-9.429202098181096e-05,-0.0005801736953242309,-0.023386606991750884,-0.0034559945684888805,-0.012330178208588631,-0.006380758848529209,0.05091821176845397,0.01357807967641899,-0.02838988864682727,-0.013566680794205838,-0.01318271668998305,0.0008647744436526176,-0.009999259101309933,0.005339430143024903,-0.008781152211964351,0.006619596747644294,0.015225932314474794,-0.023036940410286727,0.006294935547587489,0.023652213087281417,-0.05885941887875322,-0.0026570032587478,-0.0029104611914312828,-0.010512222213585247,-0.02306707188164844,0.004350105455749815,-0.024287576260568426,0.02582235545982196,0.005592324688563515,0.001830341349949503,0.04463810414471128,-0.04747943830061546,-0.05518324270568436,-0.061367191943661324,-0.059094663319807124,0.011748424760734701,-0.022004834376385465,0.03531210876471,-0.0031309411822794744,0.037345529726307274,0.00948103441272849,-0.021351069716368413,0.0027424125350067586,-0.012585262125598231,-0.053677196220370475,0.021529661288836693
GENE85,-0.0030011863081186494,-0.005902785621327387,0.0399688791615828,0.03907808672596497,-0.03169367044817912,0.01319538765102041,-0.008162355999707839,0.025699153422417787,0.0006137771240737986,0.0019913854818088984,0.00996718183777541,-0.010984741655138698,0.0005237937348889824,0.000795730768840776,-0.006050282784876127,0.010714205735731296,0.0035887312067166477,-0.027105367234977727,0.004888386209977563,0.030077975443529248,-0.032016848121319434,-0.0047313427401605625,-0.01310553514703843,-0.006781999249283269,0.0020270461698932247,0.0005405412611066778,-0.02469287737037737,-0.01179998940262868,0.005064226110780815,-0.0003322087108798501,0.0029699532422516307,-0.0015859032858713442,-0.00931428986379626,0.007021498022207339,-0.02158176232516102,0.032653354971313,0.011118156081614115,0.041774692495592486,0.06461424389927882,0.002916784770766603,0.0023791374989542914,0.00859314741570737,0.009348734393749529,-0.0017630317666345041,-0.03347928985252385,0.035594911317595235,-0.034824917001985145,-0.011398030183701786,-0.00909525814580881,0.009674195538460526,0.02517458409274708,0.02799570047670222,0.019026977159463245,-0.003782693682041236,-0.011967328369895454,0.019204489058742127,-0.0027576991985310585,0.032893539481944595,0.004894681085520516,-0.011022708340350885,0.0024395435156875844,-0.011195359640394488,-0.05140054527016647,0.020616507709995357
GENE86,0.0022387802878707963,0.004403272151684266,0.0175184002212229,0.01712796499440303,-0.041062168512570114,0.017095881406377494,0.0027927754938427488,-0.008793045279230917,-0.007166888684167604,-0.023252802223483752,-0.000918016495092422,0.0010117377407058577,0.024890851359563114,0.037813389069357634,0.008289259645768711,-0.01467912102615691,-0.0018719105465516423,0.014138373668206606,-0.0012675361068744111,-0.007799080976568065,0.010843413905899196,0.0016024034429568334,0.026780305373966563,0.01385857264919537,0.008990046698802014,0.0023973263422161144,-0.019275060920857148,-0.009210976557717339,-0.02270666496295062,0.0014895369461634933,-0.019175657324041154,0.010239466913590844,-0.052561243611045354,0.03962284548328097,-0.0019770190391887087,0.0029912434165043737,0.019306144029045846,0.07253974707395167,0.04961558816325324,0.002239722748637029,0.012709253377625579,0.0459042354069619,0.04359401193125085,-0.00822117996220255,-0.050093401845863667,0.05325890137319629,-0.018719657623376313,-0.006126855165446479,-0.010813788612507789,0.01150211504411015,0.010059767118893646,0.011187085597457479,0.11110445430380046,-0.02208832826251561,-0.03454842567358817,0.055441351848775466,-0.0003147578321699842,0.0037543975736192008,0.02106236912940128,-0.04743196702988551,-0.0071796532397280675,0.032948295283604614,-0.0569833850921371,0.022855757500603358
GENE87,-0.0028738166060974842,-0.00565227266794977,-0.06406242362187205,-0.06263465472850356,0.049737419698894246,-0.02070774777448048,-0.003921949614284625,0.012348246616062743,0.0032072603956751745,0.010405881121691078,-0.001965156964455746,0.002165781854658548,-0.01288034873198697,-0.01956741579128452,0.013567986189523951,-0.024027008426365376,-0.003389228254292773,0.025598539200663052,0.009439812126554013,0.05808265246196675,0.01605694589478045,0.0023728417644532577,-0.016354753036180395,-0.00846344094835731,-0.025622053336722274,-0.006832492139777299,0.010485410133847737,0.005010664678959978,-0.03547659595162018,0.0023272330163965184,-0.008304868773625053,0.00443465522940064,0.005402772410953974,-0.00407283393073187,-0.01021253394242938,0.01545163416010514,-0.002276182966751668,-0.008552393292714289,0.017568227457496786,0.0007930563789813497,-0.0037311135850621366,-0.013476316133593009,-0.009738583494787813,0.0018365514881693475,-0.013106500916805144,0.01393472621052372,0.010411754275915201,0.003407717798592006,0.006270132640755974,-0.00666924327449804,-0.0028239338266187984,-0.0031403897393015973,0.01862324143379979,-0.0037024282480796577,0.009853893078044308,-0.015812968104005783,-0.0028230368545283193,0.03367288001638101,0.015231452949287625,-0.03430087895949657,0.01015300031251136,-0.046593343876288495,-0.051721925512235846,0.02074541175573283
GENE88,-0.003922002059231032,-0.007713862114930728,0.0029224533786085445,0.002857320219567849,0.005483571140638187,-0.002283037776611677,0.014199385040480732,-0.044706721279047665,-0.004229742739765774,-0.01372330110292602,-0.0014061949001059075,0.0015497547798218943,0.025145466405044233,0.03820019214164292,0.005369742489099361,-0.009509063926721104,-0.002110065466299269,0.01593713656984536,0.002134669300024963,0.013134504523217991,0.007531244470112302,0.001112942120755385,-0.015142636691065692,-0.00783618139349195,-0.0047953952212762855,-0.0012787616872818692,-0.053016308610764465,-0.025334912185001876,0.06532069465350382,-0.004284979242621633,0.02299140097186789,-0.012277007539834834,0.01986150926947683,-0.0149724294705218,0.021781133522593386,-0.03295500496554109,0.0010298745875967875,0.003869588975910581,-0.025149104056534883,-0.0011352686231990605,-0.011186863756339222,-0.040405554290126634,-0.01581599618692143,0.0029826608099135636,-0.012616639785325756,0.01341390980104414,0.02276462592009438,0.007450754106408925,-0.031601290593510425,0.03361279686274893,0.007283899359650279,0.008100148309260825,0.019308223065276568,-0.0038386072989075124,-0.0015648214422837885,0.00251113659944525,-0.001047113721364516,0.012489859863665407,-0.008504798005894569,0.019152607958443275,0.00818402230427574,-0.03755746614568698,-0.05140925044885618,0.020619999314658584
GENE89,0.000946916400250118,0.0018624117059561677,-0.03089283781638853,-0.030204324482542833,-0.06661986539487783,0.027736609130884136,0.014057424907281292,-0.04425976022477701,-0.003492191882961366,-0.011330334648610114,-0.0013744928057254687,0.001514816186108801,-0.008640435534576465,-0.013126274625079115,-0.00039883120178085796,0.0007062743514048399,-0.004874467580956766,0.036816419577357234,0.0016863682895887269,0.010376132699878228,-0.006937647467027253,-0.0010252223408290233,0.002720444989065178,0.0014078063708620415,-0.045117748915380465,-0.01203130212780238,0.02059909959713916,0.00984369513945496,0.013413832895733554,-0.0008799354603799152,0.02675076534334611,-0.014284442614805942,0.004925528733435112,-0.003713067852285691,-0.015668309581723317,0.023706260261053224,0.011933689029697565,0.04483892705716061,0.013516244030728384,0.0006101437139513559,-0.001186523395996783,-0.004285574271543205,-0.0054599437468617045,0.0010296638950606455,0.026247288821607543,-0.027905906070526423,0.01734255748182812,0.005676136819772365,0.010022649496406369,-0.010660617817248998,0.0006480423375601924,0.0007206633131141179,-0.010445811033834674,0.0020766989454144417,0.005128608865691168,-0.008230100303381128,-0.003890271240297356,0.04640273700132568,-0.014964134570673695,0.033698884167602014,-0.00855828234306105,0.03927499063594369,-0.051508293429726106,0.020659724970642397
GENE90,-0.0025551747198008516,-0.005025562243576452,0.0001358495403472367,0.00013282184116062036,0.02485884120868811,-0.010349765163367114,0.013405993713239792,-0.04220873106108675,-0.003583140748315208,-0.011625416108880212,0.0006598483535433303,-0.0007272129487764136,0.01760177253697342,0.026740052545257128,0.0029936084220023394,-0.005301262381608366,0.004100711588097425,-0.030972309464712442,0.008836083231525724,0.05436794128752478,-0.05406616814582207,-0.007989717512970868,-0.027295555097321098,-0.014125209852314077,0.005048230433029442,0.0013461838635719166,0.004206333642783237,0.0020100813552135343,-0.020324735527111566,0.001333284502062846,-0.03247309413857633,0.01734006649133305,0.003817672394331658,-0.002877919794017353,0.0016777050715971575,-0.0025383793229967334,0.004508094108142797,0.016938442285432603,-0.015820545420583598,-0.000714163366515733,0.01878920963102409,0.06786427781286336,0.007335958045042775,-0.0013834521901444853,0.0050184198140671744,-0.005335543526251964,0.04801921560664991,0.015716461545365337,0.011346038888032347,-0.012068244466528126,0.021129040957172027,0.02349680534215311,-0.022650709417965674,0.004503116532437669,-0.0005694943676414433,0.0009138922250927922,0.0025195929001829223,-0.03005343316078061,-0.011539413473883755,0.025986491646537317,0.0022302729854579554,-0.010234991918730871,-0.05040908820976634,0.02021883912452742
GENE91,-0.005642890576625066,-0.011098535691809967,-0.00226092563124471,-0.0022105360408419842,0.001027542734157118,-0.00042780859753566456,0.0023456253671552867,-0.007385194444373073,-0.0001984442675405223,-0.0006438477711675447,-0.0034920411414610386,0.0038485472034515073,-0.009802351797839564,-0.014891420826552468,0.006915807702075973,-0.012246929471463686,0.0007804763934208598,-0.0058948686996434085,0.0009891176598589883,0.006085987359852762,-0.006738775699066384,-0.000995833736054656,-0.0016816453474648584,-0.0008702366867212801,0.0061928678675140705,0.001651418037087045,-0.004910430374929759,-0.0023465481773309277,-0.009671105255684131,0.0006344158691763985,0.017762335863042895,-0.009484777877715435,0.009016048801775834,-0.006796671539700624,0.0002671777366611889,-0.00040424175487522484,0.002365081101969499,0.008886413811485007,-0.0016662558519390752,-7.521731122833435e-05,-0.0014833643640314853,-0.005357726763138393,-0.007311275909647248,0.0013787975078166127,-0.002573126236953297,0.0027357270902932454,-0.003634841076912861,-0.0011896662468785658,0.0014441942264943506,-0.0015361210334705997,0.00372166470555921,0.0041387222123588484,-0.004143385216134186,0.0008237334258604976,-0.0024543339542676726,0.003938575771832394,0.0006036564490142855,-0.007200349207687135,-0.0007779815291895517,0.0017519963692438085,0.00017354146453224306,-0.0007964027267662705,-0.04865375501681399,0.019514783552433895
GENE92,4.789418864056413e-05,9.419912628814159e-05,0.0635933922645077,0.06217607674371235,-0.003062639316904075,0.0012751035916738385,0.007448417787531145,-0.023451321099310765,0.01577371571636126,0.051177450640785986,-0.020806578328780856,0.022930743252102124,-0.0013697609503348855,-0.002080897234039901,0.020429150476865304,-0.03617717204268244,-0.0009004803716039882,0.006801248060742506,-0.010853114909411547,-0.06677862789661879,0.002018639134482611,0.0002983077402791031,0.03131767004028032,0.016206618983465957,-0.007056604893372788,-0.0018817460425146286,-0.006930053174852739,-0.0033116656595488093,0.06092464658444329,-0.003996602414643583,-0.05087140654331462,0.02716444476169512,-0.012780403756354827,0.009634398436217897,-0.009815629273970857,0.014851114664352868,0.0018187446167074767,0.006833641885692889,0.020498518926826588,0.0009253341712442364,-0.007612029764914579,-0.027493700524424094,-0.04256692305057236,0.008027486329725324,0.03682079519238804,-0.039147572881316234,0.02625971419108155,0.008594679922662345,0.06538429007790494,-0.0695461741950193,0.023872146310646002,0.02654730880107617,0.006475881658969992,-0.0012874497315953548,0.030446977079652677,-0.04885958002697415,0.001744865127939837,-0.02081256360633946,0.02783169994032016,-0.0626763430953334,0.006863688559056998,-0.031498295227847,-0.05786173456838054,0.02320805918638927
GENE93,-0.0029576127014436147,-0.005817084291071744,-0.0022395568632085096,-0.0021896435217605803,0.0011186002547427087,-0.00046571961464654727,0.0022873775300992984,-0.007201801303828918,-0.0001859245597492695,-0.0006032278729111339,-0.0033859590298505804,0.0037316350602561235,-0.009760761005398726,-0.014828237418578586,0.006872729962270031,-0.012170644811172299,0.0007858698872771952,-0.005935605278460448,0.0009745711155941257,0.005996483261282619,-0.006748937864392995,-0.000997335466860893,-0.0016334928701357153,-0.0008453182029330644,0.00616418962621887,0.001643770568101751,-0.004834787898383734,-0.0023104008945236823,-0.0095913648281962,0.0006291849683356163,0.017602218493963193,-0.009399277992351551,0.00894786232599357,-0.006745269746128856,0.00026075427585861577,-0.00039452301446049306,0.002339369818565289,0.008789807778075028,-0.0016130118632239668,-7.28137969867777e-05,-0.0014842415544816068,-0.005360895065455023,-0.007255350992178875,0.0013682509031222828,-0.0025023651462419793,0.002660494468582906,-0.003562799644768634,-0.0011660874277815913,0.0014375976698421577,-0.0015291045884273898,0.0036748778239701924,0.004086692295265508,-0.004126897429344855,0.0008204555406559193,-0.0024656724262858394,0.003956771107924577,0.000600703601168574,-0.007165127956127509,-0.000759952003441878,0.001711394295204837,0.00017549707324678498,-0.000805377251194457,-0.04819734120847409,0.019331718202657385
GENE94,-0.004884276822366332,-0.009606480917114314,-0.0023296112422942147,-0.002277690845322926,0.001078931773354444,-0.0004492039829117747,0.002374735615324501,-0.007476847973561465,-0.000212611167228602,-0.0006898119448953434,-0.0035167040140669068,0.003875727934018929,-0.010024921728150142,-0.01522954197991913,0.007085568412513281,-0.012547551978235707,0.0008030705398957386,-0.006065520276004525,0.001005183220793804,0.006184837885676125,-0.006876527166047717,-0.0010161901871574936,-0.0016950991842239122,-0.0008771989289934342,0.0063418270516951295,0.001691140164025482,-0.004992108649917091,-0.0023855797881399492,-0.009875067328598927,0.0006477955990362521,0.01811005990826058,-0.009670456459466195,0.00921563569921806,-0.006947128421131378,0.0002407773952338163,-0.00036429785655015716,0.0024180746216177777,0.00908552848223755,-0.0016838291064076641,-7.601059453421354e-05,-0.0015228280183752095,-0.0055002645523528826,-0.00746543847262805,0.001407870266150913,-0.0026144681765415912,0.002779681507481452,-0.0036694148898807283,-0.0012009820919027183,0.0014762350807326567,-0.0015702013733742551,0.003784688508385912,0.004208808593938732,-0.004255486587337077,0.0008460199480465209,-0.0025148629177221327,0.0040357092155275075,0.000618965617716032,-0.007382955325640374,-0.0007851243175343152,0.0017680817630183175,0.00017863108005759896,-0.0008197595867162024,-0.04968019474253847,0.01992648351413699
GENE95,-0.003222438153887399,-0.0063379476138911055,-0.002211042331504563,-0.0021617644977235946,0.0011085765598444661,-0.0004615463353132447,0.00229249362457494,-0.0072179093119650335,-0.0001726003549192564,-0.0005599978028834111,-0.003408158598597836,0.0037561010057473388,-0.009726078125180237,-0.01477554829096289,0.006832013543409277,-0.012098541720456138,0.0007801579554278768,-0.005892463565838673,0.0009751930363776588,0.006000309906161226,-0.006749782328767329,-0.0009974602589819554,-0.0016432555909585806,-0.0008503703251507965,0.006133173431476653,0.0016354996499205663,-0.00483510653043789,-0.0023105531592762254,-0.009564083805194823,0.000627395357586703,0.01757643028685224,-0.00938550753906218,0.008914206624651992,-0.006719898682541455,0.0002918036059133845,-0.0004415008645834126,0.002328056845204655,0.008747301090825608,-0.001617047851661542,-7.299598761378405e-05,-0.0014747522691113178,-0.005326620952213363,-0.007235778584562746,0.0013645598391853505,-0.0024967407681304172,0.0026545146750753517,-0.0035857768739577215,-0.0011736077659297082,0.001433146437687105,-0.0015243700234964447,0.0036764414954701323,0.004088431195054077,-0.004094045093998744,0.0008139242708534422,-0.002457164679751256,0.003943118359358826,0.0005968355947960424,-0.0071189907920746025,-0.0007645223008631162,0.001721686499052793,0.0001743367403206325,-0.0008000523433470224,-0.0480468155353682,0.01927134309021784
GENE96,-0.0049054043365071,-0.009648034880741004,-0.0022539762564045152,-0.002203741547766545,0.0010656297441411237,-0.0004436657972257081,0.002354587022362365,-0.007413410188956347,-0.00018438090133645138,-0.0005982195094000516,-0.0035105648169373046,0.003868961979957259,-0.009868805110597206,-0.014992374583977355,0.0069433566877778324,-0.012295714877223266,0.0007865576875213338,-0.005940800172457199,0.0009954148469979841,0.006124733611068257,-0.0068207105448126115,-0.0010079417935410968,-0.0016908892937155615,-0.0008750203476576172,0.006226049473395528,0.001660266393555232,-0.004937980040142457,-0.002359713340413371,-0.009727805656528128,0.0006381353648424131,0.017882270708647674,-0.009548820995643765,0.009064156080444814,-0.006832936801676301,0.0002946459146561675,-0.0004458012972782829,0.0023725450663110432,0.008914458463212978,-0.0016684116378802643,-7.531462666875155e-05,-0.0014925048489666467,-0.005390741052784716,-0.007356725164398415,0.0013873685588831387,-0.002570596317656971,0.002733037300474224,-0.003668750651931909,-0.0012007646899721003,0.0014543747760217196,-0.0015469496020761137,0.0037477387360420195,0.004167718153063481,-0.004156150373809182,0.0008262712268407997,-0.0024794800347293718,0.003978928773953715,0.0006060994127059619,-0.007229488615889412,-0.0007839359585503876,0.001765405606134003,0.00017527913432717143,-0.0008043771031876685,-0.04890629112905153,0.01961607455387428
GENE97,0.0006700464224978045,0.0013178590005034501,-0.03593535784010251,-0.035134461102273556,0.0021134242562617384,-0.0008799060486870045,0.004744908896078599,-0.014939331450390636,0.016741761531968897,0.054318252582268155,0.006556604644015591,-0.007225975137369541,0.013250132208113594,0.02012917907740895,0.002966090516809895,-0.005252532015090702,0.0008413053270907098,-0.006354304218953774,-0.0044789772041247755,-0.027558904016791556,-0.019176222661630157,-0.002833798053137842,-0.0006146441926222353,-0.0003180729673512757,-0.05032806082480298,-0.013420707367853254,0.02775275017907656,0.013262211328995199,0.038418614353365146,-0.0025202267965416364,-0.007074669155762329,0.003777750067227251,0.035616373415872093,-0.026849099518555016,0.014146127639873999,-0.02140318850401769,0.0009751392615726103,0.003663929746399747,-0.007736105090857739,-0.00034921949329252933,-0.0025831210999151706,-0.009329910698280043,0.10308016964726271,-0.019439381411856835,-0.030684994105089666,0.03262403858513338,-0.06398481277832495,-0.020941925785617203,-0.007793391867005083,0.008289462005429918,0.0059503581800278435,0.006617167724535849,-0.05407647702080653,0.010750774873974574,0.0174907115972661,-0.028068100842314543,0.0032180449192400953,-0.03838449373379464,0.009093732263509183,-0.020478874254429017,-0.003656790102025546,0.016781451143769572,-0.05476034084662316,0.0219641053092421
GENE98,-0.004433154182654808,-0.008719205034260604,-0.011732335214872049,-0.011470854891161003,0.003317789237365288,-0.0013813330709991276,0.00015820036926996627,-0.0004980933889064332,0.005238909627489689,0.01699751939831798,0.0028094894029245462,-0.003096313057820815,-0.0008155534100857049,-0.001238962780216996,-0.00531670190941921,0.009415136468573827,-0.0017925575726274751,0.013539027722379027,-0.006189897391511609,-0.03808610321333524,0.050072701156348,0.007399576316775635,0.024407051501451393,0.012630434629558988,0.012729653934974364,0.003394546850315407,-0.044767283303199006,-0.021392949093730518,0.015150857981916246,-0.0009938827549945213,-0.011899860777355801,0.006354318323854114,0.011124080855115117,-0.008385793535012677,-0.024815003435604575,0.037545271029719524,0.00709564021046977,0.026660732739836317,-0.015156218239901873,-0.000684174632044185,0.001755936433565852,0.0063422230253055,-0.02982082914157572,0.005623763267799912,0.018252284325646222,-0.019405681684910914,-0.008783696014076423,-0.0028748620502718905,0.029884246251304418,-0.03178645807737224,0.04709569723212964,0.052373339261321705,-0.01390413825897779,0.0027642381396516444,0.005965873920932244,-0.009573695723818169,0.0023519665486279565,-0.028054004065681332,0.008061040111500318,-0.018153275467075975,0.0041720282255041825,-0.019145941080387578,-0.052330875723611066,0.020989658711905203
GENE99,-0.0014407467661366074,-0.002833685890182578,-0.002713702146152604,-0.002653221457300935,-0.02022671352942931,0.008421218563603918,0.01494674905653633,-0.047059794645571515,0.013335656923011474,0.04326722607482596,-0.045685888557750055,0.05035000778156947,-0.018266462031060523,-0.02774982766653136,-0.008948909239661766,0.015847268320054033,0.004551438539530014,-0.03437660999255233,0.0036522630575382695,0.02247217667330094,0.04701577785128422,0.006947834414142371,0.002943488517934071,0.0015232294366414921,0.02157014994918151,0.005751993333428776,0.007622953529039361,0.003642782066674025,-0.016799504675663813,0.0011020325059829862,-0.020991260311156116,0.011208967275462492,-0.02597971217172256,0.019584584579044544,-0.0039836134266585,0.006027234538557934,-0.00027688711226161707,-0.0010403590204896371,0.01488675852313817,0.0006720108125713091,-0.005254735238951342,-0.018979447198265872,0.014144778303526858,-0.002667494061849098,0.016057469014967962,-0.017072171724388407,-0.029449008627087082,-0.009638520866897189,-0.014491431335273312,0.015413849516103433,-0.01146112406715585,-0.012745481527253587,-0.003284875988080054,0.0006530558975426889,-0.011499450744724578,0.018453665612130788,0.0014697942289569747,-0.017531547503902952,-0.01965915986913679,0.0442719723037475,0.008517856141339266,-0.039089469916895936,-0.05159423980815643,0.020694197643338418
GENE100,-0.0051650885640817925,-0.01015878635273952,-0.0006317000012044765,-0.0006176212080418829,0.0027373017003694843,-0.0011396520675394518,0.02433439356032481,-0.07661676525388761,0.009280032207815701,0.030108846818365672,-0.03932498077191145,0.04333970839536043,0.006876073389626876,0.010445911816974709,-0.011117995216794083,0.019688416617380897,0.007324224965930959,-0.05531921896005628,0.010666820203307763,0.0656323666654598,0.00011322594979345961,1.6732152194425636e-05,-0.02082616842982021,-0.010777359113671437,0.01971864849791796,0.005258263617614089,0.014753720705566254,0.0070503629594774134,-0.02645438861716373,0.0017353842714342154,-0.06318463922107731,0.03373949647818754,-0.02788713190126762,0.02102247668401027,-0.002410541931535135,0.0036471665370850902,0.0019835923821684845,0.0074530309876405946,0.0007062346292510442,3.18805001336267e-05,0.013405966093943998,0.048420674696561666,0.025663341369295732,-0.004839723128974609,0.021446721234409164,-0.022801981277223497,0.01907940853739431,0.006244599933547472,-0.0043307971381896775,0.004606463904662355,0.005623350012152221,0.006253514339537028,-0.020351073934370353,0.004045933210994011,-0.009204161193029732,0.014770315266947644,0.0031785282478632806,-0.03791314312715799,-0.028209109502091753,0.06352626067966412,0.009815607881477874,-0.045045009287835454,-0.055406688844400184,0.0222233523349191
GENE101,5.802729094200213e-05,0.00011412908878417045,-0.010130121834270197,-0.00990435028172368,-0.007086794142892768,0.0029505259124640543,0.0019432375461565874,-0.006118277594932742,-0.005442571692914741,-0.01765829619233049,-0.019035781782872945,0.020979164270482506,0.012727650078061568,0.019335440856886075,-0.005288506984848882,0.009365207195297504,-0.005155599465386371,0.03893978366622171,0.0012075693507846783,0.007430108776003521,-0.009960311220924995,-0.0014719014815663507,0.020681022882114774,0.010702247568471516,-0.04201844393490829,-0.011204827503011062,0.025050438516495025,0.011970857206801766,-0.01110208611452616,0.0007282869357535908,0.012664169654506757,-0.006762445947699854,-0.025104303327309233,0.01892466508335091,-0.03017776847686918,0.04565917145554577,0.02522340974753745,0.09477292620816136,-0.01417689382502336,-0.0006399664456349488,-0.007656478655743642,-0.027654244365004882,-0.0188496325316744,0.0035547593442122774,0.028442132938746135,-0.030239446657846662,0.015322159907556608,0.005014870275094503,-0.026548553088287272,0.02823843916487952,-0.010499057212034398,-0.011675603454381605,-0.02783737873455483,0.005534261999752911,0.03382115923180607,-0.054274275957456784,-0.004254390831629534,0.050745916329952685,-0.017004888471097202,0.03829461464437335,-0.014161992509655308,0.06499109294448267,-0.05368648931978086,0.021533388705631585
GENE102,-0.0008720280902905701,-0.0017151200706321808,0.010574184836906211,0.010338516385272303,0.039997593710199245,-0.016652654825103027,0.006029233094359502,-0.01898302234269184,-0.007633869247160686,-0.02476790970624422,-0.01088560862638446,0.01199693157664719,-0.009149533682162347,-0.013899680325473182,-0.015665889093439283,0.02774210144355906,-0.0011322584034850589,0.008551846896170221,-0.0099930459329413,-0.06148667009238437,-0.008187899233793986,-0.0012099803656554224,0.003089340598059183,0.0015987066061586102,-0.026900052733199644,-0.007173289214715663,0.07876292695705613,0.037638452962481604,0.0506724862870052,-0.0033240698535695738,-0.01814944954432377,0.009691489838837572,0.008961962455849848,-0.006755899008836891,-0.05052655451638213,0.07644702481860256,-0.022631991726346095,-0.08503608763815881,-0.023790214081354386,-0.0010739262728844822,0.006668177912087635,0.0240846255493427,-0.06526550289001269,0.012308099686459212,-0.0295769487665473,0.0314459737057702,0.01697748621512702,0.005556650725466143,-0.041369290563124536,0.04400255603294659,-0.002177588440886779,-0.002421613541974198,-0.028135085251678297,0.005593448099151813,-0.047486679459218285,0.07620392688519016,-0.0005682533492709762,0.006778064841136649,0.007782478783647421,-0.01752596181411813,-0.004158609408996353,0.019084360511816886,-0.05562361248537181,0.02231035934803751
GENE103,-0.002684370853465087,-0.005279667454592938,-0.03155664424756388,-0.030853336559710877,0.00028502367276287815,-0.00011866715967685717,-0.005585036328428944,0.017584470155332956,-0.008739856508092218,-0.02835625943140843,0.02339762721082463,-0.025786314972206528,0.028052561464454784,0.04261655841835823,-0.009355643407686734,0.01656753772082281,-0.005133120769594788,0.03877000407858689,-0.00855670307330015,-0.05264893031384898,0.007756979207889907,0.0011463004453704983,0.039677271618847224,0.02053263932479946,0.05344284800574869,0.014251310545951683,-0.012552450948079271,-0.00599844181553471,0.0031129478107169133,-0.00020420659674557628,-0.02906536999020153,0.015520401168874185,0.01898137988635206,-0.014308951436954757,-0.011991176724874068,0.018142732934491323,0.00459876731212212,0.01727913234105242,0.02547850715339832,0.001150138377582266,-0.004651756624580245,-0.0168015637745116,-0.029419534345844482,0.005548085059085087,0.06385899312571461,-0.06789436714917318,-0.03715910740574177,-0.01216199963336116,0.015027344679988069,-0.0159838751718163,0.05021556362422591,0.055842824386425786,-0.01550889112512982,0.00308327402628545,-0.004280615849070439,0.0068692892596594265,0.0025905268434691054,-0.03089952560819146,0.01084427714907998,-0.024421060757124424,0.009068399906548471,-0.04161598170472319,-0.054155724001909766,0.021721596445276662
GENE104,-0.005589940935083937,-0.010994393412505979,-0.0022200176260729174,-0.0021705397585487824,0.0010128201668546679,-0.00042167898300926544,0.002314812397892016,-0.007288179902918946,-0.00019061890355441,-0.0006184585612726184,-0.0034509383797283718,0.0038032482186135994,-0.009658787271145369,-0.014673322167489927,0.006808223780919632,-0.01205641337393401,0.0007682135844160642,-0.005802248795208845,0.0009758437250007659,0.006004313557997718,-0.006650143474605156,-0.0009827359623400184,-0.001661595483311413,-0.0008598610582474102,0.006098786808780305,0.0016263299582413458,-0.004843429416217496,-0.002314530418083514,-0.009530912395185224,0.00062521934270974,0.017513323751081257,-0.009351809748465542,0.008882529709457541,-0.006696019310024614,0.00027476362579812043,-0.00041571925736224837,0.0023289346990240344,0.00875059948608933,-0.0016441837195262294,-7.422094176248065e-05,-0.001460294778957382,-0.005274402303981171,-0.0072057952510610835,0.0013589054300207901,-0.0025350438428953805,0.0026952381956594452,-0.0035930768029852358,-0.0011759969980817831,0.0014232693757198953,-0.0015138642602421826,0.0036716583069650102,0.004083111992471833,-0.0040761099716015,0.0008103586453938586,-0.002419056669293811,0.003881964787963437,0.000594173964330365,-0.007087243150107069,-0.0007688434526079491,0.001731417632612978,0.000170875753339503,-0.0007841694563579904,-0.04794209828498685,0.019229341512442523
GENE105,-0.002053457316828763,-0.004038775697129123,-0.0021934592928476823,-0.0021445733349000945,0.0011438676309745326,-0.00047623946986016785,0.0022592208479378876,-0.007113150074360591,-0.00016634839034403455,-0.0005397134504701993,-0.0033505030568449557,0.003692559350598423,-0.009672913273165676,-0.014694781940105674,0.006788398950951833,-0.012021306369104109,0.0007796221511916211,-0.005888416684154538,0.0009654405340383124,0.005940303287764918,-0.006730185719954773,-0.000994564337669349,-0.0016167372658294544,-0.0008366473249756657,0.006098435855798445,0.0016262363715385765,-0.004785184049717623,-0.002286696695138159,-0.00949511062811608,0.0006228707787583887,0.01744420465026373,-0.009314901352890976,0.008852438634377862,-0.006673335409561165,0.0002885009145667987,-0.0004365038698396151,0.0023084637142131523,0.008673683036160135,-0.001588324753624374,-7.169938349264287e-05,-0.0014697291306429298,-0.005308478003616497,-0.007185519390964637,0.0013550817054458555,-0.0024571490799990725,0.002612421111139053,-0.0035422317235198945,-0.0011593556446966335,0.0014251209242882878,-0.001515833664805793,0.0036431465014198396,0.00405140509454844,-0.004071804648003252,0.0008095027175059054,-0.0024531901016269886,0.003936740182062996,0.000593370968441695,-0.007077665101499784,-0.0007540774836194119,0.001698165012742644,0.0001745436092143831,-0.0008010016896690162,-0.047675938772577225,0.019122586231718603
GENE106,-0.0002981553429436555,-0.0005864171332812269,0.017442485219155066,0.017053741921431192,0.018167941759788916,-0.007564066608616656,-0.0035682373874734636,0.011234584729159615,0.012116838797678267,0.03931279925676209,0.003626791615833518,-0.003997054491971224,-0.007328916135570459,-0.011133856101893713,0.0072629112397280034,-0.01286160135478317,-0.007188685263423062,0.05429549965655242,-0.0009266047585428326,-0.0057013488656908855,0.015643788147112293,0.0023117866942425655,-0.043507108984567895,-0.022514546499727697,0.06294492282870334,0.016785176613834767,0.028805444116795684,0.013765262355530859,-0.008880959399713614,0.0005825830065679414,-0.005363536853380569,0.002864035230811556,0.029522296714295924,-0.022255131740762497,0.011659872413119962,-0.017641467230040266,-0.0023551011364840078,-0.008848915688036389,-0.0050403089150089205,-0.00022752717351675505,0.002877851426645831,0.010394439817175643,-0.0157372163723857,0.0029678041127658163,-0.015132875787655046,0.016089151652096654,-0.024884775011888485,-0.008144668849719377,0.011927686649503116,-0.012686915656369358,0.015800089158592892,0.017570680093840312,0.02855811115230121,-0.005677548552325315,0.011004186252265385,-0.017658893275930804,-0.0017166595891800773,0.020476130973184157,-0.020967210989117767,0.047217673103840056,-0.0057144740205464705,0.026224411003251,-0.05228697521597669,0.020972050432667703
GENE107,-0.0021792269366892373,-0.004286141580981136,0.039622578846922434,0.03873950445862597,-0.03141170448443441,0.01307799354224754,-0.008083253437882056,0.025450099243386638,0.0006000677078697076,0.001946905602513797,0.00988083333285023,-0.010889577742776255,0.00034976319973239057,0.0005313491195045329,-0.005877744103048106,0.01040866382964087,0.0035800564095593143,-0.027039847264521827,0.004863780241814053,0.02992657625484081,-0.03188981531900021,-0.00471257025747463,-0.013015993282667086,-0.006735662121487078,0.0021252488395659503,0.0005667284272883307,-0.024568606104724267,-0.011740603872309036,0.004873867007136989,-0.00031972132365770694,0.0032082145972616273,-0.0017131306982194738,-0.009095481889985298,0.006856551496189461,-0.02144104114045083,0.03244044285009257,0.011074841333809924,0.04161194426137437,0.06412607611719354,0.002894748138184707,0.0023309397465034703,0.008419063155298796,0.009163549317089976,-0.0017281086252651397,-0.03325798165188436,0.03535961822116697,-0.03459039053832075,-0.011321270784344964,-0.009003445227807631,0.009576538483821641,0.0250344315329887,0.027839842128870758,0.018801254783860397,-0.0037378185241571282,-0.011926939270028117,0.019139674924582836,-0.00272570396218151,0.03251190374347864,0.0048539148822166695,-0.010930903795517291,0.0024255855206924207,-0.011131304716666034,-0.05178386546726118,0.020770255569230362
GENE108,-0.00022174500316306895,-0.00043613194313573805,-0.0022343246097124955,-0.002184527880287049,0.001236681941060176,-0.0005148819112001361,0.002275502694385718,-0.007164413419144613,-0.0001619559163504126,-0.0005254621716312943,-0.003360672439530289,0.0037037669359930477,-0.0098888426948871,-0.01502281504420182,0.006930416991407968,-0.012272800482310825,0.0008031863595365883,-0.006066395051438365,0.0009796616476533133,0.006027805029181872,-0.006907489510093233,-0.0010207656988119533,-0.001623782135359386,-0.0008402929830374901,0.006232966596506934,0.0016621109447575682,-0.0048532245917815246,-0.0023192112402541645,-0.009679737064963835,0.0006349821081575662,0.017773553247024412,-0.009490767765321113,0.009028983190164043,-0.006806422018139057,0.00029090865103815295,-0.00044014679169612563,0.0023489804166840008,0.008825918062744608,-0.0015911578424434147,-7.182727341014778e-05,-0.0015076303573120513,-0.0054453724992676025,-0.007328318430761245,0.0013820114729205571,-0.0024698091182200122,0.0026258811618072933,-0.003581076251784132,-0.0011720692745841646,0.0014565973996821695,-0.0015493137016491952,0.0037024961692562366,0.004117405609910213,-0.00416364345473941,0.0008277609027707304,-0.0025232748824904343,0.004049208258953257,0.0006063575645808149,-0.007232567823691367,-0.0007604649610971337,0.0017125494639535321,0.00018034157289059747,-0.0008276092447791205,-0.0485639044588138,0.01947874493237603
GENE109,0.0008282805037991151,0.001629076553836487,-0.03770735316743343,-0.03686696370259688,0.0045210066598385884,-0.0018822823171256169,-0.001975075699669173,0.006218519925927388,-0.011545411911658397,-0.037458818128916424,0.01936002286281314,-0.02133650745485168,-0.0060272635880321045,-0.009156426985381756,-0.007706800173215144,0.013647666655582038,0.013738733906092407,-0.10376743378587998,-0.007007475437583396,-0.043116616625450736,0.023694461252840453,0.0035014882416231686,0.0508503031291399,0.026314584927543037,0.0044448672529330035,0.001185288320530006,-0.017478910322761648,-0.00835264977363522,0.010425966346782263,-0.0006839340827163399,0.0057188706209687044,-0.003053777271723422,0.009804735964668868,-0.00739121663496622,0.026152364691679524,-0.03956870781683412,-0.006562708190473945,-0.024658325947468564,0.054393947207244435,0.0024554251084831905,0.015496009156982442,0.055969649126888316,-0.04997628584060625,0.009424781559130095,-0.01723297364546086,0.018321958779612152,-0.007180999718068428,-0.0023503071530948704,-1.0254497852168614e-06,1.0907223938321415e-06,-0.02238868834521884,-0.024897611442946253,0.008047944590049113,-0.0015999866347166766,0.03468869487927714,-0.055666447905527994,-0.0017809408025097324,0.021242870373088425,-0.013492712169316013,0.030385275028979135,-0.0014686681697394731,0.006739895495571842,-0.054619149843195,0.02190747428722731
GENE110,-0.0025655859777035045,-0.005046039287364613,0.011985926643844354,0.011718794489724113,0.024293886392837697,-0.010114551075031961,-0.0032418969841151997,0.010207102946432798,0.005418433605646984,0.01757998073439052,0.0007946324394759053,-0.0008757572802933101,0.004926811214665017,0.00748465476894311,-0.006260349130661529,0.011086203892993116,-0.0023629695973549436,0.017847298951096064,-0.0006548623138315307,-0.004029332329374049,0.045167620305804984,0.006674719872937485,0.04278594950894874,0.022141352809628034,-0.014625242812939754,-0.0039000331178979364,0.049152340574140245,0.023488437138761063,0.034219602598474994,-0.0022447753748344066,-0.02389643109301295,0.012760277856186664,0.004794002288078427,-0.003613917762539159,0.04020411931716837,-0.06082910930040265,0.0002828745403600129,0.0010628558235411356,-0.02221675415278499,-0.0010028979100923012,0.003367790846202246,0.012164039791483255,0.02814579607676004,-0.005307877033465141,-0.03632705308072426,0.03862263024496347,-0.011865657929017639,-0.003883573569370963,0.003190646447195675,-0.003393739587092164,0.0019908730638626857,0.0022139744504903543,-0.1352209640696412,0.026882855967025235,-0.03741592242261884,0.060042947814109515,-0.004813175470065914,0.05741103940649892,0.016543965491419985,-0.03725662677885579,-0.003058955777767423,0.014037917272615486,-0.05737309602667832,0.0230120686534208
GENE111,-0.006959143358308145,-0.013687364640127247,-0.001430620915862717,-0.0013987364518295415,0.05227493904879982,-0.021764222175219797,-0.010717681136721911,0.0337445869642331,-0.007959579942960874,-0.025824670418631967,0.028594849220943276,-0.03151412670823625,0.00831062504288964,0.012625237024510056,0.03429675505986323,-0.060734762794542214,0.009763405042392544,-0.07374212887345762,-0.008013500124238312,-0.04930663200496844,0.011508699565354823,0.0017007171327702232,0.039395985961310505,0.020387076469345566,-0.013498164582896748,-0.003599481360920902,-0.030758042071362356,-0.014698350663786497,0.011361646551103876,-0.0007453138686254289,0.03218150085512053,-0.017184360758396147,-0.005393036736878808,0.004065494775814787,-0.011711643882333802,0.01771979781936513,-0.007826637251938086,-0.02940733715862647,-0.010486236195540573,-0.0004733645740007723,0.013746611151878108,0.049651042088335824,0.03177470832260219,-0.005992235717571698,0.01779453540535486,-0.01891900671972397,-0.027232434616408063,-0.008913046704914846,0.024010728571441386,-0.02553907536182125,-0.03156052159386797,-0.035097259449261654,0.01583258883100253,-0.0031476273524408097,0.0017577769808677056,-0.002820780691678753,-0.0046455878325415405,0.05541207208819429,-0.02545226671092855,0.05731791462069763,0.004920578171243464,-0.02258112712952449,-0.054183058156935346,0.021732560041380314
GENE112,-0.0033890971526191246,-0.006665735441896776,-0.00275228072917061,-0.002690940233623259,0.017271373410166154,-0.007190788071873735,-0.006976683891316331,0.021966068339713218,-0.0002778784269879554,-0.0009015700382247407,-0.018549187490255845,0.020442893067421558,0.0009396967885657546,0.0014275574491192215,0.0033797993330447243,-0.005985152543656155,-0.000977830992712373,0.00738547041406096,0.00044340451556746594,0.002728243955757787,0.020571682486362597,0.0030400144391456484,-0.0029123263562503172,-0.0015071032918650444,-0.05511983671375175,-0.014698503907676496,0.04221219628619807,0.020171949237327978,0.03895604617691136,-0.0025554818442792985,0.015861493088303886,-0.008469760954387142,0.024701683868564295,-0.01862115383615725,0.030504765984500432,-0.046153920935707735,0.009797349318677295,0.03681197242197856,-0.0019012632359398716,-8.582590025250258e-05,0.005134020735932059,0.018543441494476946,0.04035283410364004,-0.007609942202019637,-0.014934596895434079,0.015878343130892588,-0.05221260924615482,-0.01708893939714368,0.005321004443227518,-0.005659700540607272,0.007244188222116051,0.008055987058854365,-0.04735618892860263,0.009414735465568988,-0.00042483901121246264,0.0006817575226797415,0.002167782298139559,-0.025857074132705483,0.004486338039836787,-0.010103129267325029,0.002100897440940107,-0.009641271929630097,-0.05118082379680263,0.020528378499967633
GENE113,-0.004563856534721057,-0.008976272701923659,-0.013558324503250466,-0.013256148080981113,-0.054307282886649516,0.02261037108764851,-0.015122146051349442,0.047612031558504256,0.012153644711989663,0.03943221518239759,0.0031914113398096035,-0.003517225796989441,0.005491113741222464,0.008341925204626635,0.01318076007356873,-0.02334128506101085,0.0015942344057197355,-0.012041110503009468,0.00557219393761922,0.03428540733549313,0.0019319205838041328,0.00028549276287605593,0.03464227947999014,0.01792707514731599,0.04964797551768677,0.013239352756878826,-0.006774196761422447,-0.0032371865294243828,-7.760846351946365e-05,5.091045908387305e-06,-0.011245620403907699,0.0060049653632605355,-0.004124846051078264,0.00310948003691873,0.017149509223003453,-0.02594732551519535,0.0019238056522672606,0.007228391916320303,-0.04056878447842121,-0.00183133633691889,-0.0028151755289387093,-0.010168062304892554,-0.015175865842679218,0.0028619417816307517,-0.015423281224407642,0.016397908373428853,0.021098839512123588,0.0069055501147794,0.010378596545997014,-0.011039221844080276,-0.00869529037280147,-0.009669702742180241,-0.05733332301877154,0.011398258217052622,-0.019389076624190073,0.031114489247664398,-0.003043627816623371,0.03630406529028763,0.005584725919017539,-0.012576673309367301,-0.001298928983814044,0.005960941884255147,-0.05140042220605831,0.020616458349582725
GENE114,-0.00030359663498278033,-0.0005971191614502398,-0.009466364210001355,-0.009255385923695531,-0.015255170968182461,0.006351359491065965,-0.004581800297711739,0.014425784516871203,-0.010517951853410815,-0.034125248070862306,0.016378232835766036,-0.018050303425459425,-0.01308662401652955,-0.01988078263748544,-0.006936160901497015,0.012282972144794535,0.002023864362513393,-0.015286067308977632,-3.205402316857783e-06,-1.9722666754164428e-05,0.046886789632654836,0.006928772966573624,0.01998991616495031,0.010344605916727102,-0.06526847771719121,-0.017404786225262876,0.027433789138590587,0.013109789363700455,0.03383628464251961,-0.0022196300591983647,-0.030979311821424826,0.016542412760139753,0.037312716959903576,-0.028127873640209244,0.04798963697570111,-0.07260865111488667,0.0072225731473149115,0.02713766293989988,0.035374816927201305,0.0015968727799819406,0.01098084042968759,0.039661423773168406,-0.012425347722407007,0.002343235118620854,-0.03248088262602659,0.03453341279589481,-0.05412352980087647,-0.017714374632499315,-0.009653257084051086,0.010267712594521623,-0.015393891248760058,-0.01711896279928553,-0.049975074810803884,0.009935387957951817,0.0243289249925641,-0.03904167742284007,0.003723430855139689,-0.044412682828886045,0.0009494384487214136,-0.0021381133774642583,-7.455013945574724e-05,0.00034211958798169393,-0.054395983511645624,0.021817963361403018
GENE115,-0.005391440200681555,-0.010603978702934749,-0.002202521441294124,-0.0021534335138778957,0.0010062206456348474,-0.00041893132899585437,0.0022858226501677958,-0.007196905769020772,-0.000191984759998087,-0.0006228900504655012,-0.0034031331714535545,0.003750562527591219,-0.009558287454013466,-0.014520646044375005,0.006741723893823032,-0.011938651362291039,0.000761256419686961,-0.005749701949531548,0.0009642827543186842,0.005933179531891265,-0.006574750178371008,-0.0009715945931633115,-0.0016389069793681344,-0.0008481199568742667,0.006037878036060632,0.0016100877505860292,-0.0047867625301158895,-0.0022874510038277643,-0.009428903002898588,0.0006185276176627351,0.017318627806420614,-0.0092478455062039,0.008789945663157205,-0.006626225615873819,0.0002626423290056061,-0.00039737965186964686,0.0023051966863454998,0.008661407701694223,-0.0016232146632183878,-7.327436682164334e-05,-0.0014464713681500798,-0.005224473871132171,-0.0071284676075099055,0.001344322590646195,-0.002506346794728775,0.002664727725184517,-0.003544193164867064,-0.0011599976151477698,0.0014082615890687023,-0.0014979011880197576,0.003628557394818574,0.004035181102242276,-0.004038922149864912,0.0008029654511332605,-0.0023943176645137166,0.0038422650377820467,0.0005884780124585612,-0.007019302448712881,-0.0007584242998546328,0.0017079539421402464,0.0001693135537807296,-0.0007770003340291517,-0.04743154408972826,0.019024560717849942
GENE116,-0.005145446099115327,-0.01012015320975277,0.007397453466097539,0.007232585305451945,0.0011620560301352665,-0.0004838120537319468,-0.009152168425837215,0.02881557488203427,-0.004257719654551063,-0.013814071546696706,0.021624964933129584,-0.02383267978432635,-0.007315768565000032,-0.011113882731191996,-0.002660755512479261,0.004711826370240764,0.006896946850463639,-0.052092025402199614,0.005253983633353438,0.03232747657747365,0.07664729008699177,0.011326680194500532,-0.0943901599828313,-0.048846078161708946,0.03261401764578694,0.008697000832950557,-0.011641372940109924,-0.005563064816827222,0.03046581425284698,-0.0019985302112221145,0.02487150701153161,-0.013280951407930787,0.0004267498530398298,-0.0003217017392537446,-0.002402298816705385,0.0036346946476001583,-0.0025710579706121704,-0.009660338937701216,0.013331796837942032,0.0006018174884886501,0.0003464424251860958,0.0012513067580192652,0.029876122465631122,-0.00563419076340499,0.04716409014149697,-0.050144480762787415,0.02640680797980949,0.00864282302214645,-0.015917066810741686,0.016930230484641536,-0.01344189126413877,-0.014948217626349616,-0.005429343825529274,0.0010793908256859176,0.0003110591815998396,-0.0004991701125773146,0.0011521409385448528,-0.0137426132157521,0.022982268160975712,-0.05175553514356131,-0.011425133132308697,0.052431314929638914,-0.055239618248298226,0.022156341134658964
GENE117,0.0010207338403906009,0.002007597135826251,-0.009392489925212091,-0.009183158086228728,-0.03268605183759124,0.01360855712447587,0.004216212449396808,-0.013274732271225699,-0.011137140816577303,-0.03613419213766069,0.033122098487260256,-0.0365035674958442,-0.023907826606911327,-0.03632000915639812,-0.004554114699749921,0.008064701035002184,0.003872962561711862,-0.02925214134902269,0.00044362537453397155,0.0027296028890109016,0.023257650085281592,0.0034369377481260665,0.022842135229591914,0.011820604213489414,-0.008716126518049375,-0.002324281553130969,-0.017584040613981392,-0.008402888403328328,-0.011802055991042873,0.0007742043346323003,-0.03301391185504746,0.017628853729262723,0.02325795047049866,-0.017532807719883328,0.02092355098315635,-0.03165747667959644,-1.1177127062667038e-06,-4.199626648025298e-06,0.03832480544787508,0.001730039726954387,0.005227290633407304,0.018880320711745086,-0.06061206810782655,0.011430531344113178,-0.022011335229532813,0.02340227432924542,-0.008632767008882852,-0.002825463702627146,-0.014380314247112927,0.015295659529486983,-0.020411352660873315,-0.02269869139894896,-0.009567079910524107,0.0019020011654935858,0.0242130921491744,-0.03885579545279925,0.0023518665840138783,-0.028052811698511204,-0.004202306546266733,0.009463496927976425,-0.002035365016615345,0.00934053572480236,-0.050796499535968216,0.020374227915669882
GENE118,-0.00500402571056234,-0.009842005120827113,-0.0022884241381799873,-0.0022374216844074954,0.0010586151565720244,-0.00044074533390046493,0.0023482414187522547,-0.007393431074992198,-0.00020455937109421508,-0.0006636880812067172,-0.003484204678647365,0.0038399107081111667,-0.009883862167309408,-0.01501524878524404,0.006979321914456752,-0.01235940427021054,0.0007902973094764169,-0.0059690452040780575,0.0009930515580461802,0.0061101924222167385,-0.006789261319790423,-0.001003294332244202,-0.001678958168404994,-0.0008688460951763944,0.006248788981557521,0.0016663302132162634,-0.004930766458244521,-0.002356266184835922,-0.009740043939036137,0.000638938185247039,0.017873116194059357,-0.009543932644352698,0.009085979109957733,-0.006849387906463049,0.0002511024290999351,-0.000379919703869282,0.0023831986302699235,0.008954487525145296,-0.0016655241285815931,-7.518428012843254e-05,-0.0014994184897625434,-0.005415712259604207,-0.007363698018609461,0.001388683535109913,-0.0025806774393327568,0.002743755467843129,-0.0036344310825032634,-0.0011895320576526334,0.0014557545838641479,-0.0015484172383607732,0.0037384741876946817,0.004157415400111202,-0.004187859581769641,0.000832575235071287,-0.0024789987591007164,0.003978156450151854,0.000609531046228326,-0.007270420771512255,-0.0007775589707676419,0.0017510447774730527,0.00017581734262357663,-0.0008068470060202537,-0.04899667717599312,0.019652327955931657
GENE119,-0.004356086121970634,-0.00856762622716042,-0.021560082928382122,-0.021079570109740032,0.016614768137467324,-0.0069174161025041285,-0.013949481616328805,0.0439199010964555,0.0038744906890919037,0.01257069415759309,0.011036540631782447,-0.012163272385289836,-0.002477785835223513,-0.0037641733689378343,0.0006602330007392347,-0.0011691804259334416,-0.000599559252589276,0.004528417645255781,0.01297707536220287,0.07984724146313571,-0.00867859193625918,-0.0012824932921829625,-0.027030707218774572,-0.013988153403010328,-0.02902613960105138,-0.007740241114400081,-0.00897014884596883,-0.0042865665161158995,-0.020281522365338898,0.0013304497572367898,-0.022454932656381564,0.011990542806252514,-0.012497863983675877,0.009421408236851983,-0.03114430852444738,0.04712155320139153,0.0062709136084731975,0.023561954494740467,0.08124008977366841,0.0036673006186829444,0.00012190468097603331,0.00044030447788318217,0.00666369867790217,-0.0012566741077030767,-0.04277286325046628,0.04547576370068157,-0.020073759500960343,-0.006570046288388558,-0.004106735550788734,0.004368140200768599,0.01802444912288205,0.020044306473652733,0.04058582544757955,-0.00806874072609224,0.0004456615474312111,-0.0007151723464928129,-0.006006444327738108,0.07164422201877277,0.020323642263554268,-0.045768371252520146,0.012080984279725588,-0.05544109500475946,-0.05308625417456723,0.021292637319937868
GENE120,0.0008027370951225135,0.001578837331750199,-0.002173042748186214,-0.002124611816847512,0.0012470793461861307,-0.0005192107815790329,0.002209273592514406,-0.006955891290229791,-0.00014929010358887254,-0.00048436823922594325,-0.0032594022587278415,0.0035921579785575582,-0.009669545135303294,-0.014689665172278429,0.006765589003900003,-0.01198091313886611,0.0007880400423345328,-0.005951996266360543,0.0009549709969230056,0.0058758847932489635,-0.006778717042554422,-0.001001736134217909,-0.0015758142199237134,-0.000815470008406962,0.0060907176855169755,0.0016241782094901028,-0.00472852381674833,-0.002259620460215852,-0.009451175222993727,0.0006199886554134956,0.0173562157686526,-0.009267916823140782,0.008815642820718016,-0.006645597199067816,0.00029285394280466315,-0.00044309003153065595,0.0022893501777354686,0.008601866981141888,-0.00153983751678302,-6.951059623056377e-05,-0.0014757920417485721,-0.005330376481078181,-0.007157467468203115,0.001349791531518486,-0.002391142073883002,0.0025422429938793626,-0.003489846591626437,-0.0011422102394551812,0.001424317661872322,-0.0015149792725987561,0.003612299628405951,0.004017101456627038,-0.004065733345590211,0.0008082957009058906,-0.0024764817664439786,0.0039741173232520875,0.000592172459725349,-0.007063369418416745,-0.000739864036758042,0.0016661566598946038,0.000177287914800041,-0.0008135956392325503,-0.04738947027909413,0.01900768511785836
GENE121,-0.002742886746290315,-0.005394757534090349,0.001777775554255312,0.001738154002458631,-0.009408184097650206,0.003917016694662622,0.010535120887165421,-0.03316979656519205,0.0032387367991827958,0.010508005574539493,0.0201400358545445,-0.022196152772986224,0.02986616343552039,0.045371724802914605,0.0077583657573478395,-0.013738982102634021,0.0030798694169967508,-0.02326197945035172,-0.0018099246085145869,-0.01113636803459173,0.045062797038170024,0.006659229441011487,0.02285115800261539,0.011825273419224985,-0.015266682807760518,-0.004071082395844158,0.03425531214503216,0.016369591693677875,-0.05760814432435817,0.0037790428277780586,0.017776007413826744,-0.009492078247635002,-0.0009975098151487581,0.0007519642717404722,0.00950091534885918,-0.014374950329101379,0.010052077940267818,0.037769074459280655,-0.013427934598828701,-0.0006061572925285554,-0.00333815540467106,-0.012057000279090124,-0.0024517639511055433,0.0004623660859362665,-0.016820438453621588,0.01788335468634896,0.012421868376661543,0.00406561861115301,0.009066531471558531,-0.00964364033492399,0.0006360780888756558,0.0007073583257767378,0.0636596306412139,-0.012655971603341046,-0.02114003763842362,0.03392433206310184,0.002226617361071698,-0.026558852436338265,0.006444407250551706,-0.014512655739597495,-0.004057644396309405,0.018621019882365742,-0.0511146515547103,0.020501837136795407
GENE122,-0.002326678563242379,-0.004576152014090464,-0.012248209310606627,-0.011975231623150326,0.05267388816390838,-0.021930321214947444,-0.009579423835745797,0.030160787260689218,0.010506557115027237,0.034088278109461884,-0.007800168549710612,0.00859649575774288,0.010133370669036327,0.015394294158808915,0.0029577808058581043,-0.005237816677654964,0.003216459113253714,-0.024293629263145787,-0.008473646686553312,-0.05213788886709938,0.0178752956187047,0.0026415514054760865,-0.012043142177057866,-0.0062322202250757516,0.07304404896307048,0.019478255073428305,0.0271158242235108,0.012957843417016666,0.01383847269339559,-0.0009077914519339628,0.030114649184066887,-0.016080697976807407,0.015862092148455156,-0.011957502963414126,0.017977322129480895,-0.02719981214153347,-0.009091201335909443,-0.03415873436523576,0.014180094883848766,0.0006401109462751529,0.01365807480718951,0.049331259872340626,-0.008147293289178051,0.0015364579071272964,-0.011201510867944887,0.011909356134013114,-0.02290767845759353,-0.007497574523531639,0.024923205557548584,-0.026509633937117687,0.011531395833613706,0.012823628094381473,0.04507663281006069,-0.008961544059745735,0.02317525490228485,-0.037190333167769096,-0.0057190344370992375,0.06821602775079583,-0.029901983726787172,0.06733857419093967,-0.005115622452581792,0.02347620887794823,-0.05405840747214163,0.02168256326040134
GENE123,0.00445600409093111,0.00876414663274021,0.0003464008639038353,0.00033868057562641974,-0.038903422134365505,0.016197105881238558,-0.00735883863724048,0.023169281412869946,0.007396439706528715,0.023997575131002095,0.005923374689351137,-0.006528098087115712,0.018055005370598447,0.02742858943896577,-0.014109709648597646,0.024986325006888563,0.0005341489728356045,-0.004034379626928973,-0.003611134768292811,-0.022219116538355406,-0.00655440169486255,-0.0009685875623224127,-0.017226600522605676,-0.008914614359598316,0.019031542990234355,0.005075036968338512,0.029066861464288947,0.013890185906715284,0.04422301327472266,-0.0029009901828756495,0.02441908342302883,-0.013039365094246828,-0.003964545665485312,0.0029886389575823355,-0.016266285890335134,0.02461100253257461,0.007850067001622007,0.029495370694148097,0.08312762673232794,0.0037525068940040796,0.015854904854096692,0.05726593554730072,0.007772169013599032,-0.0014657150678912903,-0.012233092675036032,0.013006125602600383,-0.030081968509158345,-0.009845685634598709,0.021139439687073453,-0.022485021296563077,0.026804977956225575,0.02980879967599048,0.05511562941420651,-0.010957365503702772,0.019143580815272225,-0.030720531512855326,-0.011932835054593817,0.14233357329505666,-0.034667998159899474,0.07807152821270666,-0.010237285080095198,0.04698013684769354,-0.05946446918339022,0.02385090821403702
GENE124,-0.006046612664935247,-0.011892583342714869,-0.002291430234669204,-0.0022403607835710564,0.0010135074589385064,-0.0004219651311690563,0.002352514119393455,-0.007406883660166162,-0.0002142852336811144,-0.000695243414232267,-0.0034929359938449677,0.003849533412233183,-0.009835467580282415,-0.014941729269110682,0.006958376506932716,-0.012322312879045783,0.0007838172201755044,-0.005920101666627283,0.0009910255839577155,0.006097726713439947,-0.006727913992819646,-0.0009942286294307456,-0.001682249099207433,-0.00087054912294147,0.0062232357696711165,0.0016595160786476762,-0.004923445115679692,-0.002352767533650713,-0.009706655043417629,0.0006367479035083302,0.01780738860026433,-0.009508835254437919,0.00905565334553671,-0.006826527087440047,0.00023829768462178412,-0.00036054603732331333,0.0023798296872127402,0.008941829260661897,-0.0016737083770592223,-7.55537294925224e-05,-0.001490715254773963,-0.0053842772621384115,-0.007336045722664754,0.0013834687248353203,-0.002593310670141052,0.002757187017086165,-0.003626360162572819,-0.0011868904838343167,0.001448549596024332,-0.001540753633865201,0.0037276231148637077,0.004145348333433652,-0.004174793490946025,0.000829977606515093,-0.0024570478889985765,0.003942930940190343,0.0006074766977906962,-0.007245916724269269,-0.0007771529420552195,0.0017501304102248815,0.0001739896648433826,-0.0007984595720907425,-0.048859239926789796,0.019597202546406397
GENE125,-0.002820261446622516,-0.005546939445403184,0.003030063152378777,0.00296253167808672,0.005566492775995132,-0.0023175614877413314,0.01430944510923811,-0.04505324507594882,-0.004270436579895478,-0.013855331312679407,-0.0013101389308075272,0.0014438923580912609,0.025721554066005257,0.039075366178372116,0.005252784512033369,-0.009301947685501442,-0.0021547554358078446,0.016274675929991107,0.0021345326968960137,0.013133664011568168,0.007775272221967483,0.0011490037258129087,-0.01528567549577219,-0.007910202717707539,-0.005019142465912462,-0.0013384271352529095,-0.05356568821483005,-0.02559744430747425,0.06643039679762332,-0.004357774712392248,0.022818190547551652,-0.012184516191094903,0.019878424403501887,-0.014985180800128176,0.022067208178266278,-0.03338783788897167,0.0009757183660029649,0.0036661056386379466,-0.025418651420069275,-0.0011474363991802075,-0.011296431689395824,-0.04080129997578108,-0.015828416431814447,0.002985003082714726,-0.012691963012503154,0.013493992849500243,0.023164190250901724,0.007581529617018533,-0.032049459407624464,0.03408949281491134,0.00727668392085027,0.008092124293344258,0.01967078630610894,-0.0039106873602300675,-0.0015321033115577426,0.002458632401003478,-0.0010768396165522806,0.012844427144794524,-0.008592292157908892,0.019349642760566207,0.008287141411467813,-0.03803069217481419,-0.05074829291608983,0.020354892475837404
GENE126,-0.0005806831015751608,-0.0011420976609327132,-0.002213460571073186,-0.002164128841622374,0.0012177467935049215,-0.0005069984250438263,0.002271459066493095,-0.007151682068833578,-0.00015694281781827914,-0.0005091972910350529,-0.003362493133502656,0.003705773506480576,-0.009828377285807089,-0.01493095791943932,0.006882743335197085,-0.012188377096003206,0.0007962812001128047,-0.006014240997201187,0.0009762902678802722,0.006007061112136749,-0.006871655438507035,-0.001015470259554243,-0.001623980814127728,-0.0008403957975538468,0.006191398511725696,0.0016510262120548098,-0.004835747520452236,-0.002310859469280647,-0.00962691964207064,0.0006315173323779053,0.01768765751153466,-0.009444900939130852,0.008975824736610542,-0.006766348971031052,0.00030254225175469244,-0.0004577485096683813,0.002334872553288972,0.008772910023392495,-0.001589695784746852,-7.176127391272885e-05,-0.0014960379536874185,-0.005403502185638121,-0.0072883478779447826,0.0013744736232633335,-0.002461627911520104,0.0026171829687381756,-0.0035788748032843315,-0.0011713487509301653,0.0014480003086099736,-0.00154016938284471,0.0036886647564390723,0.004102024220133433,-0.00413073508157444,0.0008212184922651567,-0.0025059129975068544,0.004021346891745764,0.0006019863381993553,-0.007180428305487412,-0.0007601306197895226,0.0017117965350791973,0.00017877011533001455,-0.0008203976363625445,-0.048298730718975086,0.01937238504021653
GENE127,-0.0012941458482710465,-0.0025453486457705297,-0.005988896280626755,-0.005855420846329098,0.0060388828313999365,-0.002514237032586785,0.0004018776905482115,-0.0012653107052443273,0.011053010539281595,0.035861233426405646,0.0036323084046235073,-0.004003134495387034,0.008527117374203346,0.012954125282940265,-0.01501619319574652,0.02659158075534651,-0.0034161321070089886,0.02580174160449249,0.0020759395090108215,0.012773143301735384,-0.024924235993908583,-0.0036832202400742826,-0.013992961137805843,-0.007241234399596053,0.03627674249322316,0.00967371953700623,0.0016934356245882076,0.0008092423626646399,-0.007620193701250204,0.0004998779025223366,-0.05529577316312038,0.029526979450940856,0.04783775563231131,-0.03606208433180474,-0.00011864259296110912,0.0001795070599071045,-0.023222434408603238,-0.08725458154187397,-0.03338095061226317,-0.0015068666365782237,-0.015273577654532295,-0.05516625432886232,0.06781089652131256,-0.01278812293255452,-0.029169983380561728,0.03101329138522856,-0.05255110611802946,-0.017199727818047267,0.023945743871535325,-0.025469954212776705,0.027789754755917027,0.03090393261717373,0.04155810909315139,-0.008262037389688509,0.02855983816078924,-0.04583120664241764,-0.0007575817663483261,0.009036353839992293,-0.018294778269771154,0.04119941656988229,-0.0190478589553848,0.08741292377600018,-0.05604357377499917,0.022478803770563573
GENE128,-0.004373626728734244,-0.008602125398742475,-0.0022355424598224905,-0.00218571858798804,0.001073977924956779,-0.0004471414906523657,0.002325236879668454,-0.007321001352575316,-0.00018224208847880408,-0.0005912801812531205,-0.0034618601410033264,0.0038152849936997895,-0.009786992711766956,-0.014868087791895525,0.006885234565447546,-0.01219278871681294,0.0007818683223397214,-0.005905381814819085,0.000984917321846738,0.006060142907683846,-0.006768107561527157,-0.0010001683005934057,-0.0016680417410334465,-0.000863196939960063,0.006175034654354743,0.0016466625521484725,-0.004885613110056449,-0.0023346887468516514,-0.009639708119755484,0.0006323562450948458,0.01771527002166653,-0.009459645538448545,0.008984042797238053,-0.0067725440859873485,0.00028772745036858584,-0.00043533361318302756,0.002350498524690599,0.008831622110671733,-0.0016455040126467488,-7.428054179235999e-05,-0.00148184207252597,-0.005352228436403446,-0.007290737915022958,0.0013749243485823741,-0.0025385684025866994,0.002698985479135249,-0.0036245724435530874,-0.001186305371877102,0.0014421637199306541,-0.0015339612797588933,0.0037096790106660475,0.0041253933755050634,-0.004123910203341454,0.0008198616596187382,-0.002462660358432882,0.003951937512460459,0.0006012001351199325,-0.007171050559702998,-0.0007740792429917826,0.0017432085111858341,0.00017435158455359823,-0.0008001204653237495,-0.048455298957467516,0.019435183796125736
GENE129,-0.002556985628363159,-0.005029123970149129,0.018086465839350915,0.017683370048457422,0.0601983914024904,-0.025063083552360838,-0.009767683522350757,0.030753522320210492,-0.0023458280485436855,-0.007610984077875585,-0.021703858436286035,0.023919627606142732,0.012251254970574882,0.018611716574020182,0.001640557374310846,-0.002905197964230621,0.0002776271751890571,-0.002096893332056976,0.0005273199495312321,0.003244571073479255,-0.010092420554598443,-0.0014914241570783407,0.017187998116300982,0.00889463795362631,0.007369203084469316,0.0019651048840374757,0.0007652551925162405,0.00036569262571394814,-0.03431509622029055,0.0022510396711560425,0.00375342478814091,-0.0020042634409530593,-0.022222884511378525,0.016752532069126375,-0.015471976709361854,0.023409207273574758,0.01660195102702297,0.0623791745582345,-0.029772020993553572,-0.0013439540910577359,-0.008233200449322204,-0.029737291432380325,-0.02126110917793479,0.00400952784578612,0.0009579029848099877,-0.0010184347381739709,-0.004853521925211966,-0.0015885347091462614,-0.03616738600549818,0.03846953640270341,-0.007955828675452541,-0.008847375425205719,-0.022560168940930186,0.004485116464030194,0.02759825870914041,-0.044288118537242106,4.686684207996536e-05,-0.0005590226523527423,-0.0034934424224179637,0.007867151353341005,-0.006010247838641409,0.027581752753661093,-0.051664875934584506,0.020722529448721046
GENE130,-0.0008188107373882341,-0.0016104512519496223,-0.0022351526075097723,-0.0021853374243725873,0.0012184781456068526,-0.0005073029172139633,0.002292518656613809,-0.007217988125264446,-0.0001611965701255514,-0.0005229984906165716,-0.003393602739503384,0.0037400591240676867,-0.009906270523330665,-0.015049290846417308,0.006941032057330682,-0.01229159828139529,0.0008021170909406601,-0.006058318960949557,0.0009845045076326802,0.006057602884195586,-0.006918588372267834,-0.0010224058515457529,-0.0016388300394145543,-0.0008480801411245447,0.006242018014220182,0.0016645246365709016,-0.004877188991061851,-0.002330663111711131,-0.009706212587207103,0.0006367188787760007,0.01783126939537543,-0.009521587182952198,0.009050297210946273,-0.006822489411032781,0.0003009062985055279,-0.0004552733011401501,0.002355414298411527,0.008850092343870665,-0.0016056321303652842,-7.248066467545511e-05,-0.0015077624234131335,-0.005445849505525427,-0.007347776021564966,0.001385680884120436,-0.002486806728483018,0.0026439528841343753,-0.0036079449512971076,-0.0011808632725146793,0.0014594302715031427,-0.0015523268933027089,0.003718984886714219,0.004135742087426503,-0.004165963533224853,0.0008282221503012852,-0.0025235061746644743,0.004049579423501302,0.0006070455341583627,-0.007240773850829335,-0.0007666248561633993,0.0017264214048494288,0.00017998767651875906,-0.0008259851716143292,-0.04870418356925002,0.019535010198564556
GENE131,-0.0064167000087199805,-0.012620477590938753,-0.0022676423230577445,-0.002217103036731967,0.001003061555675478,-0.0004176160690070666,0.0023657352738439066,-0.007448510425361878,-0.00020097669297081846,-0.0006520641660735381,-0.0035286624112788874,0.003888907176268252,-0.009825555244122366,-0.014926670763542043,0.006934475531021871,-0.012279987589088496,0.0007796510704300028,-0.005888635108586832,0.0009946932292220888,0.006120293535998329,-0.0067463020411176996,-0.0009969459537123551,-0.001698386413358427,-0.0008789000411778916,0.0062073537630646,0.0016552809112363523,-0.004938801215623519,-0.00236010575567664,-0.009705314814668345,0.000636659985699104,0.017831169801431186,-0.009521534001521198,0.009045488345074489,-0.006818864288484364,0.00027220842658780243,-0.000411853223366509,0.002374734377481267,0.008922684449630307,-0.0016838523103153604,-7.60116419937221e-05,-0.0014845075933242532,-0.005361855964517894,-0.00733603218866569,0.001383466172525109,-0.002596048312432071,0.002760097656320071,-0.0036623588113137355,-0.0011986726708499537,0.0014478027018998297,-0.001539959197941437,0.003740379669242063,0.004159534413893824,-0.004151220807852145,0.0008252911952864114,-0.0024541582184935532,0.003938293761040426,0.0006050343242290035,-0.00721678435507401,-0.0007845595225074374,0.00176680985771036,0.0001731593450546501,-0.0007946491343627159,-0.04883988290386263,0.01958943853903402
GENE132,0.0026959353022619472,0.005302412614362617,-0.018823389586700198,-0.018403869865150482,-0.0259204546313719,0.010791758799627463,0.005328135480100468,-0.016775618603676823,-0.01873979646379132,-0.06080083005105167,0.004659583702333529,-0.005135285381933694,-0.009287174794004115,-0.014108780321244008,-0.02002872739231393,0.03546807868923763,-0.0016924673141068378,0.012783054912612831,-0.0022246689985370716,-0.013688267790995738,0.015441850568877168,0.0022819450342787804,-0.03585393253424402,-0.01855409495323314,-0.018082017632927046,-0.004821832260071669,0.01412384373065997,0.00674936354505735,-0.03939849123259092,0.002584505844860794,-0.06532832732259568,0.03488418857492463,0.012063379319228209,-0.009093875675946916,0.004636272725736788,-0.007014712551106662,-0.0030693534822367574,-0.011532604591935667,0.03410668343885035,0.001539627314849985,-0.002361238749835163,-0.008528499370026426,-0.04595455662306637,0.00866634345738473,-0.04031655271624079,0.04286423412465615,0.019582658044222122,0.006409311110559061,0.041491710979437754,-0.04413276883464175,-0.0708322383198817,-0.0787698466354844,0.008222593605925569,-0.001634708058061905,0.054321105756668556,-0.08717142614612125,-0.0021762248280511013,0.025957775721587893,0.027153977109264683,-0.06115012699017649,0.01752913804377601,-0.08044333020674875,-0.05909255470183769,0.023701735131607938
GENE133,-0.004609128485564246,-0.009065314365136542,-0.0022669224654777876,-0.002216399222726422,0.001064275373836893,-0.0004431019167746713,0.002325765949348003,-0.007322667126877053,-0.0001994669687820953,-0.0006471659013565192,-0.003450048355890041,0.0038022673313287,-0.009811564223063283,-0.014905416049705933,0.006923835985973312,-0.0122611464408913,0.000785393868936387,-0.005932009954320804,0.0009848340227177294,0.006059630372657127,-0.006749024199822127,-0.000997348225221875,-0.0016628070104957877,-0.0008604880129167727,0.00620139137353493,0.0016536909535908673,-0.004889046131336654,-0.0023363292852999593,-0.009663994824375348,0.0006339494312316409,0.017735052422737475,-0.009470208995951688,0.009014764373260802,-0.006795703284212571,0.0002531390684905178,-0.00038300115328788586,0.0023629812168184747,0.008878523829026033,-0.0016478529665070972,-7.438657712503334e-05,-0.0014889092648358564,-0.005377754252107969,-0.00730701153413558,0.0013779933102455583,-0.0025533171265391106,0.002714666203650208,-0.0036045684691735935,-0.0011797581659280282,0.0014451317545361134,-0.0015371182376679277,0.003708620682685651,0.004124216449084508,-0.00415473626455989,0.0008259900922139911,-0.0024641593133901667,0.0039543429502647,0.0006047609250478963,-0.007213523279042583,-0.0007707269103545512,0.0017356591357976581,0.00017485601883355723,-0.0008024353751184633,-0.04860387615757147,0.019494777385558933
GENE134,-0.0019136688676139183,-0.0037638373349818265,0.0016970535719681055,0.001659231083160378,-0.009246134828623898,0.003849548872440427,0.010457362497817608,-0.03292497450918256,0.0031967160819528872,0.010371670343158706,0.019871546224656894,-0.02190025276138803,0.029289765598325114,0.04449607955632376,0.007848395539727972,-0.013898412272274145,0.0030692994493746813,-0.02318214542613674,-0.0017698911152239751,-0.010890044119829015,0.04439287976013952,0.006560231306094916,0.022575224738377277,0.01168248038025946,-0.014939567073078851,-0.003983852240764944,0.0337772753121576,0.016141152153101967,-0.057199693610979506,0.0037522488256973184,0.017985081701866756,-0.009603720274747367,-0.0007685952021732243,0.0005793989419336865,0.009388593595604205,-0.0142050067431803,0.009996655907983388,0.03756083504087646,-0.013303143016783267,-0.000600524011628491,-0.0033424131997369586,-0.012072378902933108,-0.0025981737249833395,0.0004899767839645368,-0.01667916982701812,0.01773315902036979,0.012224777892542529,0.004001111830367835,0.009002213917088149,-0.009575228796897567,0.0007071922654041499,0.0007864417052043445,0.06284455631304921,-0.012493929231307774,-0.02097478418507357,0.033659142704316976,0.0022177246072180314,-0.02645278062468281,0.006361062667545941,-0.014324965670690155,-0.004007386209014529,0.01839037899482993,-0.051685896848136764,0.02073096083449793
GENE135,0.00021998809449025176,0.00043267642448839116,-0.0022258639023843164,-0.002176255738018637,0.0012384654538526222,-0.000515624461442632,0.002241007144258364,-0.007055804282867625,-0.00016758792572674485,-0.0005437350939438615,-0.003298192825431812,0.003634908714004629,-0.009797028258092718,-0.014883333474425954,0.006875378951076787,-0.01217533580035021,0.0007984865210729275,-0.006030897590033559,0.0009668862923553371,0.005949198960342519,-0.006830915244116873,-0.0010094498098763042,-0.0015945297631088972,-0.0008251551375075879,0.0061808164442764026,0.0016482043502890986,-0.004791380104961845,-0.002289657605084914,-0.009581642670112455,0.0006285472034465068,0.017576239497253062,-0.00938540566074036,0.008943447214466037,-0.006741941451936631,0.00026679558989798496,-0.0004036635641917209,0.0023276017230710465,0.008745591042231266,-0.0015654949677452344,-7.06688124025325e-05,-0.0014970870935809564,-0.005407291547862389,-0.007253790119852074,0.0013679565458991653,-0.0024389019583988094,0.002593020918422186,-0.003519012957843225,-0.0011517562528015732,0.0014425983095888218,-0.0015344235322056823,0.003655539552201503,0.004065186936440959,-0.004136977864594098,0.0008224596003870037,-0.0025018044942612745,0.004014753799019571,0.0006018223666540398,-0.0071784724705281295,-0.0007472155391473149,0.0016827120728591207,0.00017928064996275436,-0.0008227405414124691,-0.048075058414301375,0.019282671171042993
GENE136,-0.0012396943249926705,-0.0024382524392479767,0.02365821654830948,0.023130942309363314,0.015391804376420133,-0.006408245637803859,-0.003544673049951899,0.011160392483037452,-0.00940533090889882,-0.030515375514922265,0.03716435301333997,-0.04095849993271571,0.005220118968531957,0.00793023857215621,-0.0045667816767993395,0.00808713248208842,-0.0027562512109230194,0.0208177199574309,-0.005858108955448163,-0.036044626946177945,-0.016213346065268943,-0.0023959540585926113,-0.03554976610467791,-0.018396691499362714,-0.02234132309270023,-0.005957637837100967,-0.0515493795279142,-0.024633910540987677,-0.02383084417119793,0.001563282098414234,-0.002599047521425778,0.0013878460932420181,0.0023457713750466365,-0.0017683397565770548,-0.019591452070831645,0.029642001854803326,0.0033325401067595397,0.012521486221915614,-0.04920802889746834,-0.002221324906492594,0.0026854023744833284,0.009699337883822885,0.016369208103619158,-0.0030869883201128274,0.005058598132201384,-0.005378260790485684,-0.04271245937849906,-0.013979585398250307,0.04499695671554013,-0.04786113279284741,-0.07429735272921727,-0.08262326899050002,-0.005698208883194723,0.0011328430449438563,-0.014156067409006271,0.022716853191308502,-0.000816568577929342,0.009739942185191185,-0.011719750014740517,0.02639260535614312,0.008458214373761873,-0.03881576664687215,-0.05420556814347157,0.021741588687059554
GENE137,-0.007275304283398456,-0.014309195466690816,-0.0022604084208559232,-0.002210030357599109,0.000950328386091175,-0.00039566106648157676,0.002339999805247035,-0.007367482379551024,-0.00021613003978494954,-0.0007012288443629045,-0.0034846262722473265,0.0038403753426341893,-0.009681235363903053,-0.014707424595448269,0.0068553215111919535,-0.012139816875847169,0.0007671092386307486,-0.005793907769832136,0.000980763027450017,0.00603458175938611,-0.006604391251675615,-0.0009759748518464557,-0.0016767594576058468,-0.0008677082816631005,0.006126435929438689,0.001633702997282654,-0.0048740095781134776,-0.0023291437651184,-0.009573813311820861,0.0006280336045336273,0.017571510804323343,-0.009382880621103894,0.00892831972720862,-0.006730537724608825,0.000238556391333367,-0.000360937462358936,0.0023501063352959137,0.008830148521774184,-0.001670642182359156,-7.541531682271626e-05,-0.0014636219492359258,-0.005286419627357098,-0.0072335500411578576,0.001364139569162616,-0.002582278179476667,0.002745457361871231,-0.003598944799482415,-0.0011779175655073685,0.001426094183918277,-0.0015168688750020589,0.003685079778201985,0.0040980375017602,-0.004107999430501028,0.0008166984887484801,-0.0024078095655121114,0.0038639160744292156,0.0005980684092802991,-0.0071336956706681345,-0.000772540476072949,0.0017397432437549771,0.00016991135154993678,-0.0007797437001447545,-0.048217161396866916,0.019339667983436316
GENE138,-0.0010786866989760055,-0.0021215798297521443,0.026387006364044535,0.025798915175080536,-0.011692675098595843,0.00486814491416142,-0.017285185272087267,0.054422354067647026,0.005395777018043684,0.017506471967362578,0.000795577044308302,-0.000876798320801676,0.017018980971002587,0.025854694149433095,-0.018841201244873276,0.03336513575042701,-0.0006064600467020818,0.004580538728687393,-0.002526714973063127,-0.015546740304086579,0.04658708599038651,0.0068844837646302405,0.010716786811281243,0.005545842981105728,-0.04605467354479701,-0.012281146669218592,-0.017010800483542296,-0.008128954047162898,0.06920843210407229,-0.004540011347910912,-0.023856566209219585,0.012738990702808421,0.008655118779971303,-0.006524587519200314,-0.015174614576897179,0.022959296320051295,0.02114880607199828,0.07946325486180418,0.045052460565501565,0.002033736262051876,0.0107854852631537,0.038955825317774535,0.029400313603930472,-0.005544460314052275,-0.022305228854884222,0.023714739664597848,-0.07949786466112849,-0.02601927409893594,0.02137576385910874,-0.022736388131245105,0.06556394411016181,0.07291117639191175,-0.0308389366059122,0.006130992310674753,-0.00151812726133546,0.0024362044291705498,0.0005916696110891189,-0.0070573714939636475,0.017005586364814643,-0.038296186284846226,0.007554560269118602,-0.034668788891835924,-0.057507710358768775,0.02306606180467625
GENE139,-0.004126938771660627,-0.008116935218436218,-0.002253706502527958,-0.0022034778059353047,0.0010716955699852748,-0.0004461912517503919,0.002298712603729033,-0.007237489749208585,-0.00019939830140470113,-0.000646943111661277,-0.003403576137534287,0.0037510507165334937,-0.00974018855639759,-0.014796984408910422,0.006875431993410439,-0.012175429730914407,0.000781635653955978,-0.005903624491235306,0.0009751967571874618,0.006000332800102286,-0.006699495016101023,-0.0009900289680939722,-0.0016410603128309104,-0.000849234288014824,0.006158134972995786,0.0016421560070042415,-0.0048413829894243775,-0.0023135524917726256,-0.009586492038032116,0.0006288653176519007,0.01758498660220531,-0.009390076462384066,0.0089453368110094,-0.0067433659081846216,0.0002428134006261722,-0.0003673783467250857,0.0023442652107123476,0.008808201430771328,-0.0016268755994206683,-7.343962702307138e-05,-0.0014801259966147023,-0.005346030184604833,-0.007248779947974912,0.0013670117022653886,-0.0025253603259621925,0.0026849427584504262,-0.0035616074703415774,-0.001165697234745295,0.0014343928869052925,-0.0015256958125254285,0.0036736587713017137,0.0040853366330132,-0.004129062715016375,0.000820886014312393,-0.002449295596475038,0.003930490501326565,0.0006007240549324498,-0.007165371926423482,-0.0007612488312883868,0.0017143147214532374,0.00017410020586099194,-0.0007989668581625963,-0.048209396442921354,0.01933655349832633
GENE140,-0.00712239314595979,-0.014008447172267314,-0.002270236384035331,-0.0022196392834814647,0.0009564600026005819,-0.0003982139123850295,0.0023379953163844796,-0.007361171252369831,-0.00022022879685871402,-0.0007145271655449947,-0.0034764053056920486,0.0038313150891708687,-0.009696300114477654,-0.014730310484985807,0.006870867010080963,-0.012167345783054244,0.0007694925824764401,-0.0058119089536666346,0.0009806763800729319,0.00603404862277041,-0.0066077408469693245,-0.0009764698438367751,-0.0016731778950593546,-0.0008658548545249461,0.006138846366346755,0.0016370124202828816,-0.004874389176495985,-0.002329325163860382,-0.009585418867340585,0.0006287949186128006,0.01758457764723431,-0.00938985808755476,0.008941968095906324,-0.006740826431017857,0.00022844402468613916,-0.00034563738200604093,0.0023542897397992755,0.008845866994822205,-0.0016687795862389324,-7.533123641459522e-05,-0.0014674645361062522,-0.00530029857107047,-0.007242095543975533,0.0013657511234431124,-0.002583548415555403,0.00274680786663923,-0.003591426947423233,-0.0011754570081804906,0.0014280877143942414,-0.0015189892989996164,0.0036852122045536767,0.004098184768084975,-0.004120300785435476,0.000819144082559893,-0.0024120894079162954,0.003870784122508438,0.0005995482226357022,-0.007151346725234888,-0.0007709764252862613,0.0017362210376398312,0.00017042532528277092,-0.0007821023876400801,-0.048278422126773,0.019364239363054755
GENE141,-0.004846949164682429,-0.009533064228367487,-0.0021867067106324193,-0.002137971248502691,0.001023690180291839,-0.0004262046198019419,0.0022726279665586033,-0.007155362347189492,-0.00018445197961039245,-0.0005984501211925675,-0.003383852577483651,0.0037293135580064225,-0.009531669346650213,-0.0144802086629662,0.006714246381804795,-0.011889992526442027,0.0007601879511673077,-0.005741631901947602,0.0009605540638166323,0.005910237101293538,-0.006573868430832147,-0.0009714642914608817,-0.0016299985157058171,-0.0008435099052287404,0.006017430813247969,0.0016046352020602803,-0.004766514187726979,-0.002277774925093556,-0.009395886575622204,0.0006163617695146827,0.017262969410568308,-0.009218124892554918,0.008757841385766045,-0.006602024080007652,0.0002714500941582705,-0.0004107058611801185,0.0022941005366568746,0.008619715694699135,-0.00161118968520987,-7.2731541113138e-05,-0.001442699323814637,-0.0052108497182417595,-0.007104885347655003,0.001339875328428436,-0.002486475722585578,0.002643600961330256,-0.003533094548072791,-0.0011563650905042433,0.0014044515965428875,-0.0014938486793274364,0.0036161326547585024,0.004021364019904746,-0.004021800357387847,0.0007995615212454274,-0.002392821366150606,0.0038398638631292944,0.000586163443574434,-0.0069916945199676546,-0.0007553186660022679,0.001700960126696821,0.0001692905827131988,-0.0007768949170277111,-0.04724799382374528,0.018950939602472273
GENE142,-0.006768702274784123,-0.0133128017925977,0.001754146785968813,0.0017150518520932258,-0.009549862901230024,0.003976003448444425,0.010577338658779514,-0.03330271909269538,0.0032081315736396305,0.010408707638165423,0.02001104359474323,-0.022053991561071826,0.029879755377863488,0.0453923732490687,0.007745631533432859,-0.01371643157073971,0.0030600132694985605,-0.02311200773644818,-0.001799151167456582,-0.011070079635585203,0.045120402480733623,0.006667742180661387,0.02277642020791018,0.011786597267362663,-0.015269600505939744,-0.004071860442381406,0.03416238835559757,0.0163251861870156,-0.05754149623048976,0.003774670772332213,0.017769919145285636,-0.00948882721830994,-0.0009944193505212488,0.0007496345513230177,0.009473492845832711,-0.014333459893240133,0.01005408722351749,0.037776624019592336,-0.013469101841276492,-0.0006080156441640509,-0.003317644523010966,-0.011982917537000275,-0.0024457329357485884,0.0004612287264594069,-0.01687895089586731,0.01794556464366546,0.012359745321795504,0.004045286029903016,0.009047756975216554,-0.00962367079191194,0.0006550105563076403,0.0007284124049844762,0.0635897054078737,-0.012642069986906953,-0.02106544830938673,0.03380463534307271,0.002222471518247177,-0.026509401268963884,0.0064218941351601375,-0.014461956725615167,-0.0040573388560654605,0.0186196177213083,-0.051179487739916,0.020527842614074976
GENE143,-0.0010168921400137765,-0.002000041212462043,-0.009428127923725629,-0.009218001815296578,-0.033062296515131775,0.013765203366503845,0.004241821438005217,-0.013355362095171639,-0.011233944455188723,-0.03644826927243152,0.033399435891718954,-0.03680921856039478,-0.023896841475407306,-0.03630332089429173,-0.004735585341002175,0.008386060193657017,0.0038812769271824358,-0.029314939011044327,0.00043486860003792265,0.0026757229300749482,0.023627327129909517,0.0034915673854556567,0.023036573687970092,0.011921224406709875,-0.008924700923201233,-0.0023799009433894546,-0.017673025868622544,-0.00844541180171587,-0.011723492436280698,0.0007690506355914752,-0.03360579832210678,0.01794491079023546,0.023282008989072848,-0.01755094402904443,0.021105430413502626,-0.03193266150980621,-4.076485301443189e-05,-0.0001531674125420946,0.03864708393729904,0.0017445878657728546,0.0053103967787426695,0.019180489726075618,-0.06098722403890187,0.01150128015310375,-0.022189931189406452,0.02359215611531037,-0.00867871611680497,-0.002840502627744489,-0.014533063701027827,0.01545813189276419,-0.020637781390334238,-0.02295049420395082,-0.009553437249251784,0.001899288910773954,0.024488862399794687,-0.03929833589265935,0.0023586107711364764,-0.028133255637251216,-0.004234088685515499,0.00953506956881874,-0.0020586284517988634,0.00944729443669893,-0.05036987555433395,0.02020311111991604
GENE144,-0.0009919398707294925,-0.001950964653651849,-0.0022080293655121386,-0.002158818682158481,0.001186940306689211,-0.0004941724086831153,0.002248652047316847,-0.007079874237254148,-0.00016749171053789545,-0.0005434229260205417,-0.0033224105869874856,0.0036615988916781812,-0.009723643049233933,-0.014771849001097672,0.006824822273061036,-0.012085806985113703,0.0007879424707582528,-0.005951259316933449,0.0009652525370738791,0.005939146552630504,-0.006770753412850246,-0.0010005592956533072,-0.0016046279346186656,-0.0008303808525073946,0.006132809446233239,0.0016354025879762354,-0.0047839544274026514,-0.002286109095318657,-0.009528309776440575,0.0006250486132440405,0.017491502826677052,-0.009340157755019632,0.008888583958807652,-0.006700583254292976,0.0002766086624576857,-0.0004185108105297849,0.002315912382807301,0.008701670216564683,-0.0015762604245906251,-7.115478141929924e-05,-0.0014815724293991141,-0.005351254519116298,-0.007211867297198333,0.00136005052729038,-0.0024469728077143147,0.0026016017804090614,-0.0035273141709120225,-0.0011544732004719444,0.0014321877946444656,-0.0015233503602722217,0.003645669638140528,0.0040542109792309445,-0.004100083309456329,0.0008151247095395656,-0.002473921893431893,0.003970009384392814,0.0005969615221418263,-0.007120492839913026,-0.000750036423062122,0.0016890646380439832,0.0001766362568672947,-0.0008106051023256481,-0.04782709602093878,0.01918321466590907
GENE145,-0.0038730207722262274,-0.007617524864602812,0.009065714649116947,0.008863665699976755,0.00442244634089634,-0.0018412475743185299,-0.005687426820514142,0.017906846313050853,-0.018751292987001913,-0.0608381302509399,-0.02887737131995774,0.03182549177813119,-0.00666494462524229,-0.010125171718692082,-0.01660517512971484,0.0294054458185539,0.0025771388816504598,-0.019464900484025847,0.009519328228130966,0.05857191072591424,-0.009385743552545013,-0.0013869937930826959,0.02538394192644806,0.013135966838249852,-0.019538317566993847,-0.0052101757593964355,-0.020154720552295887,-0.009631339651624342,-0.0114629789096899,0.0007519611808664034,-0.013436868609676609,0.007175053727027817,0.018238902655686562,-0.013749241305222993,0.0036323641433680383,-0.0054957919548677394,-0.011925865404001649,-0.044809531035444626,-0.026809225234141972,-0.0012102090059414033,-0.013414244752702628,-0.048450576177721354,0.012926071492726378,-0.0024376641478562333,-0.001107621325229388,0.001177614071824569,-0.019647238199374625,-0.006430447889081463,0.02938357202594415,-0.031253914604767924,0.01908531075333701,0.021224050470376236,0.022668146448309723,-0.004506583133777054,-0.001735621734357945,0.0027852272100623967,0.000277318865399241,-0.003307829604097072,-0.004658963654886263,0.010491878150759392,-0.00887423270413214,0.04072492497732745,-0.050857971905834534,0.020398884183043333
GENE146,-0.002137175633289787,-0.004203434343382112,0.025410294872098362,0.02484397179940499,0.06605955321622402,-0.02750332796469684,0.022676381595576375,-0.07139651954789322,-0.006172738158947601,-0.02002730416399993,0.009779778669001572,-0.010778206304640008,-0.019070058142809442,-0.028970625299735875,-0.010672098365154984,0.018898795573995597,-0.0017923711243552334,0.01353761949518067,-0.004908669394902562,-0.030202776781206062,0.015414221960971813,0.00227786217100185,0.012912678505733346,0.0066821976324947475,0.0004090935094437211,0.0001090907177096748,0.010533589130621149,0.0050336879841347375,-0.018368177502405242,0.0012049360427058872,0.0016295477621129423,-0.000870150113360309,0.0015787400370883852,-0.0011901197203534502,-0.002169227875869687,0.0032820567096065027,-0.006969740607952819,-0.02618768512817778,0.014587747286294906,0.0006585129927507555,-0.0012984353749199216,-0.004689786358024387,-0.007108207943497929,0.0013405019204113299,-0.01491650832886577,0.015859111512610186,0.010952355932384587,0.003584654157046041,-0.00940840055176253,0.01000727029214213,0.010538967801873798,0.011719986508134052,-0.05399445127888913,0.010734467593363507,-0.02645725718619453,0.04245710407970099,-0.003356634711739943,0.04003757787502645,0.0069713355238976435,-0.015699285996379212,-0.0038707101164405177,0.017763155909542135,-0.05154767045887217,0.02067551890474758
GENE147,0.0007271165992815158,0.0014301056204530616,0.0005880184912839585,0.0005749132345182485,0.006771904133515351,-0.0028194241598928937,-0.01097164893616548,0.0345442038202595,-0.014713827400627053,-0.047738667861978626,0.01149307180022687,-0.01266641128899124,0.011836660726749234,0.01798187819600571,0.005798650836060977,-0.010268600701200548,-0.0013456434540395003,0.010163525181498217,-0.0009182515752331926,-0.005649952181455151,0.026113516928989697,0.0038589681993016476,0.0250031874236226,0.01293892972962743,-0.027198394728756202,-0.007252846434928303,0.009671918004055723,0.004621921060033104,0.027366258878778825,-0.001795202146361459,-0.007334445146618657,0.003916465920268436,0.018047741674423027,-0.013605136228884178,-0.011179372519040127,0.01691446758243354,-0.014432104019961164,-0.05422632161957786,-0.02049222044848878,-0.0009250498483961044,0.006045062452278265,0.021834010355618303,0.038274054380750176,-0.007217915374331593,0.030007519573583795,-0.03190375311984948,-0.03832496600523032,-0.012543579624095587,0.06064734575420614,-0.06450771075532283,-0.006925891404278202,-0.0077020212359420765,0.05825933031625343,-0.011582354824956138,0.019711906804695964,-0.03163254879092558,-0.010045302897281417,0.11981929270453374,-0.05490038227646619,0.12363438823367906,-0.01547903187835749,0.07103514557086674,-0.061381838289475694,0.024619955599638997
GENE148,-0.008360712329483586,-0.016443994959269053,-0.02194044012126031,-0.021451450224517894,0.07156227971432033,-0.029794340909966775,-0.028045366480545807,0.08830075238047293,0.0007948156486589535,0.0025787607282426956,0.055594479896738304,-0.06127017737380377,-0.04013877410930562,-0.06097754794470286,0.015218849312359681,-0.026950456431770787,-0.00661833773419876,0.04998771555663395,0.003576473148007019,0.02200584546708206,0.021269406384822827,0.003143121743434148,0.023836653550859947,0.012335258703562606,-0.05709365717238866,-0.015224851760900335,-0.006318664684105846,-0.003019501340115883,-0.028999199290390888,0.0019023215792663996,-0.029644186223349203,0.01582947895266006,0.015692874835964786,-0.011829939934739466,-0.022698399404927207,0.03434283456016121,-0.001599505280480668,-0.006009885159614918,-0.0034512237627634767,-0.00015579346447671319,-0.0014924422909803922,-0.00539051510114293,0.06853572787507219,-0.012924815306977045,0.006283113114299138,-0.006680155256787188,0.052353361308812484,0.017135006879758802,0.006293822326065507,-0.0066944408713400915,-0.03438621689076449,-0.03823960805287286,0.0400901412055741,-0.00797019529584278,-0.0011849530607235008,0.0019015453897832607,-0.0026433444945272097,0.03152952887009317,-0.008987921766167079,0.020240591467223436,0.018064641568851222,-0.08290082051728186,-0.05594714461658652,0.02244012650600219
GENE149,-0.0035568819844404385,-0.006995737578076257,0.004575879456237523,0.004473896140932666,0.02520755435096862,-0.010494948887004045,-0.0037699029075205074,0.011869528015129376,-0.0041879481314267076,-0.01358769947653646,0.025020727910751266,-0.02757511968743696,-0.011158525526357313,-0.01695167678571153,-0.013265840179270976,0.023491950044602937,0.002186934591661734,-0.01651772222865683,0.008561275311383496,0.05267706304699639,0.056323855353346705,0.008323350978026601,-0.028276741212925602,-0.014632965043137573,-0.011814164928689608,-0.0031504184287070697,0.06411774145296463,0.030639955737724725,0.0936885803162599,-0.006145887211633811,0.03623983734073597,-0.01935144173332798,-0.0043694426703042525,0.0032938671134692516,0.02485507362811047,-0.037605897506832055,0.008474438770806898,0.03184134771309725,-0.02478893769954985,-0.0011190101686892654,0.007408509980093376,0.026758612487797536,0.05987811992724699,-0.011292119672230545,0.010892602509404416,-0.011580927255268339,-0.05418265012490298,-0.017733724434184767,0.00018279331879227385,-0.00019442860013088164,-0.0032664546485772434,-0.0036325003672513507,-0.0336273748530498,0.006685352977206568,0.009566695755955187,-0.015352090148685722,0.0025367322135889676,-0.030257869047962595,0.02152549336000611,-0.048474912061464204,-0.0018832596757704084,0.008642505956921839,-0.05311774865827666,0.02130526960356161
GENE150,0.0016998765914724664,0.0033433469541798364,0.00305369089262249,0.0029856328233214854,0.005739603752344957,-0.002389634756860395,0.014240398994725404,-0.044835853591168304,-0.004215170430284729,-0.013676021586634522,-0.0012480265377047893,0.001375438847066686,0.025518418872670805,0.03876676965878045,0.005279594200229359,-0.009349423898639866,-0.0021272778454561074,0.016067140136888976,0.002131426359876371,0.013114550888221789,0.007536300104225853,0.001113689225456929,-0.015223397198541554,-0.007877974246277262,-0.004941188664890056,-0.0013176396235827187,-0.053431970033726794,-0.025533544378102284,0.0661898130558531,-0.004341992633755976,0.0229236647963456,-0.012240837602273204,0.019896219190328673,-0.014998595248501256,0.022069383148156034,-0.0333911286333878,0.0009707994614380262,0.003647623641793593,-0.02530970982475318,-0.0011425186106718914,-0.01129515516010415,-0.040796689311458974,-0.015857581606159056,0.0029905031992741825,-0.012588170168015519,0.01338364113322392,0.023094132457573822,0.0075586000334990815,-0.03194929844978845,0.03398295634547954,0.007280722289997877,0.008096615210558784,0.01959697189383078,-0.0038960125483233684,-0.0016057490777968975,0.0025768149450306308,-0.0010697610671283164,0.012759994968480258,-0.008568056346514833,0.019295064275120222,0.008273268165035368,-0.03796702617246899,-0.05087402232577579,0.020405321928103657
GENE151,-0.00623349134851229,-0.01226013959984131,-0.0022599035832737446,-0.0022095367714082322,0.001015000492450052,-0.00042258674285625396,0.00237294671193789,-0.007471215616605703,-0.00019255681458342258,-0.000624746068149067,-0.003545229905667578,0.0039071660631527045,-0.009850653976851755,-0.014964799959371234,0.00694086842295387,-0.012291308507769676,0.0007811228226976667,-0.005899751122407896,0.0009982086277319458,0.006141923592526586,-0.006783190440771288,-0.0010023971980458331,-0.0017062258086319245,-0.0008829568593286335,0.006217592186830764,0.0016580111354298128,-0.0049541767015536115,-0.00236745324168704,-0.009728827178970284,0.0006382023758024738,0.01788661964578211,-0.00955114325230202,0.009063469704599729,-0.006832419383095892,0.00029076244637604644,-0.000439925583035857,0.0023769398523418913,0.008930971168528047,-0.0016875892623360877,-7.618033366424728e-05,-0.001486819934075715,-0.00537020785042671,-0.007355013229527541,0.0013870457135189795,-0.002596493092134656,0.0027605705425174524,-0.003684765044811443,-0.0012060061248161291,0.0014518192781761106,-0.001544231439989871,0.0037542398692499116,0.004174947816813903,-0.004151407685931228,0.0008253283479314763,-0.0024635130222708666,0.003953305818973091,0.0006055200195532151,-0.007222577676670302,-0.0007887970659449305,0.0017763527073005453,0.0001736535645459511,-0.0007969171672593695,-0.04894291396184646,0.019630763793272655
GENE152,-0.0054421055620621295,-0.010703628220143209,0.041781366453044144,0.04085017883990894,0.02739742890196189,-0.01140668435969768,0.005855172610679586,-0.018434993431060857,-0.018163201459895213,-0.05893008108598295,0.04047872391081202,-0.04461123835472858,0.018911193689098067,0.02872928347856991,-0.024900221476879727,0.04409481428462084,-0.0022931882495724806,0.017320246645182773,-0.003307337083248277,-0.020349865845372104,-0.0479138563337227,-0.007080549448797981,0.016581759568328008,0.008580914833501012,0.036348555659047,0.009692869559238045,0.020548586997591087,0.009819556675134684,-0.015084828318682486,0.0009895512680470181,-0.027418051749584345,0.014640761929606533,-0.0066126936648868186,0.004984922755081277,-0.010440247436872363,0.01579616624482341,-0.000336831286261488,-0.0012655896628098924,0.11144030243369184,0.00503058392968365,-0.003838148720492434,-0.013862913670643882,0.007524503411033596,-0.0014190090319261407,0.0022246678542513203,-0.0023652489444084945,-0.04595004274284383,-0.015039231079730271,-0.031235539233637023,0.0332237644551862,0.03379696973762805,0.03758432863514208,-0.030415471985208938,0.0060468046369372384,-0.04235897795332667,0.06797528266129481,-0.005744615092538628,0.06852115105797163,0.014330941646823813,-0.032272948381218906,0.003351225763832942,-0.015379179514937545,-0.056710335845730646,0.022746238781216375
GENE153,-0.007963433813670824,-0.015662620639234914,-0.0021837728315462048,-0.002135102757221987,0.0008797941458640655,-0.0003662947409880147,0.002268671124136037,-0.007142904240671042,-0.0002145292981074431,-0.000696035275538504,-0.0033833463531293,0.003728755652688499,-0.009319621271047527,-0.014158071976344107,0.006607101553005747,-0.011700254000146673,0.0007356454155334353,-0.005556264315768753,0.0009473712860226552,0.005829124183914895,-0.006339027445546346,-0.0009367602760433151,-0.0016270778915543499,-0.0008419985079007806,0.00589999275871243,0.0015733186415184755,-0.004709795825591044,-0.0022506709119767473,-0.009229716620403533,0.000605461168830072,0.016941186213986596,-0.009046298272008408,0.008606432146940164,-0.006487885515876014,0.00022643265910980476,-0.00034259417204240023,0.002268732278431659,0.008524398523512845,-0.0016240809624063557,-7.331347287823002e-05,-0.001406932219811145,-0.0050816634070386104,-0.006971752413942872,0.0013147684442841258,-0.002507885253133482,0.0026663634017691363,-0.003480085533218253,-0.0011390154913282896,0.001372896612149226,-0.001460285136177425,0.0035567539972070393,0.0039553312661799915,-0.003957108437347586,0.0007867003234227502,-0.0023096194921787146,0.003706346220011926,0.000576159618446209,-0.006872369969631983,-0.0007480603239293542,0.0016846145086051956,0.0001626359771578658,-0.0007463561289397327,-0.046507147795279036,0.018653789878135346
GENE154,0.0030421435059378595,0.005983340952971807,-0.002608738182868542,-0.0025505968416910363,-0.02073763150949355,0.008633934879180146,0.015211173647468044,-0.0478923346782848,0.013797611394634585,0.044766026522031904,-0.046784847094651305,0.05156116012272739,-0.018281118190218285,-0.027772092836994562,-0.009658433750899883,0.017103737126264548,0.004656205292791713,-0.03516790395066762,0.003698321534383981,0.02275557198537837,0.04869214465735246,0.0071955622944035085,0.0031672332894132644,0.0016390153893079183,0.02186072034398737,0.005829478143583202,0.008187027458625557,0.003912336168918947,-0.01672125638645451,0.0010968994880809204,-0.022682288282160665,0.012111946749201269,-0.0273209325094357,0.02059565209855568,-0.0040636572114052215,0.006148341335917756,-0.0004496073349860293,-0.0016893276209587046,0.015492834194250495,0.0006993699857312046,-0.005336777810503754,-0.01927577471696668,0.015007948247390584,-0.002830275029511827,0.016786657960505366,-0.01784743953814759,-0.03011279612725088,-0.009855775367805207,-0.015009795753151757,0.015965209209071265,-0.01203930177733724,-0.013388451037173161,-0.0031215775607734107,0.0006205910491286068,-0.011752673074138738,0.018860022428318513,0.0014769316573185584,-0.017616681981853306,-0.020200810469694228,0.04549175690012963,0.008770330340962964,-0.04024810449198413,-0.05007582866951716,0.020085170350297832
GENE155,-0.002463119095561139,-0.0048445056348432715,0.04824174652663991,0.04716657544883208,0.023507364838758444,-0.009787089577035692,-0.009718784170036803,0.030599562855881328,0.009562748319670557,0.03102611261166173,-0.02657037499640331,0.029282971833567657,0.0191884293540045,0.029150451075835693,-0.014682227798872455,0.026000174684264885,-0.003871704844325725,0.029242641921603696,0.0023948472336277264,0.014735365249380527,-0.015114498471975941,-0.002233570036175061,0.0352477625991216,0.018240407339655224,-0.022378592581154398,-0.0059675762867476565,-0.014126608410805933,-0.006750684703214973,-0.07694717464264154,0.005047665948304847,0.03278007218559641,-0.01750398741996283,-0.01478590249598763,0.011146226566951805,-0.005254650310995309,0.00795032209464449,0.003705181838271349,0.013921627902846118,-0.05082927548487499,-0.0022945104313929965,0.006373587010678024,0.023020600017303994,-0.02128313732126971,0.0040136820248241915,0.023793278098427108,-0.02529682163508141,-0.016311725300765807,-0.005338750335448643,-0.05759776732946499,0.061264018545836886,-0.00477227370336844,-0.005307064645046347,-0.01250479728153778,0.002486039546673198,0.03738223327598816,-0.059988885384478205,-0.001227271423523339,0.014638761561167954,0.00836283457186652,-0.01883290959588379,-0.003051502331370455,0.014003712507487977,-0.055387471836737506,0.0222156444869864
GENE156,-0.0008394038178803046,-0.0016509540821466632,0.0006039720282761513,0.0005905112126265423,-9.303813703105257e-05,3.8735629767629194e-05,-0.004962268455403176,0.015623687372027776,0.00041826419356388346,0.0013570483648749636,-0.021660974241223246,0.023872365319618637,0.016737629071741863,0.025427273299962992,0.003332485046769485,-0.005901365551309118,-0.003218700138850957,0.024310555529919863,0.003516643019155342,0.021637713926511582,-0.0014459951737058813,-0.0002136843308710909,0.022420739481393892,0.01160253561759716,0.011197273287451607,0.0029859153252869025,0.028699685613111228,0.013714723521842461,0.03904031614368681,-0.0025610098788529326,0.03381596648457364,-0.018057136927232407,0.026750762277168088,-0.020165834128883082,-0.04219456919117188,0.06384067366243945,-0.010419388162696469,-0.03914918384790686,0.02085711121943021,0.0009415215701009394,0.004558420574138965,0.01646444562097671,-0.03277493849213094,0.006180864198020906,-0.020589163791874424,0.02189023311138087,0.012885484920578316,0.004217358107357275,-0.005985315592900539,0.006366296863360934,-0.022037655372435884,-0.024507240983307328,-0.006710043669688122,0.0013340027468800894,-0.012561564045912443,0.020158084730696833,0.004254003600960036,-0.050741297484168064,-0.002756748883180886,0.006208134580367835,-0.0014798535588144513,0.006791226596085039,-0.05091643572585017,0.020422333735762088
GENE157,-0.001963263307133885,-0.003861380544380188,-0.04640587376486532,-0.04537161906007692,0.02851121702620269,-0.011870400485114,-0.0067912334790497806,0.02138217827203513,0.014129233545713443,0.04584196681241313,-0.03756804053779012,0.041403400330607014,0.004838165406319423,0.007349986878643911,-0.01604671814576709,0.028416496502743055,0.012095828097153037,-0.09135871250844092,0.007148462516170483,0.04398410247977378,0.040482228523122187,0.005982328344833451,0.006965548080990052,0.003604609909180404,-0.0007381004635531114,-0.00019682519387971534,0.0015436785869686548,0.0007376779422693446,-0.0051540616047244065,0.00033810183906629495,-0.01926192269862067,0.010285531120614855,-0.05198140697291069,0.03918574057593994,-0.025322858688380308,0.038313659523348774,-0.0026016626071923656,-0.009775330962694657,0.10413038774673775,0.0047006033163102725,0.0065451218771013925,0.02364016252462863,0.0300874726712983,-0.005674048257561796,-0.019227724866649327,0.02044276221157313,-0.03983850415315897,-0.013038953482224735,-0.0051416492474728286,0.005468928909197417,7.708077315207923e-06,8.571860531478267e-06,0.05241970135760691,-0.010421396498144744,0.003615957179955578,-0.005802682767026298,-0.008237187061221346,0.09825228145360544,-0.007104752030153042,0.015999736875723466,0.01844536371116049,-0.08464800038056167,-0.05938903567120125,0.023820652200651105
GENE158,-2.4836341777470065e-05,-4.884855056608675e-05,-0.0022684233829063935,-0.0022178666889820144,0.0012550879816268677,-0.000522545108203305,0.0022919880202949138,-0.007216317418403414,-0.00016988972423528584,-0.0005512032252119976,-0.0033770931193042885,0.003721864019808208,-0.009994487829130679,-0.015183307769289034,0.007012467860230605,-0.012418101110499423,0.0008134489751770689,-0.006143907673505479,0.0009878147170308167,0.006077970423238803,-0.006969473017363841,-0.0010299254142225156,-0.0016322803339989076,-0.0008446907261396898,0.006304151854483165,0.0016810935262547941,-0.004894933832044913,-0.002339142841813491,-0.009778823589771933,0.0006414820957078885,0.017942805128826244,-0.009581145321328024,0.009125730741618661,-0.006879354335162204,0.00027758404588168055,-0.00041998657236502345,0.0023752599049337774,0.008924659034945142,-0.0016021527778269141,-7.232360143547281e-05,-0.0015260460445227352,-0.005511887660763129,-0.0074028910640319585,0.0013960747584777738,-0.00249320569094367,0.0026507562094831134,-0.003599899482846442,-0.0011782300288449934,0.00147181303630381,-0.0015654978540459831,0.003733905581197979,0.004152334826044664,-0.00421742940070654,0.0008384539180766999,-0.0025505828429341535,0.00409303052331739,0.0006137113223078741,-0.007320282655049629,-0.0007645540342356047,0.0017217579618720388,0.00018260154466084817,-0.0008379805280058268,-0.04906662417467698,0.0196803833555403
GENE159,0.001391416626748959,0.0027366625108983422,0.0025298889303303814,0.00247350491433164,-0.024599746061450937,0.010241893122736889,0.016631485425943535,-0.05236418205960792,-0.01286536862144214,-0.041741386711843256,0.04496830830216078,-0.04955916902164951,0.01735756584311062,0.02636906150943461,0.027446145691310507,-0.04860329046513957,-0.0026275160835180613,0.01984539500375373,0.007414416314976435,0.04562050179152455,-0.03491423548428156,-0.0051595089548121245,-0.0101103874313146,-0.0052320366318373505,-0.07426285639043145,-0.019803267751292188,0.002584080716079511,0.0012348550801892706,0.0008642638594970225,-5.669493745728768e-05,-0.0403729485257808,0.021558451094949603,-0.0012996048142027358,0.0009796960118286188,-0.0317805443507297,0.0480841823865379,0.009957142773290514,0.03741237075963879,-0.027868183310926387,-0.0012580119763816867,0.02169653045168835,0.07836515739957267,0.0394038184382106,-0.007430972012611166,0.048003756299286396,-0.051037207058792916,0.038954293036099895,0.012749555376827804,0.027617418337817546,-0.029375340532872267,-0.014270363078619766,-0.01586952971977508,-0.024485496242636,0.004867884749238537,-0.0017572057428454058,0.0028198640013358234,-0.0030305589366737785,0.036148181095660224,-0.03877648595757294,0.08732374749367589,-0.0018497776389589324,0.008488852848795964,-0.055007535982788916,0.022063254071260995
GENE160,-0.0005076390981806151,-0.0009984334399561322,0.01830245130934474,0.017894541817719333,0.060766365668218615,-0.025299554762735186,-0.009909527554655248,0.031200117831160747,-0.002338991201628385,-0.007588802088429484,-0.021796810184953594,0.024022068894174284,0.012489974864571292,0.01897437223813887,0.0015291242396113362,-0.0027078654471568288,0.0002734874063804643,-0.0020656260268838377,0.0005136008469571245,0.0031601581787924745,-0.010144497069714273,-0.0014991198503206131,0.01737430378189568,0.008991049498063402,0.007333553215591207,0.001955598329442001,0.0008678092699001844,0.00041470015967508527,-0.03444411773002499,0.0022595033669877596,0.0035062373505851813,-0.001872269656044628,-0.022562444705299767,0.01700850662702643,-0.015575651236280321,0.023566067546519433,0.016692172358482176,0.06271816677516173,-0.029970359636041503,-0.0013529073975881915,-0.00828355329856849,-0.02991915963317347,-0.021324172703385588,0.004021420685394445,0.0010495557023638968,-0.0011158791692750857,-0.00483406899857495,-0.001582167858510046,-0.036491414876678875,0.03881419057410298,-0.008085065028289836,-0.008991094273207519,-0.022673850231715763,0.004507717085075615,0.027845451521646445,-0.04468479952705382,3.668646472353077e-05,-0.00043759220602511385,-0.003507298729531857,0.007898355435756614,-0.006061491905270615,0.027816917960455285,-0.05123373054143642,0.020549599136887874
GENE161,-0.003755934026674956,-0.007387236609515641,-0.0027229427639170836,-0.0026622561280243546,0.017405036178365623,-0.007246437418129923,-0.007083813038875971,0.022303364140000125,-0.00027201892675901866,-0.0008825590271771132,-0.01868399383368627,0.02059146192872645,0.0011594198448569844,0.0017613537220962983,0.003258894132466392,-0.005771046320926553,-0.0010066369699216467,0.007603039394807859,0.0004296833409436222,0.0026438183118612196,0.02091263525839098,0.003090399299534199,-0.0029171092689325327,-0.0015095784071393295,-0.055800084979610996,-0.014879901973963354,0.042719029634409156,0.02041414977346164,0.039539864045973316,-0.002593779775182706,0.015663764073014202,-0.00836417710525478,0.024754488447607567,-0.018660960117982007,0.030815026032486675,-0.046623346524205696,0.009843729184774318,0.036986237347742125,-0.0018943980709334612,-8.551599631288015e-05,0.005219295484037914,0.018851443231086614,0.04090173268468788,-0.007713456281497065,-0.015035477212230417,0.015985598271185994,-0.052672595280292334,-0.01723949064471396,0.005342814551412529,-0.005682898920236994,0.007246208971823139,0.008058234257987022,-0.047725671894671515,0.009488191215773396,-0.000373760106389817,0.0005997889964991884,0.002175450615793564,-0.025948541001045055,0.0045421324715951535,-0.010228777034266879,0.0021173063557928776,-0.009716574420405213,-0.05068116199007987,0.020327966589227208
GENE162,-0.0021323658627407293,-0.004193974402703998,0.018564128601665567,0.018150387068775496,0.061441520509084184,-0.02558064968559212,-0.01008725893133351,0.03175970453840504,-0.002391610325190315,-0.007759523600549749,-0.02199327906442048,0.024238595483068153,0.012947007222208201,0.019668681247781098,0.0013747193524364396,-0.002434435958550241,0.0002504853477153072,-0.0018918935260732977,0.0004925601877866285,0.0030306961431304335,-0.010000057643093783,-0.0014777750749091108,0.017636774367807716,0.00912687571932356,0.007255022737744958,0.0019346570385327178,0.0010088915645517888,0.0004821191792092201,-0.03461244023003338,0.0022705451726885164,0.0030267784742754144,-0.0016162469697064456,-0.02309668538981726,0.017411239413376835,-0.015826548371491934,0.023945676639322705,0.0168511399905542,0.06331546221676321,-0.030326173884267962,-0.001368969391319282,-0.00834476870464411,-0.03014026203215273,-0.021385968649844527,0.004033074478524911,0.001096405327977817,-0.0011656893138849648,-0.004778694802336644,-0.0015640441466836321,-0.03700200413395065,0.03935728019679397,-0.008297656348807064,-0.009227509020367602,-0.022864266488550517,0.004545573144167397,0.028294047087396645,-0.04540468021955005,2.1772943465169577e-05,-0.00025970532822931845,-0.0035297335975032523,0.007948878238362597,-0.006145611788265419,0.028202954256581505,-0.05058750083871697,0.02029039955878
GENE163,-0.00854653282961853,-0.016809469962729237,-0.007534937273348418,-0.007367004990363494,-0.01880225942449665,0.007828159323703053,-0.00683915028682031,0.021533044197809447,-0.0039626394793017385,-0.012856690839738468,0.018243922885616933,-0.020106463686178147,-0.0009184805282709843,-0.0013953263818275556,0.007874309728710126,-0.013944302681381953,-0.0032147199486451047,0.0242804935077189,-0.0015195400385503133,-0.009349647511828584,-0.0019487523603876759,-0.0002879801065288678,-0.02593615327137117,-0.013421731355661493,-0.018154310026489096,-0.004841110075330454,-0.0029432093735270474,-0.0014064719512610748,-0.021463512161803852,0.0014079872324522008,0.04214291422556297,-0.022503581940525468,-0.07630374099687622,0.057520924765185596,0.008725322360599155,-0.013201472798522147,-0.009776608813653465,-0.036734043292971516,0.011725037971705479,0.0005292859612473316,-0.005938942071866317,-0.021450716799401075,-0.010030894448317718,0.0018916769709461734,-0.01740816428421437,0.018508220055691242,0.007635206289862963,0.0024989668100477065,0.008980630145711781,-0.009552271161016266,0.023049170567785295,0.025632108680517254,-0.02761122046096611,0.005489300182356957,0.004756157787480707,-0.007632411960977206,0.003130366216957492,-0.03733867160177712,-0.011702206755439893,0.026353098342869353,0.0013212995022141498,-0.006063602893262128,-0.051744330125398974,0.020754398136667525
GENE164,-0.005070455813315489,-0.009972661006565922,-0.026536054345350717,-0.025944641301556718,-0.0026710245341369297,0.0011120581382629796,0.005167699038225992,-0.016270484946870736,-0.012172576953235198,-0.039493640395032975,-0.03751876814342108,0.041349097666960447,-0.0207993798408995,-0.031597755776364644,0.020382062265886455,-0.03609378539810661,-0.007278784652527566,0.05497601231929161,-0.002650291853575385,-0.016307102153124274,-0.013179400105288005,-0.0019476076711722637,0.016911446935598783,0.008751525148321592,0.03460059265154916,0.00922674987115543,-0.03985808035149978,-0.019046987465343085,0.00906358141251234,-0.000594562847538542,-0.008897999758734891,0.004751376841328652,-0.031171412199137827,0.023498303392549644,0.0103849366934863,-0.015712480709310337,0.004696911761628327,0.017647894406288358,0.0006106745407866805,2.7566773097987388e-05,0.012270147373051347,0.04431823937685183,0.027810458995398017,-0.005244637465191481,-0.010161881872836969,0.010804030959941303,-0.005033133930633748,-0.001647320866744045,-0.00922273401986129,0.009809785591238459,-0.00772888722480819,-0.008595002442414337,0.033097847985998116,-0.006580079400764087,-0.009829797379548958,0.01577430069522342,0.0013166787878311711,-0.01570520298792326,0.01058839350632551,-0.0238448167253141,-0.006039525685956228,0.02771611232875374,-0.05144198736828858,0.020633129933183704
GENE165,-0.003773816724661806,-0.007422408612087359,-0.0022617886045235296,-0.0022113797809052357,0.0010999437250866404,-0.00045795212866106983,0.0023215655169461584,-0.007309442078038287,-0.0001906708543012667,-0.0006186271142521972,-0.003442733538656078,0.0037942057369003603,-0.009844597707072137,-0.014955599467102924,0.006935432536120655,-0.012281682311448267,0.0007899865412028922,-0.005966697998981416,0.0009860868995301127,0.006067339255789086,-0.006796056344776461,-0.0010042984783117676,-0.0016599729814113838,-0.0008590214277749054,0.006217632268462206,0.0016580218237781722,-0.004892873845103498,-0.002338158435512286,-0.009685312586984015,0.0006353478574235531,0.01777923742433199,-0.009493803016967929,0.00903349642235479,-0.006809824279756898,0.00026529217187821195,-0.00040138888237796044,0.0023640143467188704,0.0088824056493189,-0.0016407020047194427,-7.406377188612778e-05,-0.0014947788308991253,-0.005398954391431609,-0.007325152235292425,0.0013814143757140461,-0.002541572916720376,0.002702179854362795,-0.0036109133762992542,-0.0011818348239406513,0.0014500988229436708,-0.0015424014732020141,0.003715916056562254,0.0041323293577690155,-0.004161601648891382,0.0008273549777508722,-0.0024804448422826894,0.003980477042333156,0.0006059384886408426,-0.00722756913094614,-0.000770988691922958,0.0017362486618213123,0.0001761985834577172,-0.0008085965662229919,-0.04868547695894662,0.019527507068519544
GENE166,-0.004494854595734343,-0.008840558483785092,-0.0022537593726860337,-0.0022035294977681965,0.001065735698937316,-0.00044370991059564904,0.0023192318669534107,-0.00730209458802438,-0.00019464788577404205,-0.000631530499577172,-0.003443037097566776,0.003794540286451622,-0.009782207656779248,-0.014860818488674248,0.00689777161736199,-0.012214990084634416,0.0007828222697187979,-0.0059125868944261304,0.0009823182181857692,0.006044150763705889,-0.006738154347623751,-0.000995741914816473,-0.0016593698691603992,-0.0008587093224859929,0.006180193969759241,0.001648038358430841,-0.004875572760273072,-0.002329890763236157,-0.009634380393003744,0.0006320067509772071,0.017686418267934188,-0.009444239204639522,0.008985310214042386,-0.0067734995173422945,0.0002607492193730723,-0.0003945153639630558,0.002354059174644471,0.008845000683145024,-0.0016425395150896302,-7.414671988552244e-05,-0.0014837783039505024,-0.0053592218624115145,-0.00728519834650729,0.0013738796686444058,-0.0025426209530076656,0.002703294118102199,-0.00359976339810436,-0.0011781854889542714,0.0014409560258254641,-0.001532676712709014,0.003699465668187565,0.00411403550457301,-0.004137419163105248,0.0008225473335605934,-0.0024582903016370913,0.0039449246934479916,0.0006024530791713057,-0.007185995541608311,-0.0007694313267547767,0.0017327415115640519,0.0001743640868817147,-0.0008001778400165021,-0.04844761520648391,0.019432101881127345
GENE167,-0.003909444850849367,-0.007689164378279469,0.0009247943344286928,0.0009041833036745226,0.002695758114781741,-0.0011223557522657206,-0.004482020867388642,0.014111629279294366,0.010449837623626952,0.03390425305007141,-0.020561919700907504,0.022661107173958035,0.01556884284489735,0.023651690468497865,-0.013890070753989242,0.024597375202710017,0.00653702136497625,-0.04937354026095855,-0.00459887085226061,-0.02829660313661478,-0.009361314121650128,-0.0013833836934852774,0.04712348082520997,0.024385987141654148,-0.011721649008484115,-0.0031257477167493538,-0.020096091556178645,-0.009603322603530917,-0.03199632414542207,0.002098930293539355,0.08024589807623497,-0.04284991144855576,0.0018244711134358868,-0.0013753619977350132,0.016053897176967712,-0.024289656947121846,-0.016317426097542723,-0.06131011766164981,-0.00596160916373878,-0.0002691160612375257,0.023352079131396107,0.08434479239958732,-0.00126558715308769,0.00023867084680661513,0.024018515870657155,-0.02553629262037404,-0.014020196764655877,-0.00458874391275208,-0.009486358000754064,0.010090189940284613,0.00240740604750078,0.002677184988769738,0.021839334279977363,-0.0043418095848068595,0.02162570320210855,-0.03470370058343582,-0.00469063922537685,0.05594944025718196,0.001524498727155694,-0.0034331357939499066,0.0031268020154384055,-0.014349271846161634,-0.05525681592037566,0.022163239036949008
GENE168,-0.0032559342099394654,-0.006403828241661714,0.009005007494056094,0.00880431153443301,0.004438084252371807,-0.001847758284534579,-0.0056309385788268895,0.01772899325325594,-0.018635823197124143,-0.060463491226233526,-0.028757674172729588,0.031693574626366655,-0.00675587318960968,-0.01026330749927562,-0.01643897877472722,0.02911113528743014,0.0025736211029092253,-0.019438331014444518,0.009478814526474528,0.05832263211509938,-0.009453003644978057,-0.0013969332646018725,0.02522206615025834,0.013052197546856678,-0.019356033715990543,-0.005161567126715019,-0.02010159986090583,-0.00960595485802329,-0.011517799612971292,0.0007555573700507418,-0.013129871249169034,0.007011122485331294,0.018243692917256263,-0.013752852403076842,0.003638029366320378,-0.00550436347619519,-0.011835843598738377,-0.04447128850627288,-0.02667356853600228,-0.0012040852572552346,-0.01335795560365887,-0.04824726680369387,0.012761897245374316,-0.002406703335284784,-0.0011178120881340159,0.001188448808864889,-0.019593399884412874,-0.006412826863913228,0.029238826446649987,-0.031099955584037463,0.019028295383827755,0.021160645839679307,0.022500897351209852,-0.004473332865086209,-0.001765379464442277,0.0028329807256469767,0.00028222103264514156,-0.003366302127835654,-0.0046437776936473244,0.010457679718077042,-0.008821963553935806,0.04048505553831865,-0.05114335817087859,0.02051335122036142
GENE169,-0.005464847943645895,-0.01074835833324684,-4.055240335217884e-05,-3.9648605825047454e-05,0.023919198229673585,-0.00995855287440458,0.013129759446184561,-0.041339008298463376,-0.0034720083284525273,-0.011264849579447124,0.0002827887527295192,-0.0003116589465577077,0.01622760816269005,0.024652465769722316,0.003398905875979043,-0.006018987562475692,0.003996691928917994,-0.03018665824167346,0.008591486311824674,0.052862949695552185,-0.05252362385344436,-0.007761765476235012,-0.026448393046901903,-0.013686810937237174,0.005315452269722505,0.0014174424420623772,0.003632506037127849,0.0017358662621684304,-0.0203189263059419,0.0013329034223412944,-0.029871064862270088,0.015950628192937417,0.004366123756246708,-0.0032913651783972346,0.0016491897656174298,-0.002495235468744113,0.004528368331800196,0.01701461943681063,-0.015401697800770506,-0.0006952559509829353,0.017990243936625374,0.06497851354111381,0.0065009044459216165,-0.0012259735454331927,0.004585520754163029,-0.004875288732478455,0.045904759086531105,0.01502440995376888,0.011031344022791939,-0.011733518435394183,0.02065112435180325,0.022965332405501863,-0.022107567436268807,0.0043951361777340645,-0.0007082504467839811,0.00113656010228001,0.002470233592749863,-0.02946468064973247,-0.01118393019886228,0.025185951551693165,0.0021574874713806346,-0.00990097040959747,-0.05235379597994801,0.020998851914798528
GENE170,-9.256109035562944e-05,-0.00018205076831370772,-0.03307776936336001,-0.03234056013072484,-0.01437386683709541,0.005984436080691135,0.006727924399691632,-0.02118284982525816,0.01752400603861173,0.05685622653511516,0.003740992201753564,-0.004122913932845641,0.0283324774763887,0.04304179791350817,0.0028483323924728366,-0.005043998824814662,-0.00127026867505293,0.00959422618778595,-0.0016421454444437097,-0.010104031930182061,-0.03992678791557178,-0.005900247189431174,0.023136476611007054,0.011972923291297809,0.011611737563945063,0.0030964382359279607,0.015131661517040332,0.007230969597712634,0.03874922413407393,-0.0025419145029456787,0.009437064967092519,-0.005039228270458613,0.03762655708572981,-0.02836445934400182,-0.05407895388105665,0.08182182951281174,-0.018041400593029062,-0.06778767598072498,0.013523273462395237,0.0006104610331352786,-0.0031402087322226916,-0.011342041628085935,0.03528156050880654,-0.0066535756963066305,-0.03621822758860322,0.03850692785825848,-0.0032294858434924675,-0.001056995401306994,-0.018514240492691077,0.019692721185150492,-0.02152330568656648,-0.023935252199189867,-0.01613775650246824,0.00320829678054473,0.006328685503979803,-0.0101559151517171,0.0051841990035167845,-0.061836568214284855,0.0023548797323491113,-0.005303134568476241,-0.007063321938803227,0.03241443690275922,-0.0542863226701322,0.02177397893336559
GENE171,-0.0015537551151432,-0.0030559526837507355,-0.0021957202964161607,-0.002146783947141171,0.0011689457199940375,-0.0004866805169676717,0.0022635957446612022,-0.007126924423593054,-0.0001608779711832471,-0.0005219648038215726,-0.0033569022949668237,0.0036996118935039846,-0.009720930133794046,-0.014767727626317888,0.006814281734437941,-0.012067141163467224,0.000784569340933392,-0.005925782367736768,0.0009691319911544075,0.005963016623356566,-0.006779456786431333,-0.0010018454510940832,-0.0016202173555195129,-0.0008384482408024991,0.006125509413649213,0.001633455928409378,-0.004801897878721413,-0.00229468373537506,-0.009535646878117249,0.0006255299205625301,0.017522750065714427,-0.009356843236245001,0.008889197160896842,-0.006701045511461201,0.0002981154182562769,-0.0004510506801100389,0.0023155670763952453,0.008700372782972752,-0.0015888227755073646,-7.172186495425554e-05,-0.0014773825544590804,-0.005336121214282547,-0.007217479889108166,0.001361108978350536,-0.002457025311437837,0.0026122895214016188,-0.0035576809753009703,-0.0011644121115392148,0.0014322834917355831,-0.001523452148737937,0.0036586325458080804,0.004068626537360161,-0.004086937857099815,0.0008125113033658043,-0.0024702680713025683,0.003964145938105026,0.0005957223952604277,-0.007105712667725268,-0.0007566803589556084,0.001704026627662164,0.00017585025167649694,-0.0008069980296361893,-0.04786320972940368,0.019197699698024748
GENE172,-0.00691476680506068,-0.01360008406053626,-0.0022539675835396315,-0.0022037330681951126,0.00095318648091033,-0.0003968510097273037,0.0023144954286610808,-0.007287181926244525,-0.00021987881865199237,-0.0007133916694626519,-0.003438447563558056,0.003789482202208376,-0.00961526365456838,-0.014607202474613338,0.0068154133822668035,-0.012069145153708669,0.0007638575254172888,-0.0057693478694894424,0.0009714393759154429,0.005977213836751738,-0.006550224277667902,-0.0009679702375803426,-0.0016551645589878297,-0.0008565331114336859,0.006088852009329797,0.001623680699875365,-0.004828776590320877,-0.002307528269743116,-0.009502723760346804,0.0006233701934347496,0.01742857996044144,-0.009306558040754821,0.00886633527385364,-0.00668381127278009,0.00022139094295412192,-0.00033496602079061843,0.0023344547097498974,0.008771340043152262,-0.0016514932335983067,-7.455090429149521e-05,-0.0014561352770619475,-0.005259378702789942,-0.00717962378465968,0.001353969882095079,-0.0025590774418312616,0.0027207905244732845,-0.0035536659311650506,-0.0011630980066341717,0.0014160325428034073,-0.001506166783646034,0.003650926945376005,0.004060057431277028,-0.004088715360452868,0.0008128646832351885,-0.0023927545860943315,0.0038397566982867797,0.0005947894683051932,-0.007094584815328627,-0.0007628266339687168,0.0017178678965140918,0.0001691906529712373,-0.0007764363273805543,-0.04786181724041182,0.019197141177489913
GENE173,0.002323542917613163,0.00456998477152916,-0.006340290662438429,-0.006198983648576848,-0.031920799192437406,0.013289950754150938,-0.002717318598911485,0.008555469471500175,-0.009957670152728778,-0.03230742723541725,0.01373185500771669,-0.015133754170500596,0.0018316884924947272,0.0027826428521881765,-0.007158386927195649,0.012676503396775386,-7.928491926338866e-05,0.0005988319350357547,0.0028891300394594368,0.017776660567988125,0.02651346156009022,0.003918070679335009,0.044180349891274624,0.022862942751590006,-0.0030334212979775416,-0.0008089057852899486,0.01478685942017125,0.007066198962520114,0.03418694993876725,-0.0022426333895136344,-0.01460436449171031,0.007798476186754739,0.0393970440393474,-0.029699125843001085,-0.020406013348411713,0.030874438675388572,-0.011899161587272866,-0.044709195716871604,0.05728471506945496,0.0025859187452940795,0.010541938648291345,0.03807616537165368,-0.08180904671781689,0.01542796512200293,-0.03805007695496264,0.0404545353502322,0.007172532132194557,0.0023475357523937116,-0.020485813621239288,0.02178979019167914,-0.04331667962402455,-0.048170837060574664,-0.011761740055714473,0.0023383146689924393,0.013130354283732121,-0.021070847008231506,0.005715457318756892,-0.06817336026787943,-0.005903606824993287,0.013294785717604665,-0.003473510079666369,0.015940356999715785,-0.05384753297955074,0.021597982531160072
GENE174,-0.008632469161731233,-0.016978491040884957,0.01366664079474971,0.013362050310962274,0.010267998879441693,-0.004274993198910524,0.005222300950464358,-0.016442398904044957,0.005912312554257006,0.019182359398335843,0.0157009840652052,-0.01730391363324682,-0.0036744904701776463,-0.0055821689573137935,-0.004257018491245946,0.0075385851468034075,-0.0009764495473028556,0.007375036479892627,-0.0003033658419146853,-0.0018665935856080629,0.02346585768201184,0.0034677059704539175,0.04750983064274805,0.024585919776461632,0.04238436599989546,0.011302405928905423,0.008271898831716456,0.003952893666048144,-0.008611771214727644,0.000564924501998593,-0.026278364143567653,0.014032188604768642,-0.011105212794830911,0.008371570008591676,0.014205673681727564,-0.0214932820752691,-0.007139651959218639,-0.026826099843580864,-0.02358020205411838,-0.0010644460120956397,-0.0025228485566017493,-0.009112213801818063,-0.014536713135363505,0.0027414071210803866,-0.02703932578317888,0.028747993388734298,0.03438288799333694,0.011253356185414986,-0.0004872375400711253,0.0005182515065290375,-0.0017148743723299686,-0.0019070467701081625,-0.10372310450586128,0.020620865248732436,-0.04193383101069597,0.06729303098775982,-0.006776893270305757,0.0808340541529944,0.01286832737034801,-0.028979174935648333,-0.005182079626693656,0.023781188871166967,-0.05319077439162276,0.021334559868609503
GENE175,-0.001912075538568942,-0.003760703547602062,-0.016490896367557222,-0.016123361274031404,-0.01574842765246091,0.006556722677736154,-0.00881509254713586,0.027754292487335366,0.0015465737556540522,0.005017822272545132,0.02390776084499397,-0.02634852867234396,0.007842990812599504,0.011914821987407355,-0.004382932355502818,0.007761561013318203,-0.005612166127018588,0.04238819100517542,-0.008501308507967138,-0.052308090555241694,0.05351113011336354,0.007907695848769648,0.0004719807275495335,0.0002442458780969213,-0.011160721128291246,-0.002976168161901835,-0.04180855819492485,-0.019979062635735945,0.003528161212560911,-0.00023144422515159897,0.011776482387443903,-0.00628843641326191,-0.07178537695323275,0.054114794543775074,-0.016024194558753126,0.024244716681284514,-0.0048591561873249966,-0.018257501875622993,-0.0017898245907825086,-8.079539113585812e-05,-0.0025906411201260075,-0.009357072071804858,-0.03174202379614787,0.005986071903733188,0.003643827387680918,-0.003874087929954767,0.002354610935332127,0.0007706529928058461,0.03653126300711222,-0.03885657514411425,0.0647434254758966,0.07199870872865911,-0.03624789645540525,0.0072063306619861885,0.012776970620156187,-0.020503756970180555,0.004738110758420072,-0.05651567559831856,-0.002665586616874157,0.0060028392698896265,0.0051970995028442135,-0.023850116895684254,-0.053475417007191134,0.021448728631753518
GENE176,0.0026309340551724397,0.005174567026885964,0.0193533556994321,0.01892202454322965,0.04035168681703467,-0.016800078450804046,0.0069768077521102706,-0.021966458315052492,0.008682270860529254,0.028169424148667802,0.007448239565079884,-0.00820863798209396,0.01863631692438904,0.02831169944739697,0.0034677649241968496,-0.006140927318945913,-0.0039035748984176505,0.029483353602193542,0.006517679124534776,0.0401029264538096,-0.029461710073431027,-0.0043537529846924845,-0.06688575423248828,-0.034612789932120434,0.06068456660733306,0.016182419843616867,0.03681870344847372,0.017594559920818056,-0.018859057879005426,0.0012371373570911916,-0.052592228251350265,0.02808333357191309,0.024106273942701054,-0.01817230913860259,0.012774094923212877,-0.01932729355835013,-0.00026482934575636447,-0.0009950538921704249,-0.018335657582919978,-0.0008276993364383596,0.021972907256020725,0.07936339588849207,-0.0016459981484327486,0.0003104106824823612,-0.007681303095998064,0.008166699583833509,0.02439263350111691,0.007983593267137372,0.02106707019866731,-0.022408045297571115,0.03197931999791014,0.03556298927568022,0.010475255289940755,-0.0020825526656668477,0.012549645195781414,-0.020138958036763712,0.0001326148197582128,-0.001581815308905173,-0.03073790704381679,0.0692210541232425,-0.003657335560755816,0.016783954319718606,-0.05332762707553676,0.021389450811851722
GENE177,-0.0034883868752290993,-0.006861020201587396,0.0004690696027651863,0.00045861537781094784,-0.00016212717840883006,6.750025912501412e-05,-0.004794528522172098,0.015095558694556971,0.0003622240821362405,0.0011752275378698626,-0.02144813718234594,0.02363779950708918,0.016206635946778496,0.024620605446889376,0.0035272039725801874,-0.006246185571456115,-0.0031505261483160928,0.023795643450167835,0.0034919689592521077,0.021485895773038617,-0.0015047313084868455,-0.00022236416043545606,0.02201450906389208,0.011392314947046695,0.011219311217273428,0.00299179205890797,0.02809488052015231,0.01342570521180409,0.038136922123062904,-0.002501748037765406,0.033795393429544573,-0.018046151274291208,0.026624851899880862,-0.020070917664179348,-0.04160203642248252,0.06294416750429342,-0.01016642964440378,-0.03819873269051645,0.02045563201598563,0.0009233981911721124,0.0044450938194818745,0.016055123541298615,-0.032483140701820123,0.006125835490167608,-0.020404011434059587,0.02169338061583229,0.012602558103957,0.004124757502007836,-0.0058534548165850905,0.006226042797618258,-0.021590597258557172,-0.02401008460504432,-0.0067625324226079225,0.0013444378713028473,-0.012407986162396726,0.01991163166343898,0.004209255121389307,-0.05020754243202145,-0.0027356418205001826,0.00616060196449651,-0.001453997860839491,0.006672571677358776,-0.05171937561170121,0.02074438900308082
GENE178,0.0006364954120250832,0.0012518702874190287,0.03974641516485767,0.038860580817873615,-0.038452196199469865,0.016009241836306115,0.006482000407165543,-0.020408558871223878,-0.005411266211487271,-0.01755672629216538,-0.021160376501429434,0.023320661043096783,0.0012919278304442477,0.0019626556358574303,0.01300078499173674,-0.023022574329196795,-0.0008924838178220584,0.006740850802103146,-0.011491783432236785,-0.07070832070748741,0.04667528917608289,0.006897518136431062,0.022121854055094446,0.011447865036499827,0.026935986863932615,0.007182871571856989,-0.0037888003587293845,-0.001810554655542639,0.021047224610513886,-0.0013806791408026203,-0.029064584976702165,0.015519981985342346,0.009385907674141148,-0.007075486498091081,-0.027075458923505907,0.040965355744359715,0.003255547820253804,0.01223220002466709,-0.011566497847481047,-0.0005221292200712835,-0.0032666671150838444,-0.011798793508279053,-0.010529403408967353,0.0019856883201358386,0.01396048440001328,-0.014842674571595408,0.022203972288511346,0.007267254831593798,0.047987554194886796,-0.05104208976275637,0.03925733411762951,0.04365659283275155,-0.012567862364954892,0.002498577318207455,0.03379260118682593,-0.05422844762841018,0.001112408062276573,-0.013268683740430545,0.021826794884070994,-0.049153436109147366,0.011450100539017525,-0.052545893372533285,-0.05474445835099172,0.02195773491780029
GENE179,-0.0041178386431381855,-0.00809903692680095,-0.0022136508192117993,-0.002164314849672044,0.0010632504989071974,-0.00044267521889462336,0.0022836170624092535,-0.007189961482567761,-0.00018604419127640087,-0.0006036160145947374,-0.0033919189792081935,0.003738203466956898,-0.009644749319350584,-0.014651996157974021,0.0067934890775109,-0.01203032027227424,0.0007721950660325572,-0.0058323205713152314,0.0009682701450792724,0.005957713731160517,-0.006657377123096796,-0.0009838049267223382,-0.0016348816741326875,-0.0008460368967947929,0.006090036305468778,0.001623996509617639,-0.004804427858184555,-0.002295892737080538,-0.009495339708209748,0.0006228858062079819,0.017436958313140252,-0.00931103193511996,0.008853914584033642,-0.006674448041628719,0.00026663726492606114,-0.00040342401741926307,0.0023176348853804238,0.008708142244370972,-0.0016156291749419198,-7.29319463993283e-05,-0.0014626495027803355,-0.005282907272249205,-0.0071810665660905675,0.001354241969137859,-0.0024988882256023865,0.002656797834563195,-0.0035521447041679975,-0.001162600116252187,0.0014208496017029636,-0.0015112904611676082,0.003647521713180486,0.004056270601661564,-0.004073557128539788,0.0008098511226675815,-0.002427122687379058,0.003894908675795196,0.0005933669114043529,-0.007077616709594677,-0.0007587431185002814,0.0017086719143396716,0.00017214779607266595,-0.0007900070139929335,-0.047735694690460524,0.019146554038582987
GENE180,-0.008483129397837082,-0.0166847669862929,0.0009506111735919841,0.0009294247590512141,0.002516777946089732,-0.001047838895292731,-0.004507382965663091,0.014191481769763136,0.010505234492733032,0.03408398689245264,-0.02076774953720337,0.02288795038936528,0.015967869032639782,0.024257878351266672,-0.014151933747898785,0.02506109798907869,0.006555737601353043,-0.04951490232766904,-0.004648920602558169,-0.028604556537950417,-0.009151590465290162,-0.001352391432935494,0.047495726390779466,0.024578620950034873,-0.011974792192093906,-0.0031932520182009912,-0.020208503613514017,-0.009657040972005744,-0.032055637090041375,0.0021028211697442204,0.08053003206077884,-0.043001634045836234,0.0016478368295701972,-0.001242207748409191,0.016153194422474024,-0.024439894363155808,-0.016483852326745374,-0.06193543758854291,-0.006040353888457487,-0.0002726707173005957,0.023593246659331175,0.08521585938093625,-0.00111341959900505,0.00020997431737282142,0.02417762653839843,-0.02570545780078504,-0.014101944133048413,-0.00461549943875443,-0.00960386290233444,0.010215174341649839,0.00236635195004364,0.0026315302835512753,0.02211525252136223,-0.004396664025409757,0.021911856469553077,-0.03516290309914401,-0.004743150048833716,0.05657578371245375,0.0015387623331585749,-0.0034652571040218816,0.003143120496136739,-0.014424159323686814,-0.05480811417254844,0.021983266956984764
GENE181,-0.004671913932325383,-0.009188801877847005,-0.002241577742285223,-0.0021916193612006424,0.0010448361562085718,-0.00043500856537008573,0.002295304923530483,-0.007226760678307954,-0.00020013802871606028,-0.0006493431395713426,-0.00340325478699292,0.0037506965589857422,-0.009680537234597778,-0.014706364019630281,0.006835576689952857,-0.012104851555300554,0.000774904700962741,-0.005852786202655314,0.0009715596976720071,0.005977954169999517,-0.006651286899053168,-0.000982904933780948,-0.0016402407991543194,-0.0008488101968901915,0.006120570456806778,0.001632138883933621,-0.00482393849791866,-0.0023052162897247977,-0.00953618479833781,0.0006255652076486745,0.01749654418708287,-0.009342849753640742,0.008896773453761928,-0.006706756835259986,0.00024368625571750705,-0.00036869898248719385,0.0023330869834564567,0.008766201030450229,-0.0016270007821503065,-7.344527796096445e-05,-0.0014693892471959724,-0.00530725038706843,-0.007209864487685001,0.0013596728273102758,-0.0025226030701372202,0.0026820112662651954,-0.0035530892516147956,-0.0011629092621521762,0.0014257325324368117,-0.0015164842034410765,0.003658247409556769,0.004068198241937497,-0.004102835904082079,0.0008156719442480943,-0.0024297323585589473,0.003899096527926601,0.0005970597463426774,-0.007121664447618041,-0.0007599669402122489,0.0017114279324654605,0.00017244708975556658,-0.0007913805088277567,-0.04796751351524512,0.01923953543719213
GENE182,-0.002111688240386562,-0.0041533052940967725,0.005302111401085718,0.005183942444938637,0.010018517372942758,-0.004171123715084126,0.005294350766598015,-0.016669247534384063,-0.004233295662233016,-0.01373482847652788,0.04114146664135588,-0.045341641170424406,-0.022105512261065136,-0.03358199057277135,-0.010373388130470725,0.01836982147087246,0.004018357677531295,-0.03035029771166245,0.009385056118254182,0.05774574171018029,0.031153706449930915,0.0046037905506014646,-0.027989892073856715,-0.014484523134890931,0.04885202875246544,0.013027102007666935,0.019553818318072746,0.009344186401336432,0.04876514155745658,-0.003198949742431845,0.03901565178262543,-0.02083367828228478,-0.020401827243439485,0.015379743569718777,-0.004431311051008906,0.006704604126243946,0.0012923763273821028,0.004855897261078317,-0.02535965524429988,-0.0011447732225070002,0.001089279378207741,0.003934341028188549,0.01462709625551774,-0.002758452028474612,0.023762913022831008,-0.025264537731276585,-0.007511897182866097,-0.002458608324099319,-0.0037086993671245775,0.003944767954437913,-0.007008841083427419,-0.007794266429091569,0.008385019104347248,-0.0016669993622204088,0.0079011736610481,-0.012679354859730223,0.0010542399774549661,-0.012574861079968644,0.017081602639935852,-0.03846737317427633,-0.0038755043419423825,0.017785157189018477,-0.05125993697098823,0.020560110407810358
GENE183,-0.0032672557259189657,-0.006426095596925384,-0.0022479761775710586,-0.0021978751935946275,0.001119572506365553,-0.00046612440326447395,0.002315680537463863,-0.007290913237761203,-0.00018151189907192173,-0.0005889110988503978,-0.003436501620944698,0.0037873375963176164,-0.00984118792122846,-0.014950419428988199,0.006921641224223077,-0.01225725982438607,0.0007903648368454013,-0.005969555232282827,0.0009852744785020322,0.006062340473229203,-0.00681535278189923,-0.0010071500412559351,-0.0016572236871225218,-0.0008575986921449658,0.006210382343972719,0.0016560885262614825,-0.0048866366740173235,-0.0023351778775313227,-0.009675995203562377,0.0006347366453908421,0.017770862812809523,-0.009489331120325796,0.009022227445763076,-0.0068013292578058965,0.00027977447802787883,-0.00042330071128161714,0.0023579281950974005,0.008859537908427174,-0.0016338412279617727,-7.375406603870369e-05,-0.0014939008049257934,-0.005395783071309507,-0.007319687220680245,0.0013803837555294767,-0.0025278819934362725,0.0026876237749984978,-0.003613674518057154,-0.0011827385325437767,0.0014498091422597051,-0.0015420933535713818,0.0037144024914136224,0.004130646179353951,-0.004151408115782291,0.0008253284333888187,-0.002484956480434074,0.003987717063066039,0.0006047749233050237,-0.007213690248748219,-0.0007707740193284533,0.0017357652241148408,0.0001765206147116935,-0.00081007440651588,-0.04861861376081575,0.019500688566253904
GENE184,-0.00046121105003205505,-0.0009071179443815154,-0.002278506766675962,-0.00222772534285733,0.0012464107075275217,-0.0005189323996127292,0.0023128170654429813,-0.007281897604678292,-0.00017052284214998063,-0.0005532573614353067,-0.0034130319539749463,0.0037614718869735967,-0.010045236110909971,-0.015260402943568181,0.007047587992096249,-0.012480293958611426,0.0008158404296432553,-0.006161970116134337,0.0009949928178336436,0.006122136888490234,-0.007002964904458672,-0.0010348747332891508,-0.0016490419823402224,-0.0008533647318321033,0.0063351090325468136,0.0016893487067826723,-0.004930600503480659,-0.002356186880005402,-0.009835253629295208,0.0006451838559126758,0.018052130264117703,-0.009639523038802007,0.009176208059863489,-0.006917406231270784,0.0002847176235938223,-0.00043077972455252584,0.0023891759382334557,0.008976946303408114,-0.001618628050247557,-7.306732016977807e-05,-0.0015320824698926846,-0.005533690475056425,-0.007445123628456044,0.0014040391897612128,-0.0025152229837987214,0.0026741648179118283,-0.0036320615769673084,-0.0011887565297276754,0.0014794572534786836,-0.0015736286459930228,0.003759709922477108,0.00418103085561114,-0.004235871518273586,0.0008421203376566296,-0.0025603550914973174,0.004108712472939723,0.0006166175449428148,-0.007354947766109072,-0.0007717386015809607,0.0017379374409873857,0.00018304755427858357,-0.0008400273199738786,-0.0493559504171276,0.019796430698556494
GENE185,-0.004577129883640076,-0.009002378956285199,0.018160333812244304,0.017755591714702763,0.01853335192271061,-0.007716201993480266,-0.003819220600612217,0.012024804624142743,0.012498973290900542,0.040552625656368115,0.0039374417796779896,-0.00433941924968293,-0.0067732839104872175,-0.010289757312220382,0.0070100011630743414,-0.012413732934371422,-0.007512736880423412,0.05674303266360615,-0.001029136838525209,-0.006332223197508153,0.01687960998225312,0.002494412312031971,-0.04492079754351159,-0.023246117903558766,0.06463979206668259,0.017237138078213,0.030139073314676502,0.014402563961414514,-0.008452106983044648,0.000554450670968609,-0.00693189364057234,0.003701510429694171,0.029865169511727713,-0.022513603476583578,0.011976080267218806,-0.018119891890132578,-0.0025930427967995615,-0.009742943404377718,-0.005147507906402205,-0.0002323662982463772,0.0031044724157940507,0.011212966517755206,-0.015714093999818386,0.002963443578426171,-0.015557855370418332,0.0165409865215602,-0.025476100390288227,-0.008338206841812936,0.012220849683342585,-0.012998739297715752,0.016067841924985945,0.017868437793516007,0.02984802306708356,-0.005933991896401648,0.011632567409350333,-0.018667283677109667,-0.0018210258384034608,0.021721000370557554,-0.02164152901264448,0.04873622166136819,-0.005930858219937566,0.027217424211297542,-0.0505369824576256,0.020270136882814333
GENE186,-0.002867104631853474,-0.005639071439838359,-0.0022106602315348617,-0.0021613909136735244,0.0011189565616208878,-0.00046586795995694463,0.00228149784989972,-0.007183289148327605,-0.00017345753892545783,-0.000562778916284732,-0.003386870504810478,0.003732639588629592,-0.009713082540315186,-0.014755805812106403,0.006824429842516329,-0.012085112045431968,0.0007806462186734398,-0.005896151374653543,0.0009719538556440396,0.005980379402641654,-0.006740412260409444,-0.0009960755816167172,-0.0016335044824684012,-0.0008453242122131637,0.006126435284554343,0.0016337028253148923,-0.004819176102657531,-0.0023029404831118394,-0.00954566969563661,0.0006261874084421503,0.017536463782472717,-0.009364166122059859,0.008899287154836262,-0.006708651767388998,0.0002847616287080111,-0.00043084630459324475,0.0023237542220532416,0.008731134672783344,-0.001607851414492208,-7.258084652008546e-05,-0.0014743856830783813,-0.005325296889260738,-0.0072221376502478105,0.001361987362579326,-0.002486065391538327,0.0026431647006657606,-0.0035678758288926497,-0.0011677488387724737,0.0014310543976767088,-0.001522144819570354,0.003665278214324225,0.004076016933346844,-0.0040921433522499336,0.0008135461915380674,-0.002456276209721324,0.003941692593102441,0.0005963225834265498,-0.007112871647627599,-0.0007604693095505619,0.0017125592565698435,0.00017450778775827527,-0.0008008373006833772,-0.04795061697183467,0.019232758316138993
GENE187,-0.0008107025895247005,-0.001594504005190908,0.012172796499261694,0.011901499548500921,-0.0056072225448185265,0.00233451897738999,0.002571463511261384,-0.008096245164804597,-0.01441032989657898,-0.04675397732917663,-0.005084583051354018,0.005603673350430709,0.030464049210487877,0.046280013840572766,-0.014278976411508406,0.02528607280158096,0.004664776022286151,-0.03523263790732606,0.006388441577269601,0.0393077348289964,0.039618376408156145,0.00585467116829871,0.046969073560223604,0.024306082739165947,-0.03819062440766823,-0.010184083908084191,0.0176962243227949,0.00845649765085937,-0.056898024866302264,0.003732459625415394,-0.01122830204710218,0.005995717662464357,0.008409942389987074,-0.006339763387403795,0.012171907308024137,-0.018416179550983888,-0.003766425476413146,-0.014151741073769038,-0.036480274708984385,-0.0016467748174914985,-0.0144994806862307,-0.052370312788880435,0.016181258415887367,-0.0030515438143594096,-0.014712786838302272,0.015642516464685913,-0.0035815507800114024,-0.0011722245854235893,0.03497942536650252,-0.03720595890667255,0.015334715662781724,0.017053155873757678,0.08513509516108872,-0.016925441381824547,-0.019509000322180645,0.03130693598888769,0.0018444708936963853,-0.022000650468845202,0.00238771457267636,-0.005377077867744809,-0.01233963558405861,0.05662807705891694,-0.05403884374722317,0.021674716345870062
GENE188,-0.001353300078234762,-0.002661694217895099,-0.0022368549173062816,-0.0021870017945340224,0.001175973593779034,-0.0004896065118948653,0.002257790014697247,-0.007108645100187144,-0.00018120370589017165,-0.0005879111733014257,-0.0033281898840556746,0.0036679682031120087,-0.009764540240562562,-0.014833978712340325,0.006869981582287065,-0.012165777814103811,0.0007917532115880659,-0.005980041503082167,0.0009682156505737579,0.005957378429421212,-0.006770248925874213,-0.0010004847442551643,-0.0016075433839953805,-0.000831889571934902,0.006166646784404624,0.0016444258049701527,-0.004801676911399593,-0.0022945781416843537,-0.009571274886432477,0.0006278670860947787,0.01755336297631257,-0.00937318999713573,0.008934075126654804,-0.006734876383424405,0.000252562364263257,-0.00038212859582188957,0.002331569106539376,0.008760497850804967,-0.0015849716187864907,-7.154801791070679e-05,-0.0014897060068172826,-0.005380631984606273,-0.007242547491993512,0.0013658363540934903,-0.0024677079393277393,0.002623647205332643,-0.0035251895104192812,-0.0011537778091685001,0.0014377726355670791,-0.0015292906911864624,0.0036557492639931926,0.004065420148973286,-0.004132088398734935,0.0008214875410073657,-0.0024793426332023333,0.003978708279784836,0.000600987947404614,-0.007168519607452949,-0.0007504283025395858,0.0016899471415430288,0.00017723085988844046,-0.0008133338073568015,-0.04806603464414475,0.019279051780897803
GENE189,0.0011600438347435535,0.0022815944645989293,0.01796517975379572,0.01756478708417642,0.018606887414065545,-0.007746817864119895,-0.00381239496395968,0.012003314127581998,0.012413374793404534,0.04027490333910945,0.003976936082912057,-0.004382945566844275,-0.007011500572122011,-0.01065164848175401,0.007114155445589273,-0.012598175620903672,-0.007401683366646257,0.05590425536314109,-0.0010098854580586256,-0.0062137704967484995,0.016410275631333363,0.0024250556512664277,-0.044475348706661186,-0.023015602045700342,0.06422056654750297,0.0171253455131541,0.02982216042842119,0.014251120747921075,-0.008587498694574747,0.0005633322463499897,-0.0064891379347588275,0.003465086596921698,0.02979631893495176,-0.022461701056138296,0.01188508976612835,-0.017982222635585143,-0.00253448174104366,-0.0095229096075447,-0.005052946012364428,-0.00022809763121910958,0.003017021277834927,0.010897103932896418,-0.01574104552297325,0.0029685262334123927,-0.0153590043633082,0.01632956973241449,-0.0252493571745575,-0.008263994862594121,0.012151694067634292,-0.012925181742974641,0.01597366677996132,0.017763709185379086,0.029456055621118207,-0.00585606607723486,0.011400005925059775,-0.01829408221204599,-0.0017878493211654085,0.02132527444068649,-0.021437247399599006,0.04827618420426851,-0.005865004417771876,0.02691521316476719,-0.05100814197002473,0.020459116662483196
GENE190,-0.0018586000989030103,-0.003655527119367556,-0.00934514438560154,-0.009136867743797334,-0.032441187136119924,0.013506609807794815,0.004261503633287292,-0.01341733142807774,-0.011040072100163263,-0.0358192549641772,0.03263827889964501,-0.03597035427026557,-0.023821748085616695,-0.03618924140686596,-0.004386053309403621,0.007767087786757925,0.003837157753003045,-0.028981710817191763,0.00046564202631193185,0.002865070154296662,0.022957561907512487,0.003392591720812082,0.022543021297265448,0.01166581538253148,-0.008529140582337861,-0.002274419041363937,-0.01754232530409067,-0.00838295390127518,-0.011876037470776035,0.0007790574536426836,-0.032313633537128704,0.017254917308442128,0.02319712187056398,-0.01748695259830339,0.0207243687781498,-0.0313561126322098,5.225330783652782e-05,0.0001963334433128638,0.03786530384767556,0.0017092971292124134,0.005159113718642207,0.01863407421309507,-0.060144396371144423,0.011342335435084127,-0.021893119439025832,0.023276588252928672,-0.008663494704474015,-0.0028355207316734356,-0.014212690809495871,0.015117366413850282,-0.020115062345252836,-0.02236919817277695,-0.009534259548277328,0.001895476252162757,0.02395399025060395,-0.0384400034378736,0.0023380725535827574,-0.027888277986914366,-0.004187939323044403,0.009431142274328223,-0.0020150200172039602,0.00924717006691207,-0.051311810374389026,0.020580916576607357
GENE191,-0.0075905667202030265,-0.014929259130809412,-0.002246724563218728,-0.0021966514741600654,0.000922502844427716,-0.0003840761410483013,0.002314920614115821,-0.0072885206213755315,-0.0002226855818064457,-0.000722498146679584,-0.003443553433827561,0.0037951093360108924,-0.009565414411309222,-0.014531473091036124,0.006784804700167037,-0.012014941452993028,0.0007576895808758759,-0.005722761933611296,0.0009689915672622638,0.005962152602757881,-0.006504189423174704,-0.0009611673607395192,-0.0016568790390409944,-0.0008574203397920099,0.0060584835404616025,0.001615582507192986,-0.0048176954868505845,-0.0023022329409907124,-0.009463642134471477,0.0006208064736743887,0.01735922391817994,-0.00926952312257739,0.008828667172587778,-0.006655415495709998,0.00021979068079422469,-0.0003325448131261576,0.0023268184930587865,0.008742648180782334,-0.001654981903220875,-7.470838811876327e-05,-0.001446874897006974,-0.005225931366949606,-0.007148845406327518,0.0013481655393423938,-0.002561986209020419,0.0027238831023205937,-0.003548613415087516,-0.0011614443420826636,0.0014087805295309305,-0.001498453160423831,0.0036396094759475186,0.0040474717026267835,-0.004068299535385145,0.000808805877054359,-0.0023743843119043593,0.0038102771253375753,0.0005919159428231229,-0.007060309712392301,-0.0007624689252254429,0.0017170623447163309,0.00016760901275617604,-0.0007691779895335557,-0.04768083278804767,0.019124549197425435
GENE192,-0.004388845467821883,-0.008632057880447548,-0.022378255578135692,-0.02187950802229996,-0.0066437759274584444,0.0027660790810793987,-7.939663692743973e-06,2.499800736106644e-05,-0.0011926805578421447,-0.003869624093448714,-0.03565988676284918,0.03930044117955181,0.01970138004705736,0.029929709440671467,-0.014633500533906173,0.025913885504013974,-0.0006406715644418618,0.004838935275707387,0.0004671971424103162,0.0028746386993760377,0.028083506658375418,0.004150086693195752,0.01664369276899404,0.008612964720493096,0.004102529105407236,0.001093998888282317,0.07788321667091261,0.03721806566220148,0.01662128299469016,-0.0010903413228508204,-0.035801968396564264,0.019117627346125682,-0.0007818726273593363,0.000589408015735793,0.03488889104631265,-0.05278713233546025,0.004521653428619967,0.016989389262545104,0.05115399513572843,0.0023091687679358554,-0.004961396496543777,-0.0179199443080908,0.054374608679602865,-0.010254239596815606,0.046991769629536266,-0.04996127098240246,-0.09787216530808737,-0.032033095563792385,-0.02267594246836692,0.02411932657007183,-0.0023885201824551143,-0.002656182734308333,-0.04413116538819622,0.0087735786455187,-0.018277362123490855,0.02933047294049703,0.003092220364652855,-0.036883671977625564,-0.010249369849023852,0.023081343308023042,0.014235139968686182,-0.06532677546269287,-0.056999584230402564,0.022862254895857026
GENE193,-0.001239049622740951,-0.0024369844276049685,-0.007510853446201552,-0.007343457923103154,-0.01864714887795372,0.007763580379028851,-0.006997215927552364,0.02203071339431731,-0.003929045574605976,-0.012747696203958644,0.018559546230086203,-0.020454309341625683,-0.0009357284609385222,-0.0014215288921064658,0.00786007221486792,-0.013919090032999275,-0.003213612989768988,0.024272132745900094,-0.0015508194147509286,-0.009542107818530765,-0.0021307090486769,-0.0003148690573993238,-0.026008066541088937,-0.013458945840668588,-0.01828484205397961,-0.004875918333673268,-0.002838026637547423,-0.0013562082597810474,-0.02150711422334655,0.0014108474887559144,0.04224544380665574,-0.022558330950456302,-0.07686216439206772,0.05794188748185295,0.008825002018666765,-0.013352288807393958,-0.00988706581189253,-0.03714906778997902,0.01191472181024444,0.0005378485768274799,-0.005991068364869716,-0.021638990457484908,-0.010040086257347867,0.0018934104089315066,-0.01734875274290782,0.018445054183494913,0.007779015935019936,0.002546035024915612,0.00903829232255644,-0.009613603688914394,0.02313335593129631,0.025725728031394814,-0.027757414757796812,0.005518364612210278,0.004718036487106525,-0.007571237062678044,0.003146192025060346,-0.03752744013894866,-0.011746342603864769,0.0264524912504033,0.0013367224087479565,-0.0061343804728526494,-0.051423028057577716,0.020625525446238722
GENE194,-0.0025954246140683797,-0.005104726438248271,-0.0024772401081355542,-0.0024220294843748146,0.0030990764379996644,-0.0012902738742869453,-0.0025598008510442144,0.008059525314035733,-0.006019154264893633,-0.01952900482232918,0.003406768210628449,-0.0037545686716436433,0.04526126379946869,0.06875947122485898,0.0015039611898922094,-0.0026633052007690966,-0.0034129021832958947,0.025777346278311377,0.007906026346711085,0.048645351675955885,-0.03957523037866389,-0.005848295192354716,-0.0247342937125041,-0.012799779597527868,-0.011995156991457335,-0.0031986825873185033,0.034365619170523394,0.016422304130234603,0.013029608093187716,-0.0008547306564178173,0.01079186052621343,-0.0057626654944308965,-0.0561934188212595,0.04236092980616213,-0.02847202297873874,0.043078366774163365,-0.017891865901725756,-0.06722582330472031,0.01782792867031869,0.0008047796848150956,0.017569549060858756,0.06345901620811094,-0.019842856780759425,0.0037420666126376663,-0.025380625383181258,0.026984476483196063,0.06624161126562114,0.021680565228036994,0.010403914166105819,-0.011066150998104802,0.013769303780010586,0.015312320671424172,-0.04397603686836738,0.008742738030799098,-0.003377055073101584,0.005419306230895501,0.007822176823336567,-0.09330208396558488,-0.021851229444905067,0.0492084621737257,0.0015534939937212682,-0.007129171440092112,-0.05747281664227874,0.023052066105384655
GENE195,-0.008576383501958213,-0.016868180786178293,-0.019880645790156914,-0.019437562840207895,-0.010506741307245267,0.00437439155950019,-0.018211049502821236,0.05733743482555759,-0.014484864881462717,-0.046995804339279884,0.0008434564307749822,-0.0009295657629423826,0.034163835026388756,0.05190061068191836,0.00896504832070706,-0.01587584837835002,0.0005048825887313011,-0.0038133332339020227,-0.0052968470991400455,-0.03259121315964598,0.002454437010429121,0.0003627084929311325,-0.05554797134359733,-0.028745586939012198,0.0337766054022191,0.00900702172016247,-0.00390878064515393,-0.001867889654906867,-0.035187329910406115,0.0023082574223869286,-0.014060196497902522,0.007507899959100586,0.03602598082551897,-0.02715787857297255,0.013944948069635981,-0.021098802429284677,-0.004077325403321566,-0.015319897803003467,0.07687538691996293,0.003470271325387325,-0.008370590369053995,-0.030233526658035862,0.009830787176391803,-0.0018539397262807176,0.07011490637338563,-0.07454560372683859,0.002354382919880526,0.0007705783644311343,-0.025536186945952975,0.027161633222656238,0.0008032628473081486,0.0008932781568294916,-0.019320173857079265,0.0038409831983617568,-0.019433403301275208,0.03118562218216595,0.0010279077810513623,-0.01226077347298286,0.009749239308402248,-0.02195506092413364,-0.002822578288690204,0.012953152445055481,-0.05373859356739894,0.02155428746491616
GENE196,-0.006905255838131131,-0.013581377724750014,-0.013525218092945946,-0.013223779518234202,-0.05409977060508066,0.02252397513038234,-0.014989581970837752,0.04719465394798432,0.012069619640807211,0.03915959780990567,0.0030866037005264323,-0.0034017182383084773,0.005397277192512885,0.008199371706796283,0.013179711282140242,-0.023339427797881472,0.0015845937334907348,-0.011968295364146462,0.005556576977469202,0.03418931702598844,0.0019284572600952866,0.0002849809644808955,0.03441935823571502,0.0178117153627394,0.049434802201349305,0.013182507000250936,-0.006811755599893922,-0.0032551347777913455,-0.00017337068680905006,1.137296224745428e-05,-0.01101151853084017,0.00587995904179904,-0.004014240770387592,0.0030261011888292237,0.01704644622184146,-0.025791390484930073,0.0019458144605060108,0.007311086491717417,-0.040403172564999756,-0.0018238603644741974,-0.0028059660928776093,-0.01013479897239355,-0.015163782223360954,0.002859662991388476,-0.015413062850919746,0.0163870442810388,0.0209319418134872,0.00685092528949872,0.01033344506766859,-0.01099119635396255,-0.008604571584733016,-0.009568817817566718,-0.05706825102603094,0.011345560085141159,-0.01928249193339451,0.030943448187793262,-0.0030221622977060917,0.036048026889006816,0.0055407033068902165,-0.012477535407350483,-0.0012931270518540608,0.005934316118211872,-0.05167301820219669,0.020725795272499833
GENE197,-0.009752352134965048,-0.019181096421994354,0.005385444220783301,0.005265418013520326,0.03331951175978463,-0.013872292725828605,-0.0021530080463561902,0.006778739386640581,0.00824234595242183,0.026742098103546632,0.01658761507193628,-0.018281061708890947,0.01723171894930236,0.02617787891427214,0.01076916835305267,-0.019070692964262944,-0.0027644339175854093,0.02087952321219949,-0.0016536545377391334,-0.010174846757538627,-0.09133761296942906,-0.013497566980640934,0.02559564238980078,0.013245519967322343,0.011963478491000637,0.0031902350557134894,0.022613068586304637,0.010806110834187359,0.02348697362176576,-0.0015407244974221114,-0.026470066808589737,0.014134554487854369,-0.00671095197374521,0.005058993943694582,0.028932594307141297,-0.04377521436470698,-0.001423858449503195,-0.00534992029690374,0.07201413726315267,0.0032508271578120837,-0.01248970913983075,-0.04511126904815399,-0.041972093716740946,0.007915310395838532,0.06887345463010716,-0.07322570223246129,-0.026270765890770698,-0.00859829709155723,0.00877997868191364,-0.009338847697411484,-0.006099594904013312,-0.00678312822697842,0.01372580529075477,-0.002728784321288743,-0.013798151419014333,0.02214248993316902,0.0016057518683638102,-0.019153235606106225,0.010003575391293805,-0.022527819887007406,0.0009453775608111247,-0.004338451731311483,-0.05425262040532287,0.0217604611195241
GENE198,-0.002786082880865277,-0.005479716445630189,-0.026195801049702448,-0.02561197128240559,0.040208855919387686,-0.016740612032546304,0.007421846598717296,-0.023367661790898164,-0.00515205731613777,-0.016715729111413096,-0.012716822340635666,0.014015095777299882,0.04027300838896717,0.06118147238946972,0.001357038819176022,-0.002403126203686909,0.008152438147692256,-0.06157463937116699,-0.005453599418668047,-0.033555701687139505,0.009312204833373913,0.0013761264871022408,0.015442725676565766,0.007991474805896478,0.007868972545197353,0.002098375659304775,-0.051040012931947175,-0.024390499441331013,0.08341469159961859,-0.005471929285659204,0.057748201879553096,-0.03083653365685271,0.006614709285798231,-0.004986442213726156,0.027317678674355767,-0.04133183589488712,-0.005689075750803051,-0.02137579184258012,-0.004879958980487966,-0.0002202887347632561,0.00015100668661536897,0.0005454172864782526,-0.008307816803216128,0.0015667302458875461,-0.008565348133456014,0.009106609147259217,0.022414073573066504,0.007336019985659541,-0.016460392424813678,0.017508140220387124,0.0033628530985641138,0.003739701428539853,0.03537099713083186,-0.007031997056229638,0.010787853975138735,-0.017311735521023063,-0.004988788636080242,0.059505734365590986,-0.017624426163047557,0.03968979916506213,0.008147084371298276,-0.03738795351293709,-0.05445662627181183,0.021842286876376026
GENE199,-0.004375073233778748,-0.008604970410115096,0.03960097907460745,0.03871838608369298,-0.03148536383533231,0.013108660980744752,-0.00805115715922526,0.02534904420614993,0.000586723422756708,0.0019036103824789337,0.009821369586751607,-0.010824043281845226,0.0003848303292047317,0.0005846219863554174,-0.005883866333990086,0.010419505445513422,0.0035693908327761085,-0.02695929111282658,0.004866305915778255,0.029942116589873828,-0.0318139594847625,-0.004701360535978646,-0.01303634400052434,-0.006746193439108348,0.0021070845913108345,0.0005618846670401943,-0.024584788553734062,-0.011748336981900125,0.004875519318571181,-0.0003198297138123961,0.0032056415259352914,-0.0017117567229618241,-0.009098354911563133,0.006858717299017332,-0.02143967446199764,0.032438375056184424,0.011077031062625795,0.04162017181702828,0.0640733442525004,0.002892367741996672,0.0023404144491822126,0.008453284597680428,0.009167023249081398,-0.0017287637569865094,-0.033288190954204024,0.03539173650807722,-0.03460392426330863,-0.011325700308352171,-0.009005367902242068,0.009578583541602008,0.025035011308322128,0.02784048687503697,0.018805288710510692,-0.0037386204964686516,-0.011895223061497075,0.019088778553990094,-0.0027260931105765693,0.032516545463686666,0.0048445029301873044,-0.010909708297726844,0.0024219749368475547,-0.011114735311613309,-0.051801423179180885,0.020777297881743945
GENE200,0.0029045802752111867,0.005712779189391777,-0.009675722628253714,-0.009460078339317278,0.005479814596098846,-0.0022814737715366037,0.0026357897292511954,-0.008298776069517776,-0.0075053257459185225,-0.024350853331686097,-0.02614803604544485,0.028817515865905998,-0.010123297875021866,-0.015378991890774173,0.03134763528320199,-0.05551228358985839,-0.002440760387961095,0.018434845865428186,0.003392691931875648,0.020875049603513558,0.014314980311120865,0.0021154199162243584,-0.016957197013455282,-0.00877520041149808,-0.009739825183528165,-0.002597265649817724,0.04992758880210332,0.0238589051379811,-0.02729898725116025,0.0017907891876581695,-0.02630909550094763,0.014048598614177009,0.0037627277336641472,-0.0028365002299009377,-0.013214668551667787,0.019993884491201812,-0.005836803331209254,-0.02193085458853356,0.019925525548429565,0.0008994683828509757,-0.0086039071519307,-0.031076237729051635,0.00906946364627914,-0.0017103654720811374,-0.01611199779795452,0.01713014628726731,0.04124541177279289,0.013499427674117988,0.025805880869718103,-0.027448493882597236,-0.008646404817065747,-0.009615338969140937,0.01876429148005196,-0.003730469965601899,0.03814892037707258,-0.06121922131152572,-0.0038886682895449788,0.046383617177120834,0.029066087276570857,-0.06545615476207474,0.017378128307853315,-0.07975032830209666,-0.053716426030897754,0.02154539617427208
GENE201,-0.007133891392876252,-0.014031062125022978,-0.010931303326840064,-0.010687675721581774,-0.011251409894811644,0.004684427934130157,-0.0034412123173916077,0.010834646676392319,-0.006509051365000905,-0.021118464472204522,0.03523246293537682,-0.038829381215114284,-0.03694106478732376,-0.056119689731011474,-0.012295618625219915,0.02177382318856508,0.008054694415734526,-0.06083638966758183,0.000923177655805955,0.005680262088269457,0.001396194944960241,0.00020632501961629366,-0.05797989812342662,-0.030004087672485878,0.013451619426141063,0.0035870694197898153,0.05738213910319434,0.027421212326195165,0.06942520844912319,-0.004554231682582424,0.0017782296406005616,-0.000949543645990545,-0.028074067097203382,0.02116339618809853,-0.013987016339625258,0.021162452011384364,-0.0033350029112662106,-0.012530739815794147,-0.08305994625889271,-0.0037494516949916623,0.003418821397472005,0.012348355767315876,-0.02239839256323501,0.004224002517061665,0.023070560496743678,-0.024528434101984558,-0.015618875343838259,-0.005111983830266094,-0.029881464501003464,0.03178349926125902,0.005330262980130361,0.005927583363602697,0.032661436481850256,-0.0064933177977162145,-0.0065675467815314,0.010539226167302107,0.00017672659222462748,-0.0021079757871897593,0.019256588628768834,-0.043365391202494045,-0.002686689054296984,0.012329540346931709,-0.054469740775211016,0.021847547039649664
GENE202,0.0022741692479490597,0.004472875776137248,-0.026801425000056212,-0.026204097600473267,-0.0024534049066358646,0.0010214540742735385,0.005080871195682406,-0.015997107744633417,-0.012284043404805151,-0.03985529068250508,-0.037748733150229606,0.04160254003719396,-0.02094215338517762,-0.03181465280011894,0.02050057004761518,-0.03630364612691427,-0.007365024346738707,0.055627373050195744,-0.0027243004450377348,-0.01676247300579367,-0.013402866759908908,-0.001980630826043803,0.01726021198091897,0.00893200799385211,0.03495974833580766,0.009322523943490826,-0.04018520053945361,-0.019203308443791405,0.009421026656244197,-0.0006180109363546316,-0.0094622184683254,0.005052659801868299,-0.03179973850346338,0.023971961821440745,0.01054175146086698,-0.015949742531902802,0.004678502258092744,0.017578723642400013,0.0007632144193599685,3.445265410359985e-05,0.012438592570935249,0.04492664238740539,0.028346652253337132,-0.005345755510371412,-0.010093798340052125,0.010731645096252428,-0.004928812918859295,-0.001613177094314346,-0.009366286219602995,0.009962475270631153,-0.007955427572954935,-0.008846929374324639,0.033614570704506394,-0.006682807424574016,-0.00999009041117338,0.016031529850877555,0.0013228118627012567,-0.015778357645433633,0.010774348336797393,-0.02426358269289361,-0.00611540516205008,0.028064332403014626,-0.05076441699670231,0.020361359765835276
GENE203,3.2541038092351815e-05,6.400228177603385e-05,-0.0005465291820055288,-0.0005343486037310179,0.03855142746328212,-0.01605055592125095,0.003903252431389018,-0.012289378591705657,-0.003403090745755792,-0.011041248098975163,-0.013956607045390281,0.015381451374235222,0.02543794101315342,0.038644510256342364,0.00015345180679743914,-0.0002717417163839725,0.002233779460367753,-0.01687153735054728,0.007797352589791944,0.04797668793877136,-0.02522473195122848,-0.003727626527686376,-0.026690732360871047,-0.013812219402207695,-0.05248425604712191,-0.013995688096942753,0.04782595539772631,0.022854597234617045,0.025961468522420053,-0.0017030491533602979,-0.03006219024702444,0.01605268581841737,0.019277831208793138,-0.014532428739534654,0.030137178915840425,-0.04559775917027888,0.011435706376205342,0.04296783691729756,-0.015083003230274186,-0.000680869595689008,0.023535686770764407,0.0850079602545108,0.05098873583592755,-0.009615714516330746,-0.007245471673123931,0.00770332712536805,-0.0016128102107293985,-0.00052786513350347,0.014347572677708628,-0.01526083387203088,0.023344455134708526,0.025960483451696145,-0.062204862228803504,0.012366753655774814,0.0011142521597772704,-0.0017880885983674118,0.0038768520142023347,-0.046242673915542154,-0.00583800852316707,0.01314705986253512,0.0039079037136234545,-0.01793384181618713,-0.05427463861057221,0.021769292514130643
GENE204,-0.003709834448498224,-0.0072965671544155866,-0.0023372229621404393,-0.002285132921621387,0.001132752623028764,-0.0004716118317067288,0.0023751644104898478,-0.007478198033855507,-0.00020485385820714596,-0.0006646435377369007,-0.003512139383660576,0.0038706972958123783,-0.010109278650324339,-0.01535769433086878,0.007133538144375051,-0.012632499673166516,0.0008131909749598401,-0.0061419590208391505,0.0010098297320325557,0.006213427617529141,-0.00696084877103626,-0.0010286509519426307,-0.0016940674453921288,-0.000876665013216314,0.006391251553705492,0.0017043199243304157,-0.005012674814812748,-0.0023954077447681478,-0.009941333353141488,0.0006521425910754847,0.018232240928746382,-0.009735698995645905,0.009278005879829741,-0.006994145650164778,0.00024993187391860204,-0.0003781486458215711,0.0024298582415411664,0.009129803548639816,-0.0016784239422643849,-7.576659724344363e-05,-0.0015378626493827514,-0.005554567761244923,-0.007517986402811887,0.001417780021448591,-0.0026082472261840855,0.002773067443167005,-0.003683475351073575,-0.0012055840141718716,0.0014886277927743852,-0.0015833829145269652,0.003805844961937012,0.0042323358837872424,-0.004286305006604913,0.000852146861369532,-0.0025467202717136665,0.004086832088340953,0.0006234564400401512,-0.007436521371387363,-0.0007867490101289967,0.0017717405330793313,0.0001812853047654462,-0.0008319401442589111,-0.049982506613736016,0.020047739329432476
GENE205,-0.004214700632197635,-0.008289546777764396,-0.0022536894953258716,-0.002203461177775294,0.0010875846733855216,-0.0004528065435682386,0.0023365796674799594,-0.007356714086033191,-0.00018490511169887952,-0.0005999202976246463,-0.003475358722223922,0.003830161658922968,-0.009854770836168713,-0.014971054160999269,0.006934790194536347,-0.012280544814221838,0.0007882266535895706,-0.0059534057245524885,0.0009905175472778697,0.006094600791279889,-0.006813096319181179,-0.0010068165887418402,-0.0016748559114457002,-0.000866723213256185,0.0062191337491951755,0.0016584222153928198,-0.004913648423712419,-0.002348085986836192,-0.009703264668004636,0.0006365254979085976,0.0178274263664882,-0.009519535072483497,0.009044929604762763,-0.006818443086862871,0.0002842888245221469,-0.00043013094860514526,0.002366405420375063,0.008891389725993905,-0.0016528140996744647,-7.461053018545773e-05,-0.0014931728423399418,-0.005393153761395271,-0.007338873952258576,0.0013840020867223169,-0.002552364392147054,0.0027136532641182168,-0.0036408584600980095,-0.001191635707858685,0.0014520199669289498,-0.0015444449031160631,0.0037313299798693534,0.004149470597460862,-0.0041554546067542825,0.0008261329035737516,-0.0024808588638083186,0.003981141440569193,0.0006056211484671436,-0.007223783931480441,-0.0007774684721000832,0.0017508409765715658,0.000175791953252932,-0.000806730491133955,-0.048773919692039716,0.019562981016881774
GENE206,-0.00374333187424641,-0.007362450476128423,-0.007500716841026722,-0.0073335472339760574,-0.018754629407733075,0.0078083289750519765,-0.00696570714013338,0.02193150807148358,-0.0039337425005852465,-0.012762935270123527,0.01849248039403501,-0.020380396685581212,-0.0008753159639205948,-0.0013297521496644026,0.007825329374783516,-0.013857565315933443,-0.0032300120299844914,0.024395993236345982,-0.0015464298780723603,-0.00951509923722087,-0.002069355765472875,-0.0003058024743936365,-0.026060104025290142,-0.013485874781366364,-0.018338328069533658,-0.004890181155472067,-0.002868228338712976,-0.0013706407517239424,-0.021499478480444707,0.0014103465908397175,0.04225906749883527,-0.022565605764714614,-0.07694285391638893,0.05800271459199436,0.008851789285218995,-0.013392818126096611,-0.009895902880454785,-0.037182271661110336,0.01188605364064011,0.00053655445225894,-0.005976968312076593,-0.02158806282834457,-0.01002693557490061,0.0018909303865101991,-0.017399537571177383,0.018499048203872805,0.007736029832482859,0.002531965877409266,0.009036008339356912,-0.009611174324104231,0.023161302855148506,0.025756806745804894,-0.027738616747146852,0.0055146274386422105,0.004755750195687302,-0.007631757880810359,0.003143872675892979,-0.037499775191498726,-0.011766463233815427,0.026497802442633247,0.001333804702813747,-0.006120990768160638,-0.05138937754941843,0.020612028391737407
GENE207,-0.004277270272484905,-0.0084126098385348,0.02568493029049615,0.025112486376828655,0.06657477216621076,-0.027717834952183273,0.022870425637382102,-0.07200746663244217,-0.006242309782103409,-0.02025302766340107,0.009890647314513315,-0.010900393643892291,-0.019011757050418108,-0.028882056135993112,-0.010921023710812024,0.019339607592381635,-0.0018346951809970835,0.01385728932612379,-0.004971565042721348,-0.030589770293858037,0.01576917879886595,0.0023303165054096883,0.013045619440946484,0.006750993398001365,0.00026880706600971953,7.168130287926879e-05,0.010711060064109627,0.005118496048542448,-0.018338005341789775,0.0012029567759110679,0.0012726486921863184,-0.000679572228271431,0.0014022566280143568,-0.0010570792067033283,-0.0022059337357010988,0.0033375929282221904,-0.007077511253368318,-0.026592616084285568,0.014728862726405776,0.0006648831573119526,-0.0012701397249646694,-0.004587586005419451,-0.007017108438264602,0.0013233219134834902,-0.01504672229955848,0.015997553957463,0.011109394273708436,0.0036360520614346,-0.009532064039984557,0.010138805290582968,0.010569044586159862,0.011753433759579114,-0.05441015545246194,0.010817112436934468,-0.026627506636078675,0.04273031073004926,-0.003401808658593315,0.040576407855165954,0.007046075671705199,-0.015867599076680748,-0.003913585724360854,0.017959917249268993,-0.05106620066025832,0.020482403719624915
GENE208,0.0014160947370141454,0.002785199848963896,-0.0286152359461833,-0.027977483868592366,-0.011363062459003991,0.004730913520870622,0.016532096814573162,-0.052051257314332106,-0.023865810310782627,-0.0774320617377164,0.0019176410224038094,-0.002113414961341962,-0.0084381579023121,-0.012818980884967232,0.005649823229662891,-0.01000504779783766,-0.0007838964614047855,0.005920700168578409,0.004219051270034669,0.025959593829977277,-0.02800839947936715,-0.00413898760546638,0.014274768895930177,0.00738706743751449,0.017825357644700546,0.004753390151662253,-0.040071866029419805,-0.01914914926269175,-0.00446658281413025,0.00029300384427431155,-0.09572130342203615,0.05111350827525171,-0.01890988633939391,0.014255056635963066,0.029202242149847166,-0.044183193407032514,0.004367867671507709,0.016411563886971608,0.023522403617819262,0.0010618369031942282,0.03494789815013665,0.12622744200588112,-0.010478447257553116,0.001976078750555902,-0.020252968883380545,0.021532793392499198,0.036320491960775636,0.011887524775210774,-0.013537911581998432,0.01439963569225319,-0.012627534114443709,-0.014042601916476678,0.00816271389354305,-0.0016228035601576233,0.016324693173738337,-0.026196940683187734,0.0045405480614860915,-0.054159168994831884,-0.0031411801029251124,0.007073864775681195,-0.005604235593925074,0.025718513557981097,-0.0567463442106109,0.022760681560535276
GENE209,-0.001210424511573572,-0.0023806840592637806,0.02189567400917425,0.02140768182152065,-0.0504992361682553,0.021024923522508603,-0.01629621228299851,0.05130857557304042,-0.0019199356496417558,-0.006229186179708987,0.0061654668116844415,-0.006794905642535997,-0.015699709644265154,-0.023850499144395795,-0.008301552797955235,0.014700890481626462,0.007705873149130535,-0.058201773702758336,-0.003331291087071221,-0.020497253532798604,-0.05842394201094509,-0.008633694760883834,-0.04404152473022979,-0.022791101950934364,-0.030707011708964733,-0.008188470041033546,0.015861998437346977,0.007579975822896174,0.028491654409764474,-0.0018690270882972626,-0.03243380419733318,0.01731908634725695,-0.017789411087023047,0.013410395917488169,-0.030283964453499124,0.04581984669925899,0.0059197919305766355,0.022242670971911807,0.00190008676530877,8.577279258531261e-05,0.004634407744239972,0.01673890178614893,-0.027368869232371817,0.005161360227092728,-0.030829272853568183,0.032777434588444454,-0.041404133358900606,-0.013551376496542596,-0.03508263695517441,0.03731574018771277,0.03571849490177487,0.03972118391567793,0.04285532172377324,-0.00851993216619455,-0.02543244033533897,0.04081253618692171,-0.003429173173367253,0.04090280884465861,0.007860690516275515,-0.01770209282295953,0.0032796044707838496,-0.01505050075662288,-0.054301230240515204,0.021779958287049192
GENE210,-0.0036759877619805034,-0.007229996900524331,-0.006338493316807116,-0.006197226360658559,-0.0009918446189007724,0.0004129459936604582,0.0034662404238646857,-0.010913447594674304,-0.0029643924173260233,-0.009617901662845249,-0.006366822224568856,0.007016817636056655,0.005067039077105729,0.00769768447388233,-0.038064862699206024,0.06740755511149188,-0.001722030837697528,0.013006345573719241,-0.004664590443675839,-0.028700972221186824,-0.03278238342033335,-0.004844470986438788,-0.04873532333054142,-0.025220101471094408,0.009524535720083318,0.0025398555918718295,-0.02743353703552656,-0.013109668891166867,-0.022975829681169173,0.0015071939113336615,0.01807837522481739,-0.00965353739054912,0.003758264832888353,-0.0028331359101910997,-0.0009444870180290349,0.0014290153603244197,0.0068975221495731825,0.025916335826262557,-0.022309423193528688,-0.0010070811308572115,-0.0016723897037611002,-0.006040462674921844,-0.015951868593192572,0.003008284317692251,-0.012305077906523574,0.013082659720925156,-0.018658615573442654,-0.00610687639198264,0.03734283118122868,-0.03971980179291579,-0.04490796813936067,-0.049940448684870686,-0.008363722040877842,0.0016627653597953258,-0.005979520767436317,0.009595595408214426,0.00036230153664487,-0.004321493767828888,0.003528470506045038,-0.007946033785677577,0.004299624189463561,-0.019731494359516173,-0.05183424647472931,0.020790463145306498
GENE211,-0.002018351673642789,-0.003969729305285651,0.032078257478555784,0.03136332451798483,-0.034433529423562266,0.01433610441806117,0.0013807028446550015,-0.0043471387717997495,0.01260487694898963,0.04089622759087674,-0.009889632151572106,0.01089927484192468,-0.00032576184909010697,-0.0004948870316111992,-0.011454354806914055,0.020284062470288355,-0.0037803962388116476,0.02855299615500422,0.002939418627277067,0.01808608352364417,-0.012263813123668286,-0.0018123052890616665,0.019417202614096334,0.010048231687947183,-0.02625095963029631,-0.007000199124499541,-0.020446807128200697,-0.009770919112074793,-0.057412946186785774,0.003766238004251526,0.04758101729667563,-0.025407434232436087,0.014474495386896779,-0.010911474972081826,0.010209183610027022,-0.015446565084115496,-0.010704712906640816,-0.04022124591936707,-0.026484718307504162,-0.0011955602720941463,0.013934109415930615,0.05032826239354793,-0.008079110453333054,0.001523599641989339,0.02264886397116204,-0.024080089752473766,-0.015989252816962667,-0.005233206620769697,-0.024631690812716437,0.026199563502760984,0.006168390686968733,0.006859633408815838,0.0055777691291347044,-0.001108898795002263,0.010425367077222749,-0.01673003712938551,-0.0008423262751718242,0.010047177227957562,0.011945855414449853,-0.02690178947490795,0.002933487496298312,-0.013462128185239536,-0.050985396525735624,0.02044999357584811
GENE212,-0.0014475209477290826,-0.0028470094687928853,0.037627900309871176,0.036789281622849314,0.008370733850340773,-0.003485083189066719,0.010390313742604636,-0.03271387170417556,0.00047607896403481265,0.0015446270315228109,0.018844079789639933,-0.020767891224126783,0.012602571044185402,0.019145424770090295,0.0033740177804389986,-0.005974914221530007,0.005328025845482708,-0.04024210476086463,-0.0018227030869024984,-0.011214993319631833,-0.012557506856838386,-0.0018557063667380357,-0.007039325863370906,-0.0036427892631022488,0.0572767838707117,0.015273685151043714,0.04567542869552073,0.021826924682913206,0.027338161166825845,-0.0017933589615471337,-0.013391196863421375,0.007150665810264856,-0.033131005923613344,0.024975526418883152,-0.03325125758069374,0.05030938162816796,0.002860867021396671,0.010749250074586124,-0.048553423498913305,-0.002191775027978466,-0.01607776743524632,-0.05807088734772489,0.07545917856375921,-0.014230474766833775,0.004481276014780912,-0.004764456565190737,0.006138940058483195,0.002009245968297577,-0.029184760856737865,0.0310424485754039,-0.021558914823966123,-0.023974851770775435,-0.017126038163281114,0.0034047739593999855,0.07397560315800572,-0.11871184758626332,0.0005080759498470729,-0.0060602752921880745,0.0292994422608043,-0.0659816647771376,-0.006905651502116379,0.031690868238368926,-0.060439705542073764,0.024242070755254655
GENE213,-0.0009607153772293454,-0.0018895517747621914,0.0009459456242054115,0.0009248631914672024,-0.0031819783630047,0.0013247893791809456,-0.012182782725039585,0.0383574549277165,0.009209069754749442,0.02987861080394616,0.00036399259294806017,-0.0004011529701184981,-0.022867976513971714,-0.034740301995315165,0.004104247739334745,-0.007268049483495503,-0.0026801997642130395,0.020243310152653776,-0.008960701934941728,-0.05513471341642941,-0.012689681290614653,-0.001875238662525388,-0.07396578383958784,-0.03827664302484269,0.027848509440243852,0.007426208951890359,0.06766896682757693,0.03233698039622287,0.01575360903150802,-0.0010334226856355741,-0.041630782657204206,0.022230112605887,0.019124134725742366,-0.01441656595583948,0.0013269937867269746,-0.0020077507346207917,-0.007028718563885535,-0.02640928536072239,-0.06450267760164052,-0.002911748499226159,0.005273390072457195,0.01904682612629783,-0.05133817773605837,0.009681614042895241,-0.013724539376107136,0.014591819722559294,-0.03243524547091496,-0.010615902024179254,-0.015171696877882154,0.016137415771372555,0.027096550167239927,0.030133046076917087,0.052908756898492344,-0.010518624097103996,-0.0033711193085803537,0.005409780853026245,-0.0025193645673555662,0.030050709631377154,-0.0170416920823213,0.03837749552370046,-0.0045752162440562474,0.02099621956132505,-0.05393035958712799,0.021631203879002577
GENE214,-0.0030597044375550732,-0.006017880099830709,0.0028668376111859544,0.002802943969138488,0.005494834771844712,-0.0022877272927840355,0.014119741045546794,-0.04445596239949683,-0.0041979336005580365,-0.013620097096907225,-0.0014248639086192425,0.0015703297265635347,0.024793294413536306,0.03766518366234867,0.005444665507605557,-0.009641742127585319,-0.002078243526366029,0.015696788291209764,0.002132636141629204,0.013121994609787795,0.007345908835406736,0.0010855538404838678,-0.01504729486132129,-0.0077868428345931944,-0.004654742314185819,-0.0012412545496023482,-0.052696028302946105,-0.025181859781207887,0.06469168675313947,-0.004243716886016225,0.02310134388907902,-0.012335715142090293,0.0198617681418717,-0.014972624619270118,0.02162605045860676,-0.03272036322210522,0.0010575644633225648,0.003973629253380559,-0.02497866495333326,-0.0011275747441011855,-0.011133401794188402,-0.04021245636195024,-0.015818287086030544,0.0029830928392913705,-0.012548128803542266,0.01334106947702272,0.022555228440761365,0.007382219304453963,-0.03134640001479164,0.03334168182017336,0.007284478553168296,0.008100792408412119,0.019096221124982632,-0.003796459857755437,-0.001603425534558548,0.0025730862547733557,-0.0010292583978546623,0.012276883484970058,-0.0084512696039137,0.01903206323803121,0.008128351399367087,-0.03730198564372002,-0.051786378755495306,0.020771263636867914
GENE215,-0.005959796938688378,-0.01172183265682484,-0.02911816260225513,-0.02846920172245843,0.0187689354524572,-0.007814285173977751,-0.010202485663734604,0.032122495560316267,0.012501615649579984,0.04056119872712372,-0.0022670853456209597,0.0024985344139500875,0.00859960746962102,0.013064249928422148,-0.023996870679117287,0.042495106197760715,0.0040092380581499805,-0.030281418038558532,-0.002535295790962642,-0.01559953761161656,-0.031080812899393254,-0.004593018585484641,0.01807320763932627,0.009352726101363751,0.08140585203248443,0.021708051139939025,-0.03665742802026842,-0.017517491205208187,0.10577118349047299,-0.006938495190971346,-0.001870058502454293,0.0009985786582819946,-0.09255239858975484,0.06976983679393206,0.0372049056974008,-0.05629127844648263,-0.0003090014001294276,-0.0011610233186437541,-0.022262626617477792,-0.0010049686625806617,0.015623335632077432,0.05642953644778347,0.002050676528602109,-0.0003867269847177017,0.01854528767972717,-0.019717200491020787,0.0056835164902868714,0.0018601879941927734,0.05435783188976424,-0.05781785259065746,-0.0788670535163421,-0.08770505997593087,0.0213031754542038,-0.004235217529441391,-0.0071752227398420385,0.011514390041138266,-0.004428946343693848,0.052827995706458554,0.029685502648216,-0.06685106382027287,-0.009171776931147945,0.0420903913479574,-0.0639141880088803,0.025635668706184268
GENE216,-0.0016452109117034788,-0.003235829540933087,0.011265121672709603,0.011014054207650127,0.015525376284312966,-0.006463857155151098,-0.004785218425723077,0.015066245883766198,0.0003688342013185226,0.001196673914507467,0.01448285826697894,-0.015961428122821524,-0.006429740309201734,-0.009767856808697508,-0.0231367677093275,0.04097198397357601,-0.004328297999761263,0.03269124936589941,-0.0018180052545170244,-0.011186087811550968,-0.002127259105343196,-0.0003143592363112538,0.01458518319671378,0.007547704109825389,-0.006966858204435094,-0.0018578137862402303,-0.04114244880016551,-0.019660748828832734,0.06610712982457755,-0.004336568687614541,0.019998397185123522,-0.010678795664813749,0.03134309831985137,-0.023627727511261576,0.025364858095233242,-0.03837720491505075,0.004827963713222109,0.018140301145191367,-0.016045406675970337,-0.0007243139439364964,-0.012845785683900395,-0.046397373039960776,0.03240597823344371,-0.006111283800364136,-0.009642956518822444,0.01025231370315877,0.08916217890488264,0.029182358319603568,-0.038084198066659636,0.040508358654130334,0.005607607199778633,0.006236007354784043,0.03874222851446937,-0.007702220999250174,-0.003922453356884034,0.006294530428796808,0.0001806817698030594,-0.002155152720006861,-0.01656831591597131,0.037311463370475716,0.012225778667759118,-0.05610557392777023,-0.05496868051598151,0.0220476693332616
GENE217,-0.0021708665118709983,-0.004269698151503972,0.0007327476973050467,0.0007164168389055749,-0.007703622470814641,0.0032073370922979746,-0.013318833645608942,0.04193430784915766,-0.0004970594169463995,-0.0016126976188595927,-0.020883009494071188,0.023014977353455066,0.005664455785094894,0.008605260919919314,0.013649755241089207,-0.024171809995554534,0.004153610117762159,-0.03137184734876706,-0.0029017759793538832,-0.017854470350864782,0.045808126915205645,0.006769371797603853,-0.07575989202965903,-0.039205078244135716,-0.008351933981624489,-0.0022271643311113027,-0.03660017900741359,-0.017490133609940936,-0.024544005378079888,0.0016100648367841435,0.0032273506970935634,-0.0017233490421201714,0.02894956311090549,-0.021823381395619013,0.002102936044927477,-0.003181756713024485,-0.002043842272145781,-0.00767941030883317,0.03869750786635366,0.0017468640782565851,-0.002050149608424088,-0.007404884256238856,0.011302018909322885,-0.0021313920713770494,0.025159847961701957,-0.026749747706892535,0.03317308498857731,0.01085739339923612,-0.012281350945809608,0.013063091626593554,-0.004311250765525259,-0.004794378515526853,-0.01801729835549938,0.003581962604233316,-0.009856971424057618,0.015817908058898603,0.0007213599642917764,-0.008604304080288708,0.0070930148517731675,-0.015973305022090774,-0.008349111305805231,0.03831507949954339,-0.05082429353785522,0.020385375954104185
GENE218,-0.0013831416584177301,-0.002720387158731616,-0.007491592748770359,-0.00732462649173936,-0.018273273602311527,0.007607920617143666,-0.006792221606252783,0.021385289387573326,-0.0038842773142981116,-0.012602446633510107,0.018124390032871453,-0.01997472760188858,-0.0012969602969913595,-0.0019703007988438395,0.008008495178522824,-0.014181926370580144,-0.0031223944693474816,0.023583167383983635,-0.0014888948480859456,-0.00916108931559438,-0.002313492182816588,-0.00034188013767363933,-0.025585806516488598,-0.013240429989334675,-0.017702130662390538,-0.004720529889567397,-0.002958885138159075,-0.001413962931504538,-0.021486265842498603,0.0014094798535883907,0.04212599511671439,-0.022494547431181913,-0.07511650219127139,0.05662593491117178,0.008632519864708981,-0.013061061983368587,-0.009610801560380132,-0.0361110490690925,0.011642416302115308,0.0005255562940245524,-0.005944704766534054,-0.021471530932595708,-0.010134936627948449,0.0019112977730818637,-0.017136756257685643,0.0182196612278986,0.00753968465049627,0.002467703030477582,0.008929526332666086,-0.009497914454231331,0.022841915786481214,0.02540162849628153,-0.027439400718197247,0.005455141237929021,0.0045409260621565774,-0.007287020309112828,0.0031149319367362724,-0.037154573167074184,-0.011555554293432515,0.026022840397998598,0.0013196198574280784,-0.006055894800609807,-0.05237123751897164,0.02100584763093089
GENE219,-0.0020717942918858268,-0.0040748411797726985,0.030248523565271444,0.029574370160277634,0.01618142579711249,-0.0067369977386567284,-0.011427089388106508,0.0359781567193512,-0.006221164655788769,-0.02018442279706945,0.02276363006783608,-0.025087592410586633,0.015878248854561967,0.024121730229486608,0.03523275482640265,-0.06239228764484785,-0.004129949525870474,0.031193141005138494,0.001944541233213285,0.011964656831354692,0.013707029662815503,0.002025579002611296,0.03208569879116923,0.016604067111567252,-0.02080079091085088,-0.005546832587217012,0.0014616955770054933,0.0006985007077077173,0.0345819127225578,-0.002268542595457364,0.012429604128768581,-0.006637192043788874,0.024191724653350562,-0.01823672542847326,-0.05844038779784726,0.0884207090539359,-0.01298955237644424,-0.04880616463720094,-0.008394480252547886,-0.0003789395446205962,0.008550296112916344,0.030882601353868437,0.0006256108299953198,-0.00011798086461576853,-0.0026632577901558926,0.0028315542317068816,-0.012926499915899451,-0.004230782120819738,0.0037085346209497854,-0.0039445927217303675,-0.052023076887058116,-0.0578528913542644,-0.004129611711982062,0.0008209951586778532,-0.020304851616201144,0.03258407295680669,0.002855170176467626,-0.03405616282491198,-0.017747912885787552,0.039967888402110456,0.0029629969097879983,-0.013597550445460054,-0.054109975298779485,0.02170324686385048
GENE220,0.0016762672901963088,0.003296911768291677,-0.01199156577008585,-0.011724307935908927,0.0036094009285079303,-0.0015027430955807896,-0.00012199516172568323,0.00038410140137108966,0.005591815496635686,0.018142514212718678,0.0033702320087219202,-0.0037143024514093535,3.853078515953016e-05,5.8534742317061626e-05,-0.0063052102091072995,0.011165646596928463,-0.0019401595543279678,0.014653852346500908,-0.006594155592101042,-0.0405734820144121,0.052943317596104676,0.007823786413927098,0.02580132270075951,0.013351957720444892,0.012746906036491734,0.0033991473734062893,-0.04643583768972028,-0.02219030145503453,0.016848255301673182,-0.0011052305035176944,-0.014180555671552483,0.007572169660811709,0.010761949535947779,-0.008112803926733947,-0.02594553664821016,0.0392557755632177,0.007175346731199801,0.026960217237890473,-0.015664218148825362,-0.0007071065168497733,0.0019747486524153797,0.0071325454231318365,-0.030572963480982863,0.005765604577789226,0.01952208874709986,-0.020755727518363003,-0.00887201024070236,-0.0029037668778318336,0.03121640634958385,-0.03320341371213109,0.049037050134696815,0.05453224421798807,-0.014140186882133218,0.0028111662264402888,0.00642464219015571,-0.01030990099323854,0.0024043989759379566,-0.02867941242014365,0.008536758293337058,-0.019224581784887135,0.004365279462541628,-0.02003279433210174,-0.04988922603333362,0.020010324944138166
GENE221,0.0025791301961378948,0.005072678292617426,6.397664697092547e-05,6.255078979461324e-05,0.02462485171886829,-0.010252345647710645,0.013176491512689167,-0.04148614406991118,-0.0034856337738560133,-0.011309057017449288,0.0006268442429072083,-0.0006908394146324661,0.016758159934151324,0.025458463132604556,0.0032430635729882007,-0.005743012611230833,0.004076408685632773,-0.03078875180652204,0.008697177058421221,0.05351325913187509,-0.05346827698807565,-0.007901363157230093,-0.026780005486543336,-0.013858417460089397,0.005252338530903953,0.0014006122482163837,0.003971709744296812,0.0018979615939472942,-0.020349206995274673,0.0013348898085230759,-0.031075188219227362,0.01659360908611327,0.004139130715797963,-0.003120248409661005,0.001680788871856599,-0.0025430451340187916,0.0045050042870068965,0.016926832776906937,-0.015510248715063185,-0.0007001561035584922,0.018337247512650985,0.0662318471058516,0.006865828608402462,-0.0012947927955871538,0.004913104690830987,-0.005223573335471159,0.046983225619772445,0.015377386935660806,0.011199074029758675,-0.01191192490380336,0.020858045921234032,0.023195442037446966,-0.0224058118630668,0.004454429217269337,-0.0007305112011198473,0.0011722828968644642,0.00249886505201581,-0.029806193616879705,-0.011331163248841604,0.025517516967218067,0.0022009673418996547,-0.01010050478332272,-0.05140832314902965,0.020619627379226634
GENE222,-0.002185708937525438,-0.004298890493379485,-0.0035284564380437876,-0.0034498171974559557,-0.0020455509170504474,0.0008516475664917024,-0.003367983526666647,0.010604086048081881,-0.002292197803987503,-0.0074369820074068,-0.02330987661857953,0.025689605831992948,0.029115469529691733,0.044231294516981386,-0.0391800512693694,0.06938239830472526,-0.005344416199314618,0.040365899643829035,-0.002017314068621382,-0.012412424143993551,-0.026549994804486252,-0.003923469440011546,-0.023983606478119295,-0.012411305551796939,0.014109738215150103,0.00376256634011293,0.005006184449801467,0.0023923061929641987,0.023119979649206736,-0.0015166500205216432,0.03325520922313977,-0.01775770231969902,0.02070466065537671,-0.015608031956064711,-0.040652365492650305,0.06150730884972592,-0.0052366657980209156,-0.019675933833693413,-0.0003091526182659967,-1.3955617129296307e-05,0.003980001520402551,0.01437526826195435,-0.039434592034094135,0.007436775453464835,-0.02878281102731273,0.030601652857671687,-0.0025270924554233413,-0.0008271053763685823,0.028691857780043305,-0.030518170905764183,-0.06664623898654441,-0.07411475548879139,-0.01062170474182251,0.0021116678220959397,-0.01525685379573303,0.024483332681675504,0.003796294237116423,-0.04528178941350369,0.0014599880211298708,-0.0032878591794112534,0.0025550443997196214,-0.011725407137890708,-0.05442797451316456,0.021830794795894472
GENE223,0.000737067376584909,0.0014496769829601946,0.0005596370724059433,0.0005471643566017904,-2.4674108908487813e-05,1.0272853455952778e-05,-0.0049489024997527225,0.015581604700687462,0.0004078327373764482,0.0013232037499634587,-0.021527880073894518,0.023725683432229874,0.016541862772966886,0.02512987137042225,0.0034118895412524864,-0.0060419798201758685,-0.0031874238442050657,0.024074328461551074,0.0035039926091567954,0.021559876639328714,-0.001519272305671404,-0.000224512980369356,0.022336516161332854,0.011558950789734936,0.011231759732853962,0.0029951116361384912,0.02855657404199847,0.013646334771629413,0.03877369034954235,-0.0025435194648345634,0.03380659855530467,-0.01805213461622021,0.026729915301986238,-0.020150118814334293,-0.04203729697880662,0.06360271972243609,-0.010349048408187402,-0.03888489347518118,0.02077712389902568,0.0009379108213877942,0.004512036690369215,0.016296912827633868,-0.03270107054259846,0.006166933805298574,-0.02049545912111249,0.021790607060156106,0.012846775197467665,0.004204688598557226,-0.0059417152310107324,0.006319921222372228,-0.021923765865169493,-0.024380588780390157,-0.006749599692789674,0.0013418667558300604,-0.012547193176233309,0.02013502317501897,0.004244048603749228,-0.05062255534798025,-0.0027395308522238124,0.006169359973785937,-0.0014692213113792242,0.00674243392931865,-0.051143597935333476,0.020513447388712996
GENE224,-0.006179802162661225,-0.012154542771878614,-0.002266447308934529,-0.0022159346560686787,0.0009983660364097327,-0.00041566112986438715,0.002336322095760302,-0.007355903122245168,-0.0002100312390077895,-0.0006814414282997791,-0.00347310473398335,0.0038276775587109623,-0.009745712049782378,-0.014805375524238853,0.00689185736636573,-0.012204516772196018,0.0007755933770757423,-0.005857987712011591,0.000983393358984544,0.006050766046777815,-0.006670269998444805,-0.0009857101927231153,-0.0016723515692064009,-0.0008654272381589216,0.006164505436271675,0.0016438547834327823,-0.00488505910725573,-0.002334424005441428,-0.00962144442823267,0.0006311581632391041,0.01765718799982352,-0.009428630750747347,0.00897401580560259,-0.006764985323809386,0.00024357774924462799,-0.00036853481144674525,0.0023581803205081297,0.008860485229316163,-0.0016628270733993196,-7.506253097519611e-05,-0.0014758213679588583,-0.005330482403685989,-0.007271679962830502,0.0013713303032595386,-0.0025732218904242305,0.002735828788293119,-0.0036039832936824484,-0.0011795666407648682,0.0014355008329497963,-0.0015268742822850303,0.0036983713938055305,0.004112818603522097,-0.0041325462429564275,0.0008215785635817599,-0.002433650086379579,0.0039053834750831357,0.0006015611043980916,-0.007175356162434849,-0.0007723980254453518,0.0017394224482438013,0.00017215317583997694,-0.0007900317023944295,-0.048429903293057804,0.01942499771914247
GENE225,-0.0034149912917169818,-0.006716664486698127,-0.002217418611946608,-0.002167998669042135,0.001102964615286731,-0.000459209850366308,0.0022982029603487763,-0.007235885138552008,-0.00017522105900526035,-0.0005685006158171116,-0.0034166190625043147,0.0037654252070921028,-0.009739741938304375,-0.01479630592091978,0.006844565611323499,-0.012120769679515846,0.0007808650052359041,-0.005897803850077333,0.000976956790310345,0.006011162188529454,-0.0067532982448777635,-0.000997979829306339,-0.0016471941986301725,-0.0008524085200029914,0.006143007614774661,0.0016381220775301632,-0.004844447093618985,-0.002315016735752073,-0.0095799416904362,0.0006284356206985947,0.01760397674362951,-0.009400216867039375,0.00892939972135268,-0.006731351868988854,0.00028906829927175534,-0.000437362326804206,0.0023329525518303645,0.00876569592512514,-0.0016220230673647923,-7.322057638119563e-05,-0.001476706367969235,-0.005333678913158599,-0.007247296716563633,0.0013667319869600713,-0.002504803741197784,0.0026630871630986446,-0.003591480280999719,-0.0011754744640071497,0.0014351248147596498,-0.001526474329536117,0.0036825182080005097,0.00409518887666092,-0.0041017433333920324,0.0008154547336942694,-0.002458799496520467,0.003945741820484562,0.0005979003670394137,-0.007131691280889827,-0.0007659934797741376,0.0017249995598568244,0.0001744203861631002,-0.0008004362042139604,-0.04813255022716564,0.01930573085644026
GENE226,-0.0009503745738926281,-0.0018692133022441726,0.0017842496832181992,0.0017444838415332793,-0.009293081381063415,0.0038690946665866544,0.010502063136153325,-0.033065714335123855,0.0032521109832754336,0.010551397801112444,0.020061986919372686,-0.02211013574196632,0.029655258819746306,0.045051325224065936,0.007774136205445811,-0.013766909363470253,0.003081110768800612,-0.02327135526998643,-0.0017959265553705126,-0.011050238772164505,0.04476734465897171,0.006615568476506604,0.022766889606439217,0.011781665264869366,-0.015160148330414812,-0.004042673432303493,0.034105039701492396,0.01629778097617095,-0.0574920868872835,0.0037714295635368484,0.017888483110655197,-0.009552138310077507,-0.0009224729157692832,0.0006953983447304685,0.009509599740831768,-0.014388089873941072,0.010026209375756406,0.03767187746727639,-0.01337450510678207,-0.0006037454043858358,-0.003343202599106545,-0.01207523011483478,-0.0025111922459279444,0.00047357337530784635,-0.01674511738393121,0.01780327393171569,0.012338206680491412,0.00403823653474741,0.009051535592735305,-0.00962768992849448,0.0006686101331419412,0.0007435359787547676,0.0634175769527744,-0.012607849668348374,-0.021112343547848165,0.033879890159026906,0.002222890226103126,-0.02651439557124255,0.006416064198007945,-0.014448827842292976,-0.00404019030153775,0.01854092093479231,-0.05129199617701694,0.020572969198797704
GENE227,-0.0017653221498434282,-0.0034720664208409946,0.004118560323637355,0.004026769348786825,-0.04378179038661226,0.018228172629978615,0.003615053358390215,-0.011381984673398852,0.01750241622378443,0.05678617888733866,0.033131000505212796,-0.03651337832994431,0.01291206107711031,0.019615592176540003,-0.005874684626856036,0.010403245924638508,0.005097804517103935,-0.03850326356836699,-0.00030561262219242033,-0.001880417902896973,-0.06814320707353394,-0.01006997524731171,-0.010181822547464203,-0.005269003676576265,0.0030479043722009855,0.0008127679070918089,-0.03478988280740992,-0.016625047064729778,0.00678832023987171,-0.00044530774625643337,-0.01915962887394387,0.010230908000504225,0.0037408735415628913,-0.0028200256334625843,-0.034574841101006386,0.052311972606224694,0.0022520268185456695,0.008461630430978345,0.054522979697786134,0.0024612498304132473,-0.005120205232162377,-0.01849354162085031,0.0739903969710905,-0.013953484481618547,-0.04807536604860287,0.051113341967496125,-0.04773933893934027,-0.015624859239422332,-0.021261796046566746,0.02261516596405114,0.022737489170461058,0.025285499615934886,0.008033308133919946,-0.0015970768067568265,0.006684758146863057,-0.01072732031108254,-0.0013950672182626953,0.01664021175635451,0.009469697530536265,-0.02132553932047365,-0.0033259337517463875,0.015263111418790836,-0.05490040663421629,0.022020285012679875
GENE228,0.0006043469524826718,0.001188640135988098,0.010593971012893708,0.010357861583772996,-0.004390450575698581,0.0018279264121115564,0.006894756875245126,-0.02170812137494829,0.012763599240659285,0.04141119834308028,-0.024575377965175622,0.02708430350911256,-0.01398281549731792,-0.021242248207873498,-0.03718851784137853,0.06585567077218753,-0.0007807678338106626,0.005897069922956096,0.0006655781145871575,0.004095266070717883,0.04729534957318255,0.006989148588221616,0.018480689065769065,0.009563594158045816,0.0072597809530469655,0.0019359258856545749,-0.028706606159621104,-0.013718030644551137,0.058094305255909674,-0.0038109345507816067,-0.016067579345152082,0.008579807424901867,-0.0015073158607870416,0.0011362772138411685,0.02088014818547486,-0.03159180794791047,0.002290325941777542,0.008605533258402125,-0.0005142569519569548,-2.321433719669125e-05,-0.01599744788979794,-0.05778078318405187,0.051373984579264745,-0.009688366679066848,0.007642393095439352,-0.00812533078463006,0.06344092555292433,0.02076391407603178,-0.05183662612316043,0.05513616536553301,-0.008452128086799944,-0.009399291183401449,0.038665781730283046,-0.007687022853736656,-0.012098289222028073,0.019414647598240773,0.0009677190304159078,-0.01154284852798778,-0.03350859014513305,0.07546056823984165,0.019596035116965428,-0.08992857034500723,-0.056256236402558044,0.02256410171200604
GENE229,-0.006673275017183516,-0.01312511379651302,-0.0022720938995789363,-0.002221455400296109,0.0009911551380183646,-0.0004126589342133092,0.0023650875154695747,-0.007446470960060043,-0.00020585351688589399,-0.0006678869068712996,-0.003526030736370777,0.0038860068309694105,-0.009812714869569868,-0.014907164075251793,0.006931859797586166,-0.012275355490527742,0.0007783443260149607,-0.0058787653843830005,0.000993559641524178,0.006113318632323316,-0.006725360791668759,-0.0009938513259034386,-0.0016970042690596483,-0.0008781847936514424,0.006202164780197544,0.0016538971936948007,-0.004934412765805293,-0.0023580086464344793,-0.009695683739762831,0.0006360281957851551,0.017808281139312543,-0.009509311854738951,0.00903806877521149,-0.006813271108984845,0.0002633691687559522,-0.00039847936541562823,0.0023745168869359046,0.008921867263706116,-0.0016848181633260274,-7.605524206055449e-05,-0.0014828494377489602,-0.005355866913736722,-0.0073278834756517735,0.0013819294468790857,-0.0025994519460381827,0.0027637163721560653,-0.003654672326026568,-0.0011961569206672678,0.001445782910200352,-0.0015378108411235809,0.0037353050717906676,0.004153891146471186,-0.004150869035676172,0.0008252212605628648,-0.002448067575512381,0.003928519843013167,0.0006047912233477221,-0.007213884673904723,-0.0007833530519986983,0.0017640929140920302,0.00017273908135624446,-0.0007927204935259268,-0.04880241520459639,0.019574410427819686
GENE230,-0.010137328735944046,-0.019938275121183822,0.03665880809777641,0.035841787714986695,0.039921116970216095,-0.01662081439084275,-0.003992136832562729,0.012569230862632412,0.0046924425725793474,0.015224519857028771,-0.028245919770977776,0.03112957469282046,-0.008750562569779104,-0.013293576111437264,-0.007151590112727234,0.012664467187700418,0.0023445345282027447,-0.017708060515387463,0.009033872816561187,0.05558492988583361,-0.05397701320102107,-0.007976542493392996,0.03534179795970354,0.018289069812245144,-0.05390510407928284,-0.014374577832436184,-0.022641128927737876,-0.01081952003420046,0.03371712193556835,-0.0022118130920256666,-0.03861242071112268,0.020618359915594908,-0.006341880450243475,0.004780772521534276,0.020397177538550436,-0.03086107003424405,-0.01272438520597542,-0.047809841422722724,0.008489163093032565,0.00038321367135351914,-0.017562325521780987,-0.0634329256874181,-0.022710018011113702,0.004282770425182631,0.024408617867060896,-0.025951045920934127,-0.012853693121369678,-0.004206952802243441,0.04943174385438465,-0.05257820593852919,0.0036684595866247095,0.00407955481686083,0.041458014310549914,-0.008242137859743166,-0.0031412950666950177,0.005040971959153236,0.0009959356150734768,-0.01187941291542784,0.0033527927672378295,-0.007550411590293584,-0.01272691385359181,0.0584053437813381,-0.05355922881696174,0.021482345139386
GENE231,0.002623581321844073,0.005160105542622002,-0.007632471587850416,-0.0074623655428936305,-0.03744970470430313,0.015591863107098912,0.005484403050352067,-0.017267626580661048,0.009061717110560209,0.029400528606294992,-0.022609044248868563,0.02491722476679836,-0.009603268271041125,-0.014588979469791229,-0.007056556747090084,0.012496176370992942,0.0005938682960321224,-0.004485434357145625,0.0011302728412028202,0.0069545075413223415,0.04810738245355197,0.007109148091569025,-0.020202608518857353,-0.010454672340442752,-0.0022183435269799772,-0.0005915534759153615,0.008764391402365746,0.004188241172429748,-0.027653534811812017,0.001814047191051151,0.0045320902046022266,-0.0024200572066592537,-0.10448253260659823,0.07876326663441309,0.004331085612637675,-0.006552962348016608,-0.011600307024839286,-0.0435862975173051,0.02666068462895083,0.0012035036581903335,-0.00929129204900283,-0.03355898610087323,0.010229400660431888,-0.0019291122796299075,0.001074066059323989,-0.0011419383833792362,-0.017318033349974567,-0.005668110187717034,-0.006416831331931252,0.006825279727880234,0.007711104057219249,0.008575226455986802,-0.0255603220526542,0.005081567499092899,-0.004284018942323274,0.0068747503504838145,0.0038154545280558085,-0.045510331303360116,-0.028886889509232176,0.06505260554403758,0.009131577317988412,-0.04190591047117654,-0.05475331601803049,0.021961287684796243
GENE232,-0.0007700053587036685,-0.0015144599811766364,0.02721954292088101,0.026612896864160827,-0.0029726370326058136,0.0012376319131336634,0.007428599402083074,-0.023388922972074302,0.00614786330472484,0.01994659828295973,-0.0003267314766631844,0.0003600878282502921,-0.017062619646547685,-0.02592098863623143,0.02336291347681865,-0.04137245654077834,0.003222958192356105,-0.024342716228871682,0.0020952070656091015,0.012891695533358843,0.06000619732482068,0.00886751515956929,0.01384545095268482,0.007164899175316497,-0.010948118125985052,-0.0029194744877821194,-0.018158321651396858,-0.00867732017788412,-0.017931038805186823,0.0011762601345023896,-0.039851325789739336,0.021279913642136,-0.026015613604005252,0.019611648567760213,-0.022487987774487045,0.03402448031478709,-0.003528823663994732,-0.013258990281522928,-0.013774765401084797,-0.0006218137599089918,-0.0007111775996897384,-0.002568684641198955,0.045164814283008156,-0.008517409839813027,0.032148704790965266,-0.03418024399713459,-0.05310433711202995,-0.017380797698780603,-0.004513540934684553,0.0048008398302698905,-0.04232429343701311,-0.04706724200826039,-0.0008088867775037946,0.00016081224448326987,-0.01942175978348799,0.031166937325944662,0.00023508231856828144,-0.0028040366155366522,-0.03390356479207085,0.0763500419887869,0.012481801790103648,-0.057280494937569995,-0.05407770861237716,0.021690304853497815
GENE233,-0.003930230247559213,-0.007730045459370846,-0.008377639851206499,-0.00819092612882229,-0.02445727123685533,0.010182574952438024,-0.00622245639553954,0.019591385327838755,-0.009388998169002922,-0.030462384323445054,0.01547359080920022,-0.01705330556649235,-0.004170624420926438,-0.006335879862544536,0.015304069569130743,-0.0271013696033315,0.0037864101291948536,-0.02859841853354614,-0.007731197528131051,-0.047569639429376746,-0.0080644303225647,-0.0011917345428763806,-0.0017345768240782302,-0.0008976282606347057,-0.002198505247729611,-0.0005862633110218688,0.04743998433172213,0.02267015317731846,-0.005382483245999383,0.0003530860947703376,-0.08466197280649292,0.04520801841325046,-0.024334974291102422,0.018344712946884854,-0.018721932141221077,0.028326412215343988,-0.009457705947036855,-0.03553581679830641,-0.030407422357114095,-0.001372637070359864,-0.004289078972412818,-0.015491617404938055,0.00737329171238365,-0.0013904927625613874,0.07241230317110098,-0.07698817749815691,-0.08273290434588047,-0.027078087246145598,-0.041142626743349654,0.043761464457660874,-0.02341800218277549,-0.026042272335318226,0.020103656440482398,-0.0039967449146551095,-0.03991692070337585,0.06405640784747524,-0.00023398092829044452,0.002790899350755877,-0.025292219269767224,0.0569574914932833,0.016929739618838816,-0.07769261848879566,-0.05908202090681099,0.02369751007786114
GENE234,-0.0008601522182007726,-0.0016917623980935324,-0.03758807265908199,-0.036750341616917676,-0.014012363143899295,0.005833927120966742,0.01412771810811807,-0.044481078157114655,0.01794369360583278,0.05821789300243696,0.022296123872130272,-0.02457235802783329,0.00431347620066436,0.006552895739119047,0.006044541166624726,-0.010704038131770273,0.0025763018540628673,-0.01945857848919983,-0.004318764810161064,-0.026573125838798266,-0.04703466849974094,-0.006950626010994736,0.0007216267507559637,0.00037343550087592323,0.006866635414027047,0.0018310879255656535,-0.01691280151125065,-0.008082123262027183,-0.006609353154051542,0.00043356766523281625,-0.007256608616328325,0.00387490256924022,0.021506113723126424,-0.016212200519894446,-0.01505269167763771,0.02277482613412763,-0.006581245179631569,-0.02472797571819366,-0.007857188483464358,-0.00035468538090900603,-0.00920710292848822,-0.03325490551548927,0.06303751823266901,-0.011887935035177424,-0.020147676596690964,0.021420847481350317,-0.019479454158438065,-0.006375532968169521,-0.012297088243406955,0.013079830645075665,0.00249644465413464,0.0027762014473136603,-0.01420175572349832,0.0028234065347816167,0.01683812162430878,-0.027020861508009034,0.0018156564614736478,-0.02165695501994909,0.004516686778113714,-0.010171473922406749,-0.005832001559971382,0.02676375906695833,-0.05138889687453074,0.020611835595387613
GENE235,-0.004424008115822336,-0.008701216390355246,0.005110892093271955,0.004996984870666274,0.07718388749112691,-0.032134849055221085,0.005687179652601607,-0.017906068105617137,-0.0018877954212674682,-0.0061249079626549295,0.023055230064005346,-0.025408962149465444,-0.01117825555137551,-0.016981650011681226,-0.01584979978617175,0.028067781592570576,-0.0030087150435576505,0.02272455680392278,0.00704490927565435,0.04334694500252531,0.012458200640501042,0.0018410312262014672,-0.012522544430311203,-0.006480306677493686,-0.033533828291982516,-0.008942281682523388,0.005745043760980296,0.0027453850144881736,-0.027945134425634538,0.0018331758653418208,-0.036743383618213464,0.019620326672212293,-0.019020658690210534,0.01433856142844557,-0.0324783813482327,0.049140014567812924,-0.002672142466025681,-0.010040147755002142,0.09396464401837586,0.004241706257377919,0.00029214689329279197,0.0010551980800634364,0.006576961904519602,-0.0012403168468835518,-0.053164174679342306,0.056523722316700296,-0.0058124717200995725,-0.0019023944293639992,-0.014184887143139365,0.015087792970116363,0.023942504461815246,0.02662555143336865,-0.007606706011408261,0.0015122653761202864,-0.022141663984287872,0.035531685150235595,-0.009543874206326235,0.11383830520156993,0.026968219189643684,-0.06073180446126911,0.007900180378660695,-0.036254881290019005,-0.05477443425256768,0.021969758105545023
GENE236,-0.005364520598614388,-0.010551032759664224,-0.007544884793903717,-0.007376730809028485,-0.01885637567938025,0.007850690161921314,-0.006977122504125195,0.021967449310827843,-0.003971389293139856,-0.012885079405493561,0.018533023366243198,-0.02042507873140788,-0.0008118873984771791,-0.0012333934920766808,0.007832933997511756,-0.013871032040605663,-0.0032417624413190334,0.024484743046805105,-0.0015544820973936477,-0.009564644106347074,-0.0019504937933930472,-0.00028823744967446194,-0.02609324956884357,-0.013503027308827041,-0.018388388556709486,-0.004903530510445581,-0.0028522827325971026,-0.0013630208222858505,-0.02148724524641275,0.0014095441016106142,0.042206965772772866,-0.022537784350765557,-0.07709205416677728,0.058115187929021,0.008808581099866084,-0.013327443844203493,-0.009908328752414855,-0.03722895988677568,0.01189577098749379,0.0005369931080042429,-0.005978270564087482,-0.021592766399914923,-0.01000266674477289,0.0018863536473867936,-0.01745166900839776,0.01855447392804116,0.0077918665290117066,0.002550240963387434,0.009039418278736649,-0.009614801315202781,0.023170153940123693,0.02576664970181747,-0.027786381224215402,0.005524123344592955,0.004797370962831974,-0.007698548524681805,0.003148211864202401,-0.03755153256302515,-0.011777775791239677,0.02652327805971479,0.0013335000907199934,-0.0061195928664964485,-0.051311082416403975,0.02058062459621412
GENE237,-0.006209577853257522,-0.012213106119925803,-0.02359879758025919,-0.023072847620812346,-0.0021797310094124013,0.0009075122962226049,-0.0037517027414660713,0.01181222484680772,-0.01480311008063871,-0.048028343422989804,0.018410401214513636,-0.020289937958430974,0.020917763128136004,0.03177759989800342,0.0023193790087722094,-0.004107296264109437,-0.0028349734995385244,0.021412302393280812,-0.0017545511598638017,-0.010795658205785683,-0.04933584680478388,-0.007290686444992511,0.015340407130794015,0.007938525857774782,0.04946892713151725,0.013191606907822274,0.02761715252379366,0.013197413254985343,-0.021594771826498892,0.0014165977492513965,-0.0012667185515150177,0.0006764056364739076,0.01748896664187373,-0.013183908433391947,0.01284906700680219,-0.019440726836943773,-6.0577637573949595e-05,-0.0002276107803448257,0.04070345257444596,0.0018374154586097546,-0.00814387908057891,-0.029414673807573937,-0.007756429249841243,0.001462746783378374,0.04622894806385416,-0.04915024523779246,-0.03378257211457022,-0.011056875645186476,-0.013217015305816036,0.014058313513862409,0.008587898157508655,0.009550275931323552,-0.006253569046472333,0.0012432524580256005,-0.012963405843160462,0.020802937630196403,0.0009263322512457738,-0.01104919147671504,0.0024678851317602177,-0.005557620108356388,0.005483601923063906,-0.02516491108220979,-0.05130491260943109,0.020578149916765234
GENE238,-0.002946044103474636,-0.005794330970637905,-0.05926468803578215,-0.05794384699873162,-0.028789481935502324,0.011986253691636419,0.007401530757101717,-0.023303697424408146,-0.004586007084768542,-0.014879192413465124,-0.012872298781180923,0.014186444967135982,0.009099856701758424,0.013824212638141936,-0.004516922456341834,0.007998838766768272,0.005585589583956501,-0.042187460742017235,-0.006033866185530543,-0.037126051658415635,-0.0039299212657933486,-0.0005807506216680011,0.03299458198695191,0.017074406176880393,-0.03122334240583863,-0.008326157110121335,0.019063362034159866,0.00910981197563485,0.03561787072838857,-0.002336500515605745,0.06165079990346086,-0.03292045300666149,-0.008084689791003262,0.006094574487995851,-0.008285075819008605,0.01253537675034746,0.004619003117863215,0.017355165143259174,0.03229471050477424,0.0014578321139777919,0.009875204469472914,0.03566800481424317,0.0018720371538641224,-0.00035303826502934565,0.028763460947444204,-0.03058108000860859,0.017826813003412424,0.005834631355490104,0.0232244104013406,-0.02470270594700642,-0.003135126232408562,-0.003486455014939531,0.00762026030751249,-0.0015149600632385122,0.017646826978092004,-0.02831862594117609,-0.007864565737596889,0.0938076943764587,-0.024196720111878102,0.05449045278462489,-0.007841912822836448,0.03598748444359217,-0.05339090243498653,0.021414830249542688
GENE239,0.0002712298030471184,0.0005334595113842456,-0.02624055628686888,-0.02565572905285394,0.03501386529724725,-0.014577722277803405,-0.005901721056085915,0.018581551072031258,-0.0005150315876628254,-0.0016710079051776283,-0.003184584136925169,0.003509701597957302,0.013491746290124356,0.02049623149983303,0.004427038206308846,-0.007839666314589173,0.0006057330724729067,-0.004575047957067837,-0.0030300847619627188,-0.018643947337078755,0.026212890725400024,0.003873653326595199,-0.05138024749780882,-0.02658882648045561,0.055054766079013946,0.014681151879151186,-0.045323645352902425,-0.021658817918658962,0.02378484891930895,-0.0015602648509587445,-0.030649669125592905,0.016366389303931278,-0.047916515034163026,0.03612145643557313,-0.019627865518136015,0.029697095651251854,0.00436537710988548,0.016402206000173752,-0.01504920373202135,-0.0006793438351761034,-0.0004573782390972972,-0.0016519930584056872,0.10214322038068771,-0.01926268676516762,0.02390871627778441,-0.025419554577593186,0.007858527614490006,0.0025720588205366984,-0.06591351466538102,0.07010908533628898,-0.03197211628751441,-0.03555497830247881,0.001957309170509259,-0.00038912650028624434,0.03511237739937533,-0.05634634955693276,0.002231476150336603,-0.026616807552190477,0.03209148673065659,-0.07226928420049933,-0.02556447083365444,0.11731844222440961,-0.06171951594751781,0.024755396459341054
GENE240,-0.005423067358581976,-0.01066618354919606,0.010786730097581777,0.01054632461767983,0.024028377395374407,-0.010004008682913141,-0.019308519871599802,0.06079281699521653,0.0006409871708675016,0.002079667840369176,-7.911940121301619e-05,8.719678203671658e-05,-0.0001086806955945626,-0.00016510425326500327,-0.018014117619061066,0.03190048617243813,0.004398110715434287,-0.03321853859069326,0.0007467455673673976,0.0045946850091349275,-0.010006648920977208,-0.00147874911191119,-0.06274654712069441,-0.03247078663276249,-0.010503391823541233,-0.002800881769006062,-0.01683588417768141,-0.008045366763082575,-0.027123122504416636,0.0017792526173076308,-0.04197950222701506,0.022416322780427593,0.03416032614881794,-0.02575147069710275,0.007869151937799173,-0.011906081054769172,0.003992899252231303,0.015002680049050898,0.02903412721472292,0.0013106444489962164,0.013754088725402125,0.049678050149723034,0.06820655084618117,-0.012862737432653374,0.030952519615728324,-0.03290846955329849,0.14067569862168192,0.04604248902909825,-0.010359847714967098,0.011019279600046191,0.010651712051922611,0.011845365113921005,-0.012783344461750576,0.0025414166383638703,-0.009563877560225536,0.015347567668197197,0.0035007597628680664,-0.04175668598592567,-0.01158160271048394,0.026081500829366618,-0.0012166164278613846,0.005583199630063669,-0.05691271290799333,0.022827411232647657
GENE241,-0.0011429597280619716,-0.002247993145347125,-0.0006379195306277632,-0.0006237021218754115,-0.009224057415579055,0.0038403571310187076,0.017344230546982534,-0.05460825793884006,-0.008844480096242828,-0.028695708209030318,-0.005305631149028104,0.005847288475129729,-0.0036534794972524235,-0.005550249756059901,-0.009135406458571471,0.016177528845647268,-0.0035976180824902042,0.02717248901633688,-0.007054200176442406,-0.043404111411596676,0.05930660146320677,0.008764131222826654,-0.050137443394750514,-0.025945686280579458,-0.05747636228901894,-0.015326905630934255,0.003531040183702254,0.0016873787579709423,-0.010268651520767471,0.0006736143706005688,-0.0008950465468927108,0.00047793926164661944,0.016613462850937854,-0.012523917363069953,-0.014644329917718442,0.02215697198012379,-0.0012000295781996449,-0.004508919127135056,0.06189502937781949,0.0027940353114247443,-0.0015830836750434095,-0.005717900456368275,0.010707325291806685,-0.0020192417315622775,0.036363914755698404,-0.038661821280897964,0.06050276511552633,0.0198022680985822,-0.012667397686655982,0.013473711270155614,0.00011927173598546535,0.0001326375754093293,-0.06677985066486486,0.013276292764770185,-0.023666041335556155,0.03797791936884983,-0.006828905593660025,0.08145445155265144,0.00037896693477959423,-0.0008534247522418522,-0.01876826822256616,0.08612984815718377,-0.057624828454069354,0.023113037300794996
GENE242,-0.0025558564113112576,-0.00502690300633917,0.009879955594461918,0.009659759534617285,-0.014236463523391401,0.005927229390420855,-0.0014682575003383221,0.004622804343029918,0.0013390041126757175,0.0043443674348226935,0.03720155101864548,-0.04099949552053939,-0.020492418412630345,-0.03113142974561741,-0.0033665597958822163,0.005961707172581038,-0.003999023654209396,0.030204269555163456,-0.0013364468257116822,-0.008223084895236616,0.04285164772854758,0.0063324731908688085,-0.018998162647852625,-0.00983138218851025,0.04666283028547099,0.012443320484711744,0.015482734888154019,0.007398737087768794,-0.01094613410994157,0.0007180566235084105,-0.05155398158611103,0.02752892794204557,0.041950235643807995,-0.03162382757154911,0.030305373091969037,-0.04585223811664752,-0.00430738173182408,-0.016184297646764215,0.03218674290550987,0.0014529582931217036,0.00895566037032602,0.03234672640863584,-0.06497970065956706,0.01225420165170654,-0.03285981427086604,0.03493628986864396,-0.028688781772949312,-0.0093897022227812,-0.0032477229587112213,0.003454449170505157,-0.00712606214161634,-0.007924623523474845,0.022095882774455067,-0.004392813186748648,0.035330274011141236,-0.05669601766724697,1.1144604356554344e-05,-0.00013293164228918303,-0.023317303369471323,0.0525100266665981,-0.007527746164936741,0.03454573573134846,-0.054606909922110015,0.021902564914650233
GENE243,-0.00181665997349611,-0.0035730385485850916,-0.0027023552801641116,-0.002642127480625392,-0.02032309699679088,0.008461346992940148,0.014990169514767298,-0.0471965038282866,0.01338635236817636,0.04343170625751031,-0.045840810487126536,0.050520745849622614,-0.01824971261293651,-0.027724382483678457,-0.009040938524073661,0.01601023932851101,0.004559607973359315,-0.03443831299879331,0.003659301258444519,0.022515482342070067,0.04724430155507118,0.006981604882827176,0.0029599283718180773,0.001531736916530619,0.021594649467484937,0.00575852648532088,0.0076814475071929605,0.0036707345937115627,-0.016785132347000138,0.0011010896940561018,-0.02119946632537471,0.011320145659482158,-0.02614646702792736,0.01971029130603684,-0.003993868763491984,0.006042750933786867,-0.00029628021145839556,-0.0011132254876929108,0.014946709246122614,0.0006747170789492052,-0.0052594846892254415,-0.018996601619297355,0.0142534255359151,-0.0026879833081994513,0.01612861188125515,-0.017147810246816064,-0.029539274664613285,-0.009668064512908681,-0.014556038696422191,0.015482569307774894,-0.011527291298499753,-0.012819063596504534,-0.003258299487800069,0.000647772306835802,-0.011517405138430293,0.018482477803692703,0.0014697578136371203,-0.017531113145883823,-0.01972722116753099,0.04442524476999334,0.008546811812149058,-0.03922235098512035,-0.05140778147171065,0.02061941011509875
GENE244,-0.003104937242030751,-0.006106844769284634,-0.00228032405748835,-0.002229502131435408,0.0011333931383204047,-0.00047187850475059084,0.002326506528197917,-0.007324998837168288,-0.0001912211618251603,-0.0006204125741050163,-0.003443022194912183,0.003794523862369732,-0.00992460184521724,-0.01507713920711173,0.006990828755669668,-0.012379781278774786,0.0007989960130165007,-0.00603474573731413,0.0009909301825392043,0.006097139713681763,-0.006857169131241707,-0.0010133295215137012,-0.0016609914127437844,-0.0008595484570380608,0.006268926879181865,0.0016717002756941506,-0.004916464929419415,-0.002349431910885324,-0.009753430800096583,0.0006398163513791067,0.017897268841646784,-0.00955682973735285,0.009099781166069444,-0.0068597924688191605,0.0002613669621324527,-0.0003954500130106628,0.002379795240062391,0.00894169983100622,-0.0016411535262146988,-7.408415424985572e-05,-0.0015093298106192156,-0.005451510712296922,-0.007377593513355161,0.0013913040180135827,-0.0025469337114711384,0.00270787940816414,-0.003620931018093667,-0.0011851135505930549,0.0014616692745875587,-0.0015547084148936966,0.0037362630461088907,0.004154956473388942,-0.004198406601748796,0.0008346720550498444,-0.0025059466374140246,0.004021400875158701,0.0006110246193032252,-0.0072882359505334286,-0.000772525075151618,0.0017397085612371587,0.00017837663072672492,-0.0008185918880254126,-0.04901618640200319,0.019660153011217353
GENE245,-0.0001663685636928518,-0.00032721659530115995,0.062266115772578755,0.06087838146306045,-0.06296976460622929,0.026216920997877893,0.00468061572979676,-0.014736904608882571,-0.01493829380544285,-0.04846694384713814,0.02637577391425779,-0.02906850372733956,0.01627772491532756,0.0247286015450324,-0.01112117585196427,0.0196940490780096,-0.0027295673645204525,0.02061617924169489,0.00240465435877004,0.014795707958923064,-0.016493019906204234,-0.0024372833234817147,0.007270495953520631,0.0037624177529171827,0.06608381483142546,0.01762220769227151,0.06688142898017027,0.03196063955452218,-0.004418550280909708,0.0002898529529810676,0.028868450690982168,-0.015415249694015516,-0.005569841426673295,0.004198777484196994,0.012500777434893912,-0.018913762316949426,-0.015121969705128375,-0.05681838154835884,-0.004185117090485646,-0.00018892252012112277,0.0036877658120508037,0.013319749393010883,0.027193488328598945,-0.0051282860063935395,0.08066326208107663,-0.08576053055520623,-0.015452785136941842,-0.005057623293201413,-0.02016656658945155,0.021450222236478165,-0.0045458145446830535,-0.005055228000857457,0.0138933704320336,-0.0027620974217321854,0.03441998235253066,-0.05523523330020041,-0.0010219630304654172,0.012189865127271719,0.04136204467693552,-0.09314636579350426,0.01050528938637575,-0.04821004095667658,-0.05939946683185274,0.02382483608825162
GENE246,-0.005387119297151892,-0.010595480274444267,-0.03050405026387029,-0.029824201896821695,0.06417393124987611,-0.0267182654440926,0.006117502082251511,-0.01926093698674475,0.02334644183657895,0.07574698290588885,0.014743718591205901,-0.016248919945121402,0.03215244774081765,0.048844975143390854,-0.01790319817293048,0.031704063326066546,-0.003121714242940413,0.023578029694509072,0.0009875786152417799,0.0060765177017234944,-0.005577356557415606,-0.0008242030994812829,-0.024015997337577227,-0.012428067536870922,-0.06823696172251545,-0.0181963755396268,0.01918471844732361,0.009167804584913404,-0.044247682253652096,0.002902608445865235,-0.027728669004222738,0.01480662613169866,-0.02840919766292502,0.021416031508537454,0.0131851251407882,-0.01994918510715693,0.007534373430475289,0.02830920261369287,0.01736054991670102,0.000783681500445201,-0.009434698062654352,-0.03407695070618364,-0.043806636807732724,0.008261277840251208,-0.009432917629981866,0.010029002048264872,0.014368304718656282,0.004702677995255994,0.062250265926735944,-0.0662126610638237,-0.05945592142499016,-0.0661186759490445,0.08739068680797442,-0.01737386848616396,-0.012086589984208407,0.019395873325675175,-0.0005324779077792129,0.006351339222247884,0.02981651371396751,-0.06714609770335993,0.004889412980299193,-0.022438106306719833,-0.06005447724844685,0.024087557567817365
GENE247,-0.0027603849322552134,-0.005429173271705036,0.020264189610448444,0.019812558561553152,0.0034824432226225974,-0.0014498853444666578,-0.0011879260972923592,0.003740181760009122,0.01171117799862506,0.03799664230974201,0.012098790434828529,-0.013333968360300534,-0.0008546041701584662,-0.0012982874518707996,0.0015387360783559556,-0.00272488667103596,-0.00014254909883144778,0.0010766606497656114,0.002745691401448321,0.016894090401388243,-0.017500361620599758,-0.0025861449131428555,0.05215041748893003,0.026987382681556937,-0.035815343943510186,-0.00955068092168564,0.010523075733737126,0.005028663945422541,0.07376147721720906,-0.0048386870417936115,-0.0374803912251322,0.02001387589342383,0.015223971743749804,-0.011476461335434363,-0.0033316200200228098,0.005040764025858216,-0.012463972329427106,-0.0468313817069277,0.08580116952729522,0.003873194662483707,0.005364526685171666,0.01937600018553251,-0.11014594831429386,0.020771881804029422,-0.012048823670098095,0.012810212280717293,0.012107211447980371,0.003962632890601575,0.000921498657830915,-0.0009801545004403359,-0.05428243297524024,-0.06036543559658238,0.007475382952145633,-0.0014861574503892102,0.010889087137544638,-0.017474188751994867,0.006093436534858685,-0.07268185571032099,0.001707625146434658,-0.0038455322450900663,-0.007299957599206324,0.03350038650969021,-0.05711999993814812,0.022910553048224206
GENE248,-0.0020403476411690663,-0.004012991358191224,-0.013184961886571117,-0.012891106653228467,-0.015388485566430146,0.006406863879751026,0.004880785732647115,-0.015367139263435246,-0.006518663635462813,-0.021149651258247748,-0.004613510208788102,0.005084508198177425,0.0077557262073428435,0.01178225237687516,0.0024246529264891595,-0.004293721668200006,0.0023113740462878023,-0.0174576023483621,-0.005973708444692141,-0.03675590433904519,-0.021047988848241297,-0.0031104014003737416,-0.04618978325082556,-0.02390280685351819,-0.03742504963674852,-0.00997993229166166,-0.010969830131343032,-0.005242154543471538,0.08605758626990388,-0.005645300816115897,-0.013706551081959357,0.007319059468548246,0.009773610633797553,-0.0073677530695911275,0.010851809048457563,-0.016418861796429346,-0.003678408001210722,-0.013821029494095288,-0.08346244715863134,-0.00376762119483903,-0.008228072340691152,-0.029718769344675038,-0.05136363875653653,0.00968641561132464,-0.011105251310112687,0.011807013747434364,0.01318153960348301,0.004314255401084985,-0.056679995462832776,0.060287828056774795,0.01884803630315471,0.02096018655057548,0.0434003236422133,-0.008628282289091285,-0.01563716292933557,0.025093631185188245,-0.0018276212553495499,0.021799669794629144,-0.004845904426341542,0.010912864434579306,0.008758561436470625,-0.040194095568790125,-0.0540393505502524,0.021674919622088906
GENE249,-0.0019970067121629497,-0.003927747662436598,-0.04222568624053384,-0.041284596005308975,-0.006089798970801316,0.0025354355301920456,-0.012172935448780434,0.03832645080790277,0.011798377524231603,0.038279559125147515,-0.01088592208340204,0.011997277034810393,-0.01914535290371911,-0.029085010703756208,-0.005947479925452292,0.010532156230733364,-0.0029640042270944506,0.022386859988584338,0.0027841361356580876,0.017130638767624756,-0.01740602829134493,-0.0025722046492279013,-0.025957110318802067,-0.013432576443507923,-0.08179669108157192,-0.021812274041035036,0.03211147058879343,0.01534511377378717,-0.052433353250272235,0.0034395811540320334,-0.012768433236981899,0.00681812088415627,0.0019486941061699304,-0.0014690064419765456,-0.009595831258070795,0.014518558753160694,-0.017706434338900793,-0.06652909387773137,-0.06209426753381598,-0.0028030292233553913,0.012408256671282366,0.04481707290777814,-0.044049286147613886,0.008307037883946463,0.011060463477380872,-0.011759395684411726,-0.00988576112526715,-0.0032355627348144536,-0.04218723269334496,0.04487256235712491,0.011141333634847235,0.012389854712318885,0.04831544089009053,-0.009605441340906002,0.0067765918521872056,-0.010874689827035383,-0.004528967264328873,0.05402103449171849,0.027827666889066686,-0.0626672607574004,0.012451710216440402,-0.05714240107405129,-0.0577497667238342,0.02316314943069994
GENE250,0.0012906359945204387,0.0025384454041437296,-0.01010712777510452,-0.009881868694621232,-0.006994098738515584,0.002911932976495193,0.0019401818249676621,-0.006108656665919942,-0.005414686094846581,-0.017567822023505323,-0.01894621259999534,0.02088045087785195,0.01254313563875606,0.019055132394086453,-0.005181460800650028,0.009175643354810862,-0.005117310694023795,0.03865059198565888,0.001209408777928044,0.0074414266715362885,-0.010018021694435948,-0.0014804297423383894,0.020584028119853565,0.010652053631523538,-0.04174480649283553,-0.011131858110295333,0.024898628020219523,0.011898311499779055,-0.011155117563143111,0.000731765751429623,0.012789796471487891,-0.006829528479171952,-0.02488681714231018,0.018760714976562395,-0.030038078680223478,0.045447819831567156,0.025128991072442774,0.09441816314412728,-0.01410949251962873,-0.0006369238486897439,-0.007643546979507513,-0.027607536766020742,-0.018843219128081377,0.003553549872021665,0.028306308419315734,-0.03009503912276526,0.015233508064994848,0.00498585494743982,-0.02640699967556161,0.02808787550061723,-0.010418359420202954,-0.011585862499737774,-0.027762355643838686,0.005519346894275005,0.033622082094737715,-0.05395480827156188,-0.0042270216727576535,0.05041945994616072,-0.016928375141958385,0.038122308400818185,-0.014092649734987016,0.06467287058202752,-0.053937063114114545,0.021633892630943067
GENE251,-0.003650111622127328,-0.007179103256951622,0.0006635130677336464,0.0006487252519613045,-0.0077014643046684214,0.0032064385583474393,-0.01319685571361908,0.04155026069555776,-0.0005243764492808543,-0.001701327089498472,-0.02079613195497789,0.022919230397283653,0.005526535448873207,0.008395736735358884,0.013670473294508342,-0.024208498774355304,0.004133830177715397,-0.031222451222958022,-0.002872265448074705,-0.017672893651108704,0.045513576027368635,0.006725844052477451,-0.07529952536573004,-0.03896684254188233,-0.008218213387766722,-0.0021915057953002795,-0.03642909031293832,-0.017408375427148508,-0.02450481448946594,0.0016074939494856858,0.0033924947127881517,-0.0018115330691971694,0.028883175850168957,-0.021773335924973602,0.0020450669090089765,-0.0030942003119966166,-0.0019904373918882105,-0.007478750016411757,0.03841711164674597,0.0017342065684912767,-0.00205420194370791,-0.0074195207850175325,0.011146501235695768,-0.0021020637594013547,0.024936147055933982,-0.026511910705643366,0.03294126899335464,0.010781521123346358,-0.012188937445964337,0.012964795761477443,-0.004246640819907844,-0.0047225282446879315,-0.017973998344203462,0.0035733542647273272,-0.009804067262315804,0.01573301046405292,0.0007260863818900499,-0.008660680281130288,0.0070410371974952415,-0.015856252549557692,-0.008295239246302826,0.038067854116261804,-0.05114964764279184,0.020515873896833178
GENE252,-0.0004311105811705788,-0.000847915816772824,-0.016296506573380394,-0.015933303874503684,0.00798080655808105,-0.0033227403078436,-0.013256946727684179,0.041739457073395395,-0.007056256551200188,-0.022893858863151158,-0.019238208937779253,0.021202257421266548,-0.049432286100200715,-0.07509595553373943,-0.00906243535305273,0.016048307210053757,-0.00915200206638183,0.06912425663985673,-0.006297446281285121,-0.0387478457039312,-0.021554249324345885,-0.003185214880426326,0.04458585089505024,0.023072785956947717,0.029911047889966135,0.007976214744186179,-0.028819665614065276,-0.013772058384789206,0.013487157049507602,-0.0008847454593930001,-0.009831263033586194,0.005249723169854521,-0.01638575100289964,0.012352258727358675,0.014699997440416565,-0.022241197325191916,0.008253609689803812,0.031011617775395035,0.008077312776052255,0.00036462212466278134,0.009083267100159002,0.03280762597464293,0.07318675677619609,-0.013801929936064924,-0.007309113570432518,0.007770990677995595,0.06317367419102635,0.020676443972674267,-0.01714791058672532,0.018239420743484874,-0.008447184865472085,-0.009393794014384796,0.051618053279519856,-0.010262023356799198,-0.011682128381008546,0.018746816310336808,0.0023935633795325166,-0.028550166591455685,0.0013045406805194848,-0.002937795371802132,-0.0010768255972526631,0.004941682635992235,-0.05499069797896876,0.022056500430151522
GENE253,0.0011493062796121619,0.0022604756537253057,-0.014862465963251166,-0.014531223943649706,0.00476813011343708,-0.001985170045866853,0.0011066925467569863,-0.003484418169406946,-0.014082500067799153,-0.045690341139542505,-0.010439821195062895,0.011505633249208828,-0.007362536658163273,-0.011184931329621096,0.0005121827426521953,-0.0009070040978552649,-0.00713465335536293,0.05388740146641513,0.0075456481540022765,0.04642796418546399,0.0260548055492123,0.0038502920279487123,0.012896976974023425,0.006674072227841756,0.07482488069181935,0.01995313968275367,0.015402519576055438,0.0073604045832755365,0.10299242525528607,-0.006756211131973694,0.027706917757550322,-0.014795011344949826,-0.03759453571585373,0.028340320307259807,-0.03272364260192931,0.049511096533084935,-0.007843087839769261,-0.02946914761019314,-0.0008675139039400173,-3.9160890706871647e-05,0.018599214879593862,0.06717804050713193,0.021145257660615827,-0.00398767997882942,-0.0019257657084134835,0.0020474585904118564,0.00622958184571318,0.002038912595404355,-0.01940843297276412,0.02064383139692944,-0.03914140071228986,-0.04352766768828251,0.03832747074777784,-0.007619764307864778,-0.008888191595266322,0.01426326519732685,0.0049286938590097544,-0.058788930327180945,0.023738654255827607,-0.05345889909528324,-0.010546549060990276,0.04839938658342353,-0.05700871014591603,0.022865915256007695
GENE254,-0.00425978888327748,-0.008378227137075967,-0.0022249304617110097,-0.002175343101078346,0.0010611596143080529,-0.00044180469703871046,0.002291431384075989,-0.007214564850935026,-0.0001896994677086508,-0.000615475473238074,-0.0034021974083175035,0.0037495312314367747,-0.009674163789481167,-0.01469668168468621,0.006818094168806274,-0.012073892452229866,0.0007744936516310151,-0.0058496815836559185,0.0009711787813934733,0.005975610412779947,-0.00667055799957527,-0.0009857527525670023,-0.0016398047763883411,-0.00084858455894116,0.006110427181800608,0.0016294340325370355,-0.004819596268595711,-0.0023031412678783756,-0.009525672522606913,0.0006248756117474297,0.01748917306876588,-0.009338913704886433,0.008883273167213244,-0.0066965797593167955,0.00026199789945762175,-0.0003964046255271556,0.0023263051146239053,0.008740719243457346,-0.001621894821374825,-7.321478716309376e-05,-0.0014673926616915766,-0.005300038969664062,-0.0072035183540275355,0.0013584760412254286,-0.0025099500566615955,0.0026685586842495907,-0.003560320667811151,-0.001165276070379521,0.0014250951529673238,-0.0015158062530716459,0.003658079121905213,0.00406801109562082,-0.004089211307192701,0.0008129632808518082,-0.002433012441350955,0.0039043602185469192,0.0005955178900113739,-0.007103273351106731,-0.0007607291672517759,0.0017131444500891838,0.00017258884669466002,-0.0007920310485309705,-0.04789436401509222,0.01921019552988264
GENE255,-0.0015465212958848435,-0.0030417250817554556,0.01580815303678714,0.015455834346805258,-0.05566937172014926,0.02317746508209517,0.01991825522073122,-0.06271256691606801,0.0064526523728350065,0.020935479265066947,-0.0030926163321366488,0.003408344705644185,0.006213845254888248,0.009439875914473482,0.02410352673576427,-0.04268397917684322,0.0032636249707398662,-0.02464986878471149,-0.009733849943034353,-0.059891851212567716,-0.045752990949326174,-0.006761223988959115,-0.0006006656955565503,-0.00031083921798207,0.021488931512889747,0.005730335259415374,0.023330500969390006,0.01114895036603069,0.0003046074146471373,-1.9981974408245305e-05,-0.024710535097338247,0.013194995210365877,0.019232684500487113,-0.01449839527829108,-0.017752083637896463,0.02685902475317476,-0.009787209522464944,-0.036773873760150795,-0.0045950568511451675,-0.00020742782141074348,-0.01374537510124812,-0.04964657762786997,0.07807423823265588,-0.014723635987778573,-0.022806423071563508,0.024247605318986266,0.012411662990749979,0.004062278436741109,0.007972485004774467,-0.008479954898165894,-0.0034237982214632284,-0.003807476188986848,-0.012790086111876018,0.002542756924690737,0.04449588463307819,-0.07140446916662017,0.0005787909387488618,-0.006903756075240039,0.018569957052066204,-0.04181911280865567,0.0020065932377363745,-0.009208498558841104,-0.05407370986642991,0.02168870097602556
GENE256,0.0005898675981343832,0.0011601618890955355,-0.011768807404779227,-0.011506514219873136,0.0035302646246538907,-0.0014697953747312828,4.831008594523113e-05,-0.00015210416093152767,0.00536566665165519,0.017408779589908406,0.0030182487084253577,-0.003326384814948955,-0.0006522243511972551,-0.0009908384729820049,-0.005576802707101661,0.00987573865155997,-0.0018181713871332974,0.013732486582482413,-0.006299432964179473,-0.038760069656120125,0.05069636830733402,0.007491739762593704,0.024801359220274044,0.01283448540833593,0.012756981241584548,0.003401834072973224,-0.04518460022544977,-0.02159237240055032,0.015583722609841361,-0.0010222782880696447,-0.01245917691385051,0.006652983395778148,0.011039782765851117,-0.00832224613894724,-0.025073765921496745,0.03793678045224915,0.007104769428560935,0.02669503431607645,-0.015248149437444673,-0.0006883245454497921,0.001799950331508409,0.006501195725927705,-0.03003854816495528,0.005664821825916132,0.018652767860110258,-0.019831472553122273,-0.008799109230764957,-0.002879906722999568,0.030245224876963357,-0.03217041395348319,0.047607728970446996,0.05294275034385183,-0.013968346357873015,0.002777003150509196,0.0060396717129066494,-0.009692122230113186,0.002366593342165711,-0.028228470886060016,0.0081925507031231,-0.01844943427084634,0.004227246899882444,-0.01939934624186774,-0.051663575651912326,0.020722007911690075
GENE257,-0.002444047846091835,-0.004806995968467779,-0.0022659591309042437,-0.0022154573581357495,0.001165640902608999,-0.0004853045846160468,0.00233131123713947,-0.00734012644888278,-0.00017598784690564637,-0.0005709884411735275,-0.0034569555566925526,0.003809879695345992,-0.009964142430975823,-0.015137208006355318,0.006998550924655154,-0.01239345616145026,0.0008024834719570395,-0.006061086204140775,0.0009950934683698553,0.006122756185785196,-0.006921400771807993,-0.0010228214585441774,-0.0016678777829498542,-0.000863112093092893,0.00628449429044565,0.0016758515516945042,-0.004933306874333544,-0.0023574801738935353,-0.009785125575548203,0.0006418955003475946,0.01797344584618257,-0.009597506930543115,0.00912380241967105,-0.006877900686098314,0.0002906164426463185,-0.00043970467838765423,0.002380965283013619,0.008946096080180583,-0.0016407025580555338,-7.406379686455755e-05,-0.001513891817920782,-0.005467988112729274,-0.007404100556333223,0.0013963028506728025,-0.0025391929865081855,0.0026996495317299627,-0.0036490296108026136,-0.001194310086734055,0.0014679461048218165,-0.001561384782081352,0.003754038565553837,0.0041747239546059195,-0.00419841707092709,0.0008346741363943615,-0.0025237873453870597,0.004050030630311928,0.0006116921481821238,-0.007296198163216079,-0.0007772795577962467,0.0017504155459385769,0.0001795255276958444,-0.0008238643148857455,-0.049143411263266136,0.019711182281808636
GENE258,-0.008333689553754992,-0.016390846092240147,0.027265495465111828,0.02665782525711063,0.03848624583449156,-0.01602341810958528,0.0036416181843361164,-0.01146562394833952,0.023393077706988848,0.07589829189350326,-0.004088331092032331,0.004505713006701028,-0.011811306052767666,-0.01794336018237346,0.015504988260607548,-0.027457168542518222,0.0006396448318543674,-0.004831180455899529,0.0009219278993908698,0.005672572404773184,-0.0536356422874788,-0.007926095841449996,0.010200892870432087,0.005278872401095066,-0.031145109910516403,-0.00830529528057323,-0.008258225308640031,-0.003946359497309503,0.03755710622010549,-0.00246371263226409,-0.010299608318446167,0.0054998113919899946,-0.01627210513352332,0.012266587757405004,0.018038378729469888,-0.02729219119764193,0.0007424976980112612,0.002789816295567187,0.033992022416516846,0.0015344513427512736,-0.0064546172059882926,-0.023313270959500948,-0.04349145709125908,0.00820183965012329,0.024291032827442514,-0.025826030453882123,0.0026512192325040497,0.0008677314818579305,0.02389169805630216,-0.02541246823753274,-0.011620391975017274,-0.01292259732895335,0.016966246365911965,-0.0033730062530908356,-0.003920878518680196,0.006292003217867164,0.0013337008502814713,-0.01590824031830919,0.007408943094937749,-0.016684768102123482,-0.004331261718844733,0.019876682800416715,-0.05119535729013713,0.020534207813174905
GENE259,-0.002140546566755084,-0.004210064354166736,-0.021390374475680696,-0.020913643974909298,-0.017348455589003664,0.007222880575404139,-0.007947414265063676,0.02502241001454748,-0.0007213827715223422,-0.0023405094808709318,-0.018573446088534992,0.020469628250881076,0.018993329383520174,0.02885406141102346,-0.008443360797477676,0.014952012641674658,0.006993753491338347,-0.052823197340283325,0.0003992551148134789,0.0024565950854203815,0.0012707379512534598,0.00018778540465751785,-0.04132480261901988,-0.021385222136640725,-0.028683016085129937,-0.00764874225227887,-0.05757365329882748,-0.02751273124661258,-0.022137025316157462,0.001452169093981894,-0.04448974579757747,0.023756749111139615,0.04648777121291539,-0.0350444100840185,-0.008907142810215294,0.013476568390478831,-0.02212211642905279,-0.08312031279212001,0.006125241076339913,0.0002765026534521152,-0.019550359445626945,-0.07061345585119157,0.08993197959266844,-0.016959829018594327,0.007344057515222619,-0.007808142798641519,0.00041130090559170007,0.00013461683587719933,0.001797721150552567,-0.0019121508873377636,0.009307555217530272,0.01035057926201859,-0.0018661969310227898,0.000371012761578849,0.00887585220904193,-0.014243463650947879,0.0015325930507608574,-0.018280605097109714,0.007461758387894102,-0.016803706917543813,-0.020799247544852493,0.09545025740136188,-0.057304076183059244,0.022984385131182426
GENE260,-9.601573236020642e-05,-0.00018884541851462943,0.051153533906062525,0.05001346738394597,-0.042580174141467024,0.01772789002028892,0.008902130697907979,-0.028028331844401264,-0.011111765967324414,-0.0360518640344784,-0.02834462743091584,0.031238359519009443,-0.007371901055308454,-0.011199157423679901,0.025678029582581967,-0.04547220379908179,0.00162173120178089,-0.012248791355127214,-0.004878223677160169,-0.030015445929816708,-0.007790962742177678,-0.0011513224184149008,-0.00289128299953494,-0.001496213539722755,0.021498217672992512,0.005732811548690974,0.0360798157640776,0.0172414675405808,-0.0025332290090373253,0.00016617756100243889,-0.001262453402318184,0.0006741281211140106,0.007469114826594023,-0.005630528548012071,-0.0032735184207023406,0.00495285590610455,-0.0013904316235938913,-0.005224324347077501,0.001445814900565196,6.52662730206145e-05,-0.006625463636756287,-0.023930346923237002,0.01171375925415608,-0.002209040154739749,-0.006151560329637609,0.006540289395709306,0.02853208102292899,0.009338414810424519,0.021742799598870214,-0.02312678667289538,-0.002422181278212095,-0.002693615962642994,-0.003287307100985581,0.0006535392194784346,0.027025871314018665,-0.04336958374591593,-0.0006008088250889547,0.007166383055729897,0.014035724961906108,-0.03160812725024034,0.007983599033856224,-0.0366376995671392,-0.0522769614990624,0.020968033979711143
GENE261,-0.000678899305137712,-0.0013352710046208743,-0.006358253055216659,-0.006216545710799172,-0.0009102355084919855,0.00037896874102701545,0.0034099065192376675,-0.010736080464651389,-0.0029796060594779183,-0.009667261967943644,-0.0062691596348772435,0.006909184572408894,0.005248456039739574,0.00797328734872008,-0.038519472701007904,0.06821260592680281,-0.0017383595109128813,0.013129674588479039,-0.0047332617013544865,-0.029123502748320294,-0.033025330962832715,-0.004880372961770288,-0.04911032603713742,-0.025414162075722824,0.00952642094509403,0.0025403583144638976,-0.0275533872354402,-0.013166941726068672,-0.023009564783205736,0.0015094069039042618,0.01789793693405007,-0.009557186487055426,0.003636689812343204,-0.002741487617214358,-0.0009711478467685113,0.0014693533777459496,0.006912029329210079,0.0259708442325002,-0.022438394203309536,-0.0010129030774513144,-0.0016761858504391143,-0.0060541738824624785,-0.015968804939982022,0.00301147825990335,-0.01231682141110325,0.013095145320408081,-0.018708757983965305,-0.006123287765155136,0.03766455361212479,-0.04006200271296686,-0.04540831323298658,-0.05049686349293783,-0.008389408806964505,0.001667872065236433,-0.006023998861385775,0.009666971327902145,0.00035735329793949516,-0.004262471708676133,0.003589414671091053,-0.008083278632606578,0.004339702385717222,-0.01991541803946391,-0.05136343874858814,0.020601624465387835
GENE262,-0.0033234126092622765,-0.006536545935393462,0.03234653358242961,0.03162562151188606,-0.03476193486428573,0.014472833204464611,0.0013703200137698817,-0.004314448459849962,0.01269204564561556,0.041179044382380584,-0.009938657083908642,0.01095330477988933,-0.00014798848747846926,-0.00022481939946467647,-0.011653964608642766,0.020637543548550647,-0.0038269406998438305,0.02890454232448898,0.0029476340616782387,0.018136632646312063,-0.012201437633418808,-0.001803087647717412,0.0195762261367368,0.010130524963198117,-0.026557106151358884,-0.0070818375346336,-0.020534388355380153,-0.009812771567626468,-0.05768494176108124,0.0037840806710529593,0.047645776201295766,-0.02544201435920896,0.014434692632080949,-0.01088147000462811,0.010272533504983366,-0.0155424139112983,-0.010818628309070223,-0.0406492648167514,-0.02667510451188415,-0.0012041545935314597,0.014068399179068831,0.05081330024090841,-0.008017037395363469,0.0015118935897641527,0.02283363658646201,-0.0242765385088391,-0.016061490584505667,-0.005256849699511601,-0.024842912538752593,0.026424230053933736,0.0061584359079055965,0.006848563076454574,0.005689980286997185,-0.0011312071435299138,0.010560937272301098,-0.016947592480722164,-0.000858911229822762,0.010245000783516903,0.012044044810131284,-0.027122909717841343,0.0029509750016855057,-0.013542380458160265,-0.05060592613710214,0.020297789855987663
GENE263,-0.0050939312771443495,-0.010018832958626432,-0.018904018462474293,-0.01848270175301444,-0.02066806531408507,0.008604971590837871,-0.006800572701333275,0.021411582785427246,-0.0028301571997507756,-0.00918237864815098,-0.006749014481881712,0.007438028292941041,-0.026212971244422154,-0.03982191151321903,0.003774857209373401,-0.006684744862722874,0.0052604972642758315,-0.03973206740029499,-0.0074456811745383,-0.04581287277813228,-0.0358594703601701,-0.005299192603584865,-0.03488552411447163,-0.018052952107694968,-0.02853733981362475,-0.007609895561620204,0.03667206692277615,0.017524486699973033,0.015872504914884074,-0.001041222149419847,-0.02044052698790595,0.01091488527627213,-0.0009901574796464798,0.0007464217762892176,-0.010131746361182307,0.0153294019935196,-0.0026225144197399588,-0.009853678311919016,-0.06395083917750917,-0.0028868376774887745,0.0011223570093900803,0.004053813299553414,-0.04496752484668804,0.008480203996881385,-0.0015357476363427455,0.0016327945175238405,-0.012301674728621365,-0.004026279800147021,-0.026509504242002175,0.028196904755579486,0.016005803048165596,0.017799446710805068,0.022263952650991358,-0.004426226632026087,-0.01712556691471179,0.027482137388799302,-0.0002960724270226444,0.003531520070417753,0.0026628336107060472,-0.0059966395638163285,0.0011821085527762877,-0.005424838826285755,-0.05159762255233432,0.020695554445510054
GENE264,-0.0025807507517023945,-0.005075865629591055,0.01460833988974635,0.014282761616257309,-0.014906299416667409,0.006206109815103544,0.009468579287594996,-0.029811793532766133,-0.0021142012588300477,-0.00685947639186956,0.014438941169120924,-0.015913027483395813,-0.018733450071374586,-0.028459261032392366,-0.02707685510390337,0.04794932841568499,8.586916109095897e-05,-0.0006485621272341262,0.01620486315294567,0.09970764482257267,-0.017057941851326395,-0.0025207655992414853,0.012798620969913634,0.006623173860201451,-0.0558654241970171,-0.014897325623952611,0.022297911117354838,0.010655506482252296,0.10019559944329301,-0.006572741856069721,-0.006531787137616718,0.0034878605281679705,-0.03376692712443513,0.025454910195759975,0.0006311063010008297,-0.0009548681780821549,-0.0038478000041608164,-0.014457492841295168,0.0001417136647293913,6.3971693287444116e-06,-0.013585978474282338,-0.04907085692501751,-0.0008170036432460275,0.00015407469244719976,0.06974925931900196,-0.07415685072366393,0.002741941999870298,0.0008974246133810189,0.047972873191586836,-0.05102647427451562,-0.008180480110801773,-0.009097201768811422,0.04250263049576652,-0.008449814728793928,0.012462955532604679,-0.019999843387567606,-0.002556648542987291,0.03049542888325316,0.006051392411632224,-0.013627595432879279,-0.022636652098214933,0.10388232866695414,-0.05910277092241738,0.023705832807797575
GENE265,-0.003016292151686654,-0.005932496058153668,-0.018946784118325937,-0.018524514284246722,-0.020700794515837822,0.008618598113059156,-0.006877131102496839,0.02165262668223203,-0.0028155333216636786,-0.009134931818726804,-0.006722639838272868,0.007408961034913152,-0.026281306509852376,-0.03992572427323851,0.0037137340552270523,-0.006576504294136919,0.0052861253767426284,-0.03992563425162449,-0.007494098103527725,-0.04611077951844299,-0.036066016187731816,-0.005329715255222575,-0.03503519028267319,-0.018130403034268966,-0.028738003538221153,-0.00766340545417351,0.03691782023004737,0.017641924873660314,0.01604366310392103,-0.001052449973788807,-0.020690470798408765,0.011048350916310018,-0.001084877475042661,0.0008178256374598681,-0.010146933588223014,0.015352380372584214,-0.00266991741037221,-0.010031787464416745,-0.06423593711604612,-0.0028997074299631533,0.0011370015623582055,0.004106707595300312,-0.04513331940216944,0.008511470375381127,-0.0014761090072854934,0.0015693872074600032,-0.012336200083807864,-0.004037579785169133,-0.026653468934543685,0.02835003318403677,0.016053812267221444,0.01785283594305043,0.0224281110892827,-0.004458862456528012,-0.01721665400857065,0.02762830878506562,-0.00030426874781406074,0.0036292849033998545,0.002685250173719701,-0.006047121144081804,0.0011887135946254592,-0.005455150160543933,-0.051336496981277555,0.020590818254081107
GENE266,0.0051610298554926465,0.010150803613835144,0.02453036946584746,0.023983657423341787,0.006383535706762084,-0.0026577302989435145,0.0015346044035546675,-0.004831697369127923,0.0041407222126196444,0.01343447609073791,0.0018356936578901757,-0.002023101506333609,0.027825485612001082,0.04227159201150256,-0.019829177536966135,0.03511470376764035,-0.006310729654222219,0.04766437912046051,-0.0003466570508193337,-0.002132962048010198,0.09272618464656601,0.013702765459232538,-0.028281014973462006,-0.01463517667665143,0.025782230100410714,0.006875205596987891,-0.009930480853065096,-0.004745480531555272,0.014670749036706062,-0.0009623880368911403,-0.06107601522097773,0.032613528000685676,-0.077824919646424,0.05866765232417187,0.034478406419626954,-0.052166066269423855,-0.0049926953625772565,-0.018759253959447733,0.010030169865425364,0.0004527770495485825,-0.012607850331133619,-0.04553798027153138,-0.0602181704851578,0.011356248131828908,-0.030911012079654767,0.03286433907526561,-0.016726837875871283,-0.0054746147126837124,-0.06715347121226745,0.07142796841816201,-0.008872537075639586,-0.009866812080110537,0.004122436199669426,-0.0008195686175697687,0.05403240281610038,-0.08670813205975653,0.0010619326849106942,-0.012666618867228432,-0.05318384460635882,0.11976878519188085,0.0027370085384134375,-0.012560462532975795,-0.06312674454549476,0.025319828978244006
GENE267,-0.005054927480795087,-0.009942119611092887,-0.010936268508182474,-0.010692530243178816,-0.030155462964363534,0.012554968168214416,-0.004038735000353277,0.012715945054378994,0.008571835834451199,0.027811120297011462,0.006853177713509584,-0.0075528256557295505,0.03124824808650812,0.047471343810703726,0.009214469324603274,-0.016317538138246098,0.004715493779300204,-0.03561570460973977,0.01292508422383418,0.0795273428062065,-0.04331830823025307,-0.0064014347191402275,0.009157520278040428,0.00473893625511373,0.04726547212607718,0.012604023672116577,0.0019283415898213182,0.0009214969152130707,-0.010472044696060936,0.0006869567812853646,-0.058305869486593956,0.031134318442770894,-0.0087434875603374,0.00659120357105448,0.0180361011221329,-0.027288745162060972,0.003975899399138504,0.014938805821144194,-0.05299587272933699,-0.0023923139104044446,0.01656202457733986,0.05981996364573821,-0.0009692644129668294,0.00018278880096086263,-0.007878448869291772,0.00837630338212133,0.06954919026229033,0.022763120148035148,0.019547374545628823,-0.020791616970770282,0.008259553999094773,0.00918513684190024,-0.0734052251186763,0.014593462690268701,-0.01706368482916609,0.027382832531603014,-0.0011199123958314462,0.013358194624064365,-0.004865800896613037,0.010957670824407316,0.0006975264692513688,-0.0032010331571253356,-0.05290698290452759,0.021220732488938795
GENE268,-0.006323712452843951,-0.012437588042794871,-0.002242169674990165,-0.002192198101412151,0.0009697498178940242,-0.0004037470129103896,0.002295362609016018,-0.007226942300886418,-0.0002162459809242483,-0.0007016050126697386,-0.003406155524777088,0.003753893436065647,-0.009577562758991996,-0.014549928474134222,0.006785401932720851,-0.01201599906842707,0.0007626639859314392,-0.005760333172035123,0.0009655016349347551,0.005940679238269596,-0.0065333690054178144,-0.0009654794218169776,-0.0016402248665604972,-0.000848801951912925,0.0060642690466905695,0.0016171252963408569,-0.004798481892135001,-0.002293051337298704,-0.009457321832278086,0.000620391867494074,0.017342881817343673,-0.00926079672545922,0.008825122396052988,-0.006652743296133632,0.0002200729862137214,-0.0003329719431693068,0.002321880900258162,0.00872409596588265,-0.0016353399827425867,-7.382172209804737e-05,-0.0014518712448595387,-0.00524397755118909,-0.007146273308281038,0.0013476804800421917,-0.0025363000734557463,0.002696573809873122,-0.0035283703524327465,-0.0011548188836749279,0.001410393985516816,-0.0015001693171782533,0.0036302874614182598,0.004037105043712412,-0.004072529289349411,0.000809646781180281,-0.002388035497475185,0.003832183772822345,0.0005923364811877513,-0.007065325848781718,-0.0007568373184554479,0.0017043800968173125,0.0001690921784967476,-0.0007759844161314889,-0.047621073330692994,0.019100579970896404
GENE269,0.0002734234780242191,0.0005377740696232964,-0.01950049218323333,-0.019065881774033774,-0.044791539974229695,0.01864857320367877,-0.013050234595662603,0.0410886245447367,0.004036059485890151,0.013094900328914957,-0.018976608905551345,0.020913950373417863,0.003535796408200985,0.005371469353216687,0.03573559152758823,-0.06328274120867601,-0.0015193534367997817,0.011475541212757222,0.007417085049348699,0.04563692236949767,0.020878941390741066,0.0030854201324563933,0.016617072829066985,0.008599189135553006,0.030480984884871585,0.008128196710138235,0.04497523066094289,0.02149232093205016,-0.017834822472372742,0.0011699484289835406,-0.04958909170687554,0.026479710980805846,-0.007613013883923487,0.0057390056258364635,0.002788639492224641,-0.004219230749311264,-0.005709285103787211,-0.021451725252785377,-0.016484361593199683,-0.0007441290333112089,-0.009415278580832834,-0.0340068099639562,0.0008934507688816743,-0.00016849147928582568,-0.02704221699843547,0.028751067305509626,0.060881984050676144,0.01992638465767594,0.03249831328684445,-0.034566917438397314,-0.01905078294099769,-0.021185653399394086,-0.030603505153636548,0.006084186921693544,0.0205364202576662,-0.0329556811640768,-0.006912022547822293,0.08244586164364014,0.03307391717178301,-0.07448169478006518,0.01506649234138153,-0.06914195184318217,-0.05697135785770416,0.02285093343560187
GENE270,0.0039709986539332295,0.007810229472705167,0.0021048419340787103,0.0020579310045661494,-0.01603260086410699,0.006675035755226856,1.7967540462000907e-05,-5.657074734086035e-05,0.009619717791607417,0.03121094872704344,0.009694392208091799,-0.010684102652354864,0.009674737461491455,0.014697553188942827,0.02726716272766858,-0.04828633663606425,-0.010595455828129867,0.0800265343656703,-0.006487689771003283,-0.039918403586685136,-0.014298810364678402,-0.0021130303756169925,0.04172577856417231,0.021592723663932827,-0.07446062832960738,-0.01985600650732135,-0.03997363106031671,-0.019102205701720394,0.007555789191828831,-0.0004956530242104594,-0.01932370704956748,0.010318522887552247,0.002476865888654686,-0.0018671642382600785,0.01277566675408071,-0.019329671749274392,-0.010556335078334748,-0.039663739970978454,-0.04996198880191652,-0.0022553597977822276,0.025421799046802036,0.09182036215970675,0.14652310376153913,-0.027632070352781046,0.001751100639610796,-0.0018617560960758938,-0.09006495891124536,-0.0294778339344121,-0.02892570379386667,0.03076690184086837,-0.029254373670494827,-0.03253267978113819,-0.007293349273783963,0.0014499679054448586,0.012305080402444013,-0.019746494342892093,0.0012921318767384487,-0.015412410072143081,0.01464866072669934,-0.03298844438401144,-0.0022999496219979184,0.010554746413613071,-0.06195485889099942,0.024849791364749185
GENE271,-0.0009344442692929689,-0.0018378813010685592,-0.011824714738878668,-0.011561175538788866,0.0034792803428032276,-0.0014485685066022548,3.1140051506952786e-05,-9.804435891930763e-05,0.00540679558820709,0.017542221459797686,0.0030563900376424985,-0.003368420031588225,-0.0004578220029578034,-0.0006955086136780661,-0.00575541608418804,0.01019203799446683,-0.00185433428805444,0.014005621752905614,-0.0063642870657695735,-0.039159113428696275,0.0512685941279957,0.007576301380653699,0.025011476124909338,0.0129432190596909,0.012735615919942982,0.003396136700078807,-0.04548650126305511,-0.021736641899440655,0.015883468260850388,-0.001041941335124677,-0.012868716087291555,0.00687167017899532,0.010964147305758367,-0.008265228992045457,-0.02527840075943285,0.03824639437079533,0.007123839419846983,0.026766686757004693,-0.01536698931266262,-0.0006936891572950671,0.001849406443662697,0.006679825024375716,-0.030149478281624963,0.0056857415901673935,0.01882007959255784,-0.020009357039474856,-0.00883301213255202,-0.0028910029819759152,0.030462130707761118,-0.032401126417816804,0.047938829080176944,0.05331095422224176,-0.013996017907460988,0.0027825044445361703,0.006152119895841947,-0.009872572689238959,0.0023737022910392093,-0.02831326566373903,0.008265667213171337,-0.018614090956551622,0.004256419917833292,-0.01953322474235564,-0.05124674164973842,0.02055481782889154
GENE272,-0.0034567218205850394,-0.006798740819349136,-0.0022681470665003238,-0.0022175965308813463,0.0011151280145992744,-0.00046427397726652326,0.0023227337850950432,-0.007313120366806602,-0.00019023212835264717,-0.0006172036782030104,-0.0034416750722724944,0.0037930392105979855,-0.009875882768687524,-0.015003126736854852,0.006956284300756563,-0.012318607874137768,0.0007936315734905512,-0.005994228603267264,0.000987854000934463,0.0060782121349690936,-0.006821615523838616,-0.0010080755283150041,-0.0016598501990619918,-0.0008589578889882739,0.006237363683857696,0.0016632834918741926,-0.00490130509064762,-0.002342187476218212,-0.009711224722359212,0.000637047670366505,0.01782445200171301,-0.0095179468135159,0.009058645392779605,-0.006828782616750975,0.0002645763281101002,-0.00040030580582878765,0.002369721534827341,0.008903849495447314,-0.0016400626368987612,-7.403490985494589e-05,-0.0015005158051724372,-0.005419675625774891,-0.007345246766092769,0.0013852039042902707,-0.002542333987731216,0.0027029890189315957,-0.0036145299215601164,-0.0011830185020536969,0.001454631577110437,-0.0015472227492377324,0.0037235633891777318,0.0041408336664225335,-0.0041754822089098914,0.0008301145283744504,-0.0024909450943389803,0.003997327250624954,0.0006078667485214733,-0.007250569207440678,-0.000771452098140785,0.0017372922418815778,0.00017709882930419917,-0.000812727903069969,-0.04880943059768058,0.01957722426772835
GENE273,-0.0008208792764606331,-0.001614519690706851,-0.026544044383791852,-0.025952453264806528,-0.0025118323095424805,0.0010457798219667786,0.005120788931627264,-0.016122788616719758,-0.01215697078957006,-0.03944300656309219,-0.037483971400289064,0.04131074848863035,-0.020881979122700695,-0.0317232379760082,0.020404616508915268,-0.03613372581223545,-0.007275770372490603,0.054953245730588025,-0.0026626270093687626,-0.016382999698266683,-0.013334397073880887,-0.001970512604828446,0.016982780021644748,0.008788439393377971,0.03467256414655849,0.00924594211416097,-0.039875887014730126,-0.01905549673845301,0.009090240010957082,-0.0005963116277923169,-0.008926140868107234,0.004766403703430981,-0.031234239389482044,0.02354566513447454,0.010436156235565836,-0.015789976229082663,0.004685019563470551,0.017603211374543654,0.0006714016979965629,3.03080888920427e-05,0.012276422483092481,0.04434090429035807,0.027856660414317946,-0.00525335036319338,-0.01009124019504324,0.010728925297083155,-0.005007019683971098,-0.001638773797653585,-0.009231072812890897,0.009818655170642355,-0.007758656019948824,-0.008628107190808155,0.03315484704286743,-0.006591411204575841,-0.009896507793737458,0.0158813537800715,0.0013188766749419741,-0.015731419149023967,0.010618514162208322,-0.02391264774413134,-0.006044781850783911,0.027740233503554142,-0.051356102717118074,0.020598682018988953
GENE274,0.0028974998799837564,0.005698853344458819,-0.02269431038420994,-0.022188518867262575,0.017379630993959796,-0.0072358601876660765,0.00650814264187898,-0.020490867618935413,0.010556129582884337,0.034249114818612765,-0.006042087009602685,0.006658929869905663,0.02639241302629329,0.04009451375631439,-0.0044169371170670255,0.007821778696413144,-0.009490879462076262,0.07168376743319535,0.011315200500385772,0.06962181549700557,0.021073211029828863,0.0031141286500175214,-0.008227201571568643,-0.004257504501423348,-0.06029903528898297,-0.016079612325903696,-0.04775579958527338,-0.02282107186488875,-0.008587193039510471,0.0005633121956511397,0.026150400396633678,-0.013963858193417507,0.02060075952056214,-0.015529706971201462,0.018813964636461258,-0.028465658014214957,-0.014387761410232482,-0.054059711358641814,-0.027244259747862702,-0.0012298471223664434,0.0014040769134936529,0.005071350397336289,-0.018021814665797112,0.00339864525078953,0.0012358132321612719,-0.0013139066747726276,0.021310685163040632,0.006974886191684227,-0.0464879809443458,0.049447064682938094,0.00335301847902357,0.003728764721027974,0.04542112788107569,-0.009030032044868389,0.02054922872799463,-0.032976235469990456,-0.0051727959353173375,0.06170055364306369,0.017835682015438767,-0.04016554244749477,0.01864183163704381,-0.08554961540563247,-0.057894140352951914,0.02322105698833702
GENE275,0.00017006341573668957,0.0003344836948005491,-0.010476204300774488,-0.010242719556121088,-0.04694811193001967,0.019546443426709113,0.007797497355265396,-0.024550397072982514,0.008499140314180215,0.027575261386694798,0.005327134710291717,-0.005870987357018486,-0.006071165679250529,-0.009223121644885923,0.00019820035511560868,-0.00035098514517499806,-0.012310834214454227,0.09298263456655086,-0.00020448878072913053,-0.0012582083863823099,0.014969047135202852,0.002212075724065755,-0.03785794402232896,-0.019591153284331985,0.012049645126417234,0.003213212638791094,0.051867111267000825,0.024785745059819928,0.013183197070074593,-0.0008648059561575384,0.0036839678010067633,-0.001967174619973153,0.02475830257971201,-0.01866383536895791,-0.003947167642960465,0.005972091816922783,0.006888657371750761,0.025883027842023783,0.009455677008894683,0.0004268435724457811,0.003049182072314437,0.011013264704645746,-0.013543730001793763,0.0025541453234411583,0.012622576857467979,-0.013420222048325998,-0.004167803510194623,-0.0013641023238104562,0.01966796670881403,-0.020919885146160815,0.01240046241089927,0.013790084084373707,0.021471899749085744,-0.004268761077578247,0.017841545110307028,-0.028631098543588623,-0.005913582032007152,0.07053657054155162,-0.03372540056089232,0.0759488202702198,-0.01380964227602497,0.06337411519454632,-0.05421835035285107,0.021746715568825386
GENE276,-0.0017225019059538607,-0.0033878468176629533,-0.022965238403198338,-0.02245340867264639,-0.022337348805913558,0.009299963444499586,0.008601608432156344,-0.027082138390614068,-0.0011260277217072308,-0.0036533705300701947,-0.023035329132882268,0.025387029511871384,0.011327249085277703,0.017207996245680045,-0.012659193242660401,0.022417663053582317,0.0009475226857752003,-0.007156554470657031,0.0009283989513307502,0.005712388436685005,0.004125361967381222,0.000609632194928786,0.01893048697359138,0.009796360621907021,0.06206073879849344,0.01654939611813701,0.038020647275171474,0.018168933016543196,-0.027828590508115866,0.0018255306884171782,-0.03740088702233674,0.019971422034333067,-0.016416407431046973,0.012375368814413722,0.00820591028248395,-0.012415598748593566,-0.002478620715483684,-0.009313020742146594,0.05447921619604033,0.0024592742797058323,-0.011424430328966093,-0.041263615070765806,0.012793579217717038,-0.0024126780823820644,0.06169096081679629,-0.06558933266040247,-0.05703593477394021,-0.018667590968612088,-0.02774847471708046,0.029514738999548873,-0.006166756663614607,-0.006857816273396725,-0.005307478353412044,0.0010551631332061167,-0.021111132366680455,0.03387794652426078,0.0017369550118367363,-0.020718212592091424,-0.015757641393904225,0.0354858431391326,0.013208123136851236,-0.06061367126299515,-0.053930080446538645,0.021631091917074092
GENE277,-0.006804905398803506,-0.013384006728902607,-0.026687298410831842,-0.026092514567748762,-0.003024652792278422,0.0012592882282004662,-0.004777017258803577,0.015040424534279125,0.02105439994117594,0.06831050674023119,0.036525330058301386,-0.040254238468741904,-0.025769618564073133,-0.039148384233866844,-0.02256553946346779,0.03996041853675436,1.8584045674594874e-05,-0.00014036364211326868,-0.007853439187580961,-0.04832178573557679,-0.05288823159304448,-0.007815645988621483,0.029385271141448763,0.015206619537875967,0.00386415269438781,0.0010304323609176243,-0.0074295624418134676,-0.003550366235760083,-0.0011057043981161341,7.253322120294105e-05,-0.008419903083926228,0.004496081546859582,0.03285337079087487,-0.02476623354052858,-0.009155717280488997,0.013852663275242809,-0.0022720972724279637,-0.008537041950035473,3.0686972109692626e-05,1.3852563718598898e-06,-0.01096312862054725,-0.039597450931318424,0.106301190132883,-0.020046817798211113,-0.016841169799353527,0.01790539608615627,0.04967836911632632,0.016259494620837603,-0.020071597134712384,0.02134920772313528,0.0011309843480519556,0.0012577248122645735,0.007445216035565249,-0.0014801600602726802,0.013412053094367347,-0.021522901264578304,0.0028554804256773402,-0.034059863444124386,-0.0044130418068369535,0.009938067849699172,-0.0008920089854931106,0.004093536897717862,-0.05491179858848556,0.022024854269908255
GENE278,0.0004977248746746963,0.0009789339720960406,0.023605884168622478,0.023079776269312527,-0.064755384122545,0.026960348356773977,0.0032841465170027396,-0.010340125474210735,0.0015972632963112908,0.005182283298193311,0.024961485965497944,-0.02750982967122768,-0.014230769696325701,-0.02161893233422318,-0.021349609194026283,0.037807175865241634,-0.0006325877460136871,0.004777878914966311,0.0023488144758078114,0.014452128185073448,0.016423756215256123,0.0024270477668746067,0.041547723884092815,0.021500581931979627,-0.03873432712887953,-0.010329070124458876,-0.031805034703905624,-0.01519867720667135,-0.057217763300190745,0.003753434181176007,-0.0017338813681517103,0.0009258624411817877,0.02780989342410695,-0.020964251116355623,0.02930399185303135,-0.04433714140841648,-0.012266431567417455,-0.04608915390155545,0.012545830561937284,0.0005663377811346108,0.01953420137434652,0.07055509491639342,-0.058630863259460334,0.011056905681347044,0.0028953010912239683,-0.003078260800449526,-0.02022547874110601,-0.006619703276185066,-0.03833343064687704,0.04077345555153905,-0.01674433779708391,-0.018620743203576887,-6.675884507027718e-05,1.3272116708044825e-05,0.035069070897492644,-0.05627685374167113,0.0008899662662652413,-0.010615421918602687,0.008051129188320847,-0.018130956297822354,0.0007030470940205339,-0.003226367970513284,-0.05361506352584349,0.021504740168466818
GENE279,0.0003720769273687315,0.0007318073959482256,0.010111244638734083,0.009885893805090208,0.025310934711935414,-0.010537990412935551,-0.007159423649639929,0.02254142392157041,-0.012312120207688036,-0.039946385210861426,0.012986507732102397,-0.014312313627000623,-0.0024388502009723037,-0.0037050235927672927,-0.00832905124547375,0.014749586391320724,0.0031729197873470727,-0.023964780611656626,9.193567556400916e-05,0.000565675229660395,0.017602267282100344,0.002601204190991811,0.03846987164246435,0.019907820449298425,-0.006223295910793443,-0.0016595321161502977,-0.011453133567482045,-0.005473110836620547,-0.035030951156970594,0.0022979991157965674,-0.04148596642512708,0.02215278326109193,-0.006804961040199723,0.005129861877144006,0.004516695152449828,-0.0068337908595250685,0.013608236470541506,0.0511307711270801,0.008736260572590882,0.000394368025588154,-0.0016677018294352455,-0.006023530658530103,-0.06966453592950463,0.01313769165735653,-0.017302593465158233,0.018395978011172043,-0.009506204969096517,-0.003111335804878238,-0.04828043526377086,0.05135361349132759,-0.02928702400317258,-0.03256898897817544,-0.026522079640011235,0.00527277151005351,0.0501690105243207,-0.08050837947473022,0.001712477883391679,-0.020426252036229404,-0.006502745579338285,0.014644032303676285,-0.007644674884493442,0.03508233573840294,-0.055196408237325495,0.022139009810259593
GENE280,-0.004527650860523645,-0.008905062749884075,-0.00218616961503614,-0.002137446123236937,0.001048476488517349,-0.0004365241864803431,0.002292199991537555,-0.00721698480922613,-0.00017320743412817453,-0.0005619674571366078,-0.0034205057753429278,0.0037697087184310907,-0.009613188312585046,-0.014604049681133758,0.006755453564033892,-0.011962964690535895,0.0007662336417705489,-0.005787294464717213,0.0009698082765177392,0.005967177770548555,-0.006658706809275247,-0.0009840014232988686,-0.0016475534249588983,-0.000852594416470735,0.006060983968025944,0.001616249282468759,-0.00480943322659928,-0.0022982846533146843,-0.009473262433262986,0.0006214375566848803,0.01742179883880956,-0.009302937039950868,0.008824667846395651,-0.006652400637748867,0.0002985186243712081,-0.0004516607337376878,0.0023078505989116926,0.00867137935351753,-0.0016227535864779133,-7.325355311968396e-05,-0.0014531957199167,-0.0052487613896261736,-0.007165215995735563,0.0013512527881559058,-0.002497260127519438,0.002655066853794661,-0.0035797639388867285,-0.001171639760796261,0.00141689250025125,-0.0015070814796746502,0.0036521062870256567,0.0040613689324109385,-0.004041699722037716,0.0008035176515496186,-0.0024182630950789047,0.0038806913051227876,0.0005896861299695955,-0.007033712744465607,-0.0007644381797189732,0.0017214970601861998,0.00017089409824522646,-0.000784253643344566,-0.047614038704807383,0.01909775841680497
GENE281,-0.004255400518573958,-0.008369596024771145,-0.006369083023068446,-0.006227134309524711,-0.0010352099618748413,0.000431000781984766,0.0034582914401957944,-0.010888420243396512,-0.002994108839530903,-0.009714315897636694,-0.006351980689336708,0.007000460913269394,0.0052057253904724266,0.007908372306539168,-0.03830783869506022,0.06783783166235553,-0.0017393572852161805,0.013137210688942054,-0.00469953626551618,-0.028915991969221868,-0.0328229592975702,-0.00485046715387734,-0.048949777785823684,-0.025331079766784868,0.009509289071727095,0.002535789851953066,-0.027509740600005172,-0.013146084301157473,-0.022980886243265886,0.001507525617292063,0.017949298960908223,-0.009584612914517156,0.0036839359695747522,-0.0027771037301343167,-0.000984664083317539,0.0014898035366932114,0.00691212292798705,0.02597119591492824,-0.02240382359141542,-0.0010113425077037778,-0.0016652776954640305,-0.006014774989470592,-0.01594615476186837,0.003007206774389657,-0.012352087162371773,0.013132639583114393,-0.018688242356166257,-0.00611657309746826,0.03750670430045844,-0.039894105872416465,-0.045174171596728985,-0.05023648345672188,-0.008375225407390406,0.0016650523080301701,-0.005972157843740741,0.009583779806337263,0.0003590297044286974,-0.0042824677050015665,0.003557346006407722,-0.008011060743127624,0.004318113079611109,-0.01981634210796674,-0.05158390870291504,0.02069005388747491
GENE282,-0.0006141279655004832,-0.0012078776031347732,-0.03604512974121553,-0.03524178650047718,-0.031675818295721095,0.013187955060576774,0.003969954041403688,-0.0124993884110947,-0.010424980193121963,-0.033823603699875505,-0.01610568890934352,0.01774993521003808,0.0010810574453814141,0.001642308059215418,0.017132640056948742,-0.03033951253075771,-0.00038325661061333946,0.002894703051723188,-0.012616078812885973,-0.07762604925794611,0.007656746365153619,0.0011314883710833324,0.007162387258804642,0.0037064724536079296,-0.019155514582645188,-0.005108095791515872,0.036851592736772285,0.01761027673046973,-0.01269888822200391,0.0008330357281762976,-0.04157521830988491,0.02220044221251522,-0.04597622603957365,0.03465878611531875,0.008387187743463975,-0.012689872795006297,0.006908472404924564,0.02595747965863004,-0.06738100934163453,-0.0030416807506577067,0.011787477707462584,0.04257489684564827,-0.0053451064240304675,0.0010080072900474698,-0.021485405926408026,0.022843110530177128,0.0017199520568185328,0.0005629321516253678,-0.02701364937781543,0.028733140071326192,0.0017241808518706756,0.0019173961531533039,0.1157182710937999,-0.023005586714835997,-0.03965627846359,0.06363814398042784,0.001906931750311806,-0.02274567684962266,0.01933302096567529,-0.04353751505342027,-0.008424560396645542,0.0386613244839322,-0.05625964284743563,0.02256546802041394
GENE283,-0.006016798862336838,-0.011833945035316606,0.010382962493904954,0.010151555843458598,0.0014242871514789906,-0.0005929897302636253,-0.008422522542698714,0.02651828700393982,0.007419465318268811,0.024072281188187664,0.03513502637068288,-0.03872199725158946,-0.0018260476298537207,-0.0027740734332218487,-0.02152189728553407,0.03811227401087593,0.0004729690221688204,-0.0035722929074977457,-0.0056185134566745735,-0.03457040882613887,0.033725351219987106,0.004983819614267348,0.050887089904509845,0.026333621760464932,-0.017193780946446777,-0.004584971064801202,0.04111209315403555,0.019646242771184704,-0.04910974573306819,0.0032215554686436366,0.014711478425751478,-0.007855673161286656,0.011768934145409634,-0.008871910691406063,0.014007347960170259,-0.021193213893234916,0.013396798496276358,0.050336326770300775,-0.005122561203761735,-0.00023124016632728795,-0.005518381970334955,-0.019931706254096387,0.045958988371139695,-0.008667179218920547,-0.013756707778479229,0.014626020908871159,0.08091956097986058,0.026484588561910497,-0.00015748946398841276,0.00016751408760913355,-0.0007293535694677886,-0.0008110864512077768,0.08142601703496247,-0.016188051187033828,-0.02236052710331692,0.03588290425652634,0.0032686747942501496,-0.038988401438261135,-0.00265662007349558,0.005982646822055587,0.0008006646385870442,-0.003674346664731389,-0.0540096196578275,0.021662994706318998
GENE284,0.0016506027042845,0.003246434212703804,0.042688622552764746,0.0417372147861567,-0.025642715182593114,0.010676124364082865,0.003598292849286929,-0.011329214260677584,-0.003235870489230066,-0.010498705899127696,0.011305927423601167,-0.01246016115099941,0.03300352908114391,0.05013791082431815,-0.006775775245341184,0.011998951549687237,0.0007222517705771482,-0.005455103308083121,0.005774220420688241,0.035528465337799665,-0.01731871773455267,-0.0025593021871412472,-0.025255675617601815,-0.013069590150801563,-0.008102256569858348,-0.002160584227988452,-0.06929247449582132,-0.03311280627479716,0.07534026016984163,-0.0049422537937468545,0.008834410395778862,-0.004717421229427173,0.002001547041940968,-0.0015088491771098587,-4.076261350941379e-05,6.167411485770954e-05,0.009409388298195001,0.0353542709639361,0.03894398319328585,0.0017579903475802721,-0.007050684600289595,-0.025466191919798254,0.00035315738154556505,-6.66002109003613e-05,-0.04136423107632134,0.04397811731873491,-0.008160952152547963,-0.0026710409376485226,-0.03987035262753063,0.04240820670756292,0.027456706785497952,0.03053356259676577,0.04001735229813584,-0.00795572436133859,-0.010690581066572538,0.017155637480546684,-0.004142216901131074,0.049407917749955226,-0.0027210441742516493,0.006127728403535731,0.009924619863078698,-0.04554527842888016,-0.05420770708713009,0.021742446606915992
GENE285,-0.004930074765908025,-0.009696557111948674,0.029144688920221724,0.02849513684437734,0.01812559566374121,-0.007546436175001575,-0.004958756262675317,0.015612629243740864,-0.007124910736649176,-0.02311660575742519,0.04218591035925749,-0.046492713218793544,-0.0089478142518562,-0.013593234588008044,0.04014790897697937,-0.07109633911889358,-0.00043102624615376826,0.0032555028551712506,-0.0005231320010442352,-0.003218802853385944,0.009561040961087107,0.001412898657862978,0.010017174900694488,0.00518379996651988,-0.027230147659651725,-0.007261313814489783,-0.03139158094278847,-0.015001099989303723,-0.011205101395600906,0.0007350446462082567,-0.003970372458528903,0.002120109717062363,0.007301519311561766,-0.005504188097527843,-0.01944171025054848,0.029415441449860125,-0.0011713982743455748,-0.004401341584115603,-0.030991085233400585,-0.0013989844960380655,0.00310504068774732,0.011215019045062112,0.02633479659906976,-0.004966349563110592,0.015231237379083308,-0.016193728903867537,-0.02970220979708465,-0.009721392409075444,0.011162858649791961,-0.011873404318496176,-0.02947011424453111,-0.032772596693732815,-0.0015303959329558967,0.0003042532178439812,-0.011213587791360651,0.01799492897597497,-0.0006492972978222424,0.007744748344134212,-0.016654578827977436,0.037505725448641836,0.004743472126245734,-0.021768366112764875,-0.05144459291995755,0.020634175007234055
GENE286,0.0045077812703733155,0.008865982893120867,0.0064550139995038554,0.006311150129333285,-0.02592846107868155,0.010795092215242228,0.001068061784958236,-0.0033627893315669203,0.010486025527425634,0.034021663855095315,-0.0027997845491852516,0.00308561742560752,0.014990536624082831,0.022773146066259208,-0.025593170240777802,0.04532192975751752,0.0013404135517917247,-0.01012402419552903,-0.004314908148690179,-0.026549396009766267,-0.027266707553098523,-0.004029382853071276,-0.011222975685207165,-0.005807791274284571,-0.04698552136955579,-0.01252937074253495,-0.009636972740625364,-0.004605221761202861,-0.01592692338994777,0.0010447919527928787,-0.05823155874179008,0.03109463779976227,0.002688635414190949,-0.0020268048900385235,-0.021112470386308577,0.03194331303712646,-0.007173416503471127,-0.026952964716055683,-0.10122153628073625,-0.004569293358251338,0.034108378880082106,0.12319520328530313,-0.04839789366706547,0.009127120354418528,0.0448718340362256,-0.047707372534276746,0.017463782592329117,0.005715813223550728,-0.011745122556959834,0.012492730873347391,0.06974739708366287,0.07756343582837395,0.0027540835369588373,-0.0005475307142984615,0.004781548735096118,-0.007673157912004266,0.001765297875519239,-0.021056283222159564,0.011796004573795905,-0.02656432885546702,0.008715436449770207,-0.03999618979974384,-0.05925660974864243,0.023767536809772307
GENE287,-0.005097600481776437,-0.01002604961434866,0.001641317467938101,0.0016047371780837125,-0.009322667219678482,0.0038814124765463587,0.010466374330740264,-0.03295334823815309,0.0031506937419440184,0.010222351940536894,0.01970015192461348,-0.021711360641450506,0.029137464391743657,0.04426470841127915,0.007873611056498407,-0.01394306543048462,0.0030506266080626374,-0.02304111111848619,-0.0017511137220503157,-0.010774507837196913,0.044268289712649886,0.006541819805548302,0.022439975426435232,0.011612490050084774,-0.014843586128812316,-0.003958257529886343,0.03356942880914619,0.016041828510250596,-0.05702566836668529,0.0037408329250635582,0.018023282661480768,-0.009624118921605994,-0.0006979091229311416,0.000526112843599449,0.009315079072417817,-0.014093778763510015,0.00998536841809909,0.03751842410371187,-0.013299795578026229,-0.0006003729031762651,-0.0033282564251941173,-0.012021246401919192,-0.002632642710517524,0.0004964771201491936,-0.016690510878777057,0.017745216735255216,0.012133359430762887,0.0039711910013633545,0.00896767881936038,-0.009538495448266635,0.0007368750317434234,0.0008194507842299412,0.06254311519157602,-0.012434000666925342,-0.020863098012146378,0.03347991507558501,0.0022127250470185406,-0.026393146408267086,0.006321615384191119,-0.014236131303007726,-0.003992702787034103,0.018322994999108805,-0.051907081126036834,0.02081967676828205
GENE288,-0.00031876295683808467,-0.0006269485480277138,-0.006384745320689231,-0.006242447539157161,-0.0009438277721714761,0.00039295459167346824,0.003384930915128658,-0.010657444849905115,-0.003016066555355245,-0.009785557191570942,-0.0062433708077050554,0.006880762937418571,0.005587912004829687,0.008488978045452103,-0.03921901002279183,0.06945138881545566,-0.001781780049903012,0.013457626052959177,-0.004824957531885059,-0.029687702224487685,-0.03327559735603766,-0.004917356492382346,-0.04971130363553339,-0.025725162700682307,0.009484750742999249,0.0025292463506983963,-0.027777609926761496,-0.013274091060742555,-0.023045790748178297,0.0015117832948593078,0.017634031219314124,-0.00941626543341526,0.003435785245830002,-0.002590037422185773,-0.0009991554818575342,0.0015117291224460414,0.006938715106251853,0.026071111769827668,-0.022686116232002947,-0.0010240856247825697,-0.0016590586888271714,-0.005992312714451492,-0.015977219339179886,0.0030130650899980057,-0.012405722425309065,0.013189664162672624,-0.01884611186034227,-0.006168243037516695,0.03812558752221404,-0.0405523826587103,-0.04611977468843835,-0.051288052802527476,-0.008391304505734725,0.0016682489431661738,-0.006037768348201585,0.009689067818507691,0.0003458817521587407,-0.004125640344233176,0.003661077308304937,-0.008244661230391298,0.004392923337688701,-0.020159655411699146,-0.05068926776631327,0.020331217776492404
GENE289,-0.0009904214001994354,-0.0019479780993059987,0.0006745248709854198,0.0006594916334938568,-0.007611381314958974,0.0031689332788020328,-0.013253826113848545,0.041729631830078995,-0.0005110566264058685,-0.0016581112366210362,-0.020743717960420745,0.022861465404260053,0.005507568467093725,0.008366922700389226,0.01368802375602844,-0.02423957819033786,0.004149297078685835,-0.03133927134869109,-0.00288300672746696,-0.017738984161128787,0.04550684805530904,0.0067248498152671045,-0.07535691762816107,-0.03899654253324895,-0.008216266439342418,-0.0021909866132647587,-0.036433659081592226,-0.017410558705382606,-0.024521732680566517,0.0016086037677151678,0.003363438952222955,-0.001796017799293824,0.028911035778187284,-0.021794337894242323,0.002049120224088928,-0.003100333005616441,-0.0020033529180052126,-0.007527278039223811,0.038505197672160776,0.001738182905006921,-0.002067141210150868,-0.007466255798880461,0.011165295439273784,-0.0021056080656722464,0.025020690230386385,-0.026601796327781636,0.03302313760496412,0.010808316331678622,-0.012200399389617868,0.012976987288356341,-0.004271023458288951,-0.00474964325236529,-0.018004388530565685,0.0035793960424088224,-0.009844880003678023,0.01579850443402869,0.0007278151242677488,-0.00868130053430557,0.00706129893753572,-0.015901881518438805,-0.008302264585119923,0.03810009424403443,-0.05108720090561589,0.020490826815490276
GENE290,0.0009252630704931738,0.0018198235589965911,0.031707637552194086,0.031000964653796936,-0.0339561360113974,0.014137345768574403,0.0013716131374925582,-0.004318519856018453,0.012484315004506025,0.04050506718999752,-0.009772589012180729,0.01077028264837928,-0.0005847578742549742,-0.000888345548778927,-0.011166752340251466,0.019774758672847816,-0.003711466145293591,0.028032373296749527,0.002923962154984438,0.017990980687229104,-0.012359169345957221,-0.0018263967126879539,0.01923070473707669,0.009951720675787106,-0.025825577576124473,-0.006886764830091698,-0.02030908274082603,-0.009705104736247765,-0.05705794058424211,0.0037429499537189417,0.0474793003257404,-0.02535311914217131,0.01453928281023552,-0.010960314418941325,0.010100122472109407,-0.015281554831646576,-0.010552283236253648,-0.039648515822677845,-0.026212400808803563,-0.001183267448018689,0.013747242379558289,0.04965332200385225,-0.008164919102853769,0.001539781872501557,0.022424177769286954,-0.023841205192339347,-0.01585425205231088,-0.005189021510716574,-0.0243500052738008,0.025899947929443536,0.006167801753588131,0.0068589784783326495,0.005405256576936716,-0.0010746021153035857,0.010232128557639128,-0.016419938925311264,-0.0008177827880580132,0.009754425153027647,0.011825493279974524,-0.026630736738199785,0.0029122827589269204,-0.01336481708608255,-0.051495021067938254,0.0206544014911397
GENE291,-0.004752642182897771,-0.009347579610313772,-0.013835205606391596,-0.01352685829323424,0.027943431044170897,-0.01163400766504109,0.02295446848420655,-0.07227207528399848,0.007257432417695557,0.02354656924305454,0.050902994306862626,-0.05609973320790425,0.002392932043660814,0.0036352661898281314,-0.008675442023447043,0.015362996076806615,-0.0035234742206717586,0.026612487030382288,-0.011286208420627844,-0.06944342880136997,-0.018613257370621417,-0.0027506049251799394,-0.008360952056161684,-0.004326719201619163,-0.020246793797860284,-0.00539910122196547,-0.00015268071249812694,-7.296155739389754e-05,-0.02553353293007797,0.0016749769606180045,0.003196388125435062,-0.001706815568318112,-0.06319031942432363,0.04763548368674817,-0.008002958372011195,0.012108531110882085,-0.024901526274316195,-0.09356350056109305,0.019359555562557355,0.0008739196410273277,-0.012250044593024317,-0.04424563064686843,0.05323552452575123,-0.010039425327466668,-0.04285688808719218,0.04556509823032578,0.005314416805156559,0.0017393834176387618,-0.013781785520936694,0.014659032856600215,0.026242311372188392,0.029183079501352592,-0.07907505242588421,0.015720663283063378,-0.00023723301784393496,0.00038069807685855176,0.0004184845103517782,-0.004991638236386891,0.0010429637379357815,-0.0023487301607532894,-0.0077966269810244805,0.035779662249630466,-0.05743897224141683,0.023038491281467687
GENE292,0.0021895708852155025,0.004306486239512804,-0.022123355815298767,-0.021630289248906486,0.010907038134209361,-0.004541051707490841,0.0037806189365946798,-0.011903267400578977,0.0044477973730988,0.01443077424591538,0.03575575448780768,-0.03940609613888479,0.010270090401219827,0.015601994423930616,-0.00879664835339658,0.015577635557591226,0.004701968542799696,-0.03551354970285086,-0.004682531508422182,-0.028811362620324212,-0.019411187774351604,-0.0028685204116930554,0.039442407720736365,0.020411099321830797,-0.00536551622503179,-0.0014307927218629231,-0.022087929305255806,-0.010555162438893095,-0.03139316539772106,0.0020593636182695417,-0.06255280847177166,0.03340210986644586,0.004813207815516234,-0.003628395685695805,-0.009415041127395236,0.014245022040851804,0.005161810149181693,0.019394675710592946,0.002816916108237599,0.00012715985685378468,-0.008606278698979612,-0.03108480346071472,-0.00416228584371094,0.0007849449834826447,-0.03276009955937788,0.03483027399052614,-0.02367794057055925,-0.007749677660272152,-0.059264325774301206,0.06303665787208305,-0.029448373552570684,-0.032748419694503,-0.03486224355102399,0.006930853351902183,0.06611992273972497,-0.10610549769940278,0.0027631630120193563,-0.03295871126166621,-0.0015569272546268988,0.003506164086085724,-0.012848501073850355,0.05896332221038836,-0.056863730973046554,0.02280776481772861
GENE293,0.0031515681351534396,0.0061985592238953295,-0.002718817571691747,-0.0026582228745800607,0.017520503762901856,-0.007294511355844831,-0.007047472859410791,0.022188947193776853,-0.00022953886125467383,-0.0007447334510947792,-0.018401089640934273,0.020279675756755707,0.0008021354305927147,0.0012185786128872794,0.0034126766189905675,-0.006043373624914812,-0.000947976977093802,0.00715998569253439,0.0004360487925178229,0.002682984590447234,0.020325265844547646,0.0030035998119191257,-0.0028503135657761505,-0.001475012217847608,-0.055026685872959384,-0.014673663884936577,0.042240183140145576,0.02018532331986357,0.03889330990432208,-0.0025513664008163877,0.01593556851987906,-0.008509315944232156,0.024733268025682393,-0.018644963283788833,0.030529935954538893,-0.04619200327365128,0.009779279303178153,0.036744077230066695,-0.0018166970802312745,-8.200845598312596e-05,0.0050983913229603744,0.0184147525060787,0.04028676441666949,-0.007597482445218894,-0.014809746948280038,0.015745603672662416,-0.0521438731971883,-0.01706644241428557,0.00533836215204548,-0.0056781631137978955,0.007233624604374147,0.008044239660082522,-0.04736479911450728,0.009416447229636905,-0.0005170053701844284,0.0008296608623185078,0.0021713713128618797,-0.025899883514356882,0.004500770436991645,-0.010135630691158488,0.002108569001827249,-0.009676477648479773,-0.05120620087401484,0.020538557121716688
GENE294,-0.001420270887601846,-0.002793413574841143,-0.021036153515617616,-0.02056731759078574,-0.05438353893675215,0.022642119639570808,-0.0052410500139283625,0.016501430274215967,0.001081563183327156,0.0035091063782903753,0.01528891590173552,-0.01684977700830023,-0.03855700333579508,-0.05857457213590992,-0.030330274108172805,0.05371067904931675,-0.007291772167385827,0.05507410586250286,-0.002406481523362246,-0.014806950403646171,-0.015512956457098447,-0.0022924528246379525,0.032642283373076994,0.01689209474068056,-0.04715611507034318,-0.01257486202711039,0.029250879525018106,0.013978122647904273,0.019197711148925545,-0.00125935270920512,0.022828825982963395,-0.012190195328304954,0.017216314412050137,-0.012978371873927223,-0.010114232319310214,0.01530290312759849,0.015437394967472238,0.05800354150141763,0.021027016578228384,0.0009491913551728885,-0.0034721679073848443,-0.012541036696425463,0.04445330794824598,-0.008383230365081039,0.02796114442297089,-0.02972806354191599,0.08775046908765952,0.02872031239121345,0.0007501729003858332,-0.0007979234024637074,-0.0009502938537206616,-0.0010567857643886867,0.01173870025084979,-0.002333734197613926,0.002732805172023776,-0.004385450570390119,-0.002643442395945828,0.03153069662768864,-0.023479728913725816,0.05287580522705229,-0.003607326001974171,0.016554454418436514,-0.05286846925613569,0.02120528485263811
GENE295,0.000632294966971907,0.0012436087787629246,-0.06020657220977456,-0.05886473925813919,0.05542096237302427,-0.023074041982621606,-0.002684580039567981,0.00845239221544416,0.004283382565535186,0.013897334259420132,0.04378517631167114,-0.04825524987269058,-0.015365584920971327,-0.02334290750049868,-0.013899999509244846,0.024614957641465787,-0.002464396241348115,0.018613365361336492,0.00962396038157895,0.05921570669595589,0.1002070715406152,0.01480826590581035,-0.014732075986832032,-0.007623719837617079,0.021647981531491133,0.005772748253705669,-0.005543979872421512,-0.002649302580729084,0.04230629031997704,-0.002775254868538265,-0.014032988272799647,0.00749337124094279,-0.018839988922912342,0.014202365064330863,-0.03644782737556445,0.05514581373365943,0.0015146325440177739,0.005690989432570604,-0.017923777215294822,-0.0008091064332140632,0.001781238950998178,0.006433612557179719,-0.010430095455272449,0.0019669603223478565,0.03069158880557588,-0.03263105001757546,0.0008449551454070072,0.00027654981204133187,0.027305079261943657,-0.029043120243369833,0.027975367688725224,0.031110345722246524,0.01888586474237829,-0.003754639564768805,0.025780071365608666,-0.04137039472568331,-0.0005021568923793413,0.005989673411221773,0.03793033798375969,-0.08541824187131282,0.009260498158157134,-0.042497543767142154,-0.05697617476225023,0.022852865472493922
GENE296,-0.00027162102843703506,-0.0005342289803105883,0.04293101676759861,0.04197420672458098,-0.026571426964303806,0.01106278554287485,0.0010165896618302775,-0.003200729506034316,-0.012901580310702843,-0.041858874688248185,-0.042757684725113154,0.04712286061614302,0.015974326237132522,0.024267687930789227,-0.020267105283984187,0.03589021263983096,-0.002352260479237902,0.01776641393558311,-0.010109915311550942,-0.06220576104570304,-0.006672344589579467,-0.0009860167688624968,-0.04703678644557947,-0.024341123562184062,-0.03218941721540898,-0.008583774969864,0.054972304056143804,0.02626962405275381,0.028856826057438976,-0.0018929820223135912,-0.0014834563456748782,0.0007921398423316046,0.0168220999706752,-0.012681196677438096,0.023231405138396808,-0.035149275904222635,0.009745719628505829,0.036617982122261285,-0.017943882355947335,-0.0008100140096949602,-0.00038307657683657855,-0.001383624736990581,0.04557284537214331,-0.008594358412914829,-0.026007721684895343,0.027651200220328853,-0.031618258486895603,-0.010348506058727532,0.0565603101173502,-0.06016052442044854,-0.043347870601366724,-0.04820552336387279,-0.04622414551582177,0.009189677463478757,0.023467212385830244,-0.03765884995990913,0.0006734890891729696,-0.008033305429825785,0.021610341017792103,-0.0486659870199325,0.012904755730959878,-0.05922148162166215,-0.056585210908881876,0.022696051780052726
GENE297,-0.0025479149044255363,-0.005011283511964564,0.0026388753476452617,0.0025800623349332,0.03330074625905189,-0.013864479870670793,0.006218578847808992,-0.019579176880420945,0.01082506907127167,0.035121682680221235,-0.036451700089813396,0.04017309154124374,-0.022340072835364995,-0.03393832753080481,0.027980606214267387,-0.04954974540025006,-0.007025491146056722,0.0530629090202003,-0.002554211688953234,-0.015715926106881457,-0.057658544314476,-0.008520586849050101,0.027413060393758792,0.014186017810423474,-0.0021009027836707307,-0.000560236198371815,-0.041438326041140984,-0.019802139735029645,0.05305541635731546,-0.003480387938396132,-0.03427233747491813,0.018300831084724016,-0.053346223229150974,0.04021459567750707,0.026850884528531186,-0.04062557313874597,0.0030442207170399056,0.011438172248130965,0.034461387918653205,0.0015556392119571883,0.0068976729633596435,0.024913533003262,-0.008206388079868888,0.0015476023025976656,0.01579891875200502,-0.01679728316725714,0.00103192641285713,0.0003377446211983688,0.01261037086235385,-0.013413054536680402,-0.02179403196999028,-0.024236316634413682,0.05145186125559651,-0.010228983241512998,-0.010968718188097486,0.017601976140443863,0.0019833304562354753,-0.023656952398099864,0.017869877655801978,-0.040242550236901445,-0.010034340954189777,0.04604880175905622,-0.05386541719030458,0.02160515580076211
GENE298,-0.0015190880242335382,-0.0029877688441799577,0.001387505216160456,0.0013565816782262128,0.0371454621962749,-0.015465194350322457,-0.018142315460631685,0.05712102589955283,-0.004773421356149434,-0.01548725362082348,-0.024122995294493344,0.02658573662756353,-0.004215337613052757,-0.006403806720729681,-0.00130292663894103,0.0023073010906326514,0.004592547058778121,-0.03468709897780257,-0.0075774556627739055,-0.046623674063256404,-0.037920908953062736,-0.0056038251046920725,-0.015423833632471375,-0.007981698339127362,-0.02616525647065625,-0.006977345133957889,0.04059937984789941,0.019401232378581594,-0.008700864814872509,0.0005707689626133043,-0.03268138942364464,0.01745129254442999,-0.030816484739872235,0.02323074435265571,-0.024849230098447056,0.03759705620622443,0.011234909999280085,0.04221337665978831,-0.08858783046767382,-0.003998988755272006,-0.005453286090898787,-0.019696588070147528,-0.05684899053461881,0.010720871081830763,0.0018750441670069052,-0.0019935318561190647,-0.013118538647837104,-0.004293635487071954,-0.06166427610094542,0.06558937142571035,0.004247902005371978,0.00472393076122457,0.003596029693156765,-0.0007149153902239262,0.012398558801788367,-0.019896503170423185,-0.0008080940881703845,0.00963885938267621,-7.768710274012803e-05,0.00017494955449627787,-0.004812430600781981,0.02208482487552886,-0.05366254267735101,0.021523783824287896
GENE299,-0.002605568197945219,-0.0051246770160897825,0.01822854966154321,0.017822287227084056,0.01863903233628184,-0.0077602011265712895,-0.003845722993887678,0.012108247330007524,0.01254805205902727,0.04071186056832427,0.0039689305257220135,-0.004374122714109259,-0.00679224922494448,-0.010318568814247194,0.006988431005819996,-0.012375535198696518,-0.007519918745210348,0.05679727664881126,-0.0010327162046577072,-0.006354246843352039,0.016824113396141146,0.0024862112121357654,-0.04497653186077705,-0.023274959922874466,0.06472501190160147,0.01725986318320691,0.030201614223193528,0.014432450395735739,-0.008449027981468255,0.0005542486912145233,-0.00694498769133978,0.0037085024246663566,0.029887638942402334,-0.022530541865376386,0.012039939834411453,-0.018216511854917624,-0.0026137571462871933,-0.009820774258139785,-0.005130163357497621,-0.00023158333905583465,0.003107900877813238,0.011225349694243754,-0.015731295617030207,0.0029666875466794786,-0.015534115873595437,0.016515746879744102,-0.025522240346640922,-0.008353308230716547,0.012240961820694568,-0.013020131626148903,0.016090092850555075,0.017893182204198922,0.02991648385469825,-0.005947602370971898,0.011627483232807398,-0.018659124879274958,-0.0018262883999269287,0.021783771638482736,-0.021672562972669587,0.048806109419942505,-0.005937930979370018,0.02724988195799769,-0.05046187338602058,0.020240011000964293
ClusterA,-0.16215135645048526,0.08244352108329327,-0.002372397964648818,0.002426477228457329,-0.005357060127886116,-0.012866988280649472,0.008217263016125556,0.0026099002164928532,0.007950567491048202,-0.0024504931335442176,-0.003919334652751944,-0.0035562712709591997,-0.04621809280826562,0.030423289383107056,0.03174584898968213,0.017926794423315198,0.025111018039914654,0.003324680801814686,-0.01515792241462155,0.002463522820632145,0.004745038944098626,-0.03210952990435472,-0.0011578520079940384,0.002237433185714509,-0.005399112239344292,0.020246835113363462,0.005867646473891174,-0.012278746182624553,0.0019987974804205524,0.030469888533908862,-0.0314770437559704,-0.05894769813037657,-0.021911363985867467,-0.029066275434395814,-0.008106657331056496,-0.005357977822617211,-0.02349174034591213,0.006252226412490858,3.14142541821882e-05,-0.0006959060887954401,-0.02373705616441251,0.006571948286643242,-0.005122385523207451,-0.027162200151530858,-0.0010832466152327657,-0.0010188626989271346,0.003862070452360166,-0.011799958483316346,0.0066925829874386125,0.006292075624376661,0.014902739029587293,-0.013400995528753509,-0.003016138704997045,-0.015171199963193629,0.024197751818510912,0.01507889332226374,-0.02789106437031336,-0.002338306155906592,0.0049950070353462096,0.0022180543749351894,-0.005811815477748712,-0.0012664333454719043,0.19844011646422915,0.49474578009113934
ClusterB,-0.003675009018871996,0.001868505390031456,-0.006193347201209525,0.006334525731179001,-0.0011063453705736207,-0.0026573031807912107,0.014123751289888842,0.004485870961758695,-0.004899045180683715,0.0015099647402152328,-0.006550816208021973,-0.005943988341378935,-0.03753254878813895,0.024705986848140474,0.0339120996444923,0.019150070265481968,0.01751748023454443,0.002319301835528416,-0.014399711507417366,0.002340295519313708,0.002429929195420052,-0.016443254751962948,-0.0017298832423093238,0.0033428263258443837,-0.0049835861875739875,0.01868859978085937,0.006128566011728872,-0.012824751262080372,0.001836573330135133,0.0279969257524731,-0.02681190285119288,-0.0502111941587054,-0.020985153550376015,-0.0278376213147539,0.003696403623458481,0.0024430844710893935,-0.029554918623139113,0.007865915428728837,0.00020132604045472265,-0.004459886794401146,-0.019482464728315007,0.005394002938021966,-0.0045222162635984355,-0.023979714670805063,-0.008978823069140263,-0.008445157156990922,0.0027869947100007692,-0.008515230956268723,0.005324090230850606,0.005005478217661692,0.012873176237596765,-0.011575951028759808,-0.0033881868728326135,-0.0170426049953367,0.01426006394293789,0.0088861967250912,-0.029061452766943864,-0.002436428133480134,0.004639971831186825,0.002060399464287576,-0.00342848075840338,-0.000747088818180991,0.19743271836633358,0.4922341611368374
ClusterC,0.17127688436491598,-0.08708326428050339,-0.005444701994126059,0.005568815013900297,0.003182096500129689,0.007642997725922508,0.02752004348216069,0.008740692284162375,-0.007025239647848245,0.002165292167877424,-0.017020415202776164,-0.015443747209216473,-0.02849003512896192,0.018753707273449004,0.02791587884404058,0.015764020717982424,0.004925538039882483,0.000652137708386874,-0.01934735896829176,0.00314440587790419,0.0012151337661385124,-0.008222772133437015,-0.004211343320965176,0.008137999707828353,-0.003805494721391968,0.014270720950626403,0.008341903148730108,-0.017456421735538855,0.001744116434764102,0.026587502674978086,-0.027040966705966195,-0.05064016668447493,-0.019007013438852707,-0.02521354161955825,0.00036530716862141874,0.00024144448543887183,-0.030581569298231328,0.008139154123380591,0.00047334614365935235,-0.010485827916323874,-0.010462818497979974,0.002896783056204733,-0.004180017478363352,-0.022165155447559877,-0.016664209017138932,-0.015673754005731774,0.005324806648860962,-0.0162691225246403,0.00414171717710962,0.003893862465667792,0.0158019473789109,-0.014209590985251937,-0.0024242308984001454,-0.012193899324207915,0.005107905880814887,0.0031830051177752423,-0.022176321583181183,-0.00185919865175578,0.00971919867674115,0.00431585200846777,-0.0003339324299675213,-7.276610313582157e-05,0.19688502036421973,0.4908686546044966
HP:0000000,-0.0029414308027779306,0.0014955281146718275,0.04736125196953269,-0.048440860735737674,-0.018092382158888486,-0.04345563866189172,-0.048701261924282625,-0.015468098537216602,0.11180844231382293,-0.03446116525276472,0.021718622779520493,0.019706741342272807,0.00935574840678421,-0.006158467904676886,0.0033269928882037575,0.001878743818571384,-0.18301180976040812,-0.024230632523484952,0.036075136646400774,-0.005863067507199239,-0.01049404273957207,0.07101285851046336,-0.07034479151426215,0.13593427302409816,-0.05022346229394443,0.1883395111658773,-0.05413824928014039,0.11329070772077666,-9.037643876511875e-05,-0.0013777083683071199,0.04165643795148498,0.07801085605712113,-0.05533917637654367,-0.07340956701328481,-0.061798919139346306,-0.04084510109264426,0.06337159480407609,-0.01686607943904982,0.0005919585923493964,-0.013113397069126093,0.05956261055986722,-0.01649077264281031,-0.006354910911647918,-0.033697846705481024,-0.05283042315283074,-0.04969039068488511,0.02757622286849162,-0.0842548806368888,0.045256769099185634,0.04254844717226566,0.05559141660063439,-0.04998949010803685,0.026697074183050364,0.13428648032407045,-0.08995773663900408,-0.05605740254159136,0.11594542556353941,0.009720529082174812,0.19807148105021832,0.08795449375435568,0.12170753469785457,0.026520883349847053,0.02674611738101687,0.0666827300036637
HP:0000001,0.005653227343159927,-0.00287430199695415,-0.05102304583260414,0.052186125887894785,0.0033753410307650884,0.008107146914400017,-0.04885657186058984,-0.015517426815451877,-0.13082162985854373,0.040321336313208334,0.0665447935926224,0.060380487672615425,0.130009843920278,-0.08557962615739308,-0.02136107194890342,-0.012062539124850995,-0.080808978294139,-0.01069905084380589,0.05057664283546734,-0.008219907082776352,0.019883623473514876,-0.1345518572242278,0.02780481495537709,-0.053730023590479264,-0.03774395642710723,0.14154098459685488,-0.05104909731576228,0.1068262908444524,0.0027411900964112463,0.041787003188677625,0.032611540273144356,0.06107229276329673,-0.02351430340680791,-0.031192636839537186,-0.06723505653778238,-0.04443803742040982,0.030604755471629184,-0.008145325024451784,-0.0070427749081820624,0.15601547985493047,-0.09137766138804942,0.025299230917146108,-0.0006452090167131428,-0.003421315395308824,0.19785773168581505,0.18609784667163348,0.03844879192808726,-0.11747433250678728,-0.061444238714812874,-0.057767202498868686,0.022806516828250967,-0.020508312561541037,-0.0019006596190529314,-0.00956033192201032,0.0700165209084668,0.04363098098919885,-0.01780850096288528,-0.001493013205809297,-0.030625746741477722,-0.0135994946683555,-0.10791325715201289,-0.023515018293120134,0.02674611738101569,0.0666827300036639
HP:0000002,0.0028779319853713932,-0.0014632430557847715,-0.07298064193871345,0.07464424958259469,-0.03858633802039685,-0.0926795569303297,-0.05244114244401489,-0.01665592895702283,-0.011247069735612977,0.0034665282938150838,-0.037246517135545575,-0.0337962257801612,0.07638651594149966,-0.05028180390515728,-0.020569801541153402,-0.011615710881649989,0.24280437611102182,0.03214712547972811,0.15000549454838696,-0.02437945972620503,-0.001169660868914912,0.007915058462293432,0.051972980991527626,-0.10043258691791161,-0.011304341488238522,0.04239162440627302,0.0016101384121947064,-0.0033694055990287166,-0.005075001613370605,-0.07736388252606902,-0.06926238954059771,-0.12970908138897427,0.033792179542334294,0.04482663875874806,-0.038068254388265756,-0.025160661716478905,0.09558317627941469,-0.025439054345238497,-0.0033364005851917755,0.07390980757920781,0.1544608997389208,-0.04276474042785804,0.00510233127935753,0.027055859583656548,0.014350310907407257,0.013497384894602796,-0.001286528262866853,0.003930787974144833,0.059736372336630046,0.05616154076437677,-0.01682049968332913,0.015125504150623996,0.01468980014624904,0.07388980323379954,-0.08616969805613471,-0.053696876236499595,0.21076841433993435,0.017670214165305464,0.09782691783962666,0.04344046396033997,-0.008960418427267925,-0.0019525349228813247,0.026746117381016343,0.06668273000366373
HP:0000003,-0.0022728533273909893,0.0011555995294631437,0.005164603656761893,-0.005282331781546053,-0.02442467811712838,-0.05866502140899716,0.0915561970255791,0.02907933431963887,-0.02987156966069739,0.009206899560835527,0.011534206225809062,0.010465747344478788,0.11271417127302788,-0.07419466364486313,-0.016881602558923535,-0.009532994965996761,0.07502026425275787,0.009932629251103293,-0.14734859479761586,0.02394765034038334,0.021779115913924004,-0.14737859519537846,-0.04170217207504813,0.08058527607403597,0.0005405296611652963,-0.002027002669761168,-0.01352974230591935,0.028312590478983032,0.00246493802612742,0.037575786258840956,0.0871943555686047,0.16329063779236536,0.011357818083521095,0.01506658686161072,-0.0075958366906890154,-0.00502035831427664,-0.03105804388705801,0.00826596580124052,0.0023457083492677212,-0.05196344033166525,0.2683844909873292,-0.07430613903800894,0.009870936073982815,0.05234208555944778,0.029421837384284097,0.02767311914316175,-0.06375101407768695,0.19478135592433685,0.04150895781540997,0.03902491790596065,0.07771223751600133,-0.06988120408025501,-0.014908855093558791,-0.07499165123670602,-0.010940357890210329,-0.006817513080186496,-0.0956910537453309,-0.008022461139061719,0.10229269235175735,0.04542351035527419,-0.04126824991698302,-0.008992626831343175,0.02674611738101633,0.06668273000366377
HP:0000004,-0.0014828116138250979,0.0007539142022796897,0.10007032706630103,-0.10235144924624777,0.03412410334600887,0.08196182744994261,-0.0856786186308542,-0.027212545694917437,0.0070033086823151946,-0.0021585326905797174,0.0407993799318462,0.037019972923894535,0.0421123480733091,-0.027720662497941723,-0.06435019850292133,-0.0363383817530386,0.06454304287995202,0.008545452646028984,-0.0749977943849032,0.01218892490082094,0.0118887002904575,-0.08045046247200184,-0.019029034871104217,0.03677170641737099,0.0032824316320436936,-0.012309218456427436,0.03192508725577027,-0.06680703157832597,-0.0030992980624421442,-0.04724604039227663,0.025037772455801775,0.04688874419160786,0.04633577234149461,0.06146620183991738,0.11692471005657483,0.07727969467751016,-0.12035732741403302,0.032032588914839594,-0.01105529011070272,0.24490295573027474,0.051258908437463654,-0.014191772271486616,0.01163288495791201,0.06168507780898838,-0.12684470655986022,-0.11930555632755216,0.0397861724044212,-0.12156049154808622,-0.044152277625790735,-0.04151005229690424,0.09687526171711852,-0.08711317741929972,0.018483879306038783,0.09297404943043762,0.06363494075831554,0.03965428236722411,0.16502467750962277,0.013835191593046336,-0.054142796138566665,-0.024042341681717375,-0.04625526002509265,-0.010079329587012192,0.026746117381015556,0.06668273000366433
HP:0000005,-0.0011984932167913528,0.0006093566094643948,-0.08437976297736073,0.08630321575811142,0.015767676665054894,0.03787198687694851,0.0990872003139823,0.03147127030540942,0.16214542804901041,-0.049975836129560025,0.07858674734470328,0.07130694789326428,0.058655302454807476,-0.038610144469593,-0.00236207030779129,-0.0013338546666362583,0.04135927223602583,0.005475938018981836,0.09921641693918325,-0.01612502694137526,0.018824952302477972,-0.12738786257092713,0.0037278184317796836,-0.00720363622638734,-0.0008869918237093556,0.003326246317067647,0.019607285725303552,-0.041030570914999974,-0.0005425387556361706,-0.008270520436152484,0.04367663420522055,0.0817941185468468,-0.03396228057859529,-0.04505228439061505,0.08191442173113353,0.05414015136752301,0.11878383050042947,-0.03161380942816704,0.0010598516821234783,-0.023478425892759607,-0.10585210177483367,0.02930668967871835,0.05014036367217685,0.2658766286848642,-0.07260784031575662,-0.06829231599449014,0.020397243479976818,-0.06232062030114708,-0.05768523538059368,-0.05423315095321532,-0.004395305760685143,0.003952392424607049,-0.008305571999033907,-0.04177708849969998,-0.12657643672543883,-0.07887644277081378,-0.06189461461798113,-0.005189065446092032,-0.05038346116654536,-0.022372992805421675,0.1219490679087028,0.026573515047019273,0.026746117381015594,0.0666827300036647
HP:0000006,-0.003369063908019544,0.00171295200614981,-0.01719480687920497,0.01758676577952998,0.034838152688419624,0.08367688464573014,0.017184484318118937,0.0054579960814407765,-0.09717389763462755,0.029950562545567876,0.11049392526286145,0.10025843844487368,-0.0630803827130852,0.04152297555068948,-0.055664855685671595,-0.031433792329978755,0.07007013815074639,0.009277236100901889,0.008679598463214802,-0.001410641135583824,-0.01357492555183425,0.09186109599756588,0.03970102470838555,-0.07671825896238453,0.01239760519930695,-0.04649139657475317,0.020549198613927466,-0.04300163535063205,0.0006162686187807327,0.009394466575612293,0.08918810268006719,0.1670243684370208,-0.038390741345773506,-0.05092680961378846,-0.10924722368902842,-0.07220537119115991,0.029100745668370266,-0.007745039235568749,-0.006573588591886526,0.14562180275572792,0.08882320075361136,-0.024591991440036234,-0.03816326295958143,-0.20236629637644996,-0.07945470553974295,-0.07473223049151773,0.0066565075578646745,-0.020337928527077068,-0.06563794624417188,-0.06170994403390527,-0.10526953649414611,0.09466156423132886,-0.004554910264417292,-0.022911232272368354,-0.17302126000643325,-0.10781865776988515,-0.0878634311333144,-0.00736621590235191,0.03327093630175257,0.014774102478752386,0.04422647262453226,0.009637243284585878,0.026746117381015865,0.06668273000366416
HP:0000007,-0.003009191548152125,0.0015299800894327143,0.009189365602536791,-0.00939883894303742,0.010776790819979563,0.025884503416691122,0.06880938635180316,0.021854677400966128,0.03047998353893734,-0.009394422531067596,0.07169538840411094,0.0650539626318324,0.16763674421828317,-0.11034772035600902,0.0066932415563403505,0.00377965526910464,0.0528847881472237,0.0070019080700591905,0.05140235922783587,-0.008354105630595509,-0.0236874297310254,0.16029209502098019,0.040043835729114914,-0.07738070696861823,0.01812848763967512,-0.0679823800328535,-0.06134271684785166,0.1283669105967506,0.010589772391248165,0.16143165454296268,-0.0022372422845752145,-0.00418972899291957,0.02436438278418981,0.0323203001534326,-0.04923045043959544,-0.0325381536286683,-0.105498204293338,0.028077896726281654,0.0019749185221894436,-0.04374949716994694,-0.02636837853389202,0.007300468049916059,0.0031106158291018837,0.016494496433697735,-0.05856069938210272,-0.055080081843348054,-0.01989862665650652,0.060797173774580444,0.03242288051197818,0.0304825829615255,-0.012560652102539796,0.01129491983521903,0.054179220160378766,0.27252187757185997,0.1236494343526062,0.07705247346717808,-0.08214015031553998,-0.006886392594408839,-0.06860428841582825,-0.03046402957658593,0.08532192081858968,0.01859221546827067,0.0267461173810155,0.0666827300036647
HP:0000008,0.0014547974654684143,-0.0007396708121457394,0.01761043397501409,-0.018011867174210824,-0.009262505763170724,-0.022247380141165594,0.026095389049374345,0.008288205135430765,-0.0362555345110023,0.011174540493147587,0.13621653124334923,0.12359825827841711,-0.055447849757101,0.036498822784167814,-0.08642475435728973,-0.0488038232952022,0.07376833641468727,0.009766874902080861,-0.1599474253417806,0.025995259881443425,-0.0173710563016822,0.11754939387439116,-0.043552968732241966,0.08416175547919588,-0.03716371546036419,0.13936506332335027,-0.03817851275876699,0.07989306613491616,-0.012635084790333373,-0.19261062161073075,-0.04079347001865709,-0.07639475851012718,0.07501398840589883,0.0995089694025697,0.02487133947850323,0.016438351826480863,0.012326415579291693,-0.0032806228879345453,0.0039763587473654405,-0.0880865179043066,0.03385230414752524,-0.009372501404567255,0.015365464628850698,0.0814776286906212,0.1061736890303589,0.09986314274090292,0.005287026699710741,-0.01615369173772749,-0.021350226532175092,-0.020072554974687164,-0.04663249399460997,0.04193335481992175,0.009896665201378316,0.04978029905923557,-0.06742367228102454,-0.04201524047961785,-0.024020569195929473,-0.0020138150367247027,-0.17079481469874516,-0.07584217264921993,0.0819798450387403,0.01786395487106274,0.02674611738101487,0.06668273000366512
HP:0000009,0.0011021359196692353,-0.000560365129955938,-0.027190039802209614,0.02780984194221194,0.05770957678720711,0.13861118420846166,-0.14319407327571895,-0.04548013640422614,0.11051893874903412,-0.03406371945600284,0.019799811318639653,0.01796567693280134,0.06357688853671814,-0.041849802977679165,0.034283611263794436,0.019359861864606233,0.019344639598069414,0.002561216426490462,-0.08802048929753849,0.014305422480494061,-0.003841483833222684,0.025995200771421003,0.05971681738304228,-0.11539677612990859,-0.037964176518503985,0.1423668166376529,0.0034775545289589945,-0.007277195309446961,-0.001971607527872942,-0.030055401908094873,0.05091292219249225,0.09534566179738786,0.03282179318402857,0.043539383561564185,-0.0904602443959643,-0.05978838916077495,0.003972992736991262,-0.0010573950572014684,0.006521302298163794,-0.14446352759978512,-0.01921123031331151,0.005318907756183845,-0.005963333324609919,-0.031621449147009914,-0.05317357207868002,-0.050013144188850445,-0.031006981632834135,0.09473703301731703,0.03809778922857698,0.03581788547077887,-0.05440710948358218,0.0489245251812038,-0.043109079377435515,-0.21683898767012522,0.11261974663343181,0.0701792942667816,0.17932726217375727,0.015034278917984721,-0.060714961918521854,-0.026960740186039195,0.029758180982895704,0.006484506062095923,0.02674611738101554,0.06668273000366459
HP:0000010,-0.00282840816506817,0.0014380633828380092,-0.01009392377600452,0.01032401669248817,0.0020673079030607833,0.00496541497130341,0.010325801152121854,0.0032795969423755583,-0.025147654751463473,0.007750912794915138,-0.00945724759367552,-0.00858118555814464,0.06256868134001929,-0.04118614557774711,-0.23098212694433418,-0.13043497770486265,-0.05615168281356755,-0.007434442583854691,0.10701364221875158,-0.017392261453362753,0.012339120074506037,-0.0834984390420234,-0.07841346557090743,0.15152617853050337,-0.0031981603504412496,0.011993198587292187,0.03648853493767886,-0.07635658710338462,0.003051048724478187,0.04651052217998527,-0.002255561061781985,-0.004224034938457251,0.012577323774367825,0.016684308529996743,0.006559823977413808,0.004335620707270868,-0.06348627167818781,0.016896600199566913,0.0034924190019332783,-0.07736601461000756,-0.003679961270904339,0.0010188506528227,-0.006524903401035888,-0.0345992568004647,-0.04059064495343872,-0.03817809673893929,0.019410407889928115,-0.05930549690138242,0.15321497592582042,0.1440460607095566,-0.21829348240422802,0.19629612890941148,-0.0036186091467532025,-0.018201630735049736,0.024302100621434987,0.015143918555983312,0.010454041817026508,0.0008764366253755697,-0.04144976752108348,-0.018405947687281196,-0.08478504245094759,-0.018475226092087512,0.026746117381015563,0.0666827300036642
HP:0000011,-0.000950140058128792,0.00048308502395006894,-0.14820331621882304,0.15158163906116187,-0.051113453338351766,-0.12276812083265086,-0.05089415616139138,-0.01616458776154237,0.03057244429362012,-0.009422920426942222,0.0039575840833556706,0.003590977506388064,-0.01556393226557374,0.010245035796241031,0.036215611449533815,0.0204508571051752,-0.09420696524627424,-0.012472934719477665,-0.16214582564803856,0.026352552205234768,-0.010486966840353797,0.07096497612208578,-0.024555284668860835,0.04745063136173514,0.027460488993829944,-0.1029776689469245,-0.024146580216094414,0.0505295830229485,0.005805220625427012,0.08849542142413293,0.0460721876400873,0.08628032004113058,0.008217300100822148,0.01090056776984366,0.056256600702245134,0.037181985944290584,0.061342844187144537,-0.016326136122602,-0.0032139312138788553,0.0711967977241161,-0.03166130882362361,0.008765892570464036,-0.0020355505089264935,-0.010793804974546687,-0.04395112076773623,-0.04133883909407937,-0.017603638851467058,0.05378519376198267,0.02082555855257723,0.019579284945536513,-0.028460060505203773,0.025592150732901078,0.01831760658452349,0.0921376964131298,-0.08097801503573934,-0.05046166517165835,0.16967417248130534,0.014224991801808102,-0.15458122834020485,-0.06864245983571157,-0.2042998185567516,-0.04451829272353267,0.026746117381014917,0.06668273000366437
HP:0000012,-0.00289511049506208,0.0014719772215473186,-0.0015209649713264649,0.001555635657760008,-0.016941121561606435,-0.04069045472526016,-0.07552495411518624,-0.023987621390360998,-0.0008243428994627179,0.00025407577724254104,-0.04697459614210638,-0.04262315457236232,0.04339850674760646,-0.028567282839957343,-0.015711980098359113,-0.008872512349506208,-0.03845267420806198,-0.005091106522036991,0.009032975698782713,-0.0014680733390424867,-0.012404662735279046,0.08394196417443689,-0.00220908220083297,0.004268830379000055,0.05253365727809627,-0.1970028126218075,-0.07403359855858188,0.15492408578667738,-0.010468206543518774,-0.15957849139557712,0.0012861262009012753,0.0024085546163758846,-0.04228212489683706,-0.05608888104800462,-0.16115607506827456,-0.10651377515219651,-0.10214970786527133,0.027186708695877027,5.789552446467116e-05,-0.0012825339654930204,0.08812854685771525,-0.024399666433543472,0.03369489999482861,0.17867214671736784,-0.05091975582066092,-0.04789328590059635,0.061582960135300825,-0.18815720268184155,0.01671046268067642,0.015710450673900454,0.016787944130883997,-0.015096229209159573,-0.034939283232898286,-0.17574485272136994,-0.01225561397500826,-0.007637118403149609,-0.07932294782780502,-0.006650206487201945,-0.049957714790706535,-0.022183938294615395,-0.03925100087358854,-0.008553054813882228,0.026746117381015684,0.0666827300036643
HP:0000013,-0.0012919973302643049,0.0006568974288520775,-0.012841869043465876,0.013134601896108688,0.020597324673302605,0.0494721972233473,-0.07582267071639995,-0.024082179714760774,-0.03369876534770223,0.010386502999496512,0.06713151689620556,0.060912860489276875,0.03599565933185297,-0.023694321722266775,0.006928009425264235,0.003912228044991059,-0.08968731308751285,-0.011874536011022301,0.04685970057678619,-0.007615815583509886,-0.00199235921111728,0.01348223237431869,-0.04037985322226499,0.07803002716235703,0.02091410260192978,-0.07842852086673643,-0.002762220837757635,0.005780274717992961,0.0027219531616116312,0.04149375323968914,-0.04666287502417217,-0.08738651228320522,0.22255993682591094,0.2952344011361224,-0.04585535532293496,-0.030307433364351797,0.16360909795983936,-0.043543863014230424,-0.0022456562289536234,0.04974702993032782,-0.06223997704744322,0.01723204038801273,-0.0022691135994925096,-0.012032307501388667,-0.06119006351108294,-0.057553166914873985,-0.014134304451592151,0.04318517949807252,0.032425601755650256,0.030485141356545706,0.08785206967672571,-0.07899924910395291,-0.019249445094970168,-0.09682485100319484,-0.0466308272629587,-0.02905812387451232,-0.12800030060955878,-0.01073117493471567,0.10620939942345752,0.04716274098983575,-0.02378763795524675,-0.005183484925116756,0.026746117381016545,0.06668273000366381
HP:0000014,-0.003679163894944854,0.0018706178769118255,-0.023073968110243637,0.02359994361146093,-0.002535415521705462,-0.006089750912919721,-0.01765455620214428,-0.005607296488337396,0.049767863333912365,-0.015339258173484346,0.01932122233236473,0.017531421526392022,0.037663403085771464,-0.024792122340153967,-0.06256090451325921,-0.03532797231254876,-0.058484986169174615,-0.007743370276823688,0.13757233283680173,-0.022358775309744606,-0.026657890443722344,0.18039310961912292,0.04369668010553316,-0.08443946333265781,-0.005988564375762945,0.02245729855332116,0.0648126916975256,-0.13562824452829852,-0.005446774544922974,-0.08303122996638047,0.053664394050708754,0.10049839894036587,-0.006575333760802341,-0.008722435640602084,0.13626222539931018,0.09006054554115514,-0.06629513512731341,0.017644167216190138,0.002304836964577104,-0.051058034610521545,0.043919366302971205,-0.01215971357720496,-0.016667211733190187,-0.08838033354067974,0.08617201140387883,0.08105028612725405,0.006872796697152836,-0.02099876651425483,0.12256250672617013,0.11522794151102504,0.198080663391707,-0.17812014819388383,-0.008141805500305906,-0.040953341801537535,-0.05574385178026761,-0.03473692930942586,-0.08954419499636417,-0.007507126282657399,-0.08627803637460525,-0.038312133433910725,-0.08293825377751578,-0.018072798525861092,0.026746117381015382,0.06668273000366431
HP:0000015,0.0019101150598670054,-0.0009711704832869706,0.07446033155700706,-0.07615766900778147,-0.017855815418795832,-0.04288743494573031,-0.05911735210622161,-0.018776372346574016,-0.0622073860072576,0.01917331969550268,0.14019152088188813,0.12720502899496688,0.0012335746397235468,-0.0008120066398123088,0.1728456204648806,0.09760545090639364,-0.02655146094248457,-0.003515394410345819,0.02743143897621919,-0.00445826110413996,-0.00739006569791695,0.05000834309642905,0.019106998799985217,-0.03692236391121519,0.02867118118288469,-0.1075178014794958,0.042627229837530874,-0.08920253426520212,0.0004648896780645117,0.007086829361107076,0.03769665108820937,0.07059528290207952,0.0030662466924082812,0.004067495340263875,0.10534411937034054,0.06962567088746079,0.045878490836054345,-0.012210364491805084,0.004925301925207608,-0.10910803671985321,0.061262094062881516,-0.01696129930030415,0.02383982595809473,0.12641417193565524,0.07194710243032348,0.06767084976899279,0.033375091967715716,-0.10197242760169752,0.041438228267593705,0.0389584210594418,-0.14737493145318198,0.13252401411133144,0.0019224712127463948,0.009670044399398664,0.05870401761930829,0.03658156451512144,0.060546400506779174,0.00507603507500696,0.1535181402830742,0.06817039100790476,-0.09316060935939811,-0.020300317969259605,0.026746117381016614,0.06668273000366334
HP:0000016,-0.0022885553012141507,0.0011635829718362484,0.048360629011629123,-0.049463018768000216,-0.06204737682597081,-0.149030037260349,-0.0995102801741954,-0.0316056454880689,-0.01944608342621587,0.005993596553190026,-0.05721073629569347,-0.051911080809573996,0.0935207317600886,-0.06156048665747224,-0.025308825989864423,-0.014291825074932334,-0.010605636869701335,-0.0014041787248800827,0.00766548262613137,-0.0012458231981985995,0.001726081015819571,-0.011680336167466611,0.031100121276654145,-0.060097873427431656,-0.0013111782951017513,0.004916958486565726,-0.008595337914867813,0.01798676404247957,0.005546213304119493,0.08454708534357806,0.023860507007588527,0.04468405531425612,0.08055112832036464,0.10685420057925452,0.08448223223654021,0.05583730855312894,-0.19520360475109158,0.05195260612739204,0.00473963612854298,-0.10499506438490468,-0.09313880863242961,0.02578683007581869,-0.010349921521648408,-0.054881976112504435,0.01379292146612933,0.012973124488425157,0.001847217324046587,-0.005643886615297467,-0.1593378653516467,-0.14980253520965656,-0.05146965228842954,0.04628307446130053,-0.015110651769912739,-0.07600669000921242,-0.19849756746296338,-0.12369428643421128,0.026193281898326412,0.0021959689846552262,0.026768125671136796,0.01188650142703206,0.12620844553516372,0.027501661833123633,0.026746117381015896,0.06668273000366443
HP:0000017,-0.0028138013716443476,0.0014306367691607701,0.006324314309009148,-0.006468478259164741,0.0011867795939364478,0.002850496123313388,-0.05826543094495304,-0.01850579207929279,0.005161669473954728,-0.0015909097832085117,-0.05646442499686286,-0.05123390326124799,0.11076170452100731,-0.07290944269786094,-0.015701288740128938,-0.00886647496864511,-0.08863024750041398,-0.011734581284450875,-0.04882462910884783,0.00793516319245324,-0.002248547269197061,0.015215848938706773,0.03914713049769769,-0.07564791380617145,-0.004663693562910239,0.0174889927087368,-0.05230484851947127,0.10945409917738659,-0.01042265638135912,-0.1588841197159858,-0.031319469013734266,-0.05865260471529729,-0.04746232908243705,-0.06296062311582938,0.2249876614344846,0.14870233822645954,0.16874570150755872,-0.04491094812153724,-0.0037022970513550277,0.08201535027938023,0.07997033744472586,-0.02214094782907833,-0.01846297456553096,-0.09790262920852709,-0.07376181097941317,-0.06937769918268753,-0.0203756650039127,0.06225469060753093,-0.030671792278281408,-0.0288362859171633,-0.11280154934272216,0.10143457893056892,-0.00228584172858995,-0.011497800777926582,0.066993447368819,0.04174714468276736,-0.18163240963725616,-0.015227535813191249,0.019475487749899684,0.008648174167121403,0.03311109450031019,0.007215128274584814,0.026746117381015833,0.06668273000366418
HP:0000018,-0.0031986307460868694,0.001626297720384513,-0.001389788800148539,0.001421469300756202,0.022267970745903008,0.0534848800986749,0.10603881706453173,0.033679186253409696,0.12151967697489455,-0.03745432440549414,-0.1314303909228376,-0.11925547695744886,-0.03901055364416962,0.02567889089312131,-0.07979580901586,-0.04506047592346109,0.08647833327373132,0.011449669382224935,-0.05177842381892977,0.008415225068788978,-0.024869857415749427,0.16829354612595773,0.007458764559728989,-0.014413316412758271,-0.013663998047679447,0.051240408273919194,-0.019503831881243792,0.04081408147610562,0.0016888302134072518,0.025744713438530017,0.06911798842406432,0.12943865848989525,0.09023911498503687,0.1197056912021947,0.022716691328480854,0.01501426831931775,0.033958935280788465,-0.00903802566247752,-0.0027556333235145484,0.061044327112168784,-0.05241923374528069,0.014513025162571786,0.01515216890105934,0.08034659682602145,0.07554731949121624,0.0710570840944136,0.033126374077608614,-0.10121250858584416,-0.06722484980538602,-0.0632018817856651,-0.06709670376450787,0.06033539373917337,0.0005156326665321506,0.002593636121102711,0.06067641966682681,0.03781067209033185,-0.044798738912128,-0.0037557966804087715,0.18296555495393668,0.08124664224820227,-0.17043748672646228,-0.0371394648255344,0.02674611738101703,0.06668273000366295
HP:0000019,0.0020863634457234906,-0.0010607814358767939,-0.04003873420101689,0.04095142477893863,0.022715851672442798,0.05456063405613184,-0.07468211366592917,-0.02371992526494,-0.02379099107770096,0.007332767169356671,-0.010857180596044487,-0.009851437261222812,-0.07351472871915542,0.048391435687786324,-0.014222866638244258,-0.008031614036119185,0.10262451618498072,0.013587412434388184,0.15917885156417397,-0.02587034836727608,0.013723127044018563,-0.09286397085303656,-0.05518280861366213,0.10663525771918525,0.029910373466953067,-0.11216481023519455,-0.06584423812853143,0.137786877782414,-0.0054973607474717665,-0.0838023715994055,0.06810413192124364,0.12753998885817397,0.024852250823073237,0.03296747605736031,0.055702620971203105,0.03681584105967232,0.06580356957706943,-0.017513339143369288,0.010467214236895638,-0.2318755708089432,0.03447952159943977,-0.009546155653432527,-0.027414574716555572,-0.14536980126678045,0.0035341318214627267,0.0033240769325662643,0.011323990788849408,-0.034598701091068426,-0.11817717055017696,-0.1111050390517701,0.05610716829580933,-0.050453269695617566,0.021208990408871323,0.10668137840522894,0.09797687090434415,0.0610545473602894,0.04320925276558836,0.003622538759814082,-0.03274546695068042,-0.014540765551538395,-0.02074419813092937,-0.004520299093908051,0.026746117381015653,0.06668273000366429
HP:0000020,0.00032704876628426914,-0.00016628323344711397,0.006543939288936195,-0.006693109632371907,0.009061943115951205,0.021765653752119557,-0.12652470586563364,-0.04018574756368164,-0.003127371480019894,0.0009639063307673772,-0.05397396719231917,-0.048974146356943894,0.06321296676443593,-0.04161024966169067,0.03685841837026767,0.020813848421790467,0.07653044962558525,0.01013257671273862,0.07144713542310224,-0.011611858391216595,-0.023934358146107244,0.16196305187121238,-0.12107389496296157,0.23396319101534757,0.012077266857883143,-0.0452901180512214,0.050391146248478166,-0.10544945019943976,0.0033756604658749874,0.0514589392527569,0.023932327870492456,0.044818555700590755,-0.05309508551084571,-0.0704326933123064,-0.009524739382974079,-0.006295238628710161,0.05636877601396759,-0.015002309111406934,-0.0066421449487028515,0.14714050142851262,-0.008947879284763836,0.0024773501620138022,0.012829100889978394,0.06802818814772646,0.11083651305121871,0.10424882684988263,-0.04577396122867071,0.13985525349107067,-0.05690714507033039,-0.05350162426404884,-0.03428961799021638,0.03083426586597703,-0.011322116046228618,-0.0569503273371427,0.0491866292866546,0.030650778694564847,-0.008004538199715727,-0.0006710773278165083,-0.0743467085513243,-0.03301397595586481,0.17114736483139584,0.037294151998027956,0.02674611738101536,0.06668273000366486
HP:0000021,-0.006414366015771801,0.0032612919893687396,0.01205144284901098,-0.012326157785887484,-0.004824119703591297,-0.011586932050182564,0.09910700718133349,0.031477561201451044,-0.03600360701010504,0.011096892374087581,0.0059143548268596425,0.005366484880859226,0.1482111535791512,-0.09756072873556668,-0.005719529715710328,-0.0032298028458751012,-0.06409487804990321,-0.008486115943544021,-0.02281597991598822,0.0037081392595008913,-0.006378641899046486,0.04316406993062627,-0.022348425892280328,0.04318609752769166,0.009171555212601122,-0.03439361100320857,0.07690847165050463,-0.16094009870772508,-0.016300806145174894,-0.24849128094332437,-0.011617849470118425,-0.02175698228835495,-0.02976232820137407,-0.039480884422714746,-0.11533950302610352,-0.07623197503590157,0.016177445123782844,-0.004305557962081288,0.003936358125840316,-0.08720040181470377,-0.13317813966771266,0.03687229961227426,-0.006438688154486679,-0.03414208781691343,-0.04142953869930819,-0.03896712994153942,-0.033170886678268924,0.10134850994735214,-0.13917931118551005,-0.13085033879618,0.016950926372214188,-0.01524278779030436,0.018714631738882378,0.0941347358719687,-0.004623130034840184,-0.0028809157616441674,0.0800726487655545,0.006713059245151001,0.07481678076830184,0.03322271354722782,-0.16317328513087379,-0.03555654686055754,0.02674611738101634,0.06668273000366357
HP:0000022,-0.0020107547389876484,0.0010223392782266502,0.026276846800872663,-0.026875832532345233,-0.0035808385169635967,-0.008600726169345992,-0.0643274790548135,-0.020431170473930498,-0.16452455295013318,0.05070912079642355,-0.0783002328637182,-0.07104697437538025,0.010298422528396885,-0.006778987832121829,-0.11690732698971451,-0.0660172490017514,0.04151267346615505,0.005496248231974138,-0.16122424202509542,0.02620277295289699,0.0014482091866970697,-0.009799986203660275,0.043967285510170956,-0.08496238120851077,0.021664504075291142,-0.08124254921555639,0.024549721867800692,-0.05137320474401276,0.0005448750484147091,0.008306135140118825,0.053929412565828144,0.1009947044876435,-0.025515471727679265,-0.033847264348924606,-0.01796725626695465,-0.011875197961416412,0.1887589300216798,-0.050237383458921196,0.004177868859938815,-0.09255048236692139,-0.16175353793330674,0.04478381308601739,0.013976587955517669,0.07411290652830962,0.005139007783154467,0.004833565382179533,0.020421861549897287,-0.06239583700332489,0.1172043936656215,0.11019047650771799,0.06917145558045366,-0.06220107358188953,0.021162797621043887,0.10644902834126815,-0.0034999232966401463,-0.002180986499157402,0.013852214901549257,0.0011613296268362752,0.03754008729931762,0.01666983735567991,0.18175077047955182,0.039604704791689954,0.026746117381016097,0.06668273000366455
HP:0000023,0.0014401125307782058,-0.0007322044686673834,0.065644972297158,-0.06714136195330253,-0.06792725002692475,-0.16315275714070862,0.1703072230719068,0.054091594426686034,-0.05403210549006899,0.016653566382958236,0.040140727525733146,0.036422334080331874,-0.04231853133765467,0.02785638365681598,-0.08856748544929806,-0.05001381770434171,-0.05776140885180146,-0.007647569158291494,0.11079632527963908,-0.018007037396186126,-0.010185837915017721,0.06892724611669089,0.02391652982743006,-0.046216301525205755,0.0047417990716770286,-0.017781890742204928,-0.024096097460697435,0.050423941869740835,0.002031480019589762,0.030968104754003394,0.027684493775667687,0.05184531287728511,0.01811519254520971,0.024030506562979677,0.013106840271394991,0.008662776361556898,0.12450817684875388,-0.03313731977291745,-0.0026983680834081585,0.059775755557585346,0.0016023735965825605,-0.00044364037139554266,-0.0001457928273559492,-0.0007730878395093189,-0.05142288615988705,-0.04836651215223055,-0.018220345350866324,0.05566944501505618,-0.045655770057316095,-0.04292357053009023,0.03156387029969387,-0.02838319076221748,-0.04051902063748975,-0.20381097307814158,0.15940318544098742,0.09933251843069596,0.19555822416133167,0.016395035819475642,-0.07426641257753633,-0.03297832018307348,0.08235907647980643,0.01794659193076527,0.026746117381015375,0.06668273000366468
HP:0000024,-0.007021628641145142,0.003570045922446977,-0.058058842820239286,0.05938230520896039,0.0036255519885742063,0.008708122334679247,0.024173656310321607,0.007677840019714765,-0.10715797625483732,0.03302781660712564,-0.10543353400965758,-0.09566681113359927,-0.05050202987501714,0.03324321225663495,0.0714480323298084,0.0403465091748893,-0.18106105606633938,-0.02397235413168635,0.06791488338598087,-0.011037783444551759,0.0032502480699924344,-0.021994326881084988,0.030590671370421804,-0.05911341244381944,-0.02499062499326279,0.09371560382302926,0.05600179545968502,-0.11719039912856992,-0.0039741115503044815,-0.06058179337589372,0.04662766589845697,0.08732057543952343,0.10334856421600969,0.13709588481982118,-0.054411582357413335,-0.03596254777511667,-0.03335234687926368,0.008876584748790778,-0.0003726402372933361,0.008254934481450232,0.18540029437548497,-0.05133076058483171,0.02487577349634262,0.13190743562164758,-0.03131438859724071,-0.029453184559096346,0.002022443591693834,-0.006179263354000779,-0.04466440764779441,-0.04199153468330422,-0.05021401363682444,0.04515396605227263,0.029855404159863427,0.15017290343471654,0.05006890557915019,0.031200571509826455,-0.03737868507996418,-0.00313372083122016,-0.10915280073610223,-0.04846977101251672,0.12609369534287676,0.027476657001074992,0.02674611738101515,0.066682730003665
HP:0000025,0.009597678191385595,-0.004879801203289854,0.069530442832298,-0.07111540252990377,-0.038867733534542585,-0.09335543375386725,0.012219687118386946,0.003881117592703555,0.21009029121155076,-0.06475321624749773,-0.002701336677059116,-0.0024511012375756495,-0.011217372738371022,0.007383891376770865,0.04627304969348057,0.02613026507700155,-0.002263767776288375,-0.0002997212320757592,-1.4616351536790302e-05,2.3755046753932677e-06,0.021818169739978025,-0.14764287121299902,0.01930471065806501,-0.037304422299874525,0.031880566405852066,-0.11955309368015885,0.00584466955397498,-0.012230664252508763,-0.010170264374834412,-0.1550366282212285,0.04893216287535303,0.09163625365853226,0.06412709658960195,0.08506708452671403,-0.09458682955450094,-0.06251579589078066,0.019588013678021297,-0.005213266223896373,-0.005910094187623055,0.13092370446180432,-0.06840428709243715,0.01893871903249015,-0.02618466055985828,-0.1388480011518884,0.1082343874684467,0.1018013613725582,-0.0076196797039415134,0.023280751936490953,0.09479631575984906,0.08912337565223856,-0.06718430688949474,0.060414169129650315,0.016743938005387635,0.08422213183703066,0.010439682976940525,0.006505516178039674,-0.03805330121118224,-0.003190278696189204,-0.0779591341903425,-0.03461808911047156,0.0910608122275326,0.019842758172893358,0.026746117381015417,0.06668273000366468
HP:0000026,-0.0022063538103834295,0.001121788808094836,0.08059125748945328,-0.0824283505654778,0.036692040139949145,0.08812969039049062,-0.006402639631842537,-0.0020335543025079097,0.11344644556598542,-0.03496602427404504,-0.02042232579623458,-0.018530525446282885,0.0377699573334561,-0.02486226220346884,-0.09103474453261846,-0.05140707218589869,-0.10129182965484164,-0.01341096569238448,-0.03797565721723532,0.006171947290938018,0.002727404174303157,-0.01845625861616763,0.034309921859472875,-0.06630049197793735,0.027510276372204046,-0.10316437313012307,0.025055622570400105,-0.052431861966884936,0.010524850626530035,0.16044198002433752,-0.05621861001091263,-0.10528173096319161,-0.01576266931160453,-0.020909793114107688,-0.05270846881196676,-0.03483689952908017,0.17284916588143556,-0.0460030676479412,0.004136820394561243,-0.09164115385554707,0.20631581365240376,-0.05712152545997492,-0.0009094556839077783,-0.004822522085372175,0.10117706192732703,0.09516349549147109,0.015847557333649377,-0.04841975849632326,-0.10883079447155214,-0.10231798251306796,0.012012597008090172,-0.010802092049962558,0.007541804036364425,0.037935330006326935,-0.08331465230230223,-0.05191774689113229,0.06909839816277288,0.005793009819995177,-0.12095305226722308,-0.05370972349881517,-0.05586349389253027,-0.012173027813904565,0.026746117381015108,0.06668273000366456
HP:0000027,-0.004709271449794926,0.002394361222483367,0.12900417556581004,-0.1319448503374029,0.04631548525222872,0.11124400169616491,0.056324973224770154,0.017889479687432236,-0.0995535417272758,0.03068400723562611,-0.07865914100544495,-0.07137263544452306,0.009072387420422776,-0.005971944126558765,0.09937071849492611,0.05611437396853376,0.01983884815191249,0.0026266492850244598,0.11208794720951924,-0.018216956672249384,0.0006017267702239225,-0.004071866206028126,-0.002203260894410361,0.0042575812866454356,-0.01368966544821418,0.0513366618066041,-0.06586030607195698,0.13782050185978145,-0.001502089559823639,-0.02289801838564808,0.03392037274108458,0.06352336986639537,0.003138083802005285,0.004162790056530475,0.01913856887899593,0.012649360078099664,0.050222465050049174,-0.013366494685480337,-0.0005108441689509614,0.011316505097661484,-0.07167258562696767,0.019843594885900623,0.013663379962162504,0.07245207522888931,-0.015472274526686444,-0.01455266341120365,-0.04119006834912291,0.12584987830752775,0.08742608469090786,0.0821942047563456,-0.027147006018777852,0.024411412261491235,0.0005800059404116378,0.002917434164162328,-0.19733324547658268,-0.12296873609560599,0.05968684216577298,0.005003972190154158,-0.14461171940735817,-0.06421545648056526,-0.16157381203237303,-0.03520801100719642,0.02674611738101502,0.06668273000366445
HP:0000028,-0.008195505542981056,0.004166886721217951,-0.06857073926109983,0.07013382233287016,0.07069514040701709,0.16980088358181022,0.09843556622369945,0.031264303587906585,-0.02971489893883175,0.009158611117451629,0.005802911922170495,0.005265365370683885,0.0025973905351174336,-0.001709745233725386,-0.035562985234917695,-0.02008232086005847,-0.12732267915936973,-0.016857431521250753,-0.014393056215748129,0.0023392138761668636,0.0002639118478136904,-0.0017858832075731783,0.007088313241314976,-0.013697456296107748,0.04423677826263567,-0.16588926396144976,-0.040132499871471106,0.08398201592215802,-0.00494351817731629,-0.07535953457197524,-0.018367939879569903,-0.034398013475845764,0.009299843208845509,0.012336603252052828,0.08532723545350954,0.0563958011983327,-0.13151918895376505,0.03500327071634479,-0.0025228181514598902,0.05588687550260427,0.0029239143932803567,-0.0008095281088820802,0.0010215526967011649,0.005416932928504174,0.11711037265292824,0.11014979292408981,-0.026332880270143674,0.08045603977625497,0.03665792206995381,0.034464184953637754,-0.012747083614040387,0.011462564712248439,-0.005287674496186755,-0.026597041770333094,-0.04926813005745062,-0.030701566116377574,0.22185985415989476,0.018600088395436108,0.13734905026884942,0.0609904369876211,0.1777187753367782,0.038726106164956996,0.02674611738101657,0.06668273000366406
HP:0000029,0.007708656959088741,-0.003919355572733507,0.021775363632907743,-0.022271737197536237,-0.011269322128982259,-0.02706750200724249,-0.1598743953339372,-0.050778004570971966,0.04097408982662231,-0.012628875345865351,0.05200951123126964,0.04719166567685194,-0.13640852084621416,0.0897915870575132,-0.15591422317882023,-0.08804433699366387,-0.05826848888193117,-0.007714706191067865,0.07770874568179834,-0.012629518948134287,0.004326058193066426,-0.029274300285992334,0.05070150373023605,-0.09797558429611554,0.0025298209716313365,-0.009486905588970489,-0.014512009191913944,0.03036810044031791,-0.0012533549992925902,-0.0191062813996313,0.00414377673944081,0.007760134727069716,-0.0347247089686091,-0.04606367526511473,-0.028237758102249672,-0.018663337488399472,-0.055055391725246726,0.014652757489483541,-0.0013295998822718084,0.029454038550435047,-0.03349104018376251,0.009272480236348862,0.03641067505061494,0.19307294206900488,0.009215863694781251,0.008668109020588765,-0.0920424459867425,0.2812214470822816,-0.03880998935459396,-0.03648746507270817,-0.006266030900992591,0.005634605284339567,0.0179776171828027,0.09042754721132659,0.01616484132830994,0.010073163812452181,-0.060413249042902274,-0.005064872041445855,0.08860695901795784,0.039346301558484856,-0.09909476007118635,-0.02159340897795074,0.026746117381016312,0.06668273000366363
