"ID","Description","GeneRatio","BgRatio","RichFactor","FoldEnrichment","zScore","pvalue","p.adjust","qvalue","geneID","Count","focal_group"
"GO:0061061","muscle structure development","40/253","416/10170",0.0961538461538462,3.86515658254789,9.53043840212378,1.05511288976135e-13,3.55784066427526e-10,2.79327254499978e-10,"MBNL1/LGALS1/TAGLN/DDIT3/PRKAR1A/LMNA/KRT8/PLEKHO1/ACTN4/YBX1/YBX3/CFLAR/ACTB/CFL2/CTNNB1/ITGB1/CD81/NFATC3/MEF2A/NUPR1/QKI/EHD1/ACTG1/VEGFA/MYH9/CAPN2/FLNB/MYL6/KRT19/HOPX/COPRS/PDLIM2/NRG1/CSRP1/GJA1/CAV2/TNNC1/EHD2/BMP2/ANKRD1",40,"2"
"GO:0030036","actin cytoskeleton organization","43/253","498/10170",0.0863453815261044,3.4708795656936,9.03061511136404,4.74798709767686e-13,8.00510624668318e-10,6.28483555297752e-10,"MYO1C/CAP1/CAPG/PRKAR1A/PHPT1/KRT8/EPB41L3/ACTN4/EZR/RHOBTB2/ARF6/TMSB10/ARPC5/CFLAR/ARPC5L/ACTB/ROCK2/CFL2/ITGB1/MEF2A/ARPC2/RGCC/IQGAP1/TMSB4X/DSTN/ARPC1B/NEDD9/RHOQ/ACTG1/RDX/MYH9/FLNA/FLNB/CFL1/KRT19/NCKAP1/TACSTD2/PDLIM2/CSRP1/CTTN/PHLDB2/EHD2/ANKRD1",43,"2"
"GO:0051146","striated muscle cell differentiation","23/253","167/10170",0.137724550898204,5.53620032661949,9.44049038667469,2.03283689045333e-11,2.28490866486954e-08,1.79388939631232e-08,"PRKAR1A/LMNA/KRT8/PLEKHO1/YBX1/CFLAR/CFL2/ITGB1/CD81/MEF2A/EHD1/ACTG1/VEGFA/MYH9/CAPN2/KRT19/HOPX/NRG1/CSRP1/CAV2/EHD2/BMP2/ANKRD1",23,"2"
"GO:0042692","muscle cell differentiation","27/253","238/10170",0.113445378151261,4.56023516125818,8.8768327173278,3.45090793747373e-11,2.90911539129035e-08,2.28395617440695e-08,"PRKAR1A/LMNA/KRT8/PLEKHO1/ACTN4/YBX1/CFLAR/CFL2/CTNNB1/ITGB1/CD81/NFATC3/MEF2A/QKI/EHD1/ACTG1/VEGFA/MYH9/CAPN2/KRT19/HOPX/NRG1/CSRP1/CAV2/EHD2/BMP2/ANKRD1",27,"2"
"GO:0030239","myofibril assembly","10/253","33/10170",0.303030303030303,12.1810995328782,10.2753349541971,4.2537938768515e-09,2.86875859054865e-06,2.25227191584874e-06,"PRKAR1A/KRT8/CFLAR/CFL2/ITGB1/MEF2A/ACTG1/KRT19/CSRP1/ANKRD1",10,"2"
"GO:0010927","cellular component assembly involved in morphogenesis","13/253","70/10170",0.185714285714286,7.4652738565782,8.66930906913718,1.38108419250322e-08,6.65287985302978e-06,5.22319811149713e-06,"PRKAR1A/AGFG1/KRT8/EPB41L3/CFLAR/CFL2/ITGB1/MEF2A/ACTG1/KRT19/CSRP1/PHLDB2/ANKRD1",13,"2"
"GO:0032989","cellular anatomical entity morphogenesis","13/253","70/10170",0.185714285714286,7.4652738565782,8.66930906913718,1.38108419250322e-08,6.65287985302978e-06,5.22319811149713e-06,"PRKAR1A/AGFG1/KRT8/EPB41L3/CFLAR/CFL2/ITGB1/MEF2A/ACTG1/KRT19/CSRP1/PHLDB2/ANKRD1",13,"2"
"GO:0007015","actin filament organization","27/253","319/10170",0.0846394984326019,3.40230711090736,6.96294454679432,2.34894656909121e-08,9.90080978871945e-06,7.77315871218999e-06,"MYO1C/CAP1/CAPG/EZR/RHOBTB2/ARF6/TMSB10/ARPC5/ARPC5L/ROCK2/CFL2/ARPC2/RGCC/IQGAP1/TMSB4X/DSTN/ARPC1B/NEDD9/RHOQ/ACTG1/RDX/FLNA/CFL1/NCKAP1/TACSTD2/CTTN/PHLDB2",27,"2"
"GO:0045214","sarcomere organization","8/253","23/10170",0.347826086956522,13.9817838116515,9.95494094230581,4.66213502103606e-08,1.74674658788151e-05,1.37137655881938e-05,"PRKAR1A/KRT8/CFL2/ITGB1/ACTG1/KRT19/CSRP1/ANKRD1",8,"2"
"GO:0055002","striated muscle cell development","13/253","80/10170",0.1625,6.53211462450593,7.93413906115138,7.34841030937854e-08,2.47788395632244e-05,1.94539493979864e-05,"PRKAR1A/LMNA/KRT8/CFLAR/CFL2/ITGB1/MEF2A/ACTG1/VEGFA/KRT19/CSRP1/CAV2/ANKRD1",13,"2"
"GO:0031032","actomyosin structure organization","17/253","143/10170",0.118881118881119,4.77873904751375,7.26839699747698,8.70033392889964e-08,2.66704781893178e-05,2.09390811781652e-05,"PRKAR1A/KRT8/EPB41L3/CFLAR/ROCK2/CFL2/ITGB1/MEF2A/RGCC/IQGAP1/ACTG1/MYH9/KRT19/TACSTD2/CSRP1/PHLDB2/ANKRD1",17,"2"
"GO:0007520","myoblast fusion","8/253","25/10170",0.32,12.8632411067194,9.48541995120079,9.8493473344627e-08,2.76766660098402e-05,2.17290425843629e-05,"PLEKHO1/CFLAR/ITGB1/CD81/EHD1/MYH9/CAPN2/EHD2",8,"2"
"GO:0010810","regulation of cell-substrate adhesion","17/253","148/10170",0.114864864864865,4.61729516077342,7.08022132054988,1.44579873247782e-07,3.75017948147325e-05,2.94427839043055e-05,"VCL/ACTN4/SLK/LIMS1/ROCK2/ARPC2/RRAS/UNC13D/NEDD9/ACTG1/DUSP3/VEGFA/SPOCK2/FLNA/TACSTD2/CEACAM6/PHLDB2",17,"2"
"GO:0055001","muscle cell development","14/253","101/10170",0.138613861386139,5.57194849919775,7.37527254358744,1.80964927055994e-07,4.35866952880579e-05,3.42200595147236e-05,"PRKAR1A/LMNA/KRT8/ACTN4/CFLAR/CFL2/ITGB1/MEF2A/ACTG1/VEGFA/KRT19/CSRP1/CAV2/ANKRD1",14,"2"
"GO:0031589","cell-substrate adhesion","21/253","231/10170",0.0909090909090909,3.65432985986346,6.51776600819987,2.81765125302288e-07,6.33408001679542e-05,4.97290729919476e-05,"ITGAV/VCL/ACTN4/SLK/LIMS1/ROCK2/CTNNB1/ITGB1/ARPC2/RRAS/UNC13D/NEDD9/ACTG1/DUSP3/VEGFA/SPOCK2/FLNA/TACSTD2/CEACAM6/CTTN/PHLDB2",21,"2"
"GO:0002181","cytoplasmic translation","12/253","76/10170",0.157894736842105,6.34699396713127,7.47298426266654,3.27011384527852e-07,6.89176492892448e-05,5.41074757952334e-05,"CPEB4/EIF4A1/CSDE1/ETF1/YBX1/YBX3/UBA52/HNRNPD/PABPC1/FAU/EEF1D/EIF2S2",12,"2"
"GO:0060537","muscle tissue development","21/253","238/10170",0.0882352941176471,3.54684956986747,6.35013041664422,4.64408949181911e-07,9.2116880978906e-05,7.23212697952016e-05,"PRKAR1A/LMNA/YBX3/CFLAR/CFL2/CTNNB1/ITGB1/MEF2A/NUPR1/VEGFA/FLNB/MYL6/HOPX/NRG1/CSRP1/YAP1/GJA1/CAV2/TNNC1/BMP2/ANKRD1",21,"2"
"GO:0014706","striated muscle tissue development","20/253","223/10170",0.0896860986547085,3.60516847161417,6.28277365220492,6.79427536842933e-07,0.000127279425235243,9.99275003017531e-05,"PRKAR1A/LMNA/YBX3/CFLAR/CFL2/CTNNB1/ITGB1/MEF2A/NUPR1/VEGFA/FLNB/MYL6/HOPX/NRG1/YAP1/GJA1/CAV2/TNNC1/BMP2/ANKRD1",20,"2"
"GO:0006897","endocytosis","31/253","476/10170",0.0651260504201681,2.61791277775933,5.77452546991963,8.05474284863878e-07,0.000142950488871631,0.000112230904511504,"ITGAV/DPYSL2/CALM2/MYO1C/CAP1/LDLR/CLTC/CLTB/EZR/ARF6/RAB21/ACTB/ITGB1/CD81/MAPKAPK2/AP2B1/UNC13D/EHD1/RHOQ/ACTG1/VEGFA/MYH9/CAPN2/ABCA7/NRG1/CTTN/HSPG2/CAV2/APOC1/EHD2/SFTPA1",31,"2"
"GO:0000768","syncytium formation by plasma membrane fusion","8/253","33/10170",0.242424242424242,9.74487962630255,8.03646967189302,1.06392120730621e-06,0.000163070105047116,0.000128026882123212,"PLEKHO1/CFLAR/ITGB1/CD81/EHD1/MYH9/CAPN2/EHD2",8,"2"
"GO:0030866","cortical actin cytoskeleton organization","8/253","33/10170",0.242424242424242,9.74487962630255,8.03646967189302,1.06392120730621e-06,0.000163070105047116,0.000128026882123212,"EPB41L3/EZR/ARF6/ROCK2/IQGAP1/RHOQ/NCKAP1/EHD2",8,"2"
"GO:0140253","cell-cell fusion","8/253","33/10170",0.242424242424242,9.74487962630255,8.03646967189302,1.06392120730621e-06,0.000163070105047116,0.000128026882123212,"PLEKHO1/CFLAR/ITGB1/CD81/EHD1/MYH9/CAPN2/EHD2",8,"2"
"GO:0030155","regulation of cell adhesion","31/253","485/10170",0.0639175257731959,2.5693329530174,5.65646857380422,1.20261419401851e-06,0.000176313698357845,0.00013842447130236,"ITGAV/VCL/LGALS1/PRKAR1A/ACTN4/SLK/LIMS1/ACTB/ROCK2/CD81/PPP1CB/ARPC2/RGCC/RRAS/UNC13D/NEDD9/ACTG1/DUSP3/RDX/VEGFA/SPOCK2/FLNA/CEBPB/TACSTD2/SFN/NRG1/CEACAM6/HSPG2/PHLDB2/FSTL3/BMP2",31,"2"
"GO:0032970","regulation of actin filament-based process","21/253","254/10170",0.0826771653543307,3.32342597491519,5.98944618544424,1.35313873718244e-06,0.000190115992574133,0.00014926069842166,"CAPG/RHOBTB2/ARF6/ARPC5/ARPC5L/ROCK2/CFL2/ARPC2/RGCC/DSTN/NEDD9/RHOQ/ACTG1/RDX/MYH9/FLNA/NCKAP1/TACSTD2/CTTN/PHLDB2/TNNC1",21,"2"
"GO:1905475","regulation of protein localization to membrane","15/253","138/10170",0.108695652173913,4.36930744114109,6.36495958215014,1.62322317747858e-06,0.000213801865231352,0.00016785655586466,"MYO1C/EPB41L3/CLTC/EZR/STOM/ARF6/CHP1/ACTB/VAMP8/ITGB1/CD81/KIF5B/RHOQ/SFN/EGFR",15,"2"
"GO:0007517","muscle organ development","18/253","195/10170",0.0923076923076923,3.71055031924597,6.10418314225052,1.64853158244815e-06,0.000213801865231352,0.00016785655586466,"TAGLN/LMNA/YBX3/CFLAR/CFL2/CTNNB1/ITGB1/MEF2A/NUPR1/FLNB/MYL6/COPRS/NRG1/GJA1/CAV2/TNNC1/BMP2/ANKRD1",18,"2"
"GO:0006949","syncytium formation","8/253","35/10170",0.228571428571429,9.18802936194241,7.75016171603711,1.72742452495869e-06,0.000215736129561508,0.000169375153226944,"PLEKHO1/CFLAR/ITGB1/CD81/EHD1/MYH9/CAPN2/EHD2",8,"2"
"GO:0006898","receptor-mediated endocytosis","17/253","177/10170",0.096045197740113,3.86078917398004,6.13244653770237,1.86841710109937e-06,0.00022501080231811,0.000176656729671613,"ITGAV/CAP1/LDLR/CLTC/CLTB/EZR/ARF6/RAB21/ITGB1/CD81/AP2B1/VEGFA/NRG1/CTTN/HSPG2/CAV2/APOC1",17,"2"
"GO:1902946","protein localization to early endosome","5/253","10/10170",0.5,20.098814229249,9.65092138867085,2.08448853308567e-06,0.00024237570115741,0.00019028996953577,"EZR/ROCK2/MSN/RDX/VEGFA",5,"2"
"GO:0030865","cortical cytoskeleton organization","9/253","48/10170",0.1875,7.53705533596838,7.25068171331066,2.27380480318656e-06,0.000255575659878169,0.00020065330105313,"EPB41L3/EZR/RHOBTB2/ARF6/ROCK2/IQGAP1/RHOQ/NCKAP1/EHD2",9,"2"
"GO:0070527","platelet aggregation","9/253","49/10170",0.183673469387755,7.38323788013229,7.15379654408437,2.72556544804362e-06,0.000296463280175674,0.000232754307811019,"VCL/MYL12A/ACTB/GNAS/ACTG1/MYH9/FLNA/HSPB1/CSRP1",9,"2"
"GO:0072659","protein localization to plasma membrane","19/253","223/10170",0.0852017937219731,3.42491004803346,5.84805210286913,2.81341191151292e-06,0.000296463280175674,0.000232754307811019,"EPB41L3/CLTC/EZR/ARF6/MYL12A/ACTB/VAMP8/ROCK2/ITGB1/ATP1B3/CD81/EHD1/KIF5B/RHOQ/RDX/FLNA/SFN/EGFR/EHD2",19,"2"
"GO:0030855","epithelial cell differentiation","27/253","409/10170",0.0660146699266504,2.65363317452187,5.45208856000473,3.38902067901316e-06,0.000346296294837345,0.000271878373451933,"COL4A1/VCL/TAGLN/EZR/ATF4/ROCK2/CTNNB1/MSN/SPRED1/IQGAP1/RDX/VEGFA/FLNA/FLNB/CEBPB/RHEB/KRT19/SFN/FSTL1/SCEL/KRT7/CCND1/NRG1/KRT80/YAP1/GJA1/BMP2",27,"2"
"GO:0034109","homotypic cell-cell adhesion","10/253","64/10170",0.15625,6.28087944664032,6.76886451038289,3.53150526409394e-06,0.000350242227956611,0.000274976338674807,"VCL/MYL12A/ACTB/GNAS/ACTG1/RDX/MYH9/FLNA/HSPB1/CSRP1",10,"2"
"GO:1903829","positive regulation of protein localization","25/253","363/10170",0.068870523415978,2.76843171201777,5.48002761135784,3.78733459112241e-06,0.000364882635464707,0.000286470571328507,"MYO1C/PTGS2/PRKAR1A/EZR/STOM/ARF6/CHP1/ROCK2/ITGB1/CD81/MSN/TOMM7/RTN4/KIF5B/OAZ1/NEDD9/RDX/VEGFA/UBL5/FLNA/ABCA7/SFN/EGFR/YAP1/ANKRD1",25,"2"
"GO:0032956","regulation of actin cytoskeleton organization","19/253","231/10170",0.0822510822510823,3.30629844463837,5.6631671272392,4.73138996411207e-06,0.000443173526638497,0.000347937010518768,"CAPG/RHOBTB2/ARF6/ARPC5/ARPC5L/ROCK2/CFL2/ARPC2/RGCC/DSTN/NEDD9/RHOQ/ACTG1/RDX/FLNA/NCKAP1/TACSTD2/CTTN/PHLDB2",19,"2"
"GO:0150115","cell-substrate junction organization","11/253","82/10170",0.134146341463415,5.39236479321315,6.37840393287123,5.34211517966071e-06,0.000486854388805836,0.000382231000763775,"VCL/SLK/ARF6/LIMS1/ROCK2/DST/ACTG1/DUSP3/VEGFA/CTTN/PHLDB2",11,"2"
"GO:0042060","wound healing","21/253","279/10170",0.0752688172043011,3.0256279484891,5.47962588908501,6.02464412846017e-06,0.000504861262129141,0.000396368256931632,"ITGAV/VCL/GNAQ/MYL12A/CFLAR/ACTB/MYOF/ITGB1/DST/GNAS/ANXA5/ACTG1/VEGFA/MYH9/PABPC4/FLNA/HSPB1/NRG1/CSRP1/YAP1/PHLDB2",21,"2"
"GO:0072657","protein localization to membrane","28/253","447/10170",0.0626398210290828,2.51797225243388,5.24235804577741,6.05212521828694e-06,0.000504861262129141,0.000396368256931632,"MYO1C/SEC61G/TIMM8B/EPB41L3/CLTC/EZR/TM9SF3/STOM/ARF6/CHP1/MYL12A/ACTB/TRAM1/VAMP8/ROCK2/ITGB1/ATP1B3/CD81/TOMM7/EHD1/RAB32/KIF5B/RHOQ/RDX/FLNA/SFN/EGFR/EHD2",28,"2"
"GO:1901739","regulation of myoblast fusion","5/253","12/10170",0.416666666666667,16.7490118577075,8.71864623849743,6.28830753541634e-06,0.000504861262129141,0.000396368256931632,"PLEKHO1/CFLAR/EHD1/CAPN2/EHD2",5,"2"
"GO:1905668","positive regulation of protein localization to endosome","5/253","12/10170",0.416666666666667,16.7490118577075,8.71864623849743,6.28830753541634e-06,0.000504861262129141,0.000396368256931632,"EZR/ROCK2/MSN/RDX/VEGFA",5,"2"
"GO:2000767","positive regulation of cytoplasmic translation","5/253","12/10170",0.416666666666667,16.7490118577075,8.71864623849743,6.28830753541634e-06,0.000504861262129141,0.000396368256931632,"CSDE1/YBX1/YBX3/HNRNPD/PABPC1",5,"2"
"GO:0035633","maintenance of blood-brain barrier","7/253","30/10170",0.233333333333333,9.37944664031621,7.34118582313691,6.77125343824443e-06,0.000519347913263852,0.000407741774944929,"VCL/PTGS2/ACTB/ITGB1/ACTG1/VEGFA/GJA1",7,"2"
"GO:0090066","regulation of anatomical structure size","22/253","304/10170",0.0723684210526316,2.90903890160183,5.39747006339767,6.77678178636105e-06,0.000519347913263852,0.000407741774944929,"PTGS2/CAPG/EZR/ARF6/RAB21/ARHGAP5/EIF4G2/ARPC5/ARPC5L/ROCK2/CFL2/ITGB1/MSN/ARPC2/RTN4/DSTN/RDX/VEGFA/NCKAP1/MAP2/EGFR/CTTN",22,"2"
"GO:0019646","aerobic electron transport chain","10/253","69/10170",0.144927536231884,5.82574325485479,6.42415187665698,7.10752216208656e-06,0.000532590327345687,0.000418138438307549,"NDUFS6/COX7A2/COX7B/COX7C/NDUFC2/NDUFB8/UQCRH/UQCRB/NDUFB7/NDUFB1",10,"2"
"GO:0150116","regulation of cell-substrate junction organization","9/253","55/10170",0.163636363636364,6.57779374775422,6.62475894123844,7.40536072140526e-06,0.000542845138099534,0.000426189524355475,"VCL/SLK/ARF6/LIMS1/ROCK2/ACTG1/DUSP3/VEGFA/PHLDB2",9,"2"
"GO:0006119","oxidative phosphorylation","12/253","102/10170",0.117647058823529,4.7291327598233,6.04568555195178,8.02896701173736e-06,0.000576035675820817,0.000452247525969081,"NDUFS6/COX7A2/COX7B/COX7C/NDUFC2/NDUFB8/UQCRH/UQCRB/NUPR1/NDUFB7/NDUFB1/ATP5F1EP2",12,"2"
"GO:1905666","regulation of protein localization to endosome","5/253","13/10170",0.384615384615385,15.4606263301915,8.33269108053508,1.00114973888274e-05,0.000703307691565127,0.000552169209054846,"EZR/ROCK2/MSN/RDX/VEGFA",5,"2"
"GO:0034330","cell junction organization","29/253","487/10170",0.0595482546201232,2.39369861457175,5.03428282695788,1.0864755174813e-05,0.000741631615632767,0.000582257449371421,"COL4A1/VCL/MYO1C/CAP1/EPB41L3/EZR/SLK/ARF6/LIMS1/ACTB/ROCK2/CTNNB1/ITGB1/DST/NEDD8/RTN4/KIF5B/NEDD9/ACTG1/DUSP3/RDX/VEGFA/SPOCK2/FLNA/CFL1/HOPX/CTTN/GJA1/PHLDB2",29,"2"
"GO:0110053","regulation of actin filament organization","16/253","181/10170",0.0883977900552486,3.5533815211932,5.53609099129639,1.09969100775914e-05,0.000741631615632767,0.000582257449371421,"CAPG/ARF6/ARPC5/ARPC5L/ROCK2/CFL2/ARPC2/RGCC/DSTN/ACTG1/RDX/FLNA/NCKAP1/TACSTD2/CTTN/PHLDB2",16,"2"
"GO:0036294","cellular response to decreased oxygen levels","12/253","106/10170",0.113207547169811,4.55067491982996,5.86931960131179,1.1976871101487e-05,0.00079188253635714,0.000621709614452833,"CPEB4/NDRG1/PTGS2/ENO1/LMNA/ATF4/CFLAR/ROCK2/DDAH1/RGCC/RTN4/VEGFA",12,"2"
"GO:0002064","epithelial cell development","14/253","144/10170",0.0972222222222222,3.90810276679842,5.61353420322654,1.34008209211093e-05,0.00086899169511501,0.000682248271590888,"VCL/EZR/ATF4/ROCK2/MSN/IQGAP1/RDX/VEGFA/FLNA/FLNB/RHEB/SFN/YAP1/GJA1",14,"2"
"GO:0032388","positive regulation of intracellular transport","12/253","108/10170",0.111111111111111,4.46640316205534,5.78439605266262,1.45224608958568e-05,0.00092395732341187,0.00072540196927666,"PTGS2/EZR/RAB21/CD81/MSN/EHD1/OAZ1/RDX/FLNA/SFN/MAP2/EHD2",12,"2"
"GO:0007044","cell-substrate junction assembly","10/253","75/10170",0.133333333333333,5.3596837944664,6.05259603430776,1.52001810601453e-05,0.000949166861755742,0.000745194061720576,"VCL/SLK/LIMS1/ROCK2/DST/ACTG1/DUSP3/VEGFA/CTTN/PHLDB2",10,"2"
"GO:0036010","protein localization to endosome","6/253","23/10170",0.260869565217391,10.4863378587386,7.27449590230766,1.57995443114696e-05,0.000968655698514097,0.000760494812312841,"EZR/ARF6/ROCK2/MSN/RDX/VEGFA",6,"2"
"GO:0042773","ATP synthesis coupled electron transport","10/253","76/10170",0.131578947368421,5.28916163927606,5.99455275756366,1.71255787743809e-05,0.00101311318644232,0.00079539853402711,"NDUFS6/COX7A2/COX7B/COX7C/NDUFC2/NDUFB8/UQCRH/UQCRB/NDUFB7/NDUFB1",10,"2"
"GO:0042775","mitochondrial ATP synthesis coupled electron transport","10/253","76/10170",0.131578947368421,5.28916163927606,5.99455275756366,1.71255787743809e-05,0.00101311318644232,0.00079539853402711,"NDUFS6/COX7A2/COX7B/COX7C/NDUFC2/NDUFB8/UQCRH/UQCRB/NDUFB7/NDUFB1",10,"2"
"GO:0007160","cell-matrix adhesion","14/253","149/10170",0.0939597315436242,3.77695837865082,5.45401340876529,1.97901333779277e-05,0.00115055740948918,0.000903306450916302,"ITGAV/VCL/SLK/LIMS1/ROCK2/CTNNB1/ITGB1/RRAS/ACTG1/DUSP3/VEGFA/CEACAM6/CTTN/PHLDB2",14,"2"
"GO:0051014","actin filament severing","5/253","15/10170",0.333333333333333,13.399209486166,7.67553914317082,2.24240434306448e-05,0.00128159109234126,0.00100618143136613,"CAPG/CFL2/DSTN/MYH9/CFL1",5,"2"
"GO:0045216","cell-cell junction organization","13/253","132/10170",0.0984848484848485,3.95885734818541,5.46508127614931,2.38045133597538e-05,0.00133781365081816,0.00105032194911896,"VCL/MYO1C/EPB41L3/LIMS1/ACTB/ROCK2/CTNNB1/ACTG1/RDX/VEGFA/FLNA/HOPX/GJA1",13,"2"
"GO:0045596","negative regulation of cell differentiation","24/253","379/10170",0.0633245382585752,2.54549626122415,4.89759947973674,2.4316775485134e-05,0.00134419945796511,0.00105533546756017,"ITGAV/LGALS1/DDIT3/LDLR/YBX1/DYNLT1/ACTB/YWHAH/CTNNB1/ITGB1/NFATC3/SPRED1/TMSB4X/INSIG1/QKI/RTN4/VEGFA/HOPX/MAP2/CCND1/EGFR/YAP1/FSTL3/BMP2",24,"2"
"GO:0032535","regulation of cellular component size","18/253","237/10170",0.0759493670886076,3.05298443988593,5.10774068749954,2.51359000466511e-05,0.00136706862834367,0.00107329012932644,"CAPG/EZR/ARF6/RAB21/ARHGAP5/EIF4G2/ARPC5/ARPC5L/CFL2/MSN/ARPC2/RTN4/DSTN/RDX/VEGFA/NCKAP1/MAP2/CTTN",18,"2"
"GO:0001944","vasculature development","27/253","457/10170",0.0590809628008753,2.37491459163993,4.80359467101477,2.56538097426752e-05,0.001373089626227,0.0010780172348008,"COL4A1/ITGAV/PTGS2/DDIT3/LDLR/CFLAR/ROCK2/DDAH1/CTNNB1/ITGB1/NFATC3/SPRED1/RGCC/AP2B1/RRAS/QKI/RTN4/ACTG1/VEGFA/MYH9/FLNA/HSPB1/YAP1/HSPG2/GJA1/COL4A2/BMP2",27,"2"
"GO:0006754","ATP biosynthetic process","9/253","64/10170",0.140625,5.65279150197628,5.96380121723378,2.63901970730445e-05,0.00139043350828603,0.00109163397432084,"ENO1/NDUFS6/NDUFC2/NDUFB8/TMSB4X/NDUFB7/NDUFB1/ATP5MK/ATP5F1EP2",9,"2"
"GO:0001568","blood vessel development","26/253","433/10170",0.0600461893764434,2.41371441090288,4.80178019332197,2.76928955691318e-05,0.00143622876855304,0.00112758798555001,"COL4A1/ITGAV/PTGS2/DDIT3/LDLR/CFLAR/ROCK2/DDAH1/CTNNB1/ITGB1/NFATC3/SPRED1/RGCC/AP2B1/RRAS/QKI/RTN4/ACTG1/VEGFA/MYH9/FLNA/HSPB1/YAP1/HSPG2/GJA1/COL4A2",26,"2"
"GO:0051893","regulation of focal adhesion assembly","8/253","50/10170",0.16,6.43162055335968,6.14940924714034,2.85371671094465e-05,0.00143622876855304,0.00112758798555001,"VCL/SLK/LIMS1/ROCK2/ACTG1/DUSP3/VEGFA/PHLDB2",8,"2"
"GO:0090109","regulation of cell-substrate junction assembly","8/253","50/10170",0.16,6.43162055335968,6.14940924714034,2.85371671094465e-05,0.00143622876855304,0.00112758798555001,"VCL/SLK/LIMS1/ROCK2/ACTG1/DUSP3/VEGFA/PHLDB2",8,"2"
"GO:0071229","cellular response to acid chemical","9/253","65/10170",0.138461538461538,5.56582547886896,5.8981668555614,2.99752168766598e-05,0.00144702464434078,0.00113606386355655,"COL4A1/CPEB4/PTGS2/HNRNPD/RBX1/VEGFA/CAPN2/CEBPB/EGFR",9,"2"
"GO:1990778","protein localization to cell periphery","19/253","263/10170",0.0722433460076046,2.9040111814124,4.99672576641387,3.0033281779375e-05,0.00144702464434078,0.00113606386355655,"EPB41L3/CLTC/EZR/ARF6/MYL12A/ACTB/VAMP8/ROCK2/ITGB1/ATP1B3/CD81/EHD1/KIF5B/RHOQ/RDX/FLNA/SFN/EGFR/EHD2",19,"2"
"GO:0071453","cellular response to oxygen levels","12/253","116/10170",0.103448275862069,4.15837535777566,5.46427470365095,3.00390643842986e-05,0.00144702464434078,0.00113606386355655,"CPEB4/NDRG1/PTGS2/ENO1/LMNA/ATF4/CFLAR/ROCK2/DDAH1/RGCC/RTN4/VEGFA",12,"2"
"GO:0060142","regulation of syncytium formation by plasma membrane fusion","5/253","16/10170",0.3125,12.5617588932806,7.39221428802845,3.19571083766245e-05,0.0015017976882302,0.00117906636258317,"PLEKHO1/CFLAR/EHD1/CAPN2/EHD2",5,"2"
"GO:0050878","regulation of body fluid levels","17/253","219/10170",0.0776255707762557,3.12036385294277,5.06650311369292,3.20668545529579e-05,0.0015017976882302,0.00117906636258317,"VCL/GNAQ/MYL12A/ACTB/VAMP8/GNAS/ANXA5/ACTG1/VEGFA/MYH9/PABPC4/FLNA/HSPB1/CCND1/EGFR/CSRP1/GJA1",17,"2"
"GO:0071456","cellular response to hypoxia","11/253","99/10170",0.111111111111111,4.46640316205534,5.53566243740591,3.31277324070715e-05,0.00152245769656527,0.00119528660387765,"NDRG1/PTGS2/ENO1/LMNA/ATF4/CFLAR/ROCK2/DDAH1/RGCC/RTN4/VEGFA",11,"2"
"GO:0030168","platelet activation","10/253","82/10170",0.121951219512195,4.90214981201195,5.66653474366421,3.36755884947023e-05,0.00152245769656527,0.00119528660387765,"VCL/GNAQ/MYL12A/ACTB/GNAS/ACTG1/MYH9/FLNA/HSPB1/CSRP1",10,"2"
"GO:0048041","focal adhesion assembly","9/253","66/10170",0.136363636363636,5.48149478979518,5.83387907077893,3.39646822593074e-05,0.00152245769656527,0.00119528660387765,"VCL/SLK/LIMS1/ROCK2/ACTG1/DUSP3/VEGFA/CTTN/PHLDB2",9,"2"
"GO:0001701","in utero embryonic development","20/253","289/10170",0.069204152249135,2.78184279989606,4.90825464045381,3.43139931610204e-05,0.00152245769656527,0.00119528660387765,"MBNL1/KRT8/YBX1/YBX3/CTNNB1/ITGB1/RTN4/EIF2S2/VEGFA/MYH9/CAPN2/CEBPB/KRT19/NXN/HOPX/TM4SF1/EGFR/YAP1/GJA1/BMP2",20,"2"
"GO:1902903","regulation of supramolecular fiber organization","19/253","266/10170",0.0714285714285714,2.871259175607,4.93945090307713,3.51203966005019e-05,0.00153799970567393,0.00120748868694822,"CAPG/LDLR/ARF6/ARPC5/ARPC5L/ROCK2/CFL2/ARPC2/RGCC/DSTN/ACTG1/RDX/FLNA/NCKAP1/TACSTD2/MAP2/CTTN/HSPG2/PHLDB2",19,"2"
"GO:0034329","cell junction assembly","20/253","292/10170",0.0684931506849315,2.7532622231848,4.85526588478625,3.97424590027323e-05,0.00170655419722848,0.00133982137916889,"VCL/MYO1C/EPB41L3/SLK/ARF6/LIMS1/ACTB/ROCK2/CTNNB1/DST/NEDD8/RTN4/ACTG1/DUSP3/VEGFA/SPOCK2/HOPX/CTTN/GJA1/PHLDB2",20,"2"
"GO:0008360","regulation of cell shape","11/253","101/10170",0.108910891089109,4.37795953508394,5.44918041330203,3.99815485115806e-05,0.00170655419722848,0.00133982137916889,"EPB41L3/PLEKHO1/EZR/RHOBTB2/MYL12B/MYL12A/MSN/RHOQ/RDX/VEGFA/MYH9",11,"2"
"GO:2000765","regulation of cytoplasmic translation","6/253","27/10170",0.222222222222222,8.93280632411067,6.59226638442438,4.26134226367611e-05,0.00179615576413948,0.00141016786751913,"CPEB4/CSDE1/YBX1/YBX3/HNRNPD/PABPC1",6,"2"
"GO:0014902","myotube differentiation","9/253","68/10170",0.132352941176471,5.32027435480121,5.70914836201618,4.33040887743716e-05,0.00180273317712569,0.00141533181634236,"PLEKHO1/CFLAR/ITGB1/CD81/EHD1/MYH9/CAPN2/CAV2/EHD2",9,"2"
"GO:0001570","vasculogenesis","8/253","53/10170",0.150943396226415,6.06756655977329,5.90773150265571,4.41731312841352e-05,0.00181648534987932,0.00142612869293453,"ITGAV/CTNNB1/SPRED1/RRAS/QKI/RTN4/VEGFA/YAP1",8,"2"
"GO:0030856","regulation of epithelial cell differentiation","10/253","85/10170",0.117647058823529,4.7291327598233,5.51427707260962,4.61413229879253e-05,0.00187456073632872,0.00147172387209426,"VCL/ROCK2/CTNNB1/SPRED1/VEGFA/CEBPB/SFN/CCND1/YAP1/BMP2",10,"2"
"GO:0034764","positive regulation of transmembrane transport","11/253","103/10170",0.106796116504854,4.2929506120726,5.36491719059387,4.80232445707588e-05,0.00192779024634046,0.00151351453753707,"CALM2/ACTN4/CHP1/SLC38A1/ITGB1/ATP1B3/MEF2A/COX17/TMSB4X/RHOQ/FLNA",11,"2"
"GO:0051493","regulation of cytoskeleton organization","23/253","371/10170",0.0619946091644205,2.49203626562117,4.67610961254644,5.02936635636384e-05,0.00197799402593655,0.00155292969196179,"CAPG/CLTC/RHOBTB2/ARF6/ARPC5/ARPC5L/ROCK2/CFL2/NEXN/ARPC2/RGCC/DSTN/NEDD9/RHOQ/ACTG1/RDX/CAPN2/FLNA/NCKAP1/TACSTD2/MAP2/CTTN/PHLDB2",23,"2"
"GO:1901888","regulation of cell junction assembly","14/253","162/10170",0.0864197530864197,3.47386912604304,5.06955462734838,5.04470599734706e-05,0.00197799402593655,0.00155292969196179,"VCL/MYO1C/SLK/ARF6/LIMS1/ROCK2/CTNNB1/NEDD8/RTN4/ACTG1/DUSP3/VEGFA/HOPX/PHLDB2",14,"2"
"GO:0001952","regulation of cell-matrix adhesion","10/253","86/10170",0.116279069767442,4.6741428440114,5.46509947891233,5.10876508053523e-05,0.00198008687949021,0.00155457279825119,"VCL/SLK/LIMS1/ROCK2/RRAS/ACTG1/DUSP3/VEGFA/CEACAM6/PHLDB2",10,"2"
"GO:0048514","blood vessel morphogenesis","23/253","372/10170",0.0618279569892473,2.48533724340176,4.66162195740939,5.24280386895201e-05,0.0020089471188757,0.00157723106823138,"COL4A1/ITGAV/PTGS2/LDLR/ROCK2/DDAH1/CTNNB1/ITGB1/NFATC3/SPRED1/RGCC/RRAS/QKI/RTN4/ACTG1/VEGFA/MYH9/FLNA/HSPB1/YAP1/HSPG2/GJA1/COL4A2",23,"2"
"GO:0006412","translation","25/253","424/10170",0.0589622641509434,2.37014318741144,4.60304168717868,5.3656219662307e-05,0.00203290755844156,0.00159604248906803,"CPEB4/EIF1AX/EIF1/EIF4A1/CSDE1/EEF1A1/ETF1/EIF4EBP1/EIF4G2/ATF4/YBX1/YBX3/UBA52/RBM3/HNRNPD/PABPC1/FAU/DDX3X/QKI/EEF1B2/EEF1D/EIF2S2/PABPC4/HSPB1/EGFR",25,"2"
"GO:1905477","positive regulation of protein localization to membrane","9/253","70/10170",0.128571428571429,5.1682665160926,5.58924362867866,5.47267669672722e-05,0.00205042953570713,0.00160979905172736,"MYO1C/EZR/STOM/ARF6/CHP1/ITGB1/CD81/KIF5B/EGFR",9,"2"
"GO:0007163","establishment or maintenance of cell polarity","14/253","164/10170",0.0853658536585366,3.43150486840837,5.01390436338563,5.77292071987047e-05,0.00213915260081354,0.00167945582538742,"CAP1/LMNA/RHOBTB2/ARF6/DYNLT1/ACTB/ROCK2/ITGB1/MSN/DST/RHOQ/MYH9/GJA1/PHLDB2",14,"2"
"GO:1903076","regulation of protein localization to plasma membrane","10/253","88/10170",0.113636363636364,4.56791232482932,5.36897511432377,6.23474929740716e-05,0.0022726609852416,0.00178427370227965,"CLTC/EZR/ARF6/ACTB/VAMP8/ITGB1/KIF5B/RHOQ/SFN/EGFR",10,"2"
"GO:1990138","neuron projection extension","11/253","106/10170",0.10377358490566,4.17145200984413,5.24245836813731,6.26801517281937e-05,0.0022726609852416,0.00178427370227965,"VCL/RAB21/ALCAM/EIF4G2/CTNNB1/ITGB1/IQGAP1/RTN4/VEGFA/MAP2/CTTN",11,"2"
"GO:0009206","purine ribonucleoside triphosphate biosynthetic process","9/253","72/10170",0.125,5.02470355731225,5.47383484998108,6.85915357587969e-05,0.00243944663614146,0.00191521767181612,"ENO1/NDUFS6/NDUFC2/NDUFB8/TMSB4X/NDUFB7/NDUFB1/ATP5MK/ATP5F1EP2",9,"2"
"GO:0046718","symbiont entry into host cell","10/253","89/10170",0.112359550561798,4.51658746724697,5.32198746823871,6.87269959767019e-05,0.00243944663614146,0.00191521767181612,"ITGAV/LGALS1/LDLR/DYNLT1/VAMP8/ITGB1/CD81/MYH9/EGFR/CAV2",10,"2"
"GO:0001101","response to acid chemical","10/253","90/10170",0.111111111111111,4.46640316205534,5.27569024356999,7.56531168948264e-05,0.00262992072339541,0.00206475951156254,"COL4A1/CPEB4/PTGS2/KRT8/HNRNPD/RBX1/VEGFA/CAPN2/CEBPB/EGFR",10,"2"
"GO:0022904","respiratory electron transport chain","10/253","90/10170",0.111111111111111,4.46640316205534,5.27569024356999,7.56531168948264e-05,0.00262992072339541,0.00206475951156254,"NDUFS6/COX7A2/COX7B/COX7C/NDUFC2/NDUFB8/UQCRH/UQCRB/NDUFB7/NDUFB1",10,"2"
"GO:0009145","purine nucleoside triphosphate biosynthetic process","9/253","73/10170",0.123287671232877,4.95587200173263,5.41772192739391,7.65635803534337e-05,0.00263441217297733,0.00206828576357557,"ENO1/NDUFS6/NDUFC2/NDUFB8/TMSB4X/NDUFB7/NDUFB1/ATP5MK/ATP5F1EP2",9,"2"
"GO:0048738","cardiac muscle tissue development","12/253","128/10170",0.09375,3.76852766798419,5.03446089739145,7.96005773723125e-05,0.00269826932889083,0.00211842022918163,"PRKAR1A/LMNA/ITGB1/MEF2A/VEGFA/HOPX/NRG1/YAP1/GJA1/TNNC1/BMP2/ANKRD1",12,"2"
"GO:0031952","regulation of protein autophosphorylation","5/253","19/10170",0.263157894736842,10.5783232785521,6.67453638808764,8.00198496112345e-05,0.00269826932889083,0.00211842022918163,"CALM2/CHP1/DDX3X/VEGFA/NRG1",5,"2"
"GO:0032386","regulation of intracellular transport","16/253","213/10170",0.0751173708920188,3.01954016589657,4.75759282921021,8.12622794270852e-05,0.002713033725031,0.00213001180572297,"PTGS2/EZR/CHP1/RAB21/CD81/MSN/IFI27/INSIG1/EHD1/OAZ1/RDX/FLNA/SFN/MAP2/TNNC1/EHD2",16,"2"
"GO:0120039","plasma membrane bounded cell projection morphogenesis","23/253","385/10170",0.0597402597402597,2.40141676505313,4.4774060939293,8.8588231076402e-05,0.00292862269793753,0.00229927142577039,"VCL/EPB41L3/PLEKHO1/RAB21/ALCAM/EIF4G2/ACTB/YWHAH/NEXN/CTNNB1/ITGB1/MEF2A/PPP1R12C/IQGAP1/RTN4/KIF5B/ACTG1/VEGFA/CFL1/NCKAP1/MAP2/EGFR/CTTN",23,"2"
"GO:0050767","regulation of neurogenesis","16/253","215/10170",0.0744186046511628,2.99145142016729,4.71386935669413,9.07752574407518e-05,0.00296012321769241,0.00232400258865468,"LDLR/RAB21/EIF4G2/DYNLT1/YWHAH/CTNNB1/ITGB1/QKI/RTN4/NAP1L1/VEGFA/RHEB/MAP2/EGFR/YAP1/BMP2",16,"2"
"GO:0044409","symbiont entry into host","10/253","92/10170",0.108695652173913,4.36930744114109,5.18509365778099,9.1296801494665e-05,0.00296012321769241,0.00232400258865468,"ITGAV/LGALS1/LDLR/DYNLT1/VAMP8/ITGB1/CD81/MYH9/EGFR/CAV2",10,"2"
"GO:2001234","negative regulation of apoptotic signaling pathway","14/253","172/10170",0.0813953488372093,3.27189999080798,4.79961160418898,9.68448291340476e-05,0.00309122336280677,0.00242692974884779,"ITGAV/PTGS2/ENO1/LMNA/ATF4/YBX3/CFLAR/CTNNB1/DDX3X/TPT1/HSPB1/NRG1/YAP1/CTTN",14,"2"
"GO:0071230","cellular response to amino acid stimulus","8/253","59/10170",0.135593220338983,5.4505258926777,5.47582437091904,9.71736881546612e-05,0.00309122336280677,0.00242692974884779,"COL4A1/CPEB4/PTGS2/HNRNPD/RBX1/CAPN2/CEBPB/EGFR",8,"2"
"GO:0009611","response to wounding","22/253","362/10170",0.0607734806629834,2.44294979582032,4.46503127662137,9.86469527561507e-05,0.00310876191302561,0.00244069932298789,"ITGAV/VCL/DDIT3/GNAQ/MYL12A/CFLAR/ACTB/MYOF/ITGB1/DST/GNAS/ANXA5/ACTG1/VEGFA/MYH9/PABPC4/FLNA/HSPB1/NRG1/CSRP1/YAP1/PHLDB2",22,"2"
"GO:0048858","cell projection morphogenesis","23/253","388/10170",0.0592783505154639,2.38284910965323,4.43594400703819,9.95860654940369e-05,0.0031092982670916,0.00244112041634993,"VCL/EPB41L3/PLEKHO1/RAB21/ALCAM/EIF4G2/ACTB/YWHAH/NEXN/CTNNB1/ITGB1/MEF2A/PPP1R12C/IQGAP1/RTN4/KIF5B/ACTG1/VEGFA/CFL1/NCKAP1/MAP2/EGFR/CTTN",23,"2"
"GO:0045446","endothelial cell differentiation","9/253","76/10170",0.118421052631579,4.76024547534845,5.25533700501222,0.000105301444880512,0.00325758231318427,0.00255753871438423,"VCL/EZR/ROCK2/CTNNB1/MSN/RDX/VEGFA/FSTL1/NRG1",9,"2"
"GO:2000147","positive regulation of cell motility","22/253","366/10170",0.0601092896174863,2.41625089094797,4.40745934629964,0.000115760566526046,0.00354484312133826,0.00278306813078783,"ITGAV/MYO1C/PTGS2/PHPT1/ACTN4/ARF6/ARHGAP5/ROCK2/ITGB1/RRAS/TMSB4X/RTN4/NEDD9/ACTG1/RDX/VEGFA/SPOCK2/FLNA/HSPB1/CEACAM6/EGFR/BMP2",22,"2"
"GO:0048675","axon extension","9/253","77/10170",0.116883116883117,4.69842410553873,5.20308792189607,0.000116689675702416,0.00354484312133826,0.00278306813078783,"VCL/RAB21/ALCAM/EIF4G2/ITGB1/RTN4/VEGFA/MAP2/CTTN",9,"2"
"GO:0048729","tissue morphogenesis","22/253","367/10170",0.0599455040871935,2.40966710105438,4.3931832865508,0.000120431344660628,0.00362584369817533,0.00284666195320939,"COL4A1/ITGAV/VCL/PRKAR1A/CTSZ/ACTB/CTNNB1/ITGB1/MSN/ACTG1/VEGFA/FLNA/TACSTD2/NRG1/EGFR/YAP1/GJA1/PHLDB2/TNNC1/BMP2/IRX2/ANKRD1",22,"2"
"GO:0048255","mRNA stabilization","7/253","46/10170",0.152173913043478,6.11703041759753,5.55558854571874,0.000126768855016755,0.00378287238156193,0.0029699456950828,"CSDE1/YBX1/YBX3/HNRNPD/PABPC1/MAPKAPK2/QKI",7,"2"
"GO:0009201","ribonucleoside triphosphate biosynthetic process","9/253","78/10170",0.115384615384615,4.63818789905746,5.15172928027781,0.000129091048404547,0.00378517404539245,0.00297175273901542,"ENO1/NDUFS6/NDUFC2/NDUFB8/TMSB4X/NDUFB7/NDUFB1/ATP5MK/ATP5F1EP2",9,"2"
"GO:0022898","regulation of transmembrane transporter activity","9/253","78/10170",0.115384615384615,4.63818789905746,5.15172928027781,0.000129091048404547,0.00378517404539245,0.00297175273901542,"CALM2/ACTN4/CHP1/ACTB/YWHAH/ITGB1/ATP1B3/COX17/TMSB4X",9,"2"
"GO:0030857","negative regulation of epithelial cell differentiation","5/253","21/10170",0.238095238095238,9.57086391869001,6.27959808763332,0.000134441142735964,0.00390416276707123,0.00306517118036591,"CTNNB1/SPRED1/VEGFA/CCND1/YAP1",5,"2"
"GO:0040017","positive regulation of locomotion","22/253","370/10170",0.0594594594594595,2.39012925969448,4.35063086299447,0.000135464722344998,0.00390416276707123,0.00306517118036591,"ITGAV/MYO1C/PTGS2/PHPT1/ACTN4/ARF6/ARHGAP5/ROCK2/ITGB1/RRAS/TMSB4X/RTN4/NEDD9/ACTG1/RDX/VEGFA/SPOCK2/FLNA/HSPB1/CEACAM6/EGFR/BMP2",22,"2"
"GO:0032414","positive regulation of ion transmembrane transporter activity","6/253","33/10170",0.181818181818182,7.30865971972691,5.79760438958893,0.000140687114079525,0.00399068185433666,0.0031330976036888,"CALM2/ACTN4/CHP1/ATP1B3/COX17/TMSB4X",6,"2"
"GO:0048812","neuron projection morphogenesis","22/253","371/10170",0.0592991913746631,2.38368686276808,4.33653764913703,0.000140833671609152,0.00399068185433666,0.0031330976036888,"VCL/EPB41L3/RAB21/ALCAM/EIF4G2/ACTB/YWHAH/NEXN/CTNNB1/ITGB1/MEF2A/PPP1R12C/IQGAP1/RTN4/KIF5B/ACTG1/VEGFA/CFL1/NCKAP1/MAP2/EGFR/CTTN",22,"2"
"GO:1900024","regulation of substrate adhesion-dependent cell spreading","7/253","47/10170",0.148936170212766,5.98688083424439,5.47308923011006,0.000145833630918866,0.00409792502882013,0.00321729457685042,"ACTN4/LIMS1/ARPC2/UNC13D/NEDD9/FLNA/TACSTD2",7,"2"
"GO:1904375","regulation of protein localization to cell periphery","11/253","117/10170",0.094017094017094,3.77926421404682,4.82929964119247,0.000153804243338013,0.00428618106227918,0.00336509501518141,"EPB41L3/CLTC/EZR/ARF6/ACTB/VAMP8/ITGB1/KIF5B/RHOQ/SFN/EGFR",11,"2"
"GO:0022900","electron transport chain","10/253","98/10170",0.102040816326531,4.10179882229572,4.92808322657654,0.000155637471240507,0.00430171764772941,0.00337729284011971,"NDUFS6/COX7A2/COX7B/COX7C/NDUFC2/NDUFB8/UQCRH/UQCRB/NDUFB7/NDUFB1",10,"2"
"GO:0015986","proton motive force-driven ATP synthesis","7/253","48/10170",0.145833333333333,5.86215415019763,5.39293770241782,0.000167157279804649,0.00458255567074208,0.00359777970653566,"NDUFS6/NDUFC2/NDUFB8/NDUFB7/NDUFB1/ATP5MK/ATP5F1EP2",7,"2"
"GO:2000179","positive regulation of neural precursor cell proliferation","5/253","22/10170",0.227272727272727,9.13582464965864,6.10143400963392,0.000170475350230629,0.00463582968530389,0.00363960531264883,"CTNNB1/ITGB1/NAP1L1/VEGFA/FLNA",5,"2"
"GO:1902369","negative regulation of RNA catabolic process","8/253","65/10170",0.123076923076923,4.9474004256613,5.09928083410492,0.000194520309495656,0.00523492201076958,0.00410995469098005,"CSDE1/YBX1/YBX3/HNRNPD/PABPC1/MAPKAPK2/QKI/SLIRP",8,"2"
"GO:0008064","regulation of actin polymerization or depolymerization","10/253","101/10170",0.099009900990099,3.97996321371268,4.8071497032069,0.000200024779838907,0.00523492201076958,0.00410995469098005,"CAPG/ARF6/ARPC5/ARPC5L/CFL2/ARPC2/DSTN/RDX/NCKAP1/CTTN",10,"2"
"GO:0030832","regulation of actin filament length","10/253","101/10170",0.099009900990099,3.97996321371268,4.8071497032069,0.000200024779838907,0.00523492201076958,0.00410995469098005,"CAPG/ARF6/ARPC5/ARPC5L/CFL2/ARPC2/DSTN/RDX/NCKAP1/CTTN",10,"2"
"GO:0007596","blood coagulation","12/253","141/10170",0.0851063829787234,3.42107476242536,4.62379071890712,0.000200918808203469,0.00523492201076958,0.00410995469098005,"VCL/GNAQ/MYL12A/ACTB/GNAS/ANXA5/ACTG1/MYH9/PABPC4/FLNA/HSPB1/CSRP1",12,"2"
"GO:0009060","aerobic respiration","12/253","141/10170",0.0851063829787234,3.42107476242536,4.62379071890712,0.000200918808203469,0.00523492201076958,0.00410995469098005,"NDUFS6/COX7A2/COX7B/COX7C/NDUFC2/NDUFB8/UQCRH/UQCRB/NUPR1/NDUFB7/NDUFB1/ATP5F1EP2",12,"2"
"GO:0036293","response to decreased oxygen levels","15/253","207/10170",0.072463768115942,2.91287162742739,4.44104486677527,0.00020182083671413,0.00523492201076958,0.00410995469098005,"CPEB4/NDRG1/PTGS2/ENO1/LMNA/ATF4/CFLAR/ROCK2/DDAH1/RGCC/RTN4/VEGFA/CAPN2/HSPG2/BMP2",15,"2"
"GO:0006695","cholesterol biosynthetic process","7/253","50/10170",0.14,5.62766798418972,5.23921434038125,0.000217371729568277,0.00555285963715325,0.00435956857945945,"DHCR24/MSMO1/FDPS/INSIG1/QKI/HMGCS1/MVD",7,"2"
"GO:1902653","secondary alcohol biosynthetic process","7/253","50/10170",0.14,5.62766798418972,5.23921434038125,0.000217371729568277,0.00555285963715325,0.00435956857945945,"DHCR24/MSMO1/FDPS/INSIG1/QKI/HMGCS1/MVD",7,"2"
"GO:0007599","hemostasis","12/253","143/10170",0.0839160839160839,3.37322756295088,4.56489846903593,0.00022928871562475,0.00576986230661685,0.00452993809737822,"VCL/GNAQ/MYL12A/ACTB/GNAS/ANXA5/ACTG1/MYH9/PABPC4/FLNA/HSPB1/CSRP1",12,"2"
"GO:0050817","coagulation","12/253","143/10170",0.0839160839160839,3.37322756295088,4.56489846903593,0.00022928871562475,0.00576986230661685,0.00452993809737822,"VCL/GNAQ/MYL12A/ACTB/GNAS/ANXA5/ACTG1/MYH9/PABPC4/FLNA/HSPB1/CSRP1",12,"2"
"GO:0061028","establishment of endothelial barrier","6/253","36/10170",0.166666666666667,6.699604743083,5.47160537180402,0.000232433825827384,0.00580568044955511,0.00455805904059159,"VCL/EZR/ROCK2/MSN/RDX/VEGFA",6,"2"
"GO:0006413","translational initiation","10/253","103/10170",0.0970873786407767,3.90268237461146,4.72908719410927,0.000235170603676386,0.00583084761468215,0.00457781786568197,"EIF1AX/EIF1/EIF4A1/CSDE1/EIF4EBP1/EIF4G2/ATF4/DDX3X/EIF2S2/HSPB1",10,"2"
"GO:0051248","negative regulation of protein metabolic process","26/253","494/10170",0.0526315789473684,2.11566465571042,4.06030302888272,0.000241441581904703,0.00594263514001941,0.0046655826238212,"ITGAV/CPEB4/CALM2/LDLR/CTSZ/GNAQ/CHP1/EIF4EBP1/ATF4/YBX1/TIMP2/CTNNB1/SPRED1/DDX3X/QKI/RTN4/WAC/DUSP3/SPOCK2/FLNA/ABCA7/HSPB1/SFN/NXN/EGFR/HSPG2",26,"2"
"GO:0009142","nucleoside triphosphate biosynthetic process","9/253","85/10170",0.105882352941176,4.25621948384097,4.81497913846859,0.00025058278216313,0.00603546529610053,0.00473846388827272,"ENO1/NDUFS6/NDUFC2/NDUFB8/TMSB4X/NDUFB7/NDUFB1/ATP5MK/ATP5F1EP2",9,"2"
"GO:0010811","positive regulation of cell-substrate adhesion","9/253","85/10170",0.105882352941176,4.25621948384097,4.81497913846859,0.00025058278216313,0.00603546529610053,0.00473846388827272,"LIMS1/ARPC2/RRAS/UNC13D/NEDD9/VEGFA/SPOCK2/FLNA/CEACAM6",9,"2"
"GO:0032409","regulation of transporter activity","9/253","85/10170",0.105882352941176,4.25621948384097,4.81497913846859,0.00025058278216313,0.00603546529610053,0.00473846388827272,"CALM2/ACTN4/CHP1/ACTB/YWHAH/ITGB1/ATP1B3/COX17/TMSB4X",9,"2"
"GO:0032411","positive regulation of transporter activity","6/253","37/10170",0.162162162162162,6.5185343446213,5.37111953881754,0.000271709386609639,0.00649790107551562,0.00510152375754567,"CALM2/ACTN4/CHP1/ATP1B3/COX17/TMSB4X",6,"2"
"GO:0070848","response to growth factor","25/253","472/10170",0.0529661016949153,2.12911167682723,4.01213960153242,0.000289964704599827,0.0068856407317649,0.00540593945195378,"MYO1C/DDIT3/ARF6/EEF1A1/CFLAR/LIMS1/ROCK2/CTNNB1/ITGB1/MAPKAPK2/SPRED1/IQGAP1/EHD1/DUSP3/RDX/VEGFA/HSPB1/FSTL1/EGFR/CAV2/PEG10/COL4A2/FSTL3/BMP2/ANKRD1",25,"2"
"GO:0060560","developmental growth involved in morphogenesis","12/253","147/10170",0.0816326530612245,3.28143905783657,4.45018332574422,0.000296371954222342,0.00698857503243174,0.00548675351394326,"VCL/RAB21/ALCAM/EIF4G2/CTNNB1/ITGB1/IQGAP1/RTN4/VEGFA/MAP2/YAP1/CTTN",12,"2"
"GO:0031954","positive regulation of protein autophosphorylation","4/253","14/10170",0.285714285714286,11.485036702428,6.27020665153601,0.00030753542757808,0.00720145459578671,0.00565388596753561,"CALM2/DDX3X/VEGFA/NRG1",4,"2"
"GO:1902373","negative regulation of mRNA catabolic process","7/253","53/10170",0.132075471698113,5.30912073980163,5.02354099211122,0.00031484459831194,0.00732176541729561,0.00574834239386229,"CSDE1/YBX1/YBX3/HNRNPD/PABPC1/MAPKAPK2/QKI",7,"2"
"GO:0030048","actin filament-based movement","8/253","71/10170",0.112676056338028,4.52931024884485,4.7663842762524,0.000360661218540263,0.00832430706392133,0.00653544117680032,"MYO1C/ACTN4/QKI/MYH9/FLNA/MYL6/GJA1/TNNC1",8,"2"
"GO:0033002","muscle cell proliferation","11/253","129/10170",0.0852713178294574,3.42770475227503,4.43211956394683,0.000362892389797282,0.00832430706392133,0.00653544117680032,"PTGS2/DDIT3/PRKAR1A/CFLAR/CTNNB1/NRG1/EGFR/YAP1/GJA1/CAV2/BMP2",11,"2"
"GO:0044788","modulation by host of viral process","6/253","39/10170",0.153846153846154,6.18425053207662,5.18085400769775,0.000365789399444897,0.00833406658735265,0.00654310341112316,"STOM/EEF1A1/ROCK2/IFI27/CFL1/CAV2",6,"2"
"GO:0001666","response to hypoxia","14/253","196/10170",0.0714285714285714,2.871259175607,4.22509544646039,0.000380077924972044,0.00860149505372975,0.00675306239000135,"NDRG1/PTGS2/ENO1/LMNA/ATF4/CFLAR/ROCK2/DDAH1/RGCC/RTN4/VEGFA/CAPN2/HSPG2/BMP2",14,"2"
"GO:0003158","endothelium development","9/253","90/10170",0.1,4.0197628458498,4.59592627832095,0.00038590927113704,0.00867524041516067,0.00681096011866426,"VCL/EZR/ROCK2/CTNNB1/MSN/RDX/VEGFA/FSTL1/NRG1",9,"2"
"GO:0045765","regulation of angiogenesis","13/253","174/10170",0.0747126436781609,3.00327109172686,4.25706667291078,0.000398331618939614,0.00883283648660765,0.00693468931879198,"ROCK2/DDAH1/CTNNB1/ITGB1/SPRED1/RGCC/RRAS/QKI/RTN4/VEGFA/HSPB1/HSPG2/COL4A2",13,"2"
"GO:0001837","epithelial to mesenchymal transition","10/253","110/10170",0.0909090909090909,3.65432985986346,4.47055531180558,0.000401603973097275,0.00883283648660765,0.00693468931879198,"ROCK2/CTNNB1/SPRED1/RGCC/QKI/RTN4/VEGFA/FLNA/PHLDB2/BMP2",10,"2"
"GO:1902600","proton transmembrane transport","10/253","110/10170",0.0909090909090909,3.65432985986346,4.47055531180558,0.000401603973097275,0.00883283648660765,0.00693468931879198,"NDUFS6/COX7B/NDUFC2/NDUFB8/UQCRH/COX17/SLC25A3/NDUFB7/NDUFB1/ATP5F1EP2",10,"2"
"GO:0007507","heart development","21/253","373/10170",0.0563002680965147,2.26313725905753,3.96979093174905,0.000403397633136886,0.00883283648660765,0.00693468931879198,"PRKAR1A/LMNA/EIF4G2/ROCK2/CTNNB1/ITGB1/SPRED1/MEF2A/AP2B1/RTN4/VEGFA/FLNA/HOPX/PDLIM2/NRG1/EGFR/YAP1/GJA1/TNNC1/BMP2/ANKRD1",21,"2"
"GO:0019058","viral life cycle","15/253","221/10170",0.0678733031674208,2.72834582297498,4.14902730953353,0.000408811214217618,0.00889362202801165,0.00698241224962518,"ITGAV/LGALS1/LDLR/STOM/EEF1A1/DYNLT1/VAMP8/ITGB1/CD81/PABPC1/DDX3X/IFI27/MYH9/EGFR/CAV2",15,"2"
"GO:0007043","cell-cell junction assembly","9/253","91/10170",0.0989010989010989,3.97558962776354,4.55401269962841,0.000419137489050001,0.00904086729650505,0.00709801499990953,"VCL/MYO1C/EPB41L3/ACTB/ROCK2/CTNNB1/ACTG1/HOPX/GJA1",9,"2"
"GO:0022604","regulation of cell morphogenesis","13/253","175/10170",0.0742857142857143,2.98610954263128,4.2329199045304,0.000420941923354476,0.00904086729650505,0.00709801499990953,"EPB41L3/PLEKHO1/EZR/RHOBTB2/RAB21/MYL12B/MYL12A/MSN/RHOQ/RDX/VEGFA/MYH9/CFL1",13,"2"
"GO:0016126","sterol biosynthetic process","7/253","56/10170",0.125,5.02470355731225,4.82364862101193,0.000444631227283272,0.00932933716180568,0.00732449365110235,"DHCR24/MSMO1/FDPS/INSIG1/QKI/HMGCS1/MVD",7,"2"
"GO:0043489","RNA stabilization","7/253","56/10170",0.125,5.02470355731225,4.82364862101193,0.000444631227283272,0.00932933716180568,0.00732449365110235,"CSDE1/YBX1/YBX3/HNRNPD/PABPC1/MAPKAPK2/QKI",7,"2"
"GO:0061326","renal tubule development","7/253","56/10170",0.125,5.02470355731225,4.82364862101193,0.000444631227283272,0.00932933716180568,0.00732449365110235,"COL4A1/CTNNB1/VEGFA/TACSTD2/YAP1/BMP2/IRX2",7,"2"
"GO:0001525","angiogenesis","19/253","323/10170",0.0588235294117647,2.36456637991165,3.98064260349635,0.000445439882280758,0.00932933716180568,0.00732449365110235,"COL4A1/ITGAV/PTGS2/ROCK2/DDAH1/CTNNB1/ITGB1/SPRED1/RGCC/RRAS/QKI/RTN4/ACTG1/VEGFA/MYH9/FLNA/HSPB1/HSPG2/COL4A2",19,"2"
"GO:0070482","response to oxygen levels","15/253","224/10170",0.0669642857142857,2.69180547713156,4.08939852483196,0.000471483534488374,0.00981384245860987,0.00770488037191853,"CPEB4/NDRG1/PTGS2/ENO1/LMNA/ATF4/CFLAR/ROCK2/DDAH1/RGCC/RTN4/VEGFA/CAPN2/HSPG2/BMP2",15,"2"
"GO:0032412","regulation of monoatomic ion transmembrane transporter activity","8/253","74/10170",0.108108108108108,4.34568956308087,4.61355877906078,0.000479214472630284,0.00988421159417012,0.00776012741441526,"CALM2/ACTN4/CHP1/YWHAH/ITGB1/ATP1B3/COX17/TMSB4X",8,"2"
"GO:0016032","viral process","19/253","325/10170",0.0584615384615385,2.35001520218912,3.95076963233379,0.000480726779787633,0.00988421159417012,0.00776012741441526,"ITGAV/LGALS1/LDLR/STOM/CSDE1/EEF1A1/DYNLT1/VAMP8/ITGB1/CD81/PABPC1/DDX3X/IFI27/OAZ1/MYH9/CFL1/EGFR/CAV2/PEG10",19,"2"
"GO:1901342","regulation of vasculature development","13/253","178/10170",0.0730337078651685,2.93578185371053,4.16149551117009,0.000495429223364439,0.0101247717647569,0.00794899200485846,"ROCK2/DDAH1/CTNNB1/ITGB1/SPRED1/RGCC/RRAS/QKI/RTN4/VEGFA/HSPB1/HSPG2/COL4A2",13,"2"
"GO:0008154","actin polymerization or depolymerization","11/253","134/10170",0.082089552238806,3.29980532121999,4.2802819230823,0.000502797356106205,0.0102134499083742,0.00801861351050796,"CAPG/ARF6/ARPC5/ARPC5L/CFL2/ARPC2/DSTN/RDX/CFL1/NCKAP1/CTTN",11,"2"
"GO:0016049","cell growth","19/253","327/10170",0.0581039755351682,2.33564202052435,3.92111369688788,0.000518415214563461,0.0104676413383712,0.00821818004807503,"VCL/ENO1/RAB21/ALCAM/EIF4G2/CTNNB1/ITGB1/DDX3X/IQGAP1/RTN4/VEGFA/SFN/MAP2/OSGIN2/NRG1/EGFR/YAP1/CTTN/GJA1",19,"2"
"GO:0030335","positive regulation of cell migration","20/253","356/10170",0.0561797752808989,2.25829373362348,3.86005269654013,0.000569252811710824,0.0114257171493387,0.00897036855546819,"ITGAV/MYO1C/PTGS2/ACTN4/ARF6/ARHGAP5/ROCK2/ITGB1/RRAS/TMSB4X/RTN4/NEDD9/ACTG1/RDX/VEGFA/FLNA/HSPB1/CEACAM6/EGFR/BMP2",20,"2"
"GO:0034446","substrate adhesion-dependent cell spreading","8/253","76/10170",0.105263157894737,4.23132931142084,4.51612125246078,0.000574496554742967,0.0114530888531074,0.00899185817118218,"ITGAV/ACTN4/LIMS1/ARPC2/UNC13D/NEDD9/FLNA/TACSTD2",8,"2"
"GO:0051960","regulation of nervous system development","16/253","253/10170",0.0632411067193676,2.54214251120936,3.96738037616345,0.000577409580376112,0.0114530888531074,0.00899185817118218,"LDLR/RAB21/EIF4G2/DYNLT1/YWHAH/CTNNB1/ITGB1/QKI/RTN4/NAP1L1/VEGFA/RHEB/MAP2/EGFR/YAP1/BMP2",16,"2"
"GO:0016525","negative regulation of angiogenesis","7/253","59/10170",0.11864406779661,4.76921015609299,4.63754920869173,0.000613951041100001,0.0120362959917977,0.00944973603651471,"ROCK2/CTNNB1/SPRED1/RGCC/QKI/HSPG2/COL4A2",7,"2"
"GO:2000181","negative regulation of blood vessel morphogenesis","7/253","59/10170",0.11864406779661,4.76921015609299,4.63754920869173,0.000613951041100001,0.0120362959917977,0.00944973603651471,"ROCK2/CTNNB1/SPRED1/RGCC/QKI/HSPG2/COL4A2",7,"2"
"GO:0043269","regulation of monoatomic ion transport","14/253","206/10170",0.0679611650485437,2.73187766222802,4.01091251266165,0.000626584452910477,0.0120516875990904,0.00946182003861904,"CALM2/PTGS2/ACTN4/STOM/CHP1/ATF4/YWHAH/CTNNB1/ITGB1/ATP1B3/COX17/TMSB4X/KIF5B/FLNA",14,"2"
"GO:0001704","formation of primary germ layer","8/253","77/10170",0.103896103896104,4.17637698270109,4.46865157766252,0.00062757561318245,0.0120516875990904,0.00946182003861904,"ITGAV/PRKAR1A/CTNNB1/ITGB1/MYH9/GJA1/COL12A1/COL4A2",8,"2"
"GO:0042776","proton motive force-driven mitochondrial ATP synthesis","6/253","43/10170",0.13953488372093,5.60897141281368,4.83734502707313,0.000629032330201632,0.0120516875990904,0.00946182003861904,"NDUFS6/NDUFC2/NDUFB8/NDUFB7/NDUFB1/ATP5F1EP2",6,"2"
"GO:0061333","renal tubule morphogenesis","6/253","43/10170",0.13953488372093,5.60897141281368,4.83734502707313,0.000629032330201632,0.0120516875990904,0.00946182003861904,"COL4A1/CTNNB1/VEGFA/TACSTD2/BMP2/IRX2",6,"2"
"GO:0002009","morphogenesis of an epithelium","18/253","308/10170",0.0584415584415584,2.34921205276936,3.84045162437188,0.000678364679348048,0.012892104092928,0.010121633824597,"COL4A1/ITGAV/VCL/CTSZ/ACTB/CTNNB1/ITGB1/MSN/ACTG1/VEGFA/FLNA/TACSTD2/EGFR/YAP1/GJA1/PHLDB2/BMP2/IRX2",18,"2"
"GO:1901343","negative regulation of vasculature development","7/253","60/10170",0.116666666666667,4.6897233201581,4.57828765619424,0.00068054404761008,0.012892104092928,0.010121633824597,"ROCK2/CTNNB1/SPRED1/RGCC/QKI/HSPG2/COL4A2",7,"2"
"GO:0045669","positive regulation of osteoblast differentiation","6/253","44/10170",0.136363636363636,5.48149478979518,4.75816502310751,0.00071340283788615,0.0134390746891179,0.0105510622598275,"CTNNB1/JUND/VEGFA/CEBPB/YAP1/BMP2",6,"2"
"GO:0009152","purine ribonucleotide biosynthetic process","9/253","98/10170",0.0918367346938776,3.69161894006614,4.27639666877502,0.000723844364558961,0.0135600177627379,0.0106460150693906,"ENO1/NDUFS6/NDUFC2/NDUFB8/TMSB4X/NDUFB7/NDUFB1/ATP5MK/ATP5F1EP2",9,"2"
"GO:0050729","positive regulation of inflammatory response","8/253","79/10170",0.10126582278481,4.0706459198479,4.37608158848482,0.000745612281531849,0.0138906332227922,0.010905582367273,"LGALS1/PTGS2/LDLR/VAMP8/CD81/NUPR1/CEBPB/OSMR",8,"2"
"GO:0048588","developmental cell growth","11/253","141/10170",0.0780141843971631,3.13598519888992,4.07932406368828,0.000772228986195344,0.0143074513266522,0.0112328276476651,"VCL/RAB21/ALCAM/EIF4G2/CTNNB1/ITGB1/IQGAP1/RTN4/VEGFA/MAP2/CTTN",11,"2"
"GO:0007519","skeletal muscle tissue development","9/253","99/10170",0.0909090909090909,3.65432985986346,4.23882434177646,0.000779288539971329,0.0143593494906192,0.0112735730688979,"YBX3/CFLAR/CFL2/CTNNB1/NUPR1/FLNB/MYL6/CAV2/ANKRD1",9,"2"
"GO:0034314","Arp2/3 complex-mediated actin nucleation","5/253","30/10170",0.166666666666667,6.699604743083,4.99339148913369,0.000784160023072689,0.0143705847706582,0.0112823939246442,"ARPC5/ARPC5L/ARPC2/ARPC1B/NCKAP1",5,"2"
"GO:0044057","regulation of system process","16/253","262/10170",0.0610687022900763,2.45481700509912,3.81044101445234,0.000841962896531173,0.0153464804708276,0.0120485728863494,"CALM2/PTGS2/ENO1/LMNA/ROCK2/ITGB1/NFATC3/MEF2A/QKI/CELF2/FLNA/HOPX/EGFR/CTTN/GJA1/TNNC1",16,"2"
"GO:0006164","purine nucleotide biosynthetic process","10/253","121/10170",0.0826446280991736,3.32211805442132,4.10416473890206,0.000853689447372822,0.0153694523534007,0.0120666081878013,"ENO1/NDUFS6/NAMPT/NDUFC2/NDUFB8/TMSB4X/NDUFB7/NDUFB1/ATP5MK/ATP5F1EP2",10,"2"
"GO:0051701","biological process involved in interaction with host","10/253","121/10170",0.0826446280991736,3.32211805442132,4.10416473890206,0.000853689447372822,0.0153694523534007,0.0120666081878013,"ITGAV/LGALS1/LDLR/DYNLT1/VAMP8/ITGB1/CD81/MYH9/EGFR/CAV2",10,"2"
"GO:0071363","cellular response to growth factor stimulus","23/253","451/10170",0.0509977827050998,2.04998992138682,3.643106253592,0.000856897106298734,0.0153694523534007,0.0120666081878013,"MYO1C/ARF6/EEF1A1/CFLAR/LIMS1/CTNNB1/ITGB1/MAPKAPK2/SPRED1/IQGAP1/EHD1/DUSP3/RDX/VEGFA/HSPB1/FSTL1/EGFR/CAV2/PEG10/COL4A2/FSTL3/BMP2/ANKRD1",23,"2"
"GO:2000641","regulation of early endosome to late endosome transport","4/253","18/10170",0.222222222222222,8.93280632411067,5.38017654658716,0.00086918707361606,0.0155074011229278,0.0121749122258111,"EZR/RAB21/MSN/RDX",4,"2"
"GO:0043200","response to amino acid","8/253","81/10170",0.0987654320987654,3.97013614404919,4.2865118915083,0.0008808962128442,0.015633589630056,0.0122739832426768,"COL4A1/CPEB4/PTGS2/HNRNPD/RBX1/CAPN2/CEBPB/EGFR",8,"2"
"GO:0031099","regeneration","10/253","122/10170",0.0819672131147541,3.29488757856541,4.07296562789751,0.000909999317610927,0.0159250326389441,0.0125027961187939,"CFLAR/CD81/FLNA/CEBPB/HOPX/CCND1/EGFR/YAP1/HSPG2/GJA1",10,"2"
"GO:0140238","presynaptic endocytosis","7/253","63/10170",0.111111111111111,4.46640316205534,4.40805943619216,0.000915238620191704,0.0159250326389441,0.0125027961187939,"CALM2/CLTB/ARF6/ACTB/AP2B1/ACTG1/CAPN2",7,"2"
"GO:0035987","endodermal cell differentiation","5/253","31/10170",0.161290322580645,6.48348846104807,4.88370527461301,0.000916208876617779,0.0159250326389441,0.0125027961187939,"ITGAV/CTNNB1/MYH9/COL12A1/COL4A2",5,"2"
"GO:1900087","positive regulation of G1/S transition of mitotic cell cycle","5/253","31/10170",0.161290322580645,6.48348846104807,4.88370527461301,0.000916208876617779,0.0159250326389441,0.0125027961187939,"RGCC/DDX3X/RDX/CCND1/EGFR",5,"2"
"GO:0043534","blood vessel endothelial cell migration","8/253","82/10170",0.0975609756097561,3.92171984960956,4.24279636525017,0.000955557469531444,0.0165237937808207,0.0129728854837872,"PTGS2/ITGB1/SPRED1/RGCC/TMSB4X/VEGFA/MYH9/HSPB1",8,"2"
"GO:0008203","cholesterol metabolic process","9/253","102/10170",0.0882352941176471,3.54684956986747,4.12896312339172,0.000966722273202759,0.0166315689042842,0.0130575000918633,"LDLR/DHCR24/MSMO1/FDPS/INSIG1/QKI/HMGCS1/MVD/APOC1",9,"2"
"GO:0140694","membraneless organelle assembly","17/253","292/10170",0.0582191780821918,2.34027288970708,3.71158469716984,0.000993927923474038,0.0170128170454541,0.0133568192761806,"EIF1AX/PRKAR1A/KRT8/EZR/CSDE1/CFLAR/CFL2/ITGB1/MSN/FAU/MEF2A/DDX3X/ACTG1/FLNA/KRT19/CSRP1/ANKRD1",17,"2"
"GO:0008015","blood circulation","15/253","241/10170",0.0622406639004149,2.50192708247913,3.76889329668053,0.00100463394856083,0.0170503729150397,0.0133863045143675,"CALM2/PTGS2/CTSZ/ROCK2/DDAH1/MYOF/ITGB1/MEF2A/CELF2/VEGFA/FLNA/HOPX/EGFR/GJA1/TNNC1",15,"2"
"GO:0034767","positive regulation of monoatomic ion transmembrane transport","7/253","64/10170",0.109375,4.39661561264822,4.35367463093556,0.00100623493774997,0.0170503729150397,0.0133863045143675,"CALM2/ACTN4/CHP1/ATP1B3/COX17/TMSB4X/FLNA",7,"2"
"GO:0003012","muscle system process","14/253","217/10170",0.0645161290322581,2.59339538441923,3.7895325986191,0.00104294922981474,0.0175841240146765,0.0138053542788636,"CALM2/PTGS2/ENO1/LMNA/CFLAR/ROCK2/MYOF/NFATC3/MEF2A/FLNA/MYL6/CTTN/GJA1/TNNC1",14,"2"
"GO:1900026","positive regulation of substrate adhesion-dependent cell spreading","5/253","32/10170",0.15625,6.28087944664032,4.77875017315073,0.00106411210150609,0.0178516716730276,0.0140154068357571,"LIMS1/ARPC2/UNC13D/NEDD9/FLNA",5,"2"
"GO:0048589","developmental growth","21/253","404/10170",0.051980198019802,2.08948068719915,3.56911947704503,0.00113189534730588,0.0188948074807694,0.0148343762296732,"VCL/PRKAR1A/EZR/RAB21/ALCAM/EIF4G2/YBX3/CFLAR/CTNNB1/ITGB1/CD81/GNAS/IQGAP1/RTN4/VEGFA/HOPX/MAP2/NRG1/YAP1/CTTN/GJA1",21,"2"
"GO:0072009","nephron epithelium development","7/253","66/10170",0.106060606060606,4.26338483650737,4.24817909884656,0.00120950120957916,0.0199097990235984,0.0156312494675501,"CTNNB1/IQGAP1/VEGFA/TACSTD2/YAP1/BMP2/IRX2",7,"2"
"GO:0097581","lamellipodium organization","7/253","66/10170",0.106060606060606,4.26338483650737,4.24817909884656,0.00120950120957916,0.0199097990235984,0.0156312494675501,"VCL/PHPT1/PLEKHO1/ITGB1/ARPC2/NCKAP1/CTTN",7,"2"
"GO:0072006","nephron development","8/253","85/10170",0.0941176470588235,3.78330620785864,4.11568120432756,0.00121041186234806,0.0199097990235984,0.0156312494675501,"CFLAR/CTNNB1/IQGAP1/VEGFA/TACSTD2/YAP1/BMP2/IRX2",8,"2"
"GO:0015980","energy derivation by oxidation of organic compounds","15/253","246/10170",0.0609756097560976,2.45107490600598,3.67979169701994,0.00123563185437045,0.0202259738492096,0.0158794793752769,"NDUFS6/COX7A2/COX7B/COX7C/GFPT1/NDUFC2/NDUFB8/UQCRH/UQCRB/PPP1CB/NUPR1/UGP2/NDUFB7/NDUFB1/ATP5F1EP2",15,"2"
"GO:0007162","negative regulation of cell adhesion","12/253","173/10170",0.069364161849711,2.7882748063698,3.7890618224887,0.0012714665851917,0.0205579560566887,0.0161401197111107,"LGALS1/PRKAR1A/ACTN4/RGCC/DUSP3/RDX/VEGFA/CEBPB/TACSTD2/HSPG2/PHLDB2/BMP2",12,"2"
"GO:0060538","skeletal muscle organ development","9/253","106/10170",0.0849056603773585,3.41300618987247,3.98873590178833,0.00127192689596749,0.0205579560566887,0.0161401197111107,"YBX3/CFLAR/CFL2/CTNNB1/NUPR1/FLNB/MYL6/CAV2/ANKRD1",9,"2"
"GO:0001885","endothelial cell development","6/253","49/10170",0.122448979591837,4.92215858675486,4.39562571067714,0.00127420308892288,0.0205579560566887,0.0161401197111107,"VCL/EZR/ROCK2/MSN/RDX/VEGFA",6,"2"
"GO:0045859","regulation of protein kinase activity","15/253","247/10170",0.0607287449392713,2.44115152581972,3.66223201153059,0.00128683036400714,0.02058119112338,0.0161583616392897,"CALM2/GNAQ/CHP1/ACTB/SPRED1/RGCC/DDX3X/IQGAP1/NEDD9/DUSP3/HSPB1/SFN/CCND1/NRG1/EGFR",15,"2"
"GO:0003013","circulatory system process","17/253","299/10170",0.0568561872909699,2.28548389228919,3.60355275961783,0.00128785033423285,0.02058119112338,0.0161583616392897,"CALM2/PTGS2/CTSZ/SLC38A1/ROCK2/DDAH1/MYOF/ITGB1/MEF2A/CELF2/VEGFA/FLNA/HOPX/EGFR/YAP1/GJA1/TNNC1",17,"2"
"GO:2001237","negative regulation of extrinsic apoptotic signaling pathway","7/253","67/10170",0.104477611940299,4.19975222700726,4.1969887249597,0.00132251188597519,0.0208528986614466,0.0163716801315909,"ITGAV/LMNA/CFLAR/DDX3X/NRG1/YAP1/CTTN",7,"2"
"GO:0044794","positive regulation by host of viral process","4/253","20/10170",0.2,8.03952569169961,5.03308891364365,0.00132340460069679,0.0208528986614466,0.0163716801315909,"STOM/EEF1A1/CFL1/CAV2",4,"2"
"GO:1900151","regulation of nuclear-transcribed mRNA catabolic process, deadenylation-dependent decay","4/253","20/10170",0.2,8.03952569169961,5.03308891364365,0.00132340460069679,0.0208528986614466,0.0163716801315909,"CSDE1/YBX1/HNRNPD/PABPC1",4,"2"
"GO:0043270","positive regulation of monoatomic ion transport","8/253","87/10170",0.0919540229885057,3.69633365135614,4.03410875640781,0.00140848729178235,0.0219880516106023,0.0172628924894377,"CALM2/ACTN4/CHP1/ATP1B3/COX17/TMSB4X/KIF5B/FLNA",8,"2"
"GO:2001243","negative regulation of intrinsic apoptotic signaling pathway","8/253","87/10170",0.0919540229885057,3.69633365135614,4.03410875640781,0.00140848729178235,0.0219880516106023,0.0172628924894377,"PTGS2/ENO1/ATF4/YBX3/CTNNB1/DDX3X/TPT1/HSPB1",8,"2"
"GO:0030833","regulation of actin filament polymerization","8/253","88/10170",0.0909090909090909,3.65432985986346,3.99422117624349,0.00151674137442034,0.0235689028320064,0.0185040240439833,"CAPG/ARF6/ARPC5/ARPC5L/ARPC2/RDX/NCKAP1/CTTN",8,"2"
"GO:0045333","cellular respiration","12/253","177/10170",0.0677966101694915,2.72526294633885,3.69830915124111,0.00154671760300752,0.0238406666684363,0.0187173867363168,"NDUFS6/COX7A2/COX7B/COX7C/NDUFC2/NDUFB8/UQCRH/UQCRB/NUPR1/NDUFB7/NDUFB1/ATP5F1EP2",12,"2"
"GO:0016125","sterol metabolic process","9/253","109/10170",0.0825688073394495,3.3190702396925,3.88790643499199,0.00154837069999631,0.0238406666684363,0.0187173867363168,"LDLR/DHCR24/MSMO1/FDPS/INSIG1/QKI/HMGCS1/MVD/APOC1",9,"2"
"GO:0007229","integrin-mediated signaling pathway","7/253","69/10170",0.101449275362319,4.07802027839835,4.09753870100079,0.00157320536192851,0.0240241146862711,0.0188614123855815,"ITGAV/LIMS1/ITGB1/DST/NEDD9/MYH9/FLNA",7,"2"
"GO:0070167","regulation of biomineral tissue development","6/253","51/10170",0.117647058823529,4.7291327598233,4.26415872973028,0.00157453420689973,0.0240241146862711,0.0188614123855815,"ATF4/ROCK2/CEBPB/SGMS2/GJA1/BMP2",6,"2"
"GO:0043542","endothelial cell migration","11/253","154/10170",0.0714285714285714,2.871259175607,3.73728633581149,0.00158954953789317,0.0240359278721521,0.0188706869571276,"PTGS2/ROCK2/ITGB1/SPRED1/RGCC/RRAS/TMSB4X/VEGFA/MYH9/HSPB1/FSTL1",11,"2"
"GO:0007212","G protein-coupled dopamine receptor signaling pathway","4/253","21/10170",0.19047619047619,7.656691134952,4.87714486165816,0.00160316070845227,0.0240359278721521,0.0188706869571276,"GNB1/GNAS/FLNA/CAV2",4,"2"
"GO:0150105","protein localization to cell-cell junction","4/253","21/10170",0.19047619047619,7.656691134952,4.87714486165816,0.00160316070845227,0.0240359278721521,0.0188706869571276,"VCL/ACTB/ACTG1/FLNA",4,"2"
"GO:1901741","positive regulation of myoblast fusion","3/253","10/10170",0.3,12.0592885375494,5.5884267478272,0.00160382080997456,0.0240359278721521,0.0188706869571276,"EHD1/CAPN2/EHD2",3,"2"
"GO:0001706","endoderm formation","5/253","35/10170",0.142857142857143,5.742518351214,4.48890478263538,0.00161444262085296,0.0240880553872398,0.0189116124426884,"ITGAV/CTNNB1/MYH9/COL12A1/COL4A2",5,"2"
"GO:0045931","positive regulation of mitotic cell cycle","8/253","89/10170",0.0898876404494382,3.61326997379758,3.95491088483097,0.00163149275404578,0.0242352139499663,0.0190271471199867,"EIF4EBP1/RGCC/DDX3X/DUSP3/RDX/CCND1/EGFR/ASNS",8,"2"
"GO:1902652","secondary alcohol metabolic process","9/253","110/10170",0.0818181818181818,3.28889687387711,3.85507477138237,0.00165055783407642,0.0244108816513407,0.0191650644169076,"LDLR/DHCR24/MSMO1/FDPS/INSIG1/QKI/HMGCS1/MVD/APOC1",9,"2"
"GO:0034762","regulation of transmembrane transport","14/253","228/10170",0.0614035087719298,2.46827543166216,3.58135443319545,0.00167113604230727,0.024578205718953,0.0192964310991967,"CALM2/ACTN4/STOM/CHP1/SLC38A1/ACTB/YWHAH/ITGB1/ATP1B3/MEF2A/COX17/TMSB4X/RHOQ/FLNA",14,"2"
"GO:0098655","monoatomic cation transmembrane transport","21/253","417/10170",0.0503597122302158,2.02434100150709,3.41155753295117,0.00167644938177912,0.024578205718953,0.0192964310991967,"ITGAV/CALM2/DDIT3/NDUFS6/COX7B/ACTN4/CHP1/SLC38A1/NDUFC2/YWHAH/NDUFB8/ITGB1/ATP1B3/UQCRH/COX17/TMSB4X/SLC25A3/NDUFB7/NDUFB1/FLNA/ATP5F1EP2",21,"2"
"GO:0072080","nephron tubule development","6/253","52/10170",0.115384615384615,4.63818789905746,4.20096135981961,0.00174350446823939,0.0254506366532606,0.0199813795289225,"CTNNB1/VEGFA/TACSTD2/YAP1/BMP2/IRX2",6,"2"
"GO:0006446","regulation of translational initiation","7/253","71/10170",0.0985915492957746,3.96314646773924,4.00177194302706,0.00185944766488682,0.0269638455191069,0.0211694048450253,"EIF1/CSDE1/EIF4EBP1/EIF4G2/ATF4/DDX3X/HSPB1",7,"2"
"GO:0009260","ribonucleotide biosynthetic process","9/253","112/10170",0.0803571428571429,3.23016657255788,3.7905281420286,0.00187115653958215,0.0269638455191069,0.0211694048450253,"ENO1/NDUFS6/NDUFC2/NDUFB8/TMSB4X/NDUFB7/NDUFB1/ATP5MK/ATP5F1EP2",9,"2"
"GO:0050679","positive regulation of epithelial cell proliferation","9/253","112/10170",0.0803571428571429,3.23016657255788,3.7905281420286,0.00187115653958215,0.0269638455191069,0.0211694048450253,"CFLAR/CTNNB1/RTN4/VEGFA/CCND1/EGFR/YAP1/HSPG2/CAV2",9,"2"
"GO:0097193","intrinsic apoptotic signaling pathway","15/253","257/10170",0.0583657587548638,2.34616508512634,3.49117451372168,0.0019046361094863,0.0273295019625012,0.0214564829355343,"PHLDA3/PTGS2/DDIT3/ENO1/HINT1/ATF4/YBX3/CTNNB1/DDX3X/NUPR1/IFI27/TPT1/CEBPB/HSPB1/SFN",15,"2"
"GO:0048762","mesenchymal cell differentiation","11/253","158/10170",0.069620253164557,2.79856906989543,3.63918782767508,0.00195052780304247,0.0278694057282169,0.0218803631786432,"ROCK2/CTNNB1/SPRED1/RGCC/QKI/RTN4/VEGFA/FLNA/NRG1/PHLDB2/BMP2",11,"2"
"GO:1903522","regulation of blood circulation","9/253","113/10170",0.079646017699115,3.20158102766798,3.75879723154404,0.00198997000338651,0.0283129909342587,0.0222286234000314,"CALM2/PTGS2/ITGB1/MEF2A/CELF2/FLNA/HOPX/EGFR/GJA1",9,"2"
"GO:2001233","regulation of apoptotic signaling pathway","16/253","285/10170",0.056140350877193,2.25670896609112,3.4369881470974,0.00202284908541754,0.0286598618320501,0.0225009528961747,"ITGAV/PTGS2/DDIT3/ENO1/LMNA/ATF4/YBX3/CFLAR/CTNNB1/DDX3X/NUPR1/TPT1/HSPB1/NRG1/YAP1/CTTN",16,"2"
"GO:0034332","adherens junction organization","5/253","37/10170",0.135135135135135,5.43211195385108,4.3137183945876,0.00208197818374353,0.0292517934815966,0.0229656804040131,"VCL/ACTB/CTNNB1/RDX/VEGFA",5,"2"
"GO:0071364","cellular response to epidermal growth factor stimulus","5/253","37/10170",0.135135135135135,5.43211195385108,4.3137183945876,0.00208197818374353,0.0292517934815966,0.0229656804040131,"EEF1A1/CFLAR/IQGAP1/DUSP3/EGFR",5,"2"
"GO:0045737","positive regulation of cyclin-dependent protein serine/threonine kinase activity","3/253","11/10170",0.272727272727273,10.9629895795904,5.28043579197439,0.00216492344765535,0.0299185322356305,0.0234891392185212,"RGCC/CCND1/EGFR",3,"2"
"GO:1902307","positive regulation of sodium ion transmembrane transport","3/253","11/10170",0.272727272727273,10.9629895795904,5.28043579197439,0.00216492344765535,0.0299185322356305,0.0234891392185212,"ACTN4/CHP1/ATP1B3",3,"2"
"GO:1904031","positive regulation of cyclin-dependent protein kinase activity","3/253","11/10170",0.272727272727273,10.9629895795904,5.28043579197439,0.00216492344765535,0.0299185322356305,0.0234891392185212,"RGCC/CCND1/EGFR",3,"2"
"GO:2001169","regulation of ATP biosynthetic process","3/253","11/10170",0.272727272727273,10.9629895795904,5.28043579197439,0.00216492344765535,0.0299185322356305,0.0234891392185212,"ENO1/NDUFC2/TMSB4X",3,"2"
"GO:1903312","negative regulation of mRNA metabolic process","7/253","73/10170",0.0958904109589041,3.85456711245871,3.90944166838853,0.00218453072723111,0.0300662759682583,0.0236051333146562,"CSDE1/YBX1/YBX3/HNRNPD/PABPC1/MAPKAPK2/QKI",7,"2"
"GO:0009895","negative regulation of catabolic process","15/253","261/10170",0.0574712643678161,2.31020853209759,3.42495595113836,0.00221300193007632,0.0303343191390949,0.0238155749000511,"CSDE1/EIF4G2/YBX1/YBX3/TIMP2/HNRNPD/PABPC1/MAPKAPK2/NUPR1/QKI/WAC/FLNA/EGFR/APOC1/SLIRP",15,"2"
"GO:1990845","adaptive thermogenesis","9/253","115/10170",0.0782608695652174,3.14590135762159,3.69638215445686,0.00224565771992659,0.0306573191562448,0.0240691632883672,"DDIT3/ATF4/GNAS/QKI/VEGFA/CEBPB/RHEB/CKB/GJA1",9,"2"
"GO:0045109","intermediate filament organization","4/253","23/10170",0.173913043478261,6.99089190582574,4.59405086230951,0.00228113404947557,0.0307206185933571,0.0241188598870865,"AGFG1/KRT19/KRT7/KRT80",4,"2"
"GO:0045601","regulation of endothelial cell differentiation","4/253","23/10170",0.173913043478261,6.99089190582574,4.59405086230951,0.00228113404947557,0.0307206185933571,0.0241188598870865,"VCL/ROCK2/CTNNB1/VEGFA",4,"2"
"GO:0150117","positive regulation of cell-substrate junction organization","4/253","23/10170",0.173913043478261,6.99089190582574,4.59405086230951,0.00228113404947557,0.0307206185933571,0.0241188598870865,"ARF6/LIMS1/DUSP3/VEGFA",4,"2"
"GO:0060284","regulation of cell development","23/253","486/10170",0.0473251028806584,1.9023569023569,3.25595442008102,0.00228673643740588,0.0307206185933571,0.0241188598870865,"VCL/LGALS1/LDLR/RAB21/EIF4G2/DYNLT1/ACTB/YWHAH/ROCK2/CTNNB1/ITGB1/QKI/RTN4/NAP1L1/NEDD9/VEGFA/CEBPB/RHEB/MAP2/EGFR/YAP1/FSTL3/BMP2",23,"2"
"GO:0045010","actin nucleation","5/253","38/10170",0.131578947368421,5.28916163927606,4.23083266299906,0.00234954839478021,0.0314391951872971,0.0246830167622065,"ARPC5/ARPC5L/ARPC2/ARPC1B/NCKAP1",5,"2"
"GO:1904951","positive regulation of establishment of protein localization","14/253","237/10170",0.0590717299578059,2.37454345324461,3.41980746978468,0.00239539211808503,0.0319259376370859,0.0250651598792754,"MYO1C/PTGS2/PRKAR1A/STOM/ARF6/CHP1/CD81/TOMM7/OAZ1/UBL5/FLNA/SFN/EGFR/ANKRD1",14,"2"
"GO:0044403","biological process involved in symbiotic interaction","10/253","139/10170",0.0719424460431655,2.89191571643871,3.58712323902712,0.00243592473819595,0.0322115224203794,0.0252893734429837,"ITGAV/LGALS1/LDLR/DYNLT1/VAMP8/ITGB1/CD81/MYH9/EGFR/CAV2",10,"2"
"GO:0050769","positive regulation of neurogenesis","10/253","139/10170",0.0719424460431655,2.89191571643871,3.58712323902712,0.00243592473819595,0.0322115224203794,0.0252893734429837,"RAB21/EIF4G2/CTNNB1/ITGB1/QKI/NAP1L1/VEGFA/RHEB/EGFR/BMP2",10,"2"
"GO:0098662","inorganic cation transmembrane transport","20/253","403/10170",0.0496277915632754,1.99491952647633,3.25513579898416,0.00255191620809921,0.0334112663831016,0.0262312964205221,"ITGAV/CALM2/DDIT3/NDUFS6/COX7B/ACTN4/CHP1/SLC38A1/NDUFC2/YWHAH/NDUFB8/ITGB1/ATP1B3/UQCRH/COX17/SLC25A3/NDUFB7/NDUFB1/FLNA/ATP5F1EP2",20,"2"
"GO:0030516","regulation of axon extension","6/253","56/10170",0.107142857142857,4.3068887634105,3.96334020538829,0.00256024797727506,0.0334112663831016,0.0262312964205221,"RAB21/EIF4G2/RTN4/VEGFA/MAP2/CTTN",6,"2"
"GO:0035924","cellular response to vascular endothelial growth factor stimulus","6/253","56/10170",0.107142857142857,4.3068887634105,3.96334020538829,0.00256024797727506,0.0334112663831016,0.0262312964205221,"MYO1C/ITGB1/MAPKAPK2/VEGFA/HSPB1/EGFR",6,"2"
"GO:0048638","regulation of developmental growth","12/253","188/10170",0.0638297872340425,2.56580607181902,3.46112546238783,0.00256628647485864,0.0334112663831016,0.0262312964205221,"EZR/RAB21/EIF4G2/YBX3/GNAS/RTN4/VEGFA/HOPX/MAP2/NRG1/YAP1/CTTN",12,"2"
"GO:0072078","nephron tubule morphogenesis","5/253","39/10170",0.128205128205128,5.15354211006385,4.15082086676201,0.0026412776588001,0.03377693082923,0.0265183807940043,"CTNNB1/VEGFA/TACSTD2/BMP2/IRX2",5,"2"
"GO:1902808","positive regulation of cell cycle G1/S phase transition","5/253","39/10170",0.128205128205128,5.15354211006385,4.15082086676201,0.0026412776588001,0.03377693082923,0.0265183807940043,"RGCC/DDX3X/RDX/CCND1/EGFR",5,"2"
"GO:0043549","regulation of kinase activity","15/253","266/10170",0.056390977443609,2.26678355968974,3.34385278077956,0.00265579870135359,0.03377693082923,0.0265183807940043,"CALM2/GNAQ/CHP1/ACTB/SPRED1/RGCC/DDX3X/IQGAP1/NEDD9/DUSP3/HSPB1/SFN/CCND1/NRG1/EGFR",15,"2"
"GO:0050678","regulation of epithelial cell proliferation","13/253","214/10170",0.0607476635514019,2.44191200916109,3.40496325287202,0.00266393116728284,0.03377693082923,0.0265183807940043,"CFLAR/CTNNB1/RGCC/NUPR1/RTN4/VEGFA/TACSTD2/SFN/CCND1/EGFR/YAP1/HSPG2/CAV2",13,"2"
"GO:0046390","ribose phosphate biosynthetic process","9/253","118/10170",0.076271186440678,3.06592081463121,3.60526890311573,0.0026775468006577,0.03377693082923,0.0265183807940043,"ENO1/NDUFS6/NDUFC2/NDUFB8/TMSB4X/NDUFB7/NDUFB1/ATP5MK/ATP5F1EP2",9,"2"
"GO:1902905","positive regulation of supramolecular fiber organization","9/253","118/10170",0.076271186440678,3.06592081463121,3.60526890311573,0.0026775468006577,0.03377693082923,0.0265183807940043,"ARF6/ROCK2/CFL2/ARPC2/RGCC/DSTN/FLNA/NCKAP1/CTTN",9,"2"
"GO:0043403","skeletal muscle tissue regeneration","4/253","24/10170",0.166666666666667,6.699604743083,4.46490434092617,0.00268452475155209,0.03377693082923,0.0265183807940043,"CFLAR/CD81/HOPX/GJA1",4,"2"
"GO:1903055","positive regulation of extracellular matrix organization","4/253","24/10170",0.166666666666667,6.699604743083,4.46490434092617,0.00268452475155209,0.03377693082923,0.0265183807940043,"CFLAR/RGCC/PHLDB2/BMP2",4,"2"
"GO:1903725","regulation of phospholipid metabolic process","4/253","24/10170",0.166666666666667,6.699604743083,4.46490434092617,0.00268452475155209,0.03377693082923,0.0265183807940043,"LDLR/CHP1/CAPN2/APOC1",4,"2"
"GO:0030198","extracellular matrix organization","11/253","165/10170",0.0666666666666667,2.6798418972332,3.4746499784043,0.00274145650822385,0.033902760329374,0.026617169953292,"COL4A1/CFLAR/ITGB1/RGCC/SPOCK2/MMP23B/PHLDB2/CAV2/COL12A1/COL4A2/BMP2",11,"2"
"GO:0043062","extracellular structure organization","11/253","165/10170",0.0666666666666667,2.6798418972332,3.4746499784043,0.00274145650822385,0.033902760329374,0.026617169953292,"COL4A1/CFLAR/ITGB1/RGCC/SPOCK2/MMP23B/PHLDB2/CAV2/COL12A1/COL4A2/BMP2",11,"2"
"GO:0010717","regulation of epithelial to mesenchymal transition","7/253","76/10170",0.0921052631578947,3.70241314749324,3.77690549990933,0.00275246409900375,0.033902760329374,0.026617169953292,"CTNNB1/SPRED1/RGCC/QKI/VEGFA/PHLDB2/BMP2",7,"2"
"GO:0032231","regulation of actin filament bundle assembly","7/253","76/10170",0.0921052631578947,3.70241314749324,3.77690549990933,0.00275246409900375,0.033902760329374,0.026617169953292,"ROCK2/RGCC/ACTG1/RDX/FLNA/TACSTD2/PHLDB2",7,"2"
"GO:0097190","apoptotic signaling pathway","22/253","464/10170",0.0474137931034483,1.90592203898051,3.19035418197176,0.00277415995131574,0.033902760329374,0.026617169953292,"PHLDA3/ITGAV/PTGS2/DDIT3/ENO1/LMNA/KRT8/HINT1/ATF4/YBX3/CFLAR/CTNNB1/DDX3X/NUPR1/IFI27/TPT1/CEBPB/HSPB1/SFN/NRG1/YAP1/CTTN",22,"2"
"GO:0060485","mesenchyme development","12/253","190/10170",0.0631578947368421,2.53879758685251,3.41981217435682,0.00280025371464942,0.033902760329374,0.026617169953292,"ROCK2/CTNNB1/SPRED1/RGCC/QKI/RTN4/VEGFA/FLNA/NRG1/YAP1/PHLDB2/BMP2",12,"2"
"GO:0030808","regulation of nucleotide biosynthetic process","3/253","12/10170",0.25,10.0494071146245,5.00974791392643,0.00283383909338348,0.033902760329374,0.026617169953292,"ENO1/NDUFC2/TMSB4X",3,"2"
"GO:0044857","plasma membrane raft organization","3/253","12/10170",0.25,10.0494071146245,5.00974791392643,0.00283383909338348,0.033902760329374,0.026617169953292,"IQGAP1/ABCA7/CAV2",3,"2"
"GO:0071895","odontoblast differentiation","3/253","12/10170",0.25,10.0494071146245,5.00974791392643,0.00283383909338348,0.033902760329374,0.026617169953292,"CTNNB1/CEBPB/BMP2",3,"2"
"GO:1900371","regulation of purine nucleotide biosynthetic process","3/253","12/10170",0.25,10.0494071146245,5.00974791392643,0.00283383909338348,0.033902760329374,0.026617169953292,"ENO1/NDUFC2/TMSB4X",3,"2"
"GO:1901550","regulation of endothelial cell development","3/253","12/10170",0.25,10.0494071146245,5.00974791392643,0.00283383909338348,0.033902760329374,0.026617169953292,"VCL/ROCK2/VEGFA",3,"2"
"GO:1903140","regulation of establishment of endothelial barrier","3/253","12/10170",0.25,10.0494071146245,5.00974791392643,0.00283383909338348,0.033902760329374,0.026617169953292,"VCL/ROCK2/VEGFA",3,"2"
"GO:2001028","positive regulation of endothelial cell chemotaxis","3/253","12/10170",0.25,10.0494071146245,5.00974791392643,0.00283383909338348,0.033902760329374,0.026617169953292,"TMSB4X/VEGFA/HSPB1",3,"2"
"GO:0030010","establishment of cell polarity","9/253","119/10170",0.0756302521008403,3.04015677417212,3.57553977476625,0.00283528422683377,0.033902760329374,0.026617169953292,"ARF6/DYNLT1/ROCK2/ITGB1/MSN/RHOQ/MYH9/GJA1/PHLDB2",9,"2"
"GO:0045229","external encapsulating structure organization","11/253","166/10170",0.0662650602409639,2.66369827134625,3.45184268995829,0.00287302763662564,0.034232682652656,0.0268761930671879,"COL4A1/CFLAR/ITGB1/RGCC/SPOCK2/MMP23B/PHLDB2/CAV2/COL12A1/COL4A2/BMP2",11,"2"
"GO:0034220","monoatomic ion transmembrane transport","23/253","496/10170",0.0463709677419355,1.86400293255132,3.15110040044699,0.00295597548434026,0.0346378153529067,0.0271942640983206,"ITGAV/CALM2/DDIT3/NDUFS6/COX7B/ACTN4/STOM/CHP1/SLC38A1/NDUFC2/YWHAH/NDUFB8/ITGB1/ATP1B3/UQCRH/COX17/TMSB4X/SLC25A3/NDUFB7/NDUFB1/FLNA/GJA1/ATP5F1EP2",23,"2"
"GO:0006120","mitochondrial electron transport, NADH to ubiquinone","5/253","40/10170",0.125,5.02470355731225,4.07350635521208,0.00295838992337993,0.0346378153529067,0.0271942640983206,"NDUFS6/NDUFC2/NDUFB8/NDUFB7/NDUFB1",5,"2"
"GO:0030042","actin filament depolymerization","5/253","40/10170",0.125,5.02470355731225,4.07350635521208,0.00295838992337993,0.0346378153529067,0.0271942640983206,"CAPG/CFL2/DSTN/RDX/CFL1",5,"2"
"GO:0045104","intermediate filament cytoskeleton organization","5/253","40/10170",0.125,5.02470355731225,4.07350635521208,0.00295838992337993,0.0346378153529067,0.0271942640983206,"AGFG1/DST/KRT19/KRT7/KRT80",5,"2"
"GO:0045599","negative regulation of fat cell differentiation","5/253","40/10170",0.125,5.02470355731225,4.07350635521208,0.00295838992337993,0.0346378153529067,0.0271942640983206,"DDIT3/INSIG1/VEGFA/YAP1/BMP2",5,"2"
"GO:2001242","regulation of intrinsic apoptotic signaling pathway","10/253","143/10170",0.0699300699300699,2.81102296912574,3.48349905765951,0.00299598419323737,0.0349195684296288,0.0274154693764489,"PTGS2/DDIT3/ENO1/ATF4/YBX3/CTNNB1/DDX3X/NUPR1/TPT1/HSPB1",10,"2"
"GO:0046661","male sex differentiation","8/253","98/10170",0.0816326530612245,3.28143905783657,3.6247101109735,0.00300316573089927,0.0349195684296288,0.0274154693764489,"CSDE1/DHCR24/YBX3/CTNNB1/NUPR1/EIF2S2/FLNA/GJA1",8,"2"
"GO:1904064","positive regulation of cation transmembrane transport","6/253","58/10170",0.103448275862069,4.15837535777566,3.85272877455248,0.00306273029778294,0.0354897820072992,0.0278631459537858,"CALM2/ACTN4/CHP1/ATP1B3/TMSB4X/FLNA",6,"2"
"GO:1902414","protein localization to cell junction","7/253","78/10170",0.0897435897435897,3.60747947704469,3.69223051208947,0.00318978187278308,0.0368354262843307,0.028919615753603,"VCL/EPB41L3/ACTB/KIF5B/ACTG1/FLNA/HSPB1",7,"2"
"GO:0070371","ERK1 and ERK2 cascade","11/253","169/10170",0.0650887573964497,2.6164136866478,3.3844132402118,0.00329858191537936,0.0373145803370852,0.0292958011949083,"ITGAV/EZR/CFLAR/SPRED1/RRAS/DUSP3/VEGFA/ABCA7/NRG1/EGFR/BMP2",11,"2"
"GO:0045022","early endosome to late endosome transport","5/253","41/10170",0.121951219512195,4.90214981201195,3.99872749911578,0.0033021108182552,0.0373145803370852,0.0292958011949083,"EZR/RAB21/MSN/RDX/FLNA",5,"2"
"GO:0045103","intermediate filament-based process","5/253","41/10170",0.121951219512195,4.90214981201195,3.99872749911578,0.0033021108182552,0.0373145803370852,0.0292958011949083,"AGFG1/DST/KRT19/KRT7/KRT80",5,"2"
"GO:0070849","response to epidermal growth factor","5/253","41/10170",0.121951219512195,4.90214981201195,3.99872749911578,0.0033021108182552,0.0373145803370852,0.0292958011949083,"EEF1A1/CFLAR/IQGAP1/DUSP3/EGFR",5,"2"
"GO:0072088","nephron epithelium morphogenesis","5/253","41/10170",0.121951219512195,4.90214981201195,3.99872749911578,0.0033021108182552,0.0373145803370852,0.0292958011949083,"CTNNB1/VEGFA/TACSTD2/BMP2/IRX2",5,"2"
"GO:0030316","osteoclast differentiation","6/253","59/10170",0.101694915254237,4.08789441950827,3.79927404646443,0.00333995059099233,0.0373145803370852,0.0292958011949083,"CTNNB1/CD81/NEDD9/CEBPB/FSTL3/BMP2",6,"2"
"GO:0048488","synaptic vesicle endocytosis","6/253","59/10170",0.101694915254237,4.08789441950827,3.79927404646443,0.00333995059099233,0.0373145803370852,0.0292958011949083,"CLTB/ARF6/ACTB/AP2B1/ACTG1/CAPN2",6,"2"
"GO:0001659","temperature homeostasis","9/253","122/10170",0.0737704918032787,2.96539882070887,3.48818910199585,0.00335300054630392,0.0373145803370852,0.0292958011949083,"PTGS2/DDIT3/ATF4/GNAS/QKI/VEGFA/CEBPB/RHEB/GJA1",9,"2"
"GO:0007369","gastrulation","9/253","122/10170",0.0737704918032787,2.96539882070887,3.48818910199585,0.00335300054630392,0.0373145803370852,0.0292958011949083,"ITGAV/PRKAR1A/CTNNB1/ITGB1/MYH9/GJA1/PHLDB2/COL12A1/COL4A2",9,"2"
"GO:0008361","regulation of cell size","9/253","122/10170",0.0737704918032787,2.96539882070887,3.48818910199585,0.00335300054630392,0.0373145803370852,0.0292958011949083,"RAB21/ARHGAP5/EIF4G2/MSN/RTN4/RDX/VEGFA/MAP2/CTTN",9,"2"
"GO:0051495","positive regulation of cytoskeleton organization","9/253","122/10170",0.0737704918032787,2.96539882070887,3.48818910199585,0.00335300054630392,0.0373145803370852,0.0292958011949083,"ARF6/ROCK2/CFL2/ARPC2/RGCC/DSTN/FLNA/NCKAP1/CTTN",9,"2"
"GO:0090257","regulation of muscle system process","9/253","123/10170",0.0731707317073171,2.94128988720717,3.45966441356935,0.00354118555337084,0.0391268908687359,0.0307186522241589,"CALM2/PTGS2/ENO1/LMNA/ROCK2/NFATC3/MEF2A/CTTN/TNNC1",9,"2"
"GO:1901699","cellular response to nitrogen compound","20/253","415/10170",0.0481927710843374,1.93723510643364,3.11363848758067,0.00356581910415097,0.0391268908687359,0.0307186522241589,"MYO1C/PTGS2/PRKAR1A/GNB1/GNAQ/EZR/CFLAR/ACTB/BLVRB/ROCK2/CTNNB1/HNRNPD/GNAS/RBX1/INSIG1/RHOQ/FLNA/EGFR/GJA1/CAV2",20,"2"
"GO:0002052","positive regulation of neuroblast proliferation","3/253","13/10170",0.230769230769231,9.27637579811493,4.76912142098033,0.00361678253317962,0.0391268908687359,0.0307186522241589,"CTNNB1/ITGB1/VEGFA",3,"2"
"GO:0034333","adherens junction assembly","3/253","13/10170",0.230769230769231,9.27637579811493,4.76912142098033,0.00361678253317962,0.0391268908687359,0.0307186522241589,"VCL/ACTB/CTNNB1",3,"2"
"GO:0010463","mesenchymal cell proliferation","4/253","26/10170",0.153846153846154,6.18425053207662,4.22743814949372,0.00363271286143621,0.0391268908687359,0.0307186522241589,"LMNA/ARHGAP5/CTNNB1/BMP2",4,"2"
"GO:0044319","wound healing, spreading of cells","4/253","26/10170",0.153846153846154,6.18425053207662,4.22743814949372,0.00363271286143621,0.0391268908687359,0.0307186522241589,"ITGAV/ITGB1/FLNA/PHLDB2",4,"2"
"GO:0071711","basement membrane organization","4/253","26/10170",0.153846153846154,6.18425053207662,4.22743814949372,0.00363271286143621,0.0391268908687359,0.0307186522241589,"COL4A1/ITGB1/PHLDB2/CAV2",4,"2"
"GO:0090505","epiboly involved in wound healing","4/253","26/10170",0.153846153846154,6.18425053207662,4.22743814949372,0.00363271286143621,0.0391268908687359,0.0307186522241589,"ITGAV/ITGB1/FLNA/PHLDB2",4,"2"
"GO:0009792","embryo development ending in birth or egg hatching","21/253","445/10170",0.0471910112359551,1.89696673624373,3.0904431984844,0.00363955976647691,0.0391268908687359,0.0307186522241589,"MBNL1/KRT8/YBX1/YBX3/CTNNB1/ITGB1/RTN4/EIF2S2/VEGFA/MYH9/CAPN2/CEBPB/KRT19/NXN/HOPX/SCEL/TM4SF1/EGFR/YAP1/GJA1/BMP2",21,"2"
"GO:0002573","myeloid leukocyte differentiation","10/253","147/10170",0.0680272108843537,2.73453254819714,3.38338549847887,0.00365442093968312,0.0391268908687359,0.0307186522241589,"CFLAR/CTNNB1/CD81/QKI/NEDD9/VEGFA/MYH9/CEBPB/FSTL3/BMP2",10,"2"
"GO:0042246","tissue regeneration","5/253","42/10170",0.119047619047619,4.785431959345,3.9263360805368,0.00367366520625211,0.0391268908687359,0.0307186522241589,"CFLAR/CD81/HOPX/YAP1/GJA1",5,"2"
"GO:0051293","establishment of spindle localization","5/253","42/10170",0.119047619047619,4.785431959345,3.9263360805368,0.00367366520625211,0.0391268908687359,0.0307186522241589,"DYNLT1/ITGB1/MYH9/CFL1/GJA1",5,"2"
"GO:0072028","nephron morphogenesis","5/253","42/10170",0.119047619047619,4.785431959345,3.9263360805368,0.00367366520625211,0.0391268908687359,0.0307186522241589,"CTNNB1/VEGFA/TACSTD2/BMP2/IRX2",5,"2"
"GO:0030216","keratinocyte differentiation","7/253","80/10170",0.0875,3.51729249011858,3.61029191002646,0.00367829905260654,0.0391268908687359,0.0307186522241589,"ROCK2/FLNB/SFN/SCEL/KRT7/KRT80/YAP1",7,"2"
"GO:0051017","actin filament bundle assembly","9/253","124/10170",0.0725806451612903,2.91756980747163,3.43142622699146,0.00373757352796509,0.039508144000935,0.03101797532695,"EZR/ROCK2/RGCC/NEDD9/ACTG1/RDX/FLNA/TACSTD2/PHLDB2",9,"2"
"GO:0061572","actin filament bundle organization","9/253","124/10170",0.0725806451612903,2.91756980747163,3.43142622699146,0.00373757352796509,0.039508144000935,0.03101797532695,"EZR/ROCK2/RGCC/NEDD9/ACTG1/RDX/FLNA/TACSTD2/PHLDB2",9,"2"
"GO:0048732","gland development","15/253","276/10170",0.0543478260869565,2.18465372057054,3.18690588657332,0.00376261388502556,0.0396485438134569,0.0311282036869714,"ARF6/ARHGAP5/CFLAR/CTNNB1/HNRNPD/MSN/RTN4/VEGFA/CEBPB/CEBPG/CCND1/NRG1/EGFR/GJA1/BMP2",15,"2"
"GO:0001889","liver development","8/253","102/10170",0.0784313725490196,3.15275517321553,3.49005564720504,0.00384502708775437,0.0403907518377188,0.0317109136766757,"ARF6/CFLAR/HNRNPD/RTN4/CEBPB/CEBPG/CCND1/EGFR",8,"2"
"GO:0045667","regulation of osteoblast differentiation","7/253","81/10170",0.0864197530864197,3.47386912604304,3.57029742493956,0.00394291824015163,0.0411661092455154,0.0323196493577047,"ATF4/CTNNB1/JUND/VEGFA/CEBPB/YAP1/BMP2",7,"2"
"GO:0043588","skin development","11/253","173/10170",0.0635838150289017,2.55591857250565,3.29673696737365,0.00394325423674421,0.0411661092455154,0.0323196493577047,"DHCR24/ROCK2/CTNNB1/GNAS/FLNB/SFN/SCEL/KRT7/KRT80/EGFR/YAP1",11,"2"
"GO:0010721","negative regulation of cell development","10/253","149/10170",0.0671140939597315,2.69782741332202,3.33457409704732,0.00402414027290673,0.041880867284696,0.0328808082727759,"LGALS1/LDLR/DYNLT1/YWHAH/CTNNB1/QKI/RTN4/VEGFA/MAP2/FSTL3",10,"2"
"GO:0014855","striated muscle cell proliferation","5/253","43/10170",0.116279069767442,4.6741428440114,3.85619588913544,0.00407427479520612,0.0419599380645236,0.0329428870051435,"PRKAR1A/CFLAR/NRG1/YAP1/CAV2",5,"2"
"GO:0043266","regulation of potassium ion transport","5/253","43/10170",0.116279069767442,4.6741428440114,3.85619588913544,0.00407427479520612,0.0419599380645236,0.0329428870051435,"ATF4/ITGB1/ATP1B3/KIF5B/FLNA",5,"2"
"GO:0140467","integrated stress response signaling","5/253","43/10170",0.116279069767442,4.6741428440114,3.85619588913544,0.00407427479520612,0.0419599380645236,0.0329428870051435,"DDIT3/ATF4/ABCA7/CEBPB/CEBPG",5,"2"
"GO:0046165","alcohol biosynthetic process","8/253","103/10170",0.0776699029126214,3.12214589968917,3.45742720114008,0.0040815123621482,0.0419599380645236,0.0329428870051435,"DHCR24/MSMO1/FDPS/INSIG1/QKI/HMGCS1/MVD/BMP2",8,"2"
"GO:0009205","purine ribonucleoside triphosphate metabolic process","11/253","174/10170",0.0632183908045977,2.54122938530735,3.27520138367636,0.00411919424202791,0.042218610893976,0.0331459719043359,"ENO1/NDUFS6/NDUFC2/NDUFB8/NUPR1/TMSB4X/RHOQ/NDUFB7/NDUFB1/ATP5MK/ATP5F1EP2",11,"2"
"GO:0001658","branching involved in ureteric bud morphogenesis","4/253","27/10170",0.148148148148148,5.95520421607378,4.11783987241656,0.00418238481242504,0.0422245556511893,0.0331506391530065,"CTNNB1/VEGFA/TACSTD2/BMP2",4,"2"
"GO:0060688","regulation of morphogenesis of a branching structure","4/253","27/10170",0.148148148148148,5.95520421607378,4.11783987241656,0.00418238481242504,0.0422245556511893,0.0331506391530065,"CTNNB1/RTN4/VEGFA/TACSTD2",4,"2"
"GO:0090504","epiboly","4/253","27/10170",0.148148148148148,5.95520421607378,4.11783987241656,0.00418238481242504,0.0422245556511893,0.0331506391530065,"ITGAV/ITGB1/FLNA/PHLDB2",4,"2"
"GO:1902305","regulation of sodium ion transmembrane transport","4/253","27/10170",0.148148148148148,5.95520421607378,4.11783987241656,0.00418238481242504,0.0422245556511893,0.0331506391530065,"ACTN4/CHP1/YWHAH/ATP1B3",4,"2"
"GO:1903351","cellular response to dopamine","4/253","27/10170",0.148148148148148,5.95520421607378,4.11783987241656,0.00418238481242504,0.0422245556511893,0.0331506391530065,"GNB1/GNAS/FLNA/CAV2",4,"2"
"GO:0045785","positive regulation of cell adhesion","16/253","307/10170",0.0521172638436482,2.09499040826048,3.11160323072311,0.00422160418325319,0.042493281510238,0.0333616167191886,"ITGAV/LGALS1/LIMS1/ACTB/CD81/ARPC2/RRAS/UNC13D/NEDD9/VEGFA/SPOCK2/FLNA/SFN/NRG1/CEACAM6/FSTL3",16,"2"
"GO:0014013","regulation of gliogenesis","6/253","62/10170",0.0967741935483871,3.89009307662884,3.64572818161841,0.00428410228891466,0.0429940265423221,0.0337547533102142,"LDLR/CTNNB1/QKI/RHEB/EGFR/BMP2",6,"2"
"GO:0006694","steroid biosynthetic process","8/253","104/10170",0.0769230769230769,3.09212526603831,3.42519355861715,0.00432906636657367,0.0431882005564686,0.0339071999748763,"DHCR24/MSMO1/FDPS/INSIG1/QKI/HMGCS1/MVD/BMP2",8,"2"
"GO:0061008","hepaticobiliary system development","8/253","104/10170",0.0769230769230769,3.09212526603831,3.42519355861715,0.00432906636657367,0.0431882005564686,0.0339071999748763,"ARF6/CFLAR/HNRNPD/RTN4/CEBPB/CEBPG/CCND1/EGFR",8,"2"
"GO:0050808","synapse organization","16/253","309/10170",0.0517799352750809,2.08143059979278,3.08337709576095,0.00449360670411127,0.0441712889172501,0.034679025918363,"COL4A1/CAP1/EZR/ARF6/ACTB/CTNNB1/ITGB1/NEDD8/RTN4/KIF5B/NEDD9/ACTG1/SPOCK2/FLNA/CFL1/CTTN",16,"2"
"GO:0006356","regulation of transcription by RNA polymerase I","5/253","44/10170",0.113636363636364,4.56791232482932,3.78818149430292,0.00450515581537535,0.0441712889172501,0.034679025918363,"MYO1C/DDX21/POLR2L/ATF4/FLNA",5,"2"
"GO:0006123","mitochondrial electron transport, cytochrome c to oxygen","3/253","14/10170",0.214285714285714,8.61377752682101,4.55315129997908,0.00451930447107096,0.0441712889172501,0.034679025918363,"COX7A2/COX7B/COX7C",3,"2"
"GO:0006817","phosphate ion transport","3/253","14/10170",0.214285714285714,8.61377752682101,4.55315129997908,0.00451930447107096,0.0441712889172501,0.034679025918363,"ATF4/SLC25A3/CEBPB",3,"2"
"GO:0036119","response to platelet-derived growth factor","3/253","14/10170",0.214285714285714,8.61377752682101,4.55315129997908,0.00451930447107096,0.0441712889172501,0.034679025918363,"DDIT3/IQGAP1/RDX",3,"2"
"GO:0060143","positive regulation of syncytium formation by plasma membrane fusion","3/253","14/10170",0.214285714285714,8.61377752682101,4.55315129997908,0.00451930447107096,0.0441712889172501,0.034679025918363,"EHD1/CAPN2/EHD2",3,"2"
"GO:2001026","regulation of endothelial cell chemotaxis","3/253","14/10170",0.214285714285714,8.61377752682101,4.55315129997908,0.00451930447107096,0.0441712889172501,0.034679025918363,"TMSB4X/VEGFA/HSPB1",3,"2"
"GO:0044092","negative regulation of molecular function","18/253","366/10170",0.0491803278688525,1.97693254713925,3.04027380537858,0.00454511280241485,0.0442951455772915,0.0347762661943211,"ITGAV/CALM2/PHPT1/GNAQ/CHP1/TIMP2/SPRED1/PPP2CB/NUPR1/DUSP3/RDX/SPOCK2/FLNA/CEBPG/HSPB1/SFN/MAP2/APOC1",18,"2"
"GO:0120161","regulation of cold-induced thermogenesis","8/253","105/10170",0.0761904761904762,3.0626764539808,3.39334564187918,0.00458802497097646,0.0444002072339285,0.0348587504505619,"DDIT3/ATF4/GNAS/QKI/VEGFA/CEBPB/RHEB/GJA1",8,"2"
"GO:0001649","osteoblast differentiation","10/253","152/10170",0.0657894736842105,2.64458081963803,3.26283963197981,0.0046335687955588,0.0444002072339285,0.0348587504505619,"DDX21/CLTC/ATF4/CTNNB1/JUND/VEGFA/CEBPB/YAP1/GJA1/BMP2",10,"2"
"GO:0009165","nucleotide biosynthetic process","10/253","152/10170",0.0657894736842105,2.64458081963803,3.26283963197981,0.0046335687955588,0.0444002072339285,0.0348587504505619,"ENO1/NDUFS6/NAMPT/NDUFC2/NDUFB8/TMSB4X/NDUFB7/NDUFB1/ATP5MK/ATP5F1EP2",10,"2"
"GO:0010562","positive regulation of phosphorus metabolic process","16/253","310/10170",0.0516129032258065,2.07471630753538,3.06934322777765,0.00463489707780036,0.0444002072339285,0.0348587504505619,"CALM2/ENO1/CHP1/NDUFC2/ROCK2/RGCC/DDX3X/IQGAP1/TMSB4X/NEDD9/VEGFA/CAPN2/CCND1/NRG1/EGFR/BMP2",16,"2"
"GO:0045937","positive regulation of phosphate metabolic process","16/253","310/10170",0.0516129032258065,2.07471630753538,3.06934322777765,0.00463489707780036,0.0444002072339285,0.0348587504505619,"CALM2/ENO1/CHP1/NDUFC2/ROCK2/RGCC/DDX3X/IQGAP1/TMSB4X/NEDD9/VEGFA/CAPN2/CCND1/NRG1/EGFR/BMP2",16,"2"
"GO:0051338","regulation of transferase activity","16/253","310/10170",0.0516129032258065,2.07471630753538,3.06934322777765,0.00463489707780036,0.0444002072339285,0.0348587504505619,"CALM2/PHPT1/GNAQ/CHP1/ACTB/SPRED1/RGCC/DDX3X/IQGAP1/NEDD9/DUSP3/HSPB1/SFN/CCND1/NRG1/EGFR",16,"2"
"GO:0010665","regulation of cardiac muscle cell apoptotic process","4/253","28/10170",0.142857142857143,5.742518351214,4.01361268191747,0.00478558515438194,0.0454563187058476,0.0356879070816029,"CFLAR/NUPR1/CAPN2/NRG1",4,"2"
"GO:0055008","cardiac muscle tissue morphogenesis","4/253","28/10170",0.142857142857143,5.742518351214,4.01361268191747,0.00478558515438194,0.0454563187058476,0.0356879070816029,"NRG1/TNNC1/BMP2/ANKRD1",4,"2"
"GO:1903350","response to dopamine","4/253","28/10170",0.142857142857143,5.742518351214,4.01361268191747,0.00478558515438194,0.0454563187058476,0.0356879070816029,"GNB1/GNAS/FLNA/CAV2",4,"2"
"GO:0106106","cold-induced thermogenesis","8/253","106/10170",0.0754716981132075,3.03378327988664,3.36187466861385,0.00485872685465066,0.0460214240277585,0.0361315731503442,"DDIT3/ATF4/GNAS/QKI/VEGFA/CEBPB/RHEB/GJA1",8,"2"
"GO:0051653","spindle localization","5/253","45/10170",0.111111111111111,4.46640316205534,3.72217716765226,0.00496751676628931,0.0469200743303293,0.036837106493344,"DYNLT1/ITGB1/MYH9/CFL1/GJA1",5,"2"
"GO:0043535","regulation of blood vessel endothelial cell migration","6/253","64/10170",0.09375,3.76852766798419,3.54861133778645,0.00501449378404108,0.0469690917771848,0.0368755902539863,"PTGS2/SPRED1/RGCC/TMSB4X/VEGFA/HSPB1",6,"2"
"GO:0060840","artery development","6/253","64/10170",0.09375,3.76852766798419,3.54861133778645,0.00501449378404108,0.0469690917771848,0.0368755902539863,"DDIT3/LDLR/NFATC3/AP2B1/RTN4/VEGFA",6,"2"
"GO:0061387","regulation of extent of cell growth","6/253","64/10170",0.09375,3.76852766798419,3.54861133778645,0.00501449378404108,0.0469690917771848,0.0368755902539863,"RAB21/EIF4G2/RTN4/VEGFA/MAP2/CTTN",6,"2"
"GO:0003007","heart morphogenesis","10/253","154/10170",0.0649350649350649,2.61023561418818,3.21596903132909,0.00507867620549254,0.0470475169365957,0.0369371621076163,"CTNNB1/RTN4/VEGFA/FLNA/NRG1/YAP1/GJA1/TNNC1/BMP2/ANKRD1",10,"2"
"GO:0034765","regulation of monoatomic ion transmembrane transport","10/253","154/10170",0.0649350649350649,2.61023561418818,3.21596903132909,0.00507867620549254,0.0470475169365957,0.0369371621076163,"CALM2/ACTN4/STOM/CHP1/YWHAH/ITGB1/ATP1B3/COX17/TMSB4X/FLNA",10,"2"
"GO:0046034","ATP metabolic process","10/253","154/10170",0.0649350649350649,2.61023561418818,3.21596903132909,0.00507867620549254,0.0470475169365957,0.0369371621076163,"ENO1/NDUFS6/NDUFC2/NDUFB8/NUPR1/TMSB4X/NDUFB7/NDUFB1/ATP5MK/ATP5F1EP2",10,"2"
"GO:0070372","regulation of ERK1 and ERK2 cascade","10/253","154/10170",0.0649350649350649,2.61023561418818,3.21596903132909,0.00507867620549254,0.0470475169365957,0.0369371621076163,"EZR/CFLAR/SPRED1/RRAS/DUSP3/VEGFA/ABCA7/NRG1/EGFR/BMP2",10,"2"
"GO:0048754","branching morphogenesis of an epithelial tube","7/253","85/10170",0.0823529411764706,3.31039293187631,3.41638327018653,0.0051481721913119,0.0475606482989143,0.0373400232477273,"COL4A1/CTSZ/CTNNB1/VEGFA/TACSTD2/YAP1/BMP2",7,"2"
"GO:0050673","epithelial cell proliferation","14/253","259/10170",0.0540540540540541,2.17284478154043,3.05380225495239,0.00529962090076218,0.0485555908002066,0.0381211559163762,"CFLAR/CTNNB1/RGCC/NUPR1/RTN4/VEGFA/CEBPB/TACSTD2/SFN/CCND1/EGFR/YAP1/HSPG2/CAV2",14,"2"
"GO:0009144","purine nucleoside triphosphate metabolic process","11/253","180/10170",0.0611111111111111,2.45652173913043,3.14905109316955,0.00531062914490026,0.0485555908002066,0.0381211559163762,"ENO1/NDUFS6/NDUFC2/NDUFB8/NUPR1/TMSB4X/RHOQ/NDUFB7/NDUFB1/ATP5MK/ATP5F1EP2",11,"2"
"GO:0010959","regulation of metal ion transport","11/253","180/10170",0.0611111111111111,2.45652173913043,3.14905109316955,0.00531062914490026,0.0485555908002066,0.0381211559163762,"CALM2/PTGS2/ACTN4/CHP1/ATF4/YWHAH/CTNNB1/ITGB1/ATP1B3/KIF5B/FLNA",11,"2"
"GO:0051962","positive regulation of nervous system development","10/253","155/10170",0.0645161290322581,2.59339538441923,3.19281058605457,0.00531346767653506,0.0485555908002066,0.0381211559163762,"RAB21/EIF4G2/CTNNB1/ITGB1/QKI/NAP1L1/VEGFA/RHEB/EGFR/BMP2",10,"2"
"GO:0007009","plasma membrane organization","8/253","108/10170",0.0740740740740741,2.97760210803689,3.30002982707966,0.0054367279497241,0.0488335039551739,0.0383393464591566,"NDRG1/EPB41L3/MYOF/IQGAP1/MYH9/ABCA7/CAV2/EHD2",8,"2"
"GO:1905330","regulation of morphogenesis of an epithelium","4/253","29/10170",0.137931034482759,5.54450047703421,3.91429892526125,0.00544458301485691,0.0488335039551739,0.0383393464591566,"CTNNB1/VEGFA/TACSTD2/GJA1",4,"2"
"GO:0045685","regulation of glial cell differentiation","5/253","46/10170",0.108695652173913,4.36930744114109,3.65807593455674,0.00546255623644401,0.0488335039551739,0.0383393464591566,"LDLR/CTNNB1/QKI/RHEB/BMP2",5,"2"
"GO:0150076","neuroinflammatory response","5/253","46/10170",0.108695652173913,4.36930744114109,3.65807593455674,0.00546255623644401,0.0488335039551739,0.0383393464591566,"PTGS2/LDLR/ITGB1/NUPR1/EGFR",5,"2"
"GO:0001503","ossification","14/253","260/10170",0.0538461538461538,2.16448768622682,3.03804340823863,0.00547987678781661,0.0488335039551739,0.0383393464591566,"PTGS2/DDX21/CLTC/ATF4/CTNNB1/JUND/VEGFA/CEBPB/SGMS2/EGFR/YAP1/GJA1/FSTL3/BMP2",14,"2"
"GO:0030879","mammary gland development","7/253","86/10170",0.0813953488372093,3.27189999080798,3.37933498588469,0.00548857668618989,0.0488335039551739,0.0383393464591566,"ARHGAP5/RTN4/VEGFA/CEBPB/CCND1/NRG1/GJA1",7,"2"
"GO:0072073","kidney epithelium development","7/253","86/10170",0.0813953488372093,3.27189999080798,3.37933498588469,0.00548857668618989,0.0488335039551739,0.0383393464591566,"CTNNB1/IQGAP1/VEGFA/TACSTD2/YAP1/BMP2/IRX2",7,"2"
"GO:0009199","ribonucleoside triphosphate metabolic process","11/253","181/10170",0.0607734806629834,2.44294979582032,3.12851851524363,0.00553329775137027,0.0488335039551739,0.0383393464591566,"ENO1/NDUFS6/NDUFC2/NDUFB8/NUPR1/TMSB4X/RHOQ/NDUFB7/NDUFB1/ATP5MK/ATP5F1EP2",11,"2"
"GO:0031639","plasminogen activation","3/253","15/10170",0.2,8.03952569169961,4.35770966336858,0.0055463275152035,0.0488335039551739,0.0383393464591566,"CTSZ/ENO1/DHCR24",3,"2"
"GO:0072574","hepatocyte proliferation","3/253","15/10170",0.2,8.03952569169961,4.35770966336858,0.0055463275152035,0.0488335039551739,0.0383393464591566,"CFLAR/RTN4/CEBPB",3,"2"
"GO:0072575","epithelial cell proliferation involved in liver morphogenesis","3/253","15/10170",0.2,8.03952569169961,4.35770966336858,0.0055463275152035,0.0488335039551739,0.0383393464591566,"CFLAR/RTN4/CEBPB",3,"2"
"GO:0090314","positive regulation of protein targeting to membrane","3/253","15/10170",0.2,8.03952569169961,4.35770966336858,0.0055463275152035,0.0488335039551739,0.0383393464591566,"MYO1C/STOM/CHP1",3,"2"
"GO:1900037","regulation of cellular response to hypoxia","3/253","15/10170",0.2,8.03952569169961,4.35770966336858,0.0055463275152035,0.0488335039551739,0.0383393464591566,"ENO1/ROCK2/DDAH1",3,"2"
"GO:0045927","positive regulation of growth","10/253","156/10170",0.0641025641025641,2.57677105503192,3.16983292595961,0.00555668452901611,0.0488335039551739,0.0383393464591566,"EZR/EIF4G2/YBX3/DDX3X/VEGFA/SFN/HOPX/NRG1/EGFR/YAP1",10,"2"
"GO:0043009","chordate embryonic development","20/253","432/10170",0.0462962962962963,1.86100131752306,2.92092248551692,0.00556111077069596,0.0488335039551739,0.0383393464591566,"MBNL1/KRT8/YBX1/YBX3/CTNNB1/ITGB1/RTN4/EIF2S2/VEGFA/MYH9/CAPN2/CEBPB/KRT19/NXN/HOPX/TM4SF1/EGFR/YAP1/GJA1/BMP2",20,"2"
"GO:1901654","response to ketone","9/253","132/10170",0.0681818181818182,2.74074739489759,3.21520265253571,0.00563357595346138,0.0493413457534332,0.0387380547449224,"GNB1/GNAQ/CFLAR/ROCK2/HNRNPD/MSN/GNAS/EGFR/YAP1",9,"2"
"GO:0006091","generation of precursor metabolites and energy","17/253","345/10170",0.0492753623188406,1.98075270665063,2.96013836061119,0.00565025555451255,0.0493592272793169,0.0387520935903983,"ENO1/NDUFS6/COX7A2/COX7B/COX7C/GFPT1/NDUFC2/NDUFB8/UQCRH/UQCRB/PPP1CB/COX17/NUPR1/UGP2/NDUFB7/NDUFB1/ATP5F1EP2",17,"2"
"GO:0045727","positive regulation of translation","8/253","109/10170",0.073394495412844,2.95028465750444,3.26963976346964,0.00574471664277182,0.0500547403602754,0.0392981432247277,"CSDE1/EIF4G2/YBX1/YBX3/RBM3/HNRNPD/PABPC1/DDX3X",8,"2"
"GO:0008544","epidermis development","12/253","208/10170",0.0576923076923077,2.31909394952873,3.07003519819905,0.00578620546237765,0.0502863010802512,0.0394799423165486,"YBX1/ROCK2/CTNNB1/GNAS/FLNB/SFN/SCEL/KRT7/KRT80/EGFR/YAP1/CST6",12,"2"
"GO:0043500","muscle adaptation","6/253","66/10170",0.0909090909090909,3.65432985986346,3.45532911288037,0.00583241568045129,0.0505575981349145,0.0396929385369638,"LMNA/CFLAR/ROCK2/NFATC3/MEF2A/TNNC1",6,"2"
"GO:0098927","vesicle-mediated transport between endosomal compartments","5/253","47/10170",0.106382978723404,4.27634345303171,3.59577873683971,0.00599146079876035,0.0515387903403569,0.040463275802584,"EZR/RAB21/MSN/RDX/FLNA",5,"2"
"GO:1903078","positive regulation of protein localization to plasma membrane","5/253","47/10170",0.106382978723404,4.27634345303171,3.59577873683971,0.00599146079876035,0.0515387903403569,0.040463275802584,"EZR/ARF6/ITGB1/KIF5B/EGFR",5,"2"
"GO:2000177","regulation of neural precursor cell proliferation","5/253","47/10170",0.106382978723404,4.27634345303171,3.59577873683971,0.00599146079876035,0.0515387903403569,0.040463275802584,"CTNNB1/ITGB1/NAP1L1/VEGFA/FLNA",5,"2"
"GO:0001763","morphogenesis of a branching structure","8/253","110/10170",0.0727272727272727,2.92346388789077,3.23959423095916,0.00606582713757148,0.0516801977250633,0.0405742952108804,"COL4A1/CTSZ/CTNNB1/RTN4/VEGFA/TACSTD2/YAP1/BMP2",8,"2"
"GO:0030041","actin filament polymerization","8/253","110/10170",0.0727272727272727,2.92346388789077,3.23959423095916,0.00606582713757148,0.0516801977250633,0.0405742952108804,"CAPG/ARF6/ARPC5/ARPC5L/ARPC2/RDX/NCKAP1/CTTN",8,"2"
"GO:0001894","tissue homeostasis","10/253","158/10170",0.0632911392405063,2.54415369990494,3.12440897756582,0.00606920471504302,0.0516801977250633,0.0405742952108804,"VCL/PTGS2/ACTB/CTNNB1/ITGB1/ACTG1/VEGFA/EGFR/YAP1/GJA1",10,"2"
"GO:0060249","anatomical structure homeostasis","10/253","158/10170",0.0632911392405063,2.54415369990494,3.12440897756582,0.00606920471504302,0.0516801977250633,0.0405742952108804,"VCL/PTGS2/ACTB/CTNNB1/ITGB1/ACTG1/VEGFA/EGFR/YAP1/GJA1",10,"2"
"GO:0010659","cardiac muscle cell apoptotic process","4/253","30/10170",0.133333333333333,5.3596837944664,3.81949432213208,0.00616157116743911,0.0516836268074743,0.0405769873948923,"CFLAR/NUPR1/CAPN2/NRG1",4,"2"
"GO:0010662","regulation of striated muscle cell apoptotic process","4/253","30/10170",0.133333333333333,5.3596837944664,3.81949432213208,0.00616157116743911,0.0516836268074743,0.0405769873948923,"CFLAR/NUPR1/CAPN2/NRG1",4,"2"
"GO:0045670","regulation of osteoclast differentiation","4/253","30/10170",0.133333333333333,5.3596837944664,3.81949432213208,0.00616157116743911,0.0516836268074743,0.0405769873948923,"CTNNB1/NEDD9/CEBPB/FSTL3",4,"2"
"GO:0050856","regulation of T cell receptor signaling pathway","4/253","30/10170",0.133333333333333,5.3596837944664,3.81949432213208,0.00616157116743911,0.0516836268074743,0.0405769873948923,"PHPT1/EZR/CD81/DUSP3",4,"2"
"GO:0071868","cellular response to monoamine stimulus","4/253","30/10170",0.133333333333333,5.3596837944664,3.81949432213208,0.00616157116743911,0.0516836268074743,0.0405769873948923,"GNB1/GNAS/FLNA/CAV2",4,"2"
"GO:0071870","cellular response to catecholamine stimulus","4/253","30/10170",0.133333333333333,5.3596837944664,3.81949432213208,0.00616157116743911,0.0516836268074743,0.0405769873948923,"GNB1/GNAS/FLNA/CAV2",4,"2"
"GO:0035051","cardiocyte differentiation","7/253","88/10170",0.0795454545454545,3.19753862738052,3.30684420720334,0.00621968206297168,0.05191279187213,0.0407569056497493,"LMNA/ITGB1/MEF2A/VEGFA/NRG1/EGFR/BMP2",7,"2"
"GO:0048639","positive regulation of developmental growth","7/253","88/10170",0.0795454545454545,3.19753862738052,3.30684420720334,0.00621968206297168,0.05191279187213,0.0407569056497493,"EZR/EIF4G2/YBX3/VEGFA/HOPX/NRG1/YAP1",7,"2"
"GO:0030001","metal ion transport","19/253","407/10170",0.0466830466830467,1.87654776587583,2.88263977482897,0.00625315074503652,0.0519968429416856,0.0408228944241553,"ITGAV/CALM2/PTGS2/DDIT3/CLTC/ACTN4/CHP1/ATF4/SLC38A1/YWHAH/CTNNB1/ITGB1/ATP1B3/COX17/FTL/KIF5B/TPT1/FTH1/FLNA",19,"2"
"GO:0008037","cell recognition","6/253","67/10170",0.0895522388059701,3.59978762314908,3.41003883036651,0.00627601277498993,0.0519968429416856,0.0408228944241553,"NEXN/CD81/MSN/RTN4/NEDD9/SFTPA1",6,"2"
"GO:2000628","regulation of miRNA metabolic process","6/253","67/10170",0.0895522388059701,3.59978762314908,3.41003883036651,0.00627601277498993,0.0519968429416856,0.0408228944241553,"NFATC3/QKI/VEGFA/EGFR/XIST/BMP2",6,"2"
"GO:0007548","sex differentiation","10/253","159/10170",0.0628930817610063,2.52815273323887,3.1019573458374,0.00633891699824501,0.0523892846031426,0.041131001678499,"CSDE1/DHCR24/YBX3/CTNNB1/NUPR1/EIF2S2/VEGFA/FLNA/CEBPB/GJA1",10,"2"
"GO:0043488","regulation of mRNA stability","9/253","135/10170",0.0666666666666667,2.6798418972332,3.13823767847319,0.00651026053683646,0.0536738350371945,0.04213950649889,"CSDE1/YBX1/YBX3/ROCK2/HNRNPD/PABPC1/MAPKAPK2/QKI/PABPC4",9,"2"
"GO:0043525","positive regulation of neuron apoptotic process","5/253","48/10170",0.104166666666667,4.18725296442688,3.53519369152499,0.00655540298426256,0.0539141923486179,0.042328211823929,"DDIT3/ATF4/CFLAR/CTNNB1/NUPR1",5,"2"
"GO:0006936","muscle contraction","10/253","160/10170",0.0625,2.51235177865613,3.07967580912069,0.00661787240302538,0.0542955370875951,0.0426276068475063,"CALM2/PTGS2/ENO1/ROCK2/MYOF/FLNA/MYL6/CTTN/GJA1/TNNC1",10,"2"
"GO:0070201","regulation of establishment of protein localization","18/253","380/10170",0.0473684210526316,1.90409819013938,2.86896519690972,0.00665982681563413,0.0545071262677628,0.0427937262169643,"MYO1C/PTGS2/PRKAR1A/STOM/ARF6/RAB11FIP1/CHP1/CD81/TOMM7/GNAS/IFI27/INSIG1/OAZ1/UBL5/FLNA/SFN/EGFR/ANKRD1",18,"2"
"GO:0034695","response to prostaglandin E","3/253","16/10170",0.1875,7.53705533596838,4.17958152407608,0.00670218062872842,0.05458877555573,0.0428578293446529,"GNB1/GNAQ/GNAS",3,"2"
"GO:0035313","wound healing, spreading of epidermal cells","3/253","16/10170",0.1875,7.53705533596838,4.17958152407608,0.00670218062872842,0.05458877555573,0.0428578293446529,"ITGAV/ITGB1/PHLDB2",3,"2"
"GO:0098660","inorganic ion transmembrane transport","20/253","440/10170",0.0454545454545455,1.82716492993173,2.83316102504347,0.00677783896262534,0.0550719830890907,0.043237197187071,"ITGAV/CALM2/DDIT3/NDUFS6/COX7B/ACTN4/CHP1/SLC38A1/NDUFC2/YWHAH/NDUFB8/ITGB1/ATP1B3/UQCRH/COX17/SLC25A3/NDUFB7/NDUFB1/FLNA/ATP5F1EP2",20,"2"
"GO:0006417","regulation of translation","15/253","295/10170",0.0508474576271186,2.04394720975414,2.90623160468833,0.00690085666296354,0.0558404960617806,0.0438405592793214,"CPEB4/EIF1/CSDE1/ETF1/EIF4EBP1/EIF4G2/ATF4/YBX1/YBX3/RBM3/HNRNPD/PABPC1/DDX3X/QKI/HSPB1",15,"2"
"GO:0030838","positive regulation of actin filament polymerization","4/253","31/10170",0.129032258064516,5.18679076883845,3.72884019118905,0.00693866187719041,0.0558404960617806,0.0438405592793214,"ARF6/ARPC2/NCKAP1/CTTN",4,"2"
"GO:0060675","ureteric bud morphogenesis","4/253","31/10170",0.129032258064516,5.18679076883845,3.72884019118905,0.00693866187719041,0.0558404960617806,0.0438405592793214,"CTNNB1/VEGFA/TACSTD2/BMP2",4,"2"
"GO:0072171","mesonephric tubule morphogenesis","4/253","31/10170",0.129032258064516,5.18679076883845,3.72884019118905,0.00693866187719041,0.0558404960617806,0.0438405592793214,"CTNNB1/VEGFA/TACSTD2/BMP2",4,"2"
"GO:0034394","protein localization to cell surface","5/253","49/10170",0.102040816326531,4.10179882229572,3.47623543287473,0.0071555393360057,0.0574487586690743,0.0451032116041462,"VCL/ARF6/CTNNB1/FLNA/ABCA7",5,"2"
"GO:0055007","cardiac muscle cell differentiation","6/253","69/10170",0.0869565217391304,3.49544595291287,3.32200097578206,0.00723608871672626,0.0579574611705485,0.0455025956308702,"LMNA/ITGB1/MEF2A/VEGFA/NRG1/BMP2",6,"2"
"GO:0120035","regulation of plasma membrane bounded cell projection organization","19/253","413/10170",0.0460048426150121,1.84928557072993,2.81436127594578,0.00727630378761921,0.0581414605968057,0.0456470541927222,"EZR/ARF6/RAB21/EIF4G2/CFLAR/YWHAH/ARPC2/RTN4/EHD1/NEDD9/RHOQ/RDX/VEGFA/FLNA/CFL1/NCKAP1/TACSTD2/MAP2/YAP1",19,"2"
"GO:0030099","myeloid cell differentiation","15/253","297/10170",0.0505050505050505,2.0301832554797,2.87791107449563,0.00732712191337619,0.0584091136924457,0.0458571895287822,"CFLAR/BLVRB/CTNNB1/CD81/QKI/NEDD9/VEGFA/MYH9/PABPC4/FLNA/NBEAL2/CEBPB/CEBPG/FSTL3/BMP2",15,"2"
"GO:0007409","axonogenesis","13/253","242/10170",0.0537190082644628,2.15937673537386,2.91548363316738,0.00746772086489144,0.0593895159349385,0.0466269065918619,"VCL/RAB21/ALCAM/EIF4G2/ACTB/NEXN/ITGB1/RTN4/KIF5B/ACTG1/VEGFA/MAP2/CTTN",13,"2"
"GO:0036465","synaptic vesicle recycling","6/253","70/10170",0.0857142857142857,3.4455110107284,3.27919454833477,0.00775400203513079,0.0609930753464485,0.047885866422026,"CLTB/ARF6/ACTB/AP2B1/ACTG1/CAPN2",6,"2"
"GO:0001825","blastocyst formation","4/253","32/10170",0.125,5.02470355731225,3.64201701927172,0.00777788327371675,0.0609930753464485,0.047885866422026,"RTN4/HOPX/TM4SF1/YAP1",4,"2"
"GO:0010658","striated muscle cell apoptotic process","4/253","32/10170",0.125,5.02470355731225,3.64201701927172,0.00777788327371675,0.0609930753464485,0.047885866422026,"CFLAR/NUPR1/CAPN2/NRG1",4,"2"
"GO:0071867","response to monoamine","4/253","32/10170",0.125,5.02470355731225,3.64201701927172,0.00777788327371675,0.0609930753464485,0.047885866422026,"GNB1/GNAS/FLNA/CAV2",4,"2"
"GO:0071869","response to catecholamine","4/253","32/10170",0.125,5.02470355731225,3.64201701927172,0.00777788327371675,0.0609930753464485,0.047885866422026,"GNB1/GNAS/FLNA/CAV2",4,"2"
"GO:0120163","negative regulation of cold-induced thermogenesis","4/253","32/10170",0.125,5.02470355731225,3.64201701927172,0.00777788327371675,0.0609930753464485,0.047885866422026,"DDIT3/ATF4/QKI/RHEB",4,"2"
"GO:0010594","regulation of endothelial cell migration","8/253","115/10170",0.0695652173913043,2.7963567623303,3.09428066473433,0.00788048573641855,0.06165428747843,0.0484049862671697,"PTGS2/ROCK2/SPRED1/RGCC/RRAS/TMSB4X/VEGFA/HSPB1",8,"2"
"GO:0010765","positive regulation of sodium ion transport","3/253","17/10170",0.176470588235294,7.09369913973495,4.01622008316604,0.00799063210303561,0.0616576921085494,0.0484076592536061,"ACTN4/CHP1/ATP1B3",3,"2"
"GO:0031424","keratinization","3/253","17/10170",0.176470588235294,7.09369913973495,4.01622008316604,0.00799063210303561,0.0616576921085494,0.0484076592536061,"SFN/KRT7/KRT80",3,"2"
"GO:0072576","liver morphogenesis","3/253","17/10170",0.176470588235294,7.09369913973495,4.01622008316604,0.00799063210303561,0.0616576921085494,0.0484076592536061,"CFLAR/RTN4/CEBPB",3,"2"
"GO:1905145","cellular response to acetylcholine","3/253","17/10170",0.176470588235294,7.09369913973495,4.01622008316604,0.00799063210303561,0.0616576921085494,0.0484076592536061,"GNB1/GNAQ/ROCK2",3,"2"
"GO:1905332","positive regulation of morphogenesis of an epithelium","3/253","17/10170",0.176470588235294,7.09369913973495,4.01622008316604,0.00799063210303561,0.0616576921085494,0.0484076592536061,"CTNNB1/VEGFA/GJA1",3,"2"
"GO:2000649","regulation of sodium ion transmembrane transporter activity","3/253","17/10170",0.176470588235294,7.09369913973495,4.01622008316604,0.00799063210303561,0.0616576921085494,0.0484076592536061,"ACTN4/CHP1/YWHAH",3,"2"
"GO:0001558","regulation of cell growth","14/253","272/10170",0.0514705882352941,2.06899558242269,2.85427534037063,0.00805373156819252,0.0620027005660849,0.0486785265417068,"ENO1/RAB21/EIF4G2/DDX3X/RTN4/VEGFA/SFN/MAP2/OSGIN2/NRG1/EGFR/YAP1/CTTN/GJA1",14,"2"
"GO:0048667","cell morphogenesis involved in neuron differentiation","16/253","329/10170",0.0486322188449848,1.95489986424307,2.81219474465033,0.00808672075085303,0.0621148573391262,0.0487665811974472,"VCL/RAB21/ALCAM/EIF4G2/ACTB/YWHAH/NEXN/ITGB1/MEF2A/RTN4/KIF5B/ACTG1/VEGFA/CFL1/MAP2/CTTN",16,"2"
"GO:0099173","postsynapse organization","9/253","140/10170",0.0642857142857143,2.5841332580463,3.0144944652438,0.00820018595469552,0.0628432432709848,0.0493384394164097,"EZR/ARF6/ACTB/NEDD8/RTN4/NEDD9/ACTG1/CFL1/CTTN",9,"2"
"GO:0007264","small GTPase-mediated signal transduction","17/253","359/10170",0.0473537604456825,1.90350886850826,2.78376284416039,0.00828977858305186,0.0632833219605372,0.0496839466600334,"ITGAV/GNB1/ARF6/CHP1/RAB21/ARHGAP5/DHCR24/ROCK2/ITGB1/PPP2CB/RRAS/RTN4/RHOQ/RDX/RHEB/CFL1/NCKAP1",17,"2"
"GO:0032355","response to estradiol","6/253","71/10170",0.0845070422535211,3.39698268663364,3.23715960980172,0.00829811474623023,0.0632833219605372,0.0496839466600334,"PTGS2/CFLAR/CTNNB1/HNRNPD/ARPC1B/EGFR",6,"2"
"GO:0043085","positive regulation of catalytic activity","16/253","330/10170",0.0484848484848485,1.94897592526051,2.79913499093963,0.00831391210810142,0.0632833219605372,0.0496839466600334,"CALM2/CAP1/LIMS1/ITGB1/RGCC/GNAS/DDX3X/COX17/IQGAP1/TMSB4X/NEDD9/CCND1/NRG1/EGFR/CAV2/BMP2",16,"2"
"GO:0031623","receptor internalization","7/253","93/10170",0.0752688172043011,3.0256279484891,3.1343302428296,0.00836358645835603,0.0635180485080552,0.0498682312535927,"CLTC/EZR/ITGB1/CD81/AP2B1/VEGFA/NRG1",7,"2"
"GO:0006984","ER-nucleus signaling pathway","5/253","51/10170",0.0980392156862745,3.94094396651941,3.36288694883461,0.00846892966857714,0.0638864224663134,0.0501574428740645,"DDIT3/ATF4/INSIG1/ABCA7/SPRING1",5,"2"
"GO:0007589","body fluid secretion","5/253","51/10170",0.0980392156862745,3.94094396651941,3.36288694883461,0.00846892966857714,0.0638864224663134,0.0501574428740645,"VAMP8/VEGFA/CCND1/EGFR/GJA1",5,"2"
"GO:0010660","regulation of muscle cell apoptotic process","5/253","51/10170",0.0980392156862745,3.94094396651941,3.36288694883461,0.00846892966857714,0.0638864224663134,0.0501574428740645,"ATF4/CFLAR/NUPR1/CAPN2/NRG1",5,"2"
"GO:0032271","regulation of protein polymerization","9/253","141/10170",0.0638297872340425,2.56580607181902,2.99039075325061,0.00857490133227581,0.0643976999831493,0.0505588485539179,"CAPG/ARF6/ARPC5/ARPC5L/ARPC2/RDX/NCKAP1/MAP2/CTTN",9,"2"
"GO:1904062","regulation of monoatomic cation transmembrane transport","9/253","141/10170",0.0638297872340425,2.56580607181902,2.99039075325061,0.00857490133227581,0.0643976999831493,0.0505588485539179,"CALM2/ACTN4/CHP1/YWHAH/ITGB1/ATP1B3/COX17/TMSB4X/FLNA",9,"2"
"GO:0040008","regulation of growth","18/253","390/10170",0.0461538461538462,1.85527515962299,2.75092001053412,0.00861397458091861,0.0645473828596835,0.0506763650783867,"ENO1/EZR/RAB21/EIF4G2/YBX3/GNAS/DDX3X/RTN4/VEGFA/SFN/HOPX/MAP2/OSGIN2/NRG1/EGFR/YAP1/CTTN/GJA1",18,"2"
"GO:0022408","negative regulation of cell-cell adhesion","8/253","117/10170",0.0683760683760684,2.74855579203405,3.03832209129175,0.00871052593837512,0.0651261495880286,0.0511307567627808,"LGALS1/PRKAR1A/RGCC/DUSP3/RDX/VEGFA/CEBPB/BMP2",8,"2"
"GO:0045445","myoblast differentiation","6/253","72/10170",0.0833333333333333,3.3498023715415,3.19587018739381,0.00886913211145446,0.0661652953093461,0.0519465935265672,"MBNL1/LGALS1/DDIT3/ACTB/ITGB1/NRG1",6,"2"
"GO:0010608","post-transcriptional regulation of gene expression","19/253","422/10170",0.0450236966824645,1.80984583106982,2.7140012523902,0.00906299133325277,0.0674622666130868,0.052964850013084,"CPEB4/EIF1/CSDE1/ETF1/EIF4EBP1/EIF4G2/ATF4/YBX1/YBX3/RBM3/ROCK2/HNRNPD/PABPC1/MAPKAPK2/DDX3X/QKI/PABPC4/HSPB1/XIST",19,"2"
"GO:0061564","axon development","14/253","276/10170",0.0507246376811594,2.03901013919918,2.79510161604734,0.00909827477190561,0.0675757324468408,0.0530539324167461,"VCL/RAB21/ALCAM/EIF4G2/ACTB/NEXN/ITGB1/RTN4/KIF5B/ACTG1/VEGFA/FLNA/MAP2/CTTN",14,"2"
"GO:0043502","regulation of muscle adaptation","5/253","52/10170",0.0961538461538462,3.86515658254789,3.30835361643491,0.0091844004345705,0.0679162242661661,0.0533212536771579,"LMNA/ROCK2/NFATC3/MEF2A/TNNC1",5,"2"
"GO:0098930","axonal transport","5/253","52/10170",0.0961538461538462,3.86515658254789,3.30835361643491,0.0091844004345705,0.0679162242661661,0.0533212536771579,"RAB21/DST/KIF5B/HSPB1/MAP2",5,"2"
"GO:0051051","negative regulation of transport","13/253","249/10170",0.0522088353413655,2.09867136530311,2.80348981079188,0.00937625323668053,0.0684205042656823,0.0537171655828779,"ITGAV/CALM2/PTGS2/ARF6/RAB11FIP1/CHP1/ATF4/VAMP8/INSIG1/ABCA7/NRG1/GJA1/APOC1",13,"2"
"GO:0010613","positive regulation of cardiac muscle hypertrophy","3/253","18/10170",0.166666666666667,6.699604743083,3.86557776790169,0.00941492110891951,0.0684205042656823,0.0537171655828779,"ROCK2/NFATC3/MEF2A",3,"2"
"GO:0014742","positive regulation of muscle hypertrophy","3/253","18/10170",0.166666666666667,6.699604743083,3.86557776790169,0.00941492110891951,0.0684205042656823,0.0537171655828779,"ROCK2/NFATC3/MEF2A",3,"2"
"GO:0043268","positive regulation of potassium ion transport","3/253","18/10170",0.166666666666667,6.699604743083,3.86557776790169,0.00941492110891951,0.0684205042656823,0.0537171655828779,"ATP1B3/KIF5B/FLNA",3,"2"
"GO:0050860","negative regulation of T cell receptor signaling pathway","3/253","18/10170",0.166666666666667,6.699604743083,3.86557776790169,0.00941492110891951,0.0684205042656823,0.0537171655828779,"PHPT1/EZR/DUSP3",3,"2"
"GO:0097284","hepatocyte apoptotic process","3/253","18/10170",0.166666666666667,6.699604743083,3.86557776790169,0.00941492110891951,0.0684205042656823,0.0537171655828779,"KRT8/ARF6/CFLAR",3,"2"
"GO:0150077","regulation of neuroinflammatory response","3/253","18/10170",0.166666666666667,6.699604743083,3.86557776790169,0.00941492110891951,0.0684205042656823,0.0537171655828779,"PTGS2/LDLR/NUPR1",3,"2"
"GO:0150146","cell junction disassembly","3/253","18/10170",0.166666666666667,6.699604743083,3.86557776790169,0.00941492110891951,0.0684205042656823,0.0537171655828779,"ARF6/ITGB1/DUSP3",3,"2"
"GO:0007005","mitochondrion organization","17/253","364/10170",0.0467032967032967,1.87736176866612,2.7226554235689,0.00944361977296103,0.0684814749987626,0.0537650339083124,"LMNA/TIMM8B/COX7A2/NDUFC2/NDUFB8/MEF2A/PPP2CB/TOMM7/COX17/IFI27/RAB32/NDUFB7/NDUFB1/SFN/CAV2/SLIRP/UQCC5",17,"2"
"GO:1901655","cellular response to ketone","6/253","73/10170",0.0821917808219178,3.30391466782176,3.15530153888584,0.00946775313093716,0.0685091492650646,0.0537867610668782,"GNB1/CFLAR/ROCK2/MSN/GNAS/EGFR",6,"2"
"GO:0021762","substantia nigra development","4/253","34/10170",0.117647058823529,4.7291327598233,3.47875008581916,0.00965039163839984,0.0696812004382961,0.0547069423432337,"CALM2/ACTB/YWHAH/CKB",4,"2"
"GO:0031344","regulation of cell projection organization","19/253","425/10170",0.0447058823529412,1.79707044873285,2.68107818497956,0.00973173017260244,0.070118363551315,0.0550501605580187,"EZR/ARF6/RAB21/EIF4G2/CFLAR/YWHAH/ARPC2/RTN4/EHD1/NEDD9/RHOQ/RDX/VEGFA/FLNA/CFL1/NCKAP1/TACSTD2/MAP2/YAP1",19,"2"
"GO:0009141","nucleoside triphosphate metabolic process","11/253","196/10170",0.0561224489795918,2.25598935226264,2.83588450078074,0.00984418522861136,0.0707773829229797,0.0555675588597409,"ENO1/NDUFS6/NDUFC2/NDUFB8/NUPR1/TMSB4X/RHOQ/NDUFB7/NDUFB1/ATP5MK/ATP5F1EP2",11,"2"
"GO:0045598","regulation of fat cell differentiation","7/253","96/10170",0.0729166666666667,2.93107707509881,3.03629160652335,0.00988619623329324,0.0709281993588613,0.0556859653454255,"PTGS2/DDIT3/INSIG1/VEGFA/CEBPB/YAP1/BMP2",7,"2"
"GO:0007492","endoderm development","5/253","53/10170",0.0943396226415094,3.7922290998583,3.25515997102224,0.00994049562782848,0.0710155746971136,0.0557545640142476,"ITGAV/CTNNB1/MYH9/COL12A1/COL4A2",5,"2"
"GO:0070252","actin-mediated cell contraction","5/253","53/10170",0.0943396226415094,3.7922290998583,3.25515997102224,0.00994049562782848,0.0710155746971136,0.0557545640142476,"QKI/FLNA/MYL6/GJA1/TNNC1",5,"2"
"GO:0072522","purine-containing compound biosynthetic process","10/253","170/10170",0.0588235294117647,2.36456637991165,2.8656843721102,0.00996207007089095,0.0710192394905799,0.0557574412557933,"ENO1/NDUFS6/NAMPT/NDUFC2/NDUFB8/TMSB4X/NDUFB7/NDUFB1/ATP5MK/ATP5F1EP2",10,"2"
"GO:0009913","epidermal cell differentiation","8/253","120/10170",0.0666666666666667,2.6798418972332,2.95655000439276,0.0100760704342998,0.0716803997984365,0.0562765204136442,"ROCK2/CTNNB1/FLNB/SFN/SCEL/KRT7/KRT80/YAP1",8,"2"
"GO:1901293","nucleoside phosphate biosynthetic process","12/253","224/10170",0.0535714285714286,2.15344438170525,2.78808280075946,0.0101869835236357,0.0723168598772623,0.0567762073394876,"ENO1/NDUFS6/NAMPT/GFPT1/NDUFC2/NDUFB8/TMSB4X/UGP2/NDUFB7/NDUFB1/ATP5MK/ATP5F1EP2",12,"2"
"GO:0090407","organophosphate biosynthetic process","20/253","458/10170",0.0436681222707424,1.75535495451956,2.64203588440694,0.0103215368563369,0.0731181140327061,0.0574052746432715,"ENO1/NDUFS6/NAMPT/PDXK/CHP1/GFPT1/NDUFC2/NDUFB8/FDPS/TMSB4X/UGP2/HMGCS1/NDUFB7/NDUFB1/CAPN2/MVD/CKB/SGMS2/ATP5MK/ATP5F1EP2",20,"2"
"GO:0031214","biomineral tissue development","7/253","97/10170",0.0721649484536082,2.90085978566481,3.00445539475008,0.0104360149318372,0.0737740929772639,0.0579202858955543,"PTGS2/ATF4/ROCK2/CEBPB/SGMS2/GJA1/BMP2",7,"2"
"GO:0007169","cell surface receptor protein tyrosine kinase signaling pathway","18/253","398/10170",0.0452261306532663,1.81798319661549,2.65890864958623,0.0104897376391385,0.0739987349773533,0.0580966530773689,"COL4A1/MYO1C/BLVRB/CTNNB1/ITGB1/MAPKAPK2/IQGAP1/RTN4/NEDD9/RHOQ/DUSP3/VEGFA/HSPB1/NRG1/EGFR/CAV2/COL4A2/BMP2",18,"2"
"GO:0003015","heart process","8/253","121/10170",0.0661157024793388,2.65769444353706,2.92984720138792,0.0105647990212104,0.0742818653284422,0.0583189396581857,"CALM2/MEF2A/CELF2/FLNA/HOPX/YAP1/GJA1/TNNC1",8,"2"
"GO:0008202","steroid metabolic process","11/253","198/10170",0.0555555555555556,2.23320158102767,2.79888310567803,0.0105739310076074,0.0742818653284422,0.0583189396581857,"LDLR/DHCR24/YWHAH/MSMO1/FDPS/INSIG1/QKI/HMGCS1/MVD/APOC1/BMP2",11,"2"
"GO:0002042","cell migration involved in sprouting angiogenesis","4/253","35/10170",0.114285714285714,4.5940146809712,3.40181913816814,0.0106872882858252,0.0744577192144684,0.0584570031292964,"PTGS2/ITGB1/SPRED1/VEGFA",4,"2"
"GO:0030834","regulation of actin filament depolymerization","4/253","35/10170",0.114285714285714,4.5940146809712,3.40181913816814,0.0106872882858252,0.0744577192144684,0.0584570031292964,"CAPG/CFL2/DSTN/RDX",4,"2"
"GO:0060415","muscle tissue morphogenesis","4/253","35/10170",0.114285714285714,4.5940146809712,3.40181913816814,0.0106872882858252,0.0744577192144684,0.0584570031292964,"NRG1/TNNC1/BMP2/ANKRD1",4,"2"
"GO:2000027","regulation of animal organ morphogenesis","4/253","35/10170",0.114285714285714,4.5940146809712,3.40181913816814,0.0106872882858252,0.0744577192144684,0.0584570031292964,"CTNNB1/VEGFA/TACSTD2/BMP2",4,"2"
"GO:0043086","negative regulation of catalytic activity","11/253","199/10170",0.0552763819095477,2.22197946253004,2.78054747504206,0.0109540473137158,0.0755451035288368,0.0593107121730113,"PHPT1/GNAQ/CHP1/TIMP2/SPRED1/DUSP3/RDX/SPOCK2/HSPB1/SFN/APOC1",11,"2"
"GO:0010667","negative regulation of cardiac muscle cell apoptotic process","3/253","19/10170",0.157894736842105,6.34699396713127,3.72598676852109,0.0109777878793387,0.0755451035288368,0.0593107121730113,"CFLAR/NUPR1/NRG1",3,"2"
"GO:0035767","endothelial cell chemotaxis","3/253","19/10170",0.157894736842105,6.34699396713127,3.72598676852109,0.0109777878793387,0.0755451035288368,0.0593107121730113,"TMSB4X/VEGFA/HSPB1",3,"2"
"GO:0070935","3'-UTR-mediated mRNA stabilization","3/253","19/10170",0.157894736842105,6.34699396713127,3.72598676852109,0.0109777878793387,0.0755451035288368,0.0593107121730113,"YBX3/MAPKAPK2/QKI",3,"2"
"GO:0090313","regulation of protein targeting to membrane","3/253","19/10170",0.157894736842105,6.34699396713127,3.72598676852109,0.0109777878793387,0.0755451035288368,0.0593107121730113,"MYO1C/STOM/CHP1",3,"2"
"GO:1905144","response to acetylcholine","3/253","19/10170",0.157894736842105,6.34699396713127,3.72598676852109,0.0109777878793387,0.0755451035288368,0.0593107121730113,"GNB1/GNAQ/ROCK2",3,"2"
"GO:0043487","regulation of RNA stability","9/253","147/10170",0.0612244897959184,2.46107929337743,2.8499865848462,0.0111030681422198,0.0762516207241653,0.0598654011741512,"CSDE1/YBX1/YBX3/ROCK2/HNRNPD/PABPC1/MAPKAPK2/QKI/PABPC4",9,"2"
"GO:0006954","inflammatory response","20/253","462/10170",0.0432900432900433,1.74015707612546,2.60069382841298,0.0112827976916363,0.0773284427158485,0.0607108177031775,"LGALS1/PTGS2/LDLR/VAMP8/ITGB1/CD81/MAPKAPK2/NFATC3/GNAS/DDX3X/NUPR1/UNC13D/TMSB4X/IFI27/RTN4/CEBPB/EGFR/HSPG2/OSMR/BMP2",20,"2"
"GO:0010595","positive regulation of endothelial cell migration","6/253","76/10170",0.0789473684210526,3.17349698356563,3.03768974735789,0.0114361176924775,0.0782202613773512,0.0614109875020411,"PTGS2/ROCK2/RRAS/TMSB4X/VEGFA/HSPB1",6,"2"
"GO:0060993","kidney morphogenesis","5/253","55/10170",0.0909090909090909,3.65432985986346,3.15255390703655,0.0115787346443988,0.0790338440690173,0.0620497339806389,"CTNNB1/VEGFA/TACSTD2/BMP2/IRX2",5,"2"
"GO:0033108","mitochondrial respiratory chain complex assembly","7/253","99/10170",0.0707070707070707,2.84225655767158,2.941986246147,0.0116019433019465,0.0790338440690173,0.0620497339806389,"COX7A2/NDUFC2/NDUFB8/COX17/NDUFB7/NDUFB1/UQCC5",7,"2"
"GO:0000165","MAPK cascade","20/253","464/10170",0.0431034482758621,1.73265639907319,2.58017059543223,0.0117896572142045,0.0800156664788556,0.0628205660218274,"ITGAV/EZR/CFLAR/ROCK2/CTNNB1/CD81/MAPKAPK2/SPRED1/MEF2A/PPP1CB/RRAS/IQGAP1/RBX1/DUSP3/VEGFA/ABCA7/NRG1/EGFR/CAV2/BMP2",20,"2"
"GO:0008089","anterograde axonal transport","4/253","36/10170",0.111111111111111,4.46640316205534,3.32773780240785,0.0117935309134019,0.0800156664788556,0.0628205660218274,"RAB21/KIF5B/HSPB1/MAP2",4,"2"
"GO:0051129","negative regulation of cellular component organization","21/253","496/10170",0.0423387096774194,1.70191572102512,2.55995301204711,0.0120443302819591,0.0814884491528573,0.0639768526001861,"ITGAV/CAPG/LDLR/LMNA/ARF6/CFLAR/YWHAH/ROCK2/DDX3X/NUPR1/RTN4/RDX/VEGFA/FLNA/ABCA7/TACSTD2/MAP2/YAP1/HSPG2/PHLDB2/APOC1",21,"2"
"GO:0061013","regulation of mRNA catabolic process","9/253","149/10170",0.0604026845637584,2.42804467198981,2.80471426911783,0.012058937167045,0.0814884491528573,0.0639768526001861,"CSDE1/YBX1/YBX3/ROCK2/HNRNPD/PABPC1/MAPKAPK2/QKI/PABPC4",9,"2"
"GO:0033157","regulation of intracellular protein transport","8/253","124/10170",0.0645161290322581,2.59339538441923,2.85132707594749,0.0121365661720408,0.0816856310022386,0.0641316607263002,"PTGS2/CHP1/CD81/IFI27/INSIG1/OAZ1/FLNA/SFN",8,"2"
"GO:0046890","regulation of lipid biosynthetic process","8/253","124/10170",0.0645161290322581,2.59339538441923,2.85132707594749,0.0121365661720408,0.0816856310022386,0.0641316607263002,"PTGS2/LDLR/CHP1/INSIG1/QKI/CAPN2/APOC1/BMP2",8,"2"
"GO:0009150","purine ribonucleotide metabolic process","12/253","230/10170",0.0521739130434783,2.09726757174772,2.68839140250746,0.0123831530211152,0.083179266906774,0.0653043192453445,"ENO1/NDUFS6/HINT1/NDUFC2/NDUFB8/NUPR1/TMSB4X/RHOQ/NDUFB7/NDUFB1/ATP5MK/ATP5F1EP2",12,"2"
"GO:0010657","muscle cell apoptotic process","5/253","56/10170",0.0892857142857143,3.58907396950875,3.10303178976465,0.0124629000039207,0.083217621412318,0.06533443149528,"ATF4/CFLAR/NUPR1/CAPN2/NRG1",5,"2"
"GO:0051346","negative regulation of hydrolase activity","5/253","56/10170",0.0892857142857143,3.58907396950875,3.10303178976465,0.0124629000039207,0.083217621412318,0.06533443149528,"CHP1/TIMP2/RDX/SPOCK2/APOC1",5,"2"
"GO:1904377","positive regulation of protein localization to cell periphery","5/253","56/10170",0.0892857142857143,3.58907396950875,3.10303178976465,0.0124629000039207,0.083217621412318,0.06533443149528,"EZR/ARF6/ITGB1/KIF5B/EGFR",5,"2"
"GO:0034694","response to prostaglandin","3/253","20/10170",0.15,6.0296442687747,3.59607279203344,0.0126815025755696,0.0840118402452273,0.0659579753439304,"GNB1/GNAQ/GNAS",3,"2"
"GO:0045933","positive regulation of muscle contraction","3/253","20/10170",0.15,6.0296442687747,3.59607279203344,0.0126815025755696,0.0840118402452273,0.0659579753439304,"PTGS2/ENO1/CTTN",3,"2"
"GO:1902692","regulation of neuroblast proliferation","3/253","20/10170",0.15,6.0296442687747,3.59607279203344,0.0126815025755696,0.0840118402452273,0.0659579753439304,"CTNNB1/ITGB1/VEGFA",3,"2"
"GO:1904036","negative regulation of epithelial cell apoptotic process","3/253","20/10170",0.15,6.0296442687747,3.59607279203344,0.0126815025755696,0.0840118402452273,0.0659579753439304,"CFLAR/NUPR1/YAP1",3,"2"
"GO:0010586","miRNA metabolic process","6/253","78/10170",0.0769230769230769,3.09212526603831,2.96248112799529,0.0128988415109046,0.085284105048569,0.0669568346747678,"NFATC3/QKI/VEGFA/EGFR/XIST/BMP2",6,"2"
"GO:1902532","negative regulation of intracellular signal transduction","21/253","500/10170",0.042,1.68830039525692,2.52091969764966,0.0130933296161982,0.0864006016943648,0.0678333999067639,"PHLDA3/PTGS2/DDIT3/PRKAR1A/ENO1/EZR/CHP1/ATF4/YBX3/NDUFC2/CTNNB1/ITGB1/SPRED1/PPP2CB/DDX3X/TMSB4X/INSIG1/DUSP3/TPT1/ABCA7/HSPB1",21,"2"
"GO:0044283","small molecule biosynthetic process","18/253","408/10170",0.0441176470588235,1.77342478493374,2.54675983952762,0.0132788505150513,0.0874536795639709,0.0686601748465339,"PTGS2/ENO1/PDXK/DHCR24/ATF4/SLC38A1/MSMO1/FDPS/STARD7/INSIG1/QKI/UGP2/HMGCS1/MVD/FADS3/ASNS/APOC1/BMP2",18,"2"
"GO:1903533","regulation of protein targeting","5/253","57/10170",0.087719298245614,3.52610775951737,3.05462938123326,0.0133917302325346,0.0878539189574057,0.0689744041262019,"MYO1C/STOM/CHP1/TOMM7/UBL5",5,"2"
"GO:1904019","epithelial cell apoptotic process","5/253","57/10170",0.087719298245614,3.52610775951737,3.05462938123326,0.0133917302325346,0.0878539189574057,0.0689744041262019,"KRT8/ARF6/CFLAR/NUPR1/YAP1",5,"2"
"GO:0044843","cell cycle G1/S phase transition","10/253","178/10170",0.0561797752808989,2.25829373362348,2.70504846099803,0.0134611848637407,0.0881380880787061,0.0691975062489686,"EIF4EBP1/ACTB/ITGB1/RGCC/DDX3X/TMSB4X/WAC/RDX/CCND1/EGFR",10,"2"
"GO:0060627","regulation of vesicle-mediated transport","16/253","349/10170",0.0458452722063037,1.8428712187277,2.55920638121383,0.0136890262712599,0.0894561949354425,0.0702323563284753,"ITGAV/EZR/ARF6/RAB21/ACTB/VAMP8/MSN/UNC13D/EHD1/ACTG1/RDX/VEGFA/ABCA7/NRG1/APOC1/EHD2",16,"2"
"GO:0007566","embryo implantation","4/253","38/10170",0.105263157894737,4.23132931142084,3.18738596150764,0.0142202347524092,0.0923904269462885,0.0725360316444764,"PTGS2/VEGFA/HSPG2/GJA1",4,"2"
"GO:0050854","regulation of antigen receptor-mediated signaling pathway","4/253","38/10170",0.105263157894737,4.23132931142084,3.18738596150764,0.0142202347524092,0.0923904269462885,0.0725360316444764,"PHPT1/EZR/CD81/DUSP3",4,"2"
"GO:0061337","cardiac conduction","4/253","38/10170",0.105263157894737,4.23132931142084,3.18738596150764,0.0142202347524092,0.0923904269462885,0.0725360316444764,"CALM2/MEF2A/FLNA/GJA1",4,"2"
"GO:0051261","protein depolymerization","6/253","80/10170",0.075,3.01482213438735,2.88965071817231,0.0144880464304605,0.0926050185522508,0.0727045082284169,"CAPG/CLTC/CFL2/DSTN/RDX/CFL1",6,"2"
"GO:0045860","positive regulation of protein kinase activity","8/253","128/10170",0.0625,2.51235177865613,2.75015344104849,0.014491648424962,0.0926050185522508,0.0727045082284169,"CALM2/RGCC/DDX3X/IQGAP1/NEDD9/CCND1/NRG1/EGFR",8,"2"
"GO:0008299","isoprenoid biosynthetic process","3/253","21/10170",0.142857142857143,5.742518351214,3.474691635683,0.0145278928867558,0.0926050185522508,0.0727045082284169,"FDPS/HMGCS1/MVD",3,"2"
"GO:0010664","negative regulation of striated muscle cell apoptotic process","3/253","21/10170",0.142857142857143,5.742518351214,3.474691635683,0.0145278928867558,0.0926050185522508,0.0727045082284169,"CFLAR/NUPR1/NRG1",3,"2"
"GO:0033598","mammary gland epithelial cell proliferation","3/253","21/10170",0.142857142857143,5.742518351214,3.474691635683,0.0145278928867558,0.0926050185522508,0.0727045082284169,"RTN4/CEBPB/CCND1",3,"2"
"GO:0035303","regulation of dephosphorylation","3/253","21/10170",0.142857142857143,5.742518351214,3.474691635683,0.0145278928867558,0.0926050185522508,0.0727045082284169,"CHP1/IQGAP1/BMP2",3,"2"
"GO:0048261","negative regulation of receptor-mediated endocytosis","3/253","21/10170",0.142857142857143,5.742518351214,3.474691635683,0.0145278928867558,0.0926050185522508,0.0727045082284169,"ITGAV/ARF6/APOC1",3,"2"
"GO:0048710","regulation of astrocyte differentiation","3/253","21/10170",0.142857142857143,5.742518351214,3.474691635683,0.0145278928867558,0.0926050185522508,0.0727045082284169,"LDLR/QKI/BMP2",3,"2"
"GO:0050858","negative regulation of antigen receptor-mediated signaling pathway","3/253","21/10170",0.142857142857143,5.742518351214,3.474691635683,0.0145278928867558,0.0926050185522508,0.0727045082284169,"PHPT1/EZR/DUSP3",3,"2"
"GO:0060441","epithelial tube branching involved in lung morphogenesis","3/253","21/10170",0.142857142857143,5.742518351214,3.474691635683,0.0145278928867558,0.0926050185522508,0.0727045082284169,"CTSZ/CTNNB1/YAP1",3,"2"
"GO:0007565","female pregnancy","7/253","104/10170",0.0673076923076923,2.70560960778352,2.79239639085199,0.0149253156020149,0.0946375924535207,0.0743002887621292,"PTGS2/SLC38A1/GNAS/VEGFA/CAPN2/HSPG2/GJA1",7,"2"
"GO:0061138","morphogenesis of a branching epithelium","7/253","104/10170",0.0673076923076923,2.70560960778352,2.79239639085199,0.0149253156020149,0.0946375924535207,0.0743002887621292,"COL4A1/CTSZ/CTNNB1/VEGFA/TACSTD2/YAP1/BMP2",7,"2"
"GO:0048608","reproductive structure development","10/253","181/10170",0.0552486187845304,2.22086345074575,2.64700402003308,0.0149870920433511,0.0946375924535207,0.0743002887621292,"CSDE1/DHCR24/YBX3/CTNNB1/NUPR1/EIF2S2/VEGFA/FLNA/CEBPB/GJA1",10,"2"
"GO:0051222","positive regulation of protein transport","10/253","181/10170",0.0552486187845304,2.22086345074575,2.64700402003308,0.0149870920433511,0.0946375924535207,0.0743002887621292,"PTGS2/PRKAR1A/ARF6/CHP1/CD81/OAZ1/FLNA/SFN/EGFR/ANKRD1",10,"2"
"GO:0060828","regulation of canonical Wnt signaling pathway","10/253","181/10170",0.0552486187845304,2.22086345074575,2.64700402003308,0.0149870920433511,0.0946375924535207,0.0743002887621292,"DDIT3/GNAQ/CTNNB1/DDX3X/RBX1/SCEL/EGFR/YAP1/RBMS3/BMP2",10,"2"
"GO:0048259","regulation of receptor-mediated endocytosis","6/253","81/10170",0.0740740740740741,2.97760210803689,2.85408295837082,0.0153316566856852,0.0966078557173844,0.0758471490070618,"ITGAV/ARF6/RAB21/VEGFA/NRG1/APOC1",6,"2"
"GO:0045787","positive regulation of cell cycle","11/253","209/10170",0.0526315789473684,2.11566465571042,2.60294250596824,0.0153564088566186,0.0966078557173844,0.0758471490070618,"ARF6/EIF4EBP1/ROCK2/RGCC/DDX3X/NUPR1/DUSP3/RDX/CCND1/EGFR/ASNS",11,"2"
"GO:0001738","morphogenesis of a polarized epithelium","4/253","39/10170",0.102564102564103,4.12283368805108,3.12078772582626,0.0155435441345359,0.0974216186276117,0.0764860369758517,"ACTB/MSN/ACTG1/YAP1",4,"2"
"GO:0048644","muscle organ morphogenesis","4/253","39/10170",0.102564102564103,4.12283368805108,3.12078772582626,0.0155435441345359,0.0974216186276117,0.0764860369758517,"NRG1/TNNC1/BMP2/ANKRD1",4,"2"
"GO:0050768","negative regulation of neurogenesis","6/253","82/10170",0.0731707317073171,2.94128988720717,2.81905798683614,0.0162087554836017,0.101214673130935,0.0794639766886126,"LDLR/DYNLT1/YWHAH/CTNNB1/RTN4/MAP2",6,"2"
"GO:0051851","host-mediated perturbation of symbiont process","6/253","82/10170",0.0731707317073171,2.94128988720717,2.81905798683614,0.0162087554836017,0.101214673130935,0.0794639766886126,"STOM/EEF1A1/ROCK2/IFI27/CFL1/CAV2",6,"2"
"GO:0010038","response to metal ion","11/253","211/10170",0.0521327014218009,2.09561096229137,2.56861466710949,0.016377277729444,0.101272627320489,0.0795094767156864,"CALM2/NDRG1/PTGS2/ATF4/HNRNPD/MEF2A/PPP2CB/IQGAP1/JUND/EGFR/TNNC1",11,"2"
"GO:1902806","regulation of cell cycle G1/S phase transition","8/253","131/10170",0.0610687022900763,2.45481700509912,2.67675126847811,0.0164645338691464,0.101272627320489,0.0795094767156864,"ACTB/RGCC/DDX3X/TMSB4X/WAC/RDX/CCND1/EGFR",8,"2"
"GO:0001569","branching involved in blood vessel morphogenesis","3/253","22/10170",0.136363636363636,5.48149478979518,3.36088176698853,0.0165183704111118,0.101272627320489,0.0795094767156864,"COL4A1/CTNNB1/VEGFA",3,"2"
"GO:0002067","glandular epithelial cell differentiation","3/253","22/10170",0.136363636363636,5.48149478979518,3.36088176698853,0.0165183704111118,0.101272627320489,0.0795094767156864,"CTNNB1/YAP1/BMP2",3,"2"
"GO:0032941","secretion by tissue","3/253","22/10170",0.136363636363636,5.48149478979518,3.36088176698853,0.0165183704111118,0.101272627320489,0.0795094767156864,"VAMP8/EGFR/GJA1",3,"2"
"GO:0035886","vascular associated smooth muscle cell differentiation","3/253","22/10170",0.136363636363636,5.48149478979518,3.36088176698853,0.0165183704111118,0.101272627320489,0.0795094767156864,"NFATC3/QKI/VEGFA",3,"2"
"GO:0044827","modulation by host of viral genome replication","3/253","22/10170",0.136363636363636,5.48149478979518,3.36088176698853,0.0165183704111118,0.101272627320489,0.0795094767156864,"STOM/EEF1A1/IFI27",3,"2"
"GO:0060563","neuroepithelial cell differentiation","3/253","22/10170",0.136363636363636,5.48149478979518,3.36088176698853,0.0165183704111118,0.101272627320489,0.0795094767156864,"CTNNB1/CEBPB/BMP2",3,"2"
"GO:0071392","cellular response to estradiol stimulus","3/253","22/10170",0.136363636363636,5.48149478979518,3.36088176698853,0.0165183704111118,0.101272627320489,0.0795094767156864,"CFLAR/HNRNPD/EGFR",3,"2"
"GO:0097421","liver regeneration","3/253","22/10170",0.136363636363636,5.48149478979518,3.36088176698853,0.0165183704111118,0.101272627320489,0.0795094767156864,"CEBPB/CCND1/EGFR",3,"2"
"GO:0061458","reproductive system development","10/253","184/10170",0.0543478260869565,2.18465372057054,2.59008359407569,0.016638627297241,0.101824775401627,0.0799429700115793,"CSDE1/DHCR24/YBX3/CTNNB1/NUPR1/EIF2S2/VEGFA/FLNA/CEBPB/GJA1",10,"2"
"GO:0001954","positive regulation of cell-matrix adhesion","4/253","40/10170",0.1,4.0197628458498,3.05637992180901,0.0169418946024421,0.102748324819127,0.0806680517325672,"LIMS1/RRAS/VEGFA/CEACAM6",4,"2"
"GO:0010611","regulation of cardiac muscle hypertrophy","4/253","40/10170",0.1,4.0197628458498,3.05637992180901,0.0169418946024421,0.102748324819127,0.0806680517325672,"LMNA/ROCK2/NFATC3/MEF2A",4,"2"
"GO:0038084","vascular endothelial growth factor signaling pathway","4/253","40/10170",0.1,4.0197628458498,3.05637992180901,0.0169418946024421,0.102748324819127,0.0806680517325672,"MYO1C/ITGB1/VEGFA/EGFR",4,"2"
"GO:0043536","positive regulation of blood vessel endothelial cell migration","4/253","40/10170",0.1,4.0197628458498,3.05637992180901,0.0169418946024421,0.102748324819127,0.0806680517325672,"PTGS2/TMSB4X/VEGFA/HSPB1",4,"2"
"GO:0048844","artery morphogenesis","4/253","40/10170",0.1,4.0197628458498,3.05637992180901,0.0169418946024421,0.102748324819127,0.0806680517325672,"LDLR/NFATC3/RTN4/VEGFA",4,"2"
"GO:0033209","tumor necrosis factor-mediated signaling pathway","6/253","83/10170",0.072289156626506,2.90585265965046,2.78456003668711,0.0171199388880378,0.103641712622017,0.0813694534695553,"KRT8/ACTN4/LIMS1/MAPKAPK2/PPP2CB/TMSB4X",6,"2"
"GO:0030901","midbrain development","5/253","61/10170",0.0819672131147541,3.29488757856541,2.87131911495721,0.0175720083620618,0.105997875128573,0.0832192844940878,"CALM2/ACTB/YWHAH/CTNNB1/CKB",5,"2"
"GO:0046889","positive regulation of lipid biosynthetic process","5/253","61/10170",0.0819672131147541,3.29488757856541,2.87131911495721,0.0175720083620618,0.105997875128573,0.0832192844940878,"PTGS2/LDLR/CHP1/QKI/CAPN2",5,"2"
"GO:1902904","negative regulation of supramolecular fiber organization","7/253","108/10170",0.0648148148148148,2.60540184453228,2.67893827068392,0.0180342166873111,0.108394734639672,0.0851010668723154,"CAPG/LDLR/RDX/TACSTD2/MAP2/HSPG2/PHLDB2",7,"2"
"GO:1903313","positive regulation of mRNA metabolic process","7/253","108/10170",0.0648148148148148,2.60540184453228,2.67893827068392,0.0180342166873111,0.108394734639672,0.0851010668723154,"CSDE1/YBX1/RBM3/ROCK2/HNRNPD/PABPC1/QKI",7,"2"
"GO:0061014","positive regulation of mRNA catabolic process","6/253","84/10170",0.0714285714285714,2.871259175607,2.75057398845464,0.018065789106612,0.108394734639672,0.0851010668723154,"CSDE1/YBX1/ROCK2/HNRNPD/PABPC1/QKI",6,"2"
"GO:0002011","morphogenesis of an epithelial sheet","4/253","41/10170",0.0975609756097561,3.92171984960956,2.9940320259827,0.0184164658223542,0.109775112003463,0.0861848057341293,"ITGAV/ITGB1/FLNA/PHLDB2",4,"2"
"GO:0014743","regulation of muscle hypertrophy","4/253","41/10170",0.0975609756097561,3.92171984960956,2.9940320259827,0.0184164658223542,0.109775112003463,0.0861848057341293,"LMNA/ROCK2/NFATC3/MEF2A",4,"2"
"GO:0000082","G1/S transition of mitotic cell cycle","9/253","160/10170",0.05625,2.26111660079051,2.56807334295347,0.0184496276456253,0.109775112003463,0.0861848057341293,"EIF4EBP1/ACTB/ITGB1/RGCC/DDX3X/WAC/RDX/CCND1/EGFR",9,"2"
"GO:0080135","regulation of cellular response to stress","18/253","423/10170",0.0425531914893617,1.71053738121268,2.38413508730574,0.018526522721768,0.109775112003463,0.0861848057341293,"PTGS2/ENO1/YBX3/ACTB/ROCK2/DDAH1/MAPKAPK2/SPRED1/NUPR1/INSIG1/SF3B5/TPT1/FLNA/ABCA7/CEBPG/EGFR/SPRING1/ANKRD1",18,"2"
"GO:0010464","regulation of mesenchymal cell proliferation","3/253","23/10170",0.130434782608696,5.24316892936931,3.25382834231044,0.0186539558653572,0.109775112003463,0.0861848057341293,"LMNA/ARHGAP5/CTNNB1",3,"2"
"GO:0016202","regulation of striated muscle tissue development","3/253","23/10170",0.130434782608696,5.24316892936931,3.25382834231044,0.0186539558653572,0.109775112003463,0.0861848057341293,"YBX3/CTNNB1/GJA1",3,"2"
"GO:0034381","plasma lipoprotein particle clearance","3/253","23/10170",0.130434782608696,5.24316892936931,3.25382834231044,0.0186539558653572,0.109775112003463,0.0861848057341293,"LDLR/EHD1/APOC1",3,"2"
"GO:0071404","cellular response to low-density lipoprotein particle stimulus","3/253","23/10170",0.130434782608696,5.24316892936931,3.25382834231044,0.0186539558653572,0.109775112003463,0.0861848057341293,"LDLR/ITGB1/CD81",3,"2"
"GO:1902176","negative regulation of oxidative stress-induced intrinsic apoptotic signaling pathway","3/253","23/10170",0.130434782608696,5.24316892936931,3.25382834231044,0.0186539558653572,0.109775112003463,0.0861848057341293,"ATF4/CTNNB1/HSPB1",3,"2"
"GO:1903077","negative regulation of protein localization to plasma membrane","3/253","23/10170",0.130434782608696,5.24316892936931,3.25382834231044,0.0186539558653572,0.109775112003463,0.0861848057341293,"CLTC/RHOQ/SFN",3,"2"
"GO:1903580","positive regulation of ATP metabolic process","3/253","23/10170",0.130434782608696,5.24316892936931,3.25382834231044,0.0186539558653572,0.109775112003463,0.0861848057341293,"ENO1/NDUFC2/TMSB4X",3,"2"
"GO:0030307","positive regulation of cell growth","7/253","109/10170",0.0642201834862385,2.58149907531639,2.6513730919473,0.0188776137491913,0.110897758819291,0.0870661994850835,"EIF4G2/DDX3X/VEGFA/SFN/NRG1/EGFR/YAP1",7,"2"
"GO:0051592","response to calcium ion","6/253","85/10170",0.0705882352941176,2.83747965589398,2.7170853360455,0.0190468739356222,0.111697493758118,0.0876940740468462,"CALM2/HNRNPD/MEF2A/IQGAP1/JUND/EGFR",6,"2"
"GO:0044703","multi-organism reproductive process","7/253","110/10170",0.0636363636363636,2.55803090190442,2.62411369053594,0.0197483176936703,0.115609943165028,0.0907657510957251,"PTGS2/SLC38A1/GNAS/VEGFA/CAPN2/HSPG2/GJA1",7,"2"
"GO:0043523","regulation of neuron apoptotic process","9/253","162/10170",0.0555555555555556,2.23320158102767,2.52712753303644,0.0198348077593333,0.115915029054544,0.0910052750428227,"CPEB4/DDIT3/ATF4/CFLAR/CTNNB1/NUPR1/CEBPB/CCND1/HSPG2",9,"2"
"GO:0002065","columnar/cuboidal epithelial cell differentiation","5/253","63/10170",0.0793650793650794,3.19028797289667,2.78528466411295,0.0199530361097407,0.116091794887621,0.0911440544865977,"CTNNB1/CEBPB/YAP1/GJA1/BMP2",5,"2"
"GO:0002028","regulation of sodium ion transport","4/253","42/10170",0.0952380952380952,3.828345567476,2.93362431793091,0.0199683395714176,0.116091794887621,0.0911440544865977,"ACTN4/CHP1/YWHAH/ATP1B3",4,"2"
"GO:0051145","smooth muscle cell differentiation","4/253","42/10170",0.0952380952380952,3.828345567476,2.93362431793091,0.0199683395714176,0.116091794887621,0.0911440544865977,"CTNNB1/NFATC3/QKI/VEGFA",4,"2"
"GO:0007623","circadian rhythm","8/253","136/10170",0.0588235294117647,2.36456637991165,2.55879975484892,0.0201728262346482,0.116877611792498,0.0917610019535907,"GNAQ/NAMPT/GFPT1/ATF4/ROCK2/HNRNPD/PPP1CB/EGFR",8,"2"
"GO:0008406","gonad development","8/253","136/10170",0.0588235294117647,2.36456637991165,2.55879975484892,0.0201728262346482,0.116877611792498,0.0917610019535907,"CSDE1/YBX3/NUPR1/EIF2S2/VEGFA/FLNA/CEBPB/GJA1",8,"2"
"GO:0009259","ribonucleotide metabolic process","12/253","247/10170",0.048582995951417,1.95292122065577,2.4215486964616,0.0205968815638397,0.118304237731118,0.0928810507254048,"ENO1/NDUFS6/HINT1/NDUFC2/NDUFB8/NUPR1/TMSB4X/RHOQ/NDUFB7/NDUFB1/ATP5MK/ATP5F1EP2",12,"2"
"GO:0051223","regulation of protein transport","14/253","306/10170",0.0457516339869281,1.83910718437573,2.38045978280866,0.0207335367931658,0.118304237731118,0.0928810507254048,"PTGS2/PRKAR1A/ARF6/RAB11FIP1/CHP1/CD81/GNAS/IFI27/INSIG1/OAZ1/FLNA/SFN/EGFR/ANKRD1",14,"2"
"GO:0019081","viral translation","3/253","24/10170",0.125,5.02470355731225,3.15283553755067,0.0209353031673293,0.118304237731118,0.0928810507254048,"CSDE1/OAZ1/PEG10",3,"2"
"GO:0031579","membrane raft organization","3/253","24/10170",0.125,5.02470355731225,3.15283553755067,0.0209353031673293,0.118304237731118,0.0928810507254048,"IQGAP1/ABCA7/CAV2",3,"2"
"GO:0036499","PERK-mediated unfolded protein response","3/253","24/10170",0.125,5.02470355731225,3.15283553755067,0.0209353031673293,0.118304237731118,0.0928810507254048,"DDIT3/ATF4/ABCA7",3,"2"
"GO:0045981","positive regulation of nucleotide metabolic process","3/253","24/10170",0.125,5.02470355731225,3.15283553755067,0.0209353031673293,0.118304237731118,0.0928810507254048,"ENO1/NDUFC2/TMSB4X",3,"2"
"GO:0048634","regulation of muscle organ development","3/253","24/10170",0.125,5.02470355731225,3.15283553755067,0.0209353031673293,0.118304237731118,0.0928810507254048,"YBX3/CTNNB1/GJA1",3,"2"
"GO:0055094","response to lipoprotein particle","3/253","24/10170",0.125,5.02470355731225,3.15283553755067,0.0209353031673293,0.118304237731118,0.0928810507254048,"LDLR/ITGB1/CD81",3,"2"
"GO:0086009","membrane repolarization","3/253","24/10170",0.125,5.02470355731225,3.15283553755067,0.0209353031673293,0.118304237731118,0.0928810507254048,"ATP1B3/FLNA/GJA1",3,"2"
"GO:0090049","regulation of cell migration involved in sprouting angiogenesis","3/253","24/10170",0.125,5.02470355731225,3.15283553755067,0.0209353031673293,0.118304237731118,0.0928810507254048,"PTGS2/SPRED1/VEGFA",3,"2"
"GO:1900544","positive regulation of purine nucleotide metabolic process","3/253","24/10170",0.125,5.02470355731225,3.15283553755067,0.0209353031673293,0.118304237731118,0.0928810507254048,"ENO1/NDUFC2/TMSB4X",3,"2"
"GO:1901861","regulation of muscle tissue development","3/253","24/10170",0.125,5.02470355731225,3.15283553755067,0.0209353031673293,0.118304237731118,0.0928810507254048,"YBX3/CTNNB1/GJA1",3,"2"
"GO:1904376","negative regulation of protein localization to cell periphery","3/253","24/10170",0.125,5.02470355731225,3.15283553755067,0.0209353031673293,0.118304237731118,0.0928810507254048,"CLTC/RHOQ/SFN",3,"2"
"GO:2000629","negative regulation of miRNA metabolic process","3/253","24/10170",0.125,5.02470355731225,3.15283553755067,0.0209353031673293,0.118304237731118,0.0928810507254048,"NFATC3/QKI/VEGFA",3,"2"
"GO:0033674","positive regulation of kinase activity","8/253","137/10170",0.0583941605839416,2.34730677129915,2.5358326983417,0.0209804075217107,0.118304237731118,0.0928810507254048,"CALM2/RGCC/DDX3X/IQGAP1/NEDD9/CCND1/NRG1/EGFR",8,"2"
"GO:0045137","development of primary sexual characteristics","8/253","137/10170",0.0583941605839416,2.34730677129915,2.5358326983417,0.0209804075217107,0.118304237731118,0.0928810507254048,"CSDE1/YBX3/NUPR1/EIF2S2/VEGFA/FLNA/CEBPB/GJA1",8,"2"
"GO:2000241","regulation of reproductive process","6/253","87/10170",0.0689655172413793,2.7722502385171,2.65154507200984,0.0211169433938577,0.118854677954051,0.0933132031761373,"YBX3/CTNNB1/NUPR1/VEGFA/MYH9/GJA1",6,"2"
"GO:0002761","regulation of myeloid leukocyte differentiation","5/253","64/10170",0.078125,3.14043972332016,2.74354804463734,0.0212190142729355,0.118854677954051,0.0933132031761373,"CTNNB1/QKI/NEDD9/CEBPB/FSTL3",5,"2"
"GO:0008088","axo-dendritic transport","5/253","64/10170",0.078125,3.14043972332016,2.74354804463734,0.0212190142729355,0.118854677954051,0.0933132031761373,"RAB21/DST/KIF5B/HSPB1/MAP2",5,"2"
"GO:1901992","positive regulation of mitotic cell cycle phase transition","5/253","64/10170",0.078125,3.14043972332016,2.74354804463734,0.0212190142729355,0.118854677954051,0.0933132031761373,"RGCC/DDX3X/RDX/CCND1/EGFR",5,"2"
"GO:0032103","positive regulation of response to external stimulus","17/253","399/10170",0.0426065162907268,1.71268091176558,2.31964377427931,0.0215417968384518,0.119393675748614,0.0937363721382795,"LGALS1/PTGS2/LDLR/VAMP8/CD81/MAPKAPK2/DDX3X/NUPR1/TMSB4X/RTN4/NEDD9/VEGFA/FLNA/CEBPB/HSPB1/OSMR/PGC",17,"2"
"GO:0000079","regulation of cyclin-dependent protein serine/threonine kinase activity","4/253","43/10170",0.0930232558139535,3.73931427520912,2.87504675119775,0.0215985000612855,0.119393675748614,0.0937363721382795,"ACTB/RGCC/CCND1/EGFR",4,"2"
"GO:0014015","positive regulation of gliogenesis","4/253","43/10170",0.0930232558139535,3.73931427520912,2.87504675119775,0.0215985000612855,0.119393675748614,0.0937363721382795,"QKI/RHEB/EGFR/BMP2",4,"2"
"GO:0038066","p38MAPK cascade","4/253","43/10170",0.0930232558139535,3.73931427520912,2.87504675119775,0.0215985000612855,0.119393675748614,0.0937363721382795,"EZR/MAPKAPK2/VEGFA/BMP2",4,"2"
"GO:0048857","neural nucleus development","4/253","43/10170",0.0930232558139535,3.73931427520912,2.87504675119775,0.0215985000612855,0.119393675748614,0.0937363721382795,"CALM2/ACTB/YWHAH/CKB",4,"2"
"GO:0097006","regulation of plasma lipoprotein particle levels","4/253","43/10170",0.0930232558139535,3.73931427520912,2.87504675119775,0.0215985000612855,0.119393675748614,0.0937363721382795,"LDLR/EHD1/ABCA7/APOC1",4,"2"
"GO:1903053","regulation of extracellular matrix organization","4/253","43/10170",0.0930232558139535,3.73931427520912,2.87504675119775,0.0215985000612855,0.119393675748614,0.0937363721382795,"CFLAR/RGCC/PHLDB2/BMP2",4,"2"
"GO:2000573","positive regulation of DNA biosynthetic process","4/253","43/10170",0.0930232558139535,3.73931427520912,2.87504675119775,0.0215985000612855,0.119393675748614,0.0937363721382795,"CTNNB1/HNRNPD/RGCC/VEGFA",4,"2"
"GO:0001932","regulation of protein phosphorylation","18/253","431/10170",0.0417633410672854,1.67878726740827,2.29998162883112,0.0219167780871283,0.120954788395739,0.0949620068724742,"CALM2/GNAQ/CHP1/ACTB/ROCK2/SPRED1/RGCC/DDX3X/IQGAP1/NEDD9/DUSP3/VEGFA/HSPB1/SFN/CCND1/NRG1/EGFR/BMP2",18,"2"
"GO:0008584","male gonad development","6/253","88/10170",0.0681818181818182,2.74074739489759,2.6194672381632,0.0222069869058737,0.12195758932672,0.0957493092204223,"CSDE1/YBX3/NUPR1/EIF2S2/FLNA/GJA1",6,"2"
"GO:0035821","modulation of process of another organism","6/253","88/10170",0.0681818181818182,2.74074739489759,2.6194672381632,0.0222069869058737,0.12195758932672,0.0957493092204223,"STOM/EEF1A1/ROCK2/IFI27/CFL1/CAV2",6,"2"
"GO:0051961","negative regulation of nervous system development","6/253","88/10170",0.0681818181818182,2.74074739489759,2.6194672381632,0.0222069869058737,0.12195758932672,0.0957493092204223,"LDLR/DYNLT1/YWHAH/CTNNB1/RTN4/MAP2",6,"2"
"GO:0044706","multi-multicellular organism process","7/253","113/10170",0.0619469026548673,2.4901185770751,2.544105127993,0.0225282919793454,0.123320455445378,0.0968192999454097,"PTGS2/SLC38A1/GNAS/VEGFA/CAPN2/HSPG2/GJA1",7,"2"
"GO:2001236","regulation of extrinsic apoptotic signaling pathway","7/253","113/10170",0.0619469026548673,2.4901185770751,2.544105127993,0.0225282919793454,0.123320455445378,0.0968192999454097,"ITGAV/LMNA/CFLAR/DDX3X/NRG1/YAP1/CTTN",7,"2"
"GO:0002526","acute inflammatory response","4/253","44/10170",0.0909090909090909,3.65432985986346,2.81819796549833,0.0233078344858765,0.126451203934684,0.0992772610026002,"PTGS2/NUPR1/CEBPB/OSMR",4,"2"
"GO:0031100","animal organ regeneration","4/253","44/10170",0.0909090909090909,3.65432985986346,2.81819796549833,0.0233078344858765,0.126451203934684,0.0992772610026002,"CEBPB/CCND1/EGFR/HSPG2",4,"2"
"GO:0045806","negative regulation of endocytosis","4/253","44/10170",0.0909090909090909,3.65432985986346,2.81819796549833,0.0233078344858765,0.126451203934684,0.0992772610026002,"ITGAV/ARF6/ABCA7/APOC1",4,"2"
"GO:0046546","development of primary male sexual characteristics","6/253","89/10170",0.0674157303370786,2.70995248034818,2.58783430142322,0.0233343818561724,0.126451203934684,0.0992772610026002,"CSDE1/YBX3/NUPR1/EIF2S2/FLNA/GJA1",6,"2"
"GO:0014888","striated muscle adaptation","3/253","25/10170",0.12,4.82371541501976,3.05730501125863,0.0233627224351447,0.126451203934684,0.0992772610026002,"LMNA/CFLAR/TNNC1",3,"2"
"GO:0031638","zymogen activation","3/253","25/10170",0.12,4.82371541501976,3.05730501125863,0.0233627224351447,0.126451203934684,0.0992772610026002,"CTSZ/ENO1/DHCR24",3,"2"
"GO:0086065","cell communication involved in cardiac conduction","3/253","25/10170",0.12,4.82371541501976,3.05730501125863,0.0233627224351447,0.126451203934684,0.0992772610026002,"CALM2/FLNA/GJA1",3,"2"
"GO:0060047","heart contraction","7/253","114/10170",0.0614035087719298,2.46827543166216,2.51800479540355,0.0235122037545977,0.127006108500999,0.0997129184241782,"CALM2/MEF2A/CELF2/FLNA/HOPX/GJA1/TNNC1",7,"2"
"GO:0031334","positive regulation of protein-containing complex assembly","8/253","140/10170",0.0571428571428571,2.2970073404856,2.46811398562289,0.0235405746776763,0.127006108500999,0.0997129184241782,"ARF6/MSN/ARPC2/DDX3X/VEGFA/NCKAP1/NRG1/CTTN",8,"2"
"GO:0030111","regulation of Wnt signaling pathway","11/253","223/10170",0.0493273542600897,1.98284265938779,2.37027970818279,0.0236029824086834,0.127122740444471,0.0998044865511161,"DDIT3/GNAQ/CTNNB1/DDX3X/RBX1/NXN/SCEL/EGFR/YAP1/RBMS3/BMP2",11,"2"
"GO:0010587","miRNA catabolic process","2/253","10/10170",0.2,8.03952569169961,3.55717942740538,0.0243161825583286,0.127122740444471,0.0998044865511161,"QKI/XIST",2,"2"
"GO:0010737","protein kinase A signaling","2/253","10/10170",0.2,8.03952569169961,3.55717942740538,0.0243161825583286,0.127122740444471,0.0998044865511161,"EZR/RDX",2,"2"
"GO:0010921","regulation of phosphatase activity","2/253","10/10170",0.2,8.03952569169961,3.55717942740538,0.0243161825583286,0.127122740444471,0.0998044865511161,"CHP1/BMP2",2,"2"
"GO:0016479","negative regulation of transcription by RNA polymerase I","2/253","10/10170",0.2,8.03952569169961,3.55717942740538,0.0243161825583286,0.127122740444471,0.0998044865511161,"DDX21/FLNA",2,"2"
"GO:0034638","phosphatidylcholine catabolic process","2/253","10/10170",0.2,8.03952569169961,3.55717942740538,0.0243161825583286,0.127122740444471,0.0998044865511161,"LDLR/APOC1",2,"2"
"GO:0043517","positive regulation of DNA damage response, signal transduction by p53 class mediator","2/253","10/10170",0.2,8.03952569169961,3.55717942740538,0.0243161825583286,0.127122740444471,0.0998044865511161,"SPRED1/ANKRD1",2,"2"
"GO:0044829","positive regulation by host of viral genome replication","2/253","10/10170",0.2,8.03952569169961,3.55717942740538,0.0243161825583286,0.127122740444471,0.0998044865511161,"STOM/EEF1A1",2,"2"
"GO:0045176","apical protein localization","2/253","10/10170",0.2,8.03952569169961,3.55717942740538,0.0243161825583286,0.127122740444471,0.0998044865511161,"ACTB/RDX",2,"2"
"GO:0047484","regulation of response to osmotic stress","2/253","10/10170",0.2,8.03952569169961,3.55717942740538,0.0243161825583286,0.127122740444471,0.0998044865511161,"PTGS2/YBX3",2,"2"
"GO:0060749","mammary gland alveolus development","2/253","10/10170",0.2,8.03952569169961,3.55717942740538,0.0243161825583286,0.127122740444471,0.0998044865511161,"VEGFA/CCND1",2,"2"
"GO:0060977","coronary vasculature morphogenesis","2/253","10/10170",0.2,8.03952569169961,3.55717942740538,0.0243161825583286,0.127122740444471,0.0998044865511161,"SPRED1/VEGFA",2,"2"
"GO:0061377","mammary gland lobule development","2/253","10/10170",0.2,8.03952569169961,3.55717942740538,0.0243161825583286,0.127122740444471,0.0998044865511161,"VEGFA/CCND1",2,"2"
"GO:0070254","mucus secretion","2/253","10/10170",0.2,8.03952569169961,3.55717942740538,0.0243161825583286,0.127122740444471,0.0998044865511161,"VAMP8/EGFR",2,"2"
"GO:0071380","cellular response to prostaglandin E stimulus","2/253","10/10170",0.2,8.03952569169961,3.55717942740538,0.0243161825583286,0.127122740444471,0.0998044865511161,"GNB1/GNAS",2,"2"
"GO:0071394","cellular response to testosterone stimulus","2/253","10/10170",0.2,8.03952569169961,3.55717942740538,0.0243161825583286,0.127122740444471,0.0998044865511161,"ROCK2/MSN",2,"2"
"GO:0071732","cellular response to nitric oxide","2/253","10/10170",0.2,8.03952569169961,3.55717942740538,0.0243161825583286,0.127122740444471,0.0998044865511161,"CFLAR/HNRNPD",2,"2"
"GO:0086019","cell-cell signaling involved in cardiac conduction","2/253","10/10170",0.2,8.03952569169961,3.55717942740538,0.0243161825583286,0.127122740444471,0.0998044865511161,"FLNA/GJA1",2,"2"
"GO:0106049","regulation of cellular response to osmotic stress","2/253","10/10170",0.2,8.03952569169961,3.55717942740538,0.0243161825583286,0.127122740444471,0.0998044865511161,"PTGS2/YBX3",2,"2"
"GO:1903377","negative regulation of oxidative stress-induced neuron intrinsic apoptotic signaling pathway","2/253","10/10170",0.2,8.03952569169961,3.55717942740538,0.0243161825583286,0.127122740444471,0.0998044865511161,"ATF4/CTNNB1",2,"2"
"GO:0034612","response to tumor necrosis factor","9/253","168/10170",0.0535714285714286,2.15344438170525,2.40778165586434,0.0244411069738,0.127578038259526,0.100161942380816,"PTGS2/KRT8/ACTN4/YBX3/LIMS1/MAPKAPK2/PPP2CB/TMSB4X/ANKRD1",9,"2"
"GO:2000045","regulation of G1/S transition of mitotic cell cycle","7/253","115/10170",0.0608695652173913,2.44681216703901,2.49217917501179,0.0245253706631834,0.12782001526469,0.100351919332801,"ACTB/RGCC/DDX3X/WAC/RDX/CCND1/EGFR",7,"2"
"GO:0090287","regulation of cellular response to growth factor stimulus","10/253","196/10170",0.0510204081632653,2.05089941114786,2.37281418555418,0.0246143522359022,0.128085795894232,0.100560584589496,"CFLAR/CTNNB1/ITGB1/SPRED1/VEGFA/FSTL1/CAV2/PEG10/FSTL3/BMP2",10,"2"
"GO:0044089","positive regulation of cellular component biogenesis","15/253","344/10170",0.0436046511627907,1.75280356650427,2.26872437435768,0.0249451957017949,0.12947650739061,0.101652436813193,"ARF6/LIMS1/ROCK2/MSN/ARPC2/RGCC/DDX3X/RHOQ/VEGFA/FLNA/NCKAP1/HOPX/NRG1/CTTN/PHLDB2",15,"2"
"GO:0019693","ribose phosphate metabolic process","12/253","254/10170",0.047244094488189,1.89910055709439,2.31774735247004,0.024958401483955,0.12947650739061,0.101652436813193,"ENO1/NDUFS6/HINT1/NDUFC2/NDUFB8/NUPR1/TMSB4X/RHOQ/NDUFB7/NDUFB1/ATP5MK/ATP5F1EP2",12,"2"
"GO:0050435","amyloid-beta metabolic process","4/253","45/10170",0.0888888888888889,3.57312252964427,2.7629844197738,0.0250971337755923,0.129996213657907,0.102060459933082,"LDLR/ROCK2/RTN4/ABCA7",4,"2"
"GO:0010563","negative regulation of phosphorus metabolic process","10/253","197/10170",0.050761421319797,2.04048875423848,2.35541166671632,0.0253849573876279,0.131084343508547,0.102914754299805,"CALM2/GNAQ/CHP1/SPRED1/NUPR1/IQGAP1/DUSP3/HSPB1/SFN/APOC1",10,"2"
"GO:0045936","negative regulation of phosphate metabolic process","10/253","197/10170",0.050761421319797,2.04048875423848,2.35541166671632,0.0253849573876279,0.131084343508547,0.102914754299805,"CALM2/GNAQ/CHP1/SPRED1/NUPR1/IQGAP1/DUSP3/HSPB1/SFN/APOC1",10,"2"
"GO:0002762","negative regulation of myeloid leukocyte differentiation","3/253","26/10170",0.115384615384615,4.63818789905746,2.96671895471479,0.0259362019447588,0.133318403898974,0.104668722546644,"CTNNB1/QKI/FSTL3",3,"2"
"GO:0046622","positive regulation of organ growth","3/253","26/10170",0.115384615384615,4.63818789905746,2.96671895471479,0.0259362019447588,0.133318403898974,0.104668722546644,"YBX3/NRG1/YAP1",3,"2"
"GO:0061081","positive regulation of myeloid leukocyte cytokine production involved in immune response","3/253","26/10170",0.115384615384615,4.63818789905746,2.96671895471479,0.0259362019447588,0.133318403898974,0.104668722546644,"DDX21/MAPKAPK2/RTN4",3,"2"
"GO:0099003","vesicle-mediated transport in synapse","9/253","170/10170",0.0529411764705882,2.12810974192048,2.36910897486432,0.0261332156487596,0.134125542876686,0.105302410043974,"CALM2/CLTB/ARF6/ACTB/CTNNB1/AP2B1/ACTG1/CAPN2/NRG1",9,"2"
"GO:0072001","renal system development","10/253","198/10170",0.0505050505050505,2.0301832554797,2.33811126572812,0.0261727779397566,0.134125542876686,0.105302410043974,"COL4A1/CFLAR/CTNNB1/AP2B1/IQGAP1/VEGFA/TACSTD2/YAP1/BMP2/IRX2",10,"2"
"GO:0008016","regulation of heart contraction","6/253","92/10170",0.0652173913043478,2.62158446468465,2.49548830739679,0.0269454715712476,0.137777332456079,0.108169442194868,"CALM2/MEF2A/CELF2/FLNA/HOPX/GJA1",6,"2"
"GO:0045428","regulation of nitric oxide biosynthetic process","4/253","46/10170",0.0869565217391304,3.49544595291287,2.70931962897575,0.0269670935412255,0.137777332456079,0.108169442194868,"PTGS2/ROCK2/DDAH1/NFATC3",4,"2"
"GO:0006401","RNA catabolic process","12/253","257/10170",0.0466926070038911,1.87693206810108,2.27425515655265,0.0270218783043195,0.137848371622035,0.108225215280458,"CSDE1/ETF1/YBX1/YBX3/ROCK2/HNRNPD/PABPC1/MAPKAPK2/QKI/PABPC4/XIST/SLIRP",12,"2"
"GO:0002521","leukocyte differentiation","16/253","379/10170",0.0422163588390501,1.69699750748277,2.20874984668132,0.0272978611498804,0.139045903017215,0.109165401163856,"LGALS1/CFLAR/ACTB/CTNNB1/ITGB1/CD81/NFATC3/RRAS/QKI/NEDD9/VEGFA/MYH9/CEBPB/CEBPG/FSTL3/BMP2",16,"2"
"GO:0001667","ameboidal-type cell migration","9/253","172/10170",0.0523255813953488,2.10336427980513,2.33096528123007,0.0279067471799887,0.141719204052593,0.111264218702713,"CAP1/ARF6/ARHGAP5/ITGB1/IQGAP1/RTN4/VEGFA/TACSTD2/GJA1",9,"2"
"GO:0097191","extrinsic apoptotic signaling pathway","9/253","172/10170",0.0523255813953488,2.10336427980513,2.33096528123007,0.0279067471799887,0.141719204052593,0.111264218702713,"ITGAV/LMNA/KRT8/CFLAR/DDX3X/IFI27/NRG1/YAP1/CTTN",9,"2"
"GO:0006813","potassium ion transport","6/253","93/10170",0.0645161290322581,2.59339538441923,2.46552055420416,0.0282269808893781,0.142888180309587,0.112181985852098,"CHP1/ATF4/ITGB1/ATP1B3/KIF5B/FLNA",6,"2"
"GO:0001816","cytokine production","19/253","476/10170",0.0399159663865546,1.60452718636862,2.15763030178857,0.0284286598466905,0.142888180309587,0.112181985852098,"ITGAV/PTGS2/DDIT3/DDX21/EZR/ATF4/ROCK2/CD81/MAPKAPK2/RGCC/DDX3X/IQGAP1/RBX1/QKI/RTN4/CAPN2/CEBPB/CEBPG/HSPB1",19,"2"
"GO:0048598","embryonic morphogenesis","15/253","350/10170",0.0428571428571429,1.7227555053642,2.19775316611482,0.0285207626354702,0.142888180309587,0.112181985852098,"ITGAV/MBNL1/PRKAR1A/YBX1/ROCK2/CTNNB1/ITGB1/INSIG1/MYH9/YAP1/GJA1/PHLDB2/COL12A1/COL4A2/IRX2",15,"2"
"GO:0001819","positive regulation of cytokine production","13/253","289/10170",0.0449826989619377,1.80819781993244,2.22625738943943,0.0285496373532929,0.142888180309587,0.112181985852098,"PTGS2/DDIT3/DDX21/ATF4/ROCK2/CD81/MAPKAPK2/RGCC/DDX3X/RTN4/CEBPB/CEBPG/HSPB1",13,"2"
"GO:0010559","regulation of glycoprotein biosynthetic process","3/253","27/10170",0.111111111111111,4.46640316205534,2.88062661641265,0.0286554290863006,0.142888180309587,0.112181985852098,"CHP1/CTNNB1/ABCA7",3,"2"
"GO:0019229","regulation of vasoconstriction","3/253","27/10170",0.111111111111111,4.46640316205534,2.88062661641265,0.0286554290863006,0.142888180309587,0.112181985852098,"PTGS2/ITGB1/EGFR",3,"2"
"GO:0071402","cellular response to lipoprotein particle stimulus","3/253","27/10170",0.111111111111111,4.46640316205534,2.88062661641265,0.0286554290863006,0.142888180309587,0.112181985852098,"LDLR/ITGB1/CD81",3,"2"
"GO:0080164","regulation of nitric oxide metabolic process","4/253","47/10170",0.0851063829787234,3.42107476242536,2.65712349020453,0.0289183151916873,0.142888180309587,0.112181985852098,"PTGS2/ROCK2/DDAH1/NFATC3",4,"2"
"GO:0099518","vesicle cytoskeletal trafficking","4/253","47/10170",0.0851063829787234,3.42107476242536,2.65712349020453,0.0289183151916873,0.142888180309587,0.112181985852098,"MYO1C/ACTN4/KIF5B/MAP2",4,"2"
"GO:0002675","positive regulation of acute inflammatory response","2/253","11/10170",0.181818181818182,7.30865971972691,3.34362214446909,0.0292386845829226,0.142888180309587,0.112181985852098,"PTGS2/OSMR",2,"2"
"GO:0006122","mitochondrial electron transport, ubiquinol to cytochrome c","2/253","11/10170",0.181818181818182,7.30865971972691,3.34362214446909,0.0292386845829226,0.142888180309587,0.112181985852098,"UQCRH/UQCRB",2,"2"
"GO:0031571","mitotic G1 DNA damage checkpoint signaling","2/253","11/10170",0.181818181818182,7.30865971972691,3.34362214446909,0.0292386845829226,0.142888180309587,0.112181985852098,"WAC/CCND1",2,"2"
"GO:0043116","negative regulation of vascular permeability","2/253","11/10170",0.181818181818182,7.30865971972691,3.34362214446909,0.0292386845829226,0.142888180309587,0.112181985852098,"DDAH1/VEGFA",2,"2"
"GO:0043501","skeletal muscle adaptation","2/253","11/10170",0.181818181818182,7.30865971972691,3.34362214446909,0.0292386845829226,0.142888180309587,0.112181985852098,"CFLAR/TNNC1",2,"2"
"GO:0045907","positive regulation of vasoconstriction","2/253","11/10170",0.181818181818182,7.30865971972691,3.34362214446909,0.0292386845829226,0.142888180309587,0.112181985852098,"PTGS2/EGFR",2,"2"
"GO:0046184","aldehyde biosynthetic process","2/253","11/10170",0.181818181818182,7.30865971972691,3.34362214446909,0.0292386845829226,0.142888180309587,0.112181985852098,"PDXK/BMP2",2,"2"
"GO:0051349","positive regulation of lyase activity","2/253","11/10170",0.181818181818182,7.30865971972691,3.34362214446909,0.0292386845829226,0.142888180309587,0.112181985852098,"CAP1/GNAS",2,"2"
"GO:0051957","positive regulation of amino acid transport","2/253","11/10170",0.181818181818182,7.30865971972691,3.34362214446909,0.0292386845829226,0.142888180309587,0.112181985852098,"SLC38A1/ITGB1",2,"2"
"GO:0070278","extracellular matrix constituent secretion","2/253","11/10170",0.181818181818182,7.30865971972691,3.34362214446909,0.0292386845829226,0.142888180309587,0.112181985852098,"RGCC/BMP2",2,"2"
"GO:0071071","regulation of phospholipid biosynthetic process","2/253","11/10170",0.181818181818182,7.30865971972691,3.34362214446909,0.0292386845829226,0.142888180309587,0.112181985852098,"CHP1/CAPN2",2,"2"
"GO:0072111","cell proliferation involved in kidney development","2/253","11/10170",0.181818181818182,7.30865971972691,3.34362214446909,0.0292386845829226,0.142888180309587,0.112181985852098,"CFLAR/BMP2",2,"2"
"GO:1900746","regulation of vascular endothelial growth factor signaling pathway","2/253","11/10170",0.181818181818182,7.30865971972691,3.34362214446909,0.0292386845829226,0.142888180309587,0.112181985852098,"ITGB1/VEGFA",2,"2"
"GO:1901163","regulation of trophoblast cell migration","2/253","11/10170",0.181818181818182,7.30865971972691,3.34362214446909,0.0292386845829226,0.142888180309587,0.112181985852098,"VEGFA/GJA1",2,"2"
"GO:1902931","negative regulation of alcohol biosynthetic process","2/253","11/10170",0.181818181818182,7.30865971972691,3.34362214446909,0.0292386845829226,0.142888180309587,0.112181985852098,"INSIG1/BMP2",2,"2"
"GO:1905907","negative regulation of amyloid fibril formation","2/253","11/10170",0.181818181818182,7.30865971972691,3.34362214446909,0.0292386845829226,0.142888180309587,0.112181985852098,"LDLR/HSPG2",2,"2"
"GO:2000345","regulation of hepatocyte proliferation","2/253","11/10170",0.181818181818182,7.30865971972691,3.34362214446909,0.0292386845829226,0.142888180309587,0.112181985852098,"CFLAR/RTN4",2,"2"
"GO:0048659","smooth muscle cell proliferation","6/253","94/10170",0.0638297872340425,2.56580607181902,2.43594258531577,0.0295481070853303,0.144191341666764,0.113205102170166,"PTGS2/DDIT3/CTNNB1/EGFR/GJA1/BMP2",6,"2"
"GO:0030282","bone mineralization","5/253","70/10170",0.0714285714285714,2.871259175607,2.50917818822014,0.029913430995229,0.145763134849584,0.114439122228477,"PTGS2/ATF4/SGMS2/GJA1/BMP2",5,"2"
"GO:0016311","dephosphorylation","7/253","120/10170",0.0583333333333333,2.34486166007905,2.36697915057562,0.0300424212410144,0.146180439285282,0.114766749329614,"PHPT1/CHP1/PPP1CB/PPP2CB/IQGAP1/DUSP3/BMP2",7,"2"
"GO:0071375","cellular response to peptide hormone stimulus","11/253","232/10170",0.0474137931034483,1.90592203898051,2.22943363546316,0.0303822262443912,0.147620845671595,0.115897617176769,"MYO1C/PRKAR1A/CFLAR/BLVRB/ROCK2/GNAS/RBX1/INSIG1/RHOQ/EGFR/CAV2",11,"2"
"GO:0070374","positive regulation of ERK1 and ERK2 cascade","6/253","95/10170",0.0631578947368421,2.53879758685251,2.40674456334336,0.0309092487477089,0.149524080105953,0.117391852864603,"CFLAR/VEGFA/ABCA7/NRG1/EGFR/BMP2",6,"2"
"GO:0007189","adenylate cyclase-activating G protein-coupled receptor signaling pathway","4/253","48/10170",0.0833333333333333,3.3498023715415,2.60632168607857,0.0309513072105442,0.149524080105953,0.117391852864603,"PRKAR1A/GNB1/GNAQ/GNAS",4,"2"
"GO:0007585","respiratory gaseous exchange by respiratory system","4/253","48/10170",0.0833333333333333,3.3498023715415,2.60632168607857,0.0309513072105442,0.149524080105953,0.117391852864603,"SFTPA2/TNNC1/SFTPA1/SFTPC",4,"2"
"GO:0042987","amyloid precursor protein catabolic process","4/253","48/10170",0.0833333333333333,3.3498023715415,2.60632168607857,0.0309513072105442,0.149524080105953,0.117391852864603,"DHCR24/ROCK2/RTN4/ABCA7",4,"2"
"GO:0051656","establishment of organelle localization","15/253","354/10170",0.0423728813559322,1.70328934146178,2.15118429897397,0.0311071555992428,0.150056163756215,0.117809593509047,"MYO1C/LMNA/ACTN4/EZR/DYNLT1/VAMP8/CTNNB1/ITGB1/UNC13D/KIF5B/MYH9/CFL1/TACC2/MAP2/GJA1",15,"2"
"GO:0046777","protein autophosphorylation","7/253","121/10170",0.0578512396694215,2.32548263809493,2.34268843263085,0.0312384155878444,0.150056163756215,0.117809593509047,"CALM2/SLK/CHP1/DDX3X/VEGFA/NRG1/EGFR",7,"2"
"GO:0000132","establishment of mitotic spindle orientation","3/253","28/10170",0.107142857142857,4.3068887634105,2.79863348870695,0.0315198103581308,0.150056163756215,0.117809593509047,"DYNLT1/ITGB1/GJA1",3,"2"
"GO:0007595","lactation","3/253","28/10170",0.107142857142857,4.3068887634105,2.79863348870695,0.0315198103581308,0.150056163756215,0.117809593509047,"VEGFA/CCND1/GJA1",3,"2"
"GO:0021795","cerebral cortex cell migration","3/253","28/10170",0.107142857142857,4.3068887634105,2.79863348870695,0.0315198103581308,0.150056163756215,0.117809593509047,"CTNNB1/RTN4/EGFR",3,"2"
"GO:0033574","response to testosterone","3/253","28/10170",0.107142857142857,4.3068887634105,2.79863348870695,0.0315198103581308,0.150056163756215,0.117809593509047,"CFLAR/ROCK2/MSN",3,"2"
"GO:0035850","epithelial cell differentiation involved in kidney development","3/253","28/10170",0.107142857142857,4.3068887634105,2.79863348870695,0.0315198103581308,0.150056163756215,0.117809593509047,"CTNNB1/IQGAP1/YAP1",3,"2"
"GO:0038063","collagen-activated tyrosine kinase receptor signaling pathway","3/253","28/10170",0.107142857142857,4.3068887634105,2.79863348870695,0.0315198103581308,0.150056163756215,0.117809593509047,"COL4A1/EGFR/COL4A2",3,"2"
"GO:0044331","cell-cell adhesion mediated by cadherin","3/253","28/10170",0.107142857142857,4.3068887634105,2.79863348870695,0.0315198103581308,0.150056163756215,0.117809593509047,"CTNNB1/RGCC/VEGFA",3,"2"
"GO:0048713","regulation of oligodendrocyte differentiation","3/253","28/10170",0.107142857142857,4.3068887634105,2.79863348870695,0.0315198103581308,0.150056163756215,0.117809593509047,"CTNNB1/QKI/RHEB",3,"2"
"GO:0051492","regulation of stress fiber assembly","5/253","71/10170",0.0704225352112676,2.83081890552803,2.47254727657638,0.0315509549534866,0.150056163756215,0.117809593509047,"ROCK2/RGCC/ACTG1/TACSTD2/PHLDB2",5,"2"
"GO:0048813","dendrite morphogenesis","6/253","96/10170",0.0625,2.51235177865613,2.37791700334348,0.0323107855820032,0.153453477440162,0.120476835787603,"RAB21/YWHAH/ITGB1/MEF2A/CFL1/MAP2",6,"2"
"GO:0072091","regulation of stem cell proliferation","4/253","49/10170",0.0816326530612245,3.28143905783657,2.55684515507232,0.0330664865771698,0.156281972819959,0.122697496922706,"CTNNB1/SFN/YAP1/GJA1",4,"2"
"GO:0002040","sprouting angiogenesis","5/253","72/10170",0.0694444444444444,2.79150197628458,2.43654863319806,0.0332436282999068,0.156281972819959,0.122697496922706,"PTGS2/ITGB1/SPRED1/RTN4/VEGFA",5,"2"
"GO:0007498","mesoderm development","5/253","72/10170",0.0694444444444444,2.79150197628458,2.43654863319806,0.0332436282999068,0.156281972819959,0.122697496922706,"PRKAR1A/ITGB1/VEGFA/YAP1/GJA1",5,"2"
"GO:0071356","cellular response to tumor necrosis factor","8/253","150/10170",0.0533333333333333,2.14387351778656,2.25423403200218,0.0336500032609931,0.156281972819959,0.122697496922706,"KRT8/ACTN4/YBX3/LIMS1/MAPKAPK2/PPP2CB/TMSB4X/ANKRD1",8,"2"
"GO:0031345","negative regulation of cell projection organization","7/253","123/10170",0.0569105691056911,2.28766991227225,2.29481737955236,0.0337254796009908,0.156281972819959,0.122697496922706,"ARF6/YWHAH/RTN4/FLNA/TACSTD2/MAP2/YAP1",7,"2"
"GO:0031346","positive regulation of cell projection organization","11/253","236/10170",0.0466101694915254,1.87361827560796,2.16882675407776,0.0338038793231822,0.156281972819959,0.122697496922706,"ARF6/RAB21/EIF4G2/CFLAR/ARPC2/EHD1/NEDD9/RHOQ/VEGFA/FLNA/NCKAP1",11,"2"
"GO:0001759","organ induction","2/253","12/10170",0.166666666666667,6.699604743083,3.15529875164093,0.0345196536808305,0.156281972819959,0.122697496922706,"CTNNB1/BMP2",2,"2"
"GO:0001765","membrane raft assembly","2/253","12/10170",0.166666666666667,6.699604743083,3.15529875164093,0.0345196536808305,0.156281972819959,0.122697496922706,"IQGAP1/CAV2",2,"2"
"GO:0007263","nitric oxide mediated signal transduction","2/253","12/10170",0.166666666666667,6.699604743083,3.15529875164093,0.0345196536808305,0.156281972819959,0.122697496922706,"DDAH1/VEGFA",2,"2"
"GO:0008211","glucocorticoid metabolic process","2/253","12/10170",0.166666666666667,6.699604743083,3.15529875164093,0.0345196536808305,0.156281972819959,0.122697496922706,"YWHAH/BMP2",2,"2"
"GO:0010755","regulation of plasminogen activation","2/253","12/10170",0.166666666666667,6.699604743083,3.15529875164093,0.0345196536808305,0.156281972819959,0.122697496922706,"CTSZ/ENO1",2,"2"
"GO:0010984","regulation of lipoprotein particle clearance","2/253","12/10170",0.166666666666667,6.699604743083,3.15529875164093,0.0345196536808305,0.156281972819959,0.122697496922706,"LDLR/APOC1",2,"2"
"GO:0031281","positive regulation of cyclase activity","2/253","12/10170",0.166666666666667,6.699604743083,3.15529875164093,0.0345196536808305,0.156281972819959,0.122697496922706,"CAP1/GNAS",2,"2"
"GO:0033599","regulation of mammary gland epithelial cell proliferation","2/253","12/10170",0.166666666666667,6.699604743083,3.15529875164093,0.0345196536808305,0.156281972819959,0.122697496922706,"RTN4/CCND1",2,"2"
"GO:0036120","cellular response to platelet-derived growth factor stimulus","2/253","12/10170",0.166666666666667,6.699604743083,3.15529875164093,0.0345196536808305,0.156281972819959,0.122697496922706,"IQGAP1/RDX",2,"2"
"GO:0044819","mitotic G1/S transition checkpoint signaling","2/253","12/10170",0.166666666666667,6.699604743083,3.15529875164093,0.0345196536808305,0.156281972819959,0.122697496922706,"WAC/CCND1",2,"2"
"GO:0045761","regulation of adenylate cyclase activity","2/253","12/10170",0.166666666666667,6.699604743083,3.15529875164093,0.0345196536808305,0.156281972819959,0.122697496922706,"CAP1/GNAS",2,"2"
"GO:0045987","positive regulation of smooth muscle contraction","2/253","12/10170",0.166666666666667,6.699604743083,3.15529875164093,0.0345196536808305,0.156281972819959,0.122697496922706,"PTGS2/CTTN",2,"2"
"GO:0060571","morphogenesis of an epithelial fold","2/253","12/10170",0.166666666666667,6.699604743083,3.15529875164093,0.0345196536808305,0.156281972819959,0.122697496922706,"CTNNB1/EGFR",2,"2"
"GO:0061450","trophoblast cell migration","2/253","12/10170",0.166666666666667,6.699604743083,3.15529875164093,0.0345196536808305,0.156281972819959,0.122697496922706,"VEGFA/GJA1",2,"2"
"GO:0071379","cellular response to prostaglandin stimulus","2/253","12/10170",0.166666666666667,6.699604743083,3.15529875164093,0.0345196536808305,0.156281972819959,0.122697496922706,"GNB1/GNAS",2,"2"
"GO:0071731","response to nitric oxide","2/253","12/10170",0.166666666666667,6.699604743083,3.15529875164093,0.0345196536808305,0.156281972819959,0.122697496922706,"CFLAR/HNRNPD",2,"2"
"GO:0086064","cell communication by electrical coupling involved in cardiac conduction","2/253","12/10170",0.166666666666667,6.699604743083,3.15529875164093,0.0345196536808305,0.156281972819959,0.122697496922706,"CALM2/GJA1",2,"2"
"GO:0099623","regulation of cardiac muscle cell membrane repolarization","2/253","12/10170",0.166666666666667,6.699604743083,3.15529875164093,0.0345196536808305,0.156281972819959,0.122697496922706,"FLNA/GJA1",2,"2"
"GO:1900025","negative regulation of substrate adhesion-dependent cell spreading","2/253","12/10170",0.166666666666667,6.699604743083,3.15529875164093,0.0345196536808305,0.156281972819959,0.122697496922706,"ACTN4/TACSTD2",2,"2"
"GO:1901203","positive regulation of extracellular matrix assembly","2/253","12/10170",0.166666666666667,6.699604743083,3.15529875164093,0.0345196536808305,0.156281972819959,0.122697496922706,"RGCC/PHLDB2",2,"2"
"GO:1902170","cellular response to reactive nitrogen species","2/253","12/10170",0.166666666666667,6.699604743083,3.15529875164093,0.0345196536808305,0.156281972819959,0.122697496922706,"CFLAR/HNRNPD",2,"2"
"GO:1902547","regulation of cellular response to vascular endothelial growth factor stimulus","2/253","12/10170",0.166666666666667,6.699604743083,3.15529875164093,0.0345196536808305,0.156281972819959,0.122697496922706,"ITGB1/VEGFA",2,"2"
"GO:0009988","cell-cell recognition","3/253","29/10170",0.103448275862069,4.15837535777566,2.72039255601112,0.0345284904362008,0.156281972819959,0.122697496922706,"CD81/MSN/NEDD9",3,"2"
"GO:0045687","positive regulation of glial cell differentiation","3/253","29/10170",0.103448275862069,4.15837535777566,2.72039255601112,0.0345284904362008,0.156281972819959,0.122697496922706,"QKI/RHEB/BMP2",3,"2"
"GO:0062098","regulation of programmed necrotic cell death","3/253","29/10170",0.103448275862069,4.15837535777566,2.72039255601112,0.0345284904362008,0.156281972819959,0.122697496922706,"YBX3/CFLAR/NUPR1",3,"2"
"GO:0070169","positive regulation of biomineral tissue development","3/253","29/10170",0.103448275862069,4.15837535777566,2.72039255601112,0.0345284904362008,0.156281972819959,0.122697496922706,"ATF4/CEBPB/BMP2",3,"2"
"GO:0097242","amyloid-beta clearance","3/253","29/10170",0.103448275862069,4.15837535777566,2.72039255601112,0.0345284904362008,0.156281972819959,0.122697496922706,"LDLR/CLTC/ABCA7",3,"2"
"GO:1902003","regulation of amyloid-beta formation","3/253","29/10170",0.103448275862069,4.15837535777566,2.72039255601112,0.0345284904362008,0.156281972819959,0.122697496922706,"ROCK2/RTN4/ABCA7",3,"2"
"GO:1905476","negative regulation of protein localization to membrane","3/253","29/10170",0.103448275862069,4.15837535777566,2.72039255601112,0.0345284904362008,0.156281972819959,0.122697496922706,"CLTC/RHOQ/SFN",3,"2"
"GO:0006360","transcription by RNA polymerase I","5/253","73/10170",0.0684931506849315,2.7532622231848,2.40116140938315,0.0349918544152723,0.156601779984563,0.122948578591864,"MYO1C/DDX21/POLR2L/ATF4/FLNA",5,"2"
"GO:0007188","adenylate cyclase-modulating G protein-coupled receptor signaling pathway","5/253","73/10170",0.0684931506849315,2.7532622231848,2.40116140938315,0.0349918544152723,0.156601779984563,0.122948578591864,"PRKAR1A/GNB1/GNAQ/GNAS/FLNA",5,"2"
"GO:0022406","membrane docking","5/253","73/10170",0.0684931506849315,2.7532622231848,2.40116140938315,0.0349918544152723,0.156601779984563,0.122948578591864,"EZR/CHP1/VAMP8/MSN/CAV2",5,"2"
"GO:0035150","regulation of tube size","5/253","73/10170",0.0684931506849315,2.7532622231848,2.40116140938315,0.0349918544152723,0.156601779984563,0.122948578591864,"PTGS2/ROCK2/ITGB1/VEGFA/EGFR",5,"2"
"GO:0035296","regulation of tube diameter","5/253","73/10170",0.0684931506849315,2.7532622231848,2.40116140938315,0.0349918544152723,0.156601779984563,0.122948578591864,"PTGS2/ROCK2/ITGB1/VEGFA/EGFR",5,"2"
"GO:0035725","sodium ion transmembrane transport","5/253","73/10170",0.0684931506849315,2.7532622231848,2.40116140938315,0.0349918544152723,0.156601779984563,0.122948578591864,"ACTN4/CHP1/SLC38A1/YWHAH/ATP1B3",5,"2"
"GO:0071902","positive regulation of protein serine/threonine kinase activity","5/253","73/10170",0.0684931506849315,2.7532622231848,2.40116140938315,0.0349918544152723,0.156601779984563,0.122948578591864,"CALM2/RGCC/DDX3X/CCND1/EGFR",5,"2"
"GO:0097746","blood vessel diameter maintenance","5/253","73/10170",0.0684931506849315,2.7532622231848,2.40116140938315,0.0349918544152723,0.156601779984563,0.122948578591864,"PTGS2/ROCK2/ITGB1/VEGFA/EGFR",5,"2"
"GO:0051348","negative regulation of transferase activity","7/253","124/10170",0.0564516129032258,2.26922096136682,2.27122792490352,0.0350171239941758,0.156601779984563,0.122948578591864,"PHPT1/GNAQ/CHP1/SPRED1/DUSP3/HSPB1/SFN",7,"2"
"GO:0001657","ureteric bud development","4/253","50/10170",0.08,3.21581027667984,2.50862962010397,0.0352641803191078,0.1572894392011,0.1234884621311,"CTNNB1/VEGFA/TACSTD2/BMP2",4,"2"
"GO:1903578","regulation of ATP metabolic process","4/253","50/10170",0.08,3.21581027667984,2.50862962010397,0.0352641803191078,0.1572894392011,0.1234884621311,"ENO1/NDUFC2/NUPR1/TMSB4X",4,"2"
"GO:0042176","regulation of protein catabolic process","13/253","298/10170",0.0436241610738255,1.75358781865931,2.10886440261833,0.0353145234046163,0.15730590874553,0.123501392425238,"LDLR/EZR/EEF1A1/TIMP2/CD81/MSN/NUPR1/RBX1/OAZ1/WAC/RDX/FLNA/EGFR",13,"2"
"GO:0010720","positive regulation of cell development","12/253","268/10170",0.0447761194029851,1.79989381157454,2.11956871423196,0.0356576361922027,0.158624735145261,0.124536807420344,"RAB21/EIF4G2/ACTB/CTNNB1/ITGB1/QKI/NAP1L1/NEDD9/VEGFA/RHEB/EGFR/BMP2",12,"2"
"GO:0022407","regulation of cell-cell adhesion","13/253","299/10170",0.0434782608695652,1.74772297645644,2.09606608951044,0.0361315629241941,0.160521251884562,0.126025769023435,"LGALS1/PRKAR1A/ACTB/CD81/RGCC/DUSP3/RDX/VEGFA/CEBPB/SFN/CEACAM6/FSTL3/BMP2",13,"2"
"GO:0006163","purine nucleotide metabolic process","13/253","300/10170",0.0433333333333333,1.74189723320158,2.08331542833808,0.0369620685641279,0.163994862102946,0.128752911965071,"ENO1/NDUFS6/HINT1/NAMPT/NDUFC2/NDUFB8/NUPR1/TMSB4X/RHOQ/NDUFB7/NDUFB1/ATP5MK/ATP5F1EP2",13,"2"
"GO:1903311","regulation of mRNA metabolic process","11/253","240/10170",0.0458333333333333,1.84239130434783,2.10937648088546,0.0374902844845904,0.165490827269304,0.129927399195324,"CSDE1/YBX1/YBX3/RBM3/ROCK2/HNRNPD/PABPC1/MAPKAPK2/QKI/CELF2/PABPC4",11,"2"
"GO:0000288","nuclear-transcribed mRNA catabolic process, deadenylation-dependent decay","4/253","51/10170",0.0784313725490196,3.15275517321553,2.46161516793894,0.0375446271829827,0.165490827269304,0.129927399195324,"CSDE1/YBX1/HNRNPD/PABPC1",4,"2"
"GO:0030032","lamellipodium assembly","4/253","51/10170",0.0784313725490196,3.15275517321553,2.46161516793894,0.0375446271829827,0.165490827269304,0.129927399195324,"VCL/ITGB1/ARPC2/NCKAP1",4,"2"
"GO:0072163","mesonephric epithelium development","4/253","51/10170",0.0784313725490196,3.15275517321553,2.46161516793894,0.0375446271829827,0.165490827269304,0.129927399195324,"CTNNB1/VEGFA/TACSTD2/BMP2",4,"2"
"GO:0072164","mesonephric tubule development","4/253","51/10170",0.0784313725490196,3.15275517321553,2.46161516793894,0.0375446271829827,0.165490827269304,0.129927399195324,"CTNNB1/VEGFA/TACSTD2/BMP2",4,"2"
"GO:0060038","cardiac muscle cell proliferation","3/253","30/10170",0.1,4.0197628458498,2.64559715513047,0.0376803703549521,0.165656074102867,0.130057135034248,"PRKAR1A/NRG1/YAP1",3,"2"
"GO:1903018","regulation of glycoprotein metabolic process","3/253","30/10170",0.1,4.0197628458498,2.64559715513047,0.0376803703549521,0.165656074102867,0.130057135034248,"CHP1/CTNNB1/ABCA7",3,"2"
"GO:0050727","regulation of inflammatory response","10/253","211/10170",0.0473933649289099,1.90510087481033,2.121971632512,0.038063002816407,0.167120371740787,0.131206759982543,"LGALS1/PTGS2/LDLR/VAMP8/CD81/GNAS/NUPR1/TMSB4X/CEBPB/OSMR",10,"2"
"GO:0045766","positive regulation of angiogenesis","6/253","100/10170",0.06,2.41185770750988,2.26613313701488,0.0383278040490457,0.168064181083722,0.131947747838409,"DDAH1/ITGB1/RRAS/RTN4/VEGFA/HSPB1",6,"2"
"GO:0071214","cellular response to abiotic stimulus","11/253","241/10170",0.045643153526971,1.83474652715136,2.09468930103791,0.0384542787055797,0.168181359008061,0.132039744616742,"PTGS2/CHP1/ATF4/YBX3/DDX3X/RBX1/EEF1D/EGFR/YAP1/GJA1/ANKRD1",11,"2"
"GO:0104004","cellular response to environmental stimulus","11/253","241/10170",0.045643153526971,1.83474652715136,2.09468930103791,0.0384542787055797,0.168181359008061,0.132039744616742,"PTGS2/CHP1/ATF4/YBX3/DDX3X/RBX1/EEF1D/EGFR/YAP1/GJA1/ANKRD1",11,"2"
"GO:2000278","regulation of DNA biosynthetic process","5/253","75/10170",0.0666666666666667,2.6798418972332,2.33214262427996,0.0386563862413748,0.168846288090565,0.13256178265211,"CTNNB1/HNRNPD/RGCC/VEGFA/ANKRD1",5,"2"
"GO:0001823","mesonephros development","4/253","52/10170",0.0769230769230769,3.09212526603831,2.4157458730502,0.0399079794120171,0.17258393526305,0.13549622188505,"CTNNB1/VEGFA/TACSTD2/BMP2",4,"2"
"GO:0009896","positive regulation of catabolic process","17/253","430/10170",0.0395348837209302,1.58920856696388,1.99403616081154,0.0399606180478643,0.17258393526305,0.13549622188505,"LDLR/EZR/CSDE1/YBX1/ROCK2/HNRNPD/CD81/PABPC1/MSN/TOMM7/NUPR1/RBX1/QKI/OAZ1/WAC/RDX/XIST",17,"2"
"GO:0001829","trophectodermal cell differentiation","2/253","13/10170",0.153846153846154,6.18425053207662,2.98733659120295,0.0401383575258579,0.17258393526305,0.13549622188505,"HOPX/YAP1",2,"2"
"GO:0002089","lens morphogenesis in camera-type eye","2/253","13/10170",0.153846153846154,6.18425053207662,2.98733659120295,0.0401383575258579,0.17258393526305,0.13549622188505,"ATF4/CTNNB1",2,"2"
"GO:0010560","positive regulation of glycoprotein biosynthetic process","2/253","13/10170",0.153846153846154,6.18425053207662,2.98733659120295,0.0401383575258579,0.17258393526305,0.13549622188505,"CHP1/CTNNB1",2,"2"
"GO:0010801","negative regulation of peptidyl-threonine phosphorylation","2/253","13/10170",0.153846153846154,6.18425053207662,2.98733659120295,0.0401383575258579,0.17258393526305,0.13549622188505,"CALM2/SPRED1",2,"2"
"GO:0051954","positive regulation of amine transport","2/253","13/10170",0.153846153846154,6.18425053207662,2.98733659120295,0.0401383575258579,0.17258393526305,0.13549622188505,"SLC38A1/ITGB1",2,"2"
"GO:0051968","positive regulation of synaptic transmission, glutamatergic","2/253","13/10170",0.153846153846154,6.18425053207662,2.98733659120295,0.0401383575258579,0.17258393526305,0.13549622188505,"PTGS2/EGFR",2,"2"
"GO:0090050","positive regulation of cell migration involved in sprouting angiogenesis","2/253","13/10170",0.153846153846154,6.18425053207662,2.98733659120295,0.0401383575258579,0.17258393526305,0.13549622188505,"PTGS2/VEGFA",2,"2"
"GO:1902430","negative regulation of amyloid-beta formation","2/253","13/10170",0.153846153846154,6.18425053207662,2.98733659120295,0.0401383575258579,0.17258393526305,0.13549622188505,"RTN4/ABCA7",2,"2"
"GO:1904350","regulation of protein catabolic process in the vacuole","2/253","13/10170",0.153846153846154,6.18425053207662,2.98733659120295,0.0401383575258579,0.17258393526305,0.13549622188505,"LDLR/CD81",2,"2"
"GO:2001044","regulation of integrin-mediated signaling pathway","2/253","13/10170",0.153846153846154,6.18425053207662,2.98733659120295,0.0401383575258579,0.17258393526305,0.13549622188505,"LIMS1/FLNA",2,"2"
"GO:0006402","mRNA catabolic process","10/253","213/10170",0.0469483568075117,1.88721260368535,2.09007792593443,0.0401774582388772,0.17258393526305,0.13549622188505,"CSDE1/ETF1/YBX1/YBX3/ROCK2/HNRNPD/PABPC1/MAPKAPK2/QKI/PABPC4",10,"2"
"GO:0110020","regulation of actomyosin structure organization","5/253","76/10170",0.0657894736842105,2.64458081963803,2.29847399480645,0.0405733065617197,0.174011018819459,0.136616629934113,"ROCK2/RGCC/ACTG1/TACSTD2/PHLDB2",5,"2"
"GO:0010656","negative regulation of muscle cell apoptotic process","3/253","31/10170",0.0967741935483871,3.89009307662884,2.57397510776509,0.0409741248347124,0.174011018819459,0.136616629934113,"CFLAR/NUPR1/NRG1",3,"2"
"GO:0034113","heterotypic cell-cell adhesion","3/253","31/10170",0.0967741935483871,3.89009307662884,2.57397510776509,0.0409741248347124,0.174011018819459,0.136616629934113,"ITGAV/ITGB1/CEACAM6",3,"2"
"GO:0038065","collagen-activated signaling pathway","3/253","31/10170",0.0967741935483871,3.89009307662884,2.57397510776509,0.0409741248347124,0.174011018819459,0.136616629934113,"COL4A1/EGFR/COL4A2",3,"2"
"GO:0040001","establishment of mitotic spindle localization","3/253","31/10170",0.0967741935483871,3.89009307662884,2.57397510776509,0.0409741248347124,0.174011018819459,0.136616629934113,"DYNLT1/ITGB1/GJA1",3,"2"
"GO:0042304","regulation of fatty acid biosynthetic process","3/253","31/10170",0.0967741935483871,3.89009307662884,2.57397510776509,0.0409741248347124,0.174011018819459,0.136616629934113,"PTGS2/INSIG1/APOC1",3,"2"
"GO:0045429","positive regulation of nitric oxide biosynthetic process","3/253","31/10170",0.0967741935483871,3.89009307662884,2.57397510776509,0.0409741248347124,0.174011018819459,0.136616629934113,"PTGS2/DDAH1/NFATC3",3,"2"
"GO:1900744","regulation of p38MAPK cascade","3/253","31/10170",0.0967741935483871,3.89009307662884,2.57397510776509,0.0409741248347124,0.174011018819459,0.136616629934113,"EZR/VEGFA/BMP2",3,"2"
"GO:1902175","regulation of oxidative stress-induced intrinsic apoptotic signaling pathway","3/253","31/10170",0.0967741935483871,3.89009307662884,2.57397510776509,0.0409741248347124,0.174011018819459,0.136616629934113,"ATF4/CTNNB1/HSPB1",3,"2"
"GO:0042325","regulation of phosphorylation","18/253","464/10170",0.0387931034482759,1.55939075916587,1.96998700889271,0.041111910207,0.1743765549912,0.136903613598947,"CALM2/GNAQ/CHP1/ACTB/ROCK2/SPRED1/RGCC/DDX3X/IQGAP1/NEDD9/DUSP3/VEGFA/HSPB1/SFN/CCND1/NRG1/EGFR/BMP2",18,"2"
"GO:1904018","positive regulation of vasculature development","6/253","102/10170",0.0588235294117647,2.36456637991165,2.21224069483166,0.0415871293753311,0.176170603333689,0.138312126922716,"DDAH1/ITGB1/RRAS/RTN4/VEGFA/HSPB1",6,"2"
"GO:0051046","regulation of secretion","14/253","337/10170",0.0415430267062315,1.66993115257855,1.99761289104676,0.0420176646990116,0.177771098325053,0.139568680866426,"PRKAR1A/ARF6/RAB11FIP1/RAB21/VAMP8/MYOF/RGCC/GNAS/UNC13D/NRG1/EGFR/GJA1/BMP2/ANKRD1",14,"2"
"GO:0016358","dendrite development","8/253","157/10170",0.0509554140127389,2.04828680043302,2.11425352403735,0.0422699688396932,0.178300518320719,0.139984330266781,"ARF6/RAB21/EIF4G2/YWHAH/ITGB1/MEF2A/CFL1/MAP2",8,"2"
"GO:0048524","positive regulation of viral process","4/253","53/10170",0.0754716981132075,3.03378327988664,2.37096946047775,0.0423543046188896,0.178300518320719,0.139984330266781,"LGALS1/STOM/PABPC1/DDX3X",4,"2"
"GO:0048708","astrocyte differentiation","4/253","53/10170",0.0754716981132075,3.03378327988664,2.37096946047775,0.0423543046188896,0.178300518320719,0.139984330266781,"LDLR/QKI/EGFR/BMP2",4,"2"
"GO:0051153","regulation of striated muscle cell differentiation","4/253","53/10170",0.0754716981132075,3.03378327988664,2.37096946047775,0.0423543046188896,0.178300518320719,0.139984330266781,"YBX1/HOPX/NRG1/BMP2",4,"2"
"GO:0090316","positive regulation of intracellular protein transport","5/253","77/10170",0.0649350649350649,2.61023561418818,2.26534254496187,0.0425470090472898,0.178665646958233,0.140270993975138,"PTGS2/CD81/OAZ1/FLNA/SFN",5,"2"
"GO:1901989","positive regulation of cell cycle phase transition","5/253","77/10170",0.0649350649350649,2.61023561418818,2.26534254496187,0.0425470090472898,0.178665646958233,0.140270993975138,"RGCC/DDX3X/RDX/CCND1/EGFR",5,"2"
"GO:0141188","nucleic acid catabolic process","12/253","276/10170",0.0434782608695652,1.74772297645644,2.01149307499536,0.0430632898157754,0.1806087229587,0.141796509409106,"CSDE1/ETF1/YBX1/YBX3/ROCK2/HNRNPD/PABPC1/MAPKAPK2/QKI/PABPC4/XIST/SLIRP",12,"2"
"GO:0006469","negative regulation of protein kinase activity","6/253","103/10170",0.058252427184466,2.34160942476688,2.18576720817089,0.0432804297582055,0.181293924403316,0.142334463343428,"GNAQ/CHP1/SPRED1/DUSP3/HSPB1/SFN",6,"2"
"GO:1902930","regulation of alcohol biosynthetic process","3/253","32/10170",0.09375,3.76852766798419,2.50528386539272,0.0444082187892981,0.185327368511774,0.145501133735129,"INSIG1/QKI/BMP2",3,"2"
"GO:1904407","positive regulation of nitric oxide metabolic process","3/253","32/10170",0.09375,3.76852766798419,2.50528386539272,0.0444082187892981,0.185327368511774,0.145501133735129,"PTGS2/DDAH1/NFATC3",3,"2"
"GO:2000008","regulation of protein localization to cell surface","3/253","32/10170",0.09375,3.76852766798419,2.50528386539272,0.0444082187892981,0.185327368511774,0.145501133735129,"ARF6/CTNNB1/ABCA7",3,"2"
"GO:0021987","cerebral cortex development","5/253","78/10170",0.0641025641025641,2.57677105503192,2.23273174390112,0.0445777054538915,0.185399104288763,0.145557453732359,"CTNNB1/RTN4/FLNA/TACC2/EGFR",5,"2"
"GO:0002088","lens development in camera-type eye","4/253","54/10170",0.0740740740740741,2.97760210803689,2.32723700298933,0.044883587743324,0.185399104288763,0.145557453732359,"ATF4/CTNNB1/SPRED1/GJA1",4,"2"
"GO:0002720","positive regulation of cytokine production involved in immune response","4/253","54/10170",0.0740740740740741,2.97760210803689,2.32723700298933,0.044883587743324,0.185399104288763,0.145557453732359,"DDX21/CD81/MAPKAPK2/RTN4",4,"2"
"GO:0010257","NADH dehydrogenase complex assembly","4/253","54/10170",0.0740740740740741,2.97760210803689,2.32723700298933,0.044883587743324,0.185399104288763,0.145557453732359,"NDUFC2/NDUFB8/NDUFB7/NDUFB1",4,"2"
"GO:0032922","circadian regulation of gene expression","4/253","54/10170",0.0740740740740741,2.97760210803689,2.32723700298933,0.044883587743324,0.185399104288763,0.145557453732359,"NAMPT/GFPT1/ATF4/PPP1CB",4,"2"
"GO:0032981","mitochondrial respiratory chain complex I assembly","4/253","54/10170",0.0740740740740741,2.97760210803689,2.32723700298933,0.044883587743324,0.185399104288763,0.145557453732359,"NDUFC2/NDUFB8/NDUFB7/NDUFB1",4,"2"
"GO:0051781","positive regulation of cell division","4/253","54/10170",0.0740740740740741,2.97760210803689,2.32723700298933,0.044883587743324,0.185399104288763,0.145557453732359,"ARF6/YBX1/VEGFA/MACC1",4,"2"
"GO:1903828","negative regulation of protein localization","8/253","159/10170",0.050314465408805,2.0225221865911,2.0755910970073,0.0449787168112649,0.185399104288763,0.145557453732359,"CLTC/ARF6/RAB11FIP1/CHP1/ROCK2/INSIG1/RHOQ/SFN",8,"2"
"GO:0043524","negative regulation of neuron apoptotic process","6/253","104/10170",0.0576923076923077,2.31909394952873,2.15959922308683,0.0450164571555234,0.185399104288763,0.145557453732359,"CPEB4/ATF4/CTNNB1/CEBPB/CCND1/HSPG2",6,"2"
"GO:0043254","regulation of protein-containing complex assembly","13/253","309/10170",0.0420711974110032,1.69116236233163,1.97064351413188,0.0450589741952799,0.185399104288763,0.145557453732359,"CAPG/ARF6/ARPC5/ARPC5L/MSN/ARPC2/DDX3X/RDX/VEGFA/NCKAP1/MAP2/NRG1/CTTN",13,"2"
"GO:0010042","response to manganese ion","2/253","14/10170",0.142857142857143,5.742518351214,2.83609594842215,0.0460748663683224,0.185399104288763,0.145557453732359,"PTGS2/ATF4",2,"2"
"GO:0010894","negative regulation of steroid biosynthetic process","2/253","14/10170",0.142857142857143,5.742518351214,2.83609594842215,0.0460748663683224,0.185399104288763,0.145557453732359,"INSIG1/BMP2",2,"2"
"GO:0010954","positive regulation of protein processing","2/253","14/10170",0.142857142857143,5.742518351214,2.83609594842215,0.0460748663683224,0.185399104288763,0.145557453732359,"ENO1/MYH9",2,"2"
"GO:0014856","skeletal muscle cell proliferation","2/253","14/10170",0.142857142857143,5.742518351214,2.83609594842215,0.0460748663683224,0.185399104288763,0.145557453732359,"CFLAR/CAV2",2,"2"
"GO:0021801","cerebral cortex radial glia-guided migration","2/253","14/10170",0.142857142857143,5.742518351214,2.83609594842215,0.0460748663683224,0.185399104288763,0.145557453732359,"CTNNB1/RTN4",2,"2"
"GO:0022030","telencephalon glial cell migration","2/253","14/10170",0.142857142857143,5.742518351214,2.83609594842215,0.0460748663683224,0.185399104288763,0.145557453732359,"CTNNB1/RTN4",2,"2"
"GO:0032253","dense core granule localization","2/253","14/10170",0.142857142857143,5.742518351214,2.83609594842215,0.0460748663683224,0.185399104288763,0.145557453732359,"KIF5B/MAP2",2,"2"
"GO:0045671","negative regulation of osteoclast differentiation","2/253","14/10170",0.142857142857143,5.742518351214,2.83609594842215,0.0460748663683224,0.185399104288763,0.145557453732359,"CTNNB1/FSTL3",2,"2"
"GO:0045686","negative regulation of glial cell differentiation","2/253","14/10170",0.142857142857143,5.742518351214,2.83609594842215,0.0460748663683224,0.185399104288763,0.145557453732359,"LDLR/CTNNB1",2,"2"
"GO:0045844","positive regulation of striated muscle tissue development","2/253","14/10170",0.142857142857143,5.742518351214,2.83609594842215,0.0460748663683224,0.185399104288763,0.145557453732359,"CTNNB1/GJA1",2,"2"
"GO:0048311","mitochondrion distribution","2/253","14/10170",0.142857142857143,5.742518351214,2.83609594842215,0.0460748663683224,0.185399104288763,0.145557453732359,"MEF2A/KIF5B",2,"2"
"GO:0048636","positive regulation of muscle organ development","2/253","14/10170",0.142857142857143,5.742518351214,2.83609594842215,0.0460748663683224,0.185399104288763,0.145557453732359,"CTNNB1/GJA1",2,"2"
"GO:0048641","regulation of skeletal muscle tissue development","2/253","14/10170",0.142857142857143,5.742518351214,2.83609594842215,0.0460748663683224,0.185399104288763,0.145557453732359,"YBX3/CTNNB1",2,"2"
"GO:0048846","axon extension involved in axon guidance","2/253","14/10170",0.142857142857143,5.742518351214,2.83609594842215,0.0460748663683224,0.185399104288763,0.145557453732359,"ALCAM/VEGFA",2,"2"
"GO:0060706","cell differentiation involved in embryonic placenta development","2/253","14/10170",0.142857142857143,5.742518351214,2.83609594842215,0.0460748663683224,0.185399104288763,0.145557453732359,"KRT8/KRT19",2,"2"
"GO:0071467","cellular response to pH","2/253","14/10170",0.142857142857143,5.742518351214,2.83609594842215,0.0460748663683224,0.185399104288763,0.145557453732359,"CHP1/GJA1",2,"2"
"GO:1901863","positive regulation of muscle tissue development","2/253","14/10170",0.142857142857143,5.742518351214,2.83609594842215,0.0460748663683224,0.185399104288763,0.145557453732359,"CTNNB1/GJA1",2,"2"
"GO:1902284","neuron projection extension involved in neuron projection guidance","2/253","14/10170",0.142857142857143,5.742518351214,2.83609594842215,0.0460748663683224,0.185399104288763,0.145557453732359,"ALCAM/VEGFA",2,"2"
"GO:1902992","negative regulation of amyloid precursor protein catabolic process","2/253","14/10170",0.142857142857143,5.742518351214,2.83609594842215,0.0460748663683224,0.185399104288763,0.145557453732359,"RTN4/ABCA7",2,"2"
"GO:1903376","regulation of oxidative stress-induced neuron intrinsic apoptotic signaling pathway","2/253","14/10170",0.142857142857143,5.742518351214,2.83609594842215,0.0460748663683224,0.185399104288763,0.145557453732359,"ATF4/CTNNB1",2,"2"
"GO:0061157","mRNA destabilization","5/253","79/10170",0.0632911392405063,2.54415369990494,2.20062578113188,0.0466655696482678,0.187378409007967,0.147111412453967,"CSDE1/YBX1/ROCK2/HNRNPD/PABPC1",5,"2"
"GO:0043065","positive regulation of apoptotic process","15/253","374/10170",0.0401069518716578,1.61220434993976,1.92671310615068,0.0466778954824117,0.187378409007967,0.147111412453967,"PHLDA3/LGALS1/PTGS2/DDIT3/ATF4/CFLAR/CTNNB1/ITGB1/NFATC3/RGCC/DDX3X/NUPR1/CAPN2/BMP2/ANKRD1",15,"2"
"GO:0001817","regulation of cytokine production","18/253","472/10170",0.038135593220339,1.5329604073156,1.89379987836843,0.0472012908605464,0.189254165019932,0.14858407474094,"PTGS2/DDIT3/DDX21/EZR/ATF4/ROCK2/CD81/MAPKAPK2/RGCC/DDX3X/IQGAP1/RBX1/QKI/RTN4/CAPN2/CEBPB/CEBPG/HSPB1",18,"2"
"GO:0003300","cardiac muscle hypertrophy","4/253","55/10170",0.0727272727272727,2.92346388789077,2.28450264848608,0.0474957330844162,0.189309233996042,0.148627309577338,"LMNA/ROCK2/NFATC3/MEF2A",4,"2"
"GO:0010632","regulation of epithelial cell migration","4/253","55/10170",0.0727272727272727,2.92346388789077,2.28450264848608,0.0474957330844162,0.189309233996042,0.148627309577338,"ARF6/ARHGAP5/RTN4/TACSTD2",4,"2"
"GO:0032418","lysosome localization","4/253","55/10170",0.0727272727272727,2.92346388789077,2.28450264848608,0.0474957330844162,0.189309233996042,0.148627309577338,"VAMP8/UNC13D/KIF5B/MYH9",4,"2"
"GO:0048010","vascular endothelial growth factor receptor signaling pathway","4/253","55/10170",0.0727272727272727,2.92346388789077,2.28450264848608,0.0474957330844162,0.189309233996042,0.148627309577338,"MAPKAPK2/VEGFA/HSPB1/EGFR",4,"2"
"GO:1902893","regulation of miRNA transcription","4/253","55/10170",0.0727272727272727,2.92346388789077,2.28450264848608,0.0474957330844162,0.189309233996042,0.148627309577338,"NFATC3/VEGFA/EGFR/BMP2",4,"2"
"GO:0008347","glial cell migration","3/253","33/10170",0.0909090909090909,3.65432985986346,2.43930646613279,0.0479809230463317,0.189805299070088,0.149016771917734,"CTNNB1/RRAS/RTN4",3,"2"
"GO:0045576","mast cell activation","3/253","33/10170",0.0909090909090909,3.65432985986346,2.43930646613279,0.0479809230463317,0.189805299070088,0.149016771917734,"NDRG1/VAMP8/UNC13D",3,"2"
"GO:0045943","positive regulation of transcription by RNA polymerase I","3/253","33/10170",0.0909090909090909,3.65432985986346,2.43930646613279,0.0479809230463317,0.189805299070088,0.149016771917734,"MYO1C/DDX21/ATF4",3,"2"
"GO:0051294","establishment of spindle orientation","3/253","33/10170",0.0909090909090909,3.65432985986346,2.43930646613279,0.0479809230463317,0.189805299070088,0.149016771917734,"DYNLT1/ITGB1/GJA1",3,"2"
"GO:0061005","cell differentiation involved in kidney development","3/253","33/10170",0.0909090909090909,3.65432985986346,2.43930646613279,0.0479809230463317,0.189805299070088,0.149016771917734,"CTNNB1/IQGAP1/YAP1",3,"2"
"GO:0090181","regulation of cholesterol metabolic process","3/253","33/10170",0.0909090909090909,3.65432985986346,2.43930646613279,0.0479809230463317,0.189805299070088,0.149016771917734,"LDLR/INSIG1/QKI",3,"2"
"GO:1903530","regulation of secretion by cell","13/253","312/10170",0.0416666666666667,1.67490118577075,1.9338924099904,0.0480142111823205,0.189805299070088,0.149016771917734,"PRKAR1A/ARF6/RAB11FIP1/RAB21/VAMP8/MYOF/RGCC/GNAS/UNC13D/EGFR/GJA1/BMP2/ANKRD1",13,"2"
"GO:0060070","canonical Wnt signaling pathway","10/253","220/10170",0.0454545454545455,1.82716492993173,1.9810760179865,0.0482115337955479,0.190362168569775,0.149453972015041,"DDIT3/GNAQ/CTNNB1/DDX3X/RBX1/SCEL/EGFR/YAP1/RBMS3/BMP2",10,"2"
"GO:0030178","negative regulation of Wnt signaling pathway","6/253","106/10170",0.0566037735849057,2.27533745991498,2.10815220226488,0.048617476417322,0.191740503484456,0.150536107343262,"DDIT3/CTNNB1/RBX1/NXN/RBMS3/BMP2",6,"2"
"GO:0022612","gland morphogenesis","5/253","80/10170",0.0625,2.51235177865613,2.16900952631815,0.0488107378627884,0.192277813169769,0.150957950965215,"CFLAR/MSN/RTN4/CEBPB/EGFR",5,"2"
"GO:0062012","regulation of small molecule metabolic process","10/253","221/10170",0.0452488687782805,1.81889721531665,1.96582585781442,0.0494414249372486,0.194534988201169,0.152730066593601,"PTGS2/LDLR/ENO1/NDUFC2/NUPR1/TMSB4X/INSIG1/QKI/APOC1/BMP2",10,"2"
"GO:0006140","regulation of nucleotide metabolic process","4/253","56/10170",0.0714285714285714,2.871259175607,2.242723374141,0.0501905663983005,0.19633711124718,0.154144919393974,"ENO1/NDUFC2/NUPR1/TMSB4X",4,"2"
"GO:0014897","striated muscle hypertrophy","4/253","56/10170",0.0714285714285714,2.871259175607,2.242723374141,0.0501905663983005,0.19633711124718,0.154144919393974,"LMNA/ROCK2/NFATC3/MEF2A",4,"2"
"GO:0061614","miRNA transcription","4/253","56/10170",0.0714285714285714,2.871259175607,2.242723374141,0.0501905663983005,0.19633711124718,0.154144919393974,"NFATC3/VEGFA/EGFR/BMP2",4,"2"
"GO:1900542","regulation of purine nucleotide metabolic process","4/253","56/10170",0.0714285714285714,2.871259175607,2.242723374141,0.0501905663983005,0.19633711124718,0.154144919393974,"ENO1/NDUFC2/NUPR1/TMSB4X",4,"2"
"GO:1990849","vacuolar localization","4/253","56/10170",0.0714285714285714,2.871259175607,2.242723374141,0.0501905663983005,0.19633711124718,0.154144919393974,"VAMP8/UNC13D/KIF5B/MYH9",4,"2"
"GO:0001822","kidney development","9/253","192/10170",0.046875,1.88426383399209,1.97569524726453,0.0504756248086879,0.197223414663842,0.15484075915576,"CFLAR/CTNNB1/AP2B1/IQGAP1/VEGFA/TACSTD2/YAP1/BMP2/IRX2",9,"2"
"GO:0006937","regulation of muscle contraction","5/253","81/10170",0.0617283950617284,2.48133509003074,2.13786849180208,0.0510133089928609,0.197745973451812,0.155251021799122,"CALM2/PTGS2/ENO1/CTTN/TNNC1",5,"2"
"GO:0030324","lung development","7/253","135/10170",0.0518518518518519,2.08432147562582,2.02570165441838,0.0514175031785648,0.197745973451812,0.155251021799122,"CTSZ/CTNNB1/VEGFA/HOPX/EGFR/YAP1/BMP2",7,"2"
"GO:0022029","telencephalon cell migration","3/253","34/10170",0.0882352941176471,3.54684956986747,2.37584814764406,0.0516903293116155,0.197745973451812,0.155251021799122,"CTNNB1/RTN4/EGFR",3,"2"
"GO:0042255","ribosome assembly","3/253","34/10170",0.0882352941176471,3.54684956986747,2.37584814764406,0.0516903293116155,0.197745973451812,0.155251021799122,"EIF1AX/FAU/DDX3X",3,"2"
"GO:0060976","coronary vasculature development","3/253","34/10170",0.0882352941176471,3.54684956986747,2.37584814764406,0.0516903293116155,0.197745973451812,0.155251021799122,"SPRED1/AP2B1/VEGFA",3,"2"
"GO:2000242","negative regulation of reproductive process","3/253","34/10170",0.0882352941176471,3.54684956986747,2.37584814764406,0.0516903293116155,0.197745973451812,0.155251021799122,"YBX3/MYH9/GJA1",3,"2"
"GO:0030100","regulation of endocytosis","9/253","193/10170",0.0466321243523316,1.8745008089455,1.95906168834027,0.0518486975118657,0.197745973451812,0.155251021799122,"ITGAV/ARF6/RAB21/ACTB/ACTG1/VEGFA/ABCA7/NRG1/APOC1",9,"2"
"GO:0030336","negative regulation of cell migration","9/253","193/10170",0.0466321243523316,1.8745008089455,1.95906168834027,0.0518486975118657,0.197745973451812,0.155251021799122,"VCL/SPRED1/RGCC/RRAS/NEDD9/DUSP3/TACSTD2/GJA1/PHLDB2",9,"2"
"GO:0051347","positive regulation of transferase activity","8/253","164/10170",0.0487804878048781,1.96085992480478,1.98134901236478,0.0522429598805116,0.197745973451812,0.155251021799122,"CALM2/RGCC/DDX3X/IQGAP1/NEDD9/CCND1/NRG1/EGFR",8,"2"
"GO:0001504","neurotransmitter uptake","2/253","15/10170",0.133333333333333,5.3596837944664,2.69879492346746,0.0523100261918791,0.197745973451812,0.155251021799122,"SLC38A1/ITGB1",2,"2"
"GO:0003156","regulation of animal organ formation","2/253","15/10170",0.133333333333333,5.3596837944664,2.69879492346746,0.0523100261918791,0.197745973451812,0.155251021799122,"CTNNB1/BMP2",2,"2"
"GO:0008090","retrograde axonal transport","2/253","15/10170",0.133333333333333,5.3596837944664,2.69879492346746,0.0523100261918791,0.197745973451812,0.155251021799122,"DST/KIF5B",2,"2"
"GO:0010644","cell communication by electrical coupling","2/253","15/10170",0.133333333333333,5.3596837944664,2.69879492346746,0.0523100261918791,0.197745973451812,0.155251021799122,"CALM2/GJA1",2,"2"
"GO:0032228","regulation of synaptic transmission, GABAergic","2/253","15/10170",0.133333333333333,5.3596837944664,2.69879492346746,0.0523100261918791,0.197745973451812,0.155251021799122,"SLC38A1/KIF5B",2,"2"
"GO:0032933","SREBP signaling pathway","2/253","15/10170",0.133333333333333,5.3596837944664,2.69879492346746,0.0523100261918791,0.197745973451812,0.155251021799122,"INSIG1/SPRING1",2,"2"
"GO:0034383","low-density lipoprotein particle clearance","2/253","15/10170",0.133333333333333,5.3596837944664,2.69879492346746,0.0523100261918791,0.197745973451812,0.155251021799122,"LDLR/EHD1",2,"2"
"GO:0043217","myelin maintenance","2/253","15/10170",0.133333333333333,5.3596837944664,2.69879492346746,0.0523100261918791,0.197745973451812,0.155251021799122,"NDRG1/EPB41L3",2,"2"
"GO:0045717","negative regulation of fatty acid biosynthetic process","2/253","15/10170",0.133333333333333,5.3596837944664,2.69879492346746,0.0523100261918791,0.197745973451812,0.155251021799122,"INSIG1/APOC1",2,"2"
"GO:0045945","positive regulation of transcription by RNA polymerase III","2/253","15/10170",0.133333333333333,5.3596837944664,2.69879492346746,0.0523100261918791,0.197745973451812,0.155251021799122,"MYO1C/DDX21",2,"2"
"GO:0048143","astrocyte activation","2/253","15/10170",0.133333333333333,5.3596837944664,2.69879492346746,0.0523100261918791,0.197745973451812,0.155251021799122,"LDLR/EGFR",2,"2"
"GO:0071501","cellular response to sterol depletion","2/253","15/10170",0.133333333333333,5.3596837944664,2.69879492346746,0.0523100261918791,0.197745973451812,0.155251021799122,"INSIG1/SPRING1",2,"2"
"GO:0090183","regulation of kidney development","2/253","15/10170",0.133333333333333,5.3596837944664,2.69879492346746,0.0523100261918791,0.197745973451812,0.155251021799122,"VEGFA/TACSTD2",2,"2"
"GO:0095500","acetylcholine receptor signaling pathway","2/253","15/10170",0.133333333333333,5.3596837944664,2.69879492346746,0.0523100261918791,0.197745973451812,0.155251021799122,"GNB1/GNAQ",2,"2"
"GO:0097062","dendritic spine maintenance","2/253","15/10170",0.133333333333333,5.3596837944664,2.69879492346746,0.0523100261918791,0.197745973451812,0.155251021799122,"NEDD9/CTTN",2,"2"
"GO:1901381","positive regulation of potassium ion transmembrane transport","2/253","15/10170",0.133333333333333,5.3596837944664,2.69879492346746,0.0523100261918791,0.197745973451812,0.155251021799122,"ATP1B3/FLNA",2,"2"
"GO:1903020","positive regulation of glycoprotein metabolic process","2/253","15/10170",0.133333333333333,5.3596837944664,2.69879492346746,0.0523100261918791,0.197745973451812,0.155251021799122,"CHP1/CTNNB1",2,"2"
"GO:1903319","positive regulation of protein maturation","2/253","15/10170",0.133333333333333,5.3596837944664,2.69879492346746,0.0523100261918791,0.197745973451812,0.155251021799122,"ENO1/MYH9",2,"2"
"GO:1905906","regulation of amyloid fibril formation","2/253","15/10170",0.133333333333333,5.3596837944664,2.69879492346746,0.0523100261918791,0.197745973451812,0.155251021799122,"LDLR/HSPG2",2,"2"
"GO:2001135","regulation of endocytic recycling","2/253","15/10170",0.133333333333333,5.3596837944664,2.69879492346746,0.0523100261918791,0.197745973451812,0.155251021799122,"EHD1/EHD2",2,"2"
"GO:0033673","negative regulation of kinase activity","6/253","108/10170",0.0555555555555556,2.23320158102767,2.05784671428818,0.0523915496291655,0.197832368812482,0.155318851084283,"GNAQ/CHP1/SPRED1/DUSP3/HSPB1/SFN",6,"2"
"GO:0014896","muscle hypertrophy","4/253","57/10170",0.0701754385964912,2.8208862076139,2.20185876422093,0.0529678370523205,0.19933877962101,0.156501539222963,"LMNA/ROCK2/NFATC3/MEF2A",4,"2"
"GO:1901879","regulation of protein depolymerization","4/253","57/10170",0.0701754385964912,2.8208862076139,2.20185876422093,0.0529678370523205,0.19933877962101,0.156501539222963,"CAPG/CFL2/DSTN/RDX",4,"2"
"GO:1902106","negative regulation of leukocyte differentiation","4/253","57/10170",0.0701754385964912,2.8208862076139,2.20185876422093,0.0529678370523205,0.19933877962101,0.156501539222963,"LGALS1/CTNNB1/QKI/FSTL3",4,"2"
"GO:0001824","blastocyst development","5/253","82/10170",0.0609756097560976,2.45107490600598,2.10718879762912,0.0532733449350206,0.200042003475378,0.157053642611156,"RTN4/CAPN2/HOPX/TM4SF1/YAP1",5,"2"
"GO:0050779","RNA destabilization","5/253","82/10170",0.0609756097560976,2.45107490600598,2.10718879762912,0.0532733449350206,0.200042003475378,0.157053642611156,"CSDE1/YBX1/ROCK2/HNRNPD/PABPC1",5,"2"
"GO:0017148","negative regulation of translation","6/253","109/10170",0.055045871559633,2.21271349312833,2.03310642042495,0.0543438177386785,0.203834653409148,0.160031264695014,"CPEB4/EIF4EBP1/ATF4/YBX1/DDX3X/QKI",6,"2"
"GO:0030705","cytoskeleton-dependent intracellular transport","8/253","166/10170",0.0481927710843374,1.93723510643364,1.94457625317922,0.0553486019996971,0.206690813226319,0.162273645271959,"MYO1C/DYNC1I2/ACTN4/RAB21/DST/KIF5B/HSPB1/MAP2",8,"2"
"GO:0002886","regulation of myeloid leukocyte mediated immunity","3/253","35/10170",0.0857142857142857,3.4455110107284,2.3147334937009,0.0555343644077833,0.206690813226319,0.162273645271959,"DDX21/VAMP8/UNC13D",3,"2"
"GO:0003229","ventricular cardiac muscle tissue development","3/253","35/10170",0.0857142857142857,3.4455110107284,2.3147334937009,0.0555343644077833,0.206690813226319,0.162273645271959,"HOPX/NRG1/TNNC1",3,"2"
"GO:0070613","regulation of protein processing","3/253","35/10170",0.0857142857142857,3.4455110107284,2.3147334937009,0.0555343644077833,0.206690813226319,0.162273645271959,"CTSZ/ENO1/MYH9",3,"2"
"GO:0097178","ruffle assembly","3/253","35/10170",0.0857142857142857,3.4455110107284,2.3147334937009,0.0555343644077833,0.206690813226319,0.162273645271959,"ARF6/RDX/TACSTD2",3,"2"
"GO:0140115","export across plasma membrane","3/253","35/10170",0.0857142857142857,3.4455110107284,2.3147334937009,0.0555343644077833,0.206690813226319,0.162273645271959,"CALM2/ATP1B3/GJA1",3,"2"
"GO:1902991","regulation of amyloid precursor protein catabolic process","3/253","35/10170",0.0857142857142857,3.4455110107284,2.3147334937009,0.0555343644077833,0.206690813226319,0.162273645271959,"ROCK2/RTN4/ABCA7",3,"2"
"GO:0001892","embryonic placenta development","4/253","58/10170",0.0689655172413793,2.7722502385171,2.16187080893738,0.0558272202274077,0.207551694164078,0.162949525760959,"KRT8/CEBPB/KRT19/EGFR",4,"2"
"GO:0071559","response to transforming growth factor beta","9/253","196/10170",0.0459183673469388,1.84580947003307,1.90974387032763,0.0561144169216097,0.208389662841044,0.163607417757765,"CFLAR/LIMS1/ROCK2/SPRED1/CAV2/PEG10/COL4A2/BMP2/ANKRD1",9,"2"
"GO:0043408","regulation of MAPK cascade","15/253","384/10170",0.0390625,1.57021986166008,1.81934295963885,0.0562443963310561,0.208617242184695,0.163786091057785,"EZR/CFLAR/ROCK2/CTNNB1/CD81/SPRED1/RRAS/IQGAP1/DUSP3/VEGFA/ABCA7/NRG1/EGFR/CAV2/BMP2",15,"2"
"GO:0043410","positive regulation of MAPK cascade","11/253","257/10170",0.0428015564202335,1.72052106242599,1.86861537082964,0.0562994336856679,0.208617242184695,0.163786091057785,"CFLAR/ROCK2/CTNNB1/CD81/IQGAP1/VEGFA/ABCA7/NRG1/EGFR/CAV2/BMP2",11,"2"
"GO:0051640","organelle localization","17/253","450/10170",0.0377777777777778,1.51857707509881,1.797196921201,0.0567320858726366,0.209989674602119,0.164863592315767,"MYO1C/LMNA/ACTN4/EZR/DYNLT1/VAMP8/CTNNB1/ITGB1/MEF2A/UNC13D/KIF5B/MYH9/CFL1/TACC2/MAP2/GJA1/CAV2",17,"2"
"GO:0043068","positive regulation of programmed cell death","15/253","385/10170",0.038961038961039,1.56614136851291,1.80877300501616,0.0572702482858033,0.211749207477773,0.166245007431666,"PHLDA3/LGALS1/PTGS2/DDIT3/ATF4/CFLAR/CTNNB1/ITGB1/NFATC3/RGCC/DDX3X/NUPR1/CAPN2/BMP2/ANKRD1",15,"2"
"GO:0045834","positive regulation of lipid metabolic process","5/253","84/10170",0.0595238095238095,2.3927159796725,2.0471607551368,0.0579658761445001,0.212603814648914,0.166915962365618,"PTGS2/LDLR/CHP1/QKI/CAPN2",5,"2"
"GO:0030308","negative regulation of cell growth","6/253","111/10170",0.0540540540540541,2.17284478154043,1.98442117598967,0.0583793106772628,0.212603814648914,0.166915962365618,"ENO1/DDX3X/RTN4/MAP2/OSGIN2/GJA1",6,"2"
"GO:0030323","respiratory tube development","7/253","139/10170",0.0503597122302158,2.02434100150709,1.94217817383064,0.0584083339469833,0.212603814648914,0.166915962365618,"CTSZ/CTNNB1/VEGFA/HOPX/EGFR/YAP1/BMP2",7,"2"
"GO:0006809","nitric oxide biosynthetic process","4/253","59/10170",0.0677966101694915,2.72526294633885,2.12272372200981,0.0587683191608825,0.212603814648914,0.166915962365618,"PTGS2/ROCK2/DDAH1/NFATC3",4,"2"
"GO:0032273","positive regulation of protein polymerization","4/253","59/10170",0.0677966101694915,2.72526294633885,2.12272372200981,0.0587683191608825,0.212603814648914,0.166915962365618,"ARF6/ARPC2/NCKAP1/CTTN",4,"2"
"GO:0002070","epithelial cell maturation","2/253","16/10170",0.125,5.02470355731225,2.5732651420999,0.0588254327009007,0.212603814648914,0.166915962365618,"VEGFA/GJA1",2,"2"
"GO:0002673","regulation of acute inflammatory response","2/253","16/10170",0.125,5.02470355731225,2.5732651420999,0.0588254327009007,0.212603814648914,0.166915962365618,"PTGS2/OSMR",2,"2"
"GO:0006991","response to sterol depletion","2/253","16/10170",0.125,5.02470355731225,2.5732651420999,0.0588254327009007,0.212603814648914,0.166915962365618,"INSIG1/SPRING1",2,"2"
"GO:0007157","heterophilic cell-cell adhesion via plasma membrane cell adhesion molecules","2/253","16/10170",0.125,5.02470355731225,2.5732651420999,0.0588254327009007,0.212603814648914,0.166915962365618,"ALCAM/CEACAM6",2,"2"
"GO:0007215","glutamate receptor signaling pathway","2/253","16/10170",0.125,5.02470355731225,2.5732651420999,0.0588254327009007,0.212603814648914,0.166915962365618,"CPEB4/GNAQ",2,"2"
"GO:0032252","secretory granule localization","2/253","16/10170",0.125,5.02470355731225,2.5732651420999,0.0588254327009007,0.212603814648914,0.166915962365618,"KIF5B/MAP2",2,"2"
"GO:0035162","embryonic hemopoiesis","2/253","16/10170",0.125,5.02470355731225,2.5732651420999,0.0588254327009007,0.212603814648914,0.166915962365618,"ATF4/VEGFA",2,"2"
"GO:0035994","response to muscle stretch","2/253","16/10170",0.125,5.02470355731225,2.5732651420999,0.0588254327009007,0.212603814648914,0.166915962365618,"CTNNB1/ANKRD1",2,"2"
"GO:0036480","neuron intrinsic apoptotic signaling pathway in response to oxidative stress","2/253","16/10170",0.125,5.02470355731225,2.5732651420999,0.0588254327009007,0.212603814648914,0.166915962365618,"ATF4/CTNNB1",2,"2"
"GO:0045939","negative regulation of steroid metabolic process","2/253","16/10170",0.125,5.02470355731225,2.5732651420999,0.0588254327009007,0.212603814648914,0.166915962365618,"INSIG1/BMP2",2,"2"
"GO:0048333","mesodermal cell differentiation","2/253","16/10170",0.125,5.02470355731225,2.5732651420999,0.0588254327009007,0.212603814648914,0.166915962365618,"ITGB1/GJA1",2,"2"
"GO:0048714","positive regulation of oligodendrocyte differentiation","2/253","16/10170",0.125,5.02470355731225,2.5732651420999,0.0588254327009007,0.212603814648914,0.166915962365618,"QKI/RHEB",2,"2"
"GO:0060045","positive regulation of cardiac muscle cell proliferation","2/253","16/10170",0.125,5.02470355731225,2.5732651420999,0.0588254327009007,0.212603814648914,0.166915962365618,"NRG1/YAP1",2,"2"
"GO:0110110","positive regulation of animal organ morphogenesis","2/253","16/10170",0.125,5.02470355731225,2.5732651420999,0.0588254327009007,0.212603814648914,0.166915962365618,"CTNNB1/BMP2",2,"2"
"GO:1901201","regulation of extracellular matrix assembly","2/253","16/10170",0.125,5.02470355731225,2.5732651420999,0.0588254327009007,0.212603814648914,0.166915962365618,"RGCC/PHLDB2",2,"2"
"GO:1901798","positive regulation of signal transduction by p53 class mediator","2/253","16/10170",0.125,5.02470355731225,2.5732651420999,0.0588254327009007,0.212603814648914,0.166915962365618,"SPRED1/ANKRD1",2,"2"
"GO:0021885","forebrain cell migration","3/253","36/10170",0.0833333333333333,3.3498023715415,2.25580401770977,0.0595108038163633,0.214162679262302,0.168139832161045,"CTNNB1/RTN4/EGFR",3,"2"
"GO:0030858","positive regulation of epithelial cell differentiation","3/253","36/10170",0.0833333333333333,3.3498023715415,2.25580401770977,0.0595108038163633,0.214162679262302,0.168139832161045,"CTNNB1/SFN/BMP2",3,"2"
"GO:0042310","vasoconstriction","3/253","36/10170",0.0833333333333333,3.3498023715415,2.25580401770977,0.0595108038163633,0.214162679262302,0.168139832161045,"PTGS2/ITGB1/EGFR",3,"2"
"GO:0061082","myeloid leukocyte cytokine production","3/253","36/10170",0.0833333333333333,3.3498023715415,2.25580401770977,0.0595108038163633,0.214162679262302,0.168139832161045,"DDX21/MAPKAPK2/RTN4",3,"2"
"GO:0043122","regulation of canonical NF-kappaB signal transduction","10/253","229/10170",0.0436681222707424,1.75535495451956,1.84655825845525,0.0600414690084332,0.215842039974879,0.169458303844921,"LGALS1/DDX21/CFLAR/LIMS1/RBX1/TMSB4X/VEGFA/FLNA/HSPB1/GJA1",10,"2"
"GO:0043123","positive regulation of canonical NF-kappaB signal transduction","8/253","169/10170",0.0473372781065089,1.90284631756204,1.89036077600301,0.060224242451141,0.216268525607292,0.169793139134151,"LGALS1/DDX21/CFLAR/LIMS1/RBX1/VEGFA/FLNA/GJA1",8,"2"
"GO:0072521","purine-containing compound metabolic process","15/253","388/10170",0.038659793814433,1.55403202803472,1.77724021898825,0.0604249299919381,0.216758365885974,0.170177714366992,"ENO1/NDUFS6/HINT1/NAMPT/NDUFC2/NDUFB8/NUPR1/TMSB4X/HMGCS1/RHOQ/NDUFB7/NDUFB1/MVD/ATP5MK/ATP5F1EP2",15,"2"
"GO:0032984","protein-containing complex disassembly","9/253","199/10170",0.0452261306532663,1.81798319661549,1.86127605390922,0.0606020373888327,0.217162667454988,0.170495132874226,"CAPG/CLTC/ETF1/VAMP8/CFL2/DSTN/KIF5B/RDX/CFL1",9,"2"
"GO:0051302","regulation of cell division","6/253","113/10170",0.0530973451327434,2.13438735177866,1.93675907621748,0.062589833370894,0.224047683786257,0.175900582107273,"CALM2/ARF6/YBX1/VEGFA/MACC1/SFN",6,"2"
"GO:0034205","amyloid-beta formation","3/253","37/10170",0.0810810810810811,3.25926717231065,2.19891610612772,0.0636172845513342,0.226643395685349,0.177938484157037,"ROCK2/RTN4/ABCA7",3,"2"
"GO:0055013","cardiac muscle cell development","3/253","37/10170",0.0810810810810811,3.25926717231065,2.19891610612772,0.0636172845513342,0.226643395685349,0.177938484157037,"LMNA/MEF2A/VEGFA",3,"2"
"GO:0072583","clathrin-dependent endocytosis","3/253","37/10170",0.0810810810810811,3.25926717231065,2.19891610612772,0.0636172845513342,0.226643395685349,0.177938484157037,"CLTC/CLTB/AP2B1",3,"2"
"GO:1904035","regulation of epithelial cell apoptotic process","3/253","37/10170",0.0810810810810811,3.25926717231065,2.19891610612772,0.0636172845513342,0.226643395685349,0.177938484157037,"CFLAR/NUPR1/YAP1",3,"2"
"GO:0051258","protein polymerization","9/253","201/10170",0.0447761194029851,1.79989381157454,1.82942156928029,0.0637182500325358,0.226643395685349,0.177938484157037,"CAPG/ARF6/ARPC5/ARPC5L/ARPC2/RDX/NCKAP1/MAP2/CTTN",9,"2"
"GO:2000146","negative regulation of cell motility","9/253","201/10170",0.0447761194029851,1.79989381157454,1.82942156928029,0.0637182500325358,0.226643395685349,0.177938484157037,"VCL/SPRED1/RGCC/RRAS/NEDD9/DUSP3/TACSTD2/GJA1/PHLDB2",9,"2"
"GO:0006909","phagocytosis","7/253","142/10170",0.0492957746478873,1.98157323386962,1.88134717000607,0.0640192701794741,0.227474161269954,0.178590720982061,"ITGAV/LDLR/ITGB1/UNC13D/MYH9/ABCA7/SFTPA1",7,"2"
"GO:1903707","negative regulation of hemopoiesis","4/253","61/10170",0.0655737704918033,2.63591006285233,2.04681914604073,0.0648937312160898,0.228763893915447,0.179603294373899,"LGALS1/CTNNB1/QKI/FSTL3",4,"2"
"GO:0045444","fat cell differentiation","8/253","172/10170",0.0465116279069767,1.86965713760456,1.83723601663829,0.0653626742219739,0.228763893915447,0.179603294373899,"PTGS2/DDIT3/INSIG1/VEGFA/CEBPB/CCND1/YAP1/BMP2",8,"2"
"GO:0003161","cardiac conduction system development","2/253","17/10170",0.117647058823529,4.7291327598233,2.45778755060858,0.0656034061139494,0.228763893915447,0.179603294373899,"HOPX/GJA1",2,"2"
"GO:0010288","response to lead ion","2/253","17/10170",0.117647058823529,4.7291327598233,2.45778755060858,0.0656034061139494,0.228763893915447,0.179603294373899,"PTGS2/PPP2CB",2,"2"
"GO:0032633","interleukin-4 production","2/253","17/10170",0.117647058823529,4.7291327598233,2.45778755060858,0.0656034061139494,0.228763893915447,0.179603294373899,"DDIT3/CEBPB",2,"2"
"GO:0032673","regulation of interleukin-4 production","2/253","17/10170",0.117647058823529,4.7291327598233,2.45778755060858,0.0656034061139494,0.228763893915447,0.179603294373899,"DDIT3/CEBPB",2,"2"
"GO:0033688","regulation of osteoblast proliferation","2/253","17/10170",0.117647058823529,4.7291327598233,2.45778755060858,0.0656034061139494,0.228763893915447,0.179603294373899,"ITGAV/BMP2",2,"2"
"GO:0051016","barbed-end actin filament capping","2/253","17/10170",0.117647058823529,4.7291327598233,2.45778755060858,0.0656034061139494,0.228763893915447,0.179603294373899,"CAPG/RDX",2,"2"
"GO:0051955","regulation of amino acid transport","2/253","17/10170",0.117647058823529,4.7291327598233,2.45778755060858,0.0656034061139494,0.228763893915447,0.179603294373899,"SLC38A1/ITGB1",2,"2"
"GO:0060907","positive regulation of macrophage cytokine production","2/253","17/10170",0.117647058823529,4.7291327598233,2.45778755060858,0.0656034061139494,0.228763893915447,0.179603294373899,"MAPKAPK2/RTN4",2,"2"
"GO:0062099","negative regulation of programmed necrotic cell death","2/253","17/10170",0.117647058823529,4.7291327598233,2.45778755060858,0.0656034061139494,0.228763893915447,0.179603294373899,"YBX3/NUPR1",2,"2"
"GO:0072210","metanephric nephron development","2/253","17/10170",0.117647058823529,4.7291327598233,2.45778755060858,0.0656034061139494,0.228763893915447,0.179603294373899,"CTNNB1/IRX2",2,"2"
"GO:0072525","pyridine-containing compound biosynthetic process","2/253","17/10170",0.117647058823529,4.7291327598233,2.45778755060858,0.0656034061139494,0.228763893915447,0.179603294373899,"NAMPT/PDXK",2,"2"
"GO:0099622","cardiac muscle cell membrane repolarization","2/253","17/10170",0.117647058823529,4.7291327598233,2.45778755060858,0.0656034061139494,0.228763893915447,0.179603294373899,"FLNA/GJA1",2,"2"
"GO:1900242","regulation of synaptic vesicle endocytosis","2/253","17/10170",0.117647058823529,4.7291327598233,2.45778755060858,0.0656034061139494,0.228763893915447,0.179603294373899,"ACTB/ACTG1",2,"2"
"GO:1901223","negative regulation of non-canonical NF-kappaB signal transduction","2/253","17/10170",0.117647058823529,4.7291327598233,2.45778755060858,0.0656034061139494,0.228763893915447,0.179603294373899,"NDUFC2/DDX3X",2,"2"
"GO:2000810","regulation of bicellular tight junction assembly","2/253","17/10170",0.117647058823529,4.7291327598233,2.45778755060858,0.0656034061139494,0.228763893915447,0.179603294373899,"MYO1C/ROCK2",2,"2"
"GO:2000811","negative regulation of anoikis","2/253","17/10170",0.117647058823529,4.7291327598233,2.45778755060858,0.0656034061139494,0.228763893915447,0.179603294373899,"ITGB1/CEACAM6",2,"2"
"GO:0099504","synaptic vesicle cycle","7/253","143/10170",0.048951048951049,1.96771607838802,1.86139994059488,0.0659600296846353,0.229769855471684,0.180393078139254,"CLTB/ARF6/ACTB/CTNNB1/AP2B1/ACTG1/CAPN2",7,"2"
"GO:0034103","regulation of tissue remodeling","3/253","38/10170",0.0789473684210526,3.17349698356563,2.14393926001621,0.0678513173912421,0.235143517207881,0.184611957850353,"ROCK2/EGFR/GJA1",3,"2"
"GO:0050886","endocrine process","3/253","38/10170",0.0789473684210526,3.17349698356563,2.14393926001621,0.0678513173912421,0.235143517207881,0.184611957850353,"CTSZ/RAB11FIP1/GJA1",3,"2"
"GO:0051148","negative regulation of muscle cell differentiation","3/253","38/10170",0.0789473684210526,3.17349698356563,2.14393926001621,0.0678513173912421,0.235143517207881,0.184611957850353,"YBX1/NFATC3/BMP2",3,"2"
"GO:0097720","calcineurin-mediated signaling","3/253","38/10170",0.0789473684210526,3.17349698356563,2.14393926001621,0.0678513173912421,0.235143517207881,0.184611957850353,"CALM2/CHP1/NFATC3",3,"2"
"GO:2001257","regulation of cation channel activity","3/253","38/10170",0.0789473684210526,3.17349698356563,2.14393926001621,0.0678513173912421,0.235143517207881,0.184611957850353,"CALM2/ITGB1/TMSB4X",3,"2"
"GO:0043244","regulation of protein-containing complex disassembly","5/253","88/10170",0.0568181818181818,2.28395616241466,1.93209026912306,0.0680392283934197,0.235441380781576,0.184845811533266,"CAPG/ETF1/CFL2/DSTN/RDX",5,"2"
"GO:0048145","regulation of fibroblast proliferation","4/253","62/10170",0.0645161290322581,2.59339538441923,2.00999978319519,0.0680769117028579,0.235441380781576,0.184845811533266,"CTNNB1/NUPR1/FTH1/EGFR",4,"2"
"GO:0045732","positive regulation of protein catabolic process","8/253","174/10170",0.0459770114942529,1.84816682567807,1.80240344982472,0.0689352171171218,0.238165524712023,0.186984545998233,"LDLR/EZR/CD81/MSN/NUPR1/RBX1/OAZ1/RDX",8,"2"
"GO:0022411","cellular component disassembly","13/253","331/10170",0.0392749244712991,1.57875882163285,1.70980021744592,0.0698791561505466,0.240944086991593,0.189166004490184,"CAPG/CLTC/ARF6/ETF1/VAMP8/CFL2/ITGB1/DSTN/KIF5B/NEDD9/DUSP3/RDX/CFL1",13,"2"
"GO:0001934","positive regulation of protein phosphorylation","11/253","267/10170",0.0411985018726592,1.65608207132389,1.73516044472261,0.0698823597502306,0.240944086991593,0.189166004490184,"CALM2/ROCK2/RGCC/DDX3X/IQGAP1/NEDD9/VEGFA/CCND1/NRG1/EGFR/BMP2",11,"2"
"GO:0000226","microtubule cytoskeleton organization","17/253","463/10170",0.0367170626349892,1.4759388418887,1.67420393299662,0.0699604974117449,0.240967106509095,0.189184077189977,"LMNA/CLTC/EZR/SLK/CHP1/DYNLT1/ROCK2/CTNNB1/ITGB1/DST/MYH9/FLNA/CFL1/TACC2/MAP2/GJA1/PHLDB2",17,"2"
"GO:0051402","neuron apoptotic process","9/253","205/10170",0.0439024390243902,1.7647739323243,1.76677230570119,0.0702519488346632,0.241724052520902,0.189778358022748,"CPEB4/DDIT3/ATF4/CFLAR/CTNNB1/NUPR1/CEBPB/CCND1/HSPG2",9,"2"
"GO:0002702","positive regulation of production of molecular mediator of immune response","5/253","89/10170",0.0561797752808989,2.25829373362348,1.90429600971935,0.070700231163494,0.242010135085303,0.190002962396059,"DDX21/CD81/MAPKAPK2/RTN4/PGC",5,"2"
"GO:0006612","protein targeting to membrane","5/253","89/10170",0.0561797752808989,2.25829373362348,1.90429600971935,0.070700231163494,0.242010135085303,0.190002962396059,"MYO1C/SEC61G/STOM/CHP1/TRAM1",5,"2"
"GO:0030038","contractile actin filament bundle assembly","5/253","89/10170",0.0561797752808989,2.25829373362348,1.90429600971935,0.070700231163494,0.242010135085303,0.190002962396059,"ROCK2/RGCC/ACTG1/TACSTD2/PHLDB2",5,"2"
"GO:0043149","stress fiber assembly","5/253","89/10170",0.0561797752808989,2.25829373362348,1.90429600971935,0.070700231163494,0.242010135085303,0.190002962396059,"ROCK2/RGCC/ACTG1/TACSTD2/PHLDB2",5,"2"
"GO:0090090","negative regulation of canonical Wnt signaling pathway","5/253","89/10170",0.0561797752808989,2.25829373362348,1.90429600971935,0.070700231163494,0.242010135085303,0.190002962396059,"DDIT3/CTNNB1/RBX1/RBMS3/BMP2",5,"2"
"GO:1903532","positive regulation of secretion by cell","8/253","175/10170",0.0457142857142857,1.83760587238848,1.78515761254915,0.0707657156566159,0.242010135085303,0.190002962396059,"PRKAR1A/ARF6/VAMP8/RGCC/UNC13D/EGFR/BMP2/ANKRD1",8,"2"
"GO:0042982","amyloid precursor protein metabolic process","4/253","63/10170",0.0634920634920635,2.55223037831733,1.97389727807334,0.0713395473362896,0.242713708469631,0.190555340201386,"DHCR24/ROCK2/RTN4/ABCA7",4,"2"
"GO:0046209","nitric oxide metabolic process","4/253","63/10170",0.0634920634920635,2.55223037831733,1.97389727807334,0.0713395473362896,0.242713708469631,0.190555340201386,"PTGS2/ROCK2/DDAH1/NFATC3",4,"2"
"GO:0010975","regulation of neuron projection development","11/253","268/10170",0.041044776119403,1.64990266060999,1.72212026995622,0.0713472311865665,0.242713708469631,0.190555340201386,"ARF6/RAB21/EIF4G2/CFLAR/YWHAH/RTN4/EHD1/VEGFA/FLNA/CFL1/MAP2",11,"2"
"GO:0042063","gliogenesis","9/253","206/10170",0.0436893203883495,1.75620706857516,1.75132485374821,0.0719484639537936,0.242713708469631,0.190555340201386,"NDRG1/LDLR/CTNNB1/RRAS/QKI/RTN4/RHEB/EGFR/BMP2",9,"2"
"GO:0006066","alcohol metabolic process","10/253","237/10170",0.0421940928270042,1.69610246660329,1.73187425206982,0.0720255634413013,0.242713708469631,0.190555340201386,"LDLR/DHCR24/MSMO1/FDPS/INSIG1/QKI/HMGCS1/MVD/APOC1/BMP2",10,"2"
"GO:0006753","nucleoside phosphate metabolic process","17/253","465/10170",0.0365591397849462,1.46959071783756,1.65560770186638,0.0721663512398871,0.242713708469631,0.190555340201386,"ENO1/NDUFS6/HINT1/NAMPT/GFPT1/NDUFC2/NDUFB8/NUPR1/TMSB4X/UGP2/HMGCS1/RHOQ/NDUFB7/NDUFB1/MVD/ATP5MK/ATP5F1EP2",17,"2"
"GO:0007200","phospholipase C-activating G protein-coupled receptor signaling pathway","3/253","39/10170",0.0769230769230769,3.09212526603831,2.09075458489052,0.0722102984959676,0.242713708469631,0.190555340201386,"GNB1/GNAQ/VEGFA",3,"2"
"GO:0010634","positive regulation of epithelial cell migration","3/253","39/10170",0.0769230769230769,3.09212526603831,2.09075458489052,0.0722102984959676,0.242713708469631,0.190555340201386,"ARF6/ARHGAP5/RTN4",3,"2"
"GO:0048489","synaptic vesicle transport","3/253","39/10170",0.0769230769230769,3.09212526603831,2.09075458489052,0.0722102984959676,0.242713708469631,0.190555340201386,"CTNNB1/KIF5B/MAP2",3,"2"
"GO:0051055","negative regulation of lipid biosynthetic process","3/253","39/10170",0.0769230769230769,3.09212526603831,2.09075458489052,0.0722102984959676,0.242713708469631,0.190555340201386,"INSIG1/APOC1/BMP2",3,"2"
"GO:1901379","regulation of potassium ion transmembrane transport","3/253","39/10170",0.0769230769230769,3.09212526603831,2.09075458489052,0.0722102984959676,0.242713708469631,0.190555340201386,"ITGB1/ATP1B3/FLNA",3,"2"
"GO:1903317","regulation of protein maturation","3/253","39/10170",0.0769230769230769,3.09212526603831,2.09075458489052,0.0722102984959676,0.242713708469631,0.190555340201386,"CTSZ/ENO1/MYH9",3,"2"
"GO:0002053","positive regulation of mesenchymal cell proliferation","2/253","18/10170",0.111111111111111,4.46640316205534,2.35097898921621,0.0726269667395781,0.242713708469631,0.190555340201386,"ARHGAP5/CTNNB1",2,"2"
"GO:0002066","columnar/cuboidal epithelial cell development","2/253","18/10170",0.111111111111111,4.46640316205534,2.35097898921621,0.0726269667395781,0.242713708469631,0.190555340201386,"YAP1/GJA1",2,"2"
"GO:0002082","regulation of oxidative phosphorylation","2/253","18/10170",0.111111111111111,4.46640316205534,2.35097898921621,0.0726269667395781,0.242713708469631,0.190555340201386,"COX7A2/NUPR1",2,"2"
"GO:0034249","negative regulation of amide metabolic process","2/253","18/10170",0.111111111111111,4.46640316205534,2.35097898921621,0.0726269667395781,0.242713708469631,0.190555340201386,"RTN4/ABCA7",2,"2"
"GO:0043304","regulation of mast cell degranulation","2/253","18/10170",0.111111111111111,4.46640316205534,2.35097898921621,0.0726269667395781,0.242713708469631,0.190555340201386,"VAMP8/UNC13D",2,"2"
"GO:0051894","positive regulation of focal adhesion assembly","2/253","18/10170",0.111111111111111,4.46640316205534,2.35097898921621,0.0726269667395781,0.242713708469631,0.190555340201386,"LIMS1/VEGFA",2,"2"
"GO:0060306","regulation of membrane repolarization","2/253","18/10170",0.111111111111111,4.46640316205534,2.35097898921621,0.0726269667395781,0.242713708469631,0.190555340201386,"FLNA/GJA1",2,"2"
"GO:0071542","dopaminergic neuron differentiation","2/253","18/10170",0.111111111111111,4.46640316205534,2.35097898921621,0.0726269667395781,0.242713708469631,0.190555340201386,"CTNNB1/VEGFA",2,"2"
"GO:0141156","cAMP/PKA signal transduction","2/253","18/10170",0.111111111111111,4.46640316205534,2.35097898921621,0.0726269667395781,0.242713708469631,0.190555340201386,"PRKAR1A/SFN",2,"2"
"GO:1905207","regulation of cardiocyte differentiation","2/253","18/10170",0.111111111111111,4.46640316205534,2.35097898921621,0.0726269667395781,0.242713708469631,0.190555340201386,"EGFR/BMP2",2,"2"
"GO:2000047","regulation of cell-cell adhesion mediated by cadherin","2/253","18/10170",0.111111111111111,4.46640316205534,2.35097898921621,0.0726269667395781,0.242713708469631,0.190555340201386,"RGCC/VEGFA",2,"2"
"GO:0050807","regulation of synapse organization","8/253","177/10170",0.0451977401129944,1.8168419642259,1.7509992420721,0.0745153317369762,0.248777919422855,0.195316372400724,"ARF6/CTNNB1/ITGB1/NEDD8/RTN4/KIF5B/NEDD9/CFL1",8,"2"
"GO:0043433","negative regulation of DNA-binding transcription factor activity","5/253","91/10170",0.0549450549450549,2.20866090431308,1.84980383599574,0.0761920278916513,0.253627666124437,0.199123924674708,"CHP1/PPP2CB/NUPR1/FLNA/CEBPG",5,"2"
"GO:0048660","regulation of smooth muscle cell proliferation","5/253","91/10170",0.0549450549450549,2.20866090431308,1.84980383599574,0.0761920278916513,0.253627666124437,0.199123924674708,"PTGS2/CTNNB1/EGFR/GJA1/BMP2",5,"2"
"GO:0003018","vascular process in circulatory system","7/253","148/10170",0.0472972972972973,1.90123918384788,1.76401775381537,0.0761936019525668,0.253627666124437,0.199123924674708,"PTGS2/SLC38A1/ROCK2/DDAH1/ITGB1/VEGFA/EGFR",7,"2"
"GO:0032869","cellular response to insulin stimulus","8/253","178/10170",0.0449438202247191,1.80663498689879,1.73408376088333,0.0764344893250181,0.2537819498538,0.199245053344043,"MYO1C/CFLAR/BLVRB/RBX1/INSIG1/RHOQ/EGFR/CAV2",8,"2"
"GO:0006826","iron ion transport","3/253","40/10170",0.075,3.01482213438735,2.03925348840595,0.0766915204332805,0.2537819498538,0.199245053344043,"CLTC/FTL/FTH1",3,"2"
"GO:0010718","positive regulation of epithelial to mesenchymal transition","3/253","40/10170",0.075,3.01482213438735,2.03925348840595,0.0766915204332805,0.2537819498538,0.199245053344043,"CTNNB1/RGCC/BMP2",3,"2"
"GO:0010812","negative regulation of cell-substrate adhesion","3/253","40/10170",0.075,3.01482213438735,2.03925348840595,0.0766915204332805,0.2537819498538,0.199245053344043,"ACTN4/TACSTD2/PHLDB2",3,"2"
"GO:0030500","regulation of bone mineralization","3/253","40/10170",0.075,3.01482213438735,2.03925348840595,0.0766915204332805,0.2537819498538,0.199245053344043,"SGMS2/GJA1/BMP2",3,"2"
"GO:0060425","lung morphogenesis","3/253","40/10170",0.075,3.01482213438735,2.03925348840595,0.0766915204332805,0.2537819498538,0.199245053344043,"CTSZ/CTNNB1/YAP1",3,"2"
"GO:2001057","reactive nitrogen species metabolic process","4/253","65/10170",0.0615384615384615,2.47370021283065,1.90373674827902,0.0781002383911501,0.258190199857802,0.202705985091581,"PTGS2/ROCK2/DDAH1/NFATC3",4,"2"
"GO:1902850","microtubule cytoskeleton organization involved in mitosis","6/253","120/10170",0.05,2.0098814229249,1.77740829675847,0.078705349118108,0.259935785726014,0.204076450365526,"CLTC/DYNLT1/ITGB1/FLNA/TACC2/GJA1",6,"2"
"GO:0019216","regulation of lipid metabolic process","9/253","210/10170",0.0428571428571429,1.7227555053642,1.69036547654725,0.0789880484509598,0.260217930697382,0.204297963321445,"PTGS2/LDLR/CHP1/INSIG1/QKI/CAPN2/ABCA7/APOC1/BMP2",9,"2"
"GO:0060562","epithelial tube morphogenesis","9/253","210/10170",0.0428571428571429,1.7227555053642,1.69036547654725,0.0789880484509598,0.260217930697382,0.204297963321445,"COL4A1/CTSZ/CTNNB1/VEGFA/TACSTD2/YAP1/GJA1/BMP2/IRX2",9,"2"
"GO:0051147","regulation of muscle cell differentiation","5/253","92/10170",0.0543478260869565,2.18465372057054,1.82308696980074,0.0790222897491457,0.260217930697382,0.204297963321445,"YBX1/NFATC3/HOPX/NRG1/BMP2",5,"2"
"GO:0030220","platelet formation","2/253","19/10170",0.105263157894737,4.23132931142084,2.25171195873782,0.0798798113113709,0.260246109895597,0.204320086903735,"MYH9/NBEAL2",2,"2"
"GO:0030574","collagen catabolic process","2/253","19/10170",0.105263157894737,4.23132931142084,2.25171195873782,0.0798798113113709,0.260246109895597,0.204320086903735,"ITGB1/MMP23B",2,"2"
"GO:0030859","polarized epithelial cell differentiation","2/253","19/10170",0.105263157894737,4.23132931142084,2.25171195873782,0.0798798113113709,0.260246109895597,0.204320086903735,"MSN/YAP1",2,"2"
"GO:0031128","developmental induction","2/253","19/10170",0.105263157894737,4.23132931142084,2.25171195873782,0.0798798113113709,0.260246109895597,0.204320086903735,"CTNNB1/BMP2",2,"2"
"GO:0034377","plasma lipoprotein particle assembly","2/253","19/10170",0.105263157894737,4.23132931142084,2.25171195873782,0.0798798113113709,0.260246109895597,0.204320086903735,"ABCA7/APOC1",2,"2"
"GO:0038128","ERBB2 signaling pathway","2/253","19/10170",0.105263157894737,4.23132931142084,2.25171195873782,0.0798798113113709,0.260246109895597,0.204320086903735,"NRG1/EGFR",2,"2"
"GO:0055023","positive regulation of cardiac muscle tissue growth","2/253","19/10170",0.105263157894737,4.23132931142084,2.25171195873782,0.0798798113113709,0.260246109895597,0.204320086903735,"NRG1/YAP1",2,"2"
"GO:0060317","cardiac epithelial to mesenchymal transition","2/253","19/10170",0.105263157894737,4.23132931142084,2.25171195873782,0.0798798113113709,0.260246109895597,0.204320086903735,"RTN4/BMP2",2,"2"
"GO:0070861","regulation of protein exit from endoplasmic reticulum","2/253","19/10170",0.105263157894737,4.23132931142084,2.25171195873782,0.0798798113113709,0.260246109895597,0.204320086903735,"CD81/INSIG1",2,"2"
"GO:1901016","regulation of potassium ion transmembrane transporter activity","2/253","19/10170",0.105263157894737,4.23132931142084,2.25171195873782,0.0798798113113709,0.260246109895597,0.204320086903735,"ITGB1/ATP1B3",2,"2"
"GO:2001259","positive regulation of cation channel activity","2/253","19/10170",0.105263157894737,4.23132931142084,2.25171195873782,0.0798798113113709,0.260246109895597,0.204320086903735,"CALM2/TMSB4X",2,"2"
"GO:0048568","embryonic organ development","10/253","242/10170",0.0413223140495868,1.66105902721066,1.66236454086578,0.0802325504669421,0.261143011751476,0.205024247535419,"KRT8/ATF4/CTNNB1/INSIG1/VEGFA/CEBPB/KRT19/EGFR/YAP1/GJA1",10,"2"
"GO:0050803","regulation of synapse structure or activity","8/253","180/10170",0.0444444444444444,1.78656126482213,1.70057304624353,0.0803615390464448,0.261310616841477,0.205155834849321,"ARF6/CTNNB1/ITGB1/NEDD8/RTN4/KIF5B/NEDD9/CFL1",8,"2"
"GO:0007405","neuroblast proliferation","3/253","41/10170",0.0731707317073171,2.94128988720717,1.98933655284963,0.0812921826394062,0.263321075754157,0.206734252831899,"CTNNB1/ITGB1/VEGFA",3,"2"
"GO:0016601","Rac protein signal transduction","3/253","41/10170",0.0731707317073171,2.94128988720717,1.98933655284963,0.0812921826394062,0.263321075754157,0.206734252831899,"ARF6/RTN4/NCKAP1",3,"2"
"GO:0030225","macrophage differentiation","3/253","41/10170",0.0731707317073171,2.94128988720717,1.98933655284963,0.0812921826394062,0.263321075754157,0.206734252831899,"CFLAR/QKI/VEGFA",3,"2"
"GO:0042267","natural killer cell mediated cytotoxicity","3/253","41/10170",0.0731707317073171,2.94128988720717,1.98933655284963,0.0812921826394062,0.263321075754157,0.206734252831899,"UNC13D/KIF5B/CEBPG",3,"2"
"GO:0006720","isoprenoid metabolic process","4/253","66/10170",0.0606060606060606,2.43621990657564,1.86962914094799,0.0815966782946451,0.263800574505794,0.207110708897444,"FDPS/HMGCS1/MVD/EGFR",4,"2"
"GO:0070972","protein localization to endoplasmic reticulum","4/253","66/10170",0.0606060606060606,2.43621990657564,1.86962914094799,0.0815966782946451,0.263800574505794,0.207110708897444,"SEC61G/TRAM1/INSIG1/RTN4",4,"2"
"GO:0007249","canonical NF-kappaB signal transduction","10/253","243/10170",0.0411522633744856,1.65422339335383,1.64865362875255,0.0819406406231624,0.264658850748375,0.207784544431593,"LGALS1/DDX21/CFLAR/LIMS1/RBX1/TMSB4X/VEGFA/FLNA/HSPB1/GJA1",10,"2"
"GO:0007420","brain development","16/253","440/10170",0.0363636363636364,1.46173194394538,1.58149952961809,0.0824275982593088,0.265722620774751,0.208619713819223,"COL4A1/CALM2/ACTB/YWHAH/CTNNB1/ITGB1/HNRNPD/RTN4/UGP2/FLNA/CKB/TACC2/NRG1/EGFR/HSPG2/BMP2",16,"2"
"GO:0008285","negative regulation of cell population proliferation","16/253","440/10170",0.0363636363636364,1.46173194394538,1.58149952961809,0.0824275982593088,0.265722620774751,0.208619713819223,"NDRG1/PTGS2/PRKAR1A/LMNA/DHCR24/DDAH1/CTNNB1/TES/RGCC/NUPR1/FTH1/CEBPB/SFN/HSPG2/CAV2/BMP2",16,"2"
"GO:0040013","negative regulation of locomotion","9/253","212/10170",0.0424528301886792,1.70650309493624,1.66037110098491,0.082660258047292,0.266218137665204,0.209008745778856,"VCL/SPRED1/RGCC/RRAS/NEDD9/DUSP3/TACSTD2/GJA1/PHLDB2",9,"2"
"GO:0045926","negative regulation of growth","7/253","151/10170",0.0463576158940397,1.86346621993037,1.70738265418083,0.0827573396688285,0.266276478400086,0.209054549283953,"ENO1/GNAS/DDX3X/RTN4/MAP2/OSGIN2/GJA1",7,"2"
"GO:0043434","response to peptide hormone","12/253","308/10170",0.038961038961039,1.56614136851291,1.61148763373906,0.0832285104846457,0.267537213874381,0.21004435690019,"MYO1C/PTGS2/PRKAR1A/CFLAR/BLVRB/ROCK2/GNAS/RBX1/INSIG1/RHOQ/EGFR/CAV2",12,"2"
"GO:0019079","viral genome replication","5/253","94/10170",0.0531914893617021,2.13817172651585,1.77066689670034,0.0848499755939069,0.27196121029026,0.213517651208093,"STOM/EEF1A1/PABPC1/DDX3X/IFI27",5,"2"
"GO:0062013","positive regulation of small molecule metabolic process","5/253","94/10170",0.0531914893617021,2.13817172651585,1.77066689670034,0.0848499755939069,0.27196121029026,0.213517651208093,"PTGS2/ENO1/NDUFC2/TMSB4X/QKI",5,"2"
"GO:0060541","respiratory system development","7/253","152/10170",0.0460526315789474,1.85120657374662,1.68878933200346,0.0850156265563605,0.27196121029026,0.213517651208093,"CTSZ/CTNNB1/VEGFA/HOPX/EGFR/YAP1/BMP2",7,"2"
"GO:0120032","regulation of plasma membrane bounded cell projection assembly","7/253","152/10170",0.0460526315789474,1.85120657374662,1.68878933200346,0.0850156265563605,0.27196121029026,0.213517651208093,"ARF6/ARPC2/RHOQ/RDX/NCKAP1/TACSTD2/YAP1",7,"2"
"GO:0008543","fibroblast growth factor receptor signaling pathway","4/253","67/10170",0.0597014925373134,2.39985841543272,1.83613904118013,0.0851693469948146,0.27196121029026,0.213517651208093,"CTNNB1/ITGB1/IQGAP1/EGFR",4,"2"
"GO:0019218","regulation of steroid metabolic process","4/253","67/10170",0.0597014925373134,2.39985841543272,1.83613904118013,0.0851693469948146,0.27196121029026,0.213517651208093,"LDLR/INSIG1/QKI/BMP2",4,"2"
"GO:0060048","cardiac muscle contraction","4/253","67/10170",0.0597014925373134,2.39985841543272,1.83613904118013,0.0851693469948146,0.27196121029026,0.213517651208093,"CALM2/FLNA/GJA1/TNNC1",4,"2"
"GO:0001707","mesoderm formation","3/253","42/10170",0.0714285714285714,2.871259175607,1.94091255532502,0.0860094013369438,0.27360726538507,0.214809974540629,"PRKAR1A/ITGB1/GJA1",3,"2"
"GO:0002228","natural killer cell mediated immunity","3/253","42/10170",0.0714285714285714,2.871259175607,1.94091255532502,0.0860094013369438,0.27360726538507,0.214809974540629,"UNC13D/KIF5B/CEBPG",3,"2"
"GO:0030330","DNA damage response, signal transduction by p53 class mediator","3/253","42/10170",0.0714285714285714,2.871259175607,1.94091255532502,0.0860094013369438,0.27360726538507,0.214809974540629,"NDRG1/SPRED1/ANKRD1",3,"2"
"GO:0055006","cardiac cell development","3/253","42/10170",0.0714285714285714,2.871259175607,1.94091255532502,0.0860094013369438,0.27360726538507,0.214809974540629,"LMNA/MEF2A/VEGFA",3,"2"
"GO:0009612","response to mechanical stimulus","6/253","123/10170",0.0487804878048781,1.96085992480478,1.71239386254386,0.0862645533594121,0.2741602958793,0.215244160621977,"PTGS2/CTNNB1/CAPN2/SCEL/EGFR/ANKRD1",6,"2"
"GO:0071396","cellular response to lipid","14/253","376/10170",0.0372340425531915,1.4967202085611,1.56759882561368,0.086415492847274,0.274381395368181,0.215417746566453,"PTGS2/LDLR/GNB1/CFLAR/YWHAH/ROCK2/HNRNPD/MSN/GNAS/INSIG1/CAPN2/EGFR/YAP1/ANKRD1",14,"2"
"GO:0006953","acute-phase response","2/253","20/10170",0.1,4.0197628458498,2.15905667042322,0.0873462900597933,0.274749710897036,0.215706912313806,"PTGS2/CEBPB",2,"2"
"GO:0010092","specification of animal organ identity","2/253","20/10170",0.1,4.0197628458498,2.15905667042322,0.0873462900597933,0.274749710897036,0.215706912313806,"CTNNB1/BMP2",2,"2"
"GO:0010661","positive regulation of muscle cell apoptotic process","2/253","20/10170",0.1,4.0197628458498,2.15905667042322,0.0873462900597933,0.274749710897036,0.215706912313806,"ATF4/CAPN2",2,"2"
"GO:0021799","cerebral cortex radially oriented cell migration","2/253","20/10170",0.1,4.0197628458498,2.15905667042322,0.0873462900597933,0.274749710897036,0.215706912313806,"CTNNB1/RTN4",2,"2"
"GO:0040036","regulation of fibroblast growth factor receptor signaling pathway","2/253","20/10170",0.1,4.0197628458498,2.15905667042322,0.0873462900597933,0.274749710897036,0.215706912313806,"CTNNB1/ITGB1",2,"2"
"GO:0045540","regulation of cholesterol biosynthetic process","2/253","20/10170",0.1,4.0197628458498,2.15905667042322,0.0873462900597933,0.274749710897036,0.215706912313806,"INSIG1/QKI",2,"2"
"GO:0048806","genitalia development","2/253","20/10170",0.1,4.0197628458498,2.15905667042322,0.0873462900597933,0.274749710897036,0.215706912313806,"DHCR24/CTNNB1",2,"2"
"GO:0051154","negative regulation of striated muscle cell differentiation","2/253","20/10170",0.1,4.0197628458498,2.15905667042322,0.0873462900597933,0.274749710897036,0.215706912313806,"YBX1/BMP2",2,"2"
"GO:0065005","protein-lipid complex assembly","2/253","20/10170",0.1,4.0197628458498,2.15905667042322,0.0873462900597933,0.274749710897036,0.215706912313806,"ABCA7/APOC1",2,"2"
"GO:0106118","regulation of sterol biosynthetic process","2/253","20/10170",0.1,4.0197628458498,2.15905667042322,0.0873462900597933,0.274749710897036,0.215706912313806,"INSIG1/QKI",2,"2"
"GO:0060322","head development","17/253","478/10170",0.0355648535564854,1.42962276944449,1.53675191701538,0.0876442650214748,0.275430066777645,0.216241061979702,"COL4A1/CALM2/ACTB/YWHAH/CTNNB1/ITGB1/HNRNPD/RRAS/RTN4/UGP2/FLNA/CKB/TACC2/NRG1/EGFR/HSPG2/BMP2",17,"2"
"GO:0061351","neural precursor cell proliferation","5/253","95/10170",0.0526315789473684,2.11566465571042,1.74494674776402,0.087846682640918,0.275809137677072,0.216538671804282,"CTNNB1/ITGB1/NAP1L1/VEGFA/FLNA",5,"2"
"GO:0090150","establishment of protein localization to membrane","9/253","215/10170",0.0418604651162791,1.6826914238441,1.61596619949999,0.0883592297722079,0.277160300271521,0.217599474053467,"MYO1C/SEC61G/TIMM8B/STOM/CHP1/TRAM1/TOMM7/RDX/EGFR",9,"2"
"GO:0034655","nucleobase-containing compound catabolic process","15/253","411/10170",0.0364963503649635,1.46706673206197,1.54385466460376,0.0885760968202528,0.277582340592837,0.217930819314161,"ENO1/HINT1/CSDE1/ETF1/YBX1/YBX3/ROCK2/HNRNPD/PABPC1/MAPKAPK2/NUPR1/QKI/PABPC4/XIST/SLIRP",15,"2"
"GO:0006986","response to unfolded protein","6/253","124/10170",0.0483870967741935,1.94504653831442,1.69112877385955,0.0888703548525597,0.27824590210105,0.218451783662403,"DDIT3/ATF4/TRAM1/ABCA7/HSPB1/CCND1",6,"2"
"GO:0002683","negative regulation of immune system process","12/253","312/10170",0.0384615384615385,1.54606263301915,1.56471258850895,0.0895044479221376,0.279971241552364,0.219806353407066,"LGALS1/PRKAR1A/PHPT1/LDLR/EZR/CTNNB1/GNAS/QKI/DUSP3/CEBPB/SFN/FSTL3",12,"2"
"GO:0060491","regulation of cell projection assembly","7/253","154/10170",0.0454545454545455,1.82716492993173,1.65201711788189,0.0896373338165966,0.280127052483377,0.219928681087499,"ARF6/ARPC2/RHOQ/RDX/NCKAP1/TACSTD2/YAP1",7,"2"
"GO:0001656","metanephros development","3/253","43/10170",0.0697674418604651,2.80448570640684,1.89389761326006,0.0908402189326182,0.283017924224978,0.222198314111825,"CTNNB1/YAP1/IRX2",3,"2"
"GO:0032506","cytokinetic process","3/253","43/10170",0.0697674418604651,2.80448570640684,1.89389761326006,0.0908402189326182,0.283017924224978,0.222198314111825,"ARF6/IQGAP1/MYH9",3,"2"
"GO:0048332","mesoderm morphogenesis","3/253","43/10170",0.0697674418604651,2.80448570640684,1.89389761326006,0.0908402189326182,0.283017924224978,0.222198314111825,"PRKAR1A/ITGB1/GJA1",3,"2"
"GO:0001890","placenta development","5/253","96/10170",0.0520833333333333,2.09362648221344,1.7195424001636,0.0908981055562429,0.283017924224978,0.222198314111825,"PTGS2/KRT8/CEBPB/KRT19/EGFR",5,"2"
"GO:0072331","signal transduction by p53 class mediator","6/253","125/10170",0.048,1.92948616600791,1.6700604602226,0.0915188832647944,0.284687891484213,0.223509410964224,"PHLDA3/NDRG1/HINT1/SPRED1/NUPR1/ANKRD1",6,"2"
"GO:0042303","molting cycle","4/253","69/10170",0.0579710144927536,2.33029730194191,1.7709255253446,0.0925395624108597,0.287332784944216,0.225585925621123,"PTGS2/CTNNB1/GNAS/EGFR",4,"2"
"GO:0042633","hair cycle","4/253","69/10170",0.0579710144927536,2.33029730194191,1.7709255253446,0.0925395624108597,0.287332784944216,0.225585925621123,"PTGS2/CTNNB1/GNAS/EGFR",4,"2"
"GO:0042327","positive regulation of phosphorylation","11/253","282/10170",0.0390070921985816,1.56799259944496,1.54497775284741,0.093926248803422,0.290272897294679,0.227894217611325,"CALM2/ROCK2/RGCC/DDX3X/IQGAP1/NEDD9/VEGFA/CCND1/NRG1/EGFR/BMP2",11,"2"
"GO:0001933","negative regulation of protein phosphorylation","7/253","156/10170",0.0448717948717949,1.80373973852235,1.61578352097459,0.0943985822111886,0.290272897294679,0.227894217611325,"CALM2/GNAQ/CHP1/SPRED1/DUSP3/HSPB1/SFN",7,"2"
"GO:0007039","protein catabolic process in the vacuole","2/253","21/10170",0.0952380952380952,3.828345567476,2.07223840970784,0.0950113844990604,0.290272897294679,0.227894217611325,"LDLR/CD81",2,"2"
"GO:0009268","response to pH","2/253","21/10170",0.0952380952380952,3.828345567476,2.07223840970784,0.0950113844990604,0.290272897294679,0.227894217611325,"CHP1/GJA1",2,"2"
"GO:0010575","positive regulation of vascular endothelial growth factor production","2/253","21/10170",0.0952380952380952,3.828345567476,2.07223840970784,0.0950113844990604,0.290272897294679,0.227894217611325,"PTGS2/ATF4",2,"2"
"GO:0032232","negative regulation of actin filament bundle assembly","2/253","21/10170",0.0952380952380952,3.828345567476,2.07223840970784,0.0950113844990604,0.290272897294679,0.227894217611325,"TACSTD2/PHLDB2",2,"2"
"GO:0032892","positive regulation of organic acid transport","2/253","21/10170",0.0952380952380952,3.828345567476,2.07223840970784,0.0950113844990604,0.290272897294679,0.227894217611325,"SLC38A1/ITGB1",2,"2"
"GO:0033687","osteoblast proliferation","2/253","21/10170",0.0952380952380952,3.828345567476,2.07223840970784,0.0950113844990604,0.290272897294679,0.227894217611325,"ITGAV/BMP2",2,"2"
"GO:0035357","peroxisome proliferator activated receptor signaling pathway","2/253","21/10170",0.0952380952380952,3.828345567476,2.07223840970784,0.0950113844990604,0.290272897294679,0.227894217611325,"ACTN4/BMP2",2,"2"
"GO:0036344","platelet morphogenesis","2/253","21/10170",0.0952380952380952,3.828345567476,2.07223840970784,0.0950113844990604,0.290272897294679,0.227894217611325,"MYH9/NBEAL2",2,"2"
"GO:0046475","glycerophospholipid catabolic process","2/253","21/10170",0.0952380952380952,3.828345567476,2.07223840970784,0.0950113844990604,0.290272897294679,0.227894217611325,"LDLR/APOC1",2,"2"
"GO:0050892","intestinal absorption","2/253","21/10170",0.0952380952380952,3.828345567476,2.07223840970784,0.0950113844990604,0.290272897294679,0.227894217611325,"LDLR/EZR",2,"2"
"GO:0051497","negative regulation of stress fiber assembly","2/253","21/10170",0.0952380952380952,3.828345567476,2.07223840970784,0.0950113844990604,0.290272897294679,0.227894217611325,"TACSTD2/PHLDB2",2,"2"
"GO:0060421","positive regulation of heart growth","2/253","21/10170",0.0952380952380952,3.828345567476,2.07223840970784,0.0950113844990604,0.290272897294679,0.227894217611325,"NRG1/YAP1",2,"2"
"GO:0060914","heart formation","2/253","21/10170",0.0952380952380952,3.828345567476,2.07223840970784,0.0950113844990604,0.290272897294679,0.227894217611325,"CTNNB1/BMP2",2,"2"
"GO:0070633","transepithelial transport","2/253","21/10170",0.0952380952380952,3.828345567476,2.07223840970784,0.0950113844990604,0.290272897294679,0.227894217611325,"ACTB/ACTG1",2,"2"
"GO:2000209","regulation of anoikis","2/253","21/10170",0.0952380952380952,3.828345567476,2.07223840970784,0.0950113844990604,0.290272897294679,0.227894217611325,"ITGB1/CEACAM6",2,"2"
"GO:0051047","positive regulation of secretion","8/253","187/10170",0.0427807486631016,1.71968463993574,1.58650603723559,0.0950359663740586,0.290272897294679,0.227894217611325,"PRKAR1A/ARF6/VAMP8/RGCC/UNC13D/EGFR/BMP2/ANKRD1",8,"2"
"GO:0055086","nucleobase-containing small molecule metabolic process","17/253","484/10170",0.0351239669421488,1.41190017312906,1.48303585368639,0.0954636384436836,0.291315284010951,0.228712598891035,"ENO1/NDUFS6/HINT1/NAMPT/GFPT1/NDUFC2/NDUFB8/NUPR1/TMSB4X/UGP2/HMGCS1/RHOQ/NDUFB7/NDUFB1/MVD/ATP5MK/ATP5F1EP2",17,"2"
"GO:0032233","positive regulation of actin filament bundle assembly","3/253","44/10170",0.0681818181818182,2.74074739489759,1.84821443669374,0.0957816129165261,0.291984598583479,0.229238079989215,"ROCK2/RGCC/FLNA",3,"2"
"GO:0009117","nucleotide metabolic process","13/253","349/10170",0.0372492836676218,1.49733286521626,1.51004971337145,0.0958561538054305,0.291984598583479,0.229238079989215,"ENO1/NDUFS6/HINT1/NAMPT/NDUFC2/NDUFB8/NUPR1/TMSB4X/RHOQ/NDUFB7/NDUFB1/ATP5MK/ATP5F1EP2",13,"2"
"GO:0051336","regulation of hydrolase activity","9/253","219/10170",0.0410958904109589,1.65195733391088,1.55781936089417,0.0963131537181123,0.292650367925139,0.229760777714842,"CHP1/LIMS1/TIMP2/ITGB1/RDX/SPOCK2/CAV2/APOC1/BMP2",9,"2"
"GO:0062014","negative regulation of small molecule metabolic process","4/253","70/10170",0.0571428571428571,2.2970073404856,1.73916182810551,0.0963350855269585,0.292650367925139,0.229760777714842,"NUPR1/INSIG1/APOC1/BMP2",4,"2"
"GO:0120162","positive regulation of cold-induced thermogenesis","4/253","70/10170",0.0571428571428571,2.2970073404856,1.73916182810551,0.0963350855269585,0.292650367925139,0.229760777714842,"GNAS/VEGFA/CEBPB/GJA1",4,"2"
"GO:0007346","regulation of mitotic cell cycle","13/253","350/10170",0.0371428571428571,1.49305477131564,1.49927973800895,0.0974534017996668,0.295781161897819,0.232218774481181,"EIF4EBP1/ACTB/CTNNB1/RGCC/DDX3X/IQGAP1/WAC/DUSP3/RDX/CCND1/EGFR/CAV2/ASNS",13,"2"
"GO:0048511","rhythmic process","8/253","189/10170",0.0423280423280423,1.70148691887822,1.55479336550403,0.0994928455051656,0.301699527916743,0.23686530333727,"GNAQ/NAMPT/GFPT1/ATF4/ROCK2/HNRNPD/PPP1CB/EGFR",8,"2"
"GO:0001936","regulation of endothelial cell proliferation","4/253","71/10170",0.0563380281690141,2.26465512442242,1.70793494335104,0.100202794814927,0.303301035187116,0.238122652024598,"RGCC/VEGFA/HSPG2/CAV2",4,"2"
"GO:0048771","tissue remodeling","5/253","99/10170",0.0505050505050505,2.0301832554797,1.64514815051754,0.100376224497642,0.303301035187116,0.238122652024598,"ROCK2/CTNNB1/FLNA/EGFR/GJA1",5,"2"
"GO:0098742","cell-cell adhesion via plasma-membrane adhesion molecules","5/253","99/10170",0.0505050505050505,2.0301832554797,1.64514815051754,0.100376224497642,0.303301035187116,0.238122652024598,"ALCAM/NEXN/ITGB1/CEACAM6/BMP2",5,"2"
"GO:0001836","release of cytochrome c from mitochondria","3/253","45/10170",0.0666666666666667,2.6798418972332,1.80379167189534,0.100830504283736,0.303301035187116,0.238122652024598,"LMNA/IFI27/SFN",3,"2"
"GO:0031529","ruffle organization","3/253","45/10170",0.0666666666666667,2.6798418972332,1.80379167189534,0.100830504283736,0.303301035187116,0.238122652024598,"ARF6/RDX/TACSTD2",3,"2"
"GO:0046847","filopodium assembly","3/253","45/10170",0.0666666666666667,2.6798418972332,1.80379167189534,0.100830504283736,0.303301035187116,0.238122652024598,"EZR/ARF6/RHOQ",3,"2"
"GO:0055017","cardiac muscle tissue growth","3/253","45/10170",0.0666666666666667,2.6798418972332,1.80379167189534,0.100830504283736,0.303301035187116,0.238122652024598,"PRKAR1A/NRG1/YAP1",3,"2"
"GO:0097300","programmed necrotic cell death","3/253","45/10170",0.0666666666666667,2.6798418972332,1.80379167189534,0.100830504283736,0.303301035187116,0.238122652024598,"YBX3/CFLAR/NUPR1",3,"2"
"GO:0097479","synaptic vesicle localization","3/253","45/10170",0.0666666666666667,2.6798418972332,1.80379167189534,0.100830504283736,0.303301035187116,0.238122652024598,"CTNNB1/KIF5B/MAP2",3,"2"
"GO:0016055","Wnt signaling pathway","12/253","319/10170",0.0376175548589342,1.5121364937366,1.48439722385485,0.101175633315351,0.304067946113514,0.238724756344973,"DDIT3/GNAQ/CTNNB1/DDX3X/RBX1/NXN/SCEL/CCND1/EGFR/YAP1/RBMS3/BMP2",12,"2"
"GO:0010001","glial cell differentiation","7/253","159/10170",0.0440251572327044,1.76970691326721,1.56240797259225,0.10180000727708,0.304785793393047,0.239288340632926,"NDRG1/LDLR/CTNNB1/QKI/RHEB/EGFR/BMP2",7,"2"
"GO:0042098","T cell proliferation","6/253","129/10170",0.0465116279069767,1.86965713760456,1.58768252601193,0.102535790617801,0.304785793393047,0.239288340632926,"PRKAR1A/CTNNB1/CD81/MSN/CEBPB/GJA1",6,"2"
"GO:0001937","negative regulation of endothelial cell proliferation","2/253","22/10170",0.0909090909090909,3.65432985986346,1.99060564566583,0.102860685907855,0.304785793393047,0.239288340632926,"RGCC/CAV2",2,"2"
"GO:0010712","regulation of collagen metabolic process","2/253","22/10170",0.0909090909090909,3.65432985986346,1.99060564566583,0.102860685907855,0.304785793393047,0.239288340632926,"ITGB1/RGCC",2,"2"
"GO:0032369","negative regulation of lipid transport","2/253","22/10170",0.0909090909090909,3.65432985986346,1.99060564566583,0.102860685907855,0.304785793393047,0.239288340632926,"ITGAV/APOC1",2,"2"
"GO:0033617","mitochondrial cytochrome c oxidase assembly","2/253","22/10170",0.0909090909090909,3.65432985986346,1.99060564566583,0.102860685907855,0.304785793393047,0.239288340632926,"COX17/UQCC5",2,"2"
"GO:0045773","positive regulation of axon extension","2/253","22/10170",0.0909090909090909,3.65432985986346,1.99060564566583,0.102860685907855,0.304785793393047,0.239288340632926,"EIF4G2/VEGFA",2,"2"
"GO:0045947","negative regulation of translational initiation","2/253","22/10170",0.0909090909090909,3.65432985986346,1.99060564566583,0.102860685907855,0.304785793393047,0.239288340632926,"EIF4EBP1/ATF4",2,"2"
"GO:0048546","digestive tract morphogenesis","2/253","22/10170",0.0909090909090909,3.65432985986346,1.99060564566583,0.102860685907855,0.304785793393047,0.239288340632926,"CTNNB1/EGFR",2,"2"
"GO:0051952","regulation of amine transport","2/253","22/10170",0.0909090909090909,3.65432985986346,1.99060564566583,0.102860685907855,0.304785793393047,0.239288340632926,"SLC38A1/ITGB1",2,"2"
"GO:0071549","cellular response to dexamethasone stimulus","2/253","22/10170",0.0909090909090909,3.65432985986346,1.99060564566583,0.102860685907855,0.304785793393047,0.239288340632926,"CFLAR/EGFR",2,"2"
"GO:0098926","postsynaptic signal transduction","2/253","22/10170",0.0909090909090909,3.65432985986346,1.99060564566583,0.102860685907855,0.304785793393047,0.239288340632926,"GNB1/GNAQ",2,"2"
"GO:1900745","positive regulation of p38MAPK cascade","2/253","22/10170",0.0909090909090909,3.65432985986346,1.99060564566583,0.102860685907855,0.304785793393047,0.239288340632926,"VEGFA/BMP2",2,"2"
"GO:1902042","negative regulation of extrinsic apoptotic signaling pathway via death domain receptors","2/253","22/10170",0.0909090909090909,3.65432985986346,1.99060564566583,0.102860685907855,0.304785793393047,0.239288340632926,"CFLAR/DDX3X",2,"2"
"GO:1903421","regulation of synaptic vesicle recycling","2/253","22/10170",0.0909090909090909,3.65432985986346,1.99060564566583,0.102860685907855,0.304785793393047,0.239288340632926,"ACTB/ACTG1",2,"2"
"GO:2000737","negative regulation of stem cell differentiation","2/253","22/10170",0.0909090909090909,3.65432985986346,1.99060564566583,0.102860685907855,0.304785793393047,0.239288340632926,"TMSB4X/YAP1",2,"2"
"GO:0071560","cellular response to transforming growth factor beta stimulus","8/253","191/10170",0.0418848167539267,1.68367030192662,1.52345319119776,0.104066091975875,0.307231296354255,0.241208313145705,"CFLAR/LIMS1/SPRED1/CAV2/PEG10/COL4A2/BMP2/ANKRD1",8,"2"
"GO:0000041","transition metal ion transport","4/253","72/10170",0.0555555555555556,2.23320158102767,1.6772270790023,0.104141569315811,0.307231296354255,0.241208313145705,"CLTC/COX17/FTL/FTH1",4,"2"
"GO:0006470","protein dephosphorylation","4/253","72/10170",0.0555555555555556,2.23320158102767,1.6772270790023,0.104141569315811,0.307231296354255,0.241208313145705,"PHPT1/PPP1CB/PPP2CB/DUSP3",4,"2"
"GO:0030512","negative regulation of transforming growth factor beta receptor signaling pathway","4/253","72/10170",0.0555555555555556,2.23320158102767,1.6772270790023,0.104141569315811,0.307231296354255,0.241208313145705,"SPRED1/CAV2/PEG10/BMP2",4,"2"
"GO:0050868","negative regulation of T cell activation","4/253","72/10170",0.0555555555555556,2.23320158102767,1.6772270790023,0.104141569315811,0.307231296354255,0.241208313145705,"LGALS1/PRKAR1A/DUSP3/CEBPB",4,"2"
"GO:0090068","positive regulation of cell cycle process","7/253","160/10170",0.04375,1.75864624505929,1.54486841061902,0.104335792625478,0.307535220920552,0.241446925334079,"ARF6/ROCK2/RGCC/DDX3X/RDX/CCND1/EGFR",7,"2"
"GO:0006939","smooth muscle contraction","3/253","46/10170",0.0652173913043478,2.62158446468465,1.76056332339475,0.105983765498329,0.310223313594068,0.243557355837261,"PTGS2/ROCK2/CTTN",3,"2"
"GO:0043954","cellular component maintenance","3/253","46/10170",0.0652173913043478,2.62158446468465,1.76056332339475,0.105983765498329,0.310223313594068,0.243557355837261,"ARF6/NEDD9/CTTN",3,"2"
"GO:0045600","positive regulation of fat cell differentiation","3/253","46/10170",0.0652173913043478,2.62158446468465,1.76056332339475,0.105983765498329,0.310223313594068,0.243557355837261,"PTGS2/CEBPB/BMP2",3,"2"
"GO:0061180","mammary gland epithelium development","3/253","46/10170",0.0652173913043478,2.62158446468465,1.76056332339475,0.105983765498329,0.310223313594068,0.243557355837261,"RTN4/CEBPB/CCND1",3,"2"
"GO:0070373","negative regulation of ERK1 and ERK2 cascade","3/253","46/10170",0.0652173913043478,2.62158446468465,1.76056332339475,0.105983765498329,0.310223313594068,0.243557355837261,"EZR/SPRED1/DUSP3",3,"2"
"GO:1902807","negative regulation of cell cycle G1/S phase transition","3/253","46/10170",0.0652173913043478,2.62158446468465,1.76056332339475,0.105983765498329,0.310223313594068,0.243557355837261,"TMSB4X/WAC/CCND1",3,"2"
"GO:1904263","positive regulation of TORC1 signaling","3/253","46/10170",0.0652173913043478,2.62158446468465,1.76056332339475,0.105983765498329,0.310223313594068,0.243557355837261,"RBX1/WAC/RHEB",3,"2"
"GO:2000630","positive regulation of miRNA metabolic process","3/253","46/10170",0.0652173913043478,2.62158446468465,1.76056332339475,0.105983765498329,0.310223313594068,0.243557355837261,"EGFR/XIST/BMP2",3,"2"
"GO:0006633","fatty acid biosynthetic process","5/253","101/10170",0.0495049504950495,1.98998160685634,1.59699615273123,0.106959930636942,0.312538029556124,0.245374647041784,"PTGS2/INSIG1/QKI/FADS3/APOC1",5,"2"
"GO:0090101","negative regulation of transmembrane receptor protein serine/threonine kinase signaling pathway","5/253","101/10170",0.0495049504950495,1.98998160685634,1.59699615273123,0.106959930636942,0.312538029556124,0.245374647041784,"SPRED1/CAV2/PEG10/FSTL3/BMP2",5,"2"
"GO:0009408","response to heat","4/253","73/10170",0.0547945205479452,2.20260977854784,1.64702127988046,0.108150248440479,0.315179596125673,0.247448549745916,"PTGS2/MAPKAPK2/EEF1D/HSPB1",4,"2"
"GO:0010631","epithelial cell migration","4/253","73/10170",0.0547945205479452,2.20260977854784,1.64702127988046,0.108150248440479,0.315179596125673,0.247448549745916,"ARF6/ARHGAP5/RTN4/TACSTD2",4,"2"
"GO:0071346","cellular response to type II interferon","4/253","73/10170",0.0547945205479452,2.20260977854784,1.64702127988046,0.108150248440479,0.315179596125673,0.247448549745916,"MYO1C/KIF5B/ACTG1/FLNB",4,"2"
"GO:0031349","positive regulation of defense response","12/253","323/10170",0.0371517027863777,1.49341034520736,1.43935118881165,0.108237832833194,0.315179596125673,0.247448549745916,"LGALS1/PTGS2/LDLR/VAMP8/CD81/MAPKAPK2/DDX3X/NUPR1/RTN4/CEBPB/OSMR/PGC",12,"2"
"GO:1901137","carbohydrate derivative biosynthetic process","15/253","425/10170",0.0352941176470588,1.41873982794699,1.40850061581827,0.109247640078237,0.317339513435589,0.249144308013519,"ENO1/NDUFS6/CLTC/CHP1/GFPT1/NDUFC2/NDUFB8/CTNNB1/TMSB4X/UGP2/NDUFB7/NDUFB1/ABCA7/ATP5MK/ATP5F1EP2",15,"2"
"GO:0030031","cell projection assembly","15/253","426/10170",0.0352112676056338,1.41540945276402,1.39901304595272,0.110827753811892,0.317339513435589,0.249144308013519,"VCL/CAPG/EZR/ARF6/ITGB1/ARPC2/EHD1/RHOQ/RDX/FLNA/NCKAP1/TACSTD2/YAP1/CTTN/EHD2",15,"2"
"GO:0032870","cellular response to hormone stimulus","15/253","426/10170",0.0352112676056338,1.41540945276402,1.39901304595272,0.110827753811892,0.317339513435589,0.249144308013519,"MYO1C/PRKAR1A/GNB1/ACTN4/CFLAR/BLVRB/YWHAH/ROCK2/GNAS/RBX1/INSIG1/RHOQ/RDX/EGFR/CAV2",15,"2"
"GO:0002861","regulation of inflammatory response to antigenic stimulus","2/253","23/10170",0.0869565217391304,3.49544595291287,1.91360582231136,0.110880374483331,0.317339513435589,0.249144308013519,"CD81/GNAS",2,"2"
"GO:0003176","aortic valve development","2/253","23/10170",0.0869565217391304,3.49544595291287,1.91360582231136,0.110880374483331,0.317339513435589,0.249144308013519,"ROCK2/BMP2",2,"2"
"GO:0010574","regulation of vascular endothelial growth factor production","2/253","23/10170",0.0869565217391304,3.49544595291287,1.91360582231136,0.110880374483331,0.317339513435589,0.249144308013519,"PTGS2/ATF4",2,"2"
"GO:0010592","positive regulation of lamellipodium assembly","2/253","23/10170",0.0869565217391304,3.49544595291287,1.91360582231136,0.110880374483331,0.317339513435589,0.249144308013519,"ARPC2/NCKAP1",2,"2"
"GO:0030224","monocyte differentiation","2/253","23/10170",0.0869565217391304,3.49544595291287,1.91360582231136,0.110880374483331,0.317339513435589,0.249144308013519,"VEGFA/MYH9",2,"2"
"GO:0035020","regulation of Rac protein signal transduction","2/253","23/10170",0.0869565217391304,3.49544595291287,1.91360582231136,0.110880374483331,0.317339513435589,0.249144308013519,"ARF6/RTN4",2,"2"
"GO:0043243","positive regulation of protein-containing complex disassembly","2/253","23/10170",0.0869565217391304,3.49544595291287,1.91360582231136,0.110880374483331,0.317339513435589,0.249144308013519,"CFL2/DSTN",2,"2"
"GO:0043537","negative regulation of blood vessel endothelial cell migration","2/253","23/10170",0.0869565217391304,3.49544595291287,1.91360582231136,0.110880374483331,0.317339513435589,0.249144308013519,"SPRED1/RGCC",2,"2"
"GO:0052372","modulation by symbiont of entry into host","2/253","23/10170",0.0869565217391304,3.49544595291287,1.91360582231136,0.110880374483331,0.317339513435589,0.249144308013519,"ITGAV/LGALS1",2,"2"
"GO:0055010","ventricular cardiac muscle tissue morphogenesis","2/253","23/10170",0.0869565217391304,3.49544595291287,1.91360582231136,0.110880374483331,0.317339513435589,0.249144308013519,"NRG1/TNNC1",2,"2"
"GO:0060043","regulation of cardiac muscle cell proliferation","2/253","23/10170",0.0869565217391304,3.49544595291287,1.91360582231136,0.110880374483331,0.317339513435589,0.249144308013519,"NRG1/YAP1",2,"2"
"GO:0060479","lung cell differentiation","2/253","23/10170",0.0869565217391304,3.49544595291287,1.91360582231136,0.110880374483331,0.317339513435589,0.249144308013519,"CTNNB1/YAP1",2,"2"
"GO:0060487","lung epithelial cell differentiation","2/253","23/10170",0.0869565217391304,3.49544595291287,1.91360582231136,0.110880374483331,0.317339513435589,0.249144308013519,"CTNNB1/YAP1",2,"2"
"GO:0086002","cardiac muscle cell action potential involved in contraction","2/253","23/10170",0.0869565217391304,3.49544595291287,1.91360582231136,0.110880374483331,0.317339513435589,0.249144308013519,"FLNA/GJA1",2,"2"
"GO:1901889","negative regulation of cell junction assembly","2/253","23/10170",0.0869565217391304,3.49544595291287,1.91360582231136,0.110880374483331,0.317339513435589,0.249144308013519,"ROCK2/PHLDB2",2,"2"
"GO:1902894","negative regulation of miRNA transcription","2/253","23/10170",0.0869565217391304,3.49544595291287,1.91360582231136,0.110880374483331,0.317339513435589,0.249144308013519,"NFATC3/VEGFA",2,"2"
"GO:0000910","cytokinesis","6/253","132/10170",0.0454545454545455,1.82716492993173,1.52779368482552,0.111235064624131,0.317339513435589,0.249144308013519,"CALM2/ARF6/ROCK2/IQGAP1/MYH9/CFL1",6,"2"
"GO:0006721","terpenoid metabolic process","3/253","47/10170",0.0638297872340425,2.56580607181902,1.71846824356935,0.111238228019237,0.317339513435589,0.249144308013519,"FDPS/HMGCS1/EGFR",3,"2"
"GO:0008631","intrinsic apoptotic signaling pathway in response to oxidative stress","3/253","47/10170",0.0638297872340425,2.56580607181902,1.71846824356935,0.111238228019237,0.317339513435589,0.249144308013519,"ATF4/CTNNB1/HSPB1",3,"2"
"GO:0042149","cellular response to glucose starvation","3/253","47/10170",0.0638297872340425,2.56580607181902,1.71846824356935,0.111238228019237,0.317339513435589,0.249144308013519,"CPEB4/ATF4/ASNS",3,"2"
"GO:0071470","cellular response to osmotic stress","3/253","47/10170",0.0638297872340425,2.56580607181902,1.71846824356935,0.111238228019237,0.317339513435589,0.249144308013519,"PTGS2/YBX3/DDX3X",3,"2"
"GO:0090132","epithelium migration","4/253","74/10170",0.0540540540540541,2.17284478154043,1.61730137728881,0.112227634166708,0.31989144751491,0.251147839951302,"ARF6/ARHGAP5/RTN4/TACSTD2",4,"2"
"GO:0051896","regulation of phosphatidylinositol 3-kinase/protein kinase B signal transduction","7/253","164/10170",0.0426829268292683,1.71575243420418,1.47592312052798,0.114817593728147,0.326997403759553,0.256726749845563,"PHLDA3/DDIT3/ITGB1/RRAS/RTN4/VEGFA/EGFR",7,"2"
"GO:0002718","regulation of cytokine production involved in immune response","4/253","75/10170",0.0533333333333333,2.14387351778656,1.5880519422744,0.116372493204755,0.330588076736674,0.259545799148635,"DDX21/CD81/MAPKAPK2/RTN4",4,"2"
"GO:0072089","stem cell proliferation","4/253","75/10170",0.0533333333333333,2.14387351778656,1.5880519422744,0.116372493204755,0.330588076736674,0.259545799148635,"CTNNB1/SFN/YAP1/GJA1",4,"2"
"GO:0090130","tissue migration","4/253","75/10170",0.0533333333333333,2.14387351778656,1.5880519422744,0.116372493204755,0.330588076736674,0.259545799148635,"ARF6/ARHGAP5/RTN4/TACSTD2",4,"2"
"GO:0042306","regulation of protein import into nucleus","3/253","48/10170",0.0625,2.51235177865613,1.67744968063215,0.116590689406483,0.330650802925703,0.259595045688376,"PTGS2/CHP1/FLNA",3,"2"
"GO:0061462","protein localization to lysosome","3/253","48/10170",0.0625,2.51235177865613,1.67744968063215,0.116590689406483,0.330650802925703,0.259595045688376,"ROCK2/CD81/RTN4",3,"2"
"GO:0006814","sodium ion transport","5/253","104/10170",0.0480769230769231,1.93257829127394,1.52680205532167,0.117221960311413,0.331785847544199,0.260486172995461,"ACTN4/CHP1/SLC38A1/YWHAH/ATP1B3",5,"2"
"GO:0050890","cognition","7/253","165/10170",0.0424242424242424,1.70535393460295,1.45898137061126,0.117521730097256,0.331785847544199,0.260486172995461,"PTGS2/LDLR/ITGB1/GNAS/NEDD9/ABCA7/EGFR",7,"2"
"GO:0031401","positive regulation of protein modification process","14/253","396/10170",0.0353535353535354,1.42112827883579,1.36532190679784,0.117789878955587,0.331785847544199,0.260486172995461,"CALM2/CHP1/ROCK2/RGCC/DDX3X/NUPR1/IQGAP1/RBX1/NEDD9/VEGFA/CCND1/NRG1/EGFR/BMP2",14,"2"
"GO:0007186","G protein-coupled receptor signaling pathway","11/253","295/10170",0.0372881355932203,1.49889462048637,1.38886650581492,0.118364644687437,0.331785847544199,0.260486172995461,"CALM2/PRKAR1A/GNB1/GNAQ/EZR/DYNLT1/ROCK2/GNAS/VEGFA/FLNA/CAV2",11,"2"
"GO:0043010","camera-type eye development","8/253","197/10170",0.0406091370558376,1.63239100339078,1.43157832436475,0.118475528979923,0.331785847544199,0.260486172995461,"COL4A1/GNB1/ATF4/CTNNB1/SPRED1/VEGFA/EGFR/GJA1",8,"2"
"GO:0001778","plasma membrane repair","2/253","24/10170",0.0833333333333333,3.3498023715415,1.84076673417518,0.119057199148422,0.331785847544199,0.260486172995461,"MYOF/MYH9",2,"2"
"GO:0007097","nuclear migration","2/253","24/10170",0.0833333333333333,3.3498023715415,1.84076673417518,0.119057199148422,0.331785847544199,0.260486172995461,"LMNA/TACC2",2,"2"
"GO:0009649","entrainment of circadian clock","2/253","24/10170",0.0833333333333333,3.3498023715415,1.84076673417518,0.119057199148422,0.331785847544199,0.260486172995461,"GNAQ/PPP1CB",2,"2"
"GO:0010466","negative regulation of peptidase activity","2/253","24/10170",0.0833333333333333,3.3498023715415,1.84076673417518,0.119057199148422,0.331785847544199,0.260486172995461,"TIMP2/SPOCK2",2,"2"
"GO:0010573","vascular endothelial growth factor production","2/253","24/10170",0.0833333333333333,3.3498023715415,1.84076673417518,0.119057199148422,0.331785847544199,0.260486172995461,"PTGS2/ATF4",2,"2"
"GO:0010799","regulation of peptidyl-threonine phosphorylation","2/253","24/10170",0.0833333333333333,3.3498023715415,1.84076673417518,0.119057199148422,0.331785847544199,0.260486172995461,"CALM2/SPRED1",2,"2"
"GO:0014002","astrocyte development","2/253","24/10170",0.0833333333333333,3.3498023715415,1.84076673417518,0.119057199148422,0.331785847544199,0.260486172995461,"LDLR/EGFR",2,"2"
"GO:0014014","negative regulation of gliogenesis","2/253","24/10170",0.0833333333333333,3.3498023715415,1.84076673417518,0.119057199148422,0.331785847544199,0.260486172995461,"LDLR/CTNNB1",2,"2"
"GO:0031295","T cell costimulation","2/253","24/10170",0.0833333333333333,3.3498023715415,1.84076673417518,0.119057199148422,0.331785847544199,0.260486172995461,"LGALS1/CD81",2,"2"
"GO:0045116","protein neddylation","2/253","24/10170",0.0833333333333333,3.3498023715415,1.84076673417518,0.119057199148422,0.331785847544199,0.260486172995461,"NEDD8/RBX1",2,"2"
"GO:0045922","negative regulation of fatty acid metabolic process","2/253","24/10170",0.0833333333333333,3.3498023715415,1.84076673417518,0.119057199148422,0.331785847544199,0.260486172995461,"INSIG1/APOC1",2,"2"
"GO:0046850","regulation of bone remodeling","2/253","24/10170",0.0833333333333333,3.3498023715415,1.84076673417518,0.119057199148422,0.331785847544199,0.260486172995461,"EGFR/GJA1",2,"2"
"GO:0060544","regulation of necroptotic process","2/253","24/10170",0.0833333333333333,3.3498023715415,1.84076673417518,0.119057199148422,0.331785847544199,0.260486172995461,"YBX3/CFLAR",2,"2"
"GO:0071604","transforming growth factor beta production","2/253","24/10170",0.0833333333333333,3.3498023715415,1.84076673417518,0.119057199148422,0.331785847544199,0.260486172995461,"ITGAV/PTGS2",2,"2"
"GO:1903241","U2-type prespliceosome assembly","2/253","24/10170",0.0833333333333333,3.3498023715415,1.84076673417518,0.119057199148422,0.331785847544199,0.260486172995461,"SNRPB2/SF3B5",2,"2"
"GO:1903715","regulation of aerobic respiration","2/253","24/10170",0.0833333333333333,3.3498023715415,1.84076673417518,0.119057199148422,0.331785847544199,0.260486172995461,"COX7A2/NUPR1",2,"2"
"GO:0042326","negative regulation of phosphorylation","7/253","166/10170",0.0421686746987952,1.69508071812943,1.44215410758619,0.1202589118374,0.334858010500176,0.262898138355479,"CALM2/GNAQ/CHP1/SPRED1/DUSP3/HSPB1/SFN",7,"2"
"GO:0002367","cytokine production involved in immune response","4/253","76/10170",0.0526315789473684,2.11566465571042,1.55925824225501,0.120583559129368,0.334932258141868,0.262956430426047,"DDX21/CD81/MAPKAPK2/RTN4",4,"2"
"GO:0030968","endoplasmic reticulum unfolded protein response","4/253","76/10170",0.0526315789473684,2.11566465571042,1.55925824225501,0.120583559129368,0.334932258141868,0.262956430426047,"DDIT3/ATF4/ABCA7/CCND1",4,"2"
"GO:0048144","fibroblast proliferation","4/253","76/10170",0.0526315789473684,2.11566465571042,1.55925824225501,0.120583559129368,0.334932258141868,0.262956430426047,"CTNNB1/NUPR1/FTH1/EGFR",4,"2"
"GO:0007156","homophilic cell adhesion via plasma membrane adhesion molecules","3/253","49/10170",0.0612244897959184,2.46107929337743,1.63745487726991,0.122037920025786,0.337581514624242,0.265036370506327,"NEXN/ITGB1/CEACAM6",3,"2"
"GO:0034605","cellular response to heat","3/253","49/10170",0.0612244897959184,2.46107929337743,1.63745487726991,0.122037920025786,0.337581514624242,0.265036370506327,"PTGS2/MAPKAPK2/EEF1D",3,"2"
"GO:0046470","phosphatidylcholine metabolic process","3/253","49/10170",0.0612244897959184,2.46107929337743,1.63745487726991,0.122037920025786,0.337581514624242,0.265036370506327,"LDLR/CAPN2/APOC1",3,"2"
"GO:0060419","heart growth","3/253","49/10170",0.0612244897959184,2.46107929337743,1.63745487726991,0.122037920025786,0.337581514624242,0.265036370506327,"PRKAR1A/NRG1/YAP1",3,"2"
"GO:1903036","positive regulation of response to wounding","3/253","49/10170",0.0612244897959184,2.46107929337743,1.63745487726991,0.122037920025786,0.337581514624242,0.265036370506327,"ITGB1/ACTG1/FLNA",3,"2"
"GO:0030177","positive regulation of Wnt signaling pathway","5/253","106/10170",0.0471698113207547,1.89611454992915,1.48129096909039,0.124313872417559,0.343313986725643,0.269536953429167,"DDX3X/SCEL/EGFR/YAP1/BMP2",5,"2"
"GO:0046822","regulation of nucleocytoplasmic transport","5/253","106/10170",0.0471698113207547,1.89611454992915,1.48129096909039,0.124313872417559,0.343313986725643,0.269536953429167,"PTGS2/CHP1/IFI27/FLNA/SFN",5,"2"
"GO:0050804","modulation of chemical synaptic transmission","9/253","233/10170",0.0386266094420601,1.55269809496344,1.36316212511753,0.127305720016458,0.345255641341475,0.271061352929328,"PTGS2/ATF4/SLC38A1/YWHAH/MYOF/ITGB1/RTN4/KIF5B/EGFR",9,"2"
"GO:0006359","regulation of transcription by RNA polymerase III","2/253","25/10170",0.08,3.21581027667984,1.7716820232702,0.127378457993055,0.345255641341475,0.271061352929328,"MYO1C/DDX21",2,"2"
"GO:0010934","macrophage cytokine production","2/253","25/10170",0.08,3.21581027667984,1.7716820232702,0.127378457993055,0.345255641341475,0.271061352929328,"MAPKAPK2/RTN4",2,"2"
"GO:0010935","regulation of macrophage cytokine production","2/253","25/10170",0.08,3.21581027667984,1.7716820232702,0.127378457993055,0.345255641341475,0.271061352929328,"MAPKAPK2/RTN4",2,"2"
"GO:0030517","negative regulation of axon extension","2/253","25/10170",0.08,3.21581027667984,1.7716820232702,0.127378457993055,0.345255641341475,0.271061352929328,"RTN4/MAP2",2,"2"
"GO:0031294","lymphocyte costimulation","2/253","25/10170",0.08,3.21581027667984,1.7716820232702,0.127378457993055,0.345255641341475,0.271061352929328,"LGALS1/CD81",2,"2"
"GO:0032212","positive regulation of telomere maintenance via telomerase","2/253","25/10170",0.08,3.21581027667984,1.7716820232702,0.127378457993055,0.345255641341475,0.271061352929328,"CTNNB1/HNRNPD",2,"2"
"GO:0045070","positive regulation of viral genome replication","2/253","25/10170",0.08,3.21581027667984,1.7716820232702,0.127378457993055,0.345255641341475,0.271061352929328,"PABPC1/DDX3X",2,"2"
"GO:0046326","positive regulation of D-glucose import","2/253","25/10170",0.08,3.21581027667984,1.7716820232702,0.127378457993055,0.345255641341475,0.271061352929328,"MEF2A/RHOQ",2,"2"
"GO:0051642","centrosome localization","2/253","25/10170",0.08,3.21581027667984,1.7716820232702,0.127378457993055,0.345255641341475,0.271061352929328,"EZR/KIF5B",2,"2"
"GO:0051693","actin filament capping","2/253","25/10170",0.08,3.21581027667984,1.7716820232702,0.127378457993055,0.345255641341475,0.271061352929328,"CAPG/RDX",2,"2"
"GO:0051932","synaptic transmission, GABAergic","2/253","25/10170",0.08,3.21581027667984,1.7716820232702,0.127378457993055,0.345255641341475,0.271061352929328,"SLC38A1/KIF5B",2,"2"
"GO:0060986","endocrine hormone secretion","2/253","25/10170",0.08,3.21581027667984,1.7716820232702,0.127378457993055,0.345255641341475,0.271061352929328,"RAB11FIP1/GJA1",2,"2"
"GO:0061842","microtubule organizing center localization","2/253","25/10170",0.08,3.21581027667984,1.7716820232702,0.127378457993055,0.345255641341475,0.271061352929328,"EZR/KIF5B",2,"2"
"GO:0071827","plasma lipoprotein particle organization","2/253","25/10170",0.08,3.21581027667984,1.7716820232702,0.127378457993055,0.345255641341475,0.271061352929328,"ABCA7/APOC1",2,"2"
"GO:0098884","postsynaptic neurotransmitter receptor internalization","2/253","25/10170",0.08,3.21581027667984,1.7716820232702,0.127378457993055,0.345255641341475,0.271061352929328,"AP2B1/NRG1",2,"2"
"GO:0140239","postsynaptic endocytosis","2/253","25/10170",0.08,3.21581027667984,1.7716820232702,0.127378457993055,0.345255641341475,0.271061352929328,"AP2B1/NRG1",2,"2"
"GO:1900027","regulation of ruffle assembly","2/253","25/10170",0.08,3.21581027667984,1.7716820232702,0.127378457993055,0.345255641341475,0.271061352929328,"RDX/TACSTD2",2,"2"
"GO:1903426","regulation of reactive oxygen species biosynthetic process","2/253","25/10170",0.08,3.21581027667984,1.7716820232702,0.127378457993055,0.345255641341475,0.271061352929328,"CFLAR/NDUFC2",2,"2"
"GO:1905314","semi-lunar valve development","2/253","25/10170",0.08,3.21581027667984,1.7716820232702,0.127378457993055,0.345255641341475,0.271061352929328,"ROCK2/BMP2",2,"2"
"GO:2000648","positive regulation of stem cell proliferation","2/253","25/10170",0.08,3.21581027667984,1.7716820232702,0.127378457993055,0.345255641341475,0.271061352929328,"CTNNB1/GJA1",2,"2"
"GO:0001938","positive regulation of endothelial cell proliferation","3/253","50/10170",0.06,2.41185770750988,1.59843471334488,0.127576669368766,0.345255641341475,0.271061352929328,"VEGFA/HSPG2/CAV2",3,"2"
"GO:0050810","regulation of steroid biosynthetic process","3/253","50/10170",0.06,2.41185770750988,1.59843471334488,0.127576669368766,0.345255641341475,0.271061352929328,"INSIG1/QKI/BMP2",3,"2"
"GO:0071277","cellular response to calcium ion","3/253","50/10170",0.06,2.41185770750988,1.59843471334488,0.127576669368766,0.345255641341475,0.271061352929328,"MEF2A/IQGAP1/JUND",3,"2"
"GO:0120192","tight junction assembly","3/253","50/10170",0.06,2.41185770750988,1.59843471334488,0.127576669368766,0.345255641341475,0.271061352929328,"MYO1C/ROCK2/ACTG1",3,"2"
"GO:0051494","negative regulation of cytoskeleton organization","5/253","107/10170",0.0467289719626168,1.87839385320084,1.45890384254533,0.127933042197333,0.345942436479076,0.271600558077317,"CAPG/RDX/TACSTD2/MAP2/PHLDB2",5,"2"
"GO:0002252","immune effector process","13/253","368/10170",0.0353260869565217,1.42002491837085,1.31084349721205,0.128976069207783,0.348483417763337,0.27359549093925,"LGALS1/DDX21/VAMP8/CD81/MAPKAPK2/RGCC/UNC13D/RTN4/KIF5B/CEBPB/CEBPG/PGC/SFTPA1",13,"2"
"GO:0099177","regulation of trans-synaptic signaling","9/253","234/10170",0.0384615384615385,1.54606263301915,1.34975151552082,0.129703267724123,0.350167669147913,0.274917802305988,"PTGS2/ATF4/SLC38A1/YWHAH/MYOF/ITGB1/RTN4/KIF5B/EGFR",9,"2"
"GO:0002695","negative regulation of leukocyte activation","5/253","108/10170",0.0462962962962963,1.86100131752306,1.43675515789245,0.131600104943361,0.354720666561961,0.278492375726831,"LGALS1/PRKAR1A/LDLR/DUSP3/CEBPB",5,"2"
"GO:0055088","lipid homeostasis","5/253","108/10170",0.0462962962962963,1.86100131752306,1.43675515789245,0.131600104943361,0.354720666561961,0.278492375726831,"LDLR/DDX3X/INSIG1/RTN4/EHD1",5,"2"
"GO:0035966","response to topologically incorrect protein","6/253","139/10170",0.0431654676258993,1.73514942986322,1.39386315209848,0.132936033335523,0.357613679938003,0.280763690155484,"DDIT3/ATF4/TRAM1/ABCA7/HSPB1/CCND1",6,"2"
"GO:0046883","regulation of hormone secretion","6/253","139/10170",0.0431654676258993,1.73514942986322,1.39386315209848,0.132936033335523,0.357613679938003,0.280763690155484,"PRKAR1A/RAB11FIP1/VAMP8/GNAS/EGFR/GJA1",6,"2"
"GO:0032272","negative regulation of protein polymerization","3/253","51/10170",0.0588235294117647,2.36456637991165,1.56034338704327,0.133203672005377,0.357613679938003,0.280763690155484,"CAPG/RDX/MAP2",3,"2"
"GO:0045638","negative regulation of myeloid cell differentiation","3/253","51/10170",0.0588235294117647,2.36456637991165,1.56034338704327,0.133203672005377,0.357613679938003,0.280763690155484,"CTNNB1/QKI/FSTL3",3,"2"
"GO:0046849","bone remodeling","3/253","51/10170",0.0588235294117647,2.36456637991165,1.56034338704327,0.133203672005377,0.357613679938003,0.280763690155484,"CTNNB1/EGFR/GJA1",3,"2"
"GO:0000281","mitotic cytokinesis","4/253","79/10170",0.0506329113924051,2.03532295992395,1.47547384534757,0.133600880703394,0.35782539295619,0.280929906750583,"ARF6/ROCK2/IQGAP1/CFL1",4,"2"
"GO:0050921","positive regulation of chemotaxis","4/253","79/10170",0.0506329113924051,2.03532295992395,1.47547384534757,0.133600880703394,0.35782539295619,0.280929906750583,"TMSB4X/NEDD9/VEGFA/HSPB1",4,"2"
"GO:0098773","skin epidermis development","4/253","79/10170",0.0506329113924051,2.03532295992395,1.47547384534757,0.133600880703394,0.35782539295619,0.280929906750583,"CTNNB1/GNAS/SFN/EGFR",4,"2"
"GO:0042552","myelination","5/253","109/10170",0.0458715596330275,1.84392791094028,1.41483974890261,0.135314349520509,0.360082888602322,0.282702274094662,"NDRG1/EPB41L3/CTNNB1/QKI/MAL2",5,"2"
"GO:0050792","regulation of viral process","5/253","109/10170",0.0458715596330275,1.84392791094028,1.41483974890261,0.135314349520509,0.360082888602322,0.282702274094662,"LGALS1/STOM/DYNLT1/PABPC1/DDX3X",5,"2"
"GO:1903844","regulation of cellular response to transforming growth factor beta stimulus","5/253","109/10170",0.0458715596330275,1.84392791094028,1.41483974890261,0.135314349520509,0.360082888602322,0.282702274094662,"CFLAR/SPRED1/CAV2/PEG10/BMP2",5,"2"
"GO:0008535","respiratory chain complex IV assembly","2/253","26/10170",0.0769230769230769,3.09212526603831,1.70599975993586,0.135831979330413,0.360082888602322,0.282702274094662,"COX17/UQCC5",2,"2"
"GO:0015837","amine transport","2/253","26/10170",0.0769230769230769,3.09212526603831,1.70599975993586,0.135831979330413,0.360082888602322,0.282702274094662,"SLC38A1/ITGB1",2,"2"
"GO:0019731","antibacterial humoral response","2/253","26/10170",0.0769230769230769,3.09212526603831,1.70599975993586,0.135831979330413,0.360082888602322,0.282702274094662,"FAU/PGC",2,"2"
"GO:0042059","negative regulation of epidermal growth factor receptor signaling pathway","2/253","26/10170",0.0769230769230769,3.09212526603831,1.70599975993586,0.135831979330413,0.360082888602322,0.282702274094662,"DUSP3/EGFR",2,"2"
"GO:0043114","regulation of vascular permeability","2/253","26/10170",0.0769230769230769,3.09212526603831,1.70599975993586,0.135831979330413,0.360082888602322,0.282702274094662,"DDAH1/VEGFA",2,"2"
"GO:0043300","regulation of leukocyte degranulation","2/253","26/10170",0.0769230769230769,3.09212526603831,1.70599975993586,0.135831979330413,0.360082888602322,0.282702274094662,"VAMP8/UNC13D",2,"2"
"GO:0043516","regulation of DNA damage response, signal transduction by p53 class mediator","2/253","26/10170",0.0769230769230769,3.09212526603831,1.70599975993586,0.135831979330413,0.360082888602322,0.282702274094662,"SPRED1/ANKRD1",2,"2"
"GO:0071825","protein-lipid complex organization","2/253","26/10170",0.0769230769230769,3.09212526603831,1.70599975993586,0.135831979330413,0.360082888602322,0.282702274094662,"ABCA7/APOC1",2,"2"
"GO:0089718","amino acid import across plasma membrane","2/253","26/10170",0.0769230769230769,3.09212526603831,1.70599975993586,0.135831979330413,0.360082888602322,0.282702274094662,"SLC38A1/ITGB1",2,"2"
"GO:0099590","neurotransmitter receptor internalization","2/253","26/10170",0.0769230769230769,3.09212526603831,1.70599975993586,0.135831979330413,0.360082888602322,0.282702274094662,"AP2B1/NRG1",2,"2"
"GO:0007611","learning or memory","6/253","140/10170",0.0428571428571429,1.7227555053642,1.37535302638106,0.136190923820471,0.360750820991854,0.283226670036371,"PTGS2/LDLR/ITGB1/NEDD9/ABCA7/EGFR",6,"2"
"GO:0042752","regulation of circadian rhythm","4/253","80/10170",0.05,2.0098814229249,1.448368334464,0.138063519800267,0.365137402954119,0.286670590132237,"GNAQ/ROCK2/HNRNPD/PPP1CB",4,"2"
"GO:1903038","negative regulation of leukocyte cell-cell adhesion","4/253","80/10170",0.05,2.0098814229249,1.448368334464,0.138063519800267,0.365137402954119,0.286670590132237,"LGALS1/PRKAR1A/DUSP3/CEBPB",4,"2"
"GO:0031122","cytoplasmic microtubule organization","3/253","52/10170",0.0576923076923077,2.31909394952873,1.5231381296655,0.138915653184562,0.366089818075897,0.287418334413711,"EZR/SLK/CHP1",3,"2"
"GO:0035050","embryonic heart tube development","3/253","52/10170",0.0576923076923077,2.31909394952873,1.5231381296655,0.138915653184562,0.366089818075897,0.287418334413711,"CTNNB1/YAP1/GJA1",3,"2"
"GO:0035418","protein localization to synapse","3/253","52/10170",0.0576923076923077,2.31909394952873,1.5231381296655,0.138915653184562,0.366089818075897,0.287418334413711,"EPB41L3/KIF5B/HSPB1",3,"2"
"GO:0070059","intrinsic apoptotic signaling pathway in response to endoplasmic reticulum stress","3/253","52/10170",0.0576923076923077,2.31909394952873,1.5231381296655,0.138915653184562,0.366089818075897,0.287418334413711,"DDIT3/ATF4/CEBPB",3,"2"
"GO:0007272","ensheathment of neurons","5/253","110/10170",0.0454545454545455,1.82716492993173,1.39315260968952,0.139075046546627,0.366089818075897,0.287418334413711,"NDRG1/EPB41L3/CTNNB1/QKI/MAL2",5,"2"
"GO:0008366","axon ensheathment","5/253","110/10170",0.0454545454545455,1.82716492993173,1.39315260968952,0.139075046546627,0.366089818075897,0.287418334413711,"NDRG1/EPB41L3/CTNNB1/QKI/MAL2",5,"2"
"GO:0009416","response to light stimulus","8/253","205/10170",0.0390243902439024,1.56868793984383,1.31377660800849,0.139255104598477,0.366277857025012,0.287565964418401,"GNAQ/ATF4/ITGB1/PPP1CB/RBX1/ABCA7/CCND1/EGFR",8,"2"
"GO:0031400","negative regulation of protein modification process","9/253","239/10170",0.0376569037656904,1.51371822647064,1.28362055131505,0.142046819947477,0.37332960004902,0.293102311332736,"CALM2/GNAQ/CHP1/CTNNB1/SPRED1/DUSP3/HSPB1/SFN/NXN",9,"2"
"GO:0090263","positive regulation of canonical Wnt signaling pathway","4/253","81/10170",0.0493827160493827,1.98506807202459,1.42165402523335,0.14258560867338,0.374453794740371,0.293984920325914,"DDX3X/SCEL/EGFR/YAP1",4,"2"
"GO:0021543","pallium development","5/253","111/10170",0.045045045045045,1.81070398461703,1.37168888829453,0.142881449181974,0.374938713339779,0.29436563153198,"CTNNB1/RTN4/FLNA/TACC2/EGFR",5,"2"
"GO:0099111","microtubule-based transport","7/253","174/10170",0.0402298850574713,1.61714597246831,1.31147080520751,0.143315962648755,0.375433600999233,0.294754169480262,"DYNC1I2/RAB21/DST/KIF5B/HSPB1/MAP2/GJA1",7,"2"
"GO:0006940","regulation of smooth muscle contraction","2/253","27/10170",0.0740740740740741,2.97760210803689,1.64341336040874,0.144406103349942,0.375433600999233,0.294754169480262,"PTGS2/CTTN",2,"2"
"GO:0008038","neuron recognition","2/253","27/10170",0.0740740740740741,2.97760210803689,1.64341336040874,0.144406103349942,0.375433600999233,0.294754169480262,"NEXN/RTN4",2,"2"
"GO:0008542","visual learning","2/253","27/10170",0.0740740740740741,2.97760210803689,1.64341336040874,0.144406103349942,0.375433600999233,0.294754169480262,"ITGB1/ABCA7",2,"2"
"GO:0009948","anterior/posterior axis specification","2/253","27/10170",0.0740740740740741,2.97760210803689,1.64341336040874,0.144406103349942,0.375433600999233,0.294754169480262,"DDIT3/CTNNB1",2,"2"
"GO:0043277","apoptotic cell clearance","2/253","27/10170",0.0740740740740741,2.97760210803689,1.64341336040874,0.144406103349942,0.375433600999233,0.294754169480262,"ITGAV/ABCA7",2,"2"
"GO:0050919","negative chemotaxis","2/253","27/10170",0.0740740740740741,2.97760210803689,1.64341336040874,0.144406103349942,0.375433600999233,0.294754169480262,"ITGAV/NRG1",2,"2"
"GO:0051155","positive regulation of striated muscle cell differentiation","2/253","27/10170",0.0740740740740741,2.97760210803689,1.64341336040874,0.144406103349942,0.375433600999233,0.294754169480262,"HOPX/NRG1",2,"2"
"GO:0051966","regulation of synaptic transmission, glutamatergic","2/253","27/10170",0.0740740740740741,2.97760210803689,1.64341336040874,0.144406103349942,0.375433600999233,0.294754169480262,"PTGS2/EGFR",2,"2"
"GO:0061383","trabecula morphogenesis","2/253","27/10170",0.0740740740740741,2.97760210803689,1.64341336040874,0.144406103349942,0.375433600999233,0.294754169480262,"VEGFA/NRG1",2,"2"
"GO:0150052","regulation of postsynapse assembly","2/253","27/10170",0.0740740740740741,2.97760210803689,1.64341336040874,0.144406103349942,0.375433600999233,0.294754169480262,"NEDD8/RTN4",2,"2"
"GO:1904358","positive regulation of telomere maintenance via telomere lengthening","2/253","27/10170",0.0740740740740741,2.97760210803689,1.64341336040874,0.144406103349942,0.375433600999233,0.294754169480262,"CTNNB1/HNRNPD",2,"2"
"GO:0007586","digestion","3/253","53/10170",0.0566037735849057,2.27533745991498,1.48677894993326,0.144709334098503,0.375642705604427,0.29491833820164,"LDLR/EZR/PGC",3,"2"
"GO:0032963","collagen metabolic process","3/253","53/10170",0.0566037735849057,2.27533745991498,1.48677894993326,0.144709334098503,0.375642705604427,0.29491833820164,"ITGB1/RGCC/MMP23B",3,"2"
"GO:0071900","regulation of protein serine/threonine kinase activity","6/253","144/10170",0.0416666666666667,1.67490118577075,1.30276719701112,0.149580174769385,0.387987961017204,0.304610639307694,"CALM2/ACTB/RGCC/DDX3X/CCND1/EGFR",6,"2"
"GO:0043297","apical junction assembly","3/253","54/10170",0.0555555555555556,2.23320158102767,1.4512284042625,0.150581436825278,0.388316997053845,0.304868966594999,"VCL/MYO1C/ROCK2",3,"2"
"GO:0046620","regulation of organ growth","3/253","54/10170",0.0555555555555556,2.23320158102767,1.4512284042625,0.150581436825278,0.388316997053845,0.304868966594999,"YBX3/NRG1/YAP1",3,"2"
"GO:0120193","tight junction organization","3/253","54/10170",0.0555555555555556,2.23320158102767,1.4512284042625,0.150581436825278,0.388316997053845,0.304868966594999,"MYO1C/ROCK2/ACTG1",3,"2"
"GO:1900076","regulation of cellular response to insulin stimulus","3/253","54/10170",0.0555555555555556,2.23320158102767,1.4512284042625,0.150581436825278,0.388316997053845,0.304868966594999,"MYO1C/BLVRB/RBX1",3,"2"
"GO:1901890","positive regulation of cell junction assembly","3/253","54/10170",0.0555555555555556,2.23320158102767,1.4512284042625,0.150581436825278,0.388316997053845,0.304868966594999,"LIMS1/VEGFA/HOPX",3,"2"
"GO:0007423","sensory organ development","11/253","310/10170",0.0354838709677419,1.42636746143058,1.21768700364082,0.150620709989135,0.388316997053845,0.304868966594999,"COL4A1/GNB1/ATF4/CTNNB1/MAPKAPK2/SPRED1/INSIG1/VEGFA/EGFR/GJA1/BMP2",11,"2"
"GO:0000956","nuclear-transcribed mRNA catabolic process","5/253","113/10170",0.0442477876106195,1.77865612648221,1.32941302444197,0.150628301348289,0.388316997053845,0.304868966594999,"CSDE1/ETF1/YBX1/HNRNPD/PABPC1",5,"2"
"GO:0050920","regulation of chemotaxis","5/253","113/10170",0.0442477876106195,1.77865612648221,1.32941302444197,0.150628301348289,0.388316997053845,0.304868966594999,"TMSB4X/NEDD9/DUSP3/VEGFA/HSPB1",5,"2"
"GO:0016197","endosomal transport","9/253","243/10170",0.037037037037037,1.48880105401845,1.23178663378938,0.15233958718158,0.389893012224986,0.30610630135039,"CLTC/EZR/ARF6/RAB21/MSN/EHD1/RDX/FLNA/EHD2",9,"2"
"GO:0002699","positive regulation of immune effector process","6/253","145/10170",0.0413793103448276,1.66335014311026,1.2849725945337,0.153017557884606,0.389893012224986,0.30610630135039,"DDX21/VAMP8/CD81/MAPKAPK2/RTN4/PGC",6,"2"
"GO:0006911","phagocytosis, engulfment","2/253","28/10170",0.0714285714285714,2.871259175607,1.58365429549643,0.153089664349312,0.389893012224986,0.30610630135039,"MYH9/ABCA7",2,"2"
"GO:0009226","nucleotide-sugar biosynthetic process","2/253","28/10170",0.0714285714285714,2.871259175607,1.58365429549643,0.153089664349312,0.389893012224986,0.30610630135039,"GFPT1/UGP2",2,"2"
"GO:0010591","regulation of lamellipodium assembly","2/253","28/10170",0.0714285714285714,2.871259175607,1.58365429549643,0.153089664349312,0.389893012224986,0.30610630135039,"ARPC2/NCKAP1",2,"2"
"GO:0030201","heparan sulfate proteoglycan metabolic process","2/253","28/10170",0.0714285714285714,2.871259175607,1.58365429549643,0.153089664349312,0.389893012224986,0.30610630135039,"CTNNB1/IDS",2,"2"
"GO:0043303","mast cell degranulation","2/253","28/10170",0.0714285714285714,2.871259175607,1.58365429549643,0.153089664349312,0.389893012224986,0.30610630135039,"VAMP8/UNC13D",2,"2"
"GO:0048147","negative regulation of fibroblast proliferation","2/253","28/10170",0.0714285714285714,2.871259175607,1.58365429549643,0.153089664349312,0.389893012224986,0.30610630135039,"NUPR1/FTH1",2,"2"
"GO:0051647","nucleus localization","2/253","28/10170",0.0714285714285714,2.871259175607,1.58365429549643,0.153089664349312,0.389893012224986,0.30610630135039,"LMNA/TACC2",2,"2"
"GO:0070306","lens fiber cell differentiation","2/253","28/10170",0.0714285714285714,2.871259175607,1.58365429549643,0.153089664349312,0.389893012224986,0.30610630135039,"ATF4/SPRED1",2,"2"
"GO:0090162","establishment of epithelial cell polarity","2/253","28/10170",0.0714285714285714,2.871259175607,1.58365429549643,0.153089664349312,0.389893012224986,0.30610630135039,"ARF6/MSN",2,"2"
"GO:0090317","negative regulation of intracellular protein transport","2/253","28/10170",0.0714285714285714,2.871259175607,1.58365429549643,0.153089664349312,0.389893012224986,0.30610630135039,"CHP1/INSIG1",2,"2"
"GO:1903307","positive regulation of regulated secretory pathway","2/253","28/10170",0.0714285714285714,2.871259175607,1.58365429549643,0.153089664349312,0.389893012224986,0.30610630135039,"VAMP8/UNC13D",2,"2"
"GO:1903955","positive regulation of protein targeting to mitochondrion","2/253","28/10170",0.0714285714285714,2.871259175607,1.58365429549643,0.153089664349312,0.389893012224986,0.30610630135039,"TOMM7/UBL5",2,"2"
"GO:1905521","regulation of macrophage migration","2/253","28/10170",0.0714285714285714,2.871259175607,1.58365429549643,0.153089664349312,0.389893012224986,0.30610630135039,"CD81/RTN4",2,"2"
"GO:1990776","response to angiotensin","2/253","28/10170",0.0714285714285714,2.871259175607,1.58365429549643,0.153089664349312,0.389893012224986,0.30610630135039,"PTGS2/ROCK2",2,"2"
"GO:0051301","cell division","15/253","451/10170",0.0332594235033259,1.33694994873053,1.16910118884415,0.154754467513171,0.393835520342953,0.309201577593346,"CALM2/CLTC/ARF6/YBX1/DYNLT1/ROCK2/PPP1CB/IQGAP1/NEDD9/VEGFA/MYH9/MACC1/CFL1/SFN/CCND1",15,"2"
"GO:0010970","transport along microtubule","6/253","146/10170",0.0410958904109589,1.65195733391088,1.26731420162448,0.156489988347444,0.396853187358792,0.311570758009416,"DYNC1I2/RAB21/DST/KIF5B/HSPB1/MAP2",6,"2"
"GO:0010977","negative regulation of neuron projection development","4/253","84/10170",0.0476190476190476,1.914172783738,1.34374752181897,0.156494253724506,0.396853187358792,0.311570758009416,"ARF6/RTN4/FLNA/MAP2",4,"2"
"GO:0051048","negative regulation of secretion","4/253","84/10170",0.0476190476190476,1.914172783738,1.34374752181897,0.156494253724506,0.396853187358792,0.311570758009416,"RAB11FIP1/VAMP8/NRG1/GJA1",4,"2"
"GO:0071675","regulation of mononuclear cell migration","4/253","84/10170",0.0476190476190476,1.914172783738,1.34374752181897,0.156494253724506,0.396853187358792,0.311570758009416,"CD81/MSN/RTN4/NEDD9",4,"2"
"GO:0050848","regulation of calcium-mediated signaling","3/253","55/10170",0.0545454545454545,2.19259791591807,1.4164513899356,0.156528688964174,0.396853187358792,0.311570758009416,"CALM2/HINT1/CHP1",3,"2"
"GO:0071248","cellular response to metal ion","5/253","115/10170",0.0434782608695652,1.74772297645644,1.28797619556673,0.158548611933514,0.401672366220744,0.315354311370784,"PTGS2/ATF4/MEF2A/IQGAP1/JUND",5,"2"
"GO:0120031","plasma membrane bounded cell projection assembly","14/253","418/10170",0.0334928229665072,1.34633205363391,1.1548968859986,0.159102118602732,0.402772029976286,0.316217661044627,"VCL/EZR/ARF6/ITGB1/ARPC2/EHD1/RHOQ/RDX/FLNA/NCKAP1/TACSTD2/YAP1/CTTN/EHD2",14,"2"
"GO:0007159","leukocyte cell-cell adhesion","9/253","246/10170",0.0365853658536585,1.47064494360359,1.19351202928856,0.160295909447318,0.403913983743241,0.31711421274716,"LGALS1/PRKAR1A/EZR/ACTB/ITGB1/CD81/MSN/DUSP3/CEBPB",9,"2"
"GO:0008637","apoptotic mitochondrial changes","4/253","85/10170",0.0470588235294118,1.89165310392932,1.31848946776344,0.161239732240158,0.403913983743241,0.31711421274716,"LMNA/PPP2CB/IFI27/SFN",4,"2"
"GO:0010565","regulation of ketone metabolic process","4/253","85/10170",0.0470588235294118,1.89165310392932,1.31848946776344,0.161239732240158,0.403913983743241,0.31711421274716,"PTGS2/INSIG1/APOC1/BMP2",4,"2"
"GO:0030902","hindbrain development","4/253","85/10170",0.0470588235294118,1.89165310392932,1.31848946776344,0.161239732240158,0.403913983743241,0.31711421274716,"CTNNB1/ITGB1/HNRNPD/FLNA",4,"2"
"GO:0044344","cellular response to fibroblast growth factor stimulus","4/253","85/10170",0.0470588235294118,1.89165310392932,1.31848946776344,0.161239732240158,0.403913983743241,0.31711421274716,"CTNNB1/ITGB1/IQGAP1/EGFR",4,"2"
"GO:0002448","mast cell mediated immunity","2/253","29/10170",0.0689655172413793,2.7722502385171,1.526486186761,0.161871973528061,0.403913983743241,0.31711421274716,"VAMP8/UNC13D",2,"2"
"GO:0007606","sensory perception of chemical stimulus","2/253","29/10170",0.0689655172413793,2.7722502385171,1.526486186761,0.161871973528061,0.403913983743241,0.31711421274716,"GNB1/GNAS",2,"2"
"GO:0010543","regulation of platelet activation","2/253","29/10170",0.0689655172413793,2.7722502385171,1.526486186761,0.161871973528061,0.403913983743241,0.31711421274716,"GNAQ/FLNA",2,"2"
"GO:0010719","negative regulation of epithelial to mesenchymal transition","2/253","29/10170",0.0689655172413793,2.7722502385171,1.526486186761,0.161871973528061,0.403913983743241,0.31711421274716,"SPRED1/VEGFA",2,"2"
"GO:0010828","positive regulation of D-glucose transmembrane transport","2/253","29/10170",0.0689655172413793,2.7722502385171,1.526486186761,0.161871973528061,0.403913983743241,0.31711421274716,"MEF2A/RHOQ",2,"2"
"GO:0030835","negative regulation of actin filament depolymerization","2/253","29/10170",0.0689655172413793,2.7722502385171,1.526486186761,0.161871973528061,0.403913983743241,0.31711421274716,"CAPG/RDX",2,"2"
"GO:0042311","vasodilation","2/253","29/10170",0.0689655172413793,2.7722502385171,1.526486186761,0.161871973528061,0.403913983743241,0.31711421274716,"VEGFA/EGFR",2,"2"
"GO:0043903","regulation of biological process involved in symbiotic interaction","2/253","29/10170",0.0689655172413793,2.7722502385171,1.526486186761,0.161871973528061,0.403913983743241,0.31711421274716,"ITGAV/LGALS1",2,"2"
"GO:0065002","intracellular protein transmembrane transport","2/253","29/10170",0.0689655172413793,2.7722502385171,1.526486186761,0.161871973528061,0.403913983743241,0.31711421274716,"SEC61G/TRAM1",2,"2"
"GO:1902745","positive regulation of lamellipodium organization","2/253","29/10170",0.0689655172413793,2.7722502385171,1.526486186761,0.161871973528061,0.403913983743241,0.31711421274716,"ARPC2/NCKAP1",2,"2"
"GO:2000378","negative regulation of reactive oxygen species metabolic process","2/253","29/10170",0.0689655172413793,2.7722502385171,1.526486186761,0.161871973528061,0.403913983743241,0.31711421274716,"CFLAR/NDUFC2",2,"2"
"GO:0006641","triglyceride metabolic process","3/253","56/10170",0.0535714285714286,2.15344438170525,1.38241495851736,0.162547827977336,0.403913983743241,0.31711421274716,"LDLR/INSIG1/APOC1",3,"2"
"GO:0034248","regulation of amide metabolic process","3/253","56/10170",0.0535714285714286,2.15344438170525,1.38241495851736,0.162547827977336,0.403913983743241,0.31711421274716,"ROCK2/RTN4/ABCA7",3,"2"
"GO:0045833","negative regulation of lipid metabolic process","3/253","56/10170",0.0535714285714286,2.15344438170525,1.38241495851736,0.162547827977336,0.403913983743241,0.31711421274716,"INSIG1/APOC1/BMP2",3,"2"
"GO:0046824","positive regulation of nucleocytoplasmic transport","3/253","56/10170",0.0535714285714286,2.15344438170525,1.38241495851736,0.162547827977336,0.403913983743241,0.31711421274716,"PTGS2/FLNA/SFN",3,"2"
"GO:0061515","myeloid cell development","3/253","56/10170",0.0535714285714286,2.15344438170525,1.38241495851736,0.162547827977336,0.403913983743241,0.31711421274716,"PABPC4/FLNA/CEBPB",3,"2"
"GO:0071260","cellular response to mechanical stimulus","3/253","56/10170",0.0535714285714286,2.15344438170525,1.38241495851736,0.162547827977336,0.403913983743241,0.31711421274716,"PTGS2/EGFR/ANKRD1",3,"2"
"GO:0071496","cellular response to external stimulus","3/253","56/10170",0.0535714285714286,2.15344438170525,1.38241495851736,0.162547827977336,0.403913983743241,0.31711421274716,"PTGS2/EGFR/ANKRD1",3,"2"
"GO:0097061","dendritic spine organization","3/253","56/10170",0.0535714285714286,2.15344438170525,1.38241495851736,0.162547827977336,0.403913983743241,0.31711421274716,"NEDD9/CFL1/CTTN",3,"2"
"GO:1901184","regulation of ERBB signaling pathway","3/253","56/10170",0.0535714285714286,2.15344438170525,1.38241495851736,0.162547827977336,0.403913983743241,0.31711421274716,"RTN4/DUSP3/EGFR",3,"2"
"GO:0046649","lymphocyte activation","16/253","491/10170",0.0325865580448065,1.30990235302641,1.12424147367551,0.163498399665807,0.405776266273443,0.318576296958766,"LGALS1/PRKAR1A/ACTB/CTNNB1/ITGB1/CD81/NFATC3/MSN/RBX1/UNC13D/NEDD9/DUSP3/MYH9/CEBPB/CEBPG/GJA1",16,"2"
"GO:0006874","intracellular calcium ion homeostasis","6/253","148/10170",0.0405405405405405,1.62963358615533,1.23239739714192,0.163537943613763,0.405776266273443,0.318576296958766,"CALM2/DDIT3/ATF4/TPT1/FLNA/CAV2",6,"2"
"GO:0046394","carboxylic acid biosynthetic process","8/253","214/10170",0.0373831775700935,1.50271508256067,1.18712263432739,0.16466270276045,0.408266642432529,0.320531499568524,"PTGS2/SLC38A1/INSIG1/QKI/UGP2/FADS3/ASNS/APOC1",8,"2"
"GO:0042110","T cell activation","12/253","351/10170",0.0341880341880342,1.37427789601703,1.13978604482011,0.165470020697483,0.409966869795674,0.3218663537292,"LGALS1/PRKAR1A/ACTB/CTNNB1/CD81/NFATC3/MSN/RBX1/DUSP3/MYH9/CEBPB/GJA1",12,"2"
"GO:0001935","endothelial cell proliferation","4/253","86/10170",0.0465116279069767,1.86965713760456,1.29357049285706,0.166037372744403,0.410768907479184,0.322496036183476,"RGCC/VEGFA/HSPG2/CAV2",4,"2"
"GO:0050770","regulation of axonogenesis","4/253","86/10170",0.0465116279069767,1.86965713760456,1.29357049285706,0.166037372744403,0.410768907479184,0.322496036183476,"EIF4G2/RTN4/VEGFA/MAP2",4,"2"
"GO:0002700","regulation of production of molecular mediator of immune response","5/253","117/10170",0.0427350427350427,1.71784737002128,1.24734454139103,0.166635857402501,0.411947295572751,0.323421192597074,"DDX21/CD81/MAPKAPK2/RTN4/PGC",5,"2"
"GO:0016053","organic acid biosynthetic process","8/253","215/10170",0.0372093023255814,1.49572571008365,1.17340860561511,0.167611629252749,0.414055980835364,0.325076728413854,"PTGS2/SLC38A1/INSIG1/QKI/UGP2/FADS3/ASNS/APOC1",8,"2"
"GO:0042632","cholesterol homeostasis","3/253","57/10170",0.0526315789473684,2.11566465571042,1.3490881472086,0.168635605250948,0.415976050406875,0.32658418142389,"LDLR/INSIG1/EHD1",3,"2"
"GO:0048661","positive regulation of smooth muscle cell proliferation","3/253","57/10170",0.0526315789473684,2.11566465571042,1.3490881472086,0.168635605250948,0.415976050406875,0.32658418142389,"PTGS2/EGFR/GJA1",3,"2"
"GO:0002279","mast cell activation involved in immune response","2/253","30/10170",0.0666666666666667,2.6798418972332,1.47169998812886,0.170742802326141,0.419073812648129,0.329016244867967,"VAMP8/UNC13D",2,"2"
"GO:0007632","visual behavior","2/253","30/10170",0.0666666666666667,2.6798418972332,1.47169998812886,0.170742802326141,0.419073812648129,0.329016244867967,"ITGB1/ABCA7",2,"2"
"GO:0043094","metabolic compound salvage","2/253","30/10170",0.0666666666666667,2.6798418972332,1.47169998812886,0.170742802326141,0.419073812648129,0.329016244867967,"NAMPT/PDXK",2,"2"
"GO:0090151","establishment of protein localization to mitochondrial membrane","2/253","30/10170",0.0666666666666667,2.6798418972332,1.47169998812886,0.170742802326141,0.419073812648129,0.329016244867967,"TIMM8B/TOMM7",2,"2"
"GO:1901185","negative regulation of ERBB signaling pathway","2/253","30/10170",0.0666666666666667,2.6798418972332,1.47169998812886,0.170742802326141,0.419073812648129,0.329016244867967,"DUSP3/EGFR",2,"2"
"GO:0006941","striated muscle contraction","4/253","87/10170",0.0459770114942529,1.84816682567807,1.26898138761188,0.170885673900112,0.419073812648129,0.329016244867967,"CALM2/FLNA/GJA1/TNNC1",4,"2"
"GO:0034620","cellular response to unfolded protein","4/253","87/10170",0.0459770114942529,1.84816682567807,1.26898138761188,0.170885673900112,0.419073812648129,0.329016244867967,"DDIT3/ATF4/ABCA7/CCND1",4,"2"
"GO:0042177","negative regulation of protein catabolic process","4/253","87/10170",0.0459770114942529,1.84816682567807,1.26898138761188,0.170885673900112,0.419073812648129,0.329016244867967,"TIMP2/WAC/FLNA/EGFR",4,"2"
"GO:1903131","mononuclear cell differentiation","11/253","319/10170",0.0344827586206897,1.38612511925855,1.11916073565888,0.171956565908231,0.421393561222787,0.330837487193391,"LGALS1/CFLAR/ACTB/CTNNB1/ITGB1/NFATC3/QKI/VEGFA/MYH9/CEBPB/CEBPG",11,"2"
"GO:0097305","response to alcohol","6/253","151/10170",0.0397350993377483,1.59725675994032,1.1809909970729,0.174359672973209,0.426972271071648,0.335217350860085,"GNB1/GNAQ/CTNNB1/HNRNPD/GNAS/EEF1B2",6,"2"
"GO:0001942","hair follicle development","3/253","58/10170",0.0517241379310345,2.07918767888783,1.31644182612983,0.174788789888596,0.427014133674165,0.335250217328627,"CTNNB1/GNAS/EGFR",3,"2"
"GO:0006414","translational elongation","3/253","58/10170",0.0517241379310345,2.07918767888783,1.31644182612983,0.174788789888596,0.427014133674165,0.335250217328627,"EEF1A1/EEF1B2/EEF1D",3,"2"
"GO:0055092","sterol homeostasis","3/253","58/10170",0.0517241379310345,2.07918767888783,1.31644182612983,0.174788789888596,0.427014133674165,0.335250217328627,"LDLR/INSIG1/EHD1",3,"2"
"GO:0050866","negative regulation of cell activation","5/253","119/10170",0.0420168067226891,1.68897598565118,1.20748614603612,0.17488330919455,0.427014133674165,0.335250217328627,"LGALS1/PRKAR1A/LDLR/DUSP3/CEBPB",5,"2"
"GO:0034341","response to type II interferon","4/253","88/10170",0.0454545454545455,1.82716492993173,1.24471330008292,0.175783123686145,0.428900646215398,0.336731324602524,"MYO1C/KIF5B/ACTG1/FLNB",4,"2"
"GO:0032868","response to insulin","8/253","218/10170",0.036697247706422,1.47514232875222,1.13267681952572,0.176602651037,0.430588676281103,0.338056602624391,"MYO1C/CFLAR/BLVRB/RBX1/INSIG1/RHOQ/EGFR/CAV2",8,"2"
"GO:0031647","regulation of protein stability","10/253","287/10170",0.0348432055749129,1.40061423200342,1.09959346991945,0.178594523762104,0.433731323646011,0.340523905528413,"LMNA/GNAQ/CHP1/RAB21/ATP1B3/CD81/TOMM7/RTN4/FLNA/BMP2",10,"2"
"GO:0010638","positive regulation of organelle organization","12/253","357/10170",0.0336134453781513,1.35118078852094,1.07888010825718,0.179421792203958,0.433731323646011,0.340523905528413,"ARF6/ROCK2/CFL2/CTNNB1/HNRNPD/MSN/ARPC2/RGCC/DSTN/FLNA/NCKAP1/CTTN",12,"2"
"GO:0006084","acetyl-CoA metabolic process","2/253","31/10170",0.0645161290322581,2.59339538441923,1.41911002434113,0.179692366291067,0.433731323646011,0.340523905528413,"HMGCS1/MVD",2,"2"
"GO:0010837","regulation of keratinocyte proliferation","2/253","31/10170",0.0645161290322581,2.59339538441923,1.41911002434113,0.179692366291067,0.433731323646011,0.340523905528413,"SFN/YAP1",2,"2"
"GO:0021536","diencephalon development","2/253","31/10170",0.0645161290322581,2.59339538441923,1.41911002434113,0.179692366291067,0.433731323646011,0.340523905528413,"CTNNB1/BMP2",2,"2"
"GO:0031641","regulation of myelination","2/253","31/10170",0.0645161290322581,2.59339538441923,1.41911002434113,0.179692366291067,0.433731323646011,0.340523905528413,"CTNNB1/QKI",2,"2"
"GO:0032480","negative regulation of type I interferon production","2/253","31/10170",0.0645161290322581,2.59339538441923,1.41911002434113,0.179692366291067,0.433731323646011,0.340523905528413,"RBX1/QKI",2,"2"
"GO:0043276","anoikis","2/253","31/10170",0.0645161290322581,2.59339538441923,1.41911002434113,0.179692366291067,0.433731323646011,0.340523905528413,"ITGB1/CEACAM6",2,"2"
"GO:0043368","positive T cell selection","2/253","31/10170",0.0645161290322581,2.59339538441923,1.41911002434113,0.179692366291067,0.433731323646011,0.340523905528413,"LGALS1/NFATC3",2,"2"
"GO:0061900","glial cell activation","2/253","31/10170",0.0645161290322581,2.59339538441923,1.41911002434113,0.179692366291067,0.433731323646011,0.340523905528413,"LDLR/EGFR",2,"2"
"GO:0071548","response to dexamethasone","2/253","31/10170",0.0645161290322581,2.59339538441923,1.41911002434113,0.179692366291067,0.433731323646011,0.340523905528413,"CFLAR/EGFR",2,"2"
"GO:0099563","modification of synaptic structure","2/253","31/10170",0.0645161290322581,2.59339538441923,1.41911002434113,0.179692366291067,0.433731323646011,0.340523905528413,"CAP1/KIF5B",2,"2"
"GO:0120033","negative regulation of plasma membrane bounded cell projection assembly","2/253","31/10170",0.0645161290322581,2.59339538441923,1.41911002434113,0.179692366291067,0.433731323646011,0.340523905528413,"TACSTD2/YAP1",2,"2"
"GO:1902410","mitotic cytokinetic process","2/253","31/10170",0.0645161290322581,2.59339538441923,1.41911002434113,0.179692366291067,0.433731323646011,0.340523905528413,"ARF6/IQGAP1",2,"2"
"GO:0007265","Ras protein signal transduction","4/253","89/10170",0.0449438202247191,1.80663498689879,1.22075771801548,0.180728200981328,0.434410013397622,0.341056747110888,"GNB1/DHCR24/PPP2CB/RRAS",4,"2"
"GO:0008630","intrinsic apoptotic signaling pathway in response to DNA damage","4/253","89/10170",0.0449438202247191,1.80663498689879,1.22075771801548,0.180728200981328,0.434410013397622,0.341056747110888,"PHLDA3/NUPR1/TPT1/SFN",4,"2"
"GO:0051963","regulation of synapse assembly","4/253","89/10170",0.0449438202247191,1.80663498689879,1.22075771801548,0.180728200981328,0.434410013397622,0.341056747110888,"ARF6/CTNNB1/NEDD8/RTN4",4,"2"
"GO:0071774","response to fibroblast growth factor","4/253","89/10170",0.0449438202247191,1.80663498689879,1.22075771801548,0.180728200981328,0.434410013397622,0.341056747110888,"CTNNB1/ITGB1/IQGAP1/EGFR",4,"2"
"GO:0099175","regulation of postsynapse organization","4/253","89/10170",0.0449438202247191,1.80663498689879,1.22075771801548,0.180728200981328,0.434410013397622,0.341056747110888,"NEDD8/RTN4/NEDD9/CFL1",4,"2"
"GO:0006383","transcription by RNA polymerase III","3/253","59/10170",0.0508474576271186,2.04394720975414,1.28444855978251,0.181004172249009,0.434410013397622,0.341056747110888,"MYO1C/DDX21/POLR2L",3,"2"
"GO:0006611","protein export from nucleus","3/253","59/10170",0.0508474576271186,2.04394720975414,1.28444855978251,0.181004172249009,0.434410013397622,0.341056747110888,"CHP1/IFI27/SFN",3,"2"
"GO:0032008","positive regulation of TOR signaling","3/253","59/10170",0.0508474576271186,2.04394720975414,1.28444855978251,0.181004172249009,0.434410013397622,0.341056747110888,"RBX1/WAC/RHEB",3,"2"
"GO:0009314","response to radiation","10/253","288/10170",0.0347222222222222,1.39575098814229,1.08819081195562,0.18124929731787,0.43468892642664,0.341275722658113,"GNAQ/ATF4/ITGB1/PPP1CB/RBX1/EEF1D/ABCA7/CCND1/EGFR/YAP1",10,"2"
"GO:0099536","synaptic signaling","12/253","358/10170",0.0335195530726257,1.34740654050831,1.06883326483277,0.181801146846957,0.435702535300596,0.342071510358057,"PTGS2/GNB1/GNAQ/ATF4/SLC38A1/YWHAH/CTNNB1/MYOF/ITGB1/RTN4/KIF5B/EGFR",12,"2"
"GO:1900180","regulation of protein localization to nucleus","5/253","121/10170",0.0413223140495868,1.66105902721066,1.1683708951167,0.183284057686626,0.43894449042564,0.34461678011503,"PTGS2/LMNA/CHP1/FLNA/YAP1",5,"2"
"GO:0050680","negative regulation of epithelial cell proliferation","4/253","90/10170",0.0444444444444444,1.78656126482213,1.19710645207574,0.185719377102417,0.443831140743693,0.348453305541109,"RGCC/NUPR1/SFN/CAV2",4,"2"
"GO:0050852","T cell receptor signaling pathway","4/253","90/10170",0.0444444444444444,1.78656126482213,1.19710645207574,0.185719377102417,0.443831140743693,0.348453305541109,"PHPT1/EZR/CD81/DUSP3",4,"2"
"GO:0061640","cytoskeleton-dependent cytokinesis","4/253","90/10170",0.0444444444444444,1.78656126482213,1.19710645207574,0.185719377102417,0.443831140743693,0.348453305541109,"ARF6/ROCK2/IQGAP1/CFL1",4,"2"
"GO:0022404","molting cycle process","3/253","60/10170",0.05,2.0098814229249,1.2530824811544,0.187278567239884,0.446607728948295,0.350633214180234,"CTNNB1/GNAS/EGFR",3,"2"
"GO:0022405","hair cycle process","3/253","60/10170",0.05,2.0098814229249,1.2530824811544,0.187278567239884,0.446607728948295,0.350633214180234,"CTNNB1/GNAS/EGFR",3,"2"
"GO:0048008","platelet-derived growth factor receptor signaling pathway","3/253","60/10170",0.05,2.0098814229249,1.2530824811544,0.187278567239884,0.446607728948295,0.350633214180234,"IQGAP1/VEGFA/EGFR",3,"2"
"GO:0038127","ERBB signaling pathway","5/253","122/10170",0.040983606557377,1.64744378928271,1.14908299838924,0.187539715206881,0.446914430867563,0.350874006877667,"IQGAP1/RTN4/DUSP3/NRG1/EGFR",5,"2"
"GO:0009066","aspartate family amino acid metabolic process","2/253","32/10170",0.0625,2.51235177865613,1.36855071151372,0.188711309457851,0.448122912318221,0.351822789686061,"ATF4/ASNS",2,"2"
"GO:0050994","regulation of lipid catabolic process","2/253","32/10170",0.0625,2.51235177865613,1.36855071151372,0.188711309457851,0.448122912318221,0.351822789686061,"LDLR/APOC1",2,"2"
"GO:0051926","negative regulation of calcium ion transport","2/253","32/10170",0.0625,2.51235177865613,1.36855071151372,0.188711309457851,0.448122912318221,0.351822789686061,"CALM2/PTGS2",2,"2"
"GO:0085029","extracellular matrix assembly","2/253","32/10170",0.0625,2.51235177865613,1.36855071151372,0.188711309457851,0.448122912318221,0.351822789686061,"RGCC/PHLDB2",2,"2"
"GO:1903749","positive regulation of establishment of protein localization to mitochondrion","2/253","32/10170",0.0625,2.51235177865613,1.36855071151372,0.188711309457851,0.448122912318221,0.351822789686061,"TOMM7/UBL5",2,"2"
"GO:0051090","regulation of DNA-binding transcription factor activity","8/253","222/10170",0.036036036036036,1.44856318769362,1.07929820793613,0.188916611001761,0.448294730681168,0.351957684854572,"DDIT3/CHP1/CFLAR/PPP2CB/RGCC/NUPR1/FLNA/CEBPG",8,"2"
"GO:0002697","regulation of immune effector process","8/253","223/10170",0.0358744394618834,1.44206738864567,1.06611506017542,0.192051327345507,0.455412852186391,0.357546145735398,"LGALS1/DDX21/VAMP8/CD81/MAPKAPK2/UNC13D/RTN4/PGC",8,"2"
"GO:0008585","female gonad development","3/253","61/10170",0.0491803278688525,1.97693254713925,1.22231917712426,0.193608817379046,0.458139601545364,0.35968692573097,"NUPR1/VEGFA/CEBPB",3,"2"
"GO:0043271","negative regulation of monoatomic ion transport","3/253","61/10170",0.0491803278688525,1.97693254713925,1.22231917712426,0.193608817379046,0.458139601545364,0.35968692573097,"CALM2/PTGS2/ATF4",3,"2"
"GO:0045995","regulation of embryonic development","3/253","61/10170",0.0491803278688525,1.97693254713925,1.22231917712426,0.193608817379046,0.458139601545364,0.35968692573097,"CTNNB1/CFL1/PHLDB2",3,"2"
"GO:1902105","regulation of leukocyte differentiation","7/253","190/10170",0.0368421052631579,1.4809652589973,1.06889357132797,0.195119473299904,0.46127617766428,0.36214946207956,"LGALS1/ACTB/CTNNB1/QKI/NEDD9/CEBPB/FSTL3",7,"2"
"GO:0001654","eye development","8/253","224/10170",0.0357142857142857,1.4356295878035,1.0529951686628,0.195207919788531,0.46127617766428,0.36214946207956,"COL4A1/GNB1/ATF4/CTNNB1/SPRED1/VEGFA/EGFR/GJA1",8,"2"
"GO:0006636","unsaturated fatty acid biosynthetic process","2/253","33/10170",0.0606060606060606,2.43621990657564,1.31987382498075,0.197790689226336,0.465747349211736,0.36565979374025,"PTGS2/FADS3",2,"2"
"GO:0034063","stress granule assembly","2/253","33/10170",0.0606060606060606,2.43621990657564,1.31987382498075,0.197790689226336,0.465747349211736,0.36565979374025,"CSDE1/DDX3X",2,"2"
"GO:0042181","ketone biosynthetic process","2/253","33/10170",0.0606060606060606,2.43621990657564,1.31987382498075,0.197790689226336,0.465747349211736,0.36565979374025,"STARD7/BMP2",2,"2"
"GO:0042307","positive regulation of protein import into nucleus","2/253","33/10170",0.0606060606060606,2.43621990657564,1.31987382498075,0.197790689226336,0.465747349211736,0.36565979374025,"PTGS2/FLNA",2,"2"
"GO:0055021","regulation of cardiac muscle tissue growth","2/253","33/10170",0.0606060606060606,2.43621990657564,1.31987382498075,0.197790689226336,0.465747349211736,0.36565979374025,"NRG1/YAP1",2,"2"
"GO:0046545","development of primary female sexual characteristics","3/253","62/10170",0.0483870967741935,1.94504653831442,1.19213558398357,0.199991795633767,0.46994587796311,0.368956072634458,"NUPR1/VEGFA/CEBPB",3,"2"
"GO:0106027","neuron projection organization","3/253","62/10170",0.0483870967741935,1.94504653831442,1.19213558398357,0.199991795633767,0.46994587796311,0.368956072634458,"NEDD9/CFL1/CTTN",3,"2"
"GO:1901222","regulation of non-canonical NF-kappaB signal transduction","3/253","62/10170",0.0483870967741935,1.94504653831442,1.19213558398357,0.199991795633767,0.46994587796311,0.368956072634458,"ACTN4/NDUFC2/DDX3X",3,"2"
"GO:0002685","regulation of leukocyte migration","5/253","125/10170",0.04,1.60790513833992,1.0922576066603,0.200517040955803,0.470851993107916,0.369667466649937,"CD81/MSN/RTN4/NEDD9/VEGFA",5,"2"
"GO:0150063","visual system development","8/253","226/10170",0.0353982300884956,1.42292490118577,1.02694254351976,0.201585467801199,0.473031452627447,0.37137856757134,"COL4A1/GNB1/ATF4/CTNNB1/SPRED1/VEGFA/EGFR/GJA1",8,"2"
"GO:0030003","intracellular monoatomic cation homeostasis","10/253","297/10170",0.0336700336700337,1.35345550365313,0.987410252393511,0.205941059936068,0.479876791556557,0.376752865943916,"CALM2/DDIT3/CHP1/ATF4/ATP1B3/FTL/TPT1/FTH1/FLNA/CAV2",10,"2"
"GO:0051250","negative regulation of lymphocyte activation","4/253","94/10170",0.0425531914893617,1.71053738121268,1.10539120808491,0.20611431376934,0.479876791556557,0.376752865943916,"LGALS1/PRKAR1A/DUSP3/CEBPB",4,"2"
"GO:0015914","phospholipid transport","3/253","63/10170",0.0476190476190476,1.914172783738,1.16250989203374,0.206424408048641,0.479876791556557,0.376752865943916,"LDLR/ABCA7/APOC1",3,"2"
"GO:0019217","regulation of fatty acid metabolic process","3/253","63/10170",0.0476190476190476,1.914172783738,1.16250989203374,0.206424408048641,0.479876791556557,0.376752865943916,"PTGS2/INSIG1/APOC1",3,"2"
"GO:0003208","cardiac ventricle morphogenesis","2/253","34/10170",0.0588235294117647,2.36456637991165,1.27294620946896,0.206921961721006,0.479876791556557,0.376752865943916,"NRG1/TNNC1",2,"2"
"GO:0009395","phospholipid catabolic process","2/253","34/10170",0.0588235294117647,2.36456637991165,1.27294620946896,0.206921961721006,0.479876791556557,0.376752865943916,"LDLR/APOC1",2,"2"
"GO:0010596","negative regulation of endothelial cell migration","2/253","34/10170",0.0588235294117647,2.36456637991165,1.27294620946896,0.206921961721006,0.479876791556557,0.376752865943916,"SPRED1/RGCC",2,"2"
"GO:0015800","acidic amino acid transport","2/253","34/10170",0.0588235294117647,2.36456637991165,1.27294620946896,0.206921961721006,0.479876791556557,0.376752865943916,"ITGB1/GJA1",2,"2"
"GO:0045047","protein targeting to ER","2/253","34/10170",0.0588235294117647,2.36456637991165,1.27294620946896,0.206921961721006,0.479876791556557,0.376752865943916,"SEC61G/TRAM1",2,"2"
"GO:0046888","negative regulation of hormone secretion","2/253","34/10170",0.0588235294117647,2.36456637991165,1.27294620946896,0.206921961721006,0.479876791556557,0.376752865943916,"RAB11FIP1/GJA1",2,"2"
"GO:0050771","negative regulation of axonogenesis","2/253","34/10170",0.0588235294117647,2.36456637991165,1.27294620946896,0.206921961721006,0.479876791556557,0.376752865943916,"RTN4/MAP2",2,"2"
"GO:0050873","brown fat cell differentiation","2/253","34/10170",0.0588235294117647,2.36456637991165,1.27294620946896,0.206921961721006,0.479876791556557,0.376752865943916,"PTGS2/CEBPB",2,"2"
"GO:0051489","regulation of filopodium assembly","2/253","34/10170",0.0588235294117647,2.36456637991165,1.27294620946896,0.206921961721006,0.479876791556557,0.376752865943916,"ARF6/RHOQ",2,"2"
"GO:0070266","necroptotic process","2/253","34/10170",0.0588235294117647,2.36456637991165,1.27294620946896,0.206921961721006,0.479876791556557,0.376752865943916,"YBX3/CFLAR",2,"2"
"GO:1901532","regulation of hematopoietic progenitor cell differentiation","2/253","34/10170",0.0588235294117647,2.36456637991165,1.27294620946896,0.206921961721006,0.479876791556557,0.376752865943916,"TMSB4X/VEGFA",2,"2"
"GO:1990000","amyloid fibril formation","2/253","34/10170",0.0588235294117647,2.36456637991165,1.27294620946896,0.206921961721006,0.479876791556557,0.376752865943916,"LDLR/HSPG2",2,"2"
"GO:2000243","positive regulation of reproductive process","2/253","34/10170",0.0588235294117647,2.36456637991165,1.27294620946896,0.206921961721006,0.479876791556557,0.376752865943916,"CTNNB1/VEGFA",2,"2"
"GO:0034976","response to endoplasmic reticulum stress","8/253","229/10170",0.0349344978165939,1.40428396361565,0.988321963480504,0.211307842139171,0.488144824781713,0.383244126342638,"DDIT3/ATF4/PPP2CB/DDX3X/NUPR1/ABCA7/CEBPB/CCND1",8,"2"
"GO:0048880","sensory system development","8/253","229/10170",0.0349344978165939,1.40428396361565,0.988321963480504,0.211307842139171,0.488144824781713,0.383244126342638,"COL4A1/GNB1/ATF4/CTNNB1/SPRED1/VEGFA/EGFR/GJA1",8,"2"
"GO:0050714","positive regulation of protein secretion","4/253","95/10170",0.0421052631578947,1.69253172456834,1.08314893218468,0.211312890961799,0.488144824781713,0.383244126342638,"PRKAR1A/ARF6/EGFR/ANKRD1",4,"2"
"GO:0055074","calcium ion homeostasis","6/253","161/10170",0.0372670807453416,1.49804826553409,1.01741527355929,0.212413766460554,0.488144824781713,0.383244126342638,"CALM2/DDIT3/ATF4/TPT1/FLNA/CAV2",6,"2"
"GO:0043491","phosphatidylinositol 3-kinase/protein kinase B signal transduction","7/253","195/10170",0.0358974358974359,1.44299179081788,0.997621406422771,0.212676879004395,0.488144824781713,0.383244126342638,"PHLDA3/DDIT3/ITGB1/RRAS/RTN4/VEGFA/EGFR",7,"2"
"GO:0050900","leukocyte migration","7/253","195/10170",0.0358974358974359,1.44299179081788,0.997621406422771,0.212676879004395,0.488144824781713,0.383244126342638,"ITGB1/CD81/MSN/RTN4/NEDD9/VEGFA/MYH9",7,"2"
"GO:0002444","myeloid leukocyte mediated immunity","3/253","64/10170",0.046875,1.88426383399209,1.13342145833913,0.212903596171992,0.488144824781713,0.383244126342638,"DDX21/VAMP8/UNC13D",3,"2"
"GO:0050773","regulation of dendrite development","3/253","64/10170",0.046875,1.88426383399209,1.13342145833913,0.212903596171992,0.488144824781713,0.383244126342638,"ARF6/RAB21/YWHAH",3,"2"
"GO:0051209","release of sequestered calcium ion into cytosol","3/253","64/10170",0.046875,1.88426383399209,1.13342145833913,0.212903596171992,0.488144824781713,0.383244126342638,"CALM2/DDIT3/FLNA",3,"2"
"GO:0033173","calcineurin-NFAT signaling cascade","2/253","35/10170",0.0571428571428571,2.2970073404856,1.22764784923365,0.216096967618778,0.488144824781713,0.383244126342638,"CHP1/NFATC3",2,"2"
"GO:0043113","receptor clustering","2/253","35/10170",0.0571428571428571,2.2970073404856,1.22764784923365,0.216096967618778,0.488144824781713,0.383244126342638,"CD81/FLNA",2,"2"
"GO:0043616","keratinocyte proliferation","2/253","35/10170",0.0571428571428571,2.2970073404856,1.22764784923365,0.216096967618778,0.488144824781713,0.383244126342638,"SFN/YAP1",2,"2"
"GO:0086003","cardiac muscle cell contraction","2/253","35/10170",0.0571428571428571,2.2970073404856,1.22764784923365,0.216096967618778,0.488144824781713,0.383244126342638,"FLNA/GJA1",2,"2"
"GO:0099024","plasma membrane invagination","2/253","35/10170",0.0571428571428571,2.2970073404856,1.22764784923365,0.216096967618778,0.488144824781713,0.383244126342638,"MYH9/ABCA7",2,"2"
"GO:1903409","reactive oxygen species biosynthetic process","2/253","35/10170",0.0571428571428571,2.2970073404856,1.22764784923365,0.216096967618778,0.488144824781713,0.383244126342638,"CFLAR/NDUFC2",2,"2"
"GO:0031503","protein-containing complex localization","6/253","162/10170",0.037037037037037,1.48880105401845,1.00167127644927,0.216371629151631,0.488144824781713,0.383244126342638,"LMNA/EPB41L3/EZR/AP2B1/KIF5B/NRG1",6,"2"
"GO:0006873","intracellular monoatomic ion homeostasis","10/253","301/10170",0.0332225913621262,1.33546938400326,0.943645323928117,0.217352869749528,0.488144824781713,0.383244126342638,"CALM2/DDIT3/CHP1/ATF4/ATP1B3/FTL/TPT1/FTH1/FLNA/CAV2",10,"2"
"GO:0007613","memory","3/253","65/10170",0.0461538461538462,1.85527515962299,1.10485072682255,0.21942633929042,0.488144824781713,0.383244126342638,"PTGS2/LDLR/ABCA7",3,"2"
"GO:0048565","digestive tract development","3/253","65/10170",0.0461538461538462,1.85527515962299,1.10485072682255,0.21942633929042,0.488144824781713,0.383244126342638,"CTNNB1/EGFR/YAP1",3,"2"
"GO:0048640","negative regulation of developmental growth","3/253","65/10170",0.0461538461538462,1.85527515962299,1.10485072682255,0.21942633929042,0.488144824781713,0.383244126342638,"GNAS/RTN4/MAP2",3,"2"
"GO:0051283","negative regulation of sequestering of calcium ion","3/253","65/10170",0.0461538461538462,1.85527515962299,1.10485072682255,0.21942633929042,0.488144824781713,0.383244126342638,"CALM2/DDIT3/FLNA",3,"2"
"GO:0071806","protein transmembrane transport","3/253","65/10170",0.0461538461538462,1.85527515962299,1.10485072682255,0.21942633929042,0.488144824781713,0.383244126342638,"SEC61G/TRAM1/TOMM7",3,"2"
"GO:2000736","regulation of stem cell differentiation","3/253","65/10170",0.0461538461538462,1.85527515962299,1.10485072682255,0.21942633929042,0.488144824781713,0.383244126342638,"TMSB4X/TACSTD2/YAP1",3,"2"
"GO:0010506","regulation of autophagy","10/253","302/10170",0.033112582781457,1.33104729995027,0.932799229743067,0.22024549051473,0.488144824781713,0.383244126342638,"DDIT3/EEF1A1/EIF4G2/TOMM7/NUPR1/CAPNS1/WAC/RHEB/HSPB1/CTTN",10,"2"
"GO:0021537","telencephalon development","6/253","163/10170",0.0368098159509202,1.47966730522079,0.986032426509507,0.220354746499709,0.488144824781713,0.383244126342638,"CTNNB1/RTN4/FLNA/TACC2/EGFR/BMP2",6,"2"
"GO:0050708","regulation of protein secretion","6/253","163/10170",0.0368098159509202,1.47966730522079,0.986032426509507,0.220354746499709,0.488144824781713,0.383244126342638,"PRKAR1A/ARF6/RAB11FIP1/GNAS/EGFR/ANKRD1",6,"2"
"GO:0007266","Rho protein signal transduction","4/253","97/10170",0.0412371134020619,1.65763416323703,1.03944148032909,0.221819047719456,0.488144824781713,0.383244126342638,"ARHGAP5/ROCK2/ITGB1/CFL1",4,"2"
"GO:0035265","organ growth","4/253","97/10170",0.0412371134020619,1.65763416323703,1.03944148032909,0.221819047719456,0.488144824781713,0.383244126342638,"PRKAR1A/YBX3/NRG1/YAP1",4,"2"
"GO:0001767","establishment of lymphocyte polarity","1/253","10/10170",0.1,4.0197628458498,1.52593210698355,0.222778962597517,0.488144824781713,0.383244126342638,"MYH9",1,"2"
"GO:0002323","natural killer cell activation involved in immune response","1/253","10/10170",0.1,4.0197628458498,1.52593210698355,0.222778962597517,0.488144824781713,0.383244126342638,"UNC13D",1,"2"
"GO:0002357","defense response to tumor cell","1/253","10/10170",0.1,4.0197628458498,1.52593210698355,0.222778962597517,0.488144824781713,0.383244126342638,"RBMS3",1,"2"
"GO:0002371","dendritic cell cytokine production","1/253","10/10170",0.1,4.0197628458498,1.52593210698355,0.222778962597517,0.488144824781713,0.383244126342638,"DDX21",1,"2"
"GO:0002730","regulation of dendritic cell cytokine production","1/253","10/10170",0.1,4.0197628458498,1.52593210698355,0.222778962597517,0.488144824781713,0.383244126342638,"DDX21",1,"2"
"GO:0003222","ventricular trabecula myocardium morphogenesis","1/253","10/10170",0.1,4.0197628458498,1.52593210698355,0.222778962597517,0.488144824781713,0.383244126342638,"NRG1",1,"2"
"GO:0006048","UDP-N-acetylglucosamine biosynthetic process","1/253","10/10170",0.1,4.0197628458498,1.52593210698355,0.222778962597517,0.488144824781713,0.383244126342638,"GFPT1",1,"2"
"GO:0006596","polyamine biosynthetic process","1/253","10/10170",0.1,4.0197628458498,1.52593210698355,0.222778962597517,0.488144824781713,0.383244126342638,"OAZ1",1,"2"
"GO:0006983","ER overload response","1/253","10/10170",0.1,4.0197628458498,1.52593210698355,0.222778962597517,0.488144824781713,0.383244126342638,"DDIT3",1,"2"
"GO:0007379","segment specification","1/253","10/10170",0.1,4.0197628458498,1.52593210698355,0.222778962597517,0.488144824781713,0.383244126342638,"IRX2",1,"2"
"GO:0010561","negative regulation of glycoprotein biosynthetic process","1/253","10/10170",0.1,4.0197628458498,1.52593210698355,0.222778962597517,0.488144824781713,0.383244126342638,"ABCA7",1,"2"
"GO:0010649","regulation of cell communication by electrical coupling","1/253","10/10170",0.1,4.0197628458498,1.52593210698355,0.222778962597517,0.488144824781713,0.383244126342638,"CALM2",1,"2"
"GO:0014841","skeletal muscle satellite cell proliferation","1/253","10/10170",0.1,4.0197628458498,1.52593210698355,0.222778962597517,0.488144824781713,0.383244126342638,"CFLAR",1,"2"
"GO:0018149","peptide cross-linking","1/253","10/10170",0.1,4.0197628458498,1.52593210698355,0.222778962597517,0.488144824781713,0.383244126342638,"ABCA7",1,"2"
"GO:0030953","astral microtubule organization","1/253","10/10170",0.1,4.0197628458498,1.52593210698355,0.222778962597517,0.488144824781713,0.383244126342638,"EZR",1,"2"
"GO:0031048","regulatory ncRNA-mediated heterochromatin formation","1/253","10/10170",0.1,4.0197628458498,1.52593210698355,0.222778962597517,0.488144824781713,0.383244126342638,"XIST",1,"2"
"GO:0034380","high-density lipoprotein particle assembly","1/253","10/10170",0.1,4.0197628458498,1.52593210698355,0.222778962597517,0.488144824781713,0.383244126342638,"ABCA7",1,"2"
"GO:0035022","positive regulation of Rac protein signal transduction","1/253","10/10170",0.1,4.0197628458498,1.52593210698355,0.222778962597517,0.488144824781713,0.383244126342638,"RTN4",1,"2"
"GO:0035234","ectopic germ cell programmed cell death","1/253","10/10170",0.1,4.0197628458498,1.52593210698355,0.222778962597517,0.488144824781713,0.383244126342638,"YBX3",1,"2"
"GO:0042939","tripeptide transport","1/253","10/10170",0.1,4.0197628458498,1.52593210698355,0.222778962597517,0.488144824781713,0.383244126342638,"GJA1",1,"2"
"GO:0043031","negative regulation of macrophage activation","1/253","10/10170",0.1,4.0197628458498,1.52593210698355,0.222778962597517,0.488144824781713,0.383244126342638,"LDLR",1,"2"
"GO:0045059","positive thymic T cell selection","1/253","10/10170",0.1,4.0197628458498,1.52593210698355,0.222778962597517,0.488144824781713,0.383244126342638,"NFATC3",1,"2"
"GO:0048711","positive regulation of astrocyte differentiation","1/253","10/10170",0.1,4.0197628458498,1.52593210698355,0.222778962597517,0.488144824781713,0.383244126342638,"BMP2",1,"2"
"GO:0048820","hair follicle maturation","1/253","10/10170",0.1,4.0197628458498,1.52593210698355,0.222778962597517,0.488144824781713,0.383244126342638,"CTNNB1",1,"2"
"GO:0050855","regulation of B cell receptor signaling pathway","1/253","10/10170",0.1,4.0197628458498,1.52593210698355,0.222778962597517,0.488144824781713,0.383244126342638,"CD81",1,"2"
"GO:0050901","leukocyte tethering or rolling","1/253","10/10170",0.1,4.0197628458498,1.52593210698355,0.222778962597517,0.488144824781713,0.383244126342638,"ITGB1",1,"2"
"GO:0050995","negative regulation of lipid catabolic process","1/253","10/10170",0.1,4.0197628458498,1.52593210698355,0.222778962597517,0.488144824781713,0.383244126342638,"APOC1",1,"2"
"GO:0051292","nuclear pore complex assembly","1/253","10/10170",0.1,4.0197628458498,1.52593210698355,0.222778962597517,0.488144824781713,0.383244126342638,"RTN4",1,"2"
"GO:0051764","actin crosslink formation","1/253","10/10170",0.1,4.0197628458498,1.52593210698355,0.222778962597517,0.488144824781713,0.383244126342638,"FLNA",1,"2"
"GO:0060009","Sertoli cell development","1/253","10/10170",0.1,4.0197628458498,1.52593210698355,0.222778962597517,0.488144824781713,0.383244126342638,"FLNA",1,"2"
"GO:0060576","intestinal epithelial cell development","1/253","10/10170",0.1,4.0197628458498,1.52593210698355,0.222778962597517,0.488144824781713,0.383244126342638,"YAP1",1,"2"
"GO:0060767","epithelial cell proliferation involved in prostate gland development","1/253","10/10170",0.1,4.0197628458498,1.52593210698355,0.222778962597517,0.488144824781713,0.383244126342638,"CTNNB1",1,"2"
"GO:0060841","venous blood vessel development","1/253","10/10170",0.1,4.0197628458498,1.52593210698355,0.222778962597517,0.488144824781713,0.383244126342638,"VEGFA",1,"2"
"GO:0061298","retina vasculature development in camera-type eye","1/253","10/10170",0.1,4.0197628458498,1.52593210698355,0.222778962597517,0.488144824781713,0.383244126342638,"COL4A1",1,"2"
"GO:0061323","cell proliferation involved in heart morphogenesis","1/253","10/10170",0.1,4.0197628458498,1.52593210698355,0.222778962597517,0.488144824781713,0.383244126342638,"CTNNB1",1,"2"
"GO:0061684","chaperone-mediated autophagy","1/253","10/10170",0.1,4.0197628458498,1.52593210698355,0.222778962597517,0.488144824781713,0.383244126342638,"EEF1A1",1,"2"
"GO:0071880","adenylate cyclase-activating adrenergic receptor signaling pathway","1/253","10/10170",0.1,4.0197628458498,1.52593210698355,0.222778962597517,0.488144824781713,0.383244126342638,"GNAS",1,"2"
"GO:0072310","glomerular epithelial cell development","1/253","10/10170",0.1,4.0197628458498,1.52593210698355,0.222778962597517,0.488144824781713,0.383244126342638,"IQGAP1",1,"2"
"GO:0072497","mesenchymal stem cell differentiation","1/253","10/10170",0.1,4.0197628458498,1.52593210698355,0.222778962597517,0.488144824781713,0.383244126342638,"CTNNB1",1,"2"
"GO:0086010","membrane depolarization during action potential","1/253","10/10170",0.1,4.0197628458498,1.52593210698355,0.222778962597517,0.488144824781713,0.383244126342638,"YWHAH",1,"2"
"GO:0090051","negative regulation of cell migration involved in sprouting angiogenesis","1/253","10/10170",0.1,4.0197628458498,1.52593210698355,0.222778962597517,0.488144824781713,0.383244126342638,"SPRED1",1,"2"
"GO:0090336","positive regulation of brown fat cell differentiation","1/253","10/10170",0.1,4.0197628458498,1.52593210698355,0.222778962597517,0.488144824781713,0.383244126342638,"PTGS2",1,"2"
"GO:0097709","connective tissue replacement","1/253","10/10170",0.1,4.0197628458498,1.52593210698355,0.222778962597517,0.488144824781713,0.383244126342638,"ROCK2",1,"2"
"GO:0098810","neurotransmitter reuptake","1/253","10/10170",0.1,4.0197628458498,1.52593210698355,0.222778962597517,0.488144824781713,0.383244126342638,"ITGB1",1,"2"
"GO:1900424","regulation of defense response to bacterium","1/253","10/10170",0.1,4.0197628458498,1.52593210698355,0.222778962597517,0.488144824781713,0.383244126342638,"PGC",1,"2"
"GO:1903490","positive regulation of mitotic cytokinesis","1/253","10/10170",0.1,4.0197628458498,1.52593210698355,0.222778962597517,0.488144824781713,0.383244126342638,"ARF6",1,"2"
"GO:1903909","regulation of receptor clustering","1/253","10/10170",0.1,4.0197628458498,1.52593210698355,0.222778962597517,0.488144824781713,0.383244126342638,"CD81",1,"2"
"GO:1903978","regulation of microglial cell activation","1/253","10/10170",0.1,4.0197628458498,1.52593210698355,0.222778962597517,0.488144824781713,0.383244126342638,"LDLR",1,"2"
"GO:1904948","midbrain dopaminergic neuron differentiation","1/253","10/10170",0.1,4.0197628458498,1.52593210698355,0.222778962597517,0.488144824781713,0.383244126342638,"CTNNB1",1,"2"
"GO:1905048","regulation of metallopeptidase activity","1/253","10/10170",0.1,4.0197628458498,1.52593210698355,0.222778962597517,0.488144824781713,0.383244126342638,"TIMP2",1,"2"
"GO:1990806","ligand-gated ion channel signaling pathway","1/253","10/10170",0.1,4.0197628458498,1.52593210698355,0.222778962597517,0.488144824781713,0.383244126342638,"CPEB4",1,"2"
"GO:2000009","negative regulation of protein localization to cell surface","1/253","10/10170",0.1,4.0197628458498,1.52593210698355,0.222778962597517,0.488144824781713,0.383244126342638,"ARF6",1,"2"
"GO:2000136","regulation of cell proliferation involved in heart morphogenesis","1/253","10/10170",0.1,4.0197628458498,1.52593210698355,0.222778962597517,0.488144824781713,0.383244126342638,"CTNNB1",1,"2"
"GO:2000291","regulation of myoblast proliferation","1/253","10/10170",0.1,4.0197628458498,1.52593210698355,0.222778962597517,0.488144824781713,0.383244126342638,"CTNNB1",1,"2"
"GO:2001138","regulation of phospholipid transport","1/253","10/10170",0.1,4.0197628458498,1.52593210698355,0.222778962597517,0.488144824781713,0.383244126342638,"ABCA7",1,"2"
"GO:2001140","positive regulation of phospholipid transport","1/253","10/10170",0.1,4.0197628458498,1.52593210698355,0.222778962597517,0.488144824781713,0.383244126342638,"ABCA7",1,"2"
"GO:0045637","regulation of myeloid cell differentiation","5/253","130/10170",0.0384615384615385,1.54606263301915,1.00082122296336,0.222792077502686,0.488144824781713,0.383244126342638,"CTNNB1/QKI/NEDD9/CEBPB/FSTL3",5,"2"
"GO:0006816","calcium ion transport","7/253","198/10170",0.0353535353535354,1.42112827883579,0.955795745878393,0.223483893544799,0.488263689555442,0.383337447472041,"ITGAV/CALM2/PTGS2/DDIT3/CTNNB1/TPT1/FLNA",7,"2"
"GO:0001541","ovarian follicle development","2/253","36/10170",0.0555555555555556,2.23320158102767,1.18387023301169,0.225307918430684,0.488263689555442,0.383337447472041,"VEGFA/CEBPB",2,"2"
"GO:0003179","heart valve morphogenesis","2/253","36/10170",0.0555555555555556,2.23320158102767,1.18387023301169,0.225307918430684,0.488263689555442,0.383337447472041,"ROCK2/BMP2",2,"2"
"GO:0006476","protein deacetylation","2/253","36/10170",0.0555555555555556,2.23320158102767,1.18387023301169,0.225307918430684,0.488263689555442,0.383337447472041,"SPRED1/FLNA",2,"2"
"GO:0006509","membrane protein ectodomain proteolysis","2/253","36/10170",0.0555555555555556,2.23320158102767,1.18387023301169,0.225307918430684,0.488263689555442,0.383337447472041,"TIMP2/MYH9",2,"2"
"GO:0033344","cholesterol efflux","2/253","36/10170",0.0555555555555556,2.23320158102767,1.18387023301169,0.225307918430684,0.488263689555442,0.383337447472041,"ABCA7/APOC1",2,"2"
"GO:0045058","T cell selection","2/253","36/10170",0.0555555555555556,2.23320158102767,1.18387023301169,0.225307918430684,0.488263689555442,0.383337447472041,"LGALS1/NFATC3",2,"2"
"GO:0045604","regulation of epidermal cell differentiation","2/253","36/10170",0.0555555555555556,2.23320158102767,1.18387023301169,0.225307918430684,0.488263689555442,0.383337447472041,"ROCK2/SFN",2,"2"
"GO:0046503","glycerolipid catabolic process","2/253","36/10170",0.0555555555555556,2.23320158102767,1.18387023301169,0.225307918430684,0.488263689555442,0.383337447472041,"LDLR/APOC1",2,"2"
"GO:0048260","positive regulation of receptor-mediated endocytosis","2/253","36/10170",0.0555555555555556,2.23320158102767,1.18387023301169,0.225307918430684,0.488263689555442,0.383337447472041,"RAB21/VEGFA",2,"2"
"GO:0060420","regulation of heart growth","2/253","36/10170",0.0555555555555556,2.23320158102767,1.18387023301169,0.225307918430684,0.488263689555442,0.383337447472041,"NRG1/YAP1",2,"2"
"GO:0060428","lung epithelium development","2/253","36/10170",0.0555555555555556,2.23320158102767,1.18387023301169,0.225307918430684,0.488263689555442,0.383337447472041,"CTNNB1/YAP1",2,"2"
"GO:0071385","cellular response to glucocorticoid stimulus","2/253","36/10170",0.0555555555555556,2.23320158102767,1.18387023301169,0.225307918430684,0.488263689555442,0.383337447472041,"CFLAR/EGFR",2,"2"
"GO:0086001","cardiac muscle cell action potential","2/253","36/10170",0.0555555555555556,2.23320158102767,1.18387023301169,0.225307918430684,0.488263689555442,0.383337447472041,"FLNA/GJA1",2,"2"
"GO:0140894","endolysosomal toll-like receptor signaling pathway","2/253","36/10170",0.0555555555555556,2.23320158102767,1.18387023301169,0.225307918430684,0.488263689555442,0.383337447472041,"DDX3X/RTN4",2,"2"
"GO:1902041","regulation of extrinsic apoptotic signaling pathway via death domain receptors","2/253","36/10170",0.0555555555555556,2.23320158102767,1.18387023301169,0.225307918430684,0.488263689555442,0.383337447472041,"CFLAR/DDX3X",2,"2"
"GO:1905953","negative regulation of lipid localization","2/253","36/10170",0.0555555555555556,2.23320158102767,1.18387023301169,0.225307918430684,0.488263689555442,0.383337447472041,"ITGAV/APOC1",2,"2"
"GO:0000245","spliceosomal complex assembly","3/253","66/10170",0.0454545454545455,1.82716492993173,1.07677915498181,0.225989656480695,0.488485334392886,0.383511461571489,"SNRPB2/CELF2/SF3B5",3,"2"
"GO:0006112","energy reserve metabolic process","3/253","66/10170",0.0454545454545455,1.82716492993173,1.07677915498181,0.225989656480695,0.488485334392886,0.383511461571489,"GFPT1/PPP1CB/UGP2",3,"2"
"GO:0051282","regulation of sequestering of calcium ion","3/253","66/10170",0.0454545454545455,1.82716492993173,1.07677915498181,0.225989656480695,0.488485334392886,0.383511461571489,"CALM2/DDIT3/FLNA",3,"2"
"GO:0060996","dendritic spine development","3/253","66/10170",0.0454545454545455,1.82716492993173,1.07677915498181,0.225989656480695,0.488485334392886,0.383511461571489,"ARF6/EIF4G2/CFL1",3,"2"
"GO:0003205","cardiac chamber development","4/253","98/10170",0.0408163265306122,1.64071952891829,1.01796387976744,0.227123545567339,0.490621778124963,0.385188790655017,"AP2B1/NRG1/TNNC1/BMP2",4,"2"
"GO:0071897","DNA biosynthetic process","5/253","131/10170",0.0381679389312977,1.53426062818695,0.982998417797497,0.227335639762358,0.490765542431928,0.385301660490822,"CTNNB1/HNRNPD/RGCC/VEGFA/ANKRD1",5,"2"
"GO:0007416","synapse assembly","5/253","132/10170",0.0378787878787879,1.52263744160977,0.965324028922116,0.231906528547328,0.493766670208159,0.387657855894836,"ARF6/CTNNB1/NEDD8/RTN4/SPOCK2",5,"2"
"GO:0050730","regulation of peptidyl-tyrosine phosphorylation","4/253","99/10170",0.0404040404040404,1.62414660438376,0.996729102702817,0.232460274875537,0.493766670208159,0.387657855894836,"NEDD9/VEGFA/NRG1/EGFR",4,"2"
"GO:0048709","oligodendrocyte differentiation","3/253","67/10170",0.0447761194029851,1.79989381157454,1.04918914658693,0.232590608487845,0.493766670208159,0.387657855894836,"CTNNB1/QKI/RHEB",3,"2"
"GO:0045786","negative regulation of cell cycle","9/253","271/10170",0.033210332103321,1.33497659087263,0.892714665264143,0.23370534723942,0.493766670208159,0.387657855894836,"PTGS2/CTNNB1/RGCC/NUPR1/TMSB4X/WAC/CCND1/EGFR/BMP2",9,"2"
"GO:0002437","inflammatory response to antigenic stimulus","2/253","37/10170",0.0540540540540541,2.17284478154043,1.14151496189779,0.23454738322379,0.493766670208159,0.387657855894836,"CD81/GNAS",2,"2"
"GO:0017004","cytochrome complex assembly","2/253","37/10170",0.0540540540540541,2.17284478154043,1.14151496189779,0.23454738322379,0.493766670208159,0.387657855894836,"COX17/UQCC5",2,"2"
"GO:0043457","regulation of cellular respiration","2/253","37/10170",0.0540540540540541,2.17284478154043,1.14151496189779,0.23454738322379,0.493766670208159,0.387657855894836,"COX7A2/NUPR1",2,"2"
"GO:0045912","negative regulation of carbohydrate metabolic process","2/253","37/10170",0.0540540540540541,2.17284478154043,1.14151496189779,0.23454738322379,0.493766670208159,0.387657855894836,"CLTC/NUPR1",2,"2"
"GO:0046825","regulation of protein export from nucleus","2/253","37/10170",0.0540540540540541,2.17284478154043,1.14151496189779,0.23454738322379,0.493766670208159,0.387657855894836,"IFI27/SFN",2,"2"
"GO:0051205","protein insertion into membrane","2/253","37/10170",0.0540540540540541,2.17284478154043,1.14151496189779,0.23454738322379,0.493766670208159,0.387657855894836,"TRAM1/EGFR",2,"2"
"GO:0051646","mitochondrion localization","2/253","37/10170",0.0540540540540541,2.17284478154043,1.14151496189779,0.23454738322379,0.493766670208159,0.387657855894836,"MEF2A/KIF5B",2,"2"
"GO:0072599","establishment of protein localization to endoplasmic reticulum","2/253","37/10170",0.0540540540540541,2.17284478154043,1.14151496189779,0.23454738322379,0.493766670208159,0.387657855894836,"SEC61G/TRAM1",2,"2"
"GO:0170041","non-proteinogenic amino acid metabolic process","2/253","37/10170",0.0540540540540541,2.17284478154043,1.14151496189779,0.23454738322379,0.493766670208159,0.387657855894836,"SLC38A1/DDAH1",2,"2"
"GO:1902475","L-alpha-amino acid transmembrane transport","2/253","37/10170",0.0540540540540541,2.17284478154043,1.14151496189779,0.23454738322379,0.493766670208159,0.387657855894836,"SLC38A1/ITGB1",2,"2"
"GO:1902743","regulation of lamellipodium organization","2/253","37/10170",0.0540540540540541,2.17284478154043,1.14151496189779,0.23454738322379,0.493766670208159,0.387657855894836,"ARPC2/NCKAP1",2,"2"
"GO:1904888","cranial skeletal system development","2/253","37/10170",0.0540540540540541,2.17284478154043,1.14151496189779,0.23454738322379,0.493766670208159,0.387657855894836,"CTNNB1/INSIG1",2,"2"
"GO:1905517","macrophage migration","2/253","37/10170",0.0540540540540541,2.17284478154043,1.14151496189779,0.23454738322379,0.493766670208159,0.387657855894836,"CD81/RTN4",2,"2"
"GO:0048167","regulation of synaptic plasticity","4/253","100/10170",0.04,1.60790513833992,0.975731457090955,0.237827705877141,0.493766670208159,0.387657855894836,"PTGS2/ATF4/SLC38A1/YWHAH",4,"2"
"GO:0001508","action potential","3/253","68/10170",0.0441176470588235,1.77342478493374,1.02206398978806,0.23922629943794,0.493766670208159,0.387657855894836,"YWHAH/FLNA/GJA1",3,"2"
"GO:0003206","cardiac chamber morphogenesis","3/253","68/10170",0.0441176470588235,1.77342478493374,1.02206398978806,0.23922629943794,0.493766670208159,0.387657855894836,"NRG1/TNNC1/BMP2",3,"2"
"GO:0003231","cardiac ventricle development","3/253","68/10170",0.0441176470588235,1.77342478493374,1.02206398978806,0.23922629943794,0.493766670208159,0.387657855894836,"AP2B1/NRG1/TNNC1",3,"2"
"GO:0006029","proteoglycan metabolic process","3/253","68/10170",0.0441176470588235,1.77342478493374,1.02206398978806,0.23922629943794,0.493766670208159,0.387657855894836,"CTNNB1/IDS/BMP2",3,"2"
"GO:0006970","response to osmotic stress","3/253","68/10170",0.0441176470588235,1.77342478493374,1.02206398978806,0.23922629943794,0.493766670208159,0.387657855894836,"PTGS2/YBX3/DDX3X",3,"2"
"GO:0032456","endocytic recycling","3/253","68/10170",0.0441176470588235,1.77342478493374,1.02206398978806,0.23922629943794,0.493766670208159,0.387657855894836,"ARF6/EHD1/EHD2",3,"2"
"GO:0050731","positive regulation of peptidyl-tyrosine phosphorylation","3/253","68/10170",0.0441176470588235,1.77342478493374,1.02206398978806,0.23922629943794,0.493766670208159,0.387657855894836,"NEDD9/VEGFA/NRG1",3,"2"
"GO:0097306","cellular response to alcohol","3/253","68/10170",0.0441176470588235,1.77342478493374,1.02206398978806,0.23922629943794,0.493766670208159,0.387657855894836,"GNB1/CTNNB1/GNAS",3,"2"
"GO:0046879","hormone secretion","6/253","168/10170",0.0357142857142857,1.4356295878035,0.909364115774979,0.240626901961074,0.493766670208159,0.387657855894836,"PRKAR1A/RAB11FIP1/VAMP8/GNAS/EGFR/GJA1",6,"2"
"GO:0048863","stem cell differentiation","6/253","168/10170",0.0357142857142857,1.4356295878035,0.909364115774979,0.240626901961074,0.493766670208159,0.387657855894836,"CTNNB1/ITGB1/TMSB4X/TACSTD2/NRG1/YAP1",6,"2"
"GO:0032940","secretion by cell","15/253","491/10170",0.0305498981670061,1.22803345596226,0.827243375452794,0.241331944566925,0.493766670208159,0.387657855894836,"PTGS2/PRKAR1A/ARF6/RAB11FIP1/RAB21/VAMP8/MYOF/RGCC/GNAS/UNC13D/MYH9/EGFR/GJA1/BMP2/ANKRD1",15,"2"
"GO:0000212","meiotic spindle organization","1/253","11/10170",0.0909090909090909,3.65432985986346,1.40680849696378,0.242132990398977,0.493766670208159,0.387657855894836,"MYH9",1,"2"
"GO:0001675","acrosome assembly","1/253","11/10170",0.0909090909090909,3.65432985986346,1.40680849696378,0.242132990398977,0.493766670208159,0.387657855894836,"AGFG1",1,"2"
"GO:0001711","endodermal cell fate commitment","1/253","11/10170",0.0909090909090909,3.65432985986346,1.40680849696378,0.242132990398977,0.493766670208159,0.387657855894836,"CTNNB1",1,"2"
"GO:0001963","synaptic transmission, dopaminergic","1/253","11/10170",0.0909090909090909,3.65432985986346,1.40680849696378,0.242132990398977,0.493766670208159,0.387657855894836,"PTGS2",1,"2"
"GO:0002043","blood vessel endothelial cell proliferation involved in sprouting angiogenesis","1/253","11/10170",0.0909090909090909,3.65432985986346,1.40680849696378,0.242132990398977,0.493766670208159,0.387657855894836,"VEGFA",1,"2"
"GO:0002467","germinal center formation","1/253","11/10170",0.0909090909090909,3.65432985986346,1.40680849696378,0.242132990398977,0.493766670208159,0.387657855894836,"UNC13D",1,"2"
"GO:0003159","morphogenesis of an endothelium","1/253","11/10170",0.0909090909090909,3.65432985986346,1.40680849696378,0.242132990398977,0.493766670208159,0.387657855894836,"CTNNB1",1,"2"
"GO:0006002","fructose 6-phosphate metabolic process","1/253","11/10170",0.0909090909090909,3.65432985986346,1.40680849696378,0.242132990398977,0.493766670208159,0.387657855894836,"GFPT1",1,"2"
"GO:0006686","sphingomyelin biosynthetic process","1/253","11/10170",0.0909090909090909,3.65432985986346,1.40680849696378,0.242132990398977,0.493766670208159,0.387657855894836,"SGMS2",1,"2"
"GO:0010172","embryonic body morphogenesis","1/253","11/10170",0.0909090909090909,3.65432985986346,1.40680849696378,0.242132990398977,0.493766670208159,0.387657855894836,"PHLDB2",1,"2"
"GO:0010763","positive regulation of fibroblast migration","1/253","11/10170",0.0909090909090909,3.65432985986346,1.40680849696378,0.242132990398977,0.493766670208159,0.387657855894836,"ITGB1",1,"2"
"GO:0010867","positive regulation of triglyceride biosynthetic process","1/253","11/10170",0.0909090909090909,3.65432985986346,1.40680849696378,0.242132990398977,0.493766670208159,0.387657855894836,"LDLR",1,"2"
"GO:0014004","microglia differentiation","1/253","11/10170",0.0909090909090909,3.65432985986346,1.40680849696378,0.242132990398977,0.493766670208159,0.387657855894836,"QKI",1,"2"
"GO:0015732","prostaglandin transport","1/253","11/10170",0.0909090909090909,3.65432985986346,1.40680849696378,0.242132990398977,0.493766670208159,0.387657855894836,"PTGS2",1,"2"
"GO:0016338","calcium-independent cell-cell adhesion via plasma membrane cell-adhesion molecules","1/253","11/10170",0.0909090909090909,3.65432985986346,1.40680849696378,0.242132990398977,0.493766670208159,0.387657855894836,"BMP2",1,"2"
"GO:0017062","respiratory chain complex III assembly","1/253","11/10170",0.0909090909090909,3.65432985986346,1.40680849696378,0.242132990398977,0.493766670208159,0.387657855894836,"UQCC5",1,"2"
"GO:0032328","alanine transport","1/253","11/10170",0.0909090909090909,3.65432985986346,1.40680849696378,0.242132990398977,0.493766670208159,0.387657855894836,"SLC38A1",1,"2"
"GO:0032753","positive regulation of interleukin-4 production","1/253","11/10170",0.0909090909090909,3.65432985986346,1.40680849696378,0.242132990398977,0.493766670208159,0.387657855894836,"CEBPB",1,"2"
"GO:0034368","protein-lipid complex remodeling","1/253","11/10170",0.0909090909090909,3.65432985986346,1.40680849696378,0.242132990398977,0.493766670208159,0.387657855894836,"APOC1",1,"2"
"GO:0034369","plasma lipoprotein particle remodeling","1/253","11/10170",0.0909090909090909,3.65432985986346,1.40680849696378,0.242132990398977,0.493766670208159,0.387657855894836,"APOC1",1,"2"
"GO:0034393","positive regulation of smooth muscle cell apoptotic process","1/253","11/10170",0.0909090909090909,3.65432985986346,1.40680849696378,0.242132990398977,0.493766670208159,0.387657855894836,"ATF4",1,"2"
"GO:0034551","mitochondrial respiratory chain complex III assembly","1/253","11/10170",0.0909090909090909,3.65432985986346,1.40680849696378,0.242132990398977,0.493766670208159,0.387657855894836,"UQCC5",1,"2"
"GO:0035115","embryonic forelimb morphogenesis","1/253","11/10170",0.0909090909090909,3.65432985986346,1.40680849696378,0.242132990398977,0.493766670208159,0.387657855894836,"CTNNB1",1,"2"
"GO:0035437","maintenance of protein localization in endoplasmic reticulum","1/253","11/10170",0.0909090909090909,3.65432985986346,1.40680849696378,0.242132990398977,0.493766670208159,0.387657855894836,"INSIG1",1,"2"
"GO:0038166","angiotensin-activated signaling pathway","1/253","11/10170",0.0909090909090909,3.65432985986346,1.40680849696378,0.242132990398977,0.493766670208159,0.387657855894836,"ROCK2",1,"2"
"GO:0040015","negative regulation of multicellular organism growth","1/253","11/10170",0.0909090909090909,3.65432985986346,1.40680849696378,0.242132990398977,0.493766670208159,0.387657855894836,"GNAS",1,"2"
"GO:0040019","positive regulation of embryonic development","1/253","11/10170",0.0909090909090909,3.65432985986346,1.40680849696378,0.242132990398977,0.493766670208159,0.387657855894836,"CFL1",1,"2"
"GO:0042797","tRNA transcription by RNA polymerase III","1/253","11/10170",0.0909090909090909,3.65432985986346,1.40680849696378,0.242132990398977,0.493766670208159,0.387657855894836,"POLR2L",1,"2"
"GO:0043353","enucleate erythrocyte differentiation","1/253","11/10170",0.0909090909090909,3.65432985986346,1.40680849696378,0.242132990398977,0.493766670208159,0.387657855894836,"CEBPG",1,"2"
"GO:0043476","pigment accumulation","1/253","11/10170",0.0909090909090909,3.65432985986346,1.40680849696378,0.242132990398977,0.493766670208159,0.387657855894836,"RAB32",1,"2"
"GO:0043482","cellular pigment accumulation","1/253","11/10170",0.0909090909090909,3.65432985986346,1.40680849696378,0.242132990398977,0.493766670208159,0.387657855894836,"RAB32",1,"2"
"GO:0043567","regulation of insulin-like growth factor receptor signaling pathway","1/253","11/10170",0.0909090909090909,3.65432985986346,1.40680849696378,0.242132990398977,0.493766670208159,0.387657855894836,"BMP2",1,"2"
"GO:0043931","ossification involved in bone maturation","1/253","11/10170",0.0909090909090909,3.65432985986346,1.40680849696378,0.242132990398977,0.493766670208159,0.387657855894836,"BMP2",1,"2"
"GO:0045039","protein insertion into mitochondrial inner membrane","1/253","11/10170",0.0909090909090909,3.65432985986346,1.40680849696378,0.242132990398977,0.493766670208159,0.387657855894836,"TIMM8B",1,"2"
"GO:0048643","positive regulation of skeletal muscle tissue development","1/253","11/10170",0.0909090909090909,3.65432985986346,1.40680849696378,0.242132990398977,0.493766670208159,0.387657855894836,"CTNNB1",1,"2"
"GO:0051547","regulation of keratinocyte migration","1/253","11/10170",0.0909090909090909,3.65432985986346,1.40680849696378,0.242132990398977,0.493766670208159,0.387657855894836,"ARF6",1,"2"
"GO:0051590","positive regulation of neurotransmitter transport","1/253","11/10170",0.0909090909090909,3.65432985986346,1.40680849696378,0.242132990398977,0.493766670208159,0.387657855894836,"ITGB1",1,"2"
"GO:0060039","pericardium development","1/253","11/10170",0.0909090909090909,3.65432985986346,1.40680849696378,0.242132990398977,0.493766670208159,0.387657855894836,"BMP2",1,"2"
"GO:0060307","regulation of ventricular cardiac muscle cell membrane repolarization","1/253","11/10170",0.0909090909090909,3.65432985986346,1.40680849696378,0.242132990398977,0.493766670208159,0.387657855894836,"GJA1",1,"2"
"GO:0061042","vascular wound healing","1/253","11/10170",0.0909090909090909,3.65432985986346,1.40680849696378,0.242132990398977,0.493766670208159,0.387657855894836,"VEGFA",1,"2"
"GO:0061098","positive regulation of protein tyrosine kinase activity","1/253","11/10170",0.0909090909090909,3.65432985986346,1.40680849696378,0.242132990398977,0.493766670208159,0.387657855894836,"NEDD9",1,"2"
"GO:0061154","endothelial tube morphogenesis","1/253","11/10170",0.0909090909090909,3.65432985986346,1.40680849696378,0.242132990398977,0.493766670208159,0.387657855894836,"CTNNB1",1,"2"
"GO:0070307","lens fiber cell development","1/253","11/10170",0.0909090909090909,3.65432985986346,1.40680849696378,0.242132990398977,0.493766670208159,0.387657855894836,"ATF4",1,"2"
"GO:0071318","cellular response to ATP","1/253","11/10170",0.0909090909090909,3.65432985986346,1.40680849696378,0.242132990398977,0.493766670208159,0.387657855894836,"PTGS2",1,"2"
"GO:0071636","positive regulation of transforming growth factor beta production","1/253","11/10170",0.0909090909090909,3.65432985986346,1.40680849696378,0.242132990398977,0.493766670208159,0.387657855894836,"PTGS2",1,"2"
"GO:0072697","protein localization to cell cortex","1/253","11/10170",0.0909090909090909,3.65432985986346,1.40680849696378,0.242132990398977,0.493766670208159,0.387657855894836,"EZR",1,"2"
"GO:0075522","IRES-dependent viral translational initiation","1/253","11/10170",0.0909090909090909,3.65432985986346,1.40680849696378,0.242132990398977,0.493766670208159,0.387657855894836,"CSDE1",1,"2"
"GO:0090030","regulation of steroid hormone biosynthetic process","1/253","11/10170",0.0909090909090909,3.65432985986346,1.40680849696378,0.242132990398977,0.493766670208159,0.387657855894836,"BMP2",1,"2"
"GO:0097067","cellular response to thyroid hormone stimulus","1/253","11/10170",0.0909090909090909,3.65432985986346,1.40680849696378,0.242132990398977,0.493766670208159,0.387657855894836,"RDX",1,"2"
"GO:0098885","modification of postsynaptic actin cytoskeleton","1/253","11/10170",0.0909090909090909,3.65432985986346,1.40680849696378,0.242132990398977,0.493766670208159,0.387657855894836,"CAP1",1,"2"
"GO:0098935","dendritic transport","1/253","11/10170",0.0909090909090909,3.65432985986346,1.40680849696378,0.242132990398977,0.493766670208159,0.387657855894836,"KIF5B",1,"2"
"GO:0170043","non-proteinogenic amino acid biosynthetic process","1/253","11/10170",0.0909090909090909,3.65432985986346,1.40680849696378,0.242132990398977,0.493766670208159,0.387657855894836,"SLC38A1",1,"2"
"GO:1900044","regulation of protein K63-linked ubiquitination","1/253","11/10170",0.0909090909090909,3.65432985986346,1.40680849696378,0.242132990398977,0.493766670208159,0.387657855894836,"DDX3X",1,"2"
"GO:1901020","negative regulation of calcium ion transmembrane transporter activity","1/253","11/10170",0.0909090909090909,3.65432985986346,1.40680849696378,0.242132990398977,0.493766670208159,0.387657855894836,"CALM2",1,"2"
"GO:1901533","negative regulation of hematopoietic progenitor cell differentiation","1/253","11/10170",0.0909090909090909,3.65432985986346,1.40680849696378,0.242132990398977,0.493766670208159,0.387657855894836,"TMSB4X",1,"2"
"GO:1903019","negative regulation of glycoprotein metabolic process","1/253","11/10170",0.0909090909090909,3.65432985986346,1.40680849696378,0.242132990398977,0.493766670208159,0.387657855894836,"ABCA7",1,"2"
"GO:1905063","regulation of vascular associated smooth muscle cell differentiation","1/253","11/10170",0.0909090909090909,3.65432985986346,1.40680849696378,0.242132990398977,0.493766670208159,0.387657855894836,"NFATC3",1,"2"
"GO:1905089","regulation of type 2 mitophagy","1/253","11/10170",0.0909090909090909,3.65432985986346,1.40680849696378,0.242132990398977,0.493766670208159,0.387657855894836,"TOMM7",1,"2"
"GO:1905165","regulation of lysosomal protein catabolic process","1/253","11/10170",0.0909090909090909,3.65432985986346,1.40680849696378,0.242132990398977,0.493766670208159,0.387657855894836,"LDLR",1,"2"
"GO:0035967","cellular response to topologically incorrect protein","4/253","101/10170",0.0396039603960396,1.59198528548507,0.954965442636095,0.243224315165396,0.493766670208159,0.387657855894836,"DDIT3/ATF4/ABCA7/CCND1",4,"2"
"GO:1905952","regulation of lipid localization","4/253","101/10170",0.0396039603960396,1.59198528548507,0.954965442636095,0.243224315165396,0.493766670208159,0.387657855894836,"ITGAV/EHD1/ABCA7/APOC1",4,"2"
"GO:0010883","regulation of lipid storage","2/253","38/10170",0.0526315789473684,2.11566465571042,1.10049255852478,0.243808275770043,0.493766670208159,0.387657855894836,"ITGAV/EHD1",2,"2"
"GO:0032527","protein exit from endoplasmic reticulum","2/253","38/10170",0.0526315789473684,2.11566465571042,1.10049255852478,0.243808275770043,0.493766670208159,0.387657855894836,"CD81/INSIG1",2,"2"
"GO:0032835","glomerulus development","2/253","38/10170",0.0526315789473684,2.11566465571042,1.10049255852478,0.243808275770043,0.493766670208159,0.387657855894836,"CFLAR/IQGAP1",2,"2"
"GO:0032890","regulation of organic acid transport","2/253","38/10170",0.0526315789473684,2.11566465571042,1.10049255852478,0.243808275770043,0.493766670208159,0.387657855894836,"SLC38A1/ITGB1",2,"2"
"GO:0043627","response to estrogen","2/253","38/10170",0.0526315789473684,2.11566465571042,1.10049255852478,0.243808275770043,0.493766670208159,0.387657855894836,"ARPC1B/KRT19",2,"2"
"GO:0046324","regulation of D-glucose import","2/253","38/10170",0.0526315789473684,2.11566465571042,1.10049255852478,0.243808275770043,0.493766670208159,0.387657855894836,"MEF2A/RHOQ",2,"2"
"GO:0048645","animal organ formation","2/253","38/10170",0.0526315789473684,2.11566465571042,1.10049255852478,0.243808275770043,0.493766670208159,0.387657855894836,"CTNNB1/BMP2",2,"2"
"GO:0051496","positive regulation of stress fiber assembly","2/253","38/10170",0.0526315789473684,2.11566465571042,1.10049255852478,0.243808275770043,0.493766670208159,0.387657855894836,"ROCK2/RGCC",2,"2"
"GO:0060998","regulation of dendritic spine development","2/253","38/10170",0.0526315789473684,2.11566465571042,1.10049255852478,0.243808275770043,0.493766670208159,0.387657855894836,"ARF6/EIF4G2",2,"2"
"GO:0070542","response to fatty acid","2/253","38/10170",0.0526315789473684,2.11566465571042,1.10049255852478,0.243808275770043,0.493766670208159,0.387657855894836,"PTGS2/LDLR",2,"2"
"GO:1901524","regulation of mitophagy","2/253","38/10170",0.0526315789473684,2.11566465571042,1.10049255852478,0.243808275770043,0.493766670208159,0.387657855894836,"TOMM7/CTTN",2,"2"
"GO:1902895","positive regulation of miRNA transcription","2/253","38/10170",0.0526315789473684,2.11566465571042,1.10049255852478,0.243808275770043,0.493766670208159,0.387657855894836,"EGFR/BMP2",2,"2"
"GO:1903214","regulation of protein targeting to mitochondrion","2/253","38/10170",0.0526315789473684,2.11566465571042,1.10049255852478,0.243808275770043,0.493766670208159,0.387657855894836,"TOMM7/UBL5",2,"2"
"GO:0016241","regulation of macroautophagy","6/253","169/10170",0.0355029585798817,1.42713473817153,0.894325799863819,0.244748149270338,0.495372604645606,0.388918680365767,"TOMM7/NUPR1/CAPNS1/WAC/RHEB/CTTN",6,"2"
"GO:0006606","protein import into nucleus","5/253","135/10170",0.037037037037037,1.48880105401845,0.913165630363573,0.24577370587237,0.495609179882614,0.389104416371597,"PTGS2/LMNA/CHP1/NFATC3/FLNA",5,"2"
"GO:0050657","nucleic acid transport","5/253","135/10170",0.037037037037037,1.48880105401845,0.913165630363573,0.24577370587237,0.495609179882614,0.389104416371597,"AGFG1/YBX1/QKI/XPOT/PEG10",5,"2"
"GO:0050658","RNA transport","5/253","135/10170",0.037037037037037,1.48880105401845,0.913165630363573,0.24577370587237,0.495609179882614,0.389104416371597,"AGFG1/YBX1/QKI/XPOT/PEG10",5,"2"
"GO:0030278","regulation of ossification","3/253","69/10170",0.0434782608695652,1.74772297645644,0.995387800125869,0.245893878393717,0.495609179882614,0.389104416371597,"SGMS2/GJA1/BMP2",3,"2"
"GO:0030326","embryonic limb morphogenesis","3/253","69/10170",0.0434782608695652,1.74772297645644,0.995387800125869,0.245893878393717,0.495609179882614,0.389104416371597,"MBNL1/CTNNB1/GJA1",3,"2"
"GO:0035113","embryonic appendage morphogenesis","3/253","69/10170",0.0434782608695652,1.74772297645644,0.995387800125869,0.245893878393717,0.495609179882614,0.389104416371597,"MBNL1/CTNNB1/GJA1",3,"2"
"GO:0048593","camera-type eye morphogenesis","3/253","69/10170",0.0434782608695652,1.74772297645644,0.995387800125869,0.245893878393717,0.495609179882614,0.389104416371597,"ATF4/CTNNB1/VEGFA",3,"2"
"GO:0051052","regulation of DNA metabolic process","12/253","384/10170",0.03125,1.25617588932806,0.81735455394584,0.248579320094402,0.49864893388063,0.391490937350872,"LMNA/ZBTB38/SUB1/ACTB/CTNNB1/HNRNPD/RGCC/SF3B5/VEGFA/CEBPG/EGFR/ANKRD1",12,"2"
"GO:0010976","positive regulation of neuron projection development","4/253","102/10170",0.0392156862745098,1.57637758660777,0.934425742458288,0.248648586696199,0.49864893388063,0.391490937350872,"ARF6/CFLAR/EHD1/FLNA",4,"2"
"GO:0031333","negative regulation of protein-containing complex assembly","4/253","102/10170",0.0392156862745098,1.57637758660777,0.934425742458288,0.248648586696199,0.49864893388063,0.391490937350872,"CAPG/DDX3X/RDX/MAP2",4,"2"
"GO:0042180","ketone metabolic process","5/253","136/10170",0.0367647058823529,1.47785398744478,0.896059498407437,0.250444447994762,0.49864893388063,0.391490937350872,"PTGS2/STARD7/INSIG1/APOC1/BMP2",5,"2"
"GO:0046660","female sex differentiation","3/253","70/10170",0.0428571428571429,1.7227555053642,0.969145467990881,0.252590540760885,0.49864893388063,0.391490937350872,"NUPR1/VEGFA/CEBPB",3,"2"
"GO:0051208","sequestering of calcium ion","3/253","70/10170",0.0428571428571429,1.7227555053642,0.969145467990881,0.252590540760885,0.49864893388063,0.391490937350872,"CALM2/DDIT3/FLNA",3,"2"
"GO:0019221","cytokine-mediated signaling pathway","10/253","313/10170",0.0319488817891374,1.28426927982422,0.815903784150932,0.2530330596255,0.49864893388063,0.391490937350872,"KRT8/ACTN4/LIMS1/MAPKAPK2/PPP2CB/TMSB4X/IFI27/EGFR/YAP1/OSMR",10,"2"
"GO:0009914","hormone transport","6/253","171/10170",0.0350877192982456,1.41044310380695,0.864533769254632,0.253052271379049,0.49864893388063,0.391490937350872,"PRKAR1A/RAB11FIP1/VAMP8/GNAS/EGFR/GJA1",6,"2"
"GO:0071826","protein-RNA complex organization","6/253","171/10170",0.0350877192982456,1.41044310380695,0.864533769254632,0.253052271379049,0.49864893388063,0.391490937350872,"SNRPB2/FAU/KIF5B/CELF2/EIF2S2/SF3B5",6,"2"
"GO:0042733","embryonic digit morphogenesis","2/253","39/10170",0.0512820512820513,2.06141684402554,1.06072144395477,0.253083842109182,0.49864893388063,0.391490937350872,"CTNNB1/GJA1",2,"2"
"GO:0045453","bone resorption","2/253","39/10170",0.0512820512820513,2.06141684402554,1.06072144395477,0.253083842109182,0.49864893388063,0.391490937350872,"CTNNB1/EGFR",2,"2"
"GO:0061844","antimicrobial humoral immune response mediated by antimicrobial peptide","2/253","39/10170",0.0512820512820513,2.06141684402554,1.06072144395477,0.253083842109182,0.49864893388063,0.391490937350872,"FAU/PGC",2,"2"
"GO:0090303","positive regulation of wound healing","2/253","39/10170",0.0512820512820513,2.06141684402554,1.06072144395477,0.253083842109182,0.49864893388063,0.391490937350872,"ITGB1/ACTG1",2,"2"
"GO:1902459","positive regulation of stem cell population maintenance","2/253","39/10170",0.0512820512820513,2.06141684402554,1.06072144395477,0.253083842109182,0.49864893388063,0.391490937350872,"ACTB/YAP1",2,"2"
"GO:1990089","response to nerve growth factor","2/253","39/10170",0.0512820512820513,2.06141684402554,1.06072144395477,0.253083842109182,0.49864893388063,0.391490937350872,"ARF6/EHD1",2,"2"
"GO:1990090","cellular response to nerve growth factor stimulus","2/253","39/10170",0.0512820512820513,2.06141684402554,1.06072144395477,0.253083842109182,0.49864893388063,0.391490937350872,"ARF6/EHD1",2,"2"
"GO:0001764","neuron migration","4/253","103/10170",0.0388349514563107,1.56107294984458,0.914107215201698,0.254099012748956,0.49864893388063,0.391490937350872,"CTNNB1/VEGFA/FLNA/GJA1",4,"2"
"GO:0045861","negative regulation of proteolysis","4/253","103/10170",0.0388349514563107,1.56107294984458,0.914107215201698,0.254099012748956,0.49864893388063,0.391490937350872,"CTSZ/TIMP2/WAC/SPOCK2",4,"2"
"GO:0170039","proteinogenic amino acid metabolic process","4/253","103/10170",0.0388349514563107,1.56107294984458,0.914107215201698,0.254099012748956,0.49864893388063,0.391490937350872,"ATF4/SLC38A1/DDAH1/ASNS",4,"2"
"GO:0071695","anatomical structure maturation","5/253","137/10170",0.0364963503649635,1.46706673206197,0.879089392780439,0.255137787615597,0.49864893388063,0.391490937350872,"DDIT3/CTNNB1/VEGFA/GJA1/BMP2",5,"2"
"GO:0044772","mitotic cell cycle phase transition","10/253","314/10170",0.0318471337579618,1.28017925027064,0.805489109710757,0.256095776124413,0.49864893388063,0.391490937350872,"CALM2/EIF4EBP1/ACTB/ITGB1/RGCC/DDX3X/WAC/RDX/CCND1/EGFR",10,"2"
"GO:0072332","intrinsic apoptotic signaling pathway by p53 class mediator","3/253","71/10170",0.0422535211267606,1.69849134331682,0.943322610125697,0.259313529552618,0.49864893388063,0.391490937350872,"PHLDA3/HINT1/NUPR1",3,"2"
"GO:1903321","negative regulation of protein modification by small protein conjugation or removal","3/253","71/10170",0.0422535211267606,1.69849134331682,0.943322610125697,0.259313529552618,0.49864893388063,0.391490937350872,"CHP1/CTNNB1/NXN",3,"2"
"GO:0042770","signal transduction in response to DNA damage","5/253","138/10170",0.036231884057971,1.4564358137137,0.862253016943322,0.259852779242487,0.49864893388063,0.391490937350872,"NDRG1/SPRED1/WAC/CCND1/ANKRD1",5,"2"
"GO:0051236","establishment of RNA localization","5/253","138/10170",0.036231884057971,1.4564358137137,0.862253016943322,0.259852779242487,0.49864893388063,0.391490937350872,"AGFG1/YBX1/QKI/XPOT/PEG10",5,"2"
"GO:0003128","heart field specification","1/253","12/10170",0.0833333333333333,3.3498023715415,1.30084958935543,0.261006930100626,0.49864893388063,0.391490937350872,"BMP2",1,"2"
"GO:0003209","cardiac atrium morphogenesis","1/253","12/10170",0.0833333333333333,3.3498023715415,1.30084958935543,0.261006930100626,0.49864893388063,0.391490937350872,"BMP2",1,"2"
"GO:0003272","endocardial cushion formation","1/253","12/10170",0.0833333333333333,3.3498023715415,1.30084958935543,0.261006930100626,0.49864893388063,0.391490937350872,"BMP2",1,"2"
"GO:0006700","C21-steroid hormone biosynthetic process","1/253","12/10170",0.0833333333333333,3.3498023715415,1.30084958935543,0.261006930100626,0.49864893388063,0.391490937350872,"BMP2",1,"2"
"GO:0006706","steroid catabolic process","1/253","12/10170",0.0833333333333333,3.3498023715415,1.30084958935543,0.261006930100626,0.49864893388063,0.391490937350872,"YWHAH",1,"2"
"GO:0007008","outer mitochondrial membrane organization","1/253","12/10170",0.0833333333333333,3.3498023715415,1.30084958935543,0.261006930100626,0.49864893388063,0.391490937350872,"TOMM7",1,"2"
"GO:0007028","cytoplasm organization","1/253","12/10170",0.0833333333333333,3.3498023715415,1.30084958935543,0.261006930100626,0.49864893388063,0.391490937350872,"KIF5B",1,"2"
"GO:0007063","regulation of sister chromatid cohesion","1/253","12/10170",0.0833333333333333,3.3498023715415,1.30084958935543,0.261006930100626,0.49864893388063,0.391490937350872,"CTNNB1",1,"2"
"GO:0008045","motor neuron axon guidance","1/253","12/10170",0.0833333333333333,3.3498023715415,1.30084958935543,0.261006930100626,0.49864893388063,0.391490937350872,"ALCAM",1,"2"
"GO:0009304","tRNA transcription","1/253","12/10170",0.0833333333333333,3.3498023715415,1.30084958935543,0.261006930100626,0.49864893388063,0.391490937350872,"POLR2L",1,"2"
"GO:0009435","NAD biosynthetic process","1/253","12/10170",0.0833333333333333,3.3498023715415,1.30084958935543,0.261006930100626,0.49864893388063,0.391490937350872,"NAMPT",1,"2"
"GO:0010623","programmed cell death involved in cell development","1/253","12/10170",0.0833333333333333,3.3498023715415,1.30084958935543,0.261006930100626,0.49864893388063,0.391490937350872,"YBX3",1,"2"
"GO:0023035","CD40 signaling pathway","1/253","12/10170",0.0833333333333333,3.3498023715415,1.30084958935543,0.261006930100626,0.49864893388063,0.391490937350872,"ITGB1",1,"2"
"GO:0031643","positive regulation of myelination","1/253","12/10170",0.0833333333333333,3.3498023715415,1.30084958935543,0.261006930100626,0.49864893388063,0.391490937350872,"QKI",1,"2"
"GO:0032331","negative regulation of chondrocyte differentiation","1/253","12/10170",0.0833333333333333,3.3498023715415,1.30084958935543,0.261006930100626,0.49864893388063,0.391490937350872,"CTNNB1",1,"2"
"GO:0032486","Rap protein signal transduction","1/253","12/10170",0.0833333333333333,3.3498023715415,1.30084958935543,0.261006930100626,0.49864893388063,0.391490937350872,"RDX",1,"2"
"GO:0032926","negative regulation of activin receptor signaling pathway","1/253","12/10170",0.0833333333333333,3.3498023715415,1.30084958935543,0.261006930100626,0.49864893388063,0.391490937350872,"FSTL3",1,"2"
"GO:0033631","cell-cell adhesion mediated by integrin","1/253","12/10170",0.0833333333333333,3.3498023715415,1.30084958935543,0.261006930100626,0.49864893388063,0.391490937350872,"ITGB1",1,"2"
"GO:0035358","regulation of peroxisome proliferator activated receptor signaling pathway","1/253","12/10170",0.0833333333333333,3.3498023715415,1.30084958935543,0.261006930100626,0.49864893388063,0.391490937350872,"BMP2",1,"2"
"GO:0035739","CD4-positive, alpha-beta T cell proliferation","1/253","12/10170",0.0833333333333333,3.3498023715415,1.30084958935543,0.261006930100626,0.49864893388063,0.391490937350872,"CD81",1,"2"
"GO:0036303","lymph vessel morphogenesis","1/253","12/10170",0.0833333333333333,3.3498023715415,1.30084958935543,0.261006930100626,0.49864893388063,0.391490937350872,"VEGFA",1,"2"
"GO:0042159","lipoprotein catabolic process","1/253","12/10170",0.0833333333333333,3.3498023715415,1.30084958935543,0.261006930100626,0.49864893388063,0.391490937350872,"LDLR",1,"2"
"GO:0042308","negative regulation of protein import into nucleus","1/253","12/10170",0.0833333333333333,3.3498023715415,1.30084958935543,0.261006930100626,0.49864893388063,0.391490937350872,"CHP1",1,"2"
"GO:0042462","eye photoreceptor cell development","1/253","12/10170",0.0833333333333333,3.3498023715415,1.30084958935543,0.261006930100626,0.49864893388063,0.391490937350872,"VEGFA",1,"2"
"GO:0042921","nuclear receptor-mediated glucocorticoid signaling pathway","1/253","12/10170",0.0833333333333333,3.3498023715415,1.30084958935543,0.261006930100626,0.49864893388063,0.391490937350872,"YWHAH",1,"2"
"GO:0043248","proteasome assembly","1/253","12/10170",0.0833333333333333,3.3498023715415,1.30084958935543,0.261006930100626,0.49864893388063,0.391490937350872,"POMP",1,"2"
"GO:0043267","negative regulation of potassium ion transport","1/253","12/10170",0.0833333333333333,3.3498023715415,1.30084958935543,0.261006930100626,0.49864893388063,0.391490937350872,"ATF4",1,"2"
"GO:0045040","protein insertion into mitochondrial outer membrane","1/253","12/10170",0.0833333333333333,3.3498023715415,1.30084958935543,0.261006930100626,0.49864893388063,0.391490937350872,"TOMM7",1,"2"
"GO:0045061","thymic T cell selection","1/253","12/10170",0.0833333333333333,3.3498023715415,1.30084958935543,0.261006930100626,0.49864893388063,0.391490937350872,"NFATC3",1,"2"
"GO:0045542","positive regulation of cholesterol biosynthetic process","1/253","12/10170",0.0833333333333333,3.3498023715415,1.30084958935543,0.261006930100626,0.49864893388063,0.391490937350872,"QKI",1,"2"
"GO:0045623","negative regulation of T-helper cell differentiation","1/253","12/10170",0.0833333333333333,3.3498023715415,1.30084958935543,0.261006930100626,0.49864893388063,0.391490937350872,"LGALS1",1,"2"
"GO:0045672","positive regulation of osteoclast differentiation","1/253","12/10170",0.0833333333333333,3.3498023715415,1.30084958935543,0.261006930100626,0.49864893388063,0.391490937350872,"NEDD9",1,"2"
"GO:0045723","positive regulation of fatty acid biosynthetic process","1/253","12/10170",0.0833333333333333,3.3498023715415,1.30084958935543,0.261006930100626,0.49864893388063,0.391490937350872,"PTGS2",1,"2"
"GO:0048339","paraxial mesoderm development","1/253","12/10170",0.0833333333333333,3.3498023715415,1.30084958935543,0.261006930100626,0.49864893388063,0.391490937350872,"YAP1",1,"2"
"GO:0048368","lateral mesoderm development","1/253","12/10170",0.0833333333333333,3.3498023715415,1.30084958935543,0.261006930100626,0.49864893388063,0.391490937350872,"YAP1",1,"2"
"GO:0048841","regulation of axon extension involved in axon guidance","1/253","12/10170",0.0833333333333333,3.3498023715415,1.30084958935543,0.261006930100626,0.49864893388063,0.391490937350872,"VEGFA",1,"2"
"GO:0050746","regulation of lipoprotein metabolic process","1/253","12/10170",0.0833333333333333,3.3498023715415,1.30084958935543,0.261006930100626,0.49864893388063,0.391490937350872,"ITGAV",1,"2"
"GO:0050909","sensory perception of taste","1/253","12/10170",0.0833333333333333,3.3498023715415,1.30084958935543,0.261006930100626,0.49864893388063,0.391490937350872,"GNB1",1,"2"
"GO:0051127","positive regulation of actin nucleation","1/253","12/10170",0.0833333333333333,3.3498023715415,1.30084958935543,0.261006930100626,0.49864893388063,0.391490937350872,"NCKAP1",1,"2"
"GO:0051151","negative regulation of smooth muscle cell differentiation","1/253","12/10170",0.0833333333333333,3.3498023715415,1.30084958935543,0.261006930100626,0.49864893388063,0.391490937350872,"NFATC3",1,"2"
"GO:0051546","keratinocyte migration","1/253","12/10170",0.0833333333333333,3.3498023715415,1.30084958935543,0.261006930100626,0.49864893388063,0.391490937350872,"ARF6",1,"2"
"GO:0060314","regulation of ryanodine-sensitive calcium-release channel activity","1/253","12/10170",0.0833333333333333,3.3498023715415,1.30084958935543,0.261006930100626,0.49864893388063,0.391490937350872,"CALM2",1,"2"
"GO:0060343","trabecula formation","1/253","12/10170",0.0833333333333333,3.3498023715415,1.30084958935543,0.261006930100626,0.49864893388063,0.391490937350872,"VEGFA",1,"2"
"GO:0060644","mammary gland epithelial cell differentiation","1/253","12/10170",0.0833333333333333,3.3498023715415,1.30084958935543,0.261006930100626,0.49864893388063,0.391490937350872,"CEBPB",1,"2"
"GO:0070885","negative regulation of calcineurin-NFAT signaling cascade","1/253","12/10170",0.0833333333333333,3.3498023715415,1.30084958935543,0.261006930100626,0.49864893388063,0.391490937350872,"CHP1",1,"2"
"GO:0072012","glomerulus vasculature development","1/253","12/10170",0.0833333333333333,3.3498023715415,1.30084958935543,0.261006930100626,0.49864893388063,0.391490937350872,"CFLAR",1,"2"
"GO:0072273","metanephric nephron morphogenesis","1/253","12/10170",0.0833333333333333,3.3498023715415,1.30084958935543,0.261006930100626,0.49864893388063,0.391490937350872,"CTNNB1",1,"2"
"GO:0086011","membrane repolarization during action potential","1/253","12/10170",0.0833333333333333,3.3498023715415,1.30084958935543,0.261006930100626,0.49864893388063,0.391490937350872,"FLNA",1,"2"
"GO:0090158","endoplasmic reticulum membrane organization","1/253","12/10170",0.0833333333333333,3.3498023715415,1.30084958935543,0.261006930100626,0.49864893388063,0.391490937350872,"RTN4",1,"2"
"GO:0090435","protein localization to nuclear envelope","1/253","12/10170",0.0833333333333333,3.3498023715415,1.30084958935543,0.261006930100626,0.49864893388063,0.391490937350872,"LMNA",1,"2"
"GO:0099171","presynaptic modulation of chemical synaptic transmission","1/253","12/10170",0.0833333333333333,3.3498023715415,1.30084958935543,0.261006930100626,0.49864893388063,0.391490937350872,"YWHAH",1,"2"
"GO:0106057","negative regulation of calcineurin-mediated signaling","1/253","12/10170",0.0833333333333333,3.3498023715415,1.30084958935543,0.261006930100626,0.49864893388063,0.391490937350872,"CHP1",1,"2"
"GO:0106120","positive regulation of sterol biosynthetic process","1/253","12/10170",0.0833333333333333,3.3498023715415,1.30084958935543,0.261006930100626,0.49864893388063,0.391490937350872,"QKI",1,"2"
"GO:0110075","regulation of ferroptosis","1/253","12/10170",0.0833333333333333,3.3498023715415,1.30084958935543,0.261006930100626,0.49864893388063,0.391490937350872,"FTH1",1,"2"
"GO:0140627","ubiquitin-dependent protein catabolic process via the C-end degron rule pathway","1/253","12/10170",0.0833333333333333,3.3498023715415,1.30084958935543,0.261006930100626,0.49864893388063,0.391490937350872,"RBX1",1,"2"
"GO:1900153","positive regulation of nuclear-transcribed mRNA catabolic process, deadenylation-dependent decay","1/253","12/10170",0.0833333333333333,3.3498023715415,1.30084958935543,0.261006930100626,0.49864893388063,0.391490937350872,"PABPC1",1,"2"
"GO:1900221","regulation of amyloid-beta clearance","1/253","12/10170",0.0833333333333333,3.3498023715415,1.30084958935543,0.261006930100626,0.49864893388063,0.391490937350872,"ABCA7",1,"2"
"GO:1902412","regulation of mitotic cytokinesis","1/253","12/10170",0.0833333333333333,3.3498023715415,1.30084958935543,0.261006930100626,0.49864893388063,0.391490937350872,"ARF6",1,"2"
"GO:1902644","tertiary alcohol metabolic process","1/253","12/10170",0.0833333333333333,3.3498023715415,1.30084958935543,0.261006930100626,0.49864893388063,0.391490937350872,"BMP2",1,"2"
"GO:1902902","negative regulation of autophagosome assembly","1/253","12/10170",0.0833333333333333,3.3498023715415,1.30084958935543,0.261006930100626,0.49864893388063,0.391490937350872,"NUPR1",1,"2"
"GO:1903898","negative regulation of PERK-mediated unfolded protein response","1/253","12/10170",0.0833333333333333,3.3498023715415,1.30084958935543,0.261006930100626,0.49864893388063,0.391490937350872,"ABCA7",1,"2"
"GO:1990253","cellular response to leucine starvation","1/253","12/10170",0.0833333333333333,3.3498023715415,1.30084958935543,0.261006930100626,0.49864893388063,0.391490937350872,"ATF4",1,"2"
"GO:1990403","embryonic brain development","1/253","12/10170",0.0833333333333333,3.3498023715415,1.30084958935543,0.261006930100626,0.49864893388063,0.391490937350872,"CTNNB1",1,"2"
"GO:2000561","regulation of CD4-positive, alpha-beta T cell proliferation","1/253","12/10170",0.0833333333333333,3.3498023715415,1.30084958935543,0.261006930100626,0.49864893388063,0.391490937350872,"CD81",1,"2"
"GO:2000622","regulation of nuclear-transcribed mRNA catabolic process, nonsense-mediated decay","1/253","12/10170",0.0833333333333333,3.3498023715415,1.30084958935543,0.261006930100626,0.49864893388063,0.391490937350872,"PABPC1",1,"2"
"GO:2000738","positive regulation of stem cell differentiation","1/253","12/10170",0.0833333333333333,3.3498023715415,1.30084958935543,0.261006930100626,0.49864893388063,0.391490937350872,"TACSTD2",1,"2"
"GO:2001224","positive regulation of neuron migration","1/253","12/10170",0.0833333333333333,3.3498023715415,1.30084958935543,0.261006930100626,0.49864893388063,0.391490937350872,"FLNA",1,"2"
"GO:0043603","amide metabolic process","10/253","316/10170",0.0316455696202532,1.27207684995247,0.784762208580762,0.262258871066818,0.499268459811755,0.391977329221004,"LDLR/CTSZ/ATF4/ROCK2/RTN4/HMGCS1/MVD/ABCA7/SGMS2/ASNS",10,"2"
"GO:0003073","regulation of systemic arterial blood pressure","2/253","40/10170",0.05,2.0098814229249,1.02212705500288,0.262367648513176,0.499268459811755,0.391977329221004,"CTSZ/DDAH1",2,"2"
"GO:0030219","megakaryocyte differentiation","2/253","40/10170",0.05,2.0098814229249,1.02212705500288,0.262367648513176,0.499268459811755,0.391977329221004,"BLVRB/FLNA",2,"2"
"GO:0032371","regulation of sterol transport","2/253","40/10170",0.05,2.0098814229249,1.02212705500288,0.262367648513176,0.499268459811755,0.391977329221004,"ABCA7/APOC1",2,"2"
"GO:0032374","regulation of cholesterol transport","2/253","40/10170",0.05,2.0098814229249,1.02212705500288,0.262367648513176,0.499268459811755,0.391977329221004,"ABCA7/APOC1",2,"2"
"GO:0043462","regulation of ATP-dependent activity","2/253","40/10170",0.05,2.0098814229249,1.02212705500288,0.262367648513176,0.499268459811755,0.391977329221004,"ATP1B3/TNNC1",2,"2"
"GO:0047496","vesicle transport along microtubule","2/253","40/10170",0.05,2.0098814229249,1.02212705500288,0.262367648513176,0.499268459811755,0.391977329221004,"KIF5B/MAP2",2,"2"
"GO:0016485","protein processing","5/253","139/10170",0.0359712230215827,1.44595785821935,0.84554813036632,0.264588478716628,0.502926916703759,0.394849595901216,"CTSZ/ENO1/DHCR24/MYH9/CAPN2",5,"2"
"GO:0051170","import into nucleus","5/253","139/10170",0.0359712230215827,1.44595785821935,0.84554813036632,0.264588478716628,0.502926916703759,0.394849595901216,"PTGS2/LMNA/CHP1/NFATC3/FLNA",5,"2"
"GO:0042129","regulation of T cell proliferation","4/253","105/10170",0.0380952380952381,1.5313382269904,0.874113947168986,0.265072344634414,0.503279248934259,0.395126213107842,"PRKAR1A/CTNNB1/CD81/CEBPB",4,"2"
"GO:0170033","L-amino acid metabolic process","4/253","105/10170",0.0380952380952381,1.5313382269904,0.874113947168986,0.265072344634414,0.503279248934259,0.395126213107842,"ATF4/SLC38A1/DDAH1/ASNS",4,"2"
"GO:0046651","lymphocyte proliferation","6/253","174/10170",0.0344827586206897,1.38612511925855,0.8205381605903,0.265652715167888,0.5040973300766,0.395768491335035,"PRKAR1A/CTNNB1/CD81/MSN/CEBPB/GJA1",6,"2"
"GO:0001909","leukocyte mediated cytotoxicity","3/253","72/10170",0.0416666666666667,1.67490118577075,0.917905524806549,0.266060136519436,0.504302855729926,0.395929850209391,"UNC13D/KIF5B/CEBPG",3,"2"
"GO:0050806","positive regulation of synaptic transmission","3/253","72/10170",0.0416666666666667,1.67490118577075,0.917905524806549,0.266060136519436,0.504302855729926,0.395929850209391,"PTGS2/KIF5B/EGFR",3,"2"
"GO:0072330","monocarboxylic acid biosynthetic process","5/253","140/10170",0.0357142857142857,1.4356295878035,0.828972546760148,0.269343943712781,0.508278777303291,0.399051359467371,"PTGS2/INSIG1/QKI/FADS3/APOC1",5,"2"
"GO:1903034","regulation of response to wounding","4/253","106/10170",0.0377358490566038,1.51689163994332,0.854429735915903,0.27059228472135,0.508278777303291,0.399051359467371,"ITGB1/ACTG1/FLNA/PHLDB2",4,"2"
"GO:0000184","nuclear-transcribed mRNA catabolic process, nonsense-mediated decay","2/253","41/10170",0.0487804878048781,1.96085992480478,0.984641079716554,0.271653569840037,0.508278777303291,0.399051359467371,"ETF1/PABPC1",2,"2"
"GO:0000271","polysaccharide biosynthetic process","2/253","41/10170",0.0487804878048781,1.96085992480478,0.984641079716554,0.271653569840037,0.508278777303291,0.399051359467371,"CLTC/UGP2",2,"2"
"GO:0002931","response to ischemia","2/253","41/10170",0.0487804878048781,1.96085992480478,0.984641079716554,0.271653569840037,0.508278777303291,0.399051359467371,"CPEB4/ROCK2",2,"2"
"GO:0010171","body morphogenesis","2/253","41/10170",0.0487804878048781,1.96085992480478,0.984641079716554,0.271653569840037,0.508278777303291,0.399051359467371,"RRAS/PHLDB2",2,"2"
"GO:0030837","negative regulation of actin filament polymerization","2/253","41/10170",0.0487804878048781,1.96085992480478,0.984641079716554,0.271653569840037,0.508278777303291,0.399051359467371,"CAPG/RDX",2,"2"
"GO:0035249","synaptic transmission, glutamatergic","2/253","41/10170",0.0487804878048781,1.96085992480478,0.984641079716554,0.271653569840037,0.508278777303291,0.399051359467371,"PTGS2/EGFR",2,"2"
"GO:0040014","regulation of multicellular organism growth","2/253","41/10170",0.0487804878048781,1.96085992480478,0.984641079716554,0.271653569840037,0.508278777303291,0.399051359467371,"EZR/GNAS",2,"2"
"GO:0042475","odontogenesis of dentin-containing tooth","2/253","41/10170",0.0487804878048781,1.96085992480478,0.984641079716554,0.271653569840037,0.508278777303291,0.399051359467371,"CTNNB1/BMP2",2,"2"
"GO:0061035","regulation of cartilage development","2/253","41/10170",0.0487804878048781,1.96085992480478,0.984641079716554,0.271653569840037,0.508278777303291,0.399051359467371,"CTNNB1/BMP2",2,"2"
"GO:0055123","digestive system development","3/253","73/10170",0.0410958904109589,1.65195733391088,0.892881150377767,0.272827703151391,0.508278777303291,0.399051359467371,"CTNNB1/EGFR/YAP1",3,"2"
"GO:0090092","regulation of transmembrane receptor protein serine/threonine kinase signaling pathway","6/253","176/10170",0.0340909090909091,1.3703736974488,0.791655122252587,0.274141530582771,0.508278777303291,0.399051359467371,"SPRED1/FSTL1/CAV2/PEG10/FSTL3/BMP2",6,"2"
"GO:0006913","nucleocytoplasmic transport","9/253","285/10170",0.0315789473684211,1.26939879342625,0.736781931880671,0.27939110045651,0.508278777303291,0.399051359467371,"PTGS2/LMNA/AGFG1/CHP1/NFATC3/IFI27/FLNA/SFN/XPOT",9,"2"
"GO:0051169","nuclear transport","9/253","285/10170",0.0315789473684211,1.26939879342625,0.736781931880671,0.27939110045651,0.508278777303291,0.399051359467371,"PTGS2/LMNA/AGFG1/CHP1/NFATC3/IFI27/FLNA/SFN/XPOT",9,"2"
"GO:0098771","inorganic ion homeostasis","9/253","285/10170",0.0315789473684211,1.26939879342625,0.736781931880671,0.27939110045651,0.508278777303291,0.399051359467371,"CALM2/DDIT3/ATF4/ATP1B3/FTL/TPT1/FTH1/FLNA/CAV2",9,"2"
"GO:0001990","regulation of systemic arterial blood pressure by hormone","1/253","13/10170",0.0769230769230769,3.09212526603831,1.20555176142558,0.279412644481857,0.508278777303291,0.399051359467371,"CTSZ",1,"2"
"GO:0002385","mucosal immune response","1/253","13/10170",0.0769230769230769,3.09212526603831,1.20555176142558,0.279412644481857,0.508278777303291,0.399051359467371,"FAU",1,"2"
"GO:0003323","type B pancreatic cell development","1/253","13/10170",0.0769230769230769,3.09212526603831,1.20555176142558,0.279412644481857,0.508278777303291,0.399051359467371,"RHEB",1,"2"
"GO:0006027","glycosaminoglycan catabolic process","1/253","13/10170",0.0769230769230769,3.09212526603831,1.20555176142558,0.279412644481857,0.508278777303291,0.399051359467371,"IDS",1,"2"
"GO:0006595","polyamine metabolic process","1/253","13/10170",0.0769230769230769,3.09212526603831,1.20555176142558,0.279412644481857,0.508278777303291,0.399051359467371,"OAZ1",1,"2"
"GO:0007289","spermatid nucleus differentiation","1/253","13/10170",0.0769230769230769,3.09212526603831,1.20555176142558,0.279412644481857,0.508278777303291,0.399051359467371,"AGFG1",1,"2"
"GO:0007398","ectoderm development","1/253","13/10170",0.0769230769230769,3.09212526603831,1.20555176142558,0.279412644481857,0.508278777303291,0.399051359467371,"CTNNB1",1,"2"
"GO:0007413","axonal fasciculation","1/253","13/10170",0.0769230769230769,3.09212526603831,1.20555176142558,0.279412644481857,0.508278777303291,0.399051359467371,"RTN4",1,"2"
"GO:0007602","phototransduction","1/253","13/10170",0.0769230769230769,3.09212526603831,1.20555176142558,0.279412644481857,0.508278777303291,0.399051359467371,"GNAQ",1,"2"
"GO:0010457","centriole-centriole cohesion","1/253","13/10170",0.0769230769230769,3.09212526603831,1.20555176142558,0.279412644481857,0.508278777303291,0.399051359467371,"CTNNB1",1,"2"
"GO:0010633","negative regulation of epithelial cell migration","1/253","13/10170",0.0769230769230769,3.09212526603831,1.20555176142558,0.279412644481857,0.508278777303291,0.399051359467371,"TACSTD2",1,"2"
"GO:0010955","negative regulation of protein processing","1/253","13/10170",0.0769230769230769,3.09212526603831,1.20555176142558,0.279412644481857,0.508278777303291,0.399051359467371,"CTSZ",1,"2"
"GO:0014047","glutamate secretion","1/253","13/10170",0.0769230769230769,3.09212526603831,1.20555176142558,0.279412644481857,0.508278777303291,0.399051359467371,"GJA1",1,"2"
"GO:0021983","pituitary gland development","1/253","13/10170",0.0769230769230769,3.09212526603831,1.20555176142558,0.279412644481857,0.508278777303291,0.399051359467371,"BMP2",1,"2"
"GO:0030033","microvillus assembly","1/253","13/10170",0.0769230769230769,3.09212526603831,1.20555176142558,0.279412644481857,0.508278777303291,0.399051359467371,"EZR",1,"2"
"GO:0030812","negative regulation of nucleotide catabolic process","1/253","13/10170",0.0769230769230769,3.09212526603831,1.20555176142558,0.279412644481857,0.508278777303291,0.399051359467371,"NUPR1",1,"2"
"GO:0031958","nuclear receptor-mediated corticosteroid signaling pathway","1/253","13/10170",0.0769230769230769,3.09212526603831,1.20555176142558,0.279412644481857,0.508278777303291,0.399051359467371,"YWHAH",1,"2"
"GO:0032261","purine nucleotide salvage","1/253","13/10170",0.0769230769230769,3.09212526603831,1.20555176142558,0.279412644481857,0.508278777303291,0.399051359467371,"NAMPT",1,"2"
"GO:0033122","negative regulation of purine nucleotide catabolic process","1/253","13/10170",0.0769230769230769,3.09212526603831,1.20555176142558,0.279412644481857,0.508278777303291,0.399051359467371,"NUPR1",1,"2"
"GO:0034367","protein-containing complex remodeling","1/253","13/10170",0.0769230769230769,3.09212526603831,1.20555176142558,0.279412644481857,0.508278777303291,0.399051359467371,"APOC1",1,"2"
"GO:0035855","megakaryocyte development","1/253","13/10170",0.0769230769230769,3.09212526603831,1.20555176142558,0.279412644481857,0.508278777303291,0.399051359467371,"FLNA",1,"2"
"GO:0035970","peptidyl-threonine dephosphorylation","1/253","13/10170",0.0769230769230769,3.09212526603831,1.20555176142558,0.279412644481857,0.508278777303291,0.399051359467371,"PPP2CB",1,"2"
"GO:0042759","long-chain fatty acid biosynthetic process","1/253","13/10170",0.0769230769230769,3.09212526603831,1.20555176142558,0.279412644481857,0.508278777303291,0.399051359467371,"QKI",1,"2"
"GO:0042762","regulation of sulfur metabolic process","1/253","13/10170",0.0769230769230769,3.09212526603831,1.20555176142558,0.279412644481857,0.508278777303291,0.399051359467371,"CTNNB1",1,"2"
"GO:0042983","amyloid precursor protein biosynthetic process","1/253","13/10170",0.0769230769230769,3.09212526603831,1.20555176142558,0.279412644481857,0.508278777303291,0.399051359467371,"ABCA7",1,"2"
"GO:0042984","regulation of amyloid precursor protein biosynthetic process","1/253","13/10170",0.0769230769230769,3.09212526603831,1.20555176142558,0.279412644481857,0.508278777303291,0.399051359467371,"ABCA7",1,"2"
"GO:0045198","establishment of epithelial cell apical/basal polarity","1/253","13/10170",0.0769230769230769,3.09212526603831,1.20555176142558,0.279412644481857,0.508278777303291,0.399051359467371,"MSN",1,"2"
"GO:0045820","negative regulation of glycolytic process","1/253","13/10170",0.0769230769230769,3.09212526603831,1.20555176142558,0.279412644481857,0.508278777303291,0.399051359467371,"NUPR1",1,"2"
"GO:0046349","amino sugar biosynthetic process","1/253","13/10170",0.0769230769230769,3.09212526603831,1.20555176142558,0.279412644481857,0.508278777303291,0.399051359467371,"GFPT1",1,"2"
"GO:0046598","positive regulation of viral entry into host cell","1/253","13/10170",0.0769230769230769,3.09212526603831,1.20555176142558,0.279412644481857,0.508278777303291,0.399051359467371,"LGALS1",1,"2"
"GO:0046641","positive regulation of alpha-beta T cell proliferation","1/253","13/10170",0.0769230769230769,3.09212526603831,1.20555176142558,0.279412644481857,0.508278777303291,0.399051359467371,"CD81",1,"2"
"GO:0048265","response to pain","1/253","13/10170",0.0769230769230769,3.09212526603831,1.20555176142558,0.279412644481857,0.508278777303291,0.399051359467371,"CAPN2",1,"2"
"GO:0048799","animal organ maturation","1/253","13/10170",0.0769230769230769,3.09212526603831,1.20555176142558,0.279412644481857,0.508278777303291,0.399051359467371,"BMP2",1,"2"
"GO:0050655","dermatan sulfate proteoglycan metabolic process","1/253","13/10170",0.0769230769230769,3.09212526603831,1.20555176142558,0.279412644481857,0.508278777303291,0.399051359467371,"IDS",1,"2"
"GO:0051895","negative regulation of focal adhesion assembly","1/253","13/10170",0.0769230769230769,3.09212526603831,1.20555176142558,0.279412644481857,0.508278777303291,0.399051359467371,"PHLDB2",1,"2"
"GO:0060008","Sertoli cell differentiation","1/253","13/10170",0.0769230769230769,3.09212526603831,1.20555176142558,0.279412644481857,0.508278777303291,0.399051359467371,"FLNA",1,"2"
"GO:0060211","regulation of nuclear-transcribed mRNA poly(A) tail shortening","1/253","13/10170",0.0769230769230769,3.09212526603831,1.20555176142558,0.279412644481857,0.508278777303291,0.399051359467371,"PABPC1",1,"2"
"GO:0060213","positive regulation of nuclear-transcribed mRNA poly(A) tail shortening","1/253","13/10170",0.0769230769230769,3.09212526603831,1.20555176142558,0.279412644481857,0.508278777303291,0.399051359467371,"PABPC1",1,"2"
"GO:0060602","branch elongation of an epithelium","1/253","13/10170",0.0769230769230769,3.09212526603831,1.20555176142558,0.279412644481857,0.508278777303291,0.399051359467371,"YAP1",1,"2"
"GO:0060856","establishment of blood-brain barrier","1/253","13/10170",0.0769230769230769,3.09212526603831,1.20555176142558,0.279412644481857,0.508278777303291,0.399051359467371,"CTNNB1",1,"2"
"GO:0061437","renal system vasculature development","1/253","13/10170",0.0769230769230769,3.09212526603831,1.20555176142558,0.279412644481857,0.508278777303291,0.399051359467371,"CFLAR",1,"2"
"GO:0061440","kidney vasculature development","1/253","13/10170",0.0769230769230769,3.09212526603831,1.20555176142558,0.279412644481857,0.508278777303291,0.399051359467371,"CFLAR",1,"2"
"GO:0070977","bone maturation","1/253","13/10170",0.0769230769230769,3.09212526603831,1.20555176142558,0.279412644481857,0.508278777303291,0.399051359467371,"BMP2",1,"2"
"GO:0071800","podosome assembly","1/253","13/10170",0.0769230769230769,3.09212526603831,1.20555176142558,0.279412644481857,0.508278777303291,0.399051359467371,"MSN",1,"2"
"GO:0075294","positive regulation by symbiont of entry into host","1/253","13/10170",0.0769230769230769,3.09212526603831,1.20555176142558,0.279412644481857,0.508278777303291,0.399051359467371,"LGALS1",1,"2"
"GO:0090136","epithelial cell-cell adhesion","1/253","13/10170",0.0769230769230769,3.09212526603831,1.20555176142558,0.279412644481857,0.508278777303291,0.399051359467371,"VCL",1,"2"
"GO:0097707","ferroptosis","1/253","13/10170",0.0769230769230769,3.09212526603831,1.20555176142558,0.279412644481857,0.508278777303291,0.399051359467371,"FTH1",1,"2"
"GO:0099625","ventricular cardiac muscle cell membrane repolarization","1/253","13/10170",0.0769230769230769,3.09212526603831,1.20555176142558,0.279412644481857,0.508278777303291,0.399051359467371,"GJA1",1,"2"
"GO:0106030","neuron projection fasciculation","1/253","13/10170",0.0769230769230769,3.09212526603831,1.20555176142558,0.279412644481857,0.508278777303291,0.399051359467371,"RTN4",1,"2"
"GO:0140131","positive regulation of lymphocyte chemotaxis","1/253","13/10170",0.0769230769230769,3.09212526603831,1.20555176142558,0.279412644481857,0.508278777303291,0.399051359467371,"NEDD9",1,"2"
"GO:0141161","regulation of cAMP/PKA signal transduction","1/253","13/10170",0.0769230769230769,3.09212526603831,1.20555176142558,0.279412644481857,0.508278777303291,0.399051359467371,"PRKAR1A",1,"2"
"GO:0150118","negative regulation of cell-substrate junction organization","1/253","13/10170",0.0769230769230769,3.09212526603831,1.20555176142558,0.279412644481857,0.508278777303291,0.399051359467371,"PHLDB2",1,"2"
"GO:1901985","positive regulation of protein acetylation","1/253","13/10170",0.0769230769230769,3.09212526603831,1.20555176142558,0.279412644481857,0.508278777303291,0.399051359467371,"DDX3X",1,"2"
"GO:1902916","positive regulation of protein polyubiquitination","1/253","13/10170",0.0769230769230769,3.09212526603831,1.20555176142558,0.279412644481857,0.508278777303291,0.399051359467371,"DDX3X",1,"2"
"GO:1904353","regulation of telomere capping","1/253","13/10170",0.0769230769230769,3.09212526603831,1.20555176142558,0.279412644481857,0.508278777303291,0.399051359467371,"HNRNPD",1,"2"
"GO:2000725","regulation of cardiac muscle cell differentiation","1/253","13/10170",0.0769230769230769,3.09212526603831,1.20555176142558,0.279412644481857,0.508278777303291,0.399051359467371,"BMP2",1,"2"
"GO:0005976","polysaccharide metabolic process","3/253","74/10170",0.0405405405405405,1.62963358615533,0.86823702684582,0.279613621559195,0.508278777303291,0.399051359467371,"CLTC/PPP1CB/UGP2",3,"2"
"GO:0030301","cholesterol transport","3/253","74/10170",0.0405405405405405,1.62963358615533,0.86823702684582,0.279613621559195,0.508278777303291,0.399051359467371,"LDLR/ABCA7/APOC1",3,"2"
"GO:0042157","lipoprotein metabolic process","3/253","74/10170",0.0405405405405405,1.62963358615533,0.86823702684582,0.279613621559195,0.508278777303291,0.399051359467371,"ITGAV/LDLR/APOC1",3,"2"
"GO:1901874","negative regulation of post-translational protein modification","3/253","74/10170",0.0405405405405405,1.62963358615533,0.86823702684582,0.279613621559195,0.508278777303291,0.399051359467371,"CHP1/CTNNB1/NXN",3,"2"
"GO:0002183","cytoplasmic translational initiation","2/253","42/10170",0.0476190476190476,1.914172783738,0.948200792719134,0.280935778265191,0.508762322400765,0.399430992332498,"EIF4A1/EIF2S2",2,"2"
"GO:0010324","membrane invagination","2/253","42/10170",0.0476190476190476,1.914172783738,0.948200792719134,0.280935778265191,0.508762322400765,0.399430992332498,"MYH9/ABCA7",2,"2"
"GO:0042771","intrinsic apoptotic signaling pathway in response to DNA damage by p53 class mediator","2/253","42/10170",0.0476190476190476,1.914172783738,0.948200792719134,0.280935778265191,0.508762322400765,0.399430992332498,"PHLDA3/NUPR1",2,"2"
"GO:0045682","regulation of epidermis development","2/253","42/10170",0.0476190476190476,1.914172783738,0.948200792719134,0.280935778265191,0.508762322400765,0.399430992332498,"ROCK2/SFN",2,"2"
"GO:0051898","negative regulation of phosphatidylinositol 3-kinase/protein kinase B signal transduction","2/253","42/10170",0.0476190476190476,1.914172783738,0.948200792719134,0.280935778265191,0.508762322400765,0.399430992332498,"PHLDA3/DDIT3",2,"2"
"GO:2000134","negative regulation of G1/S transition of mitotic cell cycle","2/253","42/10170",0.0476190476190476,1.914172783738,0.948200792719134,0.280935778265191,0.508762322400765,0.399430992332498,"WAC/CCND1",2,"2"
"GO:2000401","regulation of lymphocyte migration","2/253","42/10170",0.0476190476190476,1.914172783738,0.948200792719134,0.280935778265191,0.508762322400765,0.399430992332498,"MSN/NEDD9",2,"2"
"GO:0007411","axon guidance","4/253","108/10170",0.037037037037037,1.48880105401845,0.815663601496706,0.28169138580788,0.509583343854168,0.40007557900769,"ALCAM/NEXN/KIF5B/VEGFA",4,"2"
"GO:0017015","regulation of transforming growth factor beta receptor signaling pathway","4/253","108/10170",0.037037037037037,1.48880105401845,0.815663601496706,0.28169138580788,0.509583343854168,0.40007557900769,"SPRED1/CAV2/PEG10/BMP2",4,"2"
"GO:0006638","neutral lipid metabolic process","3/253","75/10170",0.04,1.60790513833992,0.843961260268843,0.28641533524063,0.517019545198824,0.405913765428933,"LDLR/INSIG1/APOC1",3,"2"
"GO:0006639","acylglycerol metabolic process","3/253","75/10170",0.04,1.60790513833992,0.843961260268843,0.28641533524063,0.517019545198824,0.405913765428933,"LDLR/INSIG1/APOC1",3,"2"
"GO:0051384","response to glucocorticoid","3/253","75/10170",0.04,1.60790513833992,0.843961260268843,0.28641533524063,0.517019545198824,0.405913765428933,"PTGS2/CFLAR/EGFR",3,"2"
"GO:0072665","protein localization to vacuole","3/253","75/10170",0.04,1.60790513833992,0.843961260268843,0.28641533524063,0.517019545198824,0.405913765428933,"ROCK2/CD81/RTN4",3,"2"
"GO:0006959","humoral immune response","4/253","109/10170",0.036697247706422,1.47514232875222,0.796573077380264,0.287267653856922,0.518003491339861,0.406686264818552,"CD81/FAU/RGCC/PGC",4,"2"
"GO:0097485","neuron projection guidance","4/253","109/10170",0.036697247706422,1.47514232875222,0.796573077380264,0.287267653856922,0.518003491339861,0.406686264818552,"ALCAM/NEXN/KIF5B/VEGFA",4,"2"
"GO:0009225","nucleotide-sugar metabolic process","2/253","43/10170",0.0465116279069767,1.86965713760456,0.912748475322368,0.290208732378975,0.518997757258541,0.407466866299941,"GFPT1/UGP2",2,"2"
"GO:0009953","dorsal/ventral pattern formation","2/253","43/10170",0.0465116279069767,1.86965713760456,0.912748475322368,0.290208732378975,0.518997757258541,0.407466866299941,"DDIT3/CTNNB1",2,"2"
"GO:0031016","pancreas development","2/253","43/10170",0.0465116279069767,1.86965713760456,0.912748475322368,0.290208732378975,0.518997757258541,0.407466866299941,"CTNNB1/RHEB",2,"2"
"GO:0032387","negative regulation of intracellular transport","2/253","43/10170",0.0465116279069767,1.86965713760456,0.912748475322368,0.290208732378975,0.518997757258541,0.407466866299941,"CHP1/INSIG1",2,"2"
"GO:0035601","protein deacylation","2/253","43/10170",0.0465116279069767,1.86965713760456,0.912748475322368,0.290208732378975,0.518997757258541,0.407466866299941,"SPRED1/FLNA",2,"2"
"GO:0042130","negative regulation of T cell proliferation","2/253","43/10170",0.0465116279069767,1.86965713760456,0.912748475322368,0.290208732378975,0.518997757258541,0.407466866299941,"PRKAR1A/CEBPB",2,"2"
"GO:0071384","cellular response to corticosteroid stimulus","2/253","43/10170",0.0465116279069767,1.86965713760456,0.912748475322368,0.290208732378975,0.518997757258541,0.407466866299941,"CFLAR/EGFR",2,"2"
"GO:1901224","positive regulation of non-canonical NF-kappaB signal transduction","2/253","43/10170",0.0465116279069767,1.86965713760456,0.912748475322368,0.290208732378975,0.518997757258541,0.407466866299941,"ACTN4/DDX3X",2,"2"
"GO:1903146","regulation of autophagy of mitochondrion","2/253","43/10170",0.0465116279069767,1.86965713760456,0.912748475322368,0.290208732378975,0.518997757258541,0.407466866299941,"TOMM7/CTTN",2,"2"
"GO:1903747","regulation of establishment of protein localization to mitochondrion","2/253","43/10170",0.0465116279069767,1.86965713760456,0.912748475322368,0.290208732378975,0.518997757258541,0.407466866299941,"TOMM7/UBL5",2,"2"
"GO:0032943","mononuclear cell proliferation","6/253","180/10170",0.0333333333333333,1.3399209486166,0.734921014959514,0.291307952321453,0.518997757258541,0.407466866299941,"PRKAR1A/CTNNB1/CD81/MSN/CEBPB/GJA1",6,"2"
"GO:0050821","protein stabilization","6/253","180/10170",0.0333333333333333,1.3399209486166,0.734921014959514,0.291307952321453,0.518997757258541,0.407466866299941,"GNAQ/CHP1/RAB21/ATP1B3/RTN4/FLNA",6,"2"
"GO:0007612","learning","3/253","76/10170",0.0394736842105263,1.58674849178282,0.820042489703574,0.293230339738353,0.518997757258541,0.407466866299941,"PTGS2/ITGB1/ABCA7",3,"2"
"GO:0002440","production of molecular mediator of immune response","5/253","145/10170",0.0344827586206897,1.38612511925855,0.747961241075402,0.293384958650524,0.518997757258541,0.407466866299941,"DDX21/CD81/MAPKAPK2/RTN4/PGC",5,"2"
"GO:0050865","regulation of cell activation","11/253","363/10170",0.0303030303030303,1.21810995328782,0.675880532002813,0.293948286635476,0.518997757258541,0.407466866299941,"LGALS1/PRKAR1A/LDLR/GNAQ/ACTB/CTNNB1/CD81/NEDD9/DUSP3/FLNA/CEBPB",11,"2"
"GO:0003309","type B pancreatic cell differentiation","1/253","14/10170",0.0714285714285714,2.871259175607,1.11904059686522,0.297361704336744,0.518997757258541,0.407466866299941,"RHEB",1,"2"
"GO:0006047","UDP-N-acetylglucosamine metabolic process","1/253","14/10170",0.0714285714285714,2.871259175607,1.11904059686522,0.297361704336744,0.518997757258541,0.407466866299941,"GFPT1",1,"2"
"GO:0006541","glutamine metabolic process","1/253","14/10170",0.0714285714285714,2.871259175607,1.11904059686522,0.297361704336744,0.518997757258541,0.407466866299941,"SLC38A1",1,"2"
"GO:0006620","post-translational protein targeting to endoplasmic reticulum membrane","1/253","14/10170",0.0714285714285714,2.871259175607,1.11904059686522,0.297361704336744,0.518997757258541,0.407466866299941,"SEC61G",1,"2"
"GO:0006825","copper ion transport","1/253","14/10170",0.0714285714285714,2.871259175607,1.11904059686522,0.297361704336744,0.518997757258541,0.407466866299941,"COX17",1,"2"
"GO:0006929","substrate-dependent cell migration","1/253","14/10170",0.0714285714285714,2.871259175607,1.11904059686522,0.297361704336744,0.518997757258541,0.407466866299941,"CTTN",1,"2"
"GO:0007096","regulation of exit from mitosis","1/253","14/10170",0.0714285714285714,2.871259175607,1.11904059686522,0.297361704336744,0.518997757258541,0.407466866299941,"RGCC",1,"2"
"GO:0007218","neuropeptide signaling pathway","1/253","14/10170",0.0714285714285714,2.871259175607,1.11904059686522,0.297361704336744,0.518997757258541,0.407466866299941,"GNAQ",1,"2"
"GO:0008298","intracellular mRNA localization","1/253","14/10170",0.0714285714285714,2.871259175607,1.11904059686522,0.297361704336744,0.518997757258541,0.407466866299941,"QKI",1,"2"
"GO:0009110","vitamin biosynthetic process","1/253","14/10170",0.0714285714285714,2.871259175607,1.11904059686522,0.297361704336744,0.518997757258541,0.407466866299941,"PDXK",1,"2"
"GO:0010447","response to acidic pH","1/253","14/10170",0.0714285714285714,2.871259175607,1.11904059686522,0.297361704336744,0.518997757258541,0.407466866299941,"CHP1",1,"2"
"GO:0010800","positive regulation of peptidyl-threonine phosphorylation","1/253","14/10170",0.0714285714285714,2.871259175607,1.11904059686522,0.297361704336744,0.518997757258541,0.407466866299941,"CALM2",1,"2"
"GO:0010881","regulation of cardiac muscle contraction by regulation of the release of sequestered calcium ion","1/253","14/10170",0.0714285714285714,2.871259175607,1.11904059686522,0.297361704336744,0.518997757258541,0.407466866299941,"CALM2",1,"2"
"GO:0010885","regulation of cholesterol storage","1/253","14/10170",0.0714285714285714,2.871259175607,1.11904059686522,0.297361704336744,0.518997757258541,0.407466866299941,"EHD1",1,"2"
"GO:0019359","nicotinamide nucleotide biosynthetic process","1/253","14/10170",0.0714285714285714,2.871259175607,1.11904059686522,0.297361704336744,0.518997757258541,0.407466866299941,"NAMPT",1,"2"
"GO:0019363","pyridine nucleotide biosynthetic process","1/253","14/10170",0.0714285714285714,2.871259175607,1.11904059686522,0.297361704336744,0.518997757258541,0.407466866299941,"NAMPT",1,"2"
"GO:0021854","hypothalamus development","1/253","14/10170",0.0714285714285714,2.871259175607,1.11904059686522,0.297361704336744,0.518997757258541,0.407466866299941,"CTNNB1",1,"2"
"GO:0030167","proteoglycan catabolic process","1/253","14/10170",0.0714285714285714,2.871259175607,1.11904059686522,0.297361704336744,0.518997757258541,0.407466866299941,"IDS",1,"2"
"GO:0030212","hyaluronan metabolic process","1/253","14/10170",0.0714285714285714,2.871259175607,1.11904059686522,0.297361704336744,0.518997757258541,0.407466866299941,"CLTC",1,"2"
"GO:0032689","negative regulation of type II interferon production","1/253","14/10170",0.0714285714285714,2.871259175607,1.11904059686522,0.297361704336744,0.518997757258541,0.407466866299941,"DDIT3",1,"2"
"GO:0032930","positive regulation of superoxide anion generation","1/253","14/10170",0.0714285714285714,2.871259175607,1.11904059686522,0.297361704336744,0.518997757258541,0.407466866299941,"EGFR",1,"2"
"GO:0034114","regulation of heterotypic cell-cell adhesion","1/253","14/10170",0.0714285714285714,2.871259175607,1.11904059686522,0.297361704336744,0.518997757258541,0.407466866299941,"CEACAM6",1,"2"
"GO:0034162","toll-like receptor 9 signaling pathway","1/253","14/10170",0.0714285714285714,2.871259175607,1.11904059686522,0.297361704336744,0.518997757258541,0.407466866299941,"RTN4",1,"2"
"GO:0035116","embryonic hindlimb morphogenesis","1/253","14/10170",0.0714285714285714,2.871259175607,1.11904059686522,0.297361704336744,0.518997757258541,0.407466866299941,"CTNNB1",1,"2"
"GO:0035672","oligopeptide transmembrane transport","1/253","14/10170",0.0714285714285714,2.871259175607,1.11904059686522,0.297361704336744,0.518997757258541,0.407466866299941,"GJA1",1,"2"
"GO:0040018","positive regulation of multicellular organism growth","1/253","14/10170",0.0714285714285714,2.871259175607,1.11904059686522,0.297361704336744,0.518997757258541,0.407466866299941,"EZR",1,"2"
"GO:0044321","response to leptin","1/253","14/10170",0.0714285714285714,2.871259175607,1.11904059686522,0.297361704336744,0.518997757258541,0.407466866299941,"CCND1",1,"2"
"GO:0045932","negative regulation of muscle contraction","1/253","14/10170",0.0714285714285714,2.871259175607,1.11904059686522,0.297361704336744,0.518997757258541,0.407466866299941,"PTGS2",1,"2"
"GO:0048268","clathrin coat assembly","1/253","14/10170",0.0714285714285714,2.871259175607,1.11904059686522,0.297361704336744,0.518997757258541,0.407466866299941,"CLTC",1,"2"
"GO:0050857","positive regulation of antigen receptor-mediated signaling pathway","1/253","14/10170",0.0714285714285714,2.871259175607,1.11904059686522,0.297361704336744,0.518997757258541,0.407466866299941,"CD81",1,"2"
"GO:0060252","positive regulation of glial cell proliferation","1/253","14/10170",0.0714285714285714,2.871259175607,1.11904059686522,0.297361704336744,0.518997757258541,0.407466866299941,"EGFR",1,"2"
"GO:0060816","random inactivation of X chromosome","1/253","14/10170",0.0714285714285714,2.871259175607,1.11904059686522,0.297361704336744,0.518997757258541,0.407466866299941,"XIST",1,"2"
"GO:0061037","negative regulation of cartilage development","1/253","14/10170",0.0714285714285714,2.871259175607,1.11904059686522,0.297361704336744,0.518997757258541,0.407466866299941,"CTNNB1",1,"2"
"GO:0061734","type 2 mitophagy","1/253","14/10170",0.0714285714285714,2.871259175607,1.11904059686522,0.297361704336744,0.518997757258541,0.407466866299941,"TOMM7",1,"2"
"GO:0070168","negative regulation of biomineral tissue development","1/253","14/10170",0.0714285714285714,2.871259175607,1.11904059686522,0.297361704336744,0.518997757258541,0.407466866299941,"ROCK2",1,"2"
"GO:0072170","metanephric tubule development","1/253","14/10170",0.0714285714285714,2.871259175607,1.11904059686522,0.297361704336744,0.518997757258541,0.407466866299941,"YAP1",1,"2"
"GO:0072234","metanephric nephron tubule development","1/253","14/10170",0.0714285714285714,2.871259175607,1.11904059686522,0.297361704336744,0.518997757258541,0.407466866299941,"YAP1",1,"2"
"GO:0072540","T-helper 17 cell lineage commitment","1/253","14/10170",0.0714285714285714,2.871259175607,1.11904059686522,0.297361704336744,0.518997757258541,0.407466866299941,"LGALS1",1,"2"
"GO:0090208","positive regulation of triglyceride metabolic process","1/253","14/10170",0.0714285714285714,2.871259175607,1.11904059686522,0.297361704336744,0.518997757258541,0.407466866299941,"LDLR",1,"2"
"GO:0090335","regulation of brown fat cell differentiation","1/253","14/10170",0.0714285714285714,2.871259175607,1.11904059686522,0.297361704336744,0.518997757258541,0.407466866299941,"PTGS2",1,"2"
"GO:1901021","positive regulation of calcium ion transmembrane transporter activity","1/253","14/10170",0.0714285714285714,2.871259175607,1.11904059686522,0.297361704336744,0.518997757258541,0.407466866299941,"CALM2",1,"2"
"GO:1901857","positive regulation of cellular respiration","1/253","14/10170",0.0714285714285714,2.871259175607,1.11904059686522,0.297361704336744,0.518997757258541,0.407466866299941,"NUPR1",1,"2"
"GO:1903318","negative regulation of protein maturation","1/253","14/10170",0.0714285714285714,2.871259175607,1.11904059686522,0.297361704336744,0.518997757258541,0.407466866299941,"CTSZ",1,"2"
"GO:1903672","positive regulation of sprouting angiogenesis","1/253","14/10170",0.0714285714285714,2.871259175607,1.11904059686522,0.297361704336744,0.518997757258541,0.407466866299941,"VEGFA",1,"2"
"GO:1990573","potassium ion import across plasma membrane","1/253","14/10170",0.0714285714285714,2.871259175607,1.11904059686522,0.297361704336744,0.518997757258541,0.407466866299941,"ATP1B3",1,"2"
"GO:2000010","positive regulation of protein localization to cell surface","1/253","14/10170",0.0714285714285714,2.871259175607,1.11904059686522,0.297361704336744,0.518997757258541,0.407466866299941,"ABCA7",1,"2"
"GO:2000647","negative regulation of stem cell proliferation","1/253","14/10170",0.0714285714285714,2.871259175607,1.11904059686522,0.297361704336744,0.518997757258541,0.407466866299941,"SFN",1,"2"
"GO:0009266","response to temperature stimulus","4/253","111/10170",0.036036036036036,1.44856318769362,0.758956600599383,0.298466496074163,0.51917906730438,0.407609213420277,"PTGS2/MAPKAPK2/EEF1D/HSPB1",4,"2"
"GO:0043409","negative regulation of MAPK cascade","4/253","111/10170",0.036036036036036,1.44856318769362,0.758956600599383,0.298466496074163,0.51917906730438,0.407609213420277,"EZR/SPRED1/DUSP3/ABCA7",4,"2"
"GO:0072655","establishment of protein localization to mitochondrion","4/253","111/10170",0.036036036036036,1.44856318769362,0.758956600599383,0.298466496074163,0.51917906730438,0.407609213420277,"DDIT3/TIMM8B/TOMM7/UBL5",4,"2"
"GO:0003170","heart valve development","2/253","44/10170",0.0454545454545455,1.82716492993173,0.87823090788915,0.299467166639092,0.51917906730438,0.407609213420277,"ROCK2/BMP2",2,"2"
"GO:0032210","regulation of telomere maintenance via telomerase","2/253","44/10170",0.0454545454545455,1.82716492993173,0.87823090788915,0.299467166639092,0.51917906730438,0.407609213420277,"CTNNB1/HNRNPD",2,"2"
"GO:0035914","skeletal muscle cell differentiation","2/253","44/10170",0.0454545454545455,1.82716492993173,0.87823090788915,0.299467166639092,0.51917906730438,0.407609213420277,"NUPR1/ANKRD1",2,"2"
"GO:0042789","mRNA transcription by RNA polymerase II","2/253","44/10170",0.0454545454545455,1.82716492993173,0.87823090788915,0.299467166639092,0.51917906730438,0.407609213420277,"ATF4/FLNA",2,"2"
"GO:0043299","leukocyte degranulation","2/253","44/10170",0.0454545454545455,1.82716492993173,0.87823090788915,0.299467166639092,0.51917906730438,0.407609213420277,"VAMP8/UNC13D",2,"2"
"GO:0048814","regulation of dendrite morphogenesis","2/253","44/10170",0.0454545454545455,1.82716492993173,0.87823090788915,0.299467166639092,0.51917906730438,0.407609213420277,"RAB21/YWHAH",2,"2"
"GO:0050772","positive regulation of axonogenesis","2/253","44/10170",0.0454545454545455,1.82716492993173,0.87823090788915,0.299467166639092,0.51917906730438,0.407609213420277,"EIF4G2/VEGFA",2,"2"
"GO:0051149","positive regulation of muscle cell differentiation","2/253","44/10170",0.0454545454545455,1.82716492993173,0.87823090788915,0.299467166639092,0.51917906730438,0.407609213420277,"HOPX/NRG1",2,"2"
"GO:0051899","membrane depolarization","2/253","44/10170",0.0454545454545455,1.82716492993173,0.87823090788915,0.299467166639092,0.51917906730438,0.407609213420277,"YWHAH/GJA1",2,"2"
"GO:1902116","negative regulation of organelle assembly","2/253","44/10170",0.0454545454545455,1.82716492993173,0.87823090788915,0.299467166639092,0.51917906730438,0.407609213420277,"NUPR1/YAP1",2,"2"
"GO:0051606","detection of stimulus","3/253","77/10170",0.038961038961039,1.56614136851291,0.796469856494771,0.300056183194921,0.519665870433115,0.407991404176589,"CALM2/GNAQ/CTNNB1",3,"2"
"GO:0061041","regulation of wound healing","3/253","77/10170",0.038961038961039,1.56614136851291,0.796469856494771,0.300056183194921,0.519665870433115,0.407991404176589,"ITGB1/ACTG1/PHLDB2",3,"2"
"GO:0051897","positive regulation of phosphatidylinositol 3-kinase/protein kinase B signal transduction","4/253","112/10170",0.0357142857142857,1.4356295878035,0.740422815222981,0.304086262820774,0.526375194164092,0.413258916564491,"ITGB1/RTN4/VEGFA/EGFR",4,"2"
"GO:0015698","inorganic anion transport","3/253","78/10170",0.0384615384615385,1.54606263301915,0.773232975712766,0.306890466810643,0.529275231342882,0.415535745404055,"ATF4/SLC25A3/CEBPB",3,"2"
"GO:0046887","positive regulation of hormone secretion","3/253","78/10170",0.0384615384615385,1.54606263301915,0.773232975712766,0.306890466810643,0.529275231342882,0.415535745404055,"PRKAR1A/VAMP8/EGFR",3,"2"
"GO:0051224","negative regulation of protein transport","3/253","78/10170",0.0384615384615385,1.54606263301915,0.773232975712766,0.306890466810643,0.529275231342882,0.415535745404055,"RAB11FIP1/CHP1/INSIG1",3,"2"
"GO:1900182","positive regulation of protein localization to nucleus","3/253","78/10170",0.0384615384615385,1.54606263301915,0.773232975712766,0.306890466810643,0.529275231342882,0.415535745404055,"PTGS2/FLNA/YAP1",3,"2"
"GO:1903531","negative regulation of secretion by cell","3/253","78/10170",0.0384615384615385,1.54606263301915,0.773232975712766,0.306890466810643,0.529275231342882,0.415535745404055,"RAB11FIP1/VAMP8/GJA1",3,"2"
"GO:0003143","embryonic heart tube morphogenesis","2/253","45/10170",0.0444444444444444,1.78656126482213,0.844598924016875,0.308706081167248,0.529275231342882,0.415535745404055,"YAP1/GJA1",2,"2"
"GO:0008306","associative learning","2/253","45/10170",0.0444444444444444,1.78656126482213,0.844598924016875,0.308706081167248,0.529275231342882,0.415535745404055,"ITGB1/ABCA7",2,"2"
"GO:0009064","glutamine family amino acid metabolic process","2/253","45/10170",0.0444444444444444,1.78656126482213,0.844598924016875,0.308706081167248,0.529275231342882,0.415535745404055,"SLC38A1/DDAH1",2,"2"
"GO:0009581","detection of external stimulus","2/253","45/10170",0.0444444444444444,1.78656126482213,0.844598924016875,0.308706081167248,0.529275231342882,0.415535745404055,"GNAQ/CTNNB1",2,"2"
"GO:0030203","glycosaminoglycan metabolic process","2/253","45/10170",0.0444444444444444,1.78656126482213,0.844598924016875,0.308706081167248,0.529275231342882,0.415535745404055,"CLTC/IDS",2,"2"
"GO:0038034","signal transduction in absence of ligand","2/253","45/10170",0.0444444444444444,1.78656126482213,0.844598924016875,0.308706081167248,0.529275231342882,0.415535745404055,"ITGAV/NRG1",2,"2"
"GO:0070830","bicellular tight junction assembly","2/253","45/10170",0.0444444444444444,1.78656126482213,0.844598924016875,0.308706081167248,0.529275231342882,0.415535745404055,"MYO1C/ROCK2",2,"2"
"GO:0097192","extrinsic apoptotic signaling pathway in absence of ligand","2/253","45/10170",0.0444444444444444,1.78656126482213,0.844598924016875,0.308706081167248,0.529275231342882,0.415535745404055,"ITGAV/NRG1",2,"2"
"GO:1990874","vascular associated smooth muscle cell proliferation","2/253","45/10170",0.0444444444444444,1.78656126482213,0.844598924016875,0.308706081167248,0.529275231342882,0.415535745404055,"DDIT3/GJA1",2,"2"
"GO:0009566","fertilization","3/253","79/10170",0.0379746835443038,1.52649221994296,0.750321909563256,0.313730845209614,0.529275231342882,0.415535745404055,"YBX3/MYH9/SLIRP",3,"2"
"GO:0099072","regulation of postsynaptic membrane neurotransmitter receptor levels","3/253","79/10170",0.0379746835443038,1.52649221994296,0.750321909563256,0.313730845209614,0.529275231342882,0.415535745404055,"EPB41L3/AP2B1/NRG1",3,"2"
"GO:0002251","organ or tissue specific immune response","1/253","15/10170",0.0666666666666667,2.6798418972332,1.03988018356634,0.314865395632806,0.529275231342882,0.415535745404055,"FAU",1,"2"
"GO:0002828","regulation of type 2 immune response","1/253","15/10170",0.0666666666666667,2.6798418972332,1.03988018356634,0.314865395632806,0.529275231342882,0.415535745404055,"CD81",1,"2"
"GO:0002888","positive regulation of myeloid leukocyte mediated immunity","1/253","15/10170",0.0666666666666667,2.6798418972332,1.03988018356634,0.314865395632806,0.529275231342882,0.415535745404055,"DDX21",1,"2"
"GO:0003299","muscle hypertrophy in response to stress","1/253","15/10170",0.0666666666666667,2.6798418972332,1.03988018356634,0.314865395632806,0.529275231342882,0.415535745404055,"LMNA",1,"2"
"GO:0006415","translational termination","1/253","15/10170",0.0666666666666667,2.6798418972332,1.03988018356634,0.314865395632806,0.529275231342882,0.415535745404055,"ETF1",1,"2"
"GO:0006525","arginine metabolic process","1/253","15/10170",0.0666666666666667,2.6798418972332,1.03988018356634,0.314865395632806,0.529275231342882,0.415535745404055,"DDAH1",1,"2"
"GO:0006744","ubiquinone biosynthetic process","1/253","15/10170",0.0666666666666667,2.6798418972332,1.03988018356634,0.314865395632806,0.529275231342882,0.415535745404055,"STARD7",1,"2"
"GO:0006999","nuclear pore organization","1/253","15/10170",0.0666666666666667,2.6798418972332,1.03988018356634,0.314865395632806,0.529275231342882,0.415535745404055,"RTN4",1,"2"
"GO:0010566","regulation of ketone biosynthetic process","1/253","15/10170",0.0666666666666667,2.6798418972332,1.03988018356634,0.314865395632806,0.529275231342882,0.415535745404055,"BMP2",1,"2"
"GO:0010714","positive regulation of collagen metabolic process","1/253","15/10170",0.0666666666666667,2.6798418972332,1.03988018356634,0.314865395632806,0.529275231342882,0.415535745404055,"RGCC",1,"2"
"GO:0014887","cardiac muscle adaptation","1/253","15/10170",0.0666666666666667,2.6798418972332,1.03988018356634,0.314865395632806,0.529275231342882,0.415535745404055,"LMNA",1,"2"
"GO:0014898","cardiac muscle hypertrophy in response to stress","1/253","15/10170",0.0666666666666667,2.6798418972332,1.03988018356634,0.314865395632806,0.529275231342882,0.415535745404055,"LMNA",1,"2"
"GO:0015813","L-glutamate transmembrane transport","1/253","15/10170",0.0666666666666667,2.6798418972332,1.03988018356634,0.314865395632806,0.529275231342882,0.415535745404055,"ITGB1",1,"2"
"GO:0032703","negative regulation of interleukin-2 production","1/253","15/10170",0.0666666666666667,2.6798418972332,1.03988018356634,0.314865395632806,0.529275231342882,0.415535745404055,"EZR",1,"2"
"GO:0032967","positive regulation of collagen biosynthetic process","1/253","15/10170",0.0666666666666667,2.6798418972332,1.03988018356634,0.314865395632806,0.529275231342882,0.415535745404055,"RGCC",1,"2"
"GO:0033198","response to ATP","1/253","15/10170",0.0666666666666667,2.6798418972332,1.03988018356634,0.314865395632806,0.529275231342882,0.415535745404055,"PTGS2",1,"2"
"GO:0035136","forelimb morphogenesis","1/253","15/10170",0.0666666666666667,2.6798418972332,1.03988018356634,0.314865395632806,0.529275231342882,0.415535745404055,"CTNNB1",1,"2"
"GO:0043129","surfactant homeostasis","1/253","15/10170",0.0666666666666667,2.6798418972332,1.03988018356634,0.314865395632806,0.529275231342882,0.415535745404055,"VEGFA",1,"2"
"GO:0043302","positive regulation of leukocyte degranulation","1/253","15/10170",0.0666666666666667,2.6798418972332,1.03988018356634,0.314865395632806,0.529275231342882,0.415535745404055,"VAMP8",1,"2"
"GO:0043371","negative regulation of CD4-positive, alpha-beta T cell differentiation","1/253","15/10170",0.0666666666666667,2.6798418972332,1.03988018356634,0.314865395632806,0.529275231342882,0.415535745404055,"LGALS1",1,"2"
"GO:0045662","negative regulation of myoblast differentiation","1/253","15/10170",0.0666666666666667,2.6798418972332,1.03988018356634,0.314865395632806,0.529275231342882,0.415535745404055,"DDIT3",1,"2"
"GO:0046697","decidualization","1/253","15/10170",0.0666666666666667,2.6798418972332,1.03988018356634,0.314865395632806,0.529275231342882,0.415535745404055,"PTGS2",1,"2"
"GO:0051937","catecholamine transport","1/253","15/10170",0.0666666666666667,2.6798418972332,1.03988018356634,0.314865395632806,0.529275231342882,0.415535745404055,"ACTB",1,"2"
"GO:0055075","potassium ion homeostasis","1/253","15/10170",0.0666666666666667,2.6798418972332,1.03988018356634,0.314865395632806,0.529275231342882,0.415535745404055,"ATP1B3",1,"2"
"GO:0060438","trachea development","1/253","15/10170",0.0666666666666667,2.6798418972332,1.03988018356634,0.314865395632806,0.529275231342882,0.415535745404055,"CTNNB1",1,"2"
"GO:0060546","negative regulation of necroptotic process","1/253","15/10170",0.0666666666666667,2.6798418972332,1.03988018356634,0.314865395632806,0.529275231342882,0.415535745404055,"YBX3",1,"2"
"GO:0060575","intestinal epithelial cell differentiation","1/253","15/10170",0.0666666666666667,2.6798418972332,1.03988018356634,0.314865395632806,0.529275231342882,0.415535745404055,"YAP1",1,"2"
"GO:0061621","canonical glycolysis","1/253","15/10170",0.0666666666666667,2.6798418972332,1.03988018356634,0.314865395632806,0.529275231342882,0.415535745404055,"ENO1",1,"2"
"GO:0061718","glucose catabolic process to pyruvate","1/253","15/10170",0.0666666666666667,2.6798418972332,1.03988018356634,0.314865395632806,0.529275231342882,0.415535745404055,"ENO1",1,"2"
"GO:0072207","metanephric epithelium development","1/253","15/10170",0.0666666666666667,2.6798418972332,1.03988018356634,0.314865395632806,0.529275231342882,0.415535745404055,"YAP1",1,"2"
"GO:0072243","metanephric nephron epithelium development","1/253","15/10170",0.0666666666666667,2.6798418972332,1.03988018356634,0.314865395632806,0.529275231342882,0.415535745404055,"YAP1",1,"2"
"GO:0072673","lamellipodium morphogenesis","1/253","15/10170",0.0666666666666667,2.6798418972332,1.03988018356634,0.314865395632806,0.529275231342882,0.415535745404055,"PLEKHO1",1,"2"
"GO:0097320","plasma membrane tubulation","1/253","15/10170",0.0666666666666667,2.6798418972332,1.03988018356634,0.314865395632806,0.529275231342882,0.415535745404055,"EHD2",1,"2"
"GO:0120255","olefinic compound biosynthetic process","1/253","15/10170",0.0666666666666667,2.6798418972332,1.03988018356634,0.314865395632806,0.529275231342882,0.415535745404055,"BMP2",1,"2"
"GO:1900034","regulation of cellular response to heat","1/253","15/10170",0.0666666666666667,2.6798418972332,1.03988018356634,0.314865395632806,0.529275231342882,0.415535745404055,"MAPKAPK2",1,"2"
"GO:1901623","regulation of lymphocyte chemotaxis","1/253","15/10170",0.0666666666666667,2.6798418972332,1.03988018356634,0.314865395632806,0.529275231342882,0.415535745404055,"NEDD9",1,"2"
"GO:1901663","quinone biosynthetic process","1/253","15/10170",0.0666666666666667,2.6798418972332,1.03988018356634,0.314865395632806,0.529275231342882,0.415535745404055,"STARD7",1,"2"
"GO:1902036","regulation of hematopoietic stem cell differentiation","1/253","15/10170",0.0666666666666667,2.6798418972332,1.03988018356634,0.314865395632806,0.529275231342882,0.415535745404055,"TMSB4X",1,"2"
"GO:1902932","positive regulation of alcohol biosynthetic process","1/253","15/10170",0.0666666666666667,2.6798418972332,1.03988018356634,0.314865395632806,0.529275231342882,0.415535745404055,"QKI",1,"2"
"GO:1903729","regulation of plasma membrane organization","1/253","15/10170",0.0666666666666667,2.6798418972332,1.03988018356634,0.314865395632806,0.529275231342882,0.415535745404055,"MYH9",1,"2"
"GO:2000269","regulation of fibroblast apoptotic process","1/253","15/10170",0.0666666666666667,2.6798418972332,1.03988018356634,0.314865395632806,0.529275231342882,0.415535745404055,"NUPR1",1,"2"
"GO:2001258","negative regulation of cation channel activity","1/253","15/10170",0.0666666666666667,2.6798418972332,1.03988018356634,0.314865395632806,0.529275231342882,0.415535745404055,"CALM2",1,"2"
"GO:0051056","regulation of small GTPase mediated signal transduction","7/253","222/10170",0.0315315315315315,1.26749278923192,0.643620555530382,0.315681481682976,0.530382638881412,0.416405174747691,"ITGAV/ARF6/ARHGAP5/ITGB1/PPP2CB/RTN4/RDX",7,"2"
"GO:0023061","signal release","8/253","259/10170",0.0308880308880309,1.24162558945168,0.629134205595893,0.316795013000667,0.531760271774593,0.417486758916495,"PTGS2/PRKAR1A/RAB11FIP1/VAMP8/MYOF/GNAS/EGFR/GJA1",8,"2"
"GO:0021700","developmental maturation","6/253","186/10170",0.032258064516129,1.29669769220961,0.652270266552788,0.317450974968321,0.531760271774593,0.417486758916495,"DDIT3/CTNNB1/RAB32/VEGFA/GJA1/BMP2",6,"2"
"GO:0001708","cell fate specification","2/253","46/10170",0.0434782608695652,1.74772297645644,0.811807017813751,0.317920731879472,0.531760271774593,0.417486758916495,"CTNNB1/ITGB1",2,"2"
"GO:0003151","outflow tract morphogenesis","2/253","46/10170",0.0434782608695652,1.74772297645644,0.811807017813751,0.317920731879472,0.531760271774593,0.417486758916495,"CTNNB1/VEGFA",2,"2"
"GO:0009582","detection of abiotic stimulus","2/253","46/10170",0.0434782608695652,1.74772297645644,0.811807017813751,0.317920731879472,0.531760271774593,0.417486758916495,"GNAQ/CTNNB1",2,"2"
"GO:0010761","fibroblast migration","2/253","46/10170",0.0434782608695652,1.74772297645644,0.811807017813751,0.317920731879472,0.531760271774593,0.417486758916495,"ITGB1/IQGAP1",2,"2"
"GO:0022600","digestive system process","2/253","46/10170",0.0434782608695652,1.74772297645644,0.811807017813751,0.317920731879472,0.531760271774593,0.417486758916495,"LDLR/EZR",2,"2"
"GO:0045661","regulation of myoblast differentiation","2/253","46/10170",0.0434782608695652,1.74772297645644,0.811807017813751,0.317920731879472,0.531760271774593,0.417486758916495,"DDIT3/ACTB",2,"2"
"GO:2001244","positive regulation of intrinsic apoptotic signaling pathway","2/253","46/10170",0.0434782608695652,1.74772297645644,0.811807017813751,0.317920731879472,0.531760271774593,0.417486758916495,"DDIT3/NUPR1",2,"2"
"GO:0007268","chemical synaptic transmission","10/253","334/10170",0.029940119760479,1.20352181013467,0.604065673953675,0.31967002707654,0.534156259317192,0.419367856709352,"PTGS2/ATF4/SLC38A1/YWHAH/CTNNB1/MYOF/ITGB1/RTN4/KIF5B/EGFR",10,"2"
"GO:0098916","anterograde trans-synaptic signaling","10/253","334/10170",0.029940119760479,1.20352181013467,0.604065673953675,0.31967002707654,0.534156259317192,0.419367856709352,"PTGS2/ATF4/SLC38A1/YWHAH/CTNNB1/MYOF/ITGB1/RTN4/KIF5B/EGFR",10,"2"
"GO:0009615","response to virus","9/253","297/10170",0.0303030303030303,1.21810995328782,0.609310087973088,0.320400018848262,0.534608798267409,0.419723146545087,"ENO1/DDX21/VAMP8/DDX3X/UNC13D/IFI27/TPT1/CFL1/HSPB1",9,"2"
"GO:0010639","negative regulation of organelle organization","8/253","260/10170",0.0307692307692308,1.23685010641532,0.617920578333654,0.320504601354466,0.534608798267409,0.419723146545087,"CAPG/LMNA/NUPR1/RDX/TACSTD2/MAP2/YAP1/PHLDB2",8,"2"
"GO:0015918","sterol transport","3/253","80/10170",0.0375,1.50741106719368,0.727727142609848,0.320575026719069,0.534608798267409,0.419723146545087,"LDLR/ABCA7/APOC1",3,"2"
"GO:0120034","positive regulation of plasma membrane bounded cell projection assembly","3/253","80/10170",0.0375,1.50741106719368,0.727727142609848,0.320575026719069,0.534608798267409,0.419723146545087,"ARPC2/RHOQ/NCKAP1",3,"2"
"GO:0050877","nervous system process","14/253","485/10170",0.0288659793814433,1.16034391426592,0.577940016044443,0.32155729716553,0.535981812181003,0.420801104337648,"PTGS2/DDIT3/LDLR/GNB1/TIMM8B/ROCK2/ITGB1/GNAS/QKI/NEDD9/ABCA7/TACSTD2/EGFR/TNNC1",14,"2"
"GO:0010256","endomembrane system organization","13/253","449/10170",0.0289532293986637,1.16385115804115,0.567187226640809,0.326638776778593,0.541704589473498,0.425294075833754,"NDRG1/GOLGA8A/LMNA/AGFG1/EPB41L3/TRAM1/MYOF/IQGAP1/RTN4/MYH9/ABCA7/CAV2/EHD2",13,"2"
"GO:0008286","insulin receptor signaling pathway","4/253","116/10170",0.0344827586206897,1.38612511925855,0.668031339724815,0.32666895567984,0.541704589473498,0.425294075833754,"BLVRB/RHOQ/EGFR/CAV2",4,"2"
"GO:0071674","mononuclear cell migration","4/253","116/10170",0.0344827586206897,1.38612511925855,0.668031339724815,0.32666895567984,0.541704589473498,0.425294075833754,"CD81/MSN/RTN4/NEDD9",4,"2"
"GO:0051058","negative regulation of small GTPase mediated signal transduction","2/253","47/10170",0.0425531914893617,1.71053738121268,0.779812996934179,0.327106620939926,0.541704589473498,0.425294075833754,"ITGB1/PPP2CB",2,"2"
"GO:0099068","postsynapse assembly","2/253","47/10170",0.0425531914893617,1.71053738121268,0.779812996934179,0.327106620939926,0.541704589473498,0.425294075833754,"NEDD8/RTN4",2,"2"
"GO:1901880","negative regulation of protein depolymerization","2/253","47/10170",0.0425531914893617,1.71053738121268,0.779812996934179,0.327106620939926,0.541704589473498,0.425294075833754,"CAPG/RDX",2,"2"
"GO:0032635","interleukin-6 production","3/253","81/10170",0.037037037037037,1.48880105401845,0.705439558664607,0.32742077356698,0.541704589473498,0.425294075833754,"MAPKAPK2/CAPN2/CEBPB",3,"2"
"GO:0032675","regulation of interleukin-6 production","3/253","81/10170",0.037037037037037,1.48880105401845,0.705439558664607,0.32742077356698,0.541704589473498,0.425294075833754,"MAPKAPK2/CAPN2/CEBPB",3,"2"
"GO:0071805","potassium ion transmembrane transport","3/253","81/10170",0.037037037037037,1.48880105401845,0.705439558664607,0.32742077356698,0.541704589473498,0.425294075833754,"ITGB1/ATP1B3/FLNA",3,"2"
"GO:0002313","mature B cell differentiation involved in immune response","1/253","16/10170",0.0625,2.51235177865613,0.966948760123716,0.331934726494933,0.541704589473498,0.425294075833754,"LGALS1",1,"2"
"GO:0002862","negative regulation of inflammatory response to antigenic stimulus","1/253","16/10170",0.0625,2.51235177865613,0.966948760123716,0.331934726494933,0.541704589473498,0.425294075833754,"GNAS",1,"2"
"GO:0003091","renal water homeostasis","1/253","16/10170",0.0625,2.51235177865613,0.966948760123716,0.331934726494933,0.541704589473498,0.425294075833754,"GNAS",1,"2"
"GO:0003338","metanephros morphogenesis","1/253","16/10170",0.0625,2.51235177865613,0.966948760123716,0.331934726494933,0.541704589473498,0.425294075833754,"CTNNB1",1,"2"
"GO:0006614","SRP-dependent cotranslational protein targeting to membrane","1/253","16/10170",0.0625,2.51235177865613,0.966948760123716,0.331934726494933,0.541704589473498,0.425294075833754,"TRAM1",1,"2"
"GO:0006857","oligopeptide transport","1/253","16/10170",0.0625,2.51235177865613,0.966948760123716,0.331934726494933,0.541704589473498,0.425294075833754,"GJA1",1,"2"
"GO:0007608","sensory perception of smell","1/253","16/10170",0.0625,2.51235177865613,0.966948760123716,0.331934726494933,0.541704589473498,0.425294075833754,"GNAS",1,"2"
"GO:0009065","glutamine family amino acid catabolic process","1/253","16/10170",0.0625,2.51235177865613,0.966948760123716,0.331934726494933,0.541704589473498,0.425294075833754,"DDAH1",1,"2"
"GO:0010884","positive regulation of lipid storage","1/253","16/10170",0.0625,2.51235177865613,0.966948760123716,0.331934726494933,0.541704589473498,0.425294075833754,"EHD1",1,"2"
"GO:0019933","cAMP-mediated signaling","1/253","16/10170",0.0625,2.51235177865613,0.966948760123716,0.331934726494933,0.541704589473498,0.425294075833754,"CAP1",1,"2"
"GO:0032528","microvillus organization","1/253","16/10170",0.0625,2.51235177865613,0.966948760123716,0.331934726494933,0.541704589473498,0.425294075833754,"EZR",1,"2"
"GO:0032928","regulation of superoxide anion generation","1/253","16/10170",0.0625,2.51235177865613,0.966948760123716,0.331934726494933,0.541704589473498,0.425294075833754,"EGFR",1,"2"
"GO:0034260","negative regulation of GTPase activity","1/253","16/10170",0.0625,2.51235177865613,0.966948760123716,0.331934726494933,0.541704589473498,0.425294075833754,"RDX",1,"2"
"GO:0035883","enteroendocrine cell differentiation","1/253","16/10170",0.0625,2.51235177865613,0.966948760123716,0.331934726494933,0.541704589473498,0.425294075833754,"RHEB",1,"2"
"GO:0036315","cellular response to sterol","1/253","16/10170",0.0625,2.51235177865613,0.966948760123716,0.331934726494933,0.541704589473498,0.425294075833754,"INSIG1",1,"2"
"GO:0044060","regulation of endocrine process","1/253","16/10170",0.0625,2.51235177865613,0.966948760123716,0.331934726494933,0.541704589473498,0.425294075833754,"GJA1",1,"2"
"GO:0045649","regulation of macrophage differentiation","1/253","16/10170",0.0625,2.51235177865613,0.966948760123716,0.331934726494933,0.541704589473498,0.425294075833754,"QKI",1,"2"
"GO:0046885","regulation of hormone biosynthetic process","1/253","16/10170",0.0625,2.51235177865613,0.966948760123716,0.331934726494933,0.541704589473498,0.425294075833754,"BMP2",1,"2"
"GO:0046931","pore complex assembly","1/253","16/10170",0.0625,2.51235177865613,0.966948760123716,0.331934726494933,0.541704589473498,0.425294075833754,"RTN4",1,"2"
"GO:0048490","anterograde synaptic vesicle transport","1/253","16/10170",0.0625,2.51235177865613,0.966948760123716,0.331934726494933,0.541704589473498,0.425294075833754,"MAP2",1,"2"
"GO:0050849","negative regulation of calcium-mediated signaling","1/253","16/10170",0.0625,2.51235177865613,0.966948760123716,0.331934726494933,0.541704589473498,0.425294075833754,"CHP1",1,"2"
"GO:0061158","3'-UTR-mediated mRNA destabilization","1/253","16/10170",0.0625,2.51235177865613,0.966948760123716,0.331934726494933,0.541704589473498,0.425294075833754,"HNRNPD",1,"2"
"GO:0061318","renal filtration cell differentiation","1/253","16/10170",0.0625,2.51235177865613,0.966948760123716,0.331934726494933,0.541704589473498,0.425294075833754,"IQGAP1",1,"2"
"GO:0061484","hematopoietic stem cell homeostasis","1/253","16/10170",0.0625,2.51235177865613,0.966948760123716,0.331934726494933,0.541704589473498,0.425294075833754,"FSTL1",1,"2"
"GO:0070102","interleukin-6-mediated signaling pathway","1/253","16/10170",0.0625,2.51235177865613,0.966948760123716,0.331934726494933,0.541704589473498,0.425294075833754,"YAP1",1,"2"
"GO:0070131","positive regulation of mitochondrial translation","1/253","16/10170",0.0625,2.51235177865613,0.966948760123716,0.331934726494933,0.541704589473498,0.425294075833754,"DDX3X",1,"2"
"GO:0072112","podocyte differentiation","1/253","16/10170",0.0625,2.51235177865613,0.966948760123716,0.331934726494933,0.541704589473498,0.425294075833754,"IQGAP1",1,"2"
"GO:0098696","regulation of neurotransmitter receptor localization to postsynaptic specialization membrane","1/253","16/10170",0.0625,2.51235177865613,0.966948760123716,0.331934726494933,0.541704589473498,0.425294075833754,"EPB41L3",1,"2"
"GO:0099514","synaptic vesicle cytoskeletal transport","1/253","16/10170",0.0625,2.51235177865613,0.966948760123716,0.331934726494933,0.541704589473498,0.425294075833754,"MAP2",1,"2"
"GO:0099517","synaptic vesicle transport along microtubule","1/253","16/10170",0.0625,2.51235177865613,0.966948760123716,0.331934726494933,0.541704589473498,0.425294075833754,"MAP2",1,"2"
"GO:1903897","regulation of PERK-mediated unfolded protein response","1/253","16/10170",0.0625,2.51235177865613,0.966948760123716,0.331934726494933,0.541704589473498,0.425294075833754,"ABCA7",1,"2"
"GO:1905606","regulation of presynapse assembly","1/253","16/10170",0.0625,2.51235177865613,0.966948760123716,0.331934726494933,0.541704589473498,0.425294075833754,"ARF6",1,"2"
"GO:2000353","positive regulation of endothelial cell apoptotic process","1/253","16/10170",0.0625,2.51235177865613,0.966948760123716,0.331934726494933,0.541704589473498,0.425294075833754,"RGCC",1,"2"
"GO:2000773","negative regulation of cellular senescence","1/253","16/10170",0.0625,2.51235177865613,0.966948760123716,0.331934726494933,0.541704589473498,0.425294075833754,"YBX1",1,"2"
"GO:0050851","antigen receptor-mediated signaling pathway","4/253","117/10170",0.0341880341880342,1.37427789601703,0.650352024757459,0.332333844114437,0.541704589473498,0.425294075833754,"PHPT1/EZR/CD81/DUSP3",4,"2"
"GO:0060348","bone development","4/253","117/10170",0.0341880341880342,1.37427789601703,0.650352024757459,0.332333844114437,0.541704589473498,0.425294075833754,"GNAS/INSIG1/GJA1/BMP2",4,"2"
"GO:0007051","spindle organization","5/253","153/10170",0.0326797385620915,1.3136479888398,0.624350714819726,0.332541073609176,0.541704589473498,0.425294075833754,"CLTC/EZR/MYH9/FLNA/TACC2",5,"2"
"GO:0051168","nuclear export","5/253","153/10170",0.0326797385620915,1.3136479888398,0.624350714819726,0.332541073609176,0.541704589473498,0.425294075833754,"AGFG1/CHP1/IFI27/SFN/XPOT",5,"2"
"GO:0099537","trans-synaptic signaling","10/253","338/10170",0.029585798816568,1.18927894847627,0.565260915339517,0.332812564174996,0.541885063446686,0.42543576655067,"PTGS2/ATF4/SLC38A1/YWHAH/CTNNB1/MYOF/ITGB1/RTN4/KIF5B/EGFR",10,"2"
"GO:0007029","endoplasmic reticulum organization","3/253","82/10170",0.0365853658536585,1.47064494360359,0.683450419215077,0.334265902002592,0.54372630079727,0.426881328121725,"TRAM1/RTN4/CAV2",3,"2"
"GO:0032368","regulation of lipid transport","3/253","82/10170",0.0365853658536585,1.47064494360359,0.683450419215077,0.334265902002592,0.54372630079727,0.426881328121725,"ITGAV/ABCA7/APOC1",3,"2"
"GO:0007422","peripheral nervous system development","2/253","48/10170",0.0416666666666667,1.67490118577075,0.748577675185728,0.336259487528337,0.544604703143877,0.427570964727118,"NDRG1/NRG1",2,"2"
"GO:0009299","mRNA transcription","2/253","48/10170",0.0416666666666667,1.67490118577075,0.748577675185728,0.336259487528337,0.544604703143877,0.427570964727118,"ATF4/FLNA",2,"2"
"GO:0009798","axis specification","2/253","48/10170",0.0416666666666667,1.67490118577075,0.748577675185728,0.336259487528337,0.544604703143877,0.427570964727118,"DDIT3/CTNNB1",2,"2"
"GO:0032088","negative regulation of NF-kappaB transcription factor activity","2/253","48/10170",0.0416666666666667,1.67490118577075,0.748577675185728,0.336259487528337,0.544604703143877,0.427570964727118,"CHP1/PPP2CB",2,"2"
"GO:0033273","response to vitamin","2/253","48/10170",0.0416666666666667,1.67490118577075,0.748577675185728,0.336259487528337,0.544604703143877,0.427570964727118,"PTGS2/EGFR",2,"2"
"GO:0051057","positive regulation of small GTPase mediated signal transduction","2/253","48/10170",0.0416666666666667,1.67490118577075,0.748577675185728,0.336259487528337,0.544604703143877,0.427570964727118,"ITGAV/RTN4",2,"2"
"GO:0051588","regulation of neurotransmitter transport","2/253","48/10170",0.0416666666666667,1.67490118577075,0.748577675185728,0.336259487528337,0.544604703143877,0.427570964727118,"MYOF/ITGB1",2,"2"
"GO:0052547","regulation of peptidase activity","2/253","48/10170",0.0416666666666667,1.67490118577075,0.748577675185728,0.336259487528337,0.544604703143877,0.427570964727118,"TIMP2/SPOCK2",2,"2"
"GO:0097120","receptor localization to synapse","2/253","48/10170",0.0416666666666667,1.67490118577075,0.748577675185728,0.336259487528337,0.544604703143877,0.427570964727118,"EPB41L3/KIF5B",2,"2"
"GO:0019722","calcium-mediated signaling","4/253","118/10170",0.0338983050847458,1.36263147316942,0.632833535656185,0.338003804069565,0.546904427697972,0.429376486127364,"CALM2/HINT1/CHP1/NFATC3",4,"2"
"GO:0070585","protein localization to mitochondrion","4/253","118/10170",0.0338983050847458,1.36263147316942,0.632833535656185,0.338003804069565,0.546904427697972,0.429376486127364,"DDIT3/TIMM8B/TOMM7/UBL5",4,"2"
"GO:0051054","positive regulation of DNA metabolic process","7/253","228/10170",0.0307017543859649,1.23413771583108,0.571098670241071,0.339845272209261,0.548745669239593,0.430822050988817,"ACTB/CTNNB1/HNRNPD/RGCC/VEGFA/CEBPG/EGFR",7,"2"
"GO:0030183","B cell differentiation","3/253","83/10170",0.036144578313253,1.45292632982523,0.661751343268062,0.341108282344413,0.548745669239593,0.430822050988817,"LGALS1/ITGB1/CEBPG",3,"2"
"GO:0097553","calcium ion transmembrane import into cytosol","3/253","83/10170",0.036144578313253,1.45292632982523,0.661751343268062,0.341108282344413,0.548745669239593,0.430822050988817,"CALM2/DDIT3/FLNA",3,"2"
"GO:0045930","negative regulation of mitotic cell cycle","5/253","155/10170",0.032258064516129,1.29669769220961,0.594516302612545,0.342417901817206,0.548745669239593,0.430822050988817,"CTNNB1/RGCC/WAC/CCND1/EGFR",5,"2"
"GO:0055080","monoatomic cation homeostasis","10/253","341/10170",0.0293255131964809,1.17881608382692,0.536461215100694,0.342738367446007,0.548745669239593,0.430822050988817,"CALM2/DDIT3/CHP1/ATF4/ATP1B3/FTL/TPT1/FTH1/FLNA/CAV2",10,"2"
"GO:0050863","regulation of T cell activation","7/253","229/10170",0.0305676855895196,1.2287484681637,0.559203815993132,0.343898254238497,0.548745669239593,0.430822050988817,"LGALS1/PRKAR1A/ACTB/CTNNB1/CD81/DUSP3/CEBPB",7,"2"
"GO:0002090","regulation of receptor internalization","2/253","49/10170",0.0408163265306122,1.64071952891829,0.718064599467506,0.345375298911424,0.548745669239593,0.430822050988817,"VEGFA/NRG1",2,"2"
"GO:0010827","regulation of D-glucose transmembrane transport","2/253","49/10170",0.0408163265306122,1.64071952891829,0.718064599467506,0.345375298911424,0.548745669239593,0.430822050988817,"MEF2A/RHOQ",2,"2"
"GO:0014823","response to activity","2/253","49/10170",0.0408163265306122,1.64071952891829,0.718064599467506,0.345375298911424,0.548745669239593,0.430822050988817,"ITGB1/COL4A2",2,"2"
"GO:0033619","membrane protein proteolysis","2/253","49/10170",0.0408163265306122,1.64071952891829,0.718064599467506,0.345375298911424,0.548745669239593,0.430822050988817,"TIMP2/MYH9",2,"2"
"GO:0098732","macromolecule deacylation","2/253","49/10170",0.0408163265306122,1.64071952891829,0.718064599467506,0.345375298911424,0.548745669239593,0.430822050988817,"SPRED1/FLNA",2,"2"
"GO:2000514","regulation of CD4-positive, alpha-beta T cell activation","2/253","49/10170",0.0408163265306122,1.64071952891829,0.718064599467506,0.345375298911424,0.548745669239593,0.430822050988817,"LGALS1/CD81",2,"2"
"GO:0006865","amino acid transport","3/253","84/10170",0.0357142857142857,1.4356295878035,0.640334288501132,0.347945838959965,0.548745669239593,0.430822050988817,"SLC38A1/ITGB1/GJA1",3,"2"
"GO:0008217","regulation of blood pressure","3/253","84/10170",0.0357142857142857,1.4356295878035,0.640334288501132,0.347945838959965,0.548745669239593,0.430822050988817,"PTGS2/CTSZ/DDAH1",3,"2"
"GO:0038061","non-canonical NF-kappaB signal transduction","3/253","84/10170",0.0357142857142857,1.4356295878035,0.640334288501132,0.347945838959965,0.548745669239593,0.430822050988817,"ACTN4/NDUFC2/DDX3X",3,"2"
"GO:0048592","eye morphogenesis","3/253","84/10170",0.0357142857142857,1.4356295878035,0.640334288501132,0.347945838959965,0.548745669239593,0.430822050988817,"ATF4/CTNNB1/VEGFA",3,"2"
"GO:0001709","cell fate determination","1/253","17/10170",0.0588235294117647,2.36456637991165,0.899355018051109,0.348580434018745,0.548745669239593,0.430822050988817,"CTNNB1",1,"2"
"GO:0002295","T-helper cell lineage commitment","1/253","17/10170",0.0588235294117647,2.36456637991165,0.899355018051109,0.348580434018745,0.548745669239593,0.430822050988817,"LGALS1",1,"2"
"GO:0003044","regulation of systemic arterial blood pressure mediated by a chemical signal","1/253","17/10170",0.0588235294117647,2.36456637991165,0.899355018051109,0.348580434018745,0.548745669239593,0.430822050988817,"CTSZ",1,"2"
"GO:0003171","atrioventricular valve development","1/253","17/10170",0.0588235294117647,2.36456637991165,0.899355018051109,0.348580434018745,0.548745669239593,0.430822050988817,"BMP2",1,"2"
"GO:0003181","atrioventricular valve morphogenesis","1/253","17/10170",0.0588235294117647,2.36456637991165,0.899355018051109,0.348580434018745,0.548745669239593,0.430822050988817,"BMP2",1,"2"
"GO:0006026","aminoglycan catabolic process","1/253","17/10170",0.0588235294117647,2.36456637991165,0.899355018051109,0.348580434018745,0.548745669239593,0.430822050988817,"IDS",1,"2"
"GO:0006684","sphingomyelin metabolic process","1/253","17/10170",0.0588235294117647,2.36456637991165,0.899355018051109,0.348580434018745,0.548745669239593,0.430822050988817,"SGMS2",1,"2"
"GO:0006743","ubiquinone metabolic process","1/253","17/10170",0.0588235294117647,2.36456637991165,0.899355018051109,0.348580434018745,0.548745669239593,0.430822050988817,"STARD7",1,"2"
"GO:0010839","negative regulation of keratinocyte proliferation","1/253","17/10170",0.0588235294117647,2.36456637991165,0.899355018051109,0.348580434018745,0.548745669239593,0.430822050988817,"SFN",1,"2"
"GO:0010866","regulation of triglyceride biosynthetic process","1/253","17/10170",0.0588235294117647,2.36456637991165,0.899355018051109,0.348580434018745,0.548745669239593,0.430822050988817,"LDLR",1,"2"
"GO:0010888","negative regulation of lipid storage","1/253","17/10170",0.0588235294117647,2.36456637991165,0.899355018051109,0.348580434018745,0.548745669239593,0.430822050988817,"ITGAV",1,"2"
"GO:0010893","positive regulation of steroid biosynthetic process","1/253","17/10170",0.0588235294117647,2.36456637991165,0.899355018051109,0.348580434018745,0.548745669239593,0.430822050988817,"QKI",1,"2"
"GO:0010951","negative regulation of endopeptidase activity","1/253","17/10170",0.0588235294117647,2.36456637991165,0.899355018051109,0.348580434018745,0.548745669239593,0.430822050988817,"SPOCK2",1,"2"
"GO:0030150","protein import into mitochondrial matrix","1/253","17/10170",0.0588235294117647,2.36456637991165,0.899355018051109,0.348580434018745,0.548745669239593,0.430822050988817,"TOMM7",1,"2"
"GO:0032309","icosanoid secretion","1/253","17/10170",0.0588235294117647,2.36456637991165,0.899355018051109,0.348580434018745,0.548745669239593,0.430822050988817,"PTGS2",1,"2"
"GO:0032482","Rab protein signal transduction","1/253","17/10170",0.0588235294117647,2.36456637991165,0.899355018051109,0.348580434018745,0.548745669239593,0.430822050988817,"RAB21",1,"2"
"GO:0035089","establishment of apical/basal cell polarity","1/253","17/10170",0.0588235294117647,2.36456637991165,0.899355018051109,0.348580434018745,0.548745669239593,0.430822050988817,"MSN",1,"2"
"GO:0035137","hindlimb morphogenesis","1/253","17/10170",0.0588235294117647,2.36456637991165,0.899355018051109,0.348580434018745,0.548745669239593,0.430822050988817,"CTNNB1",1,"2"
"GO:0043101","purine-containing compound salvage","1/253","17/10170",0.0588235294117647,2.36456637991165,0.899355018051109,0.348580434018745,0.548745669239593,0.430822050988817,"NAMPT",1,"2"
"GO:0043173","nucleotide salvage","1/253","17/10170",0.0588235294117647,2.36456637991165,0.899355018051109,0.348580434018745,0.548745669239593,0.430822050988817,"NAMPT",1,"2"
"GO:0045056","transcytosis","1/253","17/10170",0.0588235294117647,2.36456637991165,0.899355018051109,0.348580434018745,0.548745669239593,0.430822050988817,"CLTC",1,"2"
"GO:0048483","autonomic nervous system development","1/253","17/10170",0.0588235294117647,2.36456637991165,0.899355018051109,0.348580434018745,0.548745669239593,0.430822050988817,"CTNNB1",1,"2"
"GO:0048741","skeletal muscle fiber development","1/253","17/10170",0.0588235294117647,2.36456637991165,0.899355018051109,0.348580434018745,0.548745669239593,0.430822050988817,"CAV2",1,"2"
"GO:0051281","positive regulation of release of sequestered calcium ion into cytosol","1/253","17/10170",0.0588235294117647,2.36456637991165,0.899355018051109,0.348580434018745,0.548745669239593,0.430822050988817,"CALM2",1,"2"
"GO:0051450","myoblast proliferation","1/253","17/10170",0.0588235294117647,2.36456637991165,0.899355018051109,0.348580434018745,0.548745669239593,0.430822050988817,"CTNNB1",1,"2"
"GO:0055078","sodium ion homeostasis","1/253","17/10170",0.0588235294117647,2.36456637991165,0.899355018051109,0.348580434018745,0.548745669239593,0.430822050988817,"ATP1B3",1,"2"
"GO:0060055","angiogenesis involved in wound healing","1/253","17/10170",0.0588235294117647,2.36456637991165,0.899355018051109,0.348580434018745,0.548745669239593,0.430822050988817,"VEGFA",1,"2"
"GO:0061620","glycolytic process through glucose-6-phosphate","1/253","17/10170",0.0588235294117647,2.36456637991165,0.899355018051109,0.348580434018745,0.548745669239593,0.430822050988817,"ENO1",1,"2"
"GO:0071243","cellular response to arsenic-containing substance","1/253","17/10170",0.0588235294117647,2.36456637991165,0.899355018051109,0.348580434018745,0.548745669239593,0.430822050988817,"DDX3X",1,"2"
"GO:0071498","cellular response to fluid shear stress","1/253","17/10170",0.0588235294117647,2.36456637991165,0.899355018051109,0.348580434018745,0.548745669239593,0.430822050988817,"PTGS2",1,"2"
"GO:0071875","adrenergic receptor signaling pathway","1/253","17/10170",0.0588235294117647,2.36456637991165,0.899355018051109,0.348580434018745,0.548745669239593,0.430822050988817,"GNAS",1,"2"
"GO:0072010","glomerular epithelium development","1/253","17/10170",0.0588235294117647,2.36456637991165,0.899355018051109,0.348580434018745,0.548745669239593,0.430822050988817,"IQGAP1",1,"2"
"GO:0072311","glomerular epithelial cell differentiation","1/253","17/10170",0.0588235294117647,2.36456637991165,0.899355018051109,0.348580434018745,0.548745669239593,0.430822050988817,"IQGAP1",1,"2"
"GO:0090201","negative regulation of release of cytochrome c from mitochondria","1/253","17/10170",0.0588235294117647,2.36456637991165,0.899355018051109,0.348580434018745,0.548745669239593,0.430822050988817,"LMNA",1,"2"
"GO:0090205","positive regulation of cholesterol metabolic process","1/253","17/10170",0.0588235294117647,2.36456637991165,0.899355018051109,0.348580434018745,0.548745669239593,0.430822050988817,"QKI",1,"2"
"GO:0098761","cellular response to interleukin-7","1/253","17/10170",0.0588235294117647,2.36456637991165,0.899355018051109,0.348580434018745,0.548745669239593,0.430822050988817,"YBX1",1,"2"
"GO:0099174","regulation of presynapse organization","1/253","17/10170",0.0588235294117647,2.36456637991165,0.899355018051109,0.348580434018745,0.548745669239593,0.430822050988817,"ARF6",1,"2"
"GO:1902004","positive regulation of amyloid-beta formation","1/253","17/10170",0.0588235294117647,2.36456637991165,0.899355018051109,0.348580434018745,0.548745669239593,0.430822050988817,"ROCK2",1,"2"
"GO:1903579","negative regulation of ATP metabolic process","1/253","17/10170",0.0588235294117647,2.36456637991165,0.899355018051109,0.348580434018745,0.548745669239593,0.430822050988817,"NUPR1",1,"2"
"GO:1905523","positive regulation of macrophage migration","1/253","17/10170",0.0588235294117647,2.36456637991165,0.899355018051109,0.348580434018745,0.548745669239593,0.430822050988817,"RTN4",1,"2"
"GO:2000114","regulation of establishment of cell polarity","1/253","17/10170",0.0588235294117647,2.36456637991165,0.899355018051109,0.348580434018745,0.548745669239593,0.430822050988817,"ROCK2",1,"2"
"GO:2000319","regulation of T-helper 17 cell differentiation","1/253","17/10170",0.0588235294117647,2.36456637991165,0.899355018051109,0.348580434018745,0.548745669239593,0.430822050988817,"LGALS1",1,"2"
"GO:0018108","peptidyl-tyrosine phosphorylation","4/253","120/10170",0.0333333333333333,1.3399209486166,0.598266589124183,0.349353856991677,0.549498286751511,0.43141293350192,"NEDD9/VEGFA/NRG1/EGFR",4,"2"
"GO:0050801","monoatomic ion homeostasis","10/253","343/10170",0.0291545189504373,1.17194252065592,0.517403186182393,0.349384438551376,0.549498286751511,0.43141293350192,"CALM2/DDIT3/CHP1/ATF4/ATP1B3/FTL/TPT1/FTH1/FLNA/CAV2",10,"2"
"GO:0043484","regulation of RNA splicing","5/253","157/10170",0.0318471337579618,1.28017925027064,0.565083874949247,0.352315912418636,0.553850469312653,0.434829846513493,"MBNL1/RBM3/QKI/CELF2/SF3B5",5,"2"
"GO:0010876","lipid localization","8/253","269/10170",0.0297397769516729,1.19546850434195,0.518946547868543,0.354222270502716,0.556421640563607,0.43684848161874,"ITGAV/PTGS2/LDLR/STARD7/EHD1/ABCA7/APOC1/SFTPA1",8,"2"
"GO:0033627","cell adhesion mediated by integrin","2/253","50/10170",0.04,1.60790513833992,0.688239806585784,0.354450241809035,0.556421640563607,0.43684848161874,"ITGAV/ITGB1",2,"2"
"GO:0044773","mitotic DNA damage checkpoint signaling","2/253","50/10170",0.04,1.60790513833992,0.688239806585784,0.354450241809035,0.556421640563607,0.43684848161874,"WAC/CCND1",2,"2"
"GO:0002687","positive regulation of leukocyte migration","3/253","85/10170",0.0352941176470588,1.41873982794699,0.619191533622415,0.354776550181422,0.556421640563607,0.43684848161874,"RTN4/NEDD9/VEGFA",3,"2"
"GO:0035710","CD4-positive, alpha-beta T cell activation","3/253","85/10170",0.0352941176470588,1.41873982794699,0.619191533622415,0.354776550181422,0.556421640563607,0.43684848161874,"LGALS1/CD81/CEBPB",3,"2"
"GO:0018212","peptidyl-tyrosine modification","4/253","121/10170",0.0330578512396694,1.32884722176853,0.581212126359631,0.355031456967918,0.556562562945524,0.436959120249732,"NEDD9/VEGFA/NRG1/EGFR",4,"2"
"GO:0030162","regulation of proteolysis","9/253","307/10170",0.0293159609120521,1.17843210464652,0.507045458201644,0.355468361808788,0.556988529748714,0.437293548204413,"CTSZ/ENO1/TIMP2/NEDD8/NUPR1/RBX1/WAC/MYH9/SPOCK2",9,"2"
"GO:0031396","regulation of protein ubiquitination","5/253","159/10170",0.0314465408805031,1.26407636661943,0.536041723762151,0.362228359014221,0.558650956118926,0.438598724679746,"CHP1/CTNNB1/DDX3X/RBX1/NXN",5,"2"
"GO:0006835","dicarboxylic acid transport","2/253","51/10170",0.0392156862745098,1.57637758660777,0.659071606147601,0.363480714045919,0.558650956118926,0.438598724679746,"ITGB1/GJA1",2,"2"
"GO:0010803","regulation of tumor necrosis factor-mediated signaling pathway","2/253","51/10170",0.0392156862745098,1.57637758660777,0.659071606147601,0.363480714045919,0.558650956118926,0.438598724679746,"MAPKAPK2/PPP2CB",2,"2"
"GO:0015807","L-amino acid transport","2/253","51/10170",0.0392156862745098,1.57637758660777,0.659071606147601,0.363480714045919,0.558650956118926,0.438598724679746,"SLC38A1/ITGB1",2,"2"
"GO:0042058","regulation of epidermal growth factor receptor signaling pathway","2/253","51/10170",0.0392156862745098,1.57637758660777,0.659071606147601,0.363480714045919,0.558650956118926,0.438598724679746,"DUSP3/EGFR",2,"2"
"GO:0046323","D-glucose import","2/253","51/10170",0.0392156862745098,1.57637758660777,0.659071606147601,0.363480714045919,0.558650956118926,0.438598724679746,"MEF2A/RHOQ",2,"2"
"GO:0050672","negative regulation of lymphocyte proliferation","2/253","51/10170",0.0392156862745098,1.57637758660777,0.659071606147601,0.363480714045919,0.558650956118926,0.438598724679746,"PRKAR1A/CEBPB",2,"2"
"GO:0071709","membrane assembly","2/253","51/10170",0.0392156862745098,1.57637758660777,0.659071606147601,0.363480714045919,0.558650956118926,0.438598724679746,"IQGAP1/CAV2",2,"2"
"GO:0001702","gastrulation with mouth forming second","1/253","18/10170",0.0555555555555556,2.23320158102767,0.83638021053074,0.364812990917519,0.558650956118926,0.438598724679746,"CTNNB1",1,"2"
"GO:0001945","lymph vessel development","1/253","18/10170",0.0555555555555556,2.23320158102767,0.83638021053074,0.364812990917519,0.558650956118926,0.438598724679746,"VEGFA",1,"2"
"GO:0002092","positive regulation of receptor internalization","1/253","18/10170",0.0555555555555556,2.23320158102767,0.83638021053074,0.364812990917519,0.558650956118926,0.438598724679746,"VEGFA",1,"2"
"GO:0003180","aortic valve morphogenesis","1/253","18/10170",0.0555555555555556,2.23320158102767,0.83638021053074,0.364812990917519,0.558650956118926,0.438598724679746,"ROCK2",1,"2"
"GO:0003203","endocardial cushion morphogenesis","1/253","18/10170",0.0555555555555556,2.23320158102767,0.83638021053074,0.364812990917519,0.558650956118926,0.438598724679746,"BMP2",1,"2"
"GO:0003230","cardiac atrium development","1/253","18/10170",0.0555555555555556,2.23320158102767,0.83638021053074,0.364812990917519,0.558650956118926,0.438598724679746,"BMP2",1,"2"
"GO:0003401","axis elongation","1/253","18/10170",0.0555555555555556,2.23320158102767,0.83638021053074,0.364812990917519,0.558650956118926,0.438598724679746,"YAP1",1,"2"
"GO:0006907","pinocytosis","1/253","18/10170",0.0555555555555556,2.23320158102767,0.83638021053074,0.364812990917519,0.558650956118926,0.438598724679746,"MAPKAPK2",1,"2"
"GO:0009067","aspartate family amino acid biosynthetic process","1/253","18/10170",0.0555555555555556,2.23320158102767,0.83638021053074,0.364812990917519,0.558650956118926,0.438598724679746,"ASNS",1,"2"
"GO:0010882","regulation of cardiac muscle contraction by calcium ion signaling","1/253","18/10170",0.0555555555555556,2.23320158102767,0.83638021053074,0.364812990917519,0.558650956118926,0.438598724679746,"CALM2",1,"2"
"GO:0014850","response to muscle activity","1/253","18/10170",0.0555555555555556,2.23320158102767,0.83638021053074,0.364812990917519,0.558650956118926,0.438598724679746,"ITGB1",1,"2"
"GO:0016486","peptide hormone processing","1/253","18/10170",0.0555555555555556,2.23320158102767,0.83638021053074,0.364812990917519,0.558650956118926,0.438598724679746,"CTSZ",1,"2"
"GO:0031646","positive regulation of nervous system process","1/253","18/10170",0.0555555555555556,2.23320158102767,0.83638021053074,0.364812990917519,0.558650956118926,0.438598724679746,"QKI",1,"2"
"GO:0032620","interleukin-17 production","1/253","18/10170",0.0555555555555556,2.23320158102767,0.83638021053074,0.364812990917519,0.558650956118926,0.438598724679746,"DDIT3",1,"2"
"GO:0032660","regulation of interleukin-17 production","1/253","18/10170",0.0555555555555556,2.23320158102767,0.83638021053074,0.364812990917519,0.558650956118926,0.438598724679746,"DDIT3",1,"2"
"GO:0032727","positive regulation of interferon-alpha production","1/253","18/10170",0.0555555555555556,2.23320158102767,0.83638021053074,0.364812990917519,0.558650956118926,0.438598724679746,"DDX3X",1,"2"
"GO:0034315","regulation of Arp2/3 complex-mediated actin nucleation","1/253","18/10170",0.0555555555555556,2.23320158102767,0.83638021053074,0.364812990917519,0.558650956118926,0.438598724679746,"NCKAP1",1,"2"
"GO:0034391","regulation of smooth muscle cell apoptotic process","1/253","18/10170",0.0555555555555556,2.23320158102767,0.83638021053074,0.364812990917519,0.558650956118926,0.438598724679746,"ATF4",1,"2"
"GO:0035024","negative regulation of Rho protein signal transduction","1/253","18/10170",0.0555555555555556,2.23320158102767,0.83638021053074,0.364812990917519,0.558650956118926,0.438598724679746,"ITGB1",1,"2"
"GO:0035335","peptidyl-tyrosine dephosphorylation","1/253","18/10170",0.0555555555555556,2.23320158102767,0.83638021053074,0.364812990917519,0.558650956118926,0.438598724679746,"DUSP3",1,"2"
"GO:0035458","cellular response to interferon-beta","1/253","18/10170",0.0555555555555556,2.23320158102767,0.83638021053074,0.364812990917519,0.558650956118926,0.438598724679746,"CAPN2",1,"2"
"GO:0035493","SNARE complex assembly","1/253","18/10170",0.0555555555555556,2.23320158102767,0.83638021053074,0.364812990917519,0.558650956118926,0.438598724679746,"VAMP8",1,"2"
"GO:0045606","positive regulation of epidermal cell differentiation","1/253","18/10170",0.0555555555555556,2.23320158102767,0.83638021053074,0.364812990917519,0.558650956118926,0.438598724679746,"SFN",1,"2"
"GO:0045745","positive regulation of G protein-coupled receptor signaling pathway","1/253","18/10170",0.0555555555555556,2.23320158102767,0.83638021053074,0.364812990917519,0.558650956118926,0.438598724679746,"CAV2",1,"2"
"GO:0045980","negative regulation of nucleotide metabolic process","1/253","18/10170",0.0555555555555556,2.23320158102767,0.83638021053074,0.364812990917519,0.558650956118926,0.438598724679746,"NUPR1",1,"2"
"GO:0046596","regulation of viral entry into host cell","1/253","18/10170",0.0555555555555556,2.23320158102767,0.83638021053074,0.364812990917519,0.558650956118926,0.438598724679746,"LGALS1",1,"2"
"GO:0046716","muscle cell cellular homeostasis","1/253","18/10170",0.0555555555555556,2.23320158102767,0.83638021053074,0.364812990917519,0.558650956118926,0.438598724679746,"CFL2",1,"2"
"GO:0051480","regulation of cytosolic calcium ion concentration","1/253","18/10170",0.0555555555555556,2.23320158102767,0.83638021053074,0.364812990917519,0.558650956118926,0.438598724679746,"CAV2",1,"2"
"GO:0060795","cell fate commitment involved in formation of primary germ layer","1/253","18/10170",0.0555555555555556,2.23320158102767,0.83638021053074,0.364812990917519,0.558650956118926,0.438598724679746,"CTNNB1",1,"2"
"GO:0061162","establishment of monopolar cell polarity","1/253","18/10170",0.0555555555555556,2.23320158102767,0.83638021053074,0.364812990917519,0.558650956118926,0.438598724679746,"MSN",1,"2"
"GO:0061339","establishment or maintenance of monopolar cell polarity","1/253","18/10170",0.0555555555555556,2.23320158102767,0.83638021053074,0.364812990917519,0.558650956118926,0.438598724679746,"MSN",1,"2"
"GO:0071474","cellular hyperosmotic response","1/253","18/10170",0.0555555555555556,2.23320158102767,0.83638021053074,0.364812990917519,0.558650956118926,0.438598724679746,"YBX3",1,"2"
"GO:0071786","endoplasmic reticulum tubular network organization","1/253","18/10170",0.0555555555555556,2.23320158102767,0.83638021053074,0.364812990917519,0.558650956118926,0.438598724679746,"RTN4",1,"2"
"GO:0090110","COPII-coated vesicle cargo loading","1/253","18/10170",0.0555555555555556,2.23320158102767,0.83638021053074,0.364812990917519,0.558650956118926,0.438598724679746,"INSIG1",1,"2"
"GO:0090279","regulation of calcium ion import","1/253","18/10170",0.0555555555555556,2.23320158102767,0.83638021053074,0.364812990917519,0.558650956118926,0.438598724679746,"CTNNB1",1,"2"
"GO:0098760","response to interleukin-7","1/253","18/10170",0.0555555555555556,2.23320158102767,0.83638021053074,0.364812990917519,0.558650956118926,0.438598724679746,"YBX1",1,"2"
"GO:0099149","regulation of postsynaptic neurotransmitter receptor internalization","1/253","18/10170",0.0555555555555556,2.23320158102767,0.83638021053074,0.364812990917519,0.558650956118926,0.438598724679746,"NRG1",1,"2"
"GO:0099558","maintenance of synapse structure","1/253","18/10170",0.0555555555555556,2.23320158102767,0.83638021053074,0.364812990917519,0.558650956118926,0.438598724679746,"ARF6",1,"2"
"GO:1900543","negative regulation of purine nucleotide metabolic process","1/253","18/10170",0.0555555555555556,2.23320158102767,0.83638021053074,0.364812990917519,0.558650956118926,0.438598724679746,"NUPR1",1,"2"
"GO:1903232","melanosome assembly","1/253","18/10170",0.0555555555555556,2.23320158102767,0.83638021053074,0.364812990917519,0.558650956118926,0.438598724679746,"RAB32",1,"2"
"GO:1905146","lysosomal protein catabolic process","1/253","18/10170",0.0555555555555556,2.23320158102767,0.83638021053074,0.364812990917519,0.558650956118926,0.438598724679746,"LDLR",1,"2"
"GO:1905244","regulation of modification of synaptic structure","1/253","18/10170",0.0555555555555556,2.23320158102767,0.83638021053074,0.364812990917519,0.558650956118926,0.438598724679746,"KIF5B",1,"2"
"GO:0072594","establishment of protein localization to organelle","11/253","386/10170",0.0284974093264249,1.14552827213336,0.465577550346901,0.365685856193789,0.55973341220402,0.439448564554258,"PTGS2/DDIT3/SEC61G/LMNA/TIMM8B/CHP1/TRAM1/NFATC3/TOMM7/UBL5/FLNA",11,"2"
"GO:0042391","regulation of membrane potential","6/253","197/10170",0.0304568527918782,1.22429325254309,0.507744982013185,0.366184574533008,0.559988383367484,0.439648743263165,"NDUFC2/YWHAH/ATP1B3/KIF5B/FLNA/GJA1",6,"2"
"GO:0070661","leukocyte proliferation","6/253","197/10170",0.0304568527918782,1.22429325254309,0.507744982013185,0.366184574533008,0.559988383367484,0.439648743263165,"PRKAR1A/CTNNB1/CD81/MSN/CEBPB/GJA1",6,"2"
"GO:0007286","spermatid development","3/253","87/10170",0.0344827586206897,1.38612511925855,0.577699545412896,0.368409618670393,0.56237086199935,0.441519235165251,"AGFG1/QKI/SLIRP",3,"2"
"GO:0008277","regulation of G protein-coupled receptor signaling pathway","3/253","87/10170",0.0344827586206897,1.38612511925855,0.577699545412896,0.368409618670393,0.56237086199935,0.441519235165251,"DYNLT1/ROCK2/CAV2",3,"2"
"GO:0043547","positive regulation of GTPase activity","3/253","87/10170",0.0344827586206897,1.38612511925855,0.577699545412896,0.368409618670393,0.56237086199935,0.441519235165251,"LIMS1/ITGB1/CAV2",3,"2"
"GO:1903900","regulation of viral life cycle","3/253","87/10170",0.0344827586206897,1.38612511925855,0.577699545412896,0.368409618670393,0.56237086199935,0.441519235165251,"LGALS1/PABPC1/DDX3X",3,"2"
"GO:0006081","aldehyde metabolic process","2/253","52/10170",0.0384615384615385,1.54606263301915,0.630530386280797,0.372463316480373,0.567274753013469,0.445369296319184,"PDXK/BMP2",2,"2"
"GO:0006879","intracellular iron ion homeostasis","2/253","52/10170",0.0384615384615385,1.54606263301915,0.630530386280797,0.372463316480373,0.567274753013469,0.445369296319184,"FTL/FTH1",2,"2"
"GO:0032945","negative regulation of mononuclear cell proliferation","2/253","52/10170",0.0384615384615385,1.54606263301915,0.630530386280797,0.372463316480373,0.567274753013469,0.445369296319184,"PRKAR1A/CEBPB",2,"2"
"GO:0044774","mitotic DNA integrity checkpoint signaling","2/253","52/10170",0.0384615384615385,1.54606263301915,0.630530386280797,0.372463316480373,0.567274753013469,0.445369296319184,"WAC/CCND1",2,"2"
"GO:1904356","regulation of telomere maintenance via telomere lengthening","2/253","52/10170",0.0384615384615385,1.54606263301915,0.630530386280797,0.372463316480373,0.567274753013469,0.445369296319184,"CTNNB1/HNRNPD",2,"2"
"GO:0007018","microtubule-based movement","8/253","274/10170",0.0291970802919708,1.17365338564958,0.465412368602273,0.373145260401753,0.568056802742533,0.445983286163911,"DYNC1I2/RAB21/DYNLT1/DST/KIF5B/HSPB1/MAP2/SLIRP",8,"2"
"GO:0009154","purine ribonucleotide catabolic process","3/253","88/10170",0.0340909090909091,1.3703736974488,0.557336331042774,0.375208200846308,0.568186294039129,0.446084950211778,"ENO1/HINT1/NUPR1",3,"2"
"GO:0031960","response to corticosteroid","3/253","88/10170",0.0340909090909091,1.3703736974488,0.557336331042774,0.375208200846308,0.568186294039129,0.446084950211778,"PTGS2/CFLAR/EGFR",3,"2"
"GO:1903432","regulation of TORC1 signaling","3/253","88/10170",0.0340909090909091,1.3703736974488,0.557336331042774,0.375208200846308,0.568186294039129,0.446084950211778,"RBX1/WAC/RHEB",3,"2"
"GO:0006605","protein targeting","8/253","275/10170",0.0290909090909091,1.16938555515631,0.454824705663111,0.37694057065592,0.568186294039129,0.446084950211778,"MYO1C/SEC61G/TIMM8B/STOM/CHP1/TRAM1/TOMM7/UBL5",8,"2"
"GO:0010817","regulation of hormone levels","8/253","275/10170",0.0290909090909091,1.16938555515631,0.454824705663111,0.37694057065592,0.568186294039129,0.446084950211778,"PRKAR1A/CTSZ/RAB11FIP1/VAMP8/GNAS/EGFR/GJA1/BMP2",8,"2"
"GO:0022618","protein-RNA complex assembly","5/253","162/10170",0.0308641975308642,1.24066754501537,0.493185857586884,0.377109687295031,0.568186294039129,0.446084950211778,"SNRPB2/FAU/CELF2/EIF2S2/SF3B5",5,"2"
"GO:0043087","regulation of GTPase activity","4/253","125/10170",0.032,1.28632411067194,0.514454753097998,0.377730846740729,0.568186294039129,0.446084950211778,"LIMS1/ITGB1/RDX/CAV2",4,"2"
"GO:0000578","embryonic axis specification","1/253","19/10170",0.0526315789473684,2.11566465571042,0.777437148954543,0.38064261200675,0.568186294039129,0.446084950211778,"CTNNB1",1,"2"
"GO:0002335","mature B cell differentiation","1/253","19/10170",0.0526315789473684,2.11566465571042,0.777437148954543,0.38064261200675,0.568186294039129,0.446084950211778,"LGALS1",1,"2"
"GO:0002726","positive regulation of T cell cytokine production","1/253","19/10170",0.0526315789473684,2.11566465571042,0.777437148954543,0.38064261200675,0.568186294039129,0.446084950211778,"CD81",1,"2"
"GO:0006007","glucose catabolic process","1/253","19/10170",0.0526315789473684,2.11566465571042,0.777437148954543,0.38064261200675,0.568186294039129,0.446084950211778,"ENO1",1,"2"
"GO:0010743","regulation of macrophage derived foam cell differentiation","1/253","19/10170",0.0526315789473684,2.11566465571042,0.777437148954543,0.38064261200675,0.568186294039129,0.446084950211778,"ITGAV",1,"2"
"GO:0010875","positive regulation of cholesterol efflux","1/253","19/10170",0.0526315789473684,2.11566465571042,0.777437148954543,0.38064261200675,0.568186294039129,0.446084950211778,"ABCA7",1,"2"
"GO:0010878","cholesterol storage","1/253","19/10170",0.0526315789473684,2.11566465571042,0.777437148954543,0.38064261200675,0.568186294039129,0.446084950211778,"EHD1",1,"2"
"GO:0010880","regulation of release of sequestered calcium ion into cytosol by sarcoplasmic reticulum","1/253","19/10170",0.0526315789473684,2.11566465571042,0.777437148954543,0.38064261200675,0.568186294039129,0.446084950211778,"CALM2",1,"2"
"GO:0014904","myotube cell development","1/253","19/10170",0.0526315789473684,2.11566465571042,0.777437148954543,0.38064261200675,0.568186294039129,0.446084950211778,"CAV2",1,"2"
"GO:0015012","heparan sulfate proteoglycan biosynthetic process","1/253","19/10170",0.0526315789473684,2.11566465571042,0.777437148954543,0.38064261200675,0.568186294039129,0.446084950211778,"CTNNB1",1,"2"
"GO:0031069","hair follicle morphogenesis","1/253","19/10170",0.0526315789473684,2.11566465571042,0.777437148954543,0.38064261200675,0.568186294039129,0.446084950211778,"CTNNB1",1,"2"
"GO:0032878","regulation of establishment or maintenance of cell polarity","1/253","19/10170",0.0526315789473684,2.11566465571042,0.777437148954543,0.38064261200675,0.568186294039129,0.446084950211778,"ROCK2",1,"2"
"GO:0032925","regulation of activin receptor signaling pathway","1/253","19/10170",0.0526315789473684,2.11566465571042,0.777437148954543,0.38064261200675,0.568186294039129,0.446084950211778,"FSTL3",1,"2"
"GO:0033280","response to vitamin D","1/253","19/10170",0.0526315789473684,2.11566465571042,0.777437148954543,0.38064261200675,0.568186294039129,0.446084950211778,"PTGS2",1,"2"
"GO:0034390","smooth muscle cell apoptotic process","1/253","19/10170",0.0526315789473684,2.11566465571042,0.777437148954543,0.38064261200675,0.568186294039129,0.446084950211778,"ATF4",1,"2"
"GO:0042401","biogenic amine biosynthetic process","1/253","19/10170",0.0526315789473684,2.11566465571042,0.777437148954543,0.38064261200675,0.568186294039129,0.446084950211778,"OAZ1",1,"2"
"GO:0043373","CD4-positive, alpha-beta T cell lineage commitment","1/253","19/10170",0.0526315789473684,2.11566465571042,0.777437148954543,0.38064261200675,0.568186294039129,0.446084950211778,"LGALS1",1,"2"
"GO:0043555","regulation of translation in response to stress","1/253","19/10170",0.0526315789473684,2.11566465571042,0.777437148954543,0.38064261200675,0.568186294039129,0.446084950211778,"DDX3X",1,"2"
"GO:0044342","type B pancreatic cell proliferation","1/253","19/10170",0.0526315789473684,2.11566465571042,0.777437148954543,0.38064261200675,0.568186294039129,0.446084950211778,"NUPR1",1,"2"
"GO:0045124","regulation of bone resorption","1/253","19/10170",0.0526315789473684,2.11566465571042,0.777437148954543,0.38064261200675,0.568186294039129,0.446084950211778,"EGFR",1,"2"
"GO:0045948","positive regulation of translational initiation","1/253","19/10170",0.0526315789473684,2.11566465571042,0.777437148954543,0.38064261200675,0.568186294039129,0.446084950211778,"DDX3X",1,"2"
"GO:0046580","negative regulation of Ras protein signal transduction","1/253","19/10170",0.0526315789473684,2.11566465571042,0.777437148954543,0.38064261200675,0.568186294039129,0.446084950211778,"PPP2CB",1,"2"
"GO:0046639","negative regulation of alpha-beta T cell differentiation","1/253","19/10170",0.0526315789473684,2.11566465571042,0.777437148954543,0.38064261200675,0.568186294039129,0.446084950211778,"LGALS1",1,"2"
"GO:0050982","detection of mechanical stimulus","1/253","19/10170",0.0526315789473684,2.11566465571042,0.777437148954543,0.38064261200675,0.568186294039129,0.446084950211778,"CTNNB1",1,"2"
"GO:0051131","chaperone-mediated protein complex assembly","1/253","19/10170",0.0526315789473684,2.11566465571042,0.777437148954543,0.38064261200675,0.568186294039129,0.446084950211778,"HOPX",1,"2"
"GO:0061436","establishment of skin barrier","1/253","19/10170",0.0526315789473684,2.11566465571042,0.777437148954543,0.38064261200675,0.568186294039129,0.446084950211778,"SFN",1,"2"
"GO:0061615","glycolytic process through fructose-6-phosphate","1/253","19/10170",0.0526315789473684,2.11566465571042,0.777437148954543,0.38064261200675,0.568186294039129,0.446084950211778,"ENO1",1,"2"
"GO:0090042","tubulin deacetylation","1/253","19/10170",0.0526315789473684,2.11566465571042,0.777437148954543,0.38064261200675,0.568186294039129,0.446084950211778,"FLNA",1,"2"
"GO:0097066","response to thyroid hormone","1/253","19/10170",0.0526315789473684,2.11566465571042,0.777437148954543,0.38064261200675,0.568186294039129,0.446084950211778,"RDX",1,"2"
"GO:1900078","positive regulation of cellular response to insulin stimulus","1/253","19/10170",0.0526315789473684,2.11566465571042,0.777437148954543,0.38064261200675,0.568186294039129,0.446084950211778,"MYO1C",1,"2"
"GO:1900102","negative regulation of endoplasmic reticulum unfolded protein response","1/253","19/10170",0.0526315789473684,2.11566465571042,0.777437148954543,0.38064261200675,0.568186294039129,0.446084950211778,"ABCA7",1,"2"
"GO:1900227","positive regulation of NLRP3 inflammasome complex assembly","1/253","19/10170",0.0526315789473684,2.11566465571042,0.777437148954543,0.38064261200675,0.568186294039129,0.446084950211778,"DDX3X",1,"2"
"GO:1901526","positive regulation of mitophagy","1/253","19/10170",0.0526315789473684,2.11566465571042,0.777437148954543,0.38064261200675,0.568186294039129,0.446084950211778,"TOMM7",1,"2"
"GO:1901661","quinone metabolic process","1/253","19/10170",0.0526315789473684,2.11566465571042,0.777437148954543,0.38064261200675,0.568186294039129,0.446084950211778,"STARD7",1,"2"
"GO:1902074","response to salt","1/253","19/10170",0.0526315789473684,2.11566465571042,0.777437148954543,0.38064261200675,0.568186294039129,0.446084950211778,"HNRNPD",1,"2"
"GO:0006644","phospholipid metabolic process","8/253","276/10170",0.0289855072463768,1.16514865097096,0.444275992891414,0.380738585855439,0.568186294039129,0.446084950211778,"LDLR/CHP1/FDPS/HMGCS1/CAPN2/MVD/SGMS2/APOC1",8,"2"
"GO:0002275","myeloid cell activation involved in immune response","2/253","53/10170",0.0377358490566038,1.51689163994332,0.602588439388776,0.381394845201231,0.568186294039129,0.446084950211778,"VAMP8/UNC13D",2,"2"
"GO:0043242","negative regulation of protein-containing complex disassembly","2/253","53/10170",0.0377358490566038,1.51689163994332,0.602588439388776,0.381394845201231,0.568186294039129,0.446084950211778,"CAPG/RDX",2,"2"
"GO:0050764","regulation of phagocytosis","2/253","53/10170",0.0377358490566038,1.51689163994332,0.602588439388776,0.381394845201231,0.568186294039129,0.446084950211778,"ITGAV/ABCA7",2,"2"
"GO:0021782","glial cell development","3/253","89/10170",0.0337078651685393,1.35497624017409,0.537219426311607,0.381992386888109,0.568186294039129,0.446084950211778,"NDRG1/LDLR/EGFR",3,"2"
"GO:0035107","appendage morphogenesis","3/253","89/10170",0.0337078651685393,1.35497624017409,0.537219426311607,0.381992386888109,0.568186294039129,0.446084950211778,"MBNL1/CTNNB1/GJA1",3,"2"
"GO:0035108","limb morphogenesis","3/253","89/10170",0.0337078651685393,1.35497624017409,0.537219426311607,0.381992386888109,0.568186294039129,0.446084950211778,"MBNL1/CTNNB1/GJA1",3,"2"
"GO:0048024","regulation of mRNA splicing, via spliceosome","3/253","89/10170",0.0337078651685393,1.35497624017409,0.537219426311607,0.381992386888109,0.568186294039129,0.446084950211778,"RBM3/QKI/CELF2",3,"2"
"GO:0050728","negative regulation of inflammatory response","3/253","89/10170",0.0337078651685393,1.35497624017409,0.537219426311607,0.381992386888109,0.568186294039129,0.446084950211778,"LDLR/GNAS/TMSB4X",3,"2"
"GO:1904950","negative regulation of establishment of protein localization","3/253","89/10170",0.0337078651685393,1.35497624017409,0.537219426311607,0.381992386888109,0.568186294039129,0.446084950211778,"RAB11FIP1/CHP1/INSIG1",3,"2"
"GO:0009411","response to UV","4/253","126/10170",0.0317460317460317,1.27611518915867,0.498117094387092,0.383397107392286,0.569773048094662,0.447330716101041,"ATF4/RBX1/CCND1/EGFR",4,"2"
"GO:0045055","regulated exocytosis","4/253","126/10170",0.0317460317460317,1.27611518915867,0.498117094387092,0.383397107392286,0.569773048094662,0.447330716101041,"RAB11FIP1/VAMP8/UNC13D/MYH9",4,"2"
"GO:0006935","chemotaxis","7/253","239/10170",0.0292887029288703,1.17733639836605,0.443107979646243,0.384683218146147,0.571180894578955,0.448436021060771,"ITGAV/TMSB4X/NEDD9/DUSP3/VEGFA/HSPB1/NRG1",7,"2"
"GO:0042330","taxis","7/253","239/10170",0.0292887029288703,1.17733639836605,0.443107979646243,0.384683218146147,0.571180894578955,0.448436021060771,"ITGAV/TMSB4X/NEDD9/DUSP3/VEGFA/HSPB1/NRG1",7,"2"
"GO:0009799","specification of symmetry","3/253","90/10170",0.0333333333333333,1.3399209486166,0.517342486826704,0.388760421708306,0.576177422997447,0.452358812149147,"DDIT3/CTNNB1/GJA1",3,"2"
"GO:0009855","determination of bilateral symmetry","3/253","90/10170",0.0333333333333333,1.3399209486166,0.517342486826704,0.388760421708306,0.576177422997447,0.452358812149147,"DDIT3/CTNNB1/GJA1",3,"2"
"GO:1901990","regulation of mitotic cell cycle phase transition","7/253","240/10170",0.0291666666666667,1.17243083003953,0.43177266382934,0.388776985759598,0.576177422997447,0.452358812149147,"ACTB/RGCC/DDX3X/WAC/RDX/CCND1/EGFR",7,"2"
"GO:1901605","alpha-amino acid metabolic process","4/253","127/10170",0.031496062992126,1.26606703806293,0.48191498605796,0.389057671567097,0.576177422997447,0.452358812149147,"ATF4/SLC38A1/DDAH1/ASNS",4,"2"
"GO:0008652","amino acid biosynthetic process","2/253","54/10170",0.037037037037037,1.48880105401845,0.575219805535671,0.390272283984921,0.576177422997447,0.452358812149147,"SLC38A1/ASNS",2,"2"
"GO:0019730","antimicrobial humoral response","2/253","54/10170",0.037037037037037,1.48880105401845,0.575219805535671,0.390272283984921,0.576177422997447,0.452358812149147,"FAU/PGC",2,"2"
"GO:2000036","regulation of stem cell population maintenance","2/253","54/10170",0.037037037037037,1.48880105401845,0.575219805535671,0.390272283984921,0.576177422997447,0.452358812149147,"ACTB/YAP1",2,"2"
"GO:0001818","negative regulation of cytokine production","5/253","165/10170",0.0303030303030303,1.21810995328782,0.451147066714739,0.391987008921841,0.576177422997447,0.452358812149147,"DDIT3/EZR/RGCC/RBX1/QKI",5,"2"
"GO:0001516","prostaglandin biosynthetic process","1/253","20/10170",0.05,2.0098814229249,0.722040548813,0.396079260530273,0.576177422997447,0.452358812149147,"PTGS2",1,"2"
"GO:0001919","regulation of receptor recycling","1/253","20/10170",0.05,2.0098814229249,0.722040548813,0.396079260530273,0.576177422997447,0.452358812149147,"LDLR",1,"2"
"GO:0003009","skeletal muscle contraction","1/253","20/10170",0.05,2.0098814229249,0.722040548813,0.396079260530273,0.576177422997447,0.452358812149147,"TNNC1",1,"2"
"GO:0009309","amine biosynthetic process","1/253","20/10170",0.05,2.0098814229249,0.722040548813,0.396079260530273,0.576177422997447,0.452358812149147,"OAZ1",1,"2"
"GO:0009583","detection of light stimulus","1/253","20/10170",0.05,2.0098814229249,0.722040548813,0.396079260530273,0.576177422997447,0.452358812149147,"GNAQ",1,"2"
"GO:0010614","negative regulation of cardiac muscle hypertrophy","1/253","20/10170",0.05,2.0098814229249,0.722040548813,0.396079260530273,0.576177422997447,0.452358812149147,"LMNA",1,"2"
"GO:0010804","negative regulation of tumor necrosis factor-mediated signaling pathway","1/253","20/10170",0.05,2.0098814229249,0.722040548813,0.396079260530273,0.576177422997447,0.452358812149147,"PPP2CB",1,"2"
"GO:0015844","monoamine transport","1/253","20/10170",0.05,2.0098814229249,0.722040548813,0.396079260530273,0.576177422997447,0.452358812149147,"ACTB",1,"2"
"GO:0016540","protein autoprocessing","1/253","20/10170",0.05,2.0098814229249,0.722040548813,0.396079260530273,0.576177422997447,0.452358812149147,"CAPN2",1,"2"
"GO:0022011","myelination in peripheral nervous system","1/253","20/10170",0.05,2.0098814229249,0.722040548813,0.396079260530273,0.576177422997447,0.452358812149147,"NDRG1",1,"2"
"GO:0032288","myelin assembly","1/253","20/10170",0.05,2.0098814229249,0.722040548813,0.396079260530273,0.576177422997447,0.452358812149147,"EPB41L3",1,"2"
"GO:0032292","peripheral nervous system axon ensheathment","1/253","20/10170",0.05,2.0098814229249,0.722040548813,0.396079260530273,0.576177422997447,0.452358812149147,"NDRG1",1,"2"
"GO:0032607","interferon-alpha production","1/253","20/10170",0.05,2.0098814229249,0.722040548813,0.396079260530273,0.576177422997447,0.452358812149147,"DDX3X",1,"2"
"GO:0032647","regulation of interferon-alpha production","1/253","20/10170",0.05,2.0098814229249,0.722040548813,0.396079260530273,0.576177422997447,0.452358812149147,"DDX3X",1,"2"
"GO:0032965","regulation of collagen biosynthetic process","1/253","20/10170",0.05,2.0098814229249,0.722040548813,0.396079260530273,0.576177422997447,0.452358812149147,"RGCC",1,"2"
"GO:0033233","regulation of protein sumoylation","1/253","20/10170",0.05,2.0098814229249,0.722040548813,0.396079260530273,0.576177422997447,0.452358812149147,"CTNNB1",1,"2"
"GO:0034643","establishment of mitochondrion localization, microtubule-mediated","1/253","20/10170",0.05,2.0098814229249,0.722040548813,0.396079260530273,0.576177422997447,0.452358812149147,"KIF5B",1,"2"
"GO:0042092","type 2 immune response","1/253","20/10170",0.05,2.0098814229249,0.722040548813,0.396079260530273,0.576177422997447,0.452358812149147,"CD81",1,"2"
"GO:0043153","entrainment of circadian clock by photoperiod","1/253","20/10170",0.05,2.0098814229249,0.722040548813,0.396079260530273,0.576177422997447,0.452358812149147,"PPP1CB",1,"2"
"GO:0043388","positive regulation of DNA binding","1/253","20/10170",0.05,2.0098814229249,0.722040548813,0.396079260530273,0.576177422997447,0.452358812149147,"CEBPG",1,"2"
"GO:0046039","GTP metabolic process","1/253","20/10170",0.05,2.0098814229249,0.722040548813,0.396079260530273,0.576177422997447,0.452358812149147,"RHOQ",1,"2"
"GO:0046457","prostanoid biosynthetic process","1/253","20/10170",0.05,2.0098814229249,0.722040548813,0.396079260530273,0.576177422997447,0.452358812149147,"PTGS2",1,"2"
"GO:0046827","positive regulation of protein export from nucleus","1/253","20/10170",0.05,2.0098814229249,0.722040548813,0.396079260530273,0.576177422997447,0.452358812149147,"SFN",1,"2"
"GO:0047497","mitochondrion transport along microtubule","1/253","20/10170",0.05,2.0098814229249,0.722040548813,0.396079260530273,0.576177422997447,0.452358812149147,"KIF5B",1,"2"
"GO:0051043","regulation of membrane protein ectodomain proteolysis","1/253","20/10170",0.05,2.0098814229249,0.722040548813,0.396079260530273,0.576177422997447,0.452358812149147,"TIMP2",1,"2"
"GO:0051353","positive regulation of oxidoreductase activity","1/253","20/10170",0.05,2.0098814229249,0.722040548813,0.396079260530273,0.576177422997447,0.452358812149147,"COX17",1,"2"
"GO:0051602","response to electrical stimulus","1/253","20/10170",0.05,2.0098814229249,0.722040548813,0.396079260530273,0.576177422997447,0.452358812149147,"HNRNPD",1,"2"
"GO:0061384","heart trabecula morphogenesis","1/253","20/10170",0.05,2.0098814229249,0.722040548813,0.396079260530273,0.576177422997447,0.452358812149147,"NRG1",1,"2"
"GO:0097106","postsynaptic density organization","1/253","20/10170",0.05,2.0098814229249,0.722040548813,0.396079260530273,0.576177422997447,0.452358812149147,"ARF6",1,"2"
"GO:0099633","protein localization to postsynaptic specialization membrane","1/253","20/10170",0.05,2.0098814229249,0.722040548813,0.396079260530273,0.576177422997447,0.452358812149147,"EPB41L3",1,"2"
"GO:0099645","neurotransmitter receptor localization to postsynaptic specialization membrane","1/253","20/10170",0.05,2.0098814229249,0.722040548813,0.396079260530273,0.576177422997447,0.452358812149147,"EPB41L3",1,"2"
"GO:0140448","signaling receptor ligand precursor processing","1/253","20/10170",0.05,2.0098814229249,0.722040548813,0.396079260530273,0.576177422997447,0.452358812149147,"CTSZ",1,"2"
"GO:0141087","positive regulation of inflammasome-mediated signaling pathway","1/253","20/10170",0.05,2.0098814229249,0.722040548813,0.396079260530273,0.576177422997447,0.452358812149147,"DDX3X",1,"2"
"GO:1901099","negative regulation of signal transduction in absence of ligand","1/253","20/10170",0.05,2.0098814229249,0.722040548813,0.396079260530273,0.576177422997447,0.452358812149147,"NRG1",1,"2"
"GO:1901186","positive regulation of ERBB signaling pathway","1/253","20/10170",0.05,2.0098814229249,0.722040548813,0.396079260530273,0.576177422997447,0.452358812149147,"RTN4",1,"2"
"GO:1901983","regulation of protein acetylation","1/253","20/10170",0.05,2.0098814229249,0.722040548813,0.396079260530273,0.576177422997447,0.452358812149147,"DDX3X",1,"2"
"GO:1902018","negative regulation of cilium assembly","1/253","20/10170",0.05,2.0098814229249,0.722040548813,0.396079260530273,0.576177422997447,0.452358812149147,"YAP1",1,"2"
"GO:1902624","positive regulation of neutrophil migration","1/253","20/10170",0.05,2.0098814229249,0.722040548813,0.396079260530273,0.576177422997447,0.452358812149147,"RTN4",1,"2"
"GO:2001240","negative regulation of extrinsic apoptotic signaling pathway in absence of ligand","1/253","20/10170",0.05,2.0098814229249,0.722040548813,0.396079260530273,0.576177422997447,0.452358812149147,"NRG1",1,"2"
"GO:0046434","organophosphate catabolic process","5/253","166/10170",0.0301204819277108,1.21077194152102,0.437309816400143,0.396941596561249,0.577182864857495,0.453148187899295,"LDLR/ENO1/HINT1/NUPR1/APOC1",5,"2"
"GO:0044770","cell cycle phase transition","11/253","396/10170",0.0277777777777778,1.11660079051383,0.378026415320732,0.397668044248983,0.577989933279126,0.45378182000281,"CALM2/EIF4EBP1/ACTB/ITGB1/RGCC/DDX3X/TMSB4X/WAC/RDX/CCND1/EGFR",11,"2"
"GO:0006022","aminoglycan metabolic process","2/253","55/10170",0.0363636363636364,1.46173194394538,0.548400131385132,0.399092797004572,0.578564450343688,0.454232875262026,"CLTC/IDS",2,"2"
"GO:0007004","telomere maintenance via telomerase","2/253","55/10170",0.0363636363636364,1.46173194394538,0.548400131385132,0.399092797004572,0.578564450343688,0.454232875262026,"CTNNB1/HNRNPD",2,"2"
"GO:0033077","T cell differentiation in thymus","2/253","55/10170",0.0363636363636364,1.46173194394538,0.548400131385132,0.399092797004572,0.578564450343688,0.454232875262026,"CTNNB1/NFATC3",2,"2"
"GO:0045921","positive regulation of exocytosis","2/253","55/10170",0.0363636363636364,1.46173194394538,0.548400131385132,0.399092797004572,0.578564450343688,0.454232875262026,"VAMP8/UNC13D",2,"2"
"GO:0070664","negative regulation of leukocyte proliferation","2/253","55/10170",0.0363636363636364,1.46173194394538,0.548400131385132,0.399092797004572,0.578564450343688,0.454232875262026,"PRKAR1A/CEBPB",2,"2"
"GO:0090288","negative regulation of cellular response to growth factor stimulus","2/253","55/10170",0.0363636363636364,1.46173194394538,0.548400131385132,0.399092797004572,0.578564450343688,0.454232875262026,"CFLAR/FSTL3",2,"2"
"GO:0071478","cellular response to radiation","4/253","129/10170",0.0310077519379845,1.24643809173637,0.449907710837964,0.400357354023415,0.580148258602043,0.455476328396122,"ATF4/RBX1/EEF1D/YAP1",4,"2"
"GO:0008654","phospholipid biosynthetic process","6/253","205/10170",0.0292682926829268,1.17651595488287,0.407785212623079,0.401888899088835,0.581877988471741,0.456834345072869,"CHP1/FDPS/HMGCS1/CAPN2/MVD/SGMS2",6,"2"
"GO:0009261","ribonucleotide catabolic process","3/253","92/10170",0.0326086956521739,1.31079223234233,0.478284294608637,0.4022412785076,0.581877988471741,0.456834345072869,"ENO1/HINT1/NUPR1",3,"2"
"GO:0030509","BMP signaling pathway","3/253","92/10170",0.0326086956521739,1.31079223234233,0.478284294608637,0.4022412785076,0.581877988471741,0.456834345072869,"FSTL1/FSTL3/BMP2",3,"2"
"GO:0048515","spermatid differentiation","3/253","92/10170",0.0326086956521739,1.31079223234233,0.478284294608637,0.4022412785076,0.581877988471741,0.456834345072869,"AGFG1/QKI/SLIRP",3,"2"
"GO:0003333","amino acid transmembrane transport","2/253","56/10170",0.0357142857142857,1.4356295878035,0.522106542893719,0.407853721783359,0.587930157085219,0.461585922791198,"SLC38A1/ITGB1",2,"2"
"GO:0006278","RNA-templated DNA biosynthetic process","2/253","56/10170",0.0357142857142857,1.4356295878035,0.522106542893719,0.407853721783359,0.587930157085219,0.461585922791198,"CTNNB1/HNRNPD",2,"2"
"GO:0014812","muscle cell migration","2/253","56/10170",0.0357142857142857,1.4356295878035,0.522106542893719,0.407853721783359,0.587930157085219,0.461585922791198,"DDIT3/PLEKHO1",2,"2"
"GO:0018107","peptidyl-threonine phosphorylation","2/253","56/10170",0.0357142857142857,1.4356295878035,0.522106542893719,0.407853721783359,0.587930157085219,0.461585922791198,"CALM2/SPRED1",2,"2"
"GO:0031644","regulation of nervous system process","2/253","56/10170",0.0357142857142857,1.4356295878035,0.522106542893719,0.407853721783359,0.587930157085219,0.461585922791198,"ROCK2/QKI",2,"2"
"GO:0044091","membrane biogenesis","2/253","56/10170",0.0357142857142857,1.4356295878035,0.522106542893719,0.407853721783359,0.587930157085219,0.461585922791198,"IQGAP1/CAV2",2,"2"
"GO:0071677","positive regulation of mononuclear cell migration","2/253","56/10170",0.0357142857142857,1.4356295878035,0.522106542893719,0.407853721783359,0.587930157085219,0.461585922791198,"RTN4/NEDD9",2,"2"
"GO:0140962","multicellular organismal-level chemical homeostasis","2/253","56/10170",0.0357142857142857,1.4356295878035,0.522106542893719,0.407853721783359,0.587930157085219,0.461585922791198,"GNAS/VEGFA",2,"2"
"GO:0002244","hematopoietic progenitor cell differentiation","3/253","93/10170",0.032258064516129,1.29669769220961,0.459091488327845,0.408950850152316,0.587930157085219,0.461585922791198,"TMSB4X/VEGFA/FSTL3",3,"2"
"GO:0001754","eye photoreceptor cell differentiation","1/253","21/10170",0.0476190476190476,1.914172783738,0.66978518373268,0.411132654331834,0.587930157085219,0.461585922791198,"VEGFA",1,"2"
"GO:0002363","alpha-beta T cell lineage commitment","1/253","21/10170",0.0476190476190476,1.914172783738,0.66978518373268,0.411132654331834,0.587930157085219,0.461585922791198,"LGALS1",1,"2"
"GO:0006613","cotranslational protein targeting to membrane","1/253","21/10170",0.0476190476190476,1.914172783738,0.66978518373268,0.411132654331834,0.587930157085219,0.461585922791198,"TRAM1",1,"2"
"GO:0009048","dosage compensation by inactivation of X chromosome","1/253","21/10170",0.0476190476190476,1.914172783738,0.66978518373268,0.411132654331834,0.587930157085219,0.461585922791198,"XIST",1,"2"
"GO:0009648","photoperiodism","1/253","21/10170",0.0476190476190476,1.914172783738,0.66978518373268,0.411132654331834,0.587930157085219,0.461585922791198,"PPP1CB",1,"2"
"GO:0010971","positive regulation of G2/M transition of mitotic cell cycle","1/253","21/10170",0.0476190476190476,1.914172783738,0.66978518373268,0.411132654331834,0.587930157085219,0.461585922791198,"CCND1",1,"2"
"GO:0014741","negative regulation of muscle hypertrophy","1/253","21/10170",0.0476190476190476,1.914172783738,0.66978518373268,0.411132654331834,0.587930157085219,0.461585922791198,"LMNA",1,"2"
"GO:0036323","vascular endothelial growth factor receptor-1 signaling pathway","1/253","21/10170",0.0476190476190476,1.914172783738,0.66978518373268,0.411132654331834,0.587930157085219,0.461585922791198,"EGFR",1,"2"
"GO:0044346","fibroblast apoptotic process","1/253","21/10170",0.0476190476190476,1.914172783738,0.66978518373268,0.411132654331834,0.587930157085219,0.461585922791198,"NUPR1",1,"2"
"GO:0045840","positive regulation of mitotic nuclear division","1/253","21/10170",0.0476190476190476,1.914172783738,0.66978518373268,0.411132654331834,0.587930157085219,0.461585922791198,"RGCC",1,"2"
"GO:0046006","regulation of activated T cell proliferation","1/253","21/10170",0.0476190476190476,1.914172783738,0.66978518373268,0.411132654331834,0.587930157085219,0.461585922791198,"PRKAR1A",1,"2"
"GO:0048730","epidermis morphogenesis","1/253","21/10170",0.0476190476190476,1.914172783738,0.66978518373268,0.411132654331834,0.587930157085219,0.461585922791198,"CTNNB1",1,"2"
"GO:0051491","positive regulation of filopodium assembly","1/253","21/10170",0.0476190476190476,1.914172783738,0.66978518373268,0.411132654331834,0.587930157085219,0.461585922791198,"RHOQ",1,"2"
"GO:0060632","regulation of microtubule-based movement","1/253","21/10170",0.0476190476190476,1.914172783738,0.66978518373268,0.411132654331834,0.587930157085219,0.461585922791198,"MAP2",1,"2"
"GO:0061036","positive regulation of cartilage development","1/253","21/10170",0.0476190476190476,1.914172783738,0.66978518373268,0.411132654331834,0.587930157085219,0.461585922791198,"BMP2",1,"2"
"GO:1902914","regulation of protein polyubiquitination","1/253","21/10170",0.0476190476190476,1.914172783738,0.66978518373268,0.411132654331834,0.587930157085219,0.461585922791198,"DDX3X",1,"2"
"GO:1903115","regulation of actin filament-based movement","1/253","21/10170",0.0476190476190476,1.914172783738,0.66978518373268,0.411132654331834,0.587930157085219,0.461585922791198,"TNNC1",1,"2"
"GO:1903902","positive regulation of viral life cycle","1/253","21/10170",0.0476190476190476,1.914172783738,0.66978518373268,0.411132654331834,0.587930157085219,0.461585922791198,"LGALS1",1,"2"
"GO:0006626","protein targeting to mitochondrion","3/253","94/10170",0.0319148936170213,1.28290303590951,0.44011551946948,0.415637768934172,0.593617347245246,0.46605095471118,"TIMM8B/TOMM7/UBL5",3,"2"
"GO:0038202","TORC1 signaling","3/253","94/10170",0.0319148936170213,1.28290303590951,0.44011551946948,0.415637768934172,0.593617347245246,0.46605095471118,"RBX1/WAC/RHEB",3,"2"
"GO:0045664","regulation of neuron differentiation","3/253","94/10170",0.0319148936170213,1.28290303590951,0.44011551946948,0.415637768934172,0.593617347245246,0.46605095471118,"YWHAH/ITGB1/BMP2",3,"2"
"GO:0002690","positive regulation of leukocyte chemotaxis","2/253","57/10170",0.0350877192982456,1.41044310380695,0.496317530196264,0.416552562384537,0.593901506231303,0.466274048876733,"NEDD9/VEGFA",2,"2"
"GO:0030510","regulation of BMP signaling pathway","2/253","57/10170",0.0350877192982456,1.41044310380695,0.496317530196264,0.416552562384537,0.593901506231303,0.466274048876733,"FSTL1/FSTL3",2,"2"
"GO:0048009","insulin-like growth factor receptor signaling pathway","2/253","57/10170",0.0350877192982456,1.41044310380695,0.496317530196264,0.416552562384537,0.593901506231303,0.466274048876733,"EGFR/BMP2",2,"2"
"GO:0071479","cellular response to ionizing radiation","2/253","57/10170",0.0350877192982456,1.41044310380695,0.496317530196264,0.416552562384537,0.593901506231303,0.466274048876733,"EEF1D/YAP1",2,"2"
"GO:0051650","establishment of vesicle localization","5/253","170/10170",0.0294117647058824,1.18228318995582,0.382807385880797,0.416717367658144,0.593901506231303,0.466274048876733,"MYO1C/ACTN4/CTNNB1/KIF5B/MAP2",5,"2"
"GO:0032479","regulation of type I interferon production","3/253","95/10170",0.0315789473684211,1.26939879342625,0.421351116605334,0.422300536694141,0.598017068207126,0.469505190279366,"DDX3X/RBX1/QKI",3,"2"
"GO:0032606","type I interferon production","3/253","95/10170",0.0315789473684211,1.26939879342625,0.421351116605334,0.422300536694141,0.598017068207126,0.469505190279366,"DDX3X/RBX1/QKI",3,"2"
"GO:0045807","positive regulation of endocytosis","3/253","95/10170",0.0315789473684211,1.26939879342625,0.421351116605334,0.422300536694141,0.598017068207126,0.469505190279366,"RAB21/VEGFA/ABCA7",3,"2"
"GO:0071772","response to BMP","3/253","95/10170",0.0315789473684211,1.26939879342625,0.421351116605334,0.422300536694141,0.598017068207126,0.469505190279366,"FSTL1/FSTL3/BMP2",3,"2"
"GO:0071773","cellular response to BMP stimulus","3/253","95/10170",0.0315789473684211,1.26939879342625,0.421351116605334,0.422300536694141,0.598017068207126,0.469505190279366,"FSTL1/FSTL3/BMP2",3,"2"
"GO:0051345","positive regulation of hydrolase activity","4/253","133/10170",0.0300751879699248,1.20895123183453,0.387416418410023,0.422841627531433,0.598017068207126,0.469505190279366,"LIMS1/ITGB1/CAV2/BMP2",4,"2"
"GO:0051651","maintenance of location in cell","4/253","133/10170",0.0300751879699248,1.20895123183453,0.387416418410023,0.422841627531433,0.598017068207126,0.469505190279366,"CALM2/DDIT3/INSIG1/FLNA",4,"2"
"GO:0072524","pyridine-containing compound metabolic process","4/253","133/10170",0.0300751879699248,1.20895123183453,0.387416418410023,0.422841627531433,0.598017068207126,0.469505190279366,"ENO1/NAMPT/PDXK/NUPR1",4,"2"
"GO:0045069","regulation of viral genome replication","2/253","58/10170",0.0344827586206897,1.38612511925855,0.471012843322279,0.425186982830821,0.598017068207126,0.469505190279366,"PABPC1/DDX3X",2,"2"
"GO:0062208","positive regulation of pattern recognition receptor signaling pathway","2/253","58/10170",0.0344827586206897,1.38612511925855,0.471012843322279,0.425186982830821,0.598017068207126,0.469505190279366,"DDX3X/RTN4",2,"2"
"GO:0006691","leukotriene metabolic process","1/253","22/10170",0.0454545454545455,1.82716492993173,0.620329524343135,0.425812271875833,0.598017068207126,0.469505190279366,"MAPKAPK2",1,"2"
"GO:0006968","cellular defense response","1/253","22/10170",0.0454545454545455,1.82716492993173,0.620329524343135,0.425812271875833,0.598017068207126,0.469505190279366,"ITGB1",1,"2"
"GO:0007193","adenylate cyclase-inhibiting G protein-coupled receptor signaling pathway","1/253","22/10170",0.0454545454545455,1.82716492993173,0.620329524343135,0.425812271875833,0.598017068207126,0.469505190279366,"FLNA",1,"2"
"GO:0008207","C21-steroid hormone metabolic process","1/253","22/10170",0.0454545454545455,1.82716492993173,0.620329524343135,0.425812271875833,0.598017068207126,0.469505190279366,"BMP2",1,"2"
"GO:0010742","macrophage derived foam cell differentiation","1/253","22/10170",0.0454545454545455,1.82716492993173,0.620329524343135,0.425812271875833,0.598017068207126,0.469505190279366,"ITGAV",1,"2"
"GO:0014808","release of sequestered calcium ion into cytosol by sarcoplasmic reticulum","1/253","22/10170",0.0454545454545455,1.82716492993173,0.620329524343135,0.425812271875833,0.598017068207126,0.469505190279366,"CALM2",1,"2"
"GO:0021545","cranial nerve development","1/253","22/10170",0.0454545454545455,1.82716492993173,0.620329524343135,0.425812271875833,0.598017068207126,0.469505190279366,"CTNNB1",1,"2"
"GO:0032885","regulation of polysaccharide biosynthetic process","1/253","22/10170",0.0454545454545455,1.82716492993173,0.620329524343135,0.425812271875833,0.598017068207126,0.469505190279366,"CLTC",1,"2"
"GO:0042026","protein refolding","1/253","22/10170",0.0454545454545455,1.82716492993173,0.620329524343135,0.425812271875833,0.598017068207126,0.469505190279366,"HSPB1",1,"2"
"GO:0042461","photoreceptor cell development","1/253","22/10170",0.0454545454545455,1.82716492993173,0.620329524343135,0.425812271875833,0.598017068207126,0.469505190279366,"VEGFA",1,"2"
"GO:0045616","regulation of keratinocyte differentiation","1/253","22/10170",0.0454545454545455,1.82716492993173,0.620329524343135,0.425812271875833,0.598017068207126,0.469505190279366,"ROCK2",1,"2"
"GO:0045684","positive regulation of epidermis development","1/253","22/10170",0.0454545454545455,1.82716492993173,0.620329524343135,0.425812271875833,0.598017068207126,0.469505190279366,"SFN",1,"2"
"GO:0045940","positive regulation of steroid metabolic process","1/253","22/10170",0.0454545454545455,1.82716492993173,0.620329524343135,0.425812271875833,0.598017068207126,0.469505190279366,"QKI",1,"2"
"GO:0050891","multicellular organismal-level water homeostasis","1/253","22/10170",0.0454545454545455,1.82716492993173,0.620329524343135,0.425812271875833,0.598017068207126,0.469505190279366,"GNAS",1,"2"
"GO:0060325","face morphogenesis","1/253","22/10170",0.0454545454545455,1.82716492993173,0.620329524343135,0.425812271875833,0.598017068207126,0.469505190279366,"RRAS",1,"2"
"GO:0070536","protein K63-linked deubiquitination","1/253","22/10170",0.0454545454545455,1.82716492993173,0.620329524343135,0.425812271875833,0.598017068207126,0.469505190279366,"OTUD1",1,"2"
"GO:0071354","cellular response to interleukin-6","1/253","22/10170",0.0454545454545455,1.82716492993173,0.620329524343135,0.425812271875833,0.598017068207126,0.469505190279366,"YAP1",1,"2"
"GO:0071398","cellular response to fatty acid","1/253","22/10170",0.0454545454545455,1.82716492993173,0.620329524343135,0.425812271875833,0.598017068207126,0.469505190279366,"LDLR",1,"2"
"GO:0071634","regulation of transforming growth factor beta production","1/253","22/10170",0.0454545454545455,1.82716492993173,0.620329524343135,0.425812271875833,0.598017068207126,0.469505190279366,"PTGS2",1,"2"
"GO:0090322","regulation of superoxide metabolic process","1/253","22/10170",0.0454545454545455,1.82716492993173,0.620329524343135,0.425812271875833,0.598017068207126,0.469505190279366,"EGFR",1,"2"
"GO:1902993","positive regulation of amyloid precursor protein catabolic process","1/253","22/10170",0.0454545454545455,1.82716492993173,0.620329524343135,0.425812271875833,0.598017068207126,0.469505190279366,"ROCK2",1,"2"
"GO:1903599","positive regulation of autophagy of mitochondrion","1/253","22/10170",0.0454545454545455,1.82716492993173,0.620329524343135,0.425812271875833,0.598017068207126,0.469505190279366,"TOMM7",1,"2"
"GO:1904385","cellular response to angiotensin","1/253","22/10170",0.0454545454545455,1.82716492993173,0.620329524343135,0.425812271875833,0.598017068207126,0.469505190279366,"ROCK2",1,"2"
"GO:2000316","regulation of T-helper 17 type immune response","1/253","22/10170",0.0454545454545455,1.82716492993173,0.620329524343135,0.425812271875833,0.598017068207126,0.469505190279366,"LGALS1",1,"2"
"GO:2000515","negative regulation of CD4-positive, alpha-beta T cell activation","1/253","22/10170",0.0454545454545455,1.82716492993173,0.620329524343135,0.425812271875833,0.598017068207126,0.469505190279366,"LGALS1",1,"2"
"GO:0002274","myeloid leukocyte activation","4/253","134/10170",0.0298507462686567,1.19992920771636,0.372098179697463,0.428432861992064,0.601196675254781,0.472001510353304,"NDRG1/LDLR/VAMP8/UNC13D",4,"2"
"GO:0090596","sensory organ morphogenesis","4/253","134/10170",0.0298507462686567,1.19992920771636,0.372098179697463,0.428432861992064,0.601196675254781,0.472001510353304,"ATF4/CTNNB1/INSIG1/VEGFA",4,"2"
"GO:0006195","purine nucleotide catabolic process","3/253","96/10170",0.03125,1.25617588932806,0.402793193803853,0.428937705090267,0.601654717788844,0.472361121071032,"ENO1/HINT1/NUPR1",3,"2"
"GO:0032609","type II interferon production","2/253","59/10170",0.0338983050847458,1.36263147316942,0.446173397555202,0.433754800745973,0.607254162653133,0.476757263867338,"DDIT3/CEBPG",2,"2"
"GO:0032649","regulation of type II interferon production","2/253","59/10170",0.0338983050847458,1.36263147316942,0.446173397555202,0.433754800745973,0.607254162653133,0.476757263867338,"DDIT3/CEBPG",2,"2"
"GO:0002703","regulation of leukocyte mediated immunity","4/253","135/10170",0.0296296296296296,1.19104084321476,0.356897618336167,0.434010240804879,0.607254162653133,0.476757263867338,"DDX21/VAMP8/CD81/UNC13D",4,"2"
"GO:0015850","organic hydroxy compound transport","4/253","135/10170",0.0296296296296296,1.19104084321476,0.356897618336167,0.434010240804879,0.607254162653133,0.476757263867338,"LDLR/ACTB/ABCA7/APOC1",4,"2"
"GO:0016051","carbohydrate biosynthetic process","4/253","135/10170",0.0296296296296296,1.19104084321476,0.356897618336167,0.434010240804879,0.607254162653133,0.476757263867338,"ENO1/CLTC/ATF4/UGP2",4,"2"
"GO:0051091","positive regulation of DNA-binding transcription factor activity","4/253","135/10170",0.0296296296296296,1.19104084321476,0.356897618336167,0.434010240804879,0.607254162653133,0.476757263867338,"DDIT3/CFLAR/RGCC/CEBPG",4,"2"
"GO:0007052","mitotic spindle organization","3/253","97/10170",0.0309278350515464,1.24322562242777,0.384436842188755,0.435547875006357,0.607992401304315,0.477336857489028,"CLTC/FLNA/TACC2",3,"2"
"GO:0072175","epithelial tube formation","3/253","97/10170",0.0309278350515464,1.24322562242777,0.384436842188755,0.435547875006357,0.607992401304315,0.477336857489028,"CTNNB1/VEGFA/IRX2",3,"2"
"GO:0098739","import across plasma membrane","3/253","97/10170",0.0309278350515464,1.24322562242777,0.384436842188755,0.435547875006357,0.607992401304315,0.477336857489028,"SLC38A1/ITGB1/ATP1B3",3,"2"
"GO:0001893","maternal placenta development","1/253","23/10170",0.0434782608695652,1.74772297645644,0.573383302312288,0.440127358120947,0.607992401304315,0.477336857489028,"PTGS2",1,"2"
"GO:0006656","phosphatidylcholine biosynthetic process","1/253","23/10170",0.0434782608695652,1.74772297645644,0.573383302312288,0.440127358120947,0.607992401304315,0.477336857489028,"CAPN2",1,"2"
"GO:0006972","hyperosmotic response","1/253","23/10170",0.0434782608695652,1.74772297645644,0.573383302312288,0.440127358120947,0.607992401304315,0.477336857489028,"YBX3",1,"2"
"GO:0007549","sex-chromosome dosage compensation","1/253","23/10170",0.0434782608695652,1.74772297645644,0.573383302312288,0.440127358120947,0.607992401304315,0.477336857489028,"XIST",1,"2"
"GO:0007616","long-term memory","1/253","23/10170",0.0434782608695652,1.74772297645644,0.573383302312288,0.440127358120947,0.607992401304315,0.477336857489028,"LDLR",1,"2"
"GO:0009593","detection of chemical stimulus","1/253","23/10170",0.0434782608695652,1.74772297645644,0.573383302312288,0.440127358120947,0.607992401304315,0.477336857489028,"CALM2",1,"2"
"GO:0016233","telomere capping","1/253","23/10170",0.0434782608695652,1.74772297645644,0.573383302312288,0.440127358120947,0.607992401304315,0.477336857489028,"HNRNPD",1,"2"
"GO:0032373","positive regulation of sterol transport","1/253","23/10170",0.0434782608695652,1.74772297645644,0.573383302312288,0.440127358120947,0.607992401304315,0.477336857489028,"ABCA7",1,"2"
"GO:0032376","positive regulation of cholesterol transport","1/253","23/10170",0.0434782608695652,1.74772297645644,0.573383302312288,0.440127358120947,0.607992401304315,0.477336857489028,"ABCA7",1,"2"
"GO:0034110","regulation of homotypic cell-cell adhesion","1/253","23/10170",0.0434782608695652,1.74772297645644,0.573383302312288,0.440127358120947,0.607992401304315,0.477336857489028,"RDX",1,"2"
"GO:0035456","response to interferon-beta","1/253","23/10170",0.0434782608695652,1.74772297645644,0.573383302312288,0.440127358120947,0.607992401304315,0.477336857489028,"CAPN2",1,"2"
"GO:0036314","response to sterol","1/253","23/10170",0.0434782608695652,1.74772297645644,0.573383302312288,0.440127358120947,0.607992401304315,0.477336857489028,"INSIG1",1,"2"
"GO:0043369","CD4-positive or CD8-positive, alpha-beta T cell lineage commitment","1/253","23/10170",0.0434782608695652,1.74772297645644,0.573383302312288,0.440127358120947,0.607992401304315,0.477336857489028,"LGALS1",1,"2"
"GO:0045923","positive regulation of fatty acid metabolic process","1/253","23/10170",0.0434782608695652,1.74772297645644,0.573383302312288,0.440127358120947,0.607992401304315,0.477336857489028,"PTGS2",1,"2"
"GO:0046823","negative regulation of nucleocytoplasmic transport","1/253","23/10170",0.0434782608695652,1.74772297645644,0.573383302312288,0.440127358120947,0.607992401304315,0.477336857489028,"CHP1",1,"2"
"GO:0048026","positive regulation of mRNA splicing, via spliceosome","1/253","23/10170",0.0434782608695652,1.74772297645644,0.573383302312288,0.440127358120947,0.607992401304315,0.477336857489028,"RBM3",1,"2"
"GO:0048679","regulation of axon regeneration","1/253","23/10170",0.0434782608695652,1.74772297645644,0.573383302312288,0.440127358120947,0.607992401304315,0.477336857489028,"FLNA",1,"2"
"GO:0050798","activated T cell proliferation","1/253","23/10170",0.0434782608695652,1.74772297645644,0.573383302312288,0.440127358120947,0.607992401304315,0.477336857489028,"PRKAR1A",1,"2"
"GO:0051654","establishment of mitochondrion localization","1/253","23/10170",0.0434782608695652,1.74772297645644,0.573383302312288,0.440127358120947,0.607992401304315,0.477336857489028,"KIF5B",1,"2"
"GO:0051938","L-glutamate import","1/253","23/10170",0.0434782608695652,1.74772297645644,0.573383302312288,0.440127358120947,0.607992401304315,0.477336857489028,"ITGB1",1,"2"
"GO:0061756","leukocyte adhesion to vascular endothelial cell","1/253","23/10170",0.0434782608695652,1.74772297645644,0.573383302312288,0.440127358120947,0.607992401304315,0.477336857489028,"ITGB1",1,"2"
"GO:0070570","regulation of neuron projection regeneration","1/253","23/10170",0.0434782608695652,1.74772297645644,0.573383302312288,0.440127358120947,0.607992401304315,0.477336857489028,"FLNA",1,"2"
"GO:0071480","cellular response to gamma radiation","1/253","23/10170",0.0434782608695652,1.74772297645644,0.573383302312288,0.440127358120947,0.607992401304315,0.477336857489028,"YAP1",1,"2"
"GO:0071715","icosanoid transport","1/253","23/10170",0.0434782608695652,1.74772297645644,0.573383302312288,0.440127358120947,0.607992401304315,0.477336857489028,"PTGS2",1,"2"
"GO:0090077","foam cell differentiation","1/253","23/10170",0.0434782608695652,1.74772297645644,0.573383302312288,0.440127358120947,0.607992401304315,0.477336857489028,"ITGAV",1,"2"
"GO:0090382","phagosome maturation","1/253","23/10170",0.0434782608695652,1.74772297645644,0.573383302312288,0.440127358120947,0.607992401304315,0.477336857489028,"RAB32",1,"2"
"GO:1903514","release of sequestered calcium ion into cytosol by endoplasmic reticulum","1/253","23/10170",0.0434782608695652,1.74772297645644,0.573383302312288,0.440127358120947,0.607992401304315,0.477336857489028,"CALM2",1,"2"
"GO:2000279","negative regulation of DNA biosynthetic process","1/253","23/10170",0.0434782608695652,1.74772297645644,0.573383302312288,0.440127358120947,0.607992401304315,0.477336857489028,"ANKRD1",1,"2"
"GO:0006403","RNA localization","5/253","175/10170",0.0285714285714286,1.1485036702428,0.316500237360407,0.441287708860879,0.609345681522884,0.478399322291957,"AGFG1/YBX1/QKI/XPOT/PEG10",5,"2"
"GO:0009952","anterior/posterior pattern specification","3/253","98/10170",0.0306122448979592,1.23053964668871,0.366277321965926,0.44212969593601,0.60943213103631,0.478467194092626,"DDIT3/CTNNB1/BMP2",3,"2"
"GO:0005977","glycogen metabolic process","2/253","60/10170",0.0333333333333333,1.3399209486166,0.421781187394435,0.442253981211699,0.60943213103631,0.478467194092626,"PPP1CB/UGP2",2,"2"
"GO:0015695","organic cation transport","2/253","60/10170",0.0333333333333333,1.3399209486166,0.421781187394435,0.442253981211699,0.60943213103631,0.478467194092626,"SLC38A1/ACTB",2,"2"
"GO:0072676","lymphocyte migration","2/253","60/10170",0.0333333333333333,1.3399209486166,0.421781187394435,0.442253981211699,0.60943213103631,0.478467194092626,"MSN/NEDD9",2,"2"
"GO:0090277","positive regulation of peptide hormone secretion","2/253","60/10170",0.0333333333333333,1.3399209486166,0.421781187394435,0.442253981211699,0.60943213103631,0.478467194092626,"PRKAR1A/EGFR",2,"2"
"GO:0031929","TOR signaling","4/253","137/10170",0.0291970802919708,1.17365338564958,0.32684162426002,0.445119759473361,0.613130649078503,0.481370912915163,"EIF4EBP1/RBX1/WAC/RHEB",4,"2"
"GO:0048839","inner ear development","3/253","99/10170",0.0303030303030303,1.21810995328782,0.348310054888089,0.44868186534415,0.617784912184759,0.485024990367943,"MAPKAPK2/INSIG1/BMP2",3,"2"
"GO:0006869","lipid transport","7/253","255/10170",0.0274509803921569,1.10346431062544,0.267253577226129,0.450054663314699,0.617910060049892,0.485123244373315,"ITGAV/PTGS2/LDLR/STARD7/ABCA7/APOC1/SFTPA1",7,"2"
"GO:0045165","cell fate commitment","4/253","138/10170",0.0289855072463768,1.16514865097096,0.31198236042264,0.450650117092193,0.617910060049892,0.485123244373315,"LGALS1/CTNNB1/ITGB1/BMP2",4,"2"
"GO:0050670","regulation of lymphocyte proliferation","4/253","138/10170",0.0289855072463768,1.16514865097096,0.31198236042264,0.450650117092193,0.617910060049892,0.485123244373315,"PRKAR1A/CTNNB1/CD81/CEBPB",4,"2"
"GO:0051235","maintenance of location","4/253","138/10170",0.0289855072463768,1.16514865097096,0.31198236042264,0.450650117092193,0.617910060049892,0.485123244373315,"CALM2/DDIT3/INSIG1/FLNA",4,"2"
"GO:0002793","positive regulation of peptide secretion","2/253","61/10170",0.0327868852459016,1.31795503142616,0.397819208207782,0.450682630833145,0.617910060049892,0.485123244373315,"PRKAR1A/EGFR",2,"2"
"GO:0044042","glucan metabolic process","2/253","61/10170",0.0327868852459016,1.31795503142616,0.397819208207782,0.450682630833145,0.617910060049892,0.485123244373315,"PPP1CB/UGP2",2,"2"
"GO:0001953","negative regulation of cell-matrix adhesion","1/253","24/10170",0.0416666666666667,1.67490118577075,0.528697930799683,0.454086930250187,0.617910060049892,0.485123244373315,"PHLDB2",1,"2"
"GO:0002369","T cell cytokine production","1/253","24/10170",0.0416666666666667,1.67490118577075,0.528697930799683,0.454086930250187,0.617910060049892,0.485123244373315,"CD81",1,"2"
"GO:0002724","regulation of T cell cytokine production","1/253","24/10170",0.0416666666666667,1.67490118577075,0.528697930799683,0.454086930250187,0.617910060049892,0.485123244373315,"CD81",1,"2"
"GO:0007435","salivary gland morphogenesis","1/253","24/10170",0.0416666666666667,1.67490118577075,0.528697930799683,0.454086930250187,0.617910060049892,0.485123244373315,"EGFR",1,"2"
"GO:0030501","positive regulation of bone mineralization","1/253","24/10170",0.0416666666666667,1.67490118577075,0.528697930799683,0.454086930250187,0.617910060049892,0.485123244373315,"BMP2",1,"2"
"GO:0032413","negative regulation of ion transmembrane transporter activity","1/253","24/10170",0.0416666666666667,1.67490118577075,0.528697930799683,0.454086930250187,0.617910060049892,0.485123244373315,"CALM2",1,"2"
"GO:0036215","response to stem cell factor","1/253","24/10170",0.0416666666666667,1.67490118577075,0.528697930799683,0.454086930250187,0.617910060049892,0.485123244373315,"EGFR",1,"2"
"GO:0036216","cellular response to stem cell factor stimulus","1/253","24/10170",0.0416666666666667,1.67490118577075,0.528697930799683,0.454086930250187,0.617910060049892,0.485123244373315,"EGFR",1,"2"
"GO:0038109","Kit signaling pathway","1/253","24/10170",0.0416666666666667,1.67490118577075,0.528697930799683,0.454086930250187,0.617910060049892,0.485123244373315,"EGFR",1,"2"
"GO:0038145","macrophage colony-stimulating factor signaling pathway","1/253","24/10170",0.0416666666666667,1.67490118577075,0.528697930799683,0.454086930250187,0.617910060049892,0.485123244373315,"EGFR",1,"2"
"GO:0048663","neuron fate commitment","1/253","24/10170",0.0416666666666667,1.67490118577075,0.528697930799683,0.454086930250187,0.617910060049892,0.485123244373315,"CTNNB1",1,"2"
"GO:0048873","homeostasis of number of cells within a tissue","1/253","24/10170",0.0416666666666667,1.67490118577075,0.528697930799683,0.454086930250187,0.617910060049892,0.485123244373315,"VEGFA",1,"2"
"GO:0050805","negative regulation of synaptic transmission","1/253","24/10170",0.0416666666666667,1.67490118577075,0.528697930799683,0.454086930250187,0.617910060049892,0.485123244373315,"PTGS2",1,"2"
"GO:0050931","pigment cell differentiation","1/253","24/10170",0.0416666666666667,1.67490118577075,0.528697930799683,0.454086930250187,0.617910060049892,0.485123244373315,"RAB32",1,"2"
"GO:0051125","regulation of actin nucleation","1/253","24/10170",0.0416666666666667,1.67490118577075,0.528697930799683,0.454086930250187,0.617910060049892,0.485123244373315,"NCKAP1",1,"2"
"GO:0070296","sarcoplasmic reticulum calcium ion transport","1/253","24/10170",0.0416666666666667,1.67490118577075,0.528697930799683,0.454086930250187,0.617910060049892,0.485123244373315,"CALM2",1,"2"
"GO:0090311","regulation of protein deacetylation","1/253","24/10170",0.0416666666666667,1.67490118577075,0.528697930799683,0.454086930250187,0.617910060049892,0.485123244373315,"SPRED1",1,"2"
"GO:0099010","modification of postsynaptic structure","1/253","24/10170",0.0416666666666667,1.67490118577075,0.528697930799683,0.454086930250187,0.617910060049892,0.485123244373315,"CAP1",1,"2"
"GO:0099054","presynapse assembly","1/253","24/10170",0.0416666666666667,1.67490118577075,0.528697930799683,0.454086930250187,0.617910060049892,0.485123244373315,"ARF6",1,"2"
"GO:1902622","regulation of neutrophil migration","1/253","24/10170",0.0416666666666667,1.67490118577075,0.528697930799683,0.454086930250187,0.617910060049892,0.485123244373315,"RTN4",1,"2"
"GO:1902683","regulation of receptor localization to synapse","1/253","24/10170",0.0416666666666667,1.67490118577075,0.528697930799683,0.454086930250187,0.617910060049892,0.485123244373315,"EPB41L3",1,"2"
"GO:1902751","positive regulation of cell cycle G2/M phase transition","1/253","24/10170",0.0416666666666667,1.67490118577075,0.528697930799683,0.454086930250187,0.617910060049892,0.485123244373315,"CCND1",1,"2"
"GO:1904738","vascular associated smooth muscle cell migration","1/253","24/10170",0.0416666666666667,1.67490118577075,0.528697930799683,0.454086930250187,0.617910060049892,0.485123244373315,"DDIT3",1,"2"
"GO:0032204","regulation of telomere maintenance","3/253","100/10170",0.03,1.20592885375494,0.33053061712899,0.455203128008078,0.618985734456433,0.485967759929428,"LMNA/CTNNB1/HNRNPD",3,"2"
"GO:0002694","regulation of leukocyte activation","9/253","335/10170",0.026865671641791,1.07993628694472,0.237622970343304,0.455244549659536,0.618985734456433,0.485967759929428,"LGALS1/PRKAR1A/LDLR/ACTB/CTNNB1/CD81/NEDD9/DUSP3/CEBPB",9,"2"
"GO:0048562","embryonic organ morphogenesis","4/253","139/10170",0.0287769784172662,1.15676628657548,0.297233108634159,0.456163054525544,0.619984610987559,0.486751981217991,"CTNNB1/INSIG1/YAP1/GJA1",4,"2"
"GO:0007338","single fertilization","2/253","62/10170",0.032258064516129,1.29669769220961,0.374271384771961,0.459038992006458,0.622388211116114,0.488639055677414,"MYH9/SLIRP",2,"2"
"GO:0018210","peptidyl-threonine modification","2/253","62/10170",0.032258064516129,1.29669769220961,0.374271384771961,0.459038992006458,0.622388211116114,0.488639055677414,"CALM2/SPRED1",2,"2"
"GO:0031397","negative regulation of protein ubiquitination","2/253","62/10170",0.032258064516129,1.29669769220961,0.374271384771961,0.459038992006458,0.622388211116114,0.488639055677414,"CHP1/NXN",2,"2"
"GO:0042476","odontogenesis","2/253","62/10170",0.032258064516129,1.29669769220961,0.374271384771961,0.459038992006458,0.622388211116114,0.488639055677414,"CTNNB1/BMP2",2,"2"
"GO:0098869","cellular oxidant detoxification","2/253","62/10170",0.032258064516129,1.29669769220961,0.374271384771961,0.459038992006458,0.622388211116114,0.488639055677414,"PTGS2/NXN",2,"2"
"GO:1905954","positive regulation of lipid localization","2/253","62/10170",0.032258064516129,1.29669769220961,0.374271384771961,0.459038992006458,0.622388211116114,0.488639055677414,"EHD1/ABCA7",2,"2"
"GO:0051648","vesicle localization","5/253","179/10170",0.0279329608938547,1.12283878375693,0.264829750533502,0.460771822822037,0.624486570159127,0.490286484344822,"MYO1C/ACTN4/CTNNB1/KIF5B/MAP2",5,"2"
"GO:1903706","regulation of hemopoiesis","7/253","258/10170",0.0271317829457364,1.09063333026933,0.235519229637894,0.46220989833155,0.626183920118114,0.491619079445919,"LGALS1/ACTB/CTNNB1/QKI/NEDD9/CEBPB/FSTL3",7,"2"
"GO:0048545","response to steroid hormone","6/253","219/10170",0.0273972602739726,1.10130488927392,0.242062953594634,0.463933116025455,0.626821808090524,0.492119887415767,"PTGS2/CFLAR/YWHAH/JUND/EGFR/YAP1",6,"2"
"GO:0051865","protein autoubiquitination","2/253","63/10170",0.0317460317460317,1.27611518915867,0.35112250599413,0.467321437382124,0.626821808090524,0.492119887415767,"RNF181/RBX1",2,"2"
"GO:1903008","organelle disassembly","2/253","63/10170",0.0317460317460317,1.27611518915867,0.35112250599413,0.467321437382124,0.626821808090524,0.492119887415767,"KIF5B/NEDD9",2,"2"
"GO:0001974","blood vessel remodeling","1/253","25/10170",0.04,1.60790513833992,0.486059035281763,0.467699783260901,0.626821808090524,0.492119887415767,"FLNA",1,"2"
"GO:0002455","humoral immune response mediated by circulating immunoglobulin","1/253","25/10170",0.04,1.60790513833992,0.486059035281763,0.467699783260901,0.626821808090524,0.492119887415767,"CD81",1,"2"
"GO:0002920","regulation of humoral immune response","1/253","25/10170",0.04,1.60790513833992,0.486059035281763,0.467699783260901,0.626821808090524,0.492119887415767,"PGC",1,"2"
"GO:0003197","endocardial cushion development","1/253","25/10170",0.04,1.60790513833992,0.486059035281763,0.467699783260901,0.626821808090524,0.492119887415767,"BMP2",1,"2"
"GO:0006376","mRNA splice site recognition","1/253","25/10170",0.04,1.60790513833992,0.486059035281763,0.467699783260901,0.626821808090524,0.492119887415767,"CELF2",1,"2"
"GO:0031018","endocrine pancreas development","1/253","25/10170",0.04,1.60790513833992,0.486059035281763,0.467699783260901,0.626821808090524,0.492119887415767,"RHEB",1,"2"
"GO:0031547","brain-derived neurotrophic factor receptor signaling pathway","1/253","25/10170",0.04,1.60790513833992,0.486059035281763,0.467699783260901,0.626821808090524,0.492119887415767,"EGFR",1,"2"
"GO:0034250","positive regulation of amide metabolic process","1/253","25/10170",0.04,1.60790513833992,0.486059035281763,0.467699783260901,0.626821808090524,0.492119887415767,"ROCK2",1,"2"
"GO:0046640","regulation of alpha-beta T cell proliferation","1/253","25/10170",0.04,1.60790513833992,0.486059035281763,0.467699783260901,0.626821808090524,0.492119887415767,"CD81",1,"2"
"GO:0048247","lymphocyte chemotaxis","1/253","25/10170",0.04,1.60790513833992,0.486059035281763,0.467699783260901,0.626821808090524,0.492119887415767,"NEDD9",1,"2"
"GO:0048384","retinoic acid receptor signaling pathway","1/253","25/10170",0.04,1.60790513833992,0.486059035281763,0.467699783260901,0.626821808090524,0.492119887415767,"ACTN4",1,"2"
"GO:0050819","negative regulation of coagulation","1/253","25/10170",0.04,1.60790513833992,0.486059035281763,0.467699783260901,0.626821808090524,0.492119887415767,"ANXA5",1,"2"
"GO:0070129","regulation of mitochondrial translation","1/253","25/10170",0.04,1.60790513833992,0.486059035281763,0.467699783260901,0.626821808090524,0.492119887415767,"DDX3X",1,"2"
"GO:0070269","pyroptotic inflammatory response","1/253","25/10170",0.04,1.60790513833992,0.486059035281763,0.467699783260901,0.626821808090524,0.492119887415767,"IFI27",1,"2"
"GO:0070741","response to interleukin-6","1/253","25/10170",0.04,1.60790513833992,0.486059035281763,0.467699783260901,0.626821808090524,0.492119887415767,"YAP1",1,"2"
"GO:0097028","dendritic cell differentiation","1/253","25/10170",0.04,1.60790513833992,0.486059035281763,0.467699783260901,0.626821808090524,0.492119887415767,"CEBPB",1,"2"
"GO:0120009","intermembrane lipid transfer","1/253","25/10170",0.04,1.60790513833992,0.486059035281763,0.467699783260901,0.626821808090524,0.492119887415767,"STARD7",1,"2"
"GO:0120178","steroid hormone biosynthetic process","1/253","25/10170",0.04,1.60790513833992,0.486059035281763,0.467699783260901,0.626821808090524,0.492119887415767,"BMP2",1,"2"
"GO:0140353","lipid export from cell","1/253","25/10170",0.04,1.60790513833992,0.486059035281763,0.467699783260901,0.626821808090524,0.492119887415767,"PTGS2",1,"2"
"GO:1902473","regulation of protein localization to synapse","1/253","25/10170",0.04,1.60790513833992,0.486059035281763,0.467699783260901,0.626821808090524,0.492119887415767,"EPB41L3",1,"2"
"GO:1903170","negative regulation of calcium ion transmembrane transport","1/253","25/10170",0.04,1.60790513833992,0.486059035281763,0.467699783260901,0.626821808090524,0.492119887415767,"CALM2",1,"2"
"GO:1903670","regulation of sprouting angiogenesis","1/253","25/10170",0.04,1.60790513833992,0.486059035281763,0.467699783260901,0.626821808090524,0.492119887415767,"VEGFA",1,"2"
"GO:2000819","regulation of nucleotide-excision repair","1/253","25/10170",0.04,1.60790513833992,0.486059035281763,0.467699783260901,0.626821808090524,0.492119887415767,"ACTB",1,"2"
"GO:2001222","regulation of neuron migration","1/253","25/10170",0.04,1.60790513833992,0.486059035281763,0.467699783260901,0.626821808090524,0.492119887415767,"FLNA",1,"2"
"GO:0006836","neurotransmitter transport","3/253","102/10170",0.0294117647058824,1.18228318995582,0.295518266271601,0.46814814469284,0.627173438182064,0.49239595337076,"SLC38A1/MYOF/ITGB1",3,"2"
"GO:0055082","intracellular chemical homeostasis","11/253","419/10170",0.0262529832935561,1.05530766836152,0.184661777206305,0.471496471689308,0.63140830124557,0.495720758454333,"CALM2/DDIT3/CHP1/ATF4/ATP1B3/FTL/RTN4/TPT1/FTH1/FLNA/CAV2",11,"2"
"GO:0032944","regulation of mononuclear cell proliferation","4/253","142/10170",0.028169014084507,1.13232756221121,0.253627621546304,0.472589077111618,0.632620233434052,0.496672250448474,"PRKAR1A/CTNNB1/CD81/CEBPB",4,"2"
"GO:0019080","viral gene expression","3/253","103/10170",0.029126213592233,1.17080471238344,0.278277218717103,0.474569618651156,0.635019346861785,0.498555802384151,"CSDE1/OAZ1/PEG10",3,"2"
"GO:0006094","gluconeogenesis","2/253","64/10170",0.03125,1.25617588932806,0.32835816519002,0.475528464517935,0.635545771840855,0.498969100387011,"ENO1/ATF4",2,"2"
"GO:0032465","regulation of cytokinesis","2/253","64/10170",0.03125,1.25617588932806,0.32835816519002,0.475528464517935,0.635545771840855,0.498969100387011,"CALM2/ARF6",2,"2"
"GO:0140056","organelle localization by membrane tethering","2/253","64/10170",0.03125,1.25617588932806,0.32835816519002,0.475528464517935,0.635545771840855,0.498969100387011,"VAMP8/CAV2",2,"2"
"GO:0009306","protein secretion","6/253","222/10170",0.027027027027027,1.08642239077022,0.207942903124632,0.477045805934063,0.637321100479263,0.500362916808811,"PRKAR1A/ARF6/RAB11FIP1/GNAS/EGFR/ANKRD1",6,"2"
"GO:2000377","regulation of reactive oxygen species metabolic process","3/253","104/10170",0.0288461538461538,1.15954697476437,0.26120771979136,0.480955624308721,0.637518081191,0.500517567021092,"CFLAR/NDUFC2/EGFR",3,"2"
"GO:0001774","microglial cell activation","1/253","26/10170",0.0384615384615385,1.54606263301915,0.445280565156925,0.480974495418121,0.637518081191,0.500517567021092,"LDLR",1,"2"
"GO:0010458","exit from mitosis","1/253","26/10170",0.0384615384615385,1.54606263301915,0.445280565156925,0.480974495418121,0.637518081191,0.500517567021092,"RGCC",1,"2"
"GO:0032350","regulation of hormone metabolic process","1/253","26/10170",0.0384615384615385,1.54606263301915,0.445280565156925,0.480974495418121,0.637518081191,0.500517567021092,"BMP2",1,"2"
"GO:0032781","positive regulation of ATP-dependent activity","1/253","26/10170",0.0384615384615385,1.54606263301915,0.445280565156925,0.480974495418121,0.637518081191,0.500517567021092,"ATP1B3",1,"2"
"GO:0035790","platelet-derived growth factor receptor-alpha signaling pathway","1/253","26/10170",0.0384615384615385,1.54606263301915,0.445280565156925,0.480974495418121,0.637518081191,0.500517567021092,"EGFR",1,"2"
"GO:0036006","cellular response to macrophage colony-stimulating factor stimulus","1/253","26/10170",0.0384615384615385,1.54606263301915,0.445280565156925,0.480974495418121,0.637518081191,0.500517567021092,"EGFR",1,"2"
"GO:0042908","xenobiotic transport","1/253","26/10170",0.0384615384615385,1.54606263301915,0.445280565156925,0.480974495418121,0.637518081191,0.500517567021092,"GJA1",1,"2"
"GO:0046329","negative regulation of JNK cascade","1/253","26/10170",0.0384615384615385,1.54606263301915,0.445280565156925,0.480974495418121,0.637518081191,0.500517567021092,"DUSP3",1,"2"
"GO:0050685","positive regulation of mRNA processing","1/253","26/10170",0.0384615384615385,1.54606263301915,0.445280565156925,0.480974495418121,0.637518081191,0.500517567021092,"RBM3",1,"2"
"GO:0050775","positive regulation of dendrite morphogenesis","1/253","26/10170",0.0384615384615385,1.54606263301915,0.445280565156925,0.480974495418121,0.637518081191,0.500517567021092,"RAB21",1,"2"
"GO:0050922","negative regulation of chemotaxis","1/253","26/10170",0.0384615384615385,1.54606263301915,0.445280565156925,0.480974495418121,0.637518081191,0.500517567021092,"DUSP3",1,"2"
"GO:0051785","positive regulation of nuclear division","1/253","26/10170",0.0384615384615385,1.54606263301915,0.445280565156925,0.480974495418121,0.637518081191,0.500517567021092,"RGCC",1,"2"
"GO:0060251","regulation of glial cell proliferation","1/253","26/10170",0.0384615384615385,1.54606263301915,0.445280565156925,0.480974495418121,0.637518081191,0.500517567021092,"EGFR",1,"2"
"GO:0072132","mesenchyme morphogenesis","1/253","26/10170",0.0384615384615385,1.54606263301915,0.445280565156925,0.480974495418121,0.637518081191,0.500517567021092,"BMP2",1,"2"
"GO:0072539","T-helper 17 cell differentiation","1/253","26/10170",0.0384615384615385,1.54606263301915,0.445280565156925,0.480974495418121,0.637518081191,0.500517567021092,"LGALS1",1,"2"
"GO:0099084","postsynaptic specialization organization","1/253","26/10170",0.0384615384615385,1.54606263301915,0.445280565156925,0.480974495418121,0.637518081191,0.500517567021092,"ARF6",1,"2"
"GO:1901019","regulation of calcium ion transmembrane transporter activity","1/253","26/10170",0.0384615384615385,1.54606263301915,0.445280565156925,0.480974495418121,0.637518081191,0.500517567021092,"CALM2",1,"2"
"GO:1902230","negative regulation of intrinsic apoptotic signaling pathway in response to DNA damage","1/253","26/10170",0.0384615384615385,1.54606263301915,0.445280565156925,0.480974495418121,0.637518081191,0.500517567021092,"TPT1",1,"2"
"GO:1904646","cellular response to amyloid-beta","1/253","26/10170",0.0384615384615385,1.54606263301915,0.445280565156925,0.480974495418121,0.637518081191,0.500517567021092,"GJA1",1,"2"
"GO:0035592","establishment of protein localization to extracellular region","6/253","223/10170",0.0269058295964126,1.08155054148425,0.196671961503833,0.481396712610698,0.637826999969852,0.500760100182362,"PRKAR1A/ARF6/RAB11FIP1/GNAS/EGFR/ANKRD1",6,"2"
"GO:0010833","telomere maintenance via telomere lengthening","2/253","65/10170",0.0307692307692308,1.23685010641532,0.305964705366074,0.483658690715634,0.640572311505545,0.502915453404647,"CTNNB1/HNRNPD",2,"2"
"GO:0002443","leukocyte mediated immunity","6/253","224/10170",0.0267857142857143,1.07672219085263,0.185451352614462,0.48573689273611,0.64256759604008,0.504481957932447,"DDX21/VAMP8/CD81/UNC13D/KIF5B/CEBPG",6,"2"
"GO:0071692","protein localization to extracellular region","6/253","224/10170",0.0267857142857143,1.07672219085263,0.185451352614462,0.48573689273611,0.64256759604008,0.504481957932447,"PRKAR1A/ARF6/RAB11FIP1/GNAS/EGFR/ANKRD1",6,"2"
"GO:1903037","regulation of leukocyte cell-cell adhesion","6/253","224/10170",0.0267857142857143,1.07672219085263,0.185451352614462,0.48573689273611,0.64256759604008,0.504481957932447,"LGALS1/PRKAR1A/ACTB/CD81/DUSP3/CEBPB",6,"2"
"GO:0001906","cell killing","3/253","105/10170",0.0285714285714286,1.1485036702428,0.244306023491438,0.487305132534436,0.644389375257301,0.505912242858249,"UNC13D/KIF5B/CEBPG",3,"2"
"GO:0015931","nucleobase-containing compound transport","5/253","185/10170",0.027027027027027,1.08642239077022,0.189473000907429,0.48961798007216,0.645041181260075,0.50642397792005,"AGFG1/YBX1/QKI/XPOT/PEG10",5,"2"
"GO:0141091","transforming growth factor beta receptor superfamily signaling pathway","6/253","225/10170",0.0266666666666667,1.07193675889328,0.174280565228002,0.490065918413648,0.645041181260075,0.50642397792005,"SPRED1/FSTL1/CAV2/PEG10/FSTL3/BMP2",6,"2"
"GO:0007088","regulation of mitotic nuclear division","2/253","66/10170",0.0303030303030303,1.21810995328782,0.28392916901562,0.491710848035476,0.645041181260075,0.50642397792005,"RGCC/CAV2",2,"2"
"GO:0007173","epidermal growth factor receptor signaling pathway","3/253","106/10170",0.0283018867924528,1.13766872995749,0.227568502741416,0.493617157228021,0.645041181260075,0.50642397792005,"IQGAP1/DUSP3/EGFR",3,"2"
"GO:0048469","cell maturation","3/253","106/10170",0.0283018867924528,1.13766872995749,0.227568502741416,0.493617157228021,0.645041181260075,0.50642397792005,"CTNNB1/VEGFA/GJA1",3,"2"
"GO:0000002","mitochondrial genome maintenance","1/253","27/10170",0.037037037037037,1.48880105401845,0.406200104404824,0.493919433574589,0.645041181260075,0.50642397792005,"MEF2A",1,"2"
"GO:0002360","T cell lineage commitment","1/253","27/10170",0.037037037037037,1.48880105401845,0.406200104404824,0.493919433574589,0.645041181260075,0.50642397792005,"LGALS1",1,"2"
"GO:0003382","epithelial cell morphogenesis","1/253","27/10170",0.037037037037037,1.48880105401845,0.406200104404824,0.493919433574589,0.645041181260075,0.50642397792005,"FLNB",1,"2"
"GO:0007431","salivary gland development","1/253","27/10170",0.037037037037037,1.48880105401845,0.406200104404824,0.493919433574589,0.645041181260075,0.50642397792005,"EGFR",1,"2"
"GO:0010770","positive regulation of cell morphogenesis","1/253","27/10170",0.037037037037037,1.48880105401845,0.406200104404824,0.493919433574589,0.645041181260075,0.50642397792005,"RAB21",1,"2"
"GO:0010874","regulation of cholesterol efflux","1/253","27/10170",0.037037037037037,1.48880105401845,0.406200104404824,0.493919433574589,0.645041181260075,0.50642397792005,"ABCA7",1,"2"
"GO:0019076","viral release from host cell","1/253","27/10170",0.037037037037037,1.48880105401845,0.406200104404824,0.493919433574589,0.645041181260075,0.50642397792005,"CAV2",1,"2"
"GO:0031111","negative regulation of microtubule polymerization or depolymerization","1/253","27/10170",0.037037037037037,1.48880105401845,0.406200104404824,0.493919433574589,0.645041181260075,0.50642397792005,"MAP2",1,"2"
"GO:0032367","intracellular cholesterol transport","1/253","27/10170",0.037037037037037,1.48880105401845,0.406200104404824,0.493919433574589,0.645041181260075,0.50642397792005,"LDLR",1,"2"
"GO:0032881","regulation of polysaccharide metabolic process","1/253","27/10170",0.037037037037037,1.48880105401845,0.406200104404824,0.493919433574589,0.645041181260075,0.50642397792005,"CLTC",1,"2"
"GO:0033028","myeloid cell apoptotic process","1/253","27/10170",0.037037037037037,1.48880105401845,0.406200104404824,0.493919433574589,0.645041181260075,0.50642397792005,"ARF6",1,"2"
"GO:0034405","response to fluid shear stress","1/253","27/10170",0.037037037037037,1.48880105401845,0.406200104404824,0.493919433574589,0.645041181260075,0.50642397792005,"PTGS2",1,"2"
"GO:0035891","exit from host cell","1/253","27/10170",0.037037037037037,1.48880105401845,0.406200104404824,0.493919433574589,0.645041181260075,0.50642397792005,"CAV2",1,"2"
"GO:0036005","response to macrophage colony-stimulating factor","1/253","27/10170",0.037037037037037,1.48880105401845,0.406200104404824,0.493919433574589,0.645041181260075,0.50642397792005,"EGFR",1,"2"
"GO:0043330","response to exogenous dsRNA","1/253","27/10170",0.037037037037037,1.48880105401845,0.406200104404824,0.493919433574589,0.645041181260075,0.50642397792005,"DDX21",1,"2"
"GO:0046633","alpha-beta T cell proliferation","1/253","27/10170",0.037037037037037,1.48880105401845,0.406200104404824,0.493919433574589,0.645041181260075,0.50642397792005,"CD81",1,"2"
"GO:0046685","response to arsenic-containing substance","1/253","27/10170",0.037037037037037,1.48880105401845,0.406200104404824,0.493919433574589,0.645041181260075,0.50642397792005,"DDX3X",1,"2"
"GO:0051150","regulation of smooth muscle cell differentiation","1/253","27/10170",0.037037037037037,1.48880105401845,0.406200104404824,0.493919433574589,0.645041181260075,0.50642397792005,"NFATC3",1,"2"
"GO:0060391","positive regulation of SMAD protein signal transduction","1/253","27/10170",0.037037037037037,1.48880105401845,0.406200104404824,0.493919433574589,0.645041181260075,0.50642397792005,"BMP2",1,"2"
"GO:0060999","positive regulation of dendritic spine development","1/253","27/10170",0.037037037037037,1.48880105401845,0.406200104404824,0.493919433574589,0.645041181260075,0.50642397792005,"EIF4G2",1,"2"
"GO:0061097","regulation of protein tyrosine kinase activity","1/253","27/10170",0.037037037037037,1.48880105401845,0.406200104404824,0.493919433574589,0.645041181260075,0.50642397792005,"NEDD9",1,"2"
"GO:0070509","calcium ion import","1/253","27/10170",0.037037037037037,1.48880105401845,0.406200104404824,0.493919433574589,0.645041181260075,0.50642397792005,"CTNNB1",1,"2"
"GO:0072337","modified amino acid transport","1/253","27/10170",0.037037037037037,1.48880105401845,0.406200104404824,0.493919433574589,0.645041181260075,0.50642397792005,"GJA1",1,"2"
"GO:0090207","regulation of triglyceride metabolic process","1/253","27/10170",0.037037037037037,1.48880105401845,0.406200104404824,0.493919433574589,0.645041181260075,0.50642397792005,"LDLR",1,"2"
"GO:1904707","positive regulation of vascular associated smooth muscle cell proliferation","1/253","27/10170",0.037037037037037,1.48880105401845,0.406200104404824,0.493919433574589,0.645041181260075,0.50642397792005,"GJA1",1,"2"
"GO:2000403","positive regulation of lymphocyte migration","1/253","27/10170",0.037037037037037,1.48880105401845,0.406200104404824,0.493919433574589,0.645041181260075,0.50642397792005,"NEDD9",1,"2"
"GO:2001239","regulation of extrinsic apoptotic signaling pathway in absence of ligand","1/253","27/10170",0.037037037037037,1.48880105401845,0.406200104404824,0.493919433574589,0.645041181260075,0.50642397792005,"NRG1",1,"2"
"GO:0034504","protein localization to nucleus","7/253","266/10170",0.0263157894736842,1.05783232785521,0.152656536184419,0.494312561416522,0.645304667865471,0.506630842130755,"PTGS2/LMNA/CHP1/NFATC3/FLNA/ABCA7/YAP1",7,"2"
"GO:0051249","regulation of lymphocyte activation","8/253","307/10170",0.0260586319218241,1.04749520413024,0.134965776412863,0.497911057535612,0.649738693986134,0.510112010793259,"LGALS1/PRKAR1A/ACTB/CTNNB1/CD81/NEDD9/DUSP3/CEBPB",8,"2"
"GO:0000377","RNA splicing, via transesterification reactions with bulged adenosine as nucleophile","7/253","267/10170",0.0262172284644195,1.05387040902429,0.142472728589219,0.498287147879045,0.649738693986134,0.510112010793259,"SNRPB2/RBM3/PABPC1/QKI/CELF2/SF3B5/UBL5",7,"2"
"GO:0000398","mRNA splicing, via spliceosome","7/253","267/10170",0.0262172284644195,1.05387040902429,0.142472728589219,0.498287147879045,0.649738693986134,0.510112010793259,"SNRPB2/RBM3/PABPC1/QKI/CELF2/SF3B5/UBL5",7,"2"
"GO:0019319","hexose biosynthetic process","2/253","67/10170",0.0298507462686567,1.19992920771636,0.262239251993739,0.499683778483095,0.651056298703631,0.511146466641578,"ENO1/ATF4",2,"2"
"GO:0032760","positive regulation of tumor necrosis factor production","2/253","67/10170",0.0298507462686567,1.19992920771636,0.262239251993739,0.499683778483095,0.651056298703631,0.511146466641578,"MAPKAPK2/HSPB1",2,"2"
"GO:0000289","nuclear-transcribed mRNA poly(A) tail shortening","1/253","28/10170",0.0357142857142857,1.4356295878035,0.368675102285907,0.50654275836071,0.655434451723836,0.514583769146983,"PABPC1",1,"2"
"GO:0002823","negative regulation of adaptive immune response based on somatic recombination of immune receptors built from immunoglobulin superfamily domains","1/253","28/10170",0.0357142857142857,1.4356295878035,0.368675102285907,0.50654275836071,0.655434451723836,0.514583769146983,"LGALS1",1,"2"
"GO:0003016","respiratory system process","1/253","28/10170",0.0357142857142857,1.4356295878035,0.368675102285907,0.50654275836071,0.655434451723836,0.514583769146983,"TNNC1",1,"2"
"GO:0003254","regulation of membrane depolarization","1/253","28/10170",0.0357142857142857,1.4356295878035,0.368675102285907,0.50654275836071,0.655434451723836,0.514583769146983,"GJA1",1,"2"
"GO:0006956","complement activation","1/253","28/10170",0.0357142857142857,1.4356295878035,0.368675102285907,0.50654275836071,0.655434451723836,0.514583769146983,"RGCC",1,"2"
"GO:0019432","triglyceride biosynthetic process","1/253","28/10170",0.0357142857142857,1.4356295878035,0.368675102285907,0.50654275836071,0.655434451723836,0.514583769146983,"LDLR",1,"2"
"GO:0030890","positive regulation of B cell proliferation","1/253","28/10170",0.0357142857142857,1.4356295878035,0.368675102285907,0.50654275836071,0.655434451723836,0.514583769146983,"CD81",1,"2"
"GO:0032964","collagen biosynthetic process","1/253","28/10170",0.0357142857142857,1.4356295878035,0.368675102285907,0.50654275836071,0.655434451723836,0.514583769146983,"RGCC",1,"2"
"GO:0035459","vesicle cargo loading","1/253","28/10170",0.0357142857142857,1.4356295878035,0.368675102285907,0.50654275836071,0.655434451723836,0.514583769146983,"INSIG1",1,"2"
"GO:0042554","superoxide anion generation","1/253","28/10170",0.0357142857142857,1.4356295878035,0.368675102285907,0.50654275836071,0.655434451723836,0.514583769146983,"EGFR",1,"2"
"GO:0045048","protein insertion into ER membrane","1/253","28/10170",0.0357142857142857,1.4356295878035,0.368675102285907,0.50654275836071,0.655434451723836,0.514583769146983,"TRAM1",1,"2"
"GO:0045747","positive regulation of Notch signaling pathway","1/253","28/10170",0.0357142857142857,1.4356295878035,0.368675102285907,0.50654275836071,0.655434451723836,0.514583769146983,"YAP1",1,"2"
"GO:0048012","hepatocyte growth factor receptor signaling pathway","1/253","28/10170",0.0357142857142857,1.4356295878035,0.368675102285907,0.50654275836071,0.655434451723836,0.514583769146983,"EGFR",1,"2"
"GO:0060218","hematopoietic stem cell differentiation","1/253","28/10170",0.0357142857142857,1.4356295878035,0.368675102285907,0.50654275836071,0.655434451723836,0.514583769146983,"TMSB4X",1,"2"
"GO:0061001","regulation of dendritic spine morphogenesis","1/253","28/10170",0.0357142857142857,1.4356295878035,0.368675102285907,0.50654275836071,0.655434451723836,0.514583769146983,"CFL1",1,"2"
"GO:1900225","regulation of NLRP3 inflammasome complex assembly","1/253","28/10170",0.0357142857142857,1.4356295878035,0.368675102285907,0.50654275836071,0.655434451723836,0.514583769146983,"DDX3X",1,"2"
"GO:1902882","regulation of response to oxidative stress","1/253","28/10170",0.0357142857142857,1.4356295878035,0.368675102285907,0.50654275836071,0.655434451723836,0.514583769146983,"RBX1",1,"2"
"GO:2000516","positive regulation of CD4-positive, alpha-beta T cell activation","1/253","28/10170",0.0357142857142857,1.4356295878035,0.368675102285907,0.50654275836071,0.655434451723836,0.514583769146983,"CD81",1,"2"
"GO:0006637","acyl-CoA metabolic process","2/253","68/10170",0.0294117647058824,1.18228318995582,0.240883261083372,0.507576429363251,0.655514255003019,0.514646422967033,"HMGCS1/MVD",2,"2"
"GO:0008625","extrinsic apoptotic signaling pathway via death domain receptors","2/253","68/10170",0.0294117647058824,1.18228318995582,0.240883261083372,0.507576429363251,0.655514255003019,0.514646422967033,"CFLAR/DDX3X",2,"2"
"GO:0035270","endocrine system development","2/253","68/10170",0.0294117647058824,1.18228318995582,0.240883261083372,0.507576429363251,0.655514255003019,0.514646422967033,"RHEB/BMP2",2,"2"
"GO:0035383","thioester metabolic process","2/253","68/10170",0.0294117647058824,1.18228318995582,0.240883261083372,0.507576429363251,0.655514255003019,0.514646422967033,"HMGCS1/MVD",2,"2"
"GO:1903557","positive regulation of tumor necrosis factor superfamily cytokine production","2/253","68/10170",0.0294117647058824,1.18228318995582,0.240883261083372,0.507576429363251,0.655514255003019,0.514646422967033,"MAPKAPK2/HSPB1",2,"2"
"GO:0035148","tube formation","3/253","109/10170",0.0275229357798165,1.10635674656417,0.178306405857919,0.512319098709584,0.66087987790693,0.518858991364154,"CTNNB1/VEGFA/IRX2",3,"2"
"GO:0045739","positive regulation of DNA repair","3/253","109/10170",0.0275229357798165,1.10635674656417,0.178306405857919,0.512319098709584,0.66087987790693,0.518858991364154,"ACTB/CEBPG/EGFR",3,"2"
"GO:0050684","regulation of mRNA processing","3/253","109/10170",0.0275229357798165,1.10635674656417,0.178306405857919,0.512319098709584,0.66087987790693,0.518858991364154,"RBM3/QKI/CELF2",3,"2"
"GO:0000375","RNA splicing, via transesterification reactions","7/253","271/10170",0.025830258302583,1.03831512623427,0.102110045963726,0.514085934095393,0.661463285982184,0.519317026985451,"SNRPB2/RBM3/PABPC1/QKI/CELF2/SF3B5/UBL5",7,"2"
"GO:0006096","glycolytic process","2/253","69/10170",0.0289855072463768,1.16514865097096,0.219850074907139,0.515387848795178,0.661463285982184,0.519317026985451,"ENO1/NUPR1",2,"2"
"GO:0032206","positive regulation of telomere maintenance","2/253","69/10170",0.0289855072463768,1.16514865097096,0.219850074907139,0.515387848795178,0.661463285982184,0.519317026985451,"CTNNB1/HNRNPD",2,"2"
"GO:0046364","monosaccharide biosynthetic process","2/253","69/10170",0.0289855072463768,1.16514865097096,0.219850074907139,0.515387848795178,0.661463285982184,0.519317026985451,"ENO1/ATF4",2,"2"
"GO:1904659","D-glucose transmembrane transport","2/253","69/10170",0.0289855072463768,1.16514865097096,0.219850074907139,0.515387848795178,0.661463285982184,0.519317026985451,"MEF2A/RHOQ",2,"2"
"GO:0030900","forebrain development","6/253","231/10170",0.025974025974026,1.04409424567527,0.108274400994869,0.515782803555478,0.661463285982184,0.519317026985451,"CTNNB1/RTN4/FLNA/TACC2/EGFR/BMP2",6,"2"
"GO:0007219","Notch signaling pathway","3/253","110/10170",0.0272727272727273,1.09629895795904,0.162191528843089,0.518472162382253,0.661463285982184,0.519317026985451,"KRT19/YAP1/BMP2",3,"2"
"GO:0017157","regulation of exocytosis","3/253","110/10170",0.0272727272727273,1.09629895795904,0.162191528843089,0.518472162382253,0.661463285982184,0.519317026985451,"RAB21/VAMP8/UNC13D",3,"2"
"GO:0072523","purine-containing compound catabolic process","3/253","110/10170",0.0272727272727273,1.09629895795904,0.162191528843089,0.518472162382253,0.661463285982184,0.519317026985451,"ENO1/HINT1/NUPR1",3,"2"
"GO:0002269","leukocyte activation involved in inflammatory response","1/253","29/10170",0.0344827586206897,1.38612511925855,0.332579817510875,0.518852429247591,0.661463285982184,0.519317026985451,"LDLR",1,"2"
"GO:0005978","glycogen biosynthetic process","1/253","29/10170",0.0344827586206897,1.38612511925855,0.332579817510875,0.518852429247591,0.661463285982184,0.519317026985451,"UGP2",1,"2"
"GO:0006479","protein methylation","1/253","29/10170",0.0344827586206897,1.38612511925855,0.332579817510875,0.518852429247591,0.661463285982184,0.519317026985451,"ETF1",1,"2"
"GO:0006516","glycoprotein catabolic process","1/253","29/10170",0.0344827586206897,1.38612511925855,0.332579817510875,0.518852429247591,0.661463285982184,0.519317026985451,"IDS",1,"2"
"GO:0008213","protein alkylation","1/253","29/10170",0.0344827586206897,1.38612511925855,0.332579817510875,0.518852429247591,0.661463285982184,0.519317026985451,"ETF1",1,"2"
"GO:0009250","glucan biosynthetic process","1/253","29/10170",0.0344827586206897,1.38612511925855,0.332579817510875,0.518852429247591,0.661463285982184,0.519317026985451,"UGP2",1,"2"
"GO:0010453","regulation of cell fate commitment","1/253","29/10170",0.0344827586206897,1.38612511925855,0.332579817510875,0.518852429247591,0.661463285982184,0.519317026985451,"LGALS1",1,"2"
"GO:0030850","prostate gland development","1/253","29/10170",0.0344827586206897,1.38612511925855,0.332579817510875,0.518852429247591,0.661463285982184,0.519317026985451,"CTNNB1",1,"2"
"GO:0032366","intracellular sterol transport","1/253","29/10170",0.0344827586206897,1.38612511925855,0.332579817510875,0.518852429247591,0.661463285982184,0.519317026985451,"LDLR",1,"2"
"GO:0032410","negative regulation of transporter activity","1/253","29/10170",0.0344827586206897,1.38612511925855,0.332579817510875,0.518852429247591,0.661463285982184,0.519317026985451,"CALM2",1,"2"
"GO:0032570","response to progesterone","1/253","29/10170",0.0344827586206897,1.38612511925855,0.332579817510875,0.518852429247591,0.661463285982184,0.519317026985451,"YAP1",1,"2"
"GO:0034331","cell junction maintenance","1/253","29/10170",0.0344827586206897,1.38612511925855,0.332579817510875,0.518852429247591,0.661463285982184,0.519317026985451,"ARF6",1,"2"
"GO:0045581","negative regulation of T cell differentiation","1/253","29/10170",0.0344827586206897,1.38612511925855,0.332579817510875,0.518852429247591,0.661463285982184,0.519317026985451,"LGALS1",1,"2"
"GO:0045622","regulation of T-helper cell differentiation","1/253","29/10170",0.0344827586206897,1.38612511925855,0.332579817510875,0.518852429247591,0.661463285982184,0.519317026985451,"LGALS1",1,"2"
"GO:0045663","positive regulation of myoblast differentiation","1/253","29/10170",0.0344827586206897,1.38612511925855,0.332579817510875,0.518852429247591,0.661463285982184,0.519317026985451,"ACTB",1,"2"
"GO:0046627","negative regulation of insulin receptor signaling pathway","1/253","29/10170",0.0344827586206897,1.38612511925855,0.332579817510875,0.518852429247591,0.661463285982184,0.519317026985451,"BLVRB",1,"2"
"GO:0050881","musculoskeletal movement","1/253","29/10170",0.0344827586206897,1.38612511925855,0.332579817510875,0.518852429247591,0.661463285982184,0.519317026985451,"TNNC1",1,"2"
"GO:0060323","head morphogenesis","1/253","29/10170",0.0344827586206897,1.38612511925855,0.332579817510875,0.518852429247591,0.661463285982184,0.519317026985451,"RRAS",1,"2"
"GO:0070884","regulation of calcineurin-NFAT signaling cascade","1/253","29/10170",0.0344827586206897,1.38612511925855,0.332579817510875,0.518852429247591,0.661463285982184,0.519317026985451,"CHP1",1,"2"
"GO:0098900","regulation of action potential","1/253","29/10170",0.0344827586206897,1.38612511925855,0.332579817510875,0.518852429247591,0.661463285982184,0.519317026985451,"FLNA",1,"2"
"GO:0106056","regulation of calcineurin-mediated signaling","1/253","29/10170",0.0344827586206897,1.38612511925855,0.332579817510875,0.518852429247591,0.661463285982184,0.519317026985451,"CHP1",1,"2"
"GO:1904645","response to amyloid-beta","1/253","29/10170",0.0344827586206897,1.38612511925855,0.332579817510875,0.518852429247591,0.661463285982184,0.519317026985451,"GJA1",1,"2"
"GO:0032496","response to lipopolysaccharide","5/253","192/10170",0.0260416666666667,1.04681324110672,0.104594007363215,0.522552093917837,0.665139945561187,0.522203584655799,"PTGS2/MAPKAPK2/CAPN2/CEBPB/ANKRD1",5,"2"
"GO:0001676","long-chain fatty acid metabolic process","2/253","70/10170",0.0285714285714286,1.1485036702428,0.199129107876251,0.523117181384422,0.665139945561187,0.522203584655799,"PTGS2/QKI",2,"2"
"GO:0002062","chondrocyte differentiation","2/253","70/10170",0.0285714285714286,1.1485036702428,0.199129107876251,0.523117181384422,0.665139945561187,0.522203584655799,"CTNNB1/BMP2",2,"2"
"GO:0019915","lipid storage","2/253","70/10170",0.0285714285714286,1.1485036702428,0.199129107876251,0.523117181384422,0.665139945561187,0.522203584655799,"ITGAV/EHD1",2,"2"
"GO:0046032","ADP catabolic process","2/253","70/10170",0.0285714285714286,1.1485036702428,0.199129107876251,0.523117181384422,0.665139945561187,0.522203584655799,"ENO1/NUPR1",2,"2"
"GO:0170062","nutrient storage","2/253","70/10170",0.0285714285714286,1.1485036702428,0.199129107876251,0.523117181384422,0.665139945561187,0.522203584655799,"ITGAV/EHD1",2,"2"
"GO:1903305","regulation of regulated secretory pathway","2/253","70/10170",0.0285714285714286,1.1485036702428,0.199129107876251,0.523117181384422,0.665139945561187,0.522203584655799,"VAMP8/UNC13D",2,"2"
"GO:0032102","negative regulation of response to external stimulus","6/253","233/10170",0.0257510729613734,1.03513206330896,0.0866489291648021,0.524247672012755,0.666326102535624,0.52313484044362,"LDLR/GNAS/TMSB4X/DUSP3/SFN/PHLDB2",6,"2"
"GO:0048705","skeletal system morphogenesis","3/253","111/10170",0.027027027027027,1.08642239077022,0.146224312904239,0.524583430890812,0.6665016311092,0.523272648510844,"CTNNB1/INSIG1/VEGFA",3,"2"
"GO:0070663","regulation of leukocyte proliferation","4/253","152/10170",0.0263157894736842,1.05783232785521,0.114739032027119,0.525893749112192,0.66766329894816,0.52418467779691,"PRKAR1A/CTNNB1/CD81/CEBPB",4,"2"
"GO:0071216","cellular response to biotic stimulus","4/253","152/10170",0.0263157894736842,1.05783232785521,0.114739032027119,0.525893749112192,0.66766329894816,0.52418467779691,"PTGS2/DDIT3/CAPN2/ANKRD1",4,"2"
"GO:0015748","organophosphate ester transport","3/253","112/10170",0.0267857142857143,1.07672219085263,0.130401749861857,0.530652160287235,0.668676555243808,0.524980188686451,"LDLR/ABCA7/APOC1",3,"2"
"GO:0016482","cytosolic transport","3/253","112/10170",0.0267857142857143,1.07672219085263,0.130401749861857,0.530652160287235,0.668676555243808,0.524980188686451,"CLTC/KIF5B/MAP2",3,"2"
"GO:0043583","ear development","3/253","112/10170",0.0267857142857143,1.07672219085263,0.130401749861857,0.530652160287235,0.668676555243808,0.524980188686451,"MAPKAPK2/INSIG1/BMP2",3,"2"
"GO:0090276","regulation of peptide hormone secretion","3/253","112/10170",0.0267857142857143,1.07672219085263,0.130401749861857,0.530652160287235,0.668676555243808,0.524980188686451,"PRKAR1A/GNAS/EGFR",3,"2"
"GO:0002688","regulation of leukocyte chemotaxis","2/253","71/10170",0.028169014084507,1.13232756221121,0.178710276900357,0.530763664046213,0.668676555243808,0.524980188686451,"NEDD9/VEGFA",2,"2"
"GO:0034644","cellular response to UV","2/253","71/10170",0.028169014084507,1.13232756221121,0.178710276900357,0.530763664046213,0.668676555243808,0.524980188686451,"ATF4/RBX1",2,"2"
"GO:0002347","response to tumor cell","1/253","30/10170",0.0333333333333333,1.3399209486166,0.297802821127252,0.530856209486262,0.668676555243808,0.524980188686451,"RBMS3",1,"2"
"GO:0006040","amino sugar metabolic process","1/253","30/10170",0.0333333333333333,1.3399209486166,0.297802821127252,0.530856209486262,0.668676555243808,0.524980188686451,"GFPT1",1,"2"
"GO:0019674","NAD metabolic process","1/253","30/10170",0.0333333333333333,1.3399209486166,0.297802821127252,0.530856209486262,0.668676555243808,0.524980188686451,"NAMPT",1,"2"
"GO:0032330","regulation of chondrocyte differentiation","1/253","30/10170",0.0333333333333333,1.3399209486166,0.297802821127252,0.530856209486262,0.668676555243808,0.524980188686451,"CTNNB1",1,"2"
"GO:0032467","positive regulation of cytokinesis","1/253","30/10170",0.0333333333333333,1.3399209486166,0.297802821127252,0.530856209486262,0.668676555243808,0.524980188686451,"ARF6",1,"2"
"GO:0032924","activin receptor signaling pathway","1/253","30/10170",0.0333333333333333,1.3399209486166,0.297802821127252,0.530856209486262,0.668676555243808,0.524980188686451,"FSTL3",1,"2"
"GO:0044546","NLRP3 inflammasome complex assembly","1/253","30/10170",0.0333333333333333,1.3399209486166,0.297802821127252,0.530856209486262,0.668676555243808,0.524980188686451,"DDX3X",1,"2"
"GO:0045123","cellular extravasation","1/253","30/10170",0.0333333333333333,1.3399209486166,0.297802821127252,0.530856209486262,0.668676555243808,0.524980188686451,"ITGB1",1,"2"
"GO:0045778","positive regulation of ossification","1/253","30/10170",0.0333333333333333,1.3399209486166,0.297802821127252,0.530856209486262,0.668676555243808,0.524980188686451,"BMP2",1,"2"
"GO:0046636","negative regulation of alpha-beta T cell activation","1/253","30/10170",0.0333333333333333,1.3399209486166,0.297802821127252,0.530856209486262,0.668676555243808,0.524980188686451,"LGALS1",1,"2"
"GO:0050879","multicellular organismal movement","1/253","30/10170",0.0333333333333333,1.3399209486166,0.297802821127252,0.530856209486262,0.668676555243808,0.524980188686451,"TNNC1",1,"2"
"GO:0050918","positive chemotaxis","1/253","30/10170",0.0333333333333333,1.3399209486166,0.297802821127252,0.530856209486262,0.668676555243808,0.524980188686451,"VEGFA",1,"2"
"GO:0070316","regulation of G0 to G1 transition","1/253","30/10170",0.0333333333333333,1.3399209486166,0.297802821127252,0.530856209486262,0.668676555243808,0.524980188686451,"ACTB",1,"2"
"GO:0140632","canonical inflammasome complex assembly","1/253","30/10170",0.0333333333333333,1.3399209486166,0.297802821127252,0.530856209486262,0.668676555243808,0.524980188686451,"DDX3X",1,"2"
"GO:1900077","negative regulation of cellular response to insulin stimulus","1/253","30/10170",0.0333333333333333,1.3399209486166,0.297802821127252,0.530856209486262,0.668676555243808,0.524980188686451,"BLVRB",1,"2"
"GO:0007179","transforming growth factor beta receptor signaling pathway","4/253","154/10170",0.025974025974026,1.04409424567527,0.0880652044346868,0.536247305284186,0.675000752134635,0.52994533671056,"SPRED1/CAV2/PEG10/BMP2",4,"2"
"GO:1902115","regulation of organelle assembly","5/253","195/10170",0.0256410256410256,1.03070842201277,0.0691556362722717,0.536389652846595,0.675000752134635,0.52994533671056,"EZR/MSN/NUPR1/RDX/YAP1",5,"2"
"GO:0048736","appendage development","3/253","113/10170",0.0265486725663717,1.06719367588933,0.114720920890931,0.536677644268374,0.675000752134635,0.52994533671056,"MBNL1/CTNNB1/GJA1",3,"2"
"GO:0060173","limb development","3/253","113/10170",0.0265486725663717,1.06719367588933,0.114720920890931,0.536677644268374,0.675000752134635,0.52994533671056,"MBNL1/CTNNB1/GJA1",3,"2"
"GO:1901987","regulation of cell cycle phase transition","8/253","318/10170",0.0251572327044025,1.01126109329555,0.0325867570360834,0.538172049296934,0.675311521317542,0.530189322630211,"ACTB/RGCC/DDX3X/TMSB4X/WAC/RDX/CCND1/EGFR",8,"2"
"GO:0008645","hexose transmembrane transport","2/253","72/10170",0.0277777777777778,1.11660079051383,0.158583970610795,0.538326621975549,0.675311521317542,0.530189322630211,"MEF2A/RHOQ",2,"2"
"GO:0009137","purine nucleoside diphosphate catabolic process","2/253","72/10170",0.0277777777777778,1.11660079051383,0.158583970610795,0.538326621975549,0.675311521317542,0.530189322630211,"ENO1/NUPR1",2,"2"
"GO:0009181","purine ribonucleoside diphosphate catabolic process","2/253","72/10170",0.0277777777777778,1.11660079051383,0.158583970610795,0.538326621975549,0.675311521317542,0.530189322630211,"ENO1/NUPR1",2,"2"
"GO:0033559","unsaturated fatty acid metabolic process","2/253","72/10170",0.0277777777777778,1.11660079051383,0.158583970610795,0.538326621975549,0.675311521317542,0.530189322630211,"PTGS2/FADS3",2,"2"
"GO:0046634","regulation of alpha-beta T cell activation","2/253","72/10170",0.0277777777777778,1.11660079051383,0.158583970610795,0.538326621975549,0.675311521317542,0.530189322630211,"LGALS1/CD81",2,"2"
"GO:0072384","organelle transport along microtubule","2/253","72/10170",0.0277777777777778,1.11660079051383,0.158583970610795,0.538326621975549,0.675311521317542,0.530189322630211,"KIF5B/MAP2",2,"2"
"GO:0048609","multicellular organismal reproductive process","12/253","482/10170",0.024896265560166,1.00077083299165,0.00276933806946037,0.541503641673279,0.676468342908804,0.531097547111083,"PTGS2/AGFG1/YBX3/CTNNB1/ITGB1/DDX3X/RBX1/QKI/EIF2S2/EGFR/GJA1/SLIRP",12,"2"
"GO:0002820","negative regulation of adaptive immune response","1/253","31/10170",0.032258064516129,1.29669769220961,0.264244940917164,0.542561670926101,0.676468342908804,0.531097547111083,"LGALS1",1,"2"
"GO:0006734","NADH metabolic process","1/253","31/10170",0.032258064516129,1.29669769220961,0.264244940917164,0.542561670926101,0.676468342908804,0.531097547111083,"ENO1",1,"2"
"GO:0015804","neutral amino acid transport","1/253","31/10170",0.032258064516129,1.29669769220961,0.264244940917164,0.542561670926101,0.676468342908804,0.531097547111083,"SLC38A1",1,"2"
"GO:0030199","collagen fibril organization","1/253","31/10170",0.032258064516129,1.29669769220961,0.264244940917164,0.542561670926101,0.676468342908804,0.531097547111083,"COL12A1",1,"2"
"GO:0035315","hair cell differentiation","1/253","31/10170",0.032258064516129,1.29669769220961,0.264244940917164,0.542561670926101,0.676468342908804,0.531097547111083,"CTNNB1",1,"2"
"GO:0042743","hydrogen peroxide metabolic process","1/253","31/10170",0.032258064516129,1.29669769220961,0.264244940917164,0.542561670926101,0.676468342908804,0.531097547111083,"EGFR",1,"2"
"GO:0043030","regulation of macrophage activation","1/253","31/10170",0.032258064516129,1.29669769220961,0.264244940917164,0.542561670926101,0.676468342908804,0.531097547111083,"LDLR",1,"2"
"GO:0045023","G0 to G1 transition","1/253","31/10170",0.032258064516129,1.29669769220961,0.264244940917164,0.542561670926101,0.676468342908804,0.531097547111083,"ACTB",1,"2"
"GO:0045332","phospholipid translocation","1/253","31/10170",0.032258064516129,1.29669769220961,0.264244940917164,0.542561670926101,0.676468342908804,0.531097547111083,"ABCA7",1,"2"
"GO:0046530","photoreceptor cell differentiation","1/253","31/10170",0.032258064516129,1.29669769220961,0.264244940917164,0.542561670926101,0.676468342908804,0.531097547111083,"VEGFA",1,"2"
"GO:0050850","positive regulation of calcium-mediated signaling","1/253","31/10170",0.032258064516129,1.29669769220961,0.264244940917164,0.542561670926101,0.676468342908804,0.531097547111083,"HINT1",1,"2"
"GO:1900181","negative regulation of protein localization to nucleus","1/253","31/10170",0.032258064516129,1.29669769220961,0.264244940917164,0.542561670926101,0.676468342908804,0.531097547111083,"CHP1",1,"2"
"GO:1902229","regulation of intrinsic apoptotic signaling pathway in response to DNA damage","1/253","31/10170",0.032258064516129,1.29669769220961,0.264244940917164,0.542561670926101,0.676468342908804,0.531097547111083,"TPT1",1,"2"
"GO:1903539","protein localization to postsynaptic membrane","1/253","31/10170",0.032258064516129,1.29669769220961,0.264244940917164,0.542561670926101,0.676468342908804,0.531097547111083,"EPB41L3",1,"2"
"GO:0002791","regulation of peptide secretion","3/253","114/10170",0.0263157894736842,1.05783232785521,0.0991789930748354,0.542659213395111,0.676468342908804,0.531097547111083,"PRKAR1A/GNAS/EGFR",3,"2"
"GO:0051028","mRNA transport","3/253","114/10170",0.0263157894736842,1.05783232785521,0.0991789930748354,0.542659213395111,0.676468342908804,0.531097547111083,"AGFG1/QKI/PEG10",3,"2"
"GO:1903320","regulation of protein modification by small protein conjugation or removal","5/253","197/10170",0.0253807106598985,1.02024437711924,0.0458283108374007,0.545513441908941,0.679636642233551,0.533584989454136,"CHP1/CTNNB1/DDX3X/RBX1/NXN",5,"2"
"GO:0015749","monosaccharide transmembrane transport","2/253","73/10170",0.0273972602739726,1.10130488927392,0.138741020875077,0.545805464759328,0.679636642233551,0.533584989454136,"MEF2A/RHOQ",2,"2"
"GO:0019364","pyridine nucleotide catabolic process","2/253","73/10170",0.0273972602739726,1.10130488927392,0.138741020875077,0.545805464759328,0.679636642233551,0.533584989454136,"ENO1/NUPR1",2,"2"
"GO:0009166","nucleotide catabolic process","3/253","115/10170",0.0260869565217391,1.04863378587386,0.0837732161216698,0.548596234311616,0.682607565350099,0.535917471079321,"ENO1/HINT1/NUPR1",3,"2"
"GO:0051924","regulation of calcium ion transport","3/253","115/10170",0.0260869565217391,1.04863378587386,0.0837732161216698,0.548596234311616,0.682607565350099,0.535917471079321,"CALM2/PTGS2/CTNNB1",3,"2"
"GO:0046031","ADP metabolic process","2/253","74/10170",0.027027027027027,1.08642239077022,0.119172676402828,0.553199682625999,0.684963691164781,0.537767273296942,"ENO1/NUPR1",2,"2"
"GO:0051099","positive regulation of binding","2/253","74/10170",0.027027027027027,1.08642239077022,0.119172676402828,0.553199682625999,0.684963691164781,0.537767273296942,"PPP2CB/CEBPG",2,"2"
"GO:0072526","pyridine-containing compound catabolic process","2/253","74/10170",0.027027027027027,1.08642239077022,0.119172676402828,0.553199682625999,0.684963691164781,0.537767273296942,"ENO1/NUPR1",2,"2"
"GO:0006024","glycosaminoglycan biosynthetic process","1/253","32/10170",0.03125,1.25617588932806,0.231817557634715,0.5539761987154,0.684963691164781,0.537767273296942,"CLTC",1,"2"
"GO:0019369","arachidonate metabolic process","1/253","32/10170",0.03125,1.25617588932806,0.231817557634715,0.5539761987154,0.684963691164781,0.537767273296942,"PTGS2",1,"2"
"GO:0032435","negative regulation of proteasomal ubiquitin-dependent protein catabolic process","1/253","32/10170",0.03125,1.25617588932806,0.231817557634715,0.5539761987154,0.684963691164781,0.537767273296942,"WAC",1,"2"
"GO:0035272","exocrine system development","1/253","32/10170",0.03125,1.25617588932806,0.231817557634715,0.5539761987154,0.684963691164781,0.537767273296942,"EGFR",1,"2"
"GO:0035791","platelet-derived growth factor receptor-beta signaling pathway","1/253","32/10170",0.03125,1.25617588932806,0.231817557634715,0.5539761987154,0.684963691164781,0.537767273296942,"EGFR",1,"2"
"GO:0045620","negative regulation of lymphocyte differentiation","1/253","32/10170",0.03125,1.25617588932806,0.231817557634715,0.5539761987154,0.684963691164781,0.537767273296942,"LGALS1",1,"2"
"GO:0052548","regulation of endopeptidase activity","1/253","32/10170",0.03125,1.25617588932806,0.231817557634715,0.5539761987154,0.684963691164781,0.537767273296942,"SPOCK2",1,"2"
"GO:0062125","regulation of mitochondrial gene expression","1/253","32/10170",0.03125,1.25617588932806,0.231817557634715,0.5539761987154,0.684963691164781,0.537767273296942,"DDX3X",1,"2"
"GO:0062237","protein localization to postsynapse","1/253","32/10170",0.03125,1.25617588932806,0.231817557634715,0.5539761987154,0.684963691164781,0.537767273296942,"EPB41L3",1,"2"
"GO:0071320","cellular response to cAMP","1/253","32/10170",0.03125,1.25617588932806,0.231817557634715,0.5539761987154,0.684963691164781,0.537767273296942,"EZR",1,"2"
"GO:0071526","semaphorin-plexin signaling pathway","1/253","32/10170",0.03125,1.25617588932806,0.231817557634715,0.5539761987154,0.684963691164781,0.537767273296942,"FLNA",1,"2"
"GO:0099172","presynapse organization","1/253","32/10170",0.03125,1.25617588932806,0.231817557634715,0.5539761987154,0.684963691164781,0.537767273296942,"ARF6",1,"2"
"GO:0141085","regulation of inflammasome-mediated signaling pathway","1/253","32/10170",0.03125,1.25617588932806,0.231817557634715,0.5539761987154,0.684963691164781,0.537767273296942,"DDX3X",1,"2"
"GO:2000351","regulation of endothelial cell apoptotic process","1/253","32/10170",0.03125,1.25617588932806,0.231817557634715,0.5539761987154,0.684963691164781,0.537767273296942,"RGCC",1,"2"
"GO:0090087","regulation of peptide transport","3/253","116/10170",0.0258620689655172,1.03959383944391,0.0685009192340483,0.554488108965557,0.684963691164781,0.537767273296942,"PRKAR1A/GNAS/EGFR",3,"2"
"GO:0002237","response to molecule of bacterial origin","5/253","199/10170",0.0251256281407035,1.00999066478638,0.0227332116435506,0.554552454590703,0.684963691164781,0.537767273296942,"PTGS2/MAPKAPK2/CAPN2/CEBPB/ANKRD1",5,"2"
"GO:0022409","positive regulation of cell-cell adhesion","5/253","199/10170",0.0251256281407035,1.00999066478638,0.0227332116435506,0.554552454590703,0.684963691164781,0.537767273296942,"LGALS1/ACTB/CD81/CEACAM6/FSTL3",5,"2"
"GO:0009636","response to toxic substance","4/253","158/10170",0.0253164556962025,1.01766147996198,0.03573587691024,0.556610534342148,0.687254017503377,0.539565416126925,"PTGS2/ATF4/NUPR1/NXN",4,"2"
"GO:0007178","cell surface receptor protein serine/threonine kinase signaling pathway","6/253","241/10170",0.024896265560166,1.00077083299165,0.00193430648464104,0.557493093604214,0.688091768533459,0.540223137248439,"SPRED1/FSTL1/CAV2/PEG10/FSTL3/BMP2",6,"2"
"GO:0046631","alpha-beta T cell activation","3/253","117/10170",0.0256410256410256,1.03070842201277,0.0533595081238857,0.56033427383006,0.690550170996403,0.542153237202957,"LGALS1/CD81/CEBPB",3,"2"
"GO:0009191","ribonucleoside diphosphate catabolic process","2/253","75/10170",0.0266666666666667,1.07193675889328,0.099870578263283,0.560508842828338,0.690550170996403,0.542153237202957,"ENO1/NUPR1",2,"2"
"GO:0010507","negative regulation of autophagy","2/253","75/10170",0.0266666666666667,1.07193675889328,0.099870578263283,0.560508842828338,0.690550170996403,0.542153237202957,"EIF4G2/NUPR1",2,"2"
"GO:0051783","regulation of nuclear division","2/253","75/10170",0.0266666666666667,1.07193675889328,0.099870578263283,0.560508842828338,0.690550170996403,0.542153237202957,"RGCC/CAV2",2,"2"
"GO:1901796","regulation of signal transduction by p53 class mediator","2/253","75/10170",0.0266666666666667,1.07193675889328,0.099870578263283,0.560508842828338,0.690550170996403,0.542153237202957,"SPRED1/ANKRD1",2,"2"
"GO:0060326","cell chemotaxis","4/253","159/10170",0.0251572327044025,1.01126109329555,0.0228585993471011,0.561626848544159,0.691422319565864,0.542837963947103,"TMSB4X/NEDD9/VEGFA/HSPB1",4,"2"
"GO:0070588","calcium ion transmembrane transport","4/253","159/10170",0.0251572327044025,1.01126109329555,0.0228585993471011,0.561626848544159,0.691422319565864,0.542837963947103,"ITGAV/CALM2/DDIT3/FLNA",4,"2"
"GO:1901873","regulation of post-translational protein modification","5/253","201/10170",0.0248756218905473,0.999941006430299,-0.000134923045156639,0.563503657539712,0.691666348504805,0.543029551879124,"CHP1/CTNNB1/DDX3X/RBX1/NXN",5,"2"
"GO:0002763","positive regulation of myeloid leukocyte differentiation","1/253","33/10170",0.0303030303030303,1.21810995328782,0.2004411838287,0.565106995886933,0.691666348504805,0.543029551879124,"NEDD9",1,"2"
"GO:0010762","regulation of fibroblast migration","1/253","33/10170",0.0303030303030303,1.21810995328782,0.2004411838287,0.565106995886933,0.691666348504805,0.543029551879124,"ITGB1",1,"2"
"GO:0014044","Schwann cell development","1/253","33/10170",0.0303030303030303,1.21810995328782,0.2004411838287,0.565106995886933,0.691666348504805,0.543029551879124,"NDRG1",1,"2"
"GO:0016242","negative regulation of macroautophagy","1/253","33/10170",0.0303030303030303,1.21810995328782,0.2004411838287,0.565106995886933,0.691666348504805,0.543029551879124,"NUPR1",1,"2"
"GO:0032147","activation of protein kinase activity","1/253","33/10170",0.0303030303030303,1.21810995328782,0.2004411838287,0.565106995886933,0.691666348504805,0.543029551879124,"NRG1",1,"2"
"GO:0033138","positive regulation of peptidyl-serine phosphorylation","1/253","33/10170",0.0303030303030303,1.21810995328782,0.2004411838287,0.565106995886933,0.691666348504805,0.543029551879124,"EGFR",1,"2"
"GO:0043331","response to dsRNA","1/253","33/10170",0.0303030303030303,1.21810995328782,0.2004411838287,0.565106995886933,0.691666348504805,0.543029551879124,"DDX21",1,"2"
"GO:0045197","establishment or maintenance of epithelial cell apical/basal polarity","1/253","33/10170",0.0303030303030303,1.21810995328782,0.2004411838287,0.565106995886933,0.691666348504805,0.543029551879124,"MSN",1,"2"
"GO:0045740","positive regulation of DNA replication","1/253","33/10170",0.0303030303030303,1.21810995328782,0.2004411838287,0.565106995886933,0.691666348504805,0.543029551879124,"EGFR",1,"2"
"GO:0048066","developmental pigmentation","1/253","33/10170",0.0303030303030303,1.21810995328782,0.2004411838287,0.565106995886933,0.691666348504805,0.543029551879124,"RAB32",1,"2"
"GO:0048146","positive regulation of fibroblast proliferation","1/253","33/10170",0.0303030303030303,1.21810995328782,0.2004411838287,0.565106995886933,0.691666348504805,0.543029551879124,"EGFR",1,"2"
"GO:0048704","embryonic skeletal system morphogenesis","1/253","33/10170",0.0303030303030303,1.21810995328782,0.2004411838287,0.565106995886933,0.691666348504805,0.543029551879124,"CTNNB1",1,"2"
"GO:0060135","maternal process involved in female pregnancy","1/253","33/10170",0.0303030303030303,1.21810995328782,0.2004411838287,0.565106995886933,0.691666348504805,0.543029551879124,"PTGS2",1,"2"
"GO:1900101","regulation of endoplasmic reticulum unfolded protein response","1/253","33/10170",0.0303030303030303,1.21810995328782,0.2004411838287,0.565106995886933,0.691666348504805,0.543029551879124,"ABCA7",1,"2"
"GO:2000772","regulation of cellular senescence","1/253","33/10170",0.0303030303030303,1.21810995328782,0.2004411838287,0.565106995886933,0.691666348504805,0.543029551879124,"YBX1",1,"2"
"GO:0031348","negative regulation of defense response","4/253","160/10170",0.025,1.00494071146245,0.0100610121173495,0.566612461945804,0.693257337329917,0.544278642500076,"LDLR/GNAS/TMSB4X/SFN",4,"2"
"GO:0007605","sensory perception of sound","2/253","76/10170",0.0263157894736842,1.05783232785521,0.0808267371521339,0.567732586155094,0.693872519215287,0.544761623845429,"DDIT3/TIMM8B",2,"2"
"GO:0009134","nucleoside diphosphate catabolic process","2/253","76/10170",0.0263157894736842,1.05783232785521,0.0808267371521339,0.567732586155094,0.693872519215287,0.544761623845429,"ENO1/NUPR1",2,"2"
"GO:0042542","response to hydrogen peroxide","2/253","76/10170",0.0263157894736842,1.05783232785521,0.0808267371521339,0.567732586155094,0.693872519215287,0.544761623845429,"PPP2CB/CAPN2",2,"2"
"GO:0097529","myeloid leukocyte migration","3/253","119/10170",0.0252100840336134,1.01338559139071,0.0234593316710484,0.571887388060447,0.69869720019559,0.548549496938225,"CD81/RTN4/VEGFA",3,"2"
"GO:0002286","T cell activation involved in immune response","2/253","77/10170",0.025974025974026,1.04409424567527,0.0620335122612212,0.574870623567365,0.69936650636202,0.549074971436748,"LGALS1/CD81",2,"2"
"GO:0009880","embryonic pattern specification","1/253","34/10170",0.0294117647058824,1.18228318995582,0.17004427129386,0.575961087831355,0.69936650636202,0.549074971436748,"CTNNB1",1,"2"
"GO:0017156","calcium-ion regulated exocytosis","1/253","34/10170",0.0294117647058824,1.18228318995582,0.17004427129386,0.575961087831355,0.69936650636202,0.549074971436748,"MYH9",1,"2"
"GO:0019320","hexose catabolic process","1/253","34/10170",0.0294117647058824,1.18228318995582,0.17004427129386,0.575961087831355,0.69936650636202,0.549074971436748,"ENO1",1,"2"
"GO:0030514","negative regulation of BMP signaling pathway","1/253","34/10170",0.0294117647058824,1.18228318995582,0.17004427129386,0.575961087831355,0.69936650636202,0.549074971436748,"FSTL3",1,"2"
"GO:0032728","positive regulation of interferon-beta production","1/253","34/10170",0.0294117647058824,1.18228318995582,0.17004427129386,0.575961087831355,0.69936650636202,0.549074971436748,"DDX3X",1,"2"
"GO:0032731","positive regulation of interleukin-1 beta production","1/253","34/10170",0.0294117647058824,1.18228318995582,0.17004427129386,0.575961087831355,0.69936650636202,0.549074971436748,"HSPB1",1,"2"
"GO:0042446","hormone biosynthetic process","1/253","34/10170",0.0294117647058824,1.18228318995582,0.17004427129386,0.575961087831355,0.69936650636202,0.549074971436748,"BMP2",1,"2"
"GO:0044743","protein transmembrane import into intracellular organelle","1/253","34/10170",0.0294117647058824,1.18228318995582,0.17004427129386,0.575961087831355,0.69936650636202,0.549074971436748,"TOMM7",1,"2"
"GO:0045454","cell redox homeostasis","1/253","34/10170",0.0294117647058824,1.18228318995582,0.17004427129386,0.575961087831355,0.69936650636202,0.549074971436748,"DDIT3",1,"2"
"GO:0046677","response to antibiotic","1/253","34/10170",0.0294117647058824,1.18228318995582,0.17004427129386,0.575961087831355,0.69936650636202,0.549074971436748,"PPP2CB",1,"2"
"GO:0048538","thymus development","1/253","34/10170",0.0294117647058824,1.18228318995582,0.17004427129386,0.575961087831355,0.69936650636202,0.549074971436748,"CTNNB1",1,"2"
"GO:0048599","oocyte development","1/253","34/10170",0.0294117647058824,1.18228318995582,0.17004427129386,0.575961087831355,0.69936650636202,0.549074971436748,"CTNNB1",1,"2"
"GO:0048662","negative regulation of smooth muscle cell proliferation","1/253","34/10170",0.0294117647058824,1.18228318995582,0.17004427129386,0.575961087831355,0.69936650636202,0.549074971436748,"BMP2",1,"2"
"GO:0090199","regulation of release of cytochrome c from mitochondria","1/253","34/10170",0.0294117647058824,1.18228318995582,0.17004427129386,0.575961087831355,0.69936650636202,0.549074971436748,"LMNA",1,"2"
"GO:0141084","inflammasome-mediated signaling pathway","1/253","34/10170",0.0294117647058824,1.18228318995582,0.17004427129386,0.575961087831355,0.69936650636202,0.549074971436748,"DDX3X",1,"2"
"GO:1904427","positive regulation of calcium ion transmembrane transport","1/253","34/10170",0.0294117647058824,1.18228318995582,0.17004427129386,0.575961087831355,0.69936650636202,0.549074971436748,"CALM2",1,"2"
"GO:0019725","cellular homeostasis","12/253","494/10170",0.0242914979757085,0.976460610327887,-0.0856682648271846,0.576432625393471,0.699687117648231,0.549326684424455,"CALM2/DDIT3/CHP1/ATF4/CFL2/ATP1B3/FTL/RTN4/TPT1/FTH1/FLNA/CAV2",12,"2"
"GO:0009410","response to xenobiotic stimulus","6/253","246/10170",0.024390243902439,0.980429962402391,-0.049627804577136,0.577720364717408,0.700997866076682,0.550355757377429,"PTGS2/CTNNB1/CCND1/EGFR/HSPG2/ANKRD1",6,"2"
"GO:0015833","peptide transport","4/253","163/10170",0.0245398773006135,0.986444870147191,-0.0278647250603517,0.581380983144891,0.704575747047261,0.553164763633596,"PRKAR1A/GNAS/EGFR/GJA1",4,"2"
"GO:0062197","cellular response to chemical stress","6/253","247/10170",0.0242914979757085,0.976460610327887,-0.0598179336763843,0.581710864939536,0.704575747047261,0.553164763633596,"PTGS2/DDIT3/ATF4/YBX3/DDX3X/RBX1",6,"2"
"GO:0006690","icosanoid metabolic process","2/253","78/10170",0.0256410256410256,1.03070842201277,0.0434835916185909,0.5819227329557,0.704575747047261,0.553164763633596,"PTGS2/MAPKAPK2",2,"2"
"GO:0034219","carbohydrate transmembrane transport","2/253","78/10170",0.0256410256410256,1.03070842201277,0.0434835916185909,0.5819227329557,0.704575747047261,0.553164763633596,"MEF2A/RHOQ",2,"2"
"GO:0097530","granulocyte migration","2/253","78/10170",0.0256410256410256,1.03070842201277,0.0434835916185909,0.5819227329557,0.704575747047261,0.553164763633596,"RTN4/VEGFA",2,"2"
"GO:1990542","mitochondrial transmembrane transport","2/253","78/10170",0.0256410256410256,1.03070842201277,0.0434835916185909,0.5819227329557,0.704575747047261,0.553164763633596,"TOMM7/SLC25A3",2,"2"
"GO:0006997","nucleus organization","3/253","121/10170",0.0247933884297521,0.996635416326397,-0.00594664239744133,0.583251729911196,0.705678088719251,0.554030215748554,"LMNA/AGFG1/RTN4",3,"2"
"GO:1901991","negative regulation of mitotic cell cycle phase transition","3/253","121/10170",0.0247933884297521,0.996635416326397,-0.00594664239744133,0.583251729911196,0.705678088719251,0.554030215748554,"RGCC/WAC/CCND1",3,"2"
"GO:0007276","gamete generation","10/253","414/10170",0.0241545893719807,0.970957209142464,-0.0963633411879909,0.584127224018229,0.706483859178432,0.55466282881743,"AGFG1/YBX3/CTNNB1/ITGB1/DDX3X/RBX1/QKI/EIF2S2/GJA1/SLIRP",10,"2"
"GO:0007528","neuromuscular junction development","1/253","35/10170",0.0285714285714286,1.1485036702428,0.140562204766413,0.586545326661137,0.706620522151251,0.554770123372166,"COL4A1",1,"2"
"GO:0009994","oocyte differentiation","1/253","35/10170",0.0285714285714286,1.1485036702428,0.140562204766413,0.586545326661137,0.706620522151251,0.554770123372166,"CTNNB1",1,"2"
"GO:0032438","melanosome organization","1/253","35/10170",0.0285714285714286,1.1485036702428,0.140562204766413,0.586545326661137,0.706620522151251,0.554770123372166,"RAB32",1,"2"
"GO:0033120","positive regulation of RNA splicing","1/253","35/10170",0.0285714285714286,1.1485036702428,0.140562204766413,0.586545326661137,0.706620522151251,0.554770123372166,"RBM3",1,"2"
"GO:0034204","lipid translocation","1/253","35/10170",0.0285714285714286,1.1485036702428,0.140562204766413,0.586545326661137,0.706620522151251,0.554770123372166,"ABCA7",1,"2"
"GO:0042398","modified amino acid biosynthetic process","1/253","35/10170",0.0285714285714286,1.1485036702428,0.140562204766413,0.586545326661137,0.706620522151251,0.554770123372166,"CKB",1,"2"
"GO:0046460","neutral lipid biosynthetic process","1/253","35/10170",0.0285714285714286,1.1485036702428,0.140562204766413,0.586545326661137,0.706620522151251,0.554770123372166,"LDLR",1,"2"
"GO:0046463","acylglycerol biosynthetic process","1/253","35/10170",0.0285714285714286,1.1485036702428,0.140562204766413,0.586545326661137,0.706620522151251,0.554770123372166,"LDLR",1,"2"
"GO:0060236","regulation of mitotic spindle organization","1/253","35/10170",0.0285714285714286,1.1485036702428,0.140562204766413,0.586545326661137,0.706620522151251,0.554770123372166,"CLTC",1,"2"
"GO:0061045","negative regulation of wound healing","1/253","35/10170",0.0285714285714286,1.1485036702428,0.140562204766413,0.586545326661137,0.706620522151251,0.554770123372166,"PHLDB2",1,"2"
"GO:0072538","T-helper 17 type immune response","1/253","35/10170",0.0285714285714286,1.1485036702428,0.140562204766413,0.586545326661137,0.706620522151251,0.554770123372166,"LGALS1",1,"2"
"GO:0006914","autophagy","12/253","498/10170",0.0240963855421687,0.96861755321682,-0.114697131372411,0.587838181091903,0.707672383663654,0.555595943345848,"DDIT3/CLTC/EEF1A1/EIF4G2/VAMP8/TOMM7/NUPR1/CAPNS1/WAC/RHEB/HSPB1/CTTN",12,"2"
"GO:0061919","process utilizing autophagic mechanism","12/253","498/10170",0.0240963855421687,0.96861755321682,-0.114697131372411,0.587838181091903,0.707672383663654,0.555595943345848,"DDIT3/CLTC/EEF1A1/EIF4G2/VAMP8/TOMM7/NUPR1/CAPNS1/WAC/RHEB/HSPB1/CTTN",12,"2"
"GO:0000423","mitophagy","2/253","79/10170",0.0253164556962025,1.01766147996198,0.0251699737789442,0.58888875601404,0.708178632410607,0.555993400921732,"TOMM7/CTTN",2,"2"
"GO:0002705","positive regulation of leukocyte mediated immunity","2/253","79/10170",0.0253164556962025,1.01766147996198,0.0251699737789442,0.58888875601404,0.708178632410607,0.555993400921732,"DDX21/CD81",2,"2"
"GO:1990748","cellular detoxification","2/253","79/10170",0.0253164556962025,1.01766147996198,0.0251699737789442,0.58888875601404,0.708178632410607,0.555993400921732,"PTGS2/NXN",2,"2"
"GO:0032006","regulation of TOR signaling","3/253","123/10170",0.024390243902439,0.980429962402391,-0.0348766884816299,0.594423955451363,0.712941369294068,0.559732641497965,"RBX1/WAC/RHEB",3,"2"
"GO:0046683","response to organophosphorus","2/253","80/10170",0.025,1.00494071146245,0.00708595075569471,0.595768595226732,0.712941369294068,0.559732641497965,"PTGS2/EZR",2,"2"
"GO:0090398","cellular senescence","2/253","80/10170",0.025,1.00494071146245,0.00708595075569471,0.595768595226732,0.712941369294068,0.559732641497965,"LMNA/YBX1",2,"2"
"GO:1905897","regulation of response to endoplasmic reticulum stress","2/253","80/10170",0.025,1.00494071146245,0.00708595075569471,0.595768595226732,0.712941369294068,0.559732641497965,"NUPR1/ABCA7",2,"2"
"GO:0006110","regulation of glycolytic process","1/253","36/10170",0.0277777777777778,1.11660079051383,0.111936448313605,0.596866395467721,0.712941369294068,0.559732641497965,"NUPR1",1,"2"
"GO:0006693","prostaglandin metabolic process","1/253","36/10170",0.0277777777777778,1.11660079051383,0.111936448313605,0.596866395467721,0.712941369294068,0.559732641497965,"PTGS2",1,"2"
"GO:0030811","regulation of nucleotide catabolic process","1/253","36/10170",0.0277777777777778,1.11660079051383,0.111936448313605,0.596866395467721,0.712941369294068,0.559732641497965,"NUPR1",1,"2"
"GO:0032092","positive regulation of protein binding","1/253","36/10170",0.0277777777777778,1.11660079051383,0.111936448313605,0.596866395467721,0.712941369294068,0.559732641497965,"PPP2CB",1,"2"
"GO:0033121","regulation of purine nucleotide catabolic process","1/253","36/10170",0.0277777777777778,1.11660079051383,0.111936448313605,0.596866395467721,0.712941369294068,0.559732641497965,"NUPR1",1,"2"
"GO:0035088","establishment or maintenance of apical/basal cell polarity","1/253","36/10170",0.0277777777777778,1.11660079051383,0.111936448313605,0.596866395467721,0.712941369294068,0.559732641497965,"MSN",1,"2"
"GO:0044273","sulfur compound catabolic process","1/253","36/10170",0.0277777777777778,1.11660079051383,0.111936448313605,0.596866395467721,0.712941369294068,0.559732641497965,"IDS",1,"2"
"GO:0045665","negative regulation of neuron differentiation","1/253","36/10170",0.0277777777777778,1.11660079051383,0.111936448313605,0.596866395467721,0.712941369294068,0.559732641497965,"ITGB1",1,"2"
"GO:0046365","monosaccharide catabolic process","1/253","36/10170",0.0277777777777778,1.11660079051383,0.111936448313605,0.596866395467721,0.712941369294068,0.559732641497965,"ENO1",1,"2"
"GO:0048753","pigment granule organization","1/253","36/10170",0.0277777777777778,1.11660079051383,0.111936448313605,0.596866395467721,0.712941369294068,0.559732641497965,"RAB32",1,"2"
"GO:0051341","regulation of oxidoreductase activity","1/253","36/10170",0.0277777777777778,1.11660079051383,0.111936448313605,0.596866395467721,0.712941369294068,0.559732641497965,"COX17",1,"2"
"GO:0061245","establishment or maintenance of bipolar cell polarity","1/253","36/10170",0.0277777777777778,1.11660079051383,0.111936448313605,0.596866395467721,0.712941369294068,0.559732641497965,"MSN",1,"2"
"GO:0071300","cellular response to retinoic acid","1/253","36/10170",0.0277777777777778,1.11660079051383,0.111936448313605,0.596866395467721,0.712941369294068,0.559732641497965,"YAP1",1,"2"
"GO:0170035","L-amino acid catabolic process","1/253","36/10170",0.0277777777777778,1.11660079051383,0.111936448313605,0.596866395467721,0.712941369294068,0.559732641497965,"DDAH1",1,"2"
"GO:1905168","positive regulation of double-strand break repair via homologous recombination","1/253","36/10170",0.0277777777777778,1.11660079051383,0.111936448313605,0.596866395467721,0.712941369294068,0.559732641497965,"ACTB",1,"2"
"GO:0007600","sensory perception","5/253","209/10170",0.0239234449760766,0.961665752595647,-0.0894371274489794,0.598375885340303,0.714491319181127,0.560949512312086,"DDIT3/GNB1/TIMM8B/GNAS/TACSTD2",5,"2"
"GO:0070507","regulation of microtubule cytoskeleton organization","3/253","124/10170",0.0241935483870968,0.97252326915721,-0.0491686792723599,0.599937111248779,0.716101925356064,0.562214004579666,"CLTC/MAP2/PHLDB2",3,"2"
"GO:0042113","B cell activation","4/253","167/10170",0.0239520958083832,0.962817448107737,-0.0773822799736297,0.600619028072701,0.716662194855325,0.562653874027952,"LGALS1/ITGB1/CD81/CEBPG",4,"2"
"GO:0006405","RNA export from nucleus","2/253","81/10170",0.0246913580246914,0.992534036012297,-0.0107749079041314,0.602562210964953,0.71821837234847,0.563875634156335,"AGFG1/XPOT",2,"2"
"GO:0008643","carbohydrate transport","2/253","81/10170",0.0246913580246914,0.992534036012297,-0.0107749079041314,0.602562210964953,0.71821837234847,0.563875634156335,"MEF2A/RHOQ",2,"2"
"GO:0071482","cellular response to light stimulus","2/253","81/10170",0.0246913580246914,0.992534036012297,-0.0107749079041314,0.602562210964953,0.71821837234847,0.563875634156335,"ATF4/RBX1",2,"2"
"GO:0045862","positive regulation of proteolysis","4/253","168/10170",0.0238095238095238,0.957086391869001,-0.0895809109512618,0.605345358883916,0.71986306706437,0.565166889450862,"ENO1/NUPR1/RBX1/MYH9",4,"2"
"GO:0050777","negative regulation of immune response","3/253","125/10170",0.024,0.964743083003953,-0.0633481004643034,0.605401199720288,0.71986306706437,0.565166889450862,"LGALS1/GNAS/SFN",3,"2"
"GO:0061025","membrane fusion","3/253","125/10170",0.024,0.964743083003953,-0.0633481004643034,0.605401199720288,0.71986306706437,0.565166889450862,"CHP1/VAMP8/CAV2",3,"2"
"GO:0006692","prostanoid metabolic process","1/253","37/10170",0.027027027027027,1.08642239077022,0.0841138176678486,0.606930812474497,0.71986306706437,0.565166889450862,"PTGS2",1,"2"
"GO:0014037","Schwann cell differentiation","1/253","37/10170",0.027027027027027,1.08642239077022,0.0841138176678486,0.606930812474497,0.71986306706437,0.565166889450862,"NDRG1",1,"2"
"GO:0031103","axon regeneration","1/253","37/10170",0.027027027027027,1.08642239077022,0.0841138176678486,0.606930812474497,0.71986306706437,0.565166889450862,"FLNA",1,"2"
"GO:0031146","SCF-dependent proteasomal ubiquitin-dependent protein catabolic process","1/253","37/10170",0.027027027027027,1.08642239077022,0.0841138176678486,0.606930812474497,0.71986306706437,0.565166889450862,"RBX1",1,"2"
"GO:0032623","interleukin-2 production","1/253","37/10170",0.027027027027027,1.08642239077022,0.0841138176678486,0.606930812474497,0.71986306706437,0.565166889450862,"EZR",1,"2"
"GO:0032663","regulation of interleukin-2 production","1/253","37/10170",0.027027027027027,1.08642239077022,0.0841138176678486,0.606930812474497,0.71986306706437,0.565166889450862,"EZR",1,"2"
"GO:0042168","heme metabolic process","1/253","37/10170",0.027027027027027,1.08642239077022,0.0841138176678486,0.606930812474497,0.71986306706437,0.565166889450862,"BLVRB",1,"2"
"GO:0046578","regulation of Ras protein signal transduction","1/253","37/10170",0.027027027027027,1.08642239077022,0.0841138176678486,0.606930812474497,0.71986306706437,0.565166889450862,"PPP2CB",1,"2"
"GO:0048286","lung alveolus development","1/253","37/10170",0.027027027027027,1.08642239077022,0.0841138176678486,0.606930812474497,0.71986306706437,0.565166889450862,"HOPX",1,"2"
"GO:0050766","positive regulation of phagocytosis","1/253","37/10170",0.027027027027027,1.08642239077022,0.0841138176678486,0.606930812474497,0.71986306706437,0.565166889450862,"ABCA7",1,"2"
"GO:0072577","endothelial cell apoptotic process","1/253","37/10170",0.027027027027027,1.08642239077022,0.0841138176678486,0.606930812474497,0.71986306706437,0.565166889450862,"RGCC",1,"2"
"GO:0043393","regulation of protein binding","2/253","82/10170",0.024390243902439,0.980429962402391,-0.0284187699919419,0.609269618689012,0.722382965618618,0.567145270191304,"PPP2CB/MAP2",2,"2"
"GO:0071222","cellular response to lipopolysaccharide","3/253","126/10170",0.0238095238095238,0.957086391869001,-0.0774169717247832,0.610815933679508,0.723707423881693,0.568185106781064,"PTGS2/CAPN2/ANKRD1",3,"2"
"GO:0098876","vesicle-mediated transport to the plasma membrane","3/253","126/10170",0.0238095238095238,0.957086391869001,-0.0774169717247832,0.610815933679508,0.723707423881693,0.568185106781064,"ARF6/EHD1/EHD2",3,"2"
"GO:0002449","lymphocyte mediated immunity","4/253","170/10170",0.0235294117647059,0.945826551964659,-0.113768011365084,0.614696145757403,0.726647072367986,0.570493034589962,"CD81/UNC13D/KIF5B/CEBPG",4,"2"
"GO:0009135","purine nucleoside diphosphate metabolic process","2/253","83/10170",0.0240963855421687,0.96861755321682,-0.0458515545382875,0.615890886253076,0.726647072367986,0.570493034589962,"ENO1/NUPR1",2,"2"
"GO:0009179","purine ribonucleoside diphosphate metabolic process","2/253","83/10170",0.0240963855421687,0.96861755321682,-0.0458515545382875,0.615890886253076,0.726647072367986,0.570493034589962,"ENO1/NUPR1",2,"2"
"GO:0006023","aminoglycan biosynthetic process","1/253","38/10170",0.0263157894736842,1.05783232785521,0.0570458570333564,0.616744935088131,0.726647072367986,0.570493034589962,"CLTC",1,"2"
"GO:0010824","regulation of centrosome duplication","1/253","38/10170",0.0263157894736842,1.05783232785521,0.0570458570333564,0.616744935088131,0.726647072367986,0.570493034589962,"ROCK2",1,"2"
"GO:0014009","glial cell proliferation","1/253","38/10170",0.0263157894736842,1.05783232785521,0.0570458570333564,0.616744935088131,0.726647072367986,0.570493034589962,"EGFR",1,"2"
"GO:0021675","nerve development","1/253","38/10170",0.0263157894736842,1.05783232785521,0.0570458570333564,0.616744935088131,0.726647072367986,0.570493034589962,"CTNNB1",1,"2"
"GO:0032757","positive regulation of interleukin-8 production","1/253","38/10170",0.0263157894736842,1.05783232785521,0.0570458570333564,0.616744935088131,0.726647072367986,0.570493034589962,"DDIT3",1,"2"
"GO:0042698","ovulation cycle","1/253","38/10170",0.0263157894736842,1.05783232785521,0.0570458570333564,0.616744935088131,0.726647072367986,0.570493034589962,"EGFR",1,"2"
"GO:0043370","regulation of CD4-positive, alpha-beta T cell differentiation","1/253","38/10170",0.0263157894736842,1.05783232785521,0.0570458570333564,0.616744935088131,0.726647072367986,0.570493034589962,"LGALS1",1,"2"
"GO:0060324","face development","1/253","38/10170",0.0263157894736842,1.05783232785521,0.0570458570333564,0.616744935088131,0.726647072367986,0.570493034589962,"RRAS",1,"2"
"GO:0060997","dendritic spine morphogenesis","1/253","38/10170",0.0263157894736842,1.05783232785521,0.0570458570333564,0.616744935088131,0.726647072367986,0.570493034589962,"CFL1",1,"2"
"GO:0090224","regulation of spindle organization","1/253","38/10170",0.0263157894736842,1.05783232785521,0.0570458570333564,0.616744935088131,0.726647072367986,0.570493034589962,"CLTC",1,"2"
"GO:0098586","cellular response to virus","1/253","38/10170",0.0263157894736842,1.05783232785521,0.0570458570333564,0.616744935088131,0.726647072367986,0.570493034589962,"DDX3X",1,"2"
"GO:0140719","constitutive heterochromatin formation","1/253","38/10170",0.0263157894736842,1.05783232785521,0.0570458570333564,0.616744935088131,0.726647072367986,0.570493034589962,"XIST",1,"2"
"GO:0170040","proteinogenic amino acid catabolic process","1/253","38/10170",0.0263157894736842,1.05783232785521,0.0570458570333564,0.616744935088131,0.726647072367986,0.570493034589962,"DDAH1",1,"2"
"GO:0019362","pyridine nucleotide metabolic process","3/253","128/10170",0.0234375,0.942131916996047,-0.105230879380204,0.621496323517324,0.731733799895396,0.574486641298908,"ENO1/NAMPT/NUPR1",3,"2"
"GO:0046496","nicotinamide nucleotide metabolic process","3/253","128/10170",0.0234375,0.942131916996047,-0.105230879380204,0.621496323517324,0.731733799895396,0.574486641298908,"ENO1/NAMPT/NUPR1",3,"2"
"GO:0097237","cellular response to toxic substance","2/253","84/10170",0.0238095238095238,0.957086391869001,-0.0630789448167026,0.622426131309006,0.732572745121804,0.575145299987931,"PTGS2/NXN",2,"2"
"GO:0031667","response to nutrient levels","8/253","343/10170",0.0233236151603499,0.937554016524735,-0.187910184700918,0.624505531082164,0.734763660435819,0.576865394891704,"CPEB4/PTGS2/DDIT3/LDLR/ATF4/RHEB/EGFR/ASNS",8,"2"
"GO:0001655","urogenital system development","1/253","39/10170",0.0256410256410256,1.03070842201277,0.0306883030190295,0.626314963850735,0.735609215640779,0.577529243096884,"CTNNB1",1,"2"
"GO:0007007","inner mitochondrial membrane organization","1/253","39/10170",0.0256410256410256,1.03070842201277,0.0306883030190295,0.626314963850735,0.735609215640779,0.577529243096884,"TIMM8B",1,"2"
"GO:0032365","intracellular lipid transport","1/253","39/10170",0.0256410256410256,1.03070842201277,0.0306883030190295,0.626314963850735,0.735609215640779,0.577529243096884,"LDLR",1,"2"
"GO:0035904","aorta development","1/253","39/10170",0.0256410256410256,1.03070842201277,0.0306883030190295,0.626314963850735,0.735609215640779,0.577529243096884,"AP2B1",1,"2"
"GO:0050853","B cell receptor signaling pathway","1/253","39/10170",0.0256410256410256,1.03070842201277,0.0306883030190295,0.626314963850735,0.735609215640779,0.577529243096884,"CD81",1,"2"
"GO:0030098","lymphocyte differentiation","6/253","259/10170",0.0231660231660232,0.931219192088757,-0.179088477522939,0.628053669648158,0.737394489572976,0.578930867601934,"LGALS1/ACTB/CTNNB1/ITGB1/NFATC3/CEBPG",6,"2"
"GO:0016239","positive regulation of macroautophagy","2/253","85/10170",0.0235294117647059,0.945826551964659,-0.0801064005186135,0.628875518806056,0.738102418870178,0.579486665248953,"TOMM7/WAC",2,"2"
"GO:0019827","stem cell population maintenance","3/253","130/10170",0.0230769230769231,0.927637579811493,-0.13262552954637,0.631976510072321,0.740380484596791,0.581275182231669,"ACTB/CTNNB1/YAP1",3,"2"
"GO:0071219","cellular response to molecule of bacterial origin","3/253","130/10170",0.0230769230769231,0.927637579811493,-0.13262552954637,0.631976510072321,0.740380484596791,0.581275182231669,"PTGS2/CAPN2/ANKRD1",3,"2"
"GO:0098727","maintenance of cell number","3/253","130/10170",0.0230769230769231,0.927637579811493,-0.13262552954637,0.631976510072321,0.740380484596791,0.581275182231669,"ACTB/CTNNB1/YAP1",3,"2"
"GO:0141193","nuclear receptor-mediated signaling pathway","3/253","130/10170",0.0230769230769231,0.927637579811493,-0.13262552954637,0.631976510072321,0.740380484596791,0.581275182231669,"ACTN4/YWHAH/BMP2",3,"2"
"GO:0007281","germ cell development","4/253","174/10170",0.0229885057471264,0.924083412839035,-0.161327128644122,0.63298318239957,0.740380484596791,0.581275182231669,"AGFG1/CTNNB1/QKI/SLIRP",4,"2"
"GO:0014074","response to purine-containing compound","2/253","86/10170",0.0232558139534884,0.93482856880228,-0.0969391691613629,0.635239258583318,0.740380484596791,0.581275182231669,"PTGS2/EZR",2,"2"
"GO:0031398","positive regulation of protein ubiquitination","2/253","86/10170",0.0232558139534884,0.93482856880228,-0.0969391691613629,0.635239258583318,0.740380484596791,0.581275182231669,"DDX3X/RBX1",2,"2"
"GO:0120254","olefinic compound metabolic process","2/253","86/10170",0.0232558139534884,0.93482856880228,-0.0969391691613629,0.635239258583318,0.740380484596791,0.581275182231669,"PTGS2/BMP2",2,"2"
"GO:0001881","receptor recycling","1/253","40/10170",0.025,1.00494071146245,0.00500062159981841,0.635646946295287,0.740380484596791,0.581275182231669,"LDLR",1,"2"
"GO:0001947","heart looping","1/253","40/10170",0.025,1.00494071146245,0.00500062159981841,0.635646946295287,0.740380484596791,0.581275182231669,"GJA1",1,"2"
"GO:0002711","positive regulation of T cell mediated immunity","1/253","40/10170",0.025,1.00494071146245,0.00500062159981841,0.635646946295287,0.740380484596791,0.581275182231669,"CD81",1,"2"
"GO:0006778","porphyrin-containing compound metabolic process","1/253","40/10170",0.025,1.00494071146245,0.00500062159981841,0.635646946295287,0.740380484596791,0.581275182231669,"BLVRB",1,"2"
"GO:0007062","sister chromatid cohesion","1/253","40/10170",0.025,1.00494071146245,0.00500062159981841,0.635646946295287,0.740380484596791,0.581275182231669,"CTNNB1",1,"2"
"GO:0030888","regulation of B cell proliferation","1/253","40/10170",0.025,1.00494071146245,0.00500062159981841,0.635646946295287,0.740380484596791,0.581275182231669,"CD81",1,"2"
"GO:0031102","neuron projection regeneration","1/253","40/10170",0.025,1.00494071146245,0.00500062159981841,0.635646946295287,0.740380484596791,0.581275182231669,"FLNA",1,"2"
"GO:0032732","positive regulation of interleukin-1 production","1/253","40/10170",0.025,1.00494071146245,0.00500062159981841,0.635646946295287,0.740380484596791,0.581275182231669,"HSPB1",1,"2"
"GO:0046456","icosanoid biosynthetic process","1/253","40/10170",0.025,1.00494071146245,0.00500062159981841,0.635646946295287,0.740380484596791,0.581275182231669,"PTGS2",1,"2"
"GO:0050709","negative regulation of protein secretion","1/253","40/10170",0.025,1.00494071146245,0.00500062159981841,0.635646946295287,0.740380484596791,0.581275182231669,"RAB11FIP1",1,"2"
"GO:0051279","regulation of release of sequestered calcium ion into cytosol","1/253","40/10170",0.025,1.00494071146245,0.00500062159981841,0.635646946295287,0.740380484596791,0.581275182231669,"CALM2",1,"2"
"GO:0055117","regulation of cardiac muscle contraction","1/253","40/10170",0.025,1.00494071146245,0.00500062159981841,0.635646946295287,0.740380484596791,0.581275182231669,"CALM2",1,"2"
"GO:0072595","maintenance of protein localization in organelle","1/253","40/10170",0.025,1.00494071146245,0.00500062159981841,0.635646946295287,0.740380484596791,0.581275182231669,"INSIG1",1,"2"
"GO:0097035","regulation of membrane lipid distribution","1/253","40/10170",0.025,1.00494071146245,0.00500062159981841,0.635646946295287,0.740380484596791,0.581275182231669,"ABCA7",1,"2"
"GO:0002285","lymphocyte activation involved in immune response","3/253","131/10170",0.0229007633587786,0.920556376912168,-0.146170149322912,0.637141083132833,0.741608468182227,0.582239276230974,"LGALS1/CD81/UNC13D",3,"2"
"GO:1901292","nucleoside phosphate catabolic process","3/253","131/10170",0.0229007633587786,0.920556376912168,-0.146170149322912,0.637141083132833,0.741608468182227,0.582239276230974,"ENO1/HINT1/NUPR1",3,"2"
"GO:1901136","carbohydrate derivative catabolic process","4/253","175/10170",0.0228571428571429,0.918802936194241,-0.173052221035842,0.63746728704375,0.74173212281281,0.582336357892932,"ENO1/HINT1/IDS/NUPR1",4,"2"
"GO:0002366","leukocyte activation involved in immune response","4/253","176/10170",0.0227272727272727,0.913582464965864,-0.184713128209311,0.641915944323483,0.746650763800892,0.586197999300507,"LGALS1/VAMP8/CD81/UNC13D",4,"2"
"GO:0003002","regionalization","5/253","220/10170",0.0227272727272727,0.913582464965864,-0.206971669125001,0.643684181424149,0.748137007757359,0.587364854376525,"DDIT3/CTNNB1/GJA1/BMP2/IRX2",5,"2"
"GO:0009116","nucleoside metabolic process","1/253","41/10170",0.024390243902439,0.980429962402391,-0.0200543934165205,0.644746780706669,0.748137007757359,0.587364854376525,"NAMPT",1,"2"
"GO:0010332","response to gamma radiation","1/253","41/10170",0.024390243902439,0.980429962402391,-0.0200543934165205,0.644746780706669,0.748137007757359,0.587364854376525,"YAP1",1,"2"
"GO:0016101","diterpenoid metabolic process","1/253","41/10170",0.024390243902439,0.980429962402391,-0.0200543934165205,0.644746780706669,0.748137007757359,0.587364854376525,"EGFR",1,"2"
"GO:0032729","positive regulation of type II interferon production","1/253","41/10170",0.024390243902439,0.980429962402391,-0.0200543934165205,0.644746780706669,0.748137007757359,0.587364854376525,"CEBPG",1,"2"
"GO:0033363","secretory granule organization","1/253","41/10170",0.024390243902439,0.980429962402391,-0.0200543934165205,0.644746780706669,0.748137007757359,0.587364854376525,"AGFG1",1,"2"
"GO:0050818","regulation of coagulation","1/253","41/10170",0.024390243902439,0.980429962402391,-0.0200543934165205,0.644746780706669,0.748137007757359,0.587364854376525,"ANXA5",1,"2"
"GO:0042742","defense response to bacterium","3/253","133/10170",0.0225563909774436,0.906713423875895,-0.172962613766045,0.647318508656809,0.750543288390827,0.589254033309274,"FAU/CEBPB/PGC",3,"2"
"GO:0050954","sensory perception of mechanical stimulus","2/253","88/10170",0.0227272727272727,0.913582464965864,-0.130040637997368,0.647710844963614,0.750543288390827,0.589254033309274,"DDIT3/TIMM8B",2,"2"
"GO:0060041","retina development in camera-type eye","2/253","88/10170",0.0227272727272727,0.913582464965864,-0.130040637997368,0.647710844963614,0.750543288390827,0.589254033309274,"COL4A1/GNB1",2,"2"
"GO:2001252","positive regulation of chromosome organization","2/253","88/10170",0.0227272727272727,0.913582464965864,-0.130040637997368,0.647710844963614,0.750543288390827,0.589254033309274,"CTNNB1/HNRNPD",2,"2"
"GO:0006282","regulation of DNA repair","4/253","178/10170",0.0224719101123595,0.903317493449394,-0.207845639346088,0.650706256665941,0.753755237883048,0.591775745544067,"ACTB/SF3B5/CEBPG/EGFR",4,"2"
"GO:0006887","exocytosis","5/253","222/10170",0.0225225225225225,0.905351992308514,-0.227734749281118,0.651573304398437,0.75428041791031,0.59218806613112,"RAB11FIP1/RAB21/VAMP8/UNC13D/MYH9",5,"2"
"GO:0009617","response to bacterium","8/253","352/10170",0.0227272727272727,0.913582464965864,-0.263554793716901,0.653398244736755,0.75428041791031,0.59218806613112,"PTGS2/MAPKAPK2/FAU/CAPN2/CEBPB/BMP2/PGC/ANKRD1",8,"2"
"GO:0032091","negative regulation of protein binding","1/253","42/10170",0.0238095238095238,0.957086391869001,-0.0445109698867537,0.653620219790607,0.75428041791031,0.59218806613112,"MAP2",1,"2"
"GO:0032722","positive regulation of chemokine production","1/253","42/10170",0.0238095238095238,0.957086391869001,-0.0445109698867537,0.653620219790607,0.75428041791031,0.59218806613112,"DDX3X",1,"2"
"GO:0046928","regulation of neurotransmitter secretion","1/253","42/10170",0.0238095238095238,0.957086391869001,-0.0445109698867537,0.653620219790607,0.75428041791031,0.59218806613112,"MYOF",1,"2"
"GO:0061371","determination of heart left/right asymmetry","1/253","42/10170",0.0238095238095238,0.957086391869001,-0.0445109698867537,0.653620219790607,0.75428041791031,0.59218806613112,"GJA1",1,"2"
"GO:0072678","T cell migration","1/253","42/10170",0.0238095238095238,0.957086391869001,-0.0445109698867537,0.653620219790607,0.75428041791031,0.59218806613112,"MSN",1,"2"
"GO:0090114","COPII-coated vesicle budding","1/253","42/10170",0.0238095238095238,0.957086391869001,-0.0445109698867537,0.653620219790607,0.75428041791031,0.59218806613112,"INSIG1",1,"2"
"GO:0170034","L-amino acid biosynthetic process","1/253","42/10170",0.0238095238095238,0.957086391869001,-0.0445109698867537,0.653620219790607,0.75428041791031,0.59218806613112,"ASNS",1,"2"
"GO:0170038","proteinogenic amino acid biosynthetic process","1/253","42/10170",0.0238095238095238,0.957086391869001,-0.0445109698867537,0.653620219790607,0.75428041791031,0.59218806613112,"ASNS",1,"2"
"GO:1904063","negative regulation of cation transmembrane transport","1/253","42/10170",0.0238095238095238,0.957086391869001,-0.0445109698867537,0.653620219790607,0.75428041791031,0.59218806613112,"CALM2",1,"2"
"GO:0002263","cell activation involved in immune response","4/253","179/10170",0.0223463687150838,0.898271027005543,-0.219318831692943,0.655047615153801,0.755410587653426,0.593075366157322,"LGALS1/VAMP8/CD81/UNC13D",4,"2"
"GO:0032886","regulation of microtubule-based process","4/253","179/10170",0.0223463687150838,0.898271027005543,-0.219318831692943,0.655047615153801,0.755410587653426,0.593075366157322,"CLTC/ROCK2/MAP2/PHLDB2",4,"2"
"GO:0000723","telomere maintenance","3/253","135/10170",0.0222222222222222,0.893280632411067,-0.199370393691238,0.657292996059366,0.75774084879049,0.594904861930475,"LMNA/CTNNB1/HNRNPD",3,"2"
"GO:0015849","organic acid transport","4/253","180/10170",0.0222222222222222,0.893280632411067,-0.230731016324499,0.659352932596081,0.759596203865386,0.596361507373867,"PTGS2/SLC38A1/ITGB1/GJA1",4,"2"
"GO:0046942","carboxylic acid transport","4/253","180/10170",0.0222222222222222,0.893280632411067,-0.230731016324499,0.659352932596081,0.759596203865386,0.596361507373867,"PTGS2/SLC38A1/ITGB1/GJA1",4,"2"
"GO:0009100","glycoprotein metabolic process","6/253","268/10170",0.0223880597014925,0.899946905787269,-0.26512195142248,0.66080418851784,0.760621298358448,0.597166312471592,"CHP1/GFPT1/CTNNB1/IDS/ABCA7/BMP2",6,"2"
"GO:0006473","protein acetylation","1/253","43/10170",0.0232558139534884,0.93482856880228,-0.0684006626153216,0.662272874252789,0.760621298358448,0.597166312471592,"DDX3X",1,"2"
"GO:0031648","protein destabilization","1/253","43/10170",0.0232558139534884,0.93482856880228,-0.0684006626153216,0.662272874252789,0.760621298358448,0.597166312471592,"BMP2",1,"2"
"GO:0033555","multicellular organismal response to stress","1/253","43/10170",0.0232558139534884,0.93482856880228,-0.0684006626153216,0.662272874252789,0.760621298358448,0.597166312471592,"CAPN2",1,"2"
"GO:0048013","ephrin receptor signaling pathway","1/253","43/10170",0.0232558139534884,0.93482856880228,-0.0684006626153216,0.662272874252789,0.760621298358448,0.597166312471592,"EGFR",1,"2"
"GO:0072348","sulfur compound transport","1/253","43/10170",0.0232558139534884,0.93482856880228,-0.0684006626153216,0.662272874252789,0.760621298358448,0.597166312471592,"GJA1",1,"2"
"GO:1903573","negative regulation of response to endoplasmic reticulum stress","1/253","43/10170",0.0232558139534884,0.93482856880228,-0.0684006626153216,0.662272874252789,0.760621298358448,0.597166312471592,"ABCA7",1,"2"
"GO:1904705","regulation of vascular associated smooth muscle cell proliferation","1/253","43/10170",0.0232558139534884,0.93482856880228,-0.0684006626153216,0.662272874252789,0.760621298358448,0.597166312471592,"GJA1",1,"2"
"GO:2000059","negative regulation of ubiquitin-dependent protein catabolic process","1/253","43/10170",0.0232558139534884,0.93482856880228,-0.0684006626153216,0.662272874252789,0.760621298358448,0.597166312471592,"WAC",1,"2"
"GO:0006631","fatty acid metabolic process","6/253","269/10170",0.0223048327137546,0.896601378256461,-0.274511528027583,0.664331118353349,0.762725410652875,0.598818258035831,"PTGS2/MSMO1/INSIG1/QKI/FADS3/APOC1",6,"2"
"GO:0000077","DNA damage checkpoint signaling","2/253","91/10170",0.021978021978022,0.883464361725231,-0.178352811728773,0.665783443464729,0.763299531098266,0.599269001908016,"WAC/CCND1",2,"2"
"GO:0001838","embryonic epithelial tube formation","2/253","91/10170",0.021978021978022,0.883464361725231,-0.178352811728773,0.665783443464729,0.763299531098266,0.599269001908016,"CTNNB1/IRX2",2,"2"
"GO:0006275","regulation of DNA replication","2/253","91/10170",0.021978021978022,0.883464361725231,-0.178352811728773,0.665783443464729,0.763299531098266,0.599269001908016,"ZBTB38/EGFR",2,"2"
"GO:1905039","carboxylic acid transmembrane transport","2/253","91/10170",0.021978021978022,0.883464361725231,-0.178352811728773,0.665783443464729,0.763299531098266,0.599269001908016,"SLC38A1/ITGB1",2,"2"
"GO:0008380","RNA splicing","9/253","399/10170",0.0225563909774436,0.906713423875895,-0.303630449416736,0.665962995400682,0.763299531098266,0.599269001908016,"MBNL1/SNRPB2/YBX1/RBM3/PABPC1/QKI/CELF2/SF3B5/UBL5",9,"2"
"GO:1901988","negative regulation of cell cycle phase transition","4/253","182/10170",0.021978021978022,0.883464361725231,-0.2533753805432,0.667854992804572,0.765207963213394,0.60076731831232,"RGCC/TMSB4X/WAC/CCND1",4,"2"
"GO:0000381","regulation of alternative mRNA splicing, via spliceosome","1/253","44/10170",0.0227272727272727,0.913582464965864,-0.091752620915439,0.670710216290317,0.766915852604594,0.602108187956719,"CELF2",1,"2"
"GO:0003281","ventricular septum development","1/253","44/10170",0.0227272727272727,0.913582464965864,-0.091752620915439,0.670710216290317,0.766915852604594,0.602108187956719,"AP2B1",1,"2"
"GO:0043470","regulation of carbohydrate catabolic process","1/253","44/10170",0.0227272727272727,0.913582464965864,-0.091752620915439,0.670710216290317,0.766915852604594,0.602108187956719,"NUPR1",1,"2"
"GO:0045666","positive regulation of neuron differentiation","1/253","44/10170",0.0227272727272727,0.913582464965864,-0.091752620915439,0.670710216290317,0.766915852604594,0.602108187956719,"BMP2",1,"2"
"GO:0060390","regulation of SMAD protein signal transduction","1/253","44/10170",0.0227272727272727,0.913582464965864,-0.091752620915439,0.670710216290317,0.766915852604594,0.602108187956719,"BMP2",1,"2"
"GO:0170036","import into the mitochondrion","1/253","44/10170",0.0227272727272727,0.913582464965864,-0.091752620915439,0.670710216290317,0.766915852604594,0.602108187956719,"TOMM7",1,"2"
"GO:0006090","pyruvate metabolic process","2/253","92/10170",0.0217391304347826,0.873861488228218,-0.194117042987414,0.671639936019331,0.767198463501756,0.602330066712529,"ENO1/NUPR1",2,"2"
"GO:0098754","detoxification","2/253","92/10170",0.0217391304347826,0.873861488228218,-0.194117042987414,0.671639936019331,0.767198463501756,0.602330066712529,"PTGS2/NXN",2,"2"
"GO:1903825","organic acid transmembrane transport","2/253","92/10170",0.0217391304347826,0.873861488228218,-0.194117042987414,0.671639936019331,0.767198463501756,0.602330066712529,"SLC38A1/ITGB1",2,"2"
"GO:0030072","peptide hormone secretion","3/253","138/10170",0.0217391304347826,0.873861488228218,-0.238288296098042,0.671873270417667,0.76720510255617,0.602335279056243,"PRKAR1A/GNAS/EGFR",3,"2"
"GO:0022412","cellular process involved in reproduction in multicellular organism","4/253","184/10170",0.0217391304347826,0.873861488228218,-0.275784631616966,0.6762116570462,0.771375408511429,0.605609400139304,"AGFG1/CTNNB1/QKI/SLIRP",4,"2"
"GO:0042594","response to starvation","4/253","184/10170",0.0217391304347826,0.873861488228218,-0.275784631616966,0.6762116570462,0.771375408511429,0.605609400139304,"CPEB4/DDIT3/ATF4/ASNS",4,"2"
"GO:0042886","amide transport","4/253","184/10170",0.0217391304347826,0.873861488228218,-0.275784631616966,0.6762116570462,0.771375408511429,0.605609400139304,"PRKAR1A/GNAS/EGFR/GJA1",4,"2"
"GO:0140588","chromatin looping","3/253","139/10170",0.0215827338129496,0.867574714931612,-0.251081913098001,0.676631584003522,0.771441311564963,0.60566114084594,"DDX21/EIF4A1/DDX3X",3,"2"
"GO:0007093","mitotic cell cycle checkpoint signaling","2/253","93/10170",0.021505376344086,0.864465128139743,-0.209718200297593,0.677413322521903,0.771441311564963,0.60566114084594,"WAC/CCND1",2,"2"
"GO:0009185","ribonucleoside diphosphate metabolic process","2/253","93/10170",0.021505376344086,0.864465128139743,-0.209718200297593,0.677413322521903,0.771441311564963,0.60566114084594,"ENO1/NUPR1",2,"2"
"GO:0039531","regulation of cytoplasmic pattern recognition receptor signaling pathway","2/253","93/10170",0.021505376344086,0.864465128139743,-0.209718200297593,0.677413322521903,0.771441311564963,0.60566114084594,"DDX3X/RTN4",2,"2"
"GO:0070936","protein K48-linked ubiquitination","2/253","93/10170",0.021505376344086,0.864465128139743,-0.209718200297593,0.677413322521903,0.771441311564963,0.60566114084594,"RBX1/IFI27",2,"2"
"GO:0001501","skeletal system development","6/253","273/10170",0.021978021978022,0.883464361725231,-0.311743584847585,0.678209268673091,0.772086986484018,0.606168062373511,"CTNNB1/GNAS/INSIG1/VEGFA/GJA1/BMP2",6,"2"
"GO:0006513","protein monoubiquitination","1/253","45/10170",0.0222222222222222,0.893280632411067,-0.114593823861586,0.678937582997659,0.772134074154505,0.606205031060305,"RBX1",1,"2"
"GO:0046605","regulation of centrosome cycle","1/253","45/10170",0.0222222222222222,0.893280632411067,-0.114593823861586,0.678937582997659,0.772134074154505,0.606205031060305,"ROCK2",1,"2"
"GO:1901799","negative regulation of proteasomal protein catabolic process","1/253","45/10170",0.0222222222222222,0.893280632411067,-0.114593823861586,0.678937582997659,0.772134074154505,0.606205031060305,"WAC",1,"2"
"GO:0006906","vesicle fusion","2/253","94/10170",0.0212765957446809,0.855268690606341,-0.22516016914595,0.683104095425984,0.776087267444885,0.60930869626768,"VAMP8/CAV2",2,"2"
"GO:0051053","negative regulation of DNA metabolic process","2/253","94/10170",0.0212765957446809,0.855268690606341,-0.22516016914595,0.683104095425984,0.776087267444885,0.60930869626768,"SUB1/ANKRD1",2,"2"
"GO:1901800","positive regulation of proteasomal protein catabolic process","2/253","94/10170",0.0212765957446809,0.855268690606341,-0.22516016914595,0.683104095425984,0.776087267444885,0.60930869626768,"NUPR1/RBX1",2,"2"
"GO:0006942","regulation of striated muscle contraction","1/253","46/10170",0.0217391304347826,0.873861488228218,-0.136949287767247,0.686960179689175,0.778370203599428,0.611101037039571,"CALM2",1,"2"
"GO:0033135","regulation of peptidyl-serine phosphorylation","1/253","46/10170",0.0217391304347826,0.873861488228218,-0.136949287767247,0.686960179689175,0.778370203599428,0.611101037039571,"EGFR",1,"2"
"GO:0035019","somatic stem cell population maintenance","1/253","46/10170",0.0217391304347826,0.873861488228218,-0.136949287767247,0.686960179689175,0.778370203599428,0.611101037039571,"YAP1",1,"2"
"GO:0042472","inner ear morphogenesis","1/253","46/10170",0.0217391304347826,0.873861488228218,-0.136949287767247,0.686960179689175,0.778370203599428,0.611101037039571,"INSIG1",1,"2"
"GO:0046626","regulation of insulin receptor signaling pathway","1/253","46/10170",0.0217391304347826,0.873861488228218,-0.136949287767247,0.686960179689175,0.778370203599428,0.611101037039571,"BLVRB",1,"2"
"GO:0046635","positive regulation of alpha-beta T cell activation","1/253","46/10170",0.0217391304347826,0.873861488228218,-0.136949287767247,0.686960179689175,0.778370203599428,0.611101037039571,"CD81",1,"2"
"GO:0051101","regulation of DNA binding","1/253","46/10170",0.0217391304347826,0.873861488228218,-0.136949287767247,0.686960179689175,0.778370203599428,0.611101037039571,"CEBPG",1,"2"
"GO:2000785","regulation of autophagosome assembly","1/253","46/10170",0.0217391304347826,0.873861488228218,-0.136949287767247,0.686960179689175,0.778370203599428,0.611101037039571,"NUPR1",1,"2"
"GO:0032640","tumor necrosis factor production","2/253","95/10170",0.0210526315789474,0.846265862284169,-0.240446698974009,0.688712774108389,0.779831925551877,0.612248639808632,"MAPKAPK2/HSPB1",2,"2"
"GO:0032680","regulation of tumor necrosis factor production","2/253","95/10170",0.0210526315789474,0.846265862284169,-0.240446698974009,0.688712774108389,0.779831925551877,0.612248639808632,"MAPKAPK2/HSPB1",2,"2"
"GO:0032200","telomere organization","3/253","142/10170",0.0211267605633803,0.849245671658409,-0.288945561273619,0.690601584268302,0.78170813768134,0.613721660194971,"LMNA/CTNNB1/HNRNPD",3,"2"
"GO:0002253","activation of immune response","8/253","365/10170",0.0219178082191781,0.881043911419135,-0.36967368483679,0.692791012214309,0.783810156021715,0.615371961788916,"PHPT1/EZR/CD81/MAPKAPK2/RGCC/DDX3X/RTN4/DUSP3",8,"2"
"GO:0031570","DNA integrity checkpoint signaling","2/253","96/10170",0.0208333333333333,0.837450592885375,-0.255581409376023,0.694239903236434,0.783810156021715,0.615371961788916,"WAC/CCND1",2,"2"
"GO:0090174","organelle membrane fusion","2/253","96/10170",0.0208333333333333,0.837450592885375,-0.255581409376023,0.694239903236434,0.783810156021715,0.615371961788916,"VAMP8/CAV2",2,"2"
"GO:0002027","regulation of heart rate","1/253","47/10170",0.0212765957446809,0.855268690606341,-0.158842249700997,0.694783083140245,0.783810156021715,0.615371961788916,"CALM2",1,"2"
"GO:0006801","superoxide metabolic process","1/253","47/10170",0.0212765957446809,0.855268690606341,-0.158842249700997,0.694783083140245,0.783810156021715,0.615371961788916,"EGFR",1,"2"
"GO:0030101","natural killer cell activation","1/253","47/10170",0.0212765957446809,0.855268690606341,-0.158842249700997,0.694783083140245,0.783810156021715,0.615371961788916,"UNC13D",1,"2"
"GO:0048278","vesicle docking","1/253","47/10170",0.0212765957446809,0.855268690606341,-0.158842249700997,0.694783083140245,0.783810156021715,0.615371961788916,"CAV2",1,"2"
"GO:0050830","defense response to Gram-positive bacterium","1/253","47/10170",0.0212765957446809,0.855268690606341,-0.158842249700997,0.694783083140245,0.783810156021715,0.615371961788916,"FAU",1,"2"
"GO:0098659","inorganic cation import across plasma membrane","1/253","47/10170",0.0212765957446809,0.855268690606341,-0.158842249700997,0.694783083140245,0.783810156021715,0.615371961788916,"ATP1B3",1,"2"
"GO:0099587","inorganic ion import across plasma membrane","1/253","47/10170",0.0212765957446809,0.855268690606341,-0.158842249700997,0.694783083140245,0.783810156021715,0.615371961788916,"ATP1B3",1,"2"
"GO:0002790","peptide secretion","3/253","143/10170",0.020979020979021,0.843306890737721,-0.301398882157961,0.695156814541348,0.783969491181747,0.615497056353279,"PRKAR1A/GNAS/EGFR",3,"2"
"GO:0009132","nucleoside diphosphate metabolic process","2/253","97/10170",0.0206185567010309,0.828817081618516,-0.270567795951576,0.699686051199173,0.788286456613302,0.61888632027922,"ENO1/NUPR1",2,"2"
"GO:0071706","tumor necrosis factor superfamily cytokine production","2/253","97/10170",0.0206185567010309,0.828817081618516,-0.270567795951576,0.699686051199173,0.788286456613302,0.61888632027922,"MAPKAPK2/HSPB1",2,"2"
"GO:1903555","regulation of tumor necrosis factor superfamily cytokine production","2/253","97/10170",0.0206185567010309,0.828817081618516,-0.270567795951576,0.699686051199173,0.788286456613302,0.61888632027922,"MAPKAPK2/HSPB1",2,"2"
"GO:0002429","immune response-activating cell surface receptor signaling pathway","4/253","190/10170",0.0210526315789474,0.846265862284169,-0.341657590489346,0.700404281770165,0.788613986423514,0.619143465023144,"PHPT1/EZR/CD81/DUSP3",4,"2"
"GO:0006576","biogenic amine metabolic process","1/253","48/10170",0.0208333333333333,0.837450592885375,-0.180294330260692,0.702411244749009,0.788613986423514,0.619143465023144,"OAZ1",1,"2"
"GO:0014909","smooth muscle cell migration","1/253","48/10170",0.0208333333333333,0.837450592885375,-0.180294330260692,0.702411244749009,0.788613986423514,0.619143465023144,"DDIT3",1,"2"
"GO:0031113","regulation of microtubule polymerization","1/253","48/10170",0.0208333333333333,0.837450592885375,-0.180294330260692,0.702411244749009,0.788613986423514,0.619143465023144,"MAP2",1,"2"
"GO:0032370","positive regulation of lipid transport","1/253","48/10170",0.0208333333333333,0.837450592885375,-0.180294330260692,0.702411244749009,0.788613986423514,0.619143465023144,"ABCA7",1,"2"
"GO:0032608","interferon-beta production","1/253","48/10170",0.0208333333333333,0.837450592885375,-0.180294330260692,0.702411244749009,0.788613986423514,0.619143465023144,"DDX3X",1,"2"
"GO:0032648","regulation of interferon-beta production","1/253","48/10170",0.0208333333333333,0.837450592885375,-0.180294330260692,0.702411244749009,0.788613986423514,0.619143465023144,"DDX3X",1,"2"
"GO:0034766","negative regulation of monoatomic ion transmembrane transport","1/253","48/10170",0.0208333333333333,0.837450592885375,-0.180294330260692,0.702411244749009,0.788613986423514,0.619143465023144,"CALM2",1,"2"
"GO:0043124","negative regulation of canonical NF-kappaB signal transduction","1/253","48/10170",0.0208333333333333,0.837450592885375,-0.180294330260692,0.702411244749009,0.788613986423514,0.619143465023144,"TMSB4X",1,"2"
"GO:0051928","positive regulation of calcium ion transport","1/253","48/10170",0.0208333333333333,0.837450592885375,-0.180294330260692,0.702411244749009,0.788613986423514,0.619143465023144,"CALM2",1,"2"
"GO:0032787","monocarboxylic acid metabolic process","9/253","412/10170",0.0218446601941748,0.878103534287578,-0.403430327285411,0.702549352080735,0.788613986423514,0.619143465023144,"PTGS2/ENO1/SLC38A1/MSMO1/NUPR1/INSIG1/QKI/FADS3/APOC1",9,"2"
"GO:0007389","pattern specification process","5/253","236/10170",0.0211864406779661,0.85164467073089,-0.368303887650412,0.703649702627311,0.789549253893008,0.619877746625746,"DDIT3/CTNNB1/GJA1/BMP2/IRX2",5,"2"
"GO:0007610","behavior","7/253","325/10170",0.0215384615384615,0.865795074490727,-0.392745758234344,0.704084995983474,0.789549253893008,0.619877746625746,"PTGS2/LDLR/ITGB1/NEDD9/CAPN2/ABCA7/EGFR",7,"2"
"GO:0016236","macroautophagy","7/253","325/10170",0.0215384615384615,0.865795074490727,-0.392745758234344,0.704084995983474,0.789549253893008,0.619877746625746,"VAMP8/TOMM7/NUPR1/CAPNS1/WAC/RHEB/CTTN",7,"2"
"GO:0043467","regulation of generation of precursor metabolites and energy","2/253","98/10170",0.0204081632653061,0.820359764459143,-0.28540923583559,0.705051808600489,0.790370577992303,0.620522570909235,"COX7A2/NUPR1",2,"2"
"GO:0030166","proteoglycan biosynthetic process","1/253","49/10170",0.0204081632653061,0.820359764459143,-0.201325678334903,0.709849493620625,0.79313212487746,0.62269067055841,"CTNNB1",1,"2"
"GO:0032611","interleukin-1 beta production","1/253","49/10170",0.0204081632653061,0.820359764459143,-0.201325678334903,0.709849493620625,0.79313212487746,0.62269067055841,"HSPB1",1,"2"
"GO:0032637","interleukin-8 production","1/253","49/10170",0.0204081632653061,0.820359764459143,-0.201325678334903,0.709849493620625,0.79313212487746,0.62269067055841,"DDIT3",1,"2"
"GO:0032651","regulation of interleukin-1 beta production","1/253","49/10170",0.0204081632653061,0.820359764459143,-0.201325678334903,0.709849493620625,0.79313212487746,0.62269067055841,"HSPB1",1,"2"
"GO:0032677","regulation of interleukin-8 production","1/253","49/10170",0.0204081632653061,0.820359764459143,-0.201325678334903,0.709849493620625,0.79313212487746,0.62269067055841,"DDIT3",1,"2"
"GO:0032968","positive regulation of transcription elongation by RNA polymerase II","1/253","49/10170",0.0204081632653061,0.820359764459143,-0.201325678334903,0.709849493620625,0.79313212487746,0.62269067055841,"CTNNB1",1,"2"
"GO:0033013","tetrapyrrole metabolic process","1/253","49/10170",0.0204081632653061,0.820359764459143,-0.201325678334903,0.709849493620625,0.79313212487746,0.62269067055841,"BLVRB",1,"2"
"GO:2000379","positive regulation of reactive oxygen species metabolic process","1/253","49/10170",0.0204081632653061,0.820359764459143,-0.201325678334903,0.709849493620625,0.79313212487746,0.62269067055841,"EGFR",1,"2"
"GO:0002757","immune response-activating signaling pathway","7/253","327/10170",0.0214067278287462,0.860499691772129,-0.409538305104869,0.710095462317315,0.79313212487746,0.62269067055841,"PHPT1/EZR/CD81/MAPKAPK2/DDX3X/RTN4/DUSP3",7,"2"
"GO:0000422","autophagy of mitochondrion","2/253","99/10170",0.0202020202020202,0.812073302191879,-0.30010899292664,0.71033778681196,0.79313212487746,0.62269067055841,"TOMM7/CTTN",2,"2"
"GO:0007006","mitochondrial membrane organization","2/253","99/10170",0.0202020202020202,0.812073302191879,-0.30010899292664,0.71033778681196,0.79313212487746,0.62269067055841,"TIMM8B/TOMM7",2,"2"
"GO:0007584","response to nutrient","2/253","99/10170",0.0202020202020202,0.812073302191879,-0.30010899292664,0.71033778681196,0.79313212487746,0.62269067055841,"PTGS2/EGFR",2,"2"
"GO:0006839","mitochondrial transport","3/253","147/10170",0.0204081632653061,0.820359764459143,-0.350406896949842,0.712873204104236,0.795699584322901,0.624706391512798,"TIMM8B/TOMM7/SLC25A3",3,"2"
"GO:0000086","G2/M transition of mitotic cell cycle","2/253","100/10170",0.02,0.80395256916996,-0.314670222832974,0.715544616583468,0.798152976222115,0.626632557657058,"CALM2/CCND1",2,"2"
"GO:0070646","protein modification by small protein removal","2/253","100/10170",0.02,0.80395256916996,-0.314670222832974,0.715544616583468,0.798152976222115,0.626632557657058,"HINT1/OTUD1",2,"2"
"GO:0033044","regulation of chromosome organization","4/253","194/10170",0.0206185567010309,0.828817081618516,-0.384496418204207,0.715799614283509,0.798173379419309,0.626648576275071,"LMNA/ACTB/CTNNB1/HNRNPD",4,"2"
"GO:0006767","water-soluble vitamin metabolic process","1/253","50/10170",0.02,0.80395256916996,-0.221955100173309,0.717102539575964,0.798306293644817,0.626752927675818,"PDXK",1,"2"
"GO:0032507","maintenance of protein location in cell","1/253","50/10170",0.02,0.80395256916996,-0.221955100173309,0.717102539575964,0.798306293644817,0.626752927675818,"INSIG1",1,"2"
"GO:0046513","ceramide biosynthetic process","1/253","50/10170",0.02,0.80395256916996,-0.221955100173309,0.717102539575964,0.798306293644817,0.626752927675818,"SGMS2",1,"2"
"GO:0046637","regulation of alpha-beta T cell differentiation","1/253","50/10170",0.02,0.80395256916996,-0.221955100173309,0.717102539575964,0.798306293644817,0.626752927675818,"LGALS1",1,"2"
"GO:1901607","alpha-amino acid biosynthetic process","1/253","50/10170",0.02,0.80395256916996,-0.221955100173309,0.717102539575964,0.798306293644817,0.626752927675818,"ASNS",1,"2"
"GO:0006520","amino acid metabolic process","4/253","195/10170",0.0205128205128205,0.824566737610216,-0.395077248802978,0.719556890962816,0.800774203408124,0.628690491843488,"ATF4/SLC38A1/DDAH1/ASNS",4,"2"
"GO:0043161","proteasome-mediated ubiquitin-dependent protein catabolic process","8/253","375/10170",0.0213333333333333,0.857549407114624,-0.44893855303886,0.721109981053975,0.802237827817223,0.629839588237596,"DDIT3/CTNNB1/PSMA7/PSMA4/PPP2CB/RBX1/IFI27/WAC",8,"2"
"GO:0022613","ribonucleoprotein complex biogenesis","8/253","376/10170",0.0212765957446809,0.855268690606341,-0.456757399285726,0.723844610644204,0.804585838340658,0.631683019113053,"EIF1AX/DDX21/SNRPB2/FAU/DDX3X/CELF2/EIF2S2/SF3B5",8,"2"
"GO:0034198","cellular response to amino acid starvation","1/253","51/10170",0.0196078431372549,0.788188793303883,-0.242200174748069,0.724174976086565,0.804585838340658,0.631683019113053,"ATF4",1,"2"
"GO:0042100","B cell proliferation","1/253","51/10170",0.0196078431372549,0.788188793303883,-0.242200174748069,0.724174976086565,0.804585838340658,0.631683019113053,"CD81",1,"2"
"GO:1903035","negative regulation of response to wounding","1/253","51/10170",0.0196078431372549,0.788188793303883,-0.242200174748069,0.724174976086565,0.804585838340658,0.631683019113053,"PHLDB2",1,"2"
"GO:0051098","regulation of binding","3/253","150/10170",0.02,0.80395256916996,-0.386351098781299,0.725634662685503,0.805244965104566,0.632200501728783,"PPP2CB/CEBPG/MAP2",3,"2"
"GO:0071383","cellular response to steroid hormone stimulus","3/253","150/10170",0.02,0.80395256916996,-0.386351098781299,0.725634662685503,0.805244965104566,0.632200501728783,"CFLAR/YWHAH/EGFR",3,"2"
"GO:0031047","regulatory ncRNA-mediated gene silencing","2/253","102/10170",0.0196078431372549,0.788188793303883,-0.343389209915087,0.725723442749934,0.805244965104566,0.632200501728783,"PABPC1/XIST",2,"2"
"GO:0050796","regulation of insulin secretion","2/253","102/10170",0.0196078431372549,0.788188793303883,-0.343389209915087,0.725723442749934,0.805244965104566,0.632200501728783,"PRKAR1A/GNAS",2,"2"
"GO:0018193","peptidyl-amino acid modification","9/253","422/10170",0.0213270142180095,0.85729539366465,-0.478239765467907,0.72891737081987,0.808253234996791,0.634562304431832,"CALM2/HINT1/CTNNB1/MAPKAPK2/SPRED1/NEDD9/VEGFA/NRG1/EGFR",9,"2"
"GO:0072593","reactive oxygen species metabolic process","3/253","151/10170",0.0198675496688742,0.798628379970159,-0.398183974250859,0.729789233658426,0.808253234996791,0.634562304431832,"CFLAR/NDUFC2/EGFR",3,"2"
"GO:0030218","erythrocyte differentiation","2/253","103/10170",0.0194174757281553,0.780536474922292,-0.357552777767493,0.730696785801394,0.808253234996791,0.634562304431832,"VEGFA/CEBPG",2,"2"
"GO:0071466","cellular response to xenobiotic stimulus","2/253","103/10170",0.0194174757281553,0.780536474922292,-0.357552777767493,0.730696785801394,0.808253234996791,0.634562304431832,"EGFR/ANKRD1",2,"2"
"GO:0000959","mitochondrial RNA metabolic process","1/253","52/10170",0.0192307692307692,0.773031316509577,-0.262077357103906,0.731071283137667,0.808253234996791,0.634562304431832,"SLIRP",1,"2"
"GO:0002312","B cell activation involved in immune response","1/253","52/10170",0.0192307692307692,0.773031316509577,-0.262077357103906,0.731071283137667,0.808253234996791,0.634562304431832,"LGALS1",1,"2"
"GO:0006998","nuclear envelope organization","1/253","52/10170",0.0192307692307692,0.773031316509577,-0.262077357103906,0.731071283137667,0.808253234996791,0.634562304431832,"LMNA",1,"2"
"GO:0014032","neural crest cell development","1/253","52/10170",0.0192307692307692,0.773031316509577,-0.262077357103906,0.731071283137667,0.808253234996791,0.634562304431832,"NRG1",1,"2"
"GO:0021954","central nervous system neuron development","1/253","52/10170",0.0192307692307692,0.773031316509577,-0.262077357103906,0.731071283137667,0.808253234996791,0.634562304431832,"MAP2",1,"2"
"GO:0045185","maintenance of protein location","1/253","52/10170",0.0192307692307692,0.773031316509577,-0.262077357103906,0.731071283137667,0.808253234996791,0.634562304431832,"INSIG1",1,"2"
"GO:1901606","alpha-amino acid catabolic process","1/253","52/10170",0.0192307692307692,0.773031316509577,-0.262077357103906,0.731071283137667,0.808253234996791,0.634562304431832,"DDAH1",1,"2"
"GO:0030217","T cell differentiation","4/253","199/10170",0.0201005025125628,0.807992531829106,-0.436902498922867,0.734221076288918,0.811469508110859,0.637087411156524,"LGALS1/ACTB/CTNNB1/NFATC3",4,"2"
"GO:0016331","morphogenesis of embryonic epithelium","2/253","104/10170",0.0192307692307692,0.773031316509577,-0.371589447973797,0.735593671320858,0.812453933735321,0.637860286990177,"CTNNB1/IRX2",2,"2"
"GO:0021953","central nervous system neuron differentiation","2/253","104/10170",0.0192307692307692,0.773031316509577,-0.371589447973797,0.735593671320858,0.812453933735321,0.637860286990177,"CTNNB1/MAP2",2,"2"
"GO:0002532","production of molecular mediator involved in inflammatory response","1/253","53/10170",0.0188679245283019,0.758445819971661,-0.281602071155713,0.73779583002106,0.813022071513403,0.638306333850349,"VAMP8",1,"2"
"GO:0009308","amine metabolic process","1/253","53/10170",0.0188679245283019,0.758445819971661,-0.281602071155713,0.73779583002106,0.813022071513403,0.638306333850349,"OAZ1",1,"2"
"GO:0032024","positive regulation of insulin secretion","1/253","53/10170",0.0188679245283019,0.758445819971661,-0.281602071155713,0.73779583002106,0.813022071513403,0.638306333850349,"PRKAR1A",1,"2"
"GO:0032543","mitochondrial translation","1/253","53/10170",0.0188679245283019,0.758445819971661,-0.281602071155713,0.73779583002106,0.813022071513403,0.638306333850349,"DDX3X",1,"2"
"GO:0035282","segmentation","1/253","53/10170",0.0188679245283019,0.758445819971661,-0.281602071155713,0.73779583002106,0.813022071513403,0.638306333850349,"IRX2",1,"2"
"GO:0035329","hippo signaling","1/253","53/10170",0.0188679245283019,0.758445819971661,-0.281602071155713,0.73779583002106,0.813022071513403,0.638306333850349,"YAP1",1,"2"
"GO:0060349","bone morphogenesis","1/253","53/10170",0.0188679245283019,0.758445819971661,-0.281602071155713,0.73779583002106,0.813022071513403,0.638306333850349,"INSIG1",1,"2"
"GO:0006397","mRNA processing","9/253","427/10170",0.0210772833723653,0.84725680591682,-0.515037299217774,0.741507817221911,0.81684559283642,0.641308193164637,"MBNL1/SNRPB2/YBX1/RBM3/PABPC1/QKI/CELF2/SF3B5/UBL5",9,"2"
"GO:0002709","regulation of T cell mediated immunity","1/253","54/10170",0.0185185185185185,0.744400527009223,-0.300788793191159,0.744352878059477,0.817842262892329,0.642090682142164,"CD81",1,"2"
"GO:0032602","chemokine production","1/253","54/10170",0.0185185185185185,0.744400527009223,-0.300788793191159,0.744352878059477,0.817842262892329,0.642090682142164,"DDX3X",1,"2"
"GO:0032642","regulation of chemokine production","1/253","54/10170",0.0185185185185185,0.744400527009223,-0.300788793191159,0.744352878059477,0.817842262892329,0.642090682142164,"DDX3X",1,"2"
"GO:0042471","ear morphogenesis","1/253","54/10170",0.0185185185185185,0.744400527009223,-0.300788793191159,0.744352878059477,0.817842262892329,0.642090682142164,"INSIG1",1,"2"
"GO:0048706","embryonic skeletal system development","1/253","54/10170",0.0185185185185185,0.744400527009223,-0.300788793191159,0.744352878059477,0.817842262892329,0.642090682142164,"CTNNB1",1,"2"
"GO:0050871","positive regulation of B cell activation","1/253","54/10170",0.0185185185185185,0.744400527009223,-0.300788793191159,0.744352878059477,0.817842262892329,0.642090682142164,"CD81",1,"2"
"GO:0060021","roof of mouth development","1/253","54/10170",0.0185185185185185,0.744400527009223,-0.300788793191159,0.744352878059477,0.817842262892329,0.642090682142164,"INSIG1",1,"2"
"GO:1990928","response to amino acid starvation","1/253","54/10170",0.0185185185185185,0.744400527009223,-0.300788793191159,0.744352878059477,0.817842262892329,0.642090682142164,"ATF4",1,"2"
"GO:0031669","cellular response to nutrient levels","4/253","202/10170",0.0198019801980198,0.795992642742535,-0.467763927875468,0.744837974153352,0.818108680405571,0.642299847418372,"CPEB4/ATF4/RHEB/ASNS",4,"2"
"GO:2001235","positive regulation of apoptotic signaling pathway","2/253","106/10170",0.0188679245283019,0.758445819971661,-0.39929273043307,0.745160916664944,0.81819687756242,0.642369091299708,"DDIT3/NUPR1",2,"2"
"GO:0002768","immune response-regulating cell surface receptor signaling pathway","4/253","203/10170",0.0197044334975369,0.792071496719173,-0.477957240317712,0.748304783772458,0.821381422812737,0.644869288372989,"PHPT1/EZR/CD81/DUSP3",4,"2"
"GO:0018105","peptidyl-serine phosphorylation","2/253","107/10170",0.0186915887850467,0.751357541280337,-0.412964454525951,0.749832729276335,0.82218820356183,0.645502694623838,"MAPKAPK2/EGFR",2,"2"
"GO:1903322","positive regulation of protein modification by small protein conjugation or removal","2/253","107/10170",0.0186915887850467,0.751357541280337,-0.412964454525951,0.749832729276335,0.82218820356183,0.645502694623838,"DDX3X/RBX1",2,"2"
"GO:0007204","positive regulation of cytosolic calcium ion concentration","1/253","55/10170",0.0181818181818182,0.730865971972691,-0.319651127165341,0.750746583264198,0.82218820356183,0.645502694623838,"ITGAV",1,"2"
"GO:0042102","positive regulation of T cell proliferation","1/253","55/10170",0.0181818181818182,0.730865971972691,-0.319651127165341,0.750746583264198,0.82218820356183,0.645502694623838,"CD81",1,"2"
"GO:0042440","pigment metabolic process","1/253","55/10170",0.0181818181818182,0.730865971972691,-0.319651127165341,0.750746583264198,0.82218820356183,0.645502694623838,"BLVRB",1,"2"
"GO:0051881","regulation of mitochondrial membrane potential","1/253","55/10170",0.0181818181818182,0.730865971972691,-0.319651127165341,0.750746583264198,0.82218820356183,0.645502694623838,"NDUFC2",1,"2"
"GO:0097352","autophagosome maturation","1/253","55/10170",0.0181818181818182,0.730865971972691,-0.319651127165341,0.750746583264198,0.82218820356183,0.645502694623838,"VAMP8",1,"2"
"GO:0032434","regulation of proteasomal ubiquitin-dependent protein catabolic process","2/253","108/10170",0.0185185185185185,0.744400527009223,-0.426519511294773,0.754430987899554,0.825686884517136,0.648249520684459,"RBX1/WAC",2,"2"
"GO:1901875","positive regulation of post-translational protein modification","2/253","108/10170",0.0185185185185185,0.744400527009223,-0.426519511294773,0.754430987899554,0.825686884517136,0.648249520684459,"DDX3X/RBX1",2,"2"
"GO:0002764","immune response-regulating signaling pathway","7/253","343/10170",0.0204081632653061,0.820359764459143,-0.540566870142573,0.75524260820708,0.826306967837208,0.648736350162508,"PHPT1/EZR/CD81/MAPKAPK2/DDX3X/RTN4/DUSP3",7,"2"
"GO:0034308","primary alcohol metabolic process","1/253","56/10170",0.0178571428571429,0.71781479390175,-0.338201872729924,0.756980998927486,0.826867485708935,0.649176414608844,"BMP2",1,"2"
"GO:0042093","T-helper cell differentiation","1/253","56/10170",0.0178571428571429,0.71781479390175,-0.338201872729924,0.756980998927486,0.826867485708935,0.649176414608844,"LGALS1",1,"2"
"GO:0044088","regulation of vacuole organization","1/253","56/10170",0.0178571428571429,0.71781479390175,-0.338201872729924,0.756980998927486,0.826867485708935,0.649176414608844,"NUPR1",1,"2"
"GO:0048477","oogenesis","1/253","56/10170",0.0178571428571429,0.71781479390175,-0.338201872729924,0.756980998927486,0.826867485708935,0.649176414608844,"CTNNB1",1,"2"
"GO:0090307","mitotic spindle assembly","1/253","56/10170",0.0178571428571429,0.71781479390175,-0.338201872729924,0.756980998927486,0.826867485708935,0.649176414608844,"FLNA",1,"2"
"GO:0009267","cellular response to starvation","3/253","158/10170",0.0189873417721519,0.763246109971482,-0.479042973199023,0.757503885504284,0.827170693627087,0.649414464154375,"CPEB4/ATF4/ASNS",3,"2"
"GO:1903052","positive regulation of proteolysis involved in protein catabolic process","2/253","109/10170",0.018348623853211,0.73757116437611,-0.439960265664426,0.758956443772263,0.827722841076879,0.649847956954595,"NUPR1/RBX1",2,"2"
"GO:0050870","positive regulation of T cell activation","3/253","159/10170",0.0188679245283019,0.758445819971661,-0.490324525067949,0.761270751599671,0.827722841076879,0.649847956954595,"LGALS1/ACTB/CD81",3,"2"
"GO:0002224","toll-like receptor signaling pathway","1/253","57/10170",0.0175438596491228,0.705221551903474,-0.35645308681607,0.763060078151467,0.827722841076879,0.649847956954595,"MAPKAPK2",1,"2"
"GO:0002287","alpha-beta T cell activation involved in immune response","1/253","57/10170",0.0175438596491228,0.705221551903474,-0.35645308681607,0.763060078151467,0.827722841076879,0.649847956954595,"LGALS1",1,"2"
"GO:0002293","alpha-beta T cell differentiation involved in immune response","1/253","57/10170",0.0175438596491228,0.705221551903474,-0.35645308681607,0.763060078151467,0.827722841076879,0.649847956954595,"LGALS1",1,"2"
"GO:0002294","CD4-positive, alpha-beta T cell differentiation involved in immune response","1/253","57/10170",0.0175438596491228,0.705221551903474,-0.35645308681607,0.763060078151467,0.827722841076879,0.649847956954595,"LGALS1",1,"2"
"GO:0010232","vascular transport","1/253","57/10170",0.0175438596491228,0.705221551903474,-0.35645308681607,0.763060078151467,0.827722841076879,0.649847956954595,"SLC38A1",1,"2"
"GO:0016925","protein sumoylation","1/253","57/10170",0.0175438596491228,0.705221551903474,-0.35645308681607,0.763060078151467,0.827722841076879,0.649847956954595,"CTNNB1",1,"2"
"GO:0032612","interleukin-1 production","1/253","57/10170",0.0175438596491228,0.705221551903474,-0.35645308681607,0.763060078151467,0.827722841076879,0.649847956954595,"HSPB1",1,"2"
"GO:0032652","regulation of interleukin-1 production","1/253","57/10170",0.0175438596491228,0.705221551903474,-0.35645308681607,0.763060078151467,0.827722841076879,0.649847956954595,"HSPB1",1,"2"
"GO:0032786","positive regulation of DNA-templated transcription, elongation","1/253","57/10170",0.0175438596491228,0.705221551903474,-0.35645308681607,0.763060078151467,0.827722841076879,0.649847956954595,"CTNNB1",1,"2"
"GO:0045911","positive regulation of DNA recombination","1/253","57/10170",0.0175438596491228,0.705221551903474,-0.35645308681607,0.763060078151467,0.827722841076879,0.649847956954595,"ACTB",1,"2"
"GO:0048678","response to axon injury","1/253","57/10170",0.0175438596491228,0.705221551903474,-0.35645308681607,0.763060078151467,0.827722841076879,0.649847956954595,"FLNA",1,"2"
"GO:0051591","response to cAMP","1/253","57/10170",0.0175438596491228,0.705221551903474,-0.35645308681607,0.763060078151467,0.827722841076879,0.649847956954595,"EZR",1,"2"
"GO:0060337","type I interferon-mediated signaling pathway","1/253","57/10170",0.0175438596491228,0.705221551903474,-0.35645308681607,0.763060078151467,0.827722841076879,0.649847956954595,"IFI27",1,"2"
"GO:0061951","establishment of protein localization to plasma membrane","1/253","57/10170",0.0175438596491228,0.705221551903474,-0.35645308681607,0.763060078151467,0.827722841076879,0.649847956954595,"RDX",1,"2"
"GO:0071347","cellular response to interleukin-1","1/253","57/10170",0.0175438596491228,0.705221551903474,-0.35645308681607,0.763060078151467,0.827722841076879,0.649847956954595,"ANKRD1",1,"2"
"GO:0140029","exocytic process","1/253","57/10170",0.0175438596491228,0.705221551903474,-0.35645308681607,0.763060078151467,0.827722841076879,0.649847956954595,"VAMP8",1,"2"
"GO:0150104","transport across blood-brain barrier","1/253","57/10170",0.0175438596491228,0.705221551903474,-0.35645308681607,0.763060078151467,0.827722841076879,0.649847956954595,"SLC38A1",1,"2"
"GO:1903051","negative regulation of proteolysis involved in protein catabolic process","1/253","57/10170",0.0175438596491228,0.705221551903474,-0.35645308681607,0.763060078151467,0.827722841076879,0.649847956954595,"WAC",1,"2"
"GO:0010212","response to ionizing radiation","2/253","110/10170",0.0181818181818182,0.730865971972691,-0.453289011580125,0.763409856390597,0.827722841076879,0.649847956954595,"EEF1D/YAP1",2,"2"
"GO:0018205","peptidyl-lysine modification","2/253","110/10170",0.0181818181818182,0.730865971972691,-0.453289011580125,0.763409856390597,0.827722841076879,0.649847956954595,"HINT1/CTNNB1",2,"2"
"GO:0006979","response to oxidative stress","6/253","302/10170",0.0198675496688742,0.798628379970159,-0.567409225461644,0.76751862778633,0.831631316399659,0.652916513936799,"PTGS2/ATF4/PPP2CB/RBX1/CAPN2/EGFR",6,"2"
"GO:0031507","heterochromatin formation","2/253","111/10170",0.018018018018018,0.724281593846811,-0.466507974790904,0.767791992638299,0.831631316399659,0.652916513936799,"LMNA/XIST",2,"2"
"GO:0034101","erythrocyte homeostasis","2/253","111/10170",0.018018018018018,0.724281593846811,-0.466507974790904,0.767791992638299,0.831631316399659,0.652916513936799,"VEGFA/CEBPG",2,"2"
"GO:0014033","neural crest cell differentiation","1/253","58/10170",0.0172413793103448,0.693062559629276,-0.374416139485271,0.768987676314987,0.831631316399659,0.652916513936799,"NRG1",1,"2"
"GO:0033059","cellular pigmentation","1/253","58/10170",0.0172413793103448,0.693062559629276,-0.374416139485271,0.768987676314987,0.831631316399659,0.652916513936799,"RAB32",1,"2"
"GO:0048864","stem cell development","1/253","58/10170",0.0172413793103448,0.693062559629276,-0.374416139485271,0.768987676314987,0.831631316399659,0.652916513936799,"NRG1",1,"2"
"GO:0061512","protein localization to cilium","1/253","58/10170",0.0172413793103448,0.693062559629276,-0.374416139485271,0.768987676314987,0.831631316399659,0.652916513936799,"EHD1",1,"2"
"GO:0071357","cellular response to type I interferon","1/253","58/10170",0.0172413793103448,0.693062559629276,-0.374416139485271,0.768987676314987,0.831631316399659,0.652916513936799,"IFI27",1,"2"
"GO:0007098","centrosome cycle","2/253","112/10170",0.0178571428571429,0.71781479390175,-0.479619315499268,0.772103625953773,0.833931270568906,0.654722215608665,"ROCK2/CTNNB1",2,"2"
"GO:0035264","multicellular organism growth","2/253","112/10170",0.0178571428571429,0.71781479390175,-0.479619315499268,0.772103625953773,0.833931270568906,0.654722215608665,"EZR/GNAS",2,"2"
"GO:0042445","hormone metabolic process","2/253","112/10170",0.0178571428571429,0.71781479390175,-0.479619315499268,0.772103625953773,0.833931270568906,0.654722215608665,"CTSZ/BMP2",2,"2"
"GO:0044839","cell cycle G2/M phase transition","2/253","112/10170",0.0178571428571429,0.71781479390175,-0.479619315499268,0.772103625953773,0.833931270568906,0.654722215608665,"CALM2/CCND1",2,"2"
"GO:0007283","spermatogenesis","6/253","304/10170",0.0197368421052632,0.793374245891408,-0.58419779774645,0.77293954364261,0.834566807929197,0.655221178105117,"AGFG1/YBX3/RBX1/QKI/GJA1/SLIRP",6,"2"
"GO:0001960","negative regulation of cytokine-mediated signaling pathway","1/253","59/10170",0.0169491525423729,0.681315736584712,-0.392101764672104,0.77476755347997,0.834669709372032,0.655301966370313,"PPP2CB",1,"2"
"GO:0021549","cerebellum development","1/253","59/10170",0.0169491525423729,0.681315736584712,-0.392101764672104,0.77476755347997,0.834669709372032,0.655301966370313,"HNRNPD",1,"2"
"GO:0060261","positive regulation of transcription initiation by RNA polymerase II","1/253","59/10170",0.0169491525423729,0.681315736584712,-0.392101764672104,0.77476755347997,0.834669709372032,0.655301966370313,"SUB1",1,"2"
"GO:0060395","SMAD protein signal transduction","1/253","59/10170",0.0169491525423729,0.681315736584712,-0.392101764672104,0.77476755347997,0.834669709372032,0.655301966370313,"BMP2",1,"2"
"GO:0070534","protein K63-linked ubiquitination","1/253","59/10170",0.0169491525423729,0.681315736584712,-0.392101764672104,0.77476755347997,0.834669709372032,0.655301966370313,"DDX3X",1,"2"
"GO:0098661","inorganic anion transmembrane transport","1/253","59/10170",0.0169491525423729,0.681315736584712,-0.392101764672104,0.77476755347997,0.834669709372032,0.655301966370313,"SLC25A3",1,"2"
"GO:1990266","neutrophil migration","1/253","59/10170",0.0169491525423729,0.681315736584712,-0.392101764672104,0.77476755347997,0.834669709372032,0.655301966370313,"RTN4",1,"2"
"GO:0006665","sphingolipid metabolic process","2/253","113/10170",0.0176991150442478,0.711462450592885,-0.492625130884586,0.77634553553369,0.835568830456305,0.656007869325594,"SGMS2/FADS3",2,"2"
"GO:0018209","peptidyl-serine modification","2/253","113/10170",0.0176991150442478,0.711462450592885,-0.492625130884586,0.77634553553369,0.835568830456305,0.656007869325594,"MAPKAPK2/EGFR",2,"2"
"GO:0051216","cartilage development","2/253","113/10170",0.0176991150442478,0.711462450592885,-0.492625130884586,0.77634553553369,0.835568830456305,0.656007869325594,"CTNNB1/BMP2",2,"2"
"GO:0010948","negative regulation of cell cycle process","4/253","212/10170",0.0188679245283019,0.758445819971661,-0.567682693417439,0.777905252767698,0.836980380450758,0.657116081923474,"RGCC/TMSB4X/WAC/CCND1",4,"2"
"GO:0002292","T cell differentiation involved in immune response","1/253","60/10170",0.0166666666666667,0.6699604743083,-0.409520106365527,0.780403376738754,0.837920535112505,0.657854200476977,"LGALS1",1,"2"
"GO:0006334","nucleosome assembly","1/253","60/10170",0.0166666666666667,0.6699604743083,-0.409520106365527,0.780403376738754,0.837920535112505,0.657854200476977,"NAP1L1",1,"2"
"GO:0032481","positive regulation of type I interferon production","1/253","60/10170",0.0166666666666667,0.6699604743083,-0.409520106365527,0.780403376738754,0.837920535112505,0.657854200476977,"DDX3X",1,"2"
"GO:0035194","regulatory ncRNA-mediated post-transcriptional gene silencing","1/253","60/10170",0.0166666666666667,0.6699604743083,-0.409520106365527,0.780403376738754,0.837920535112505,0.657854200476977,"XIST",1,"2"
"GO:1901657","glycosyl compound metabolic process","1/253","60/10170",0.0166666666666667,0.6699604743083,-0.409520106365527,0.780403376738754,0.837920535112505,0.657854200476977,"NAMPT",1,"2"
"GO:0002822","regulation of adaptive immune response based on somatic recombination of immune receptors built from immunoglobulin superfamily domains","2/253","114/10170",0.0175438596491228,0.705221551903474,-0.505527457507344,0.780518505571879,0.837920535112505,0.657854200476977,"LGALS1/CD81",2,"2"
"GO:0045580","regulation of T cell differentiation","2/253","114/10170",0.0175438596491228,0.705221551903474,-0.505527457507344,0.780518505571879,0.837920535112505,0.657854200476977,"LGALS1/ACTB",2,"2"
"GO:0051604","protein maturation","8/253","399/10170",0.0200501253132832,0.805967487889685,-0.631539727378741,0.781794431631455,0.839023177422427,0.658719888623776,"CTSZ/ENO1/DHCR24/TBCA/MYH9/CAPN2/FLNA/HSPB1",8,"2"
"GO:0061136","regulation of proteasomal protein catabolic process","3/253","165/10170",0.0181818181818182,0.730865971972691,-0.556687237181779,0.782889514499716,0.83993109859785,0.659432700559903,"NUPR1/RBX1/WAC",3,"2"
"GO:0008593","regulation of Notch signaling pathway","1/253","61/10170",0.0163934426229508,0.658977515713082,-0.426680760708693,0.785898722503848,0.84235552837984,0.661336128449553,"YAP1",1,"2"
"GO:0051298","centrosome duplication","1/253","61/10170",0.0163934426229508,0.658977515713082,-0.426680760708693,0.785898722503848,0.84235552837984,0.661336128449553,"ROCK2",1,"2"
"GO:1902017","regulation of cilium assembly","1/253","61/10170",0.0163934426229508,0.658977515713082,-0.426680760708693,0.785898722503848,0.84235552837984,0.661336128449553,"YAP1",1,"2"
"GO:0061448","connective tissue development","3/253","166/10170",0.0180722891566265,0.726463164912615,-0.567534474785906,0.786331791788891,0.842551891297154,0.661490293629376,"CFLAR/CTNNB1/BMP2",3,"2"
"GO:0009101","glycoprotein biosynthetic process","4/253","216/10170",0.0185185185185185,0.744400527009223,-0.60645312607226,0.790153408087045,0.845679514902178,0.663945801329518,"CHP1/GFPT1/CTNNB1/ABCA7",4,"2"
"GO:0010569","regulation of double-strand break repair via homologous recombination","1/253","62/10170",0.0161290322580645,0.648348846104807,-0.443592814439651,0.79125707874151,0.845679514902178,0.663945801329518,"ACTB",1,"2"
"GO:0015908","fatty acid transport","1/253","62/10170",0.0161290322580645,0.648348846104807,-0.443592814439651,0.79125707874151,0.845679514902178,0.663945801329518,"PTGS2",1,"2"
"GO:0030071","regulation of mitotic metaphase/anaphase transition","1/253","62/10170",0.0161290322580645,0.648348846104807,-0.443592814439651,0.79125707874151,0.845679514902178,0.663945801329518,"ACTB",1,"2"
"GO:0032526","response to retinoic acid","1/253","62/10170",0.0161290322580645,0.648348846104807,-0.443592814439651,0.79125707874151,0.845679514902178,0.663945801329518,"YAP1",1,"2"
"GO:0042116","macrophage activation","1/253","62/10170",0.0161290322580645,0.648348846104807,-0.443592814439651,0.79125707874151,0.845679514902178,0.663945801329518,"LDLR",1,"2"
"GO:0051453","regulation of intracellular pH","1/253","62/10170",0.0161290322580645,0.648348846104807,-0.443592814439651,0.79125707874151,0.845679514902178,0.663945801329518,"CHP1",1,"2"
"GO:0060761","negative regulation of response to cytokine stimulus","1/253","62/10170",0.0161290322580645,0.648348846104807,-0.443592814439651,0.79125707874151,0.845679514902178,0.663945801329518,"PPP2CB",1,"2"
"GO:0048232","male gamete generation","6/253","312/10170",0.0192307692307692,0.773031316509577,-0.650366340379696,0.793685333036016,0.848006002217188,0.665772334262417,"AGFG1/YBX3/RBX1/QKI/GJA1/SLIRP",6,"2"
"GO:1903039","positive regulation of leukocyte cell-cell adhesion","3/253","169/10170",0.0177514792899408,0.713567369085764,-0.59972666434497,0.796389422486427,0.84890079673893,0.666474840419058,"LGALS1/ACTB/CD81",3,"2"
"GO:0000380","alternative mRNA splicing, via spliceosome","1/253","63/10170",0.0158730158730159,0.638057594579334,-0.460264880045476,0.796481847150532,0.84890079673893,0.666474840419058,"CELF2",1,"2"
"GO:0006406","mRNA export from nucleus","1/253","63/10170",0.0158730158730159,0.638057594579334,-0.460264880045476,0.796481847150532,0.84890079673893,0.666474840419058,"AGFG1",1,"2"
"GO:0006487","protein N-linked glycosylation","1/253","63/10170",0.0158730158730159,0.638057594579334,-0.460264880045476,0.796481847150532,0.84890079673893,0.666474840419058,"GFPT1",1,"2"
"GO:0034340","response to type I interferon","1/253","63/10170",0.0158730158730159,0.638057594579334,-0.460264880045476,0.796481847150532,0.84890079673893,0.666474840419058,"IFI27",1,"2"
"GO:0035023","regulation of Rho protein signal transduction","1/253","63/10170",0.0158730158730159,0.638057594579334,-0.460264880045476,0.796481847150532,0.84890079673893,0.666474840419058,"ITGB1",1,"2"
"GO:0045471","response to ethanol","1/253","63/10170",0.0158730158730159,0.638057594579334,-0.460264880045476,0.796481847150532,0.84890079673893,0.666474840419058,"EEF1B2",1,"2"
"GO:0030595","leukocyte chemotaxis","2/253","118/10170",0.0169491525423729,0.681315736584712,-0.556140611327632,0.79653680927698,0.84890079673893,0.666474840419058,"NEDD9/VEGFA",2,"2"
"GO:0021761","limbic system development","1/253","64/10170",0.015625,0.628087944664032,-0.476705127959089,0.801576345287558,0.852923772896701,0.669633292387839,"CTNNB1",1,"2"
"GO:0022037","metencephalon development","1/253","64/10170",0.015625,0.628087944664032,-0.476705127959089,0.801576345287558,0.852923772896701,0.669633292387839,"HNRNPD",1,"2"
"GO:0043112","receptor metabolic process","1/253","64/10170",0.015625,0.628087944664032,-0.476705127959089,0.801576345287558,0.852923772896701,0.669633292387839,"LDLR",1,"2"
"GO:0045639","positive regulation of myeloid cell differentiation","1/253","64/10170",0.015625,0.628087944664032,-0.476705127959089,0.801576345287558,0.852923772896701,0.669633292387839,"NEDD9",1,"2"
"GO:1902099","regulation of metaphase/anaphase transition of cell cycle","1/253","64/10170",0.015625,0.628087944664032,-0.476705127959089,0.801576345287558,0.852923772896701,0.669633292387839,"ACTB",1,"2"
"GO:0030073","insulin secretion","2/253","120/10170",0.0166666666666667,0.6699604743083,-0.580875118510108,0.804152963446922,0.855395518215464,0.671573867862862,"PRKAR1A/GNAS",2,"2"
"GO:0002698","negative regulation of immune effector process","1/253","65/10170",0.0153846153846154,0.618425053207662,-0.492921316090401,0.806543808640244,0.856048386129966,0.672086436635096,"LGALS1",1,"2"
"GO:0002708","positive regulation of lymphocyte mediated immunity","1/253","65/10170",0.0153846153846154,0.618425053207662,-0.492921316090401,0.806543808640244,0.856048386129966,0.672086436635096,"CD81",1,"2"
"GO:0009063","amino acid catabolic process","1/253","65/10170",0.0153846153846154,0.618425053207662,-0.492921316090401,0.806543808640244,0.856048386129966,0.672086436635096,"DDAH1",1,"2"
"GO:0016441","post-transcriptional gene silencing","1/253","65/10170",0.0153846153846154,0.618425053207662,-0.492921316090401,0.806543808640244,0.856048386129966,0.672086436635096,"XIST",1,"2"
"GO:0030641","regulation of cellular pH","1/253","65/10170",0.0153846153846154,0.618425053207662,-0.492921316090401,0.806543808640244,0.856048386129966,0.672086436635096,"CHP1",1,"2"
"GO:0032436","positive regulation of proteasomal ubiquitin-dependent protein catabolic process","1/253","65/10170",0.0153846153846154,0.618425053207662,-0.492921316090401,0.806543808640244,0.856048386129966,0.672086436635096,"RBX1",1,"2"
"GO:2000144","positive regulation of DNA-templated transcription initiation","1/253","65/10170",0.0153846153846154,0.618425053207662,-0.492921316090401,0.806543808640244,0.856048386129966,0.672086436635096,"SUB1",1,"2"
"GO:0006109","regulation of carbohydrate metabolic process","2/253","121/10170",0.0165289256198347,0.664423610884265,-0.593105411154513,0.807865589220632,0.856911848647993,0.672764343931355,"CLTC/NUPR1",2,"2"
"GO:0031023","microtubule organizing center organization","2/253","121/10170",0.0165289256198347,0.664423610884265,-0.593105411154513,0.807865589220632,0.856911848647993,0.672764343931355,"ROCK2/CTNNB1",2,"2"
"GO:0003014","renal system process","1/253","66/10170",0.0151515151515152,0.60905497664391,-0.508920816950567,0.811387392649548,0.858756524800463,0.674212605317215,"GNAS",1,"2"
"GO:0007091","metaphase/anaphase transition of mitotic cell cycle","1/253","66/10170",0.0151515151515152,0.60905497664391,-0.508920816950567,0.811387392649548,0.858756524800463,0.674212605317215,"ACTB",1,"2"
"GO:0009791","post-embryonic development","1/253","66/10170",0.0151515151515152,0.60905497664391,-0.508920816950567,0.811387392649548,0.858756524800463,0.674212605317215,"VEGFA",1,"2"
"GO:0043255","regulation of carbohydrate biosynthetic process","1/253","66/10170",0.0151515151515152,0.60905497664391,-0.508920816950567,0.811387392649548,0.858756524800463,0.674212605317215,"CLTC",1,"2"
"GO:0051100","negative regulation of binding","1/253","66/10170",0.0151515151515152,0.60905497664391,-0.508920816950567,0.811387392649548,0.858756524800463,0.674212605317215,"MAP2",1,"2"
"GO:0061077","chaperone-mediated protein folding","1/253","66/10170",0.0151515151515152,0.60905497664391,-0.508920816950567,0.811387392649548,0.858756524800463,0.674212605317215,"HSPB1",1,"2"
"GO:0071621","granulocyte chemotaxis","1/253","66/10170",0.0151515151515152,0.60905497664391,-0.508920816950567,0.811387392649548,0.858756524800463,0.674212605317215,"VEGFA",1,"2"
"GO:0048534","hematopoietic or lymphoid organ development","1/253","67/10170",0.0149253731343284,0.59996460385818,-0.524710642599454,0.816110174682373,0.863484000322862,0.677924162081538,"CTNNB1",1,"2"
"GO:0006790","sulfur compound metabolic process","4/253","226/10170",0.0176991150442478,0.711462450592885,-0.700624352120955,0.818423308346132,0.865336874036321,0.679378859399809,"CTNNB1/IDS/HMGCS1/MVD",4,"2"
"GO:1902107","positive regulation of leukocyte differentiation","2/253","124/10170",0.0161290322580645,0.648348846104807,-0.629267830316329,0.818631265769829,0.865336874036321,0.679378859399809,"ACTB/NEDD9",2,"2"
"GO:1903708","positive regulation of hemopoiesis","2/253","124/10170",0.0161290322580645,0.648348846104807,-0.629267830316329,0.818631265769829,0.865336874036321,0.679378859399809,"ACTB/NEDD9",2,"2"
"GO:0031110","regulation of microtubule polymerization or depolymerization","1/253","68/10170",0.0147058823529412,0.591141594977912,-0.540297467621314,0.820715155955793,0.86645319532966,0.680255286962008,"MAP2",1,"2"
"GO:0034763","negative regulation of transmembrane transport","1/253","68/10170",0.0147058823529412,0.591141594977912,-0.540297467621314,0.820715155955793,0.86645319532966,0.680255286962008,"CALM2",1,"2"
"GO:0044784","metaphase/anaphase transition of cell cycle","1/253","68/10170",0.0147058823529412,0.591141594977912,-0.540297467621314,0.820715155955793,0.86645319532966,0.680255286962008,"ACTB",1,"2"
"GO:0045824","negative regulation of innate immune response","1/253","68/10170",0.0147058823529412,0.591141594977912,-0.540297467621314,0.820715155955793,0.86645319532966,0.680255286962008,"SFN",1,"2"
"GO:0050867","positive regulation of cell activation","4/253","227/10170",0.0176211453744493,0.708328254775296,-0.709835633167724,0.821071085236536,0.866557652399875,0.680337296555436,"LGALS1/ACTB/CD81/FLNA",4,"2"
"GO:0051260","protein homooligomerization","2/253","125/10170",0.016,0.643162055335968,-0.641150954026605,0.82209842131535,0.867370424491665,0.680975406629374,"EHD1/PEG10",2,"2"
"GO:0051607","defense response to virus","4/253","228/10170",0.0175438596491228,0.705221551903474,-0.719010942453663,0.823687127778514,0.868774787259665,0.682077976511849,"DDX21/VAMP8/UNC13D/IFI27",4,"2"
"GO:0043367","CD4-positive, alpha-beta T cell differentiation","1/253","69/10170",0.0144927536231884,0.582574325485479,-0.555687650311592,0.825205263414037,0.869605410114684,0.6827301012794,"LGALS1",1,"2"
"GO:0060260","regulation of transcription initiation by RNA polymerase II","1/253","69/10170",0.0144927536231884,0.582574325485479,-0.555687650311592,0.825205263414037,0.869605410114684,0.6827301012794,"SUB1",1,"2"
"GO:0002819","regulation of adaptive immune response","2/253","126/10170",0.0158730158730159,0.638057594579334,-0.652951037836659,0.825506203373993,0.869605410114684,0.6827301012794,"LGALS1/CD81",2,"2"
"GO:0016052","carbohydrate catabolic process","2/253","126/10170",0.0158730158730159,0.638057594579334,-0.652951037836659,0.825506203373993,0.869605410114684,0.6827301012794,"ENO1/NUPR1",2,"2"
"GO:0030522","intracellular receptor signaling pathway","5/253","278/10170",0.0179856115107914,0.722978929109677,-0.748001339449936,0.826435160873785,0.870312105704686,0.683284930338792,"ACTN4/YWHAH/DDX3X/RTN4/BMP2",5,"2"
"GO:0003279","cardiac septum development","1/253","70/10170",0.0142857142857143,0.5742518351214,-0.570887252238378,0.829583351559394,0.873082104075617,0.685459665277573,"AP2B1",1,"2"
"GO:0043543","protein acylation","1/253","70/10170",0.0142857142857143,0.5742518351214,-0.570887252238378,0.829583351559394,0.873082104075617,0.685459665277573,"DDX3X",1,"2"
"GO:0000209","protein polyubiquitination","4/253","231/10170",0.0173160173160173,0.696062830450182,-0.746324479965798,0.831347080113555,0.874665321105431,0.686702654236174,"CTNNB1/DDX3X/RBX1/IFI27",4,"2"
"GO:0001959","regulation of cytokine-mediated signaling pathway","2/253","128/10170",0.015625,0.628087944664032,-0.676307743465943,0.832146819785378,0.875233648258358,0.687148849775167,"MAPKAPK2/PPP2CB",2,"2"
"GO:0006885","regulation of pH","1/253","71/10170",0.0140845070422535,0.566163781105606,-0.585902056324983,0.833852204238154,0.875661673214281,0.687484893592407,"CHP1",1,"2"
"GO:0030317","flagellated sperm motility","1/253","71/10170",0.0140845070422535,0.566163781105606,-0.585902056324983,0.833852204238154,0.875661673214281,0.687484893592407,"SLIRP",1,"2"
"GO:0090100","positive regulation of transmembrane receptor protein serine/threonine kinase signaling pathway","1/253","71/10170",0.0140845070422535,0.566163781105606,-0.585902056324983,0.833852204238154,0.875661673214281,0.687484893592407,"BMP2",1,"2"
"GO:0097722","sperm motility","1/253","71/10170",0.0140845070422535,0.566163781105606,-0.585902056324983,0.833852204238154,0.875661673214281,0.687484893592407,"SLIRP",1,"2"
"GO:1990830","cellular response to leukemia inhibitory factor","1/253","71/10170",0.0140845070422535,0.566163781105606,-0.585902056324983,0.833852204238154,0.875661673214281,0.687484893592407,"SPOCK2",1,"2"
"GO:0043604","amide biosynthetic process","2/253","129/10170",0.0155038759689922,0.623219045868186,-0.687867104335999,0.835381233686302,0.876994246572295,0.688531101370207,"SGMS2/ASNS",2,"2"
"GO:0001578","microtubule bundle formation","1/253","72/10170",0.0138888888888889,0.558300395256917,-0.60073758358496,0.838014536382698,0.878664495237082,0.689842419155042,"CHP1",1,"2"
"GO:0006766","vitamin metabolic process","1/253","72/10170",0.0138888888888889,0.558300395256917,-0.60073758358496,0.838014536382698,0.878664495237082,0.689842419155042,"PDXK",1,"2"
"GO:0042274","ribosomal small subunit biogenesis","1/253","72/10170",0.0138888888888889,0.558300395256917,-0.60073758358496,0.838014536382698,0.878664495237082,0.689842419155042,"FAU",1,"2"
"GO:0070555","response to interleukin-1","1/253","72/10170",0.0138888888888889,0.558300395256917,-0.60073758358496,0.838014536382698,0.878664495237082,0.689842419155042,"ANKRD1",1,"2"
"GO:0048284","organelle fusion","2/253","131/10170",0.0152671755725191,0.613704251274779,-0.710754432883117,0.841682197599126,0.881275649142401,0.691892444775282,"VAMP8/CAV2",2,"2"
"GO:0002456","T cell mediated immunity","1/253","73/10170",0.0136986301369863,0.550652444636959,-0.615399108627613,0.8420729957108,0.881275649142401,0.691892444775282,"CD81",1,"2"
"GO:0002824","positive regulation of adaptive immune response based on somatic recombination of immune receptors built from immunoglobulin superfamily domains","1/253","73/10170",0.0136986301369863,0.550652444636959,-0.615399108627613,0.8420729957108,0.881275649142401,0.691892444775282,"CD81",1,"2"
"GO:0006672","ceramide metabolic process","1/253","73/10170",0.0136986301369863,0.550652444636959,-0.615399108627613,0.8420729957108,0.881275649142401,0.691892444775282,"SGMS2",1,"2"
"GO:1990823","response to leukemia inhibitory factor","1/253","73/10170",0.0136986301369863,0.550652444636959,-0.615399108627613,0.8420729957108,0.881275649142401,0.691892444775282,"SPOCK2",1,"2"
"GO:2000781","positive regulation of double-strand break repair","1/253","73/10170",0.0136986301369863,0.550652444636959,-0.615399108627613,0.8420729957108,0.881275649142401,0.691892444775282,"ACTB",1,"2"
"GO:0015711","organic anion transport","4/253","236/10170",0.0169491525423729,0.681315736584712,-0.791158994605107,0.843500142046725,0.882495339429587,0.692850027678532,"PTGS2/SLC38A1/ITGB1/GJA1",4,"2"
"GO:0050778","positive regulation of immune response","9/253","476/10170",0.0189075630252101,0.76003919354303,-0.856449004987309,0.843922201601606,0.882663047084558,0.692981695516533,"PHPT1/EZR/CD81/MAPKAPK2/RGCC/DDX3X/RTN4/DUSP3/PGC",9,"2"
"GO:0062207","regulation of pattern recognition receptor signaling pathway","2/253","132/10170",0.0151515151515152,0.60905497664391,-0.72208493878808,0.844750306479717,0.88325520417042,0.693446600015174,"DDX3X/RTN4",2,"2"
"GO:0030148","sphingolipid biosynthetic process","1/253","74/10170",0.0135135135135135,0.543211195385109,-0.629891674040164,0.846030164383194,0.884045154725792,0.694066792824926,"SGMS2",1,"2"
"GO:1902117","positive regulation of organelle assembly","1/253","74/10170",0.0135135135135135,0.543211195385109,-0.629891674040164,0.846030164383194,0.884045154725792,0.694066792824926,"MSN",1,"2"
"GO:0045619","regulation of lymphocyte differentiation","2/253","133/10170",0.0150375939849624,0.604475615917264,-0.733341645942114,0.847764532400677,0.88558302455238,0.695274179543372,"LGALS1/ACTB",2,"2"
"GO:0002460","adaptive immune response based on somatic recombination of immune receptors built from immunoglobulin superfamily domains","3/253","187/10170",0.0160427807486631,0.644881739975904,-0.782839082839293,0.84875286898994,0.886340871549729,0.695869167742889,"LGALS1/CD81/UNC13D",3,"2"
"GO:0019882","antigen processing and presentation","1/253","75/10170",0.0133333333333333,0.53596837944664,-0.644220103742277,0.849888560620422,0.886703040350267,0.696153507673385,"RAB32",1,"2"
"GO:0033045","regulation of sister chromatid segregation","1/253","75/10170",0.0133333333333333,0.53596837944664,-0.644220103742277,0.849888560620422,0.886703040350267,0.696153507673385,"ACTB",1,"2"
"GO:0140888","interferon-mediated signaling pathway","1/253","75/10170",0.0133333333333333,0.53596837944664,-0.644220103742277,0.849888560620422,0.886703040350267,0.696153507673385,"IFI27",1,"2"
"GO:0002753","cytoplasmic pattern recognition receptor signaling pathway","2/253","134/10170",0.0149253731343284,0.59996460385818,-0.744525746983918,0.850725644148359,0.887301847221858,0.696623632940929,"DDX3X/RTN4",2,"2"
"GO:0000075","cell cycle checkpoint signaling","2/253","135/10170",0.0148148148148148,0.595520421607378,-0.755638405718643,0.853634405773757,0.889252381533526,0.698155003919841,"WAC/CCND1",2,"2"
"GO:0016064","immunoglobulin mediated immune response","1/253","76/10170",0.0131578947368421,0.528916163927606,-0.658389015399306,0.85365064027996,0.889252381533526,0.698155003919841,"CD81",1,"2"
"GO:0050905","neuromuscular process","1/253","76/10170",0.0131578947368421,0.528916163927606,-0.658389015399306,0.85365064027996,0.889252381533526,0.698155003919841,"TNNC1",1,"2"
"GO:2000142","regulation of DNA-templated transcription initiation","1/253","76/10170",0.0131578947368421,0.528916163927606,-0.658389015399306,0.85365064027996,0.889252381533526,0.698155003919841,"SUB1",1,"2"
"GO:0060759","regulation of response to cytokine stimulus","2/253","136/10170",0.0147058823529412,0.591141594977912,-0.766680758034048,0.856491576352322,0.891660881586919,0.70004592532656,"MAPKAPK2/PPP2CB",2,"2"
"GO:2000058","regulation of ubiquitin-dependent protein catabolic process","2/253","136/10170",0.0147058823529412,0.591141594977912,-0.766680758034048,0.856491576352322,0.891660881586919,0.70004592532656,"RBX1/WAC",2,"2"
"GO:0006289","nucleotide-excision repair","1/253","77/10170",0.012987012987013,0.522047122837637,-0.672402831972329,0.857318798394599,0.891696171556628,0.700073631599213,"ACTB",1,"2"
"GO:0019724","B cell mediated immunity","1/253","77/10170",0.012987012987013,0.522047122837637,-0.672402831972329,0.857318798394599,0.891696171556628,0.700073631599213,"CD81",1,"2"
"GO:0046785","microtubule polymerization","1/253","77/10170",0.012987012987013,0.522047122837637,-0.672402831972329,0.857318798394599,0.891696171556628,0.700073631599213,"MAP2",1,"2"
"GO:0140014","mitotic nuclear division","3/253","191/10170",0.0157068062827225,0.631376363222482,-0.82142057979858,0.858669221924568,0.892366511348091,0.70059991760019,"RGCC/FLNA/CAV2",3,"2"
"GO:1903050","regulation of proteolysis involved in protein catabolic process","3/253","191/10170",0.0157068062827225,0.631376363222482,-0.82142057979858,0.858669221924568,0.892366511348091,0.70059991760019,"NUPR1/RBX1/WAC",3,"2"
"GO:0010498","proteasomal protein catabolic process","9/253","485/10170",0.0185567010309278,0.745935373456664,-0.915744853884905,0.858757215102181,0.892366511348091,0.70059991760019,"DDIT3/CTNNB1/PSMA7/PSMA4/PPP2CB/NUPR1/RBX1/IFI27/WAC",9,"2"
"GO:0002262","myeloid cell homeostasis","2/253","137/10170",0.0145985401459854,0.586826692824789,-0.777653912780818,0.859297909758544,0.892653281486695,0.700825061790297,"VEGFA/CEBPG",2,"2"
"GO:0002821","positive regulation of adaptive immune response","1/253","78/10170",0.0128205128205128,0.515354211006385,-0.686265792475584,0.860895370673027,0.893486977503677,0.701479599307532,"CD81",1,"2"
"GO:0010389","regulation of G2/M transition of mitotic cell cycle","1/253","78/10170",0.0128205128205128,0.515354211006385,-0.686265792475584,0.860895370673027,0.893486977503677,0.701479599307532,"CCND1",1,"2"
"GO:0034728","nucleosome organization","1/253","78/10170",0.0128205128205128,0.515354211006385,-0.686265792475584,0.860895370673027,0.893486977503677,0.701479599307532,"NAP1L1",1,"2"
"GO:0010508","positive regulation of autophagy","2/253","138/10170",0.0144927536231884,0.582574325485479,-0.788558952618723,0.862054154454734,0.894414341175804,0.70220767561252,"TOMM7/WAC",2,"2"
"GO:0042254","ribosome biogenesis","4/253","245/10170",0.0163265306122449,0.656287811567315,-0.869805090642298,0.863527600441425,0.895667508055517,0.703191541099964,"EIF1AX/DDX21/FAU/DDX3X",4,"2"
"GO:0007269","neurotransmitter secretion","1/253","79/10170",0.0126582278481013,0.508830739980988,-0.699981962005368,0.864382634963527,0.896003149430375,0.703455054260284,"MYOF",1,"2"
"GO:0099643","signal release from synapse","1/253","79/10170",0.0126582278481013,0.508830739980988,-0.699981962005368,0.864382634963527,0.896003149430375,0.703455054260284,"MYOF",1,"2"
"GO:0044782","cilium organization","5/253","296/10170",0.0168918918918919,0.679013994231386,-0.895147535534508,0.864747929381341,0.896106336162841,0.703536066507319,"EHD1/NEDD9/FLNA/YAP1/EHD2",5,"2"
"GO:0009755","hormone-mediated signaling pathway","2/253","140/10170",0.0142857142857143,0.5742518351214,-0.810168892102594,0.867419343332946,0.897871630672826,0.704922005101504,"ACTN4/YWHAH",2,"2"
"GO:0045814","negative regulation of gene expression, epigenetic","2/253","140/10170",0.0142857142857143,0.5742518351214,-0.810168892102594,0.867419343332946,0.897871630672826,0.704922005101504,"LMNA/XIST",2,"2"
"GO:0006900","vesicle budding from membrane","1/253","80/10170",0.0125,0.502470355731225,-0.713555241098458,0.867782812681714,0.897871630672826,0.704922005101504,"INSIG1",1,"2"
"GO:0042147","retrograde transport, endosome to Golgi","1/253","80/10170",0.0125,0.502470355731225,-0.713555241098458,0.867782812681714,0.897871630672826,0.704922005101504,"CLTC",1,"2"
"GO:0045582","positive regulation of T cell differentiation","1/253","80/10170",0.0125,0.502470355731225,-0.713555241098458,0.867782812681714,0.897871630672826,0.704922005101504,"ACTB",1,"2"
"GO:0007601","visual perception","1/253","81/10170",0.0123456790123457,0.496267018006148,-0.72698937447287,0.871098070203173,0.899921168114308,0.706531103767086,"TACSTD2",1,"2"
"GO:0016579","protein deubiquitination","1/253","81/10170",0.0123456790123457,0.496267018006148,-0.72698937447287,0.871098070203173,0.899921168114308,0.706531103767086,"OTUD1",1,"2"
"GO:0050671","positive regulation of lymphocyte proliferation","1/253","81/10170",0.0123456790123457,0.496267018006148,-0.72698937447287,0.871098070203173,0.899921168114308,0.706531103767086,"CD81",1,"2"
"GO:0050953","sensory perception of light stimulus","1/253","81/10170",0.0123456790123457,0.496267018006148,-0.72698937447287,0.871098070203173,0.899921168114308,0.706531103767086,"TACSTD2",1,"2"
"GO:0060294","cilium movement involved in cell motility","1/253","81/10170",0.0123456790123457,0.496267018006148,-0.72698937447287,0.871098070203173,0.899921168114308,0.706531103767086,"SLIRP",1,"2"
"GO:0016050","vesicle organization","5/253","300/10170",0.0166666666666667,0.6699604743083,-0.926781237433296,0.872229899803905,0.900814463135917,0.707232432661182,"AGFG1/VAMP8/INSIG1/RAB32/CAV2",5,"2"
"GO:0000302","response to reactive oxygen species","2/253","142/10170",0.0140845070422535,0.566163781105606,-0.831518744093542,0.872593015256752,0.900913547901338,0.70731022444024,"PPP2CB/CAPN2",2,"2"
"GO:0034243","regulation of transcription elongation by RNA polymerase II","1/253","82/10170",0.0121951219512195,0.490214981201195,-0.740287959198961,0.874330520221867,0.9018790193295,0.708068219271303,"CTNNB1",1,"2"
"GO:0050000","chromosome localization","1/253","82/10170",0.0121951219512195,0.490214981201195,-0.740287959198961,0.874330520221867,0.9018790193295,0.708068219271303,"LMNA",1,"2"
"GO:0050864","regulation of B cell activation","1/253","82/10170",0.0121951219512195,0.490214981201195,-0.740287959198961,0.874330520221867,0.9018790193295,0.708068219271303,"CD81",1,"2"
"GO:0006006","glucose metabolic process","2/253","143/10170",0.013986013986014,0.562204593825147,-0.842098587846171,0.875109840798815,0.902406845007218,0.708482616967333,"ENO1/ATF4",2,"2"
"GO:0001539","cilium or flagellum-dependent cell motility","1/253","83/10170",0.0120481927710843,0.48430877660841,-0.753454452344637,0.877482223075144,0.903297602288104,0.709181953472742,"SLIRP",1,"2"
"GO:0007292","female gamete generation","1/253","83/10170",0.0120481927710843,0.48430877660841,-0.753454452344637,0.877482223075144,0.903297602288104,0.709181953472742,"CTNNB1",1,"2"
"GO:0060285","cilium-dependent cell motility","1/253","83/10170",0.0120481927710843,0.48430877660841,-0.753454452344637,0.877482223075144,0.903297602288104,0.709181953472742,"SLIRP",1,"2"
"GO:1903169","regulation of calcium ion transmembrane transport","1/253","83/10170",0.0120481927710843,0.48430877660841,-0.753454452344637,0.877482223075144,0.903297602288104,0.709181953472742,"CALM2",1,"2"
"GO:2000060","positive regulation of ubiquitin-dependent protein catabolic process","1/253","83/10170",0.0120481927710843,0.48430877660841,-0.753454452344637,0.877482223075144,0.903297602288104,0.709181953472742,"RBX1",1,"2"
"GO:0051321","meiotic cell cycle","2/253","144/10170",0.0138888888888889,0.558300395256917,-0.85261630609659,0.877580944571717,0.903297602288104,0.709181953472742,"MYH9/OSGIN2",2,"2"
"GO:0002221","pattern recognition receptor signaling pathway","3/253","200/10170",0.015,0.60296442687747,-0.905745252254554,0.878928952237928,0.904409040874669,0.710054547605605,"MAPKAPK2/DDX3X/RTN4",3,"2"
"GO:0032946","positive regulation of mononuclear cell proliferation","1/253","84/10170",0.0119047619047619,0.4785431959345,-0.766492178134537,0.880555188036182,0.905806007949361,0.711151311104653,"CD81",1,"2"
"GO:0007368","determination of left/right symmetry","1/253","85/10170",0.0117647058823529,0.47291327598233,-0.779404334659642,0.883551374574636,0.908333913129778,0.713135977873944,"GJA1",1,"2"
"GO:0051092","positive regulation of NF-kappaB transcription factor activity","1/253","85/10170",0.0117647058823529,0.47291327598233,-0.779404334659642,0.883551374574636,0.908333913129778,0.713135977873944,"CFLAR",1,"2"
"GO:0043473","pigmentation","1/253","86/10170",0.0116279069767442,0.46741428440114,-0.792194000170574,0.886472693586299,0.911059409562023,0.715275774192573,"RAB32",1,"2"
"GO:0002250","adaptive immune response","4/253","257/10170",0.0155642023346304,0.625644022700358,-0.970863129231449,0.886802312563565,0.911120474699677,0.715323716635353,"LGALS1/ALCAM/CD81/UNC13D",4,"2"
"GO:0002758","innate immune response-activating signaling pathway","3/253","205/10170",0.0146341463414634,0.588257977441435,-0.951201880455036,0.88903798557297,0.913139228556824,0.716908647006435,"MAPKAPK2/DDX3X/RTN4",3,"2"
"GO:0046632","alpha-beta T cell differentiation","1/253","87/10170",0.0114942528735632,0.462041706419518,-0.804864138985069,0.889321008592513,0.913151778615699,0.71691850009942,"LGALS1",1,"2"
"GO:0015718","monocarboxylic acid transport","1/253","88/10170",0.0113636363636364,0.456791232482932,-0.817417607037511,0.892098136910087,0.915445805739748,0.718719548428378,"PTGS2",1,"2"
"GO:1902749","regulation of cell cycle G2/M phase transition","1/253","88/10170",0.0113636363636364,0.456791232482932,-0.817417607037511,0.892098136910087,0.915445805739748,0.718719548428378,"CCND1",1,"2"
"GO:0016042","lipid catabolic process","3/253","207/10170",0.0144927536231884,0.582574325485479,-0.969122089785026,0.89286657349333,0.915955608706878,0.719119796434351,"LDLR/YWHAH/APOC1",3,"2"
"GO:0006643","membrane lipid metabolic process","2/253","151/10170",0.0132450331125828,0.532418919980106,-0.924575631358781,0.893656892660167,0.91648754320258,0.719537419977052,"SGMS2/FADS3",2,"2"
"GO:0002832","negative regulation of response to biotic stimulus","1/253","89/10170",0.0112359550561798,0.451658746724697,-0.829857157096136,0.894805850792426,0.917108002696675,0.720024544790578,"SFN",1,"2"
"GO:0140053","mitochondrial gene expression","1/253","89/10170",0.0112359550561798,0.451658746724697,-0.829857157096136,0.894805850792426,0.917108002696675,0.720024544790578,"DDX3X",1,"2"
"GO:0060972","left/right pattern formation","1/253","90/10170",0.0111111111111111,0.446640316205534,-0.842185443671378,0.897445878542602,0.919534336811198,0.721929467778037,"GJA1",1,"2"
"GO:0006260","DNA replication","3/253","210/10170",0.0142857142857143,0.5742518351214,-0.995730913528616,0.898388418735985,0.920220458073433,0.722468143864233,"ZBTB38/NAP1L1/EGFR",3,"2"
"GO:0030518","nuclear receptor-mediated steroid hormone signaling pathway","1/253","91/10170",0.010989010989011,0.441732180862616,-0.854405027636942,0.900019905599022,0.921487102440263,0.723462590571662,"YWHAH",1,"2"
"GO:0051251","positive regulation of lymphocyte activation","3/253","211/10170",0.014218009478673,0.5715302624431,-1.00452960967045,0.90017156448346,0.921487102440263,0.723462590571662,"LGALS1/ACTB/CD81",3,"2"
"GO:0070665","positive regulation of leukocyte proliferation","1/253","92/10170",0.0108695652173913,0.436930744114109,-0.866518380583465,0.902529575594404,0.923620555054425,0.725137571318561,"CD81",1,"2"
"GO:0032784","regulation of DNA-templated transcription elongation","1/253","93/10170",0.010752688172043,0.432232564069871,-0.878527888923031,0.90497649138867,0.925562853795146,0.726662476523316,"CTNNB1",1,"2"
"GO:0045621","positive regulation of lymphocyte differentiation","1/253","93/10170",0.010752688172043,0.432232564069871,-0.878527888923031,0.90497649138867,0.925562853795146,0.726662476523316,"ACTB",1,"2"
"GO:0051983","regulation of chromosome segregation","1/253","94/10170",0.0106382978723404,0.42763434530317,-0.890435857761379,0.907362216076441,0.927721465315269,0.728357209611008,"ACTB",1,"2"
"GO:0002833","positive regulation of response to biotic stimulus","4/253","272/10170",0.0147058823529412,0.591141594977912,-1.09167379393002,0.91098858963862,0.930864704321644,0.730824977014714,"MAPKAPK2/DDX3X/RTN4/PGC",4,"2"
"GO:0046486","glycerolipid metabolic process","4/253","272/10170",0.0147058823529412,0.591141594977912,-1.09167379393002,0.91098858963862,0.930864704321644,0.730824977014714,"LDLR/INSIG1/CAPN2/APOC1",4,"2"
"GO:0006486","protein glycosylation","2/253","161/10170",0.0124223602484472,0.499349421844696,-1.02273128967785,0.913251345175226,0.932611609912435,0.732196478407247,"CHP1/GFPT1",2,"2"
"GO:0043413","macromolecule glycosylation","2/253","161/10170",0.0124223602484472,0.499349421844696,-1.02273128967785,0.913251345175226,0.932611609912435,0.732196478407247,"CHP1/GFPT1",2,"2"
"GO:0002218","activation of innate immune response","3/253","220/10170",0.0136363636363636,0.548149478979518,-1.0821907439696,0.914997002868868,0.934111381675393,0.733373954209157,"MAPKAPK2/DDX3X/RTN4",3,"2"
"GO:1903046","meiotic cell cycle process","1/253","98/10170",0.0102040816326531,0.410179882229572,-0.937095793637106,0.916323128227214,0.935094717272871,0.734145974258997,"MYH9",1,"2"
"GO:0002696","positive regulation of leukocyte activation","3/253","221/10170",0.0135746606334842,0.545669164594996,-1.09065617459234,0.916514840031684,0.935094717272871,0.734145974258997,"LGALS1/ACTB/CD81",3,"2"
"GO:0002706","regulation of lymphocyte mediated immunity","1/253","99/10170",0.0101010101010101,0.40603665109594,-0.948528040741368,0.918425019466146,0.935910899256526,0.734786761450385,"CD81",1,"2"
"GO:0010821","regulation of mitochondrion organization","1/253","99/10170",0.0101010101010101,0.40603665109594,-0.948528040741368,0.918425019466146,0.935910899256526,0.734786761450385,"LMNA",1,"2"
"GO:0043414","macromolecule methylation","1/253","99/10170",0.0101010101010101,0.40603665109594,-0.948528040741368,0.918425019466146,0.935910899256526,0.734786761450385,"ETF1",1,"2"
"GO:0046328","regulation of JNK cascade","1/253","99/10170",0.0101010101010101,0.40603665109594,-0.948528040741368,0.918425019466146,0.935910899256526,0.734786761450385,"DUSP3",1,"2"
"GO:0060271","cilium assembly","4/253","278/10170",0.0143884892086331,0.578383143287741,-1.13843316157095,0.919305655562415,0.936416894025227,0.735184019627098,"EHD1/FLNA/YAP1/EHD2",4,"2"
"GO:0006650","glycerophospholipid metabolic process","3/253","223/10170",0.0134529147982063,0.540775270742126,-1.10749268650354,0.919476968006384,0.936416894025227,0.735184019627098,"LDLR/CAPN2/APOC1",3,"2"
"GO:0000018","regulation of DNA recombination","1/253","100/10170",0.01,0.40197628458498,-0.959871062794938,0.92047431646496,0.93714957582121,0.73575925054328,"ACTB",1,"2"
"GO:0031109","microtubule polymerization or depolymerization","1/253","102/10170",0.00980392156862745,0.394094396651941,-0.982296686101774,0.924420338948777,0.940315349301743,0.738244709837636,"MAP2",1,"2"
"GO:0043401","steroid hormone receptor signaling pathway","1/253","102/10170",0.00980392156862745,0.394094396651941,-0.982296686101774,0.924420338948777,0.940315349301743,0.738244709837636,"YWHAH",1,"2"
"GO:0051225","spindle assembly","1/253","102/10170",0.00980392156862745,0.394094396651941,-0.982296686101774,0.924420338948777,0.940315349301743,0.738244709837636,"FLNA",1,"2"
"GO:0000819","sister chromatid segregation","2/253","168/10170",0.0119047619047619,0.4785431959345,-1.0885259376775,0.92490125401713,0.940520816811146,0.738406023063006,"ACTB/FLNA",2,"2"
"GO:0005975","carbohydrate metabolic process","6/253","389/10170",0.0154241645244216,0.620014834835445,-1.22055973995122,0.92618330204574,0.941540577177641,0.739206640320212,"ENO1/CLTC/ATF4/PPP1CB/NUPR1/UGP2",6,"2"
"GO:0000045","autophagosome assembly","1/253","104/10170",0.00961538461538462,0.386515658254789,-1.00438661573895,0.928171297413024,0.942992954165929,0.740346906326812,"NUPR1",1,"2"
"GO:0003341","cilium movement","1/253","104/10170",0.00961538461538462,0.386515658254789,-1.00438661573895,0.928171297413024,0.942992954165929,0.740346906326812,"SLIRP",1,"2"
"GO:0007224","smoothened signaling pathway","1/253","105/10170",0.00952380952380952,0.3828345567476,-1.01530982386366,0.9299766482728,0.944258132482951,0.741340202033659,"HSPG2",1,"2"
"GO:2000779","regulation of double-strand break repair","1/253","105/10170",0.00952380952380952,0.3828345567476,-1.01530982386366,0.9299766482728,0.944258132482951,0.741340202033659,"ACTB",1,"2"
"GO:0048872","homeostasis of number of cells","3/253","231/10170",0.012987012987013,0.522047122837637,-1.17362392044613,0.930393104747504,0.944396613247616,0.741448923742822,"VEGFA/CEBPG/FSTL1",3,"2"
"GO:0046467","membrane lipid biosynthetic process","1/253","106/10170",0.00943396226415094,0.37922290998583,-1.02615396360756,0.931736798097637,0.945475920308526,0.742296291307967,"SGMS2",1,"2"
"GO:0006368","transcription elongation by RNA polymerase II","1/253","107/10170",0.00934579439252336,0.375678770640168,-1.03692055354971,0.933452874218592,0.946932338106225,0.743439729767484,"CTNNB1",1,"2"
"GO:0051259","protein complex oligomerization","2/253","175/10170",0.0114285714285714,0.45940146809712,-1.15215713782834,0.935068950089196,0.948286466075419,0.744502860142249,"EHD1/PEG10",2,"2"
"GO:0070085","glycosylation","2/253","177/10170",0.0112994350282486,0.454210491056475,-1.16996562168141,0.937726340537828,0.950695496179662,0.746394197693654,"CHP1/GFPT1",2,"2"
"GO:0006457","protein folding","2/253","178/10170",0.0112359550561798,0.451658746724697,-1.17881033946079,0.939016166308613,0.951431043507405,0.746971678348356,"TBCA/HSPB1",2,"2"
"GO:0019318","hexose metabolic process","2/253","178/10170",0.0112359550561798,0.451658746724697,-1.17881033946079,0.939016166308613,0.951431043507405,0.746971678348356,"ENO1/ATF4",2,"2"
"GO:1905037","autophagosome organization","1/253","111/10170",0.00900900900900901,0.362140796923406,-1.07924026248605,0.939898022480966,0.952038489578197,0.747448586279942,"NUPR1",1,"2"
"GO:0006888","endoplasmic reticulum to Golgi vesicle-mediated transport","1/253","116/10170",0.00862068965517241,0.346531279814638,-1.13055992174749,0.94708692233008,0.959032162791901,0.752939342392967,"INSIG1",1,"2"
"GO:0034599","cellular response to oxidative stress","2/253","190/10170",0.0105263157894737,0.423132931142084,-1.28202503170089,0.952645944738163,0.964371697885646,0.757131429163514,"ATF4/RBX1",2,"2"
"GO:0005996","monosaccharide metabolic process","2/253","192/10170",0.0104166666666667,0.418725296442688,-1.29873192256277,0.95461495891099,0.966074922403319,0.758468636400183,"ENO1/ATF4",2,"2"
"GO:0045017","glycerolipid biosynthetic process","2/253","193/10170",0.0103626943005181,0.416555735321223,-1.30703516168535,0.955569969244721,0.966628232721645,0.75890304217236,"LDLR/CAPN2",2,"2"
"GO:0006354","DNA-templated transcription elongation","1/253","123/10170",0.00813008130081301,0.326809987467464,-1.19972372249862,0.955735031997024,0.966628232721645,0.75890304217236,"CTNNB1",1,"2"
"GO:0045089","positive regulation of innate immune response","3/253","256/10170",0.01171875,0.471065958498024,-1.36900890011741,0.956344996730075,0.966651182898682,0.758921060432723,"MAPKAPK2/DDX3X/RTN4",3,"2"
"GO:0007030","Golgi organization","1/253","124/10170",0.00806451612903226,0.324174423052403,-1.2093669813603,0.956849696763098,0.966651182898682,0.758921060432723,"GOLGA8A",1,"2"
"GO:0044272","sulfur compound biosynthetic process","1/253","124/10170",0.00806451612903226,0.324174423052403,-1.2093669813603,0.956849696763098,0.966651182898682,0.758921060432723,"CTNNB1",1,"2"
"GO:0045088","regulation of innate immune response","4/253","315/10170",0.0126984126984127,0.510446075663467,-1.40973254680844,0.956904403474436,0.966651182898682,0.758921060432723,"MAPKAPK2/DDX3X/RTN4/SFN",4,"2"
"GO:0002831","regulation of response to biotic stimulus","5/253","373/10170",0.0134048257372654,0.538842204537507,-1.44932787106473,0.958365406752506,0.967604422446013,0.759669451973442,"MAPKAPK2/DDX3X/RTN4/SFN/PGC",5,"2"
"GO:0000280","nuclear division","3/253","259/10170",0.0115830115830116,0.465609596044379,-1.39142250220119,0.958766030638093,0.967604422446013,0.759669451973442,"RGCC/FLNA/CAV2",3,"2"
"GO:0006575","modified amino acid metabolic process","1/253","126/10170",0.00793650793650794,0.319028797289667,-1.22848510394853,0.958995842175141,0.967604422446013,0.759669451973442,"CKB",1,"2"
"GO:0009746","response to hexose","1/253","126/10170",0.00793650793650794,0.319028797289667,-1.22848510394853,0.958995842175141,0.967604422446013,0.759669451973442,"PTGS2",1,"2"
"GO:0034284","response to monosaccharide","1/253","129/10170",0.00775193798449612,0.311609522934093,-1.25675451192298,0.962017321844039,0.970362671031439,0.761834962116523,"PTGS2",1,"2"
"GO:0002520","immune system development","1/253","130/10170",0.00769230769230769,0.309212526603831,-1.2660722820561,0.962974359745987,0.971037542184052,0.762364805704217,"CTNNB1",1,"2"
"GO:0006367","transcription initiation at RNA polymerase II promoter","1/253","134/10170",0.00746268656716418,0.29998230192909,-1.30283771032461,0.966568230150335,0.974370126178454,0.76498122848811,"SUB1",1,"2"
"GO:0098813","nuclear chromosome segregation","2/253","207/10170",0.00966183574879227,0.388382883656986,-1.41996933616505,0.967081659342507,0.974596340496991,0.76515883010237,"ACTB/FLNA",2,"2"
"GO:0000070","mitotic sister chromatid segregation","1/253","135/10170",0.00740740740740741,0.297760210803689,-1.31190641774605,0.967411019884489,0.974636976113085,0.765190733259789,"FLNA",1,"2"
"GO:0040029","epigenetic regulation of gene expression","2/253","211/10170",0.00947867298578199,0.381020174962067,-1.45117264426794,0.969805956963908,0.976474924374923,0.766633712556325,"LMNA/XIST",2,"2"
"GO:0007254","JNK cascade","1/253","138/10170",0.0072463768115942,0.291287162742739,-1.3388296091394,0.969814508224086,0.976474924374923,0.766633712556325,"DUSP3",1,"2"
"GO:0000724","double-strand break repair via homologous recombination","1/253","142/10170",0.00704225352112676,0.283081890552803,-1.37409192691347,0.972746691986128,0.979076726531419,0.768676396087444,"ACTB",1,"2"
"GO:0051276","chromosome organization","5/253","399/10170",0.012531328320802,0.503729679931053,-1.61526756126476,0.97297927360818,0.979076726531419,0.768676396087444,"LMNA/ACTB/CTNNB1/HNRNPD/FLNA",5,"2"
"GO:0044248","cellular catabolic process","2/253","219/10170",0.0091324200913242,0.367101629757973,-1.51227892280474,0.974619251870392,0.979989293212135,0.769392855225235,"DDAH1/IDS",2,"2"
"GO:0000725","recombinational repair","1/253","145/10170",0.00689655172413793,0.27722502385171,-1.4000841727578,0.974758033639828,0.979989293212135,0.769392855225235,"ACTB",1,"2"
"GO:0009743","response to carbohydrate","1/253","145/10170",0.00689655172413793,0.27722502385171,-1.4000841727578,0.974758033639828,0.979989293212135,0.769392855225235,"PTGS2",1,"2"
"GO:0065004","protein-DNA complex assembly","1/253","150/10170",0.00666666666666667,0.26798418972332,-1.44258515109469,0.977786993213568,0.982741502568153,0.771553623949212,"NAP1L1",1,"2"
"GO:0007059","chromosome segregation","3/253","296/10170",0.0101351351351351,0.407408396538831,-1.65258579465639,0.979937034037908,0.98460896268648,0.773019773102484,"ACTB/DDX3X/FLNA",3,"2"
"GO:0016054","organic acid catabolic process","1/253","156/10170",0.00641025641025641,0.257677105503192,-1.49231528899545,0.980947529441201,0.985037245168472,0.773356019104298,"DDAH1",1,"2"
"GO:0046395","carboxylic acid catabolic process","1/253","156/10170",0.00641025641025641,0.257677105503192,-1.49231528899545,0.980947529441201,0.985037245168472,0.773356019104298,"DDAH1",1,"2"
"GO:0044282","small molecule catabolic process","2/253","234/10170",0.00854700854700855,0.343569474004257,-1.62255764031707,0.981727469819448,0.985526950947061,0.773740488740669,"ENO1/DDAH1",2,"2"
"GO:0048285","organelle fission","3/253","302/10170",0.00993377483443709,0.39931418998508,-1.69256556686518,0.98219695026718,0.985704796518134,0.773880115890337,"RGCC/FLNA/CAV2",3,"2"
"GO:0046474","glycerophospholipid biosynthetic process","1/253","164/10170",0.00609756097560976,0.245107490600598,-1.55663223049287,0.984475643249425,0.987697670049706,0.775444727531689,"CAPN2",1,"2"
"GO:0071824","protein-DNA complex organization","1/253","167/10170",0.00598802395209581,0.240704362026934,-1.58020427997073,0.985623822940509,0.988332228833583,0.77594292174454,"NAP1L1",1,"2"
"GO:0006352","DNA-templated transcription initiation","1/253","168/10170",0.00595238095238095,0.23927159796725,-1.58799845104062,0.985987431137655,0.988332228833583,0.77594292174454,"SUB1",1,"2"
"GO:0032259","methylation","1/253","168/10170",0.00595238095238095,0.23927159796725,-1.58799845104062,0.985987431137655,0.988332228833583,0.77594292174454,"ETF1",1,"2"
"GO:0006364","rRNA processing","1/253","181/10170",0.00552486187845304,0.222086345074575,-1.6866264368619,0.989958891606379,0.992018241455188,0.77883682251976,"DDX21",1,"2"
"GO:0006399","tRNA metabolic process","1/253","191/10170",0.00523560209424084,0.210458787740827,-1.75937008819712,0.992231873262886,0.994000557528952,0.780393145465853,"POLR2L",1,"2"
"GO:0006281","DNA repair","5/253","485/10170",0.0103092783505155,0.414408540809258,-2.11069274982838,0.994139167792507,0.995615465932977,0.781661015427807,"ACTB/RBX1/SF3B5/CEBPG/EGFR",5,"2"
"GO:0007033","vacuole organization","1/253","207/10170",0.00483091787439614,0.194191441828493,-1.87081658254507,0.994850842335541,0.996032375402448,0.781988332439645,"NUPR1",1,"2"
"GO:0016072","rRNA metabolic process","1/253","219/10170",0.0045662100456621,0.183550814878986,-1.95086439190459,0.996218967896829,0.997106072943932,0.782831295952422,"DDX21",1,"2"
"GO:0006302","double-strand break repair","1/253","232/10170",0.00431034482758621,0.173265639907319,-2.03455629808714,0.997295279593296,0.997887146228069,0.783444519186987,"ACTB",1,"2"
"GO:0006310","DNA recombination","1/253","237/10170",0.00421940928270042,0.169610246660329,-2.06597548778861,0.997622535057484,0.997918477666519,0.783469117603576,"ACTB",1,"2"
"GO:0048193","Golgi vesicle transport","1/253","274/10170",0.00364963503649635,0.146706673206197,-2.28693075490627,0.999086384902082,0.999086384902082,0.784386045460678,"INSIG1",1,"2"
