primerid,logFC,pvalue,padj,regulation
A2M,,0.00840930889866445,0.0703717769690974,stable
A4GALT,,0.247313921824308,0.5955802561821,stable
ABCA10,,0.0599005017774718,0.267040019594389,stable
ABCB6,,0.0579525208525381,0.26159956237128,stable
ABCC9,,0.256005166850342,0.605535441094927,stable
ABTB2,,0.431999674657397,0.776020122776795,stable
ACD,,0.0115829025860672,0.0881627653873506,stable
ACOT11,,0.374070567187108,0.728124012134684,stable
ACOXL,,0.317422022907358,0.672239571728958,stable
ACP3,,0.382459919799749,0.735092776671719,stable
ACPL2,,0.0565980307249898,0.25825096214344,stable
ACTR3B,,0.116323650539283,0.396636068114978,stable
ADCY3,,0.184948160920177,0.511804979788612,stable
AGBL3,,0.409871415486419,0.757983083646897,stable
AGPAT5,,0.242666420358456,0.590219501140581,stable
AKAP5,,0.0313802084065909,0.177588734982485,stable
ALDH1B1,,0.172012235062228,0.491739373573591,stable
ALDOC,,0.329169199524268,0.684413562689577,stable
ALG10,,0.387407211822521,0.737872508151838,stable
ALOX5,,0.0942070731055097,0.351844565121219,stable
AMDHD1,,0.449529502885046,0.790427020032625,stable
ANGPT2,,0.543109000503833,0.863998493253365,stable
ANGPTL2,,0.216788534463327,0.556673671680762,stable
ANK2,,0.36153434735226,0.716271614592224,stable
ANKDD1B,,0.359096000562543,0.713666928271213,stable
ANTXR1,,0.0116545662050903,0.0884175194139529,stable
ANTXR2,,0.090912992561762,0.344275223381344,stable
AP1G2-AS1,,0.0731235033818631,0.304034593653026,stable
AP4B1,,0.0348686683728106,0.190692749646042,stable
APBA3,,0.0211782280234244,0.135967783276439,stable
APITD1,,0.143430996846992,0.4461324441368,stable
APOBEC3F,,0.20133100441523,0.537040972249102,stable
APOL4,,0.22356263742317,0.565803246347997,stable
APOLD1,,0.340792342777639,0.697212652403993,stable
AQP5-AS1,,0.256613331073026,0.606387272189575,stable
ARHGAP10,,0.387032393324805,0.737797314054397,stable
ARHGAP28,,0.22482410987556,0.567585691680885,stable
ARHGAP39,,0.301831910148349,0.657798764423859,stable
ARHGEF38,,0.0843314535515322,0.328832381548164,stable
ARL15,,0.178132379284202,0.503465943206957,stable
ARRDC3-AS1,,0.20745484444945,0.543374334379703,stable
ASAH2B,,0.109238125839816,0.383714612145378,stable
ASMTL-AS1,,0.307659877151094,0.663052598430003,stable
ATP13A4-AS1,,0.44994429887315,0.791042587289715,stable
ATP5F1EP2,,0.000133984185737465,0.00266312631943866,stable
ATP5L2,,0.118586059541238,0.401105697795267,stable
ATP6V0A4,,0.240634796516551,0.587606016416124,stable
ATP8B1-AS1,,0.105532656982003,0.375473447142005,stable
B3GALTL,,0.0407074195188486,0.21094001534481,stable
B3GNTL1,,0.15786601702606,0.470504436840369,stable
BCL2,,0.337090996172467,0.693353581896724,stable
BCL2A1,,0.0890862002484749,0.339778381228505,stable
BCL9,,0.199143644627697,0.533260002613137,stable
BICDL3P,,0.00025557685373316,0.00459436979416787,stable
BLOC1S3,,0.0812003704841285,0.322375228580054,stable
BMAL2,,0.278087849798429,0.631140125672987,stable
BMPER,,0.284225682059339,0.638554445413226,stable
BNAT1,,0.312634765931588,0.667771327807451,stable
BOK-AS1,,0.252063124950485,0.601213588174581,stable
BOLA2B,,0.216754705099959,0.556673671680762,stable
BTG1-DT,,0.206088395879651,0.542001839766104,stable
BTK,,0.215193072166992,0.554467955654851,stable
BYSL,,0.0343800721673972,0.189051732871913,stable
C10orf10,,0.0308790555093527,0.175567445498152,stable
C10orf2,,0.498039254216411,0.830223897932825,stable
C11orf65,,0.47774522997159,0.81412786623226,stable
C12orf60,,0.109436213634754,0.384299992953529,stable
C15orf37,,0.119646283425187,0.402575328541008,stable
C16orf86,,0.311369557715274,0.666879016095719,stable
C16orf95-DT,,0.234757624274034,0.580084333763047,stable
C17orf49,,0.0736786029811901,0.305718683924667,stable
C17orf58,,0.154601214082262,0.46596786237211,stable
C17orf67,,0.14418948771979,0.447013009862216,stable
C19orf59,,0.0555529774597609,0.254814107492727,stable
C19orf73,,0.103817938018729,0.372131690940705,stable
C1QTNF1,,0.169930212565148,0.488725129916486,stable
C1QTNF4,,0.33318060588554,0.689487002936319,stable
C1QTNF9B-AS1,,0.490668014854658,0.82525346343093,stable
C1orf233,,0.0945268640624443,0.352500422910104,stable
C1orf54,,0.117010001414623,0.397424356013435,stable
C21orf67,,0.378255596247408,0.731631740091267,stable
C21orf91,,0.041919456322396,0.214313439600573,stable
C4orf19,,0.424840312988528,0.770775401591854,stable
C4orf46,,0.381018250292012,0.734146004459852,stable
C5orf28,,0.00459576898507894,0.045305387156133,stable
C5orf55,,0.0105925726794325,0.0826266895783837,stable
C9orf169,,0.281469364150608,0.635750463299526,stable
C9orf40,,0.492850338963248,0.826646891257786,stable
CACHD1,,0.272611116781509,0.625959448854881,stable
CAND2,,0.471458870120615,0.808471634218201,stable
CASC10,,0.411375871531931,0.759164715870397,stable
CASTOR2,,0.223730458689587,0.565994023292616,stable
CASTOR3P,,0.177129129897692,0.501790610398468,stable
CATSPER2,,0.291335854957217,0.645936696875536,stable
CBLC,,0.162350997520958,0.476146495608491,stable
CBLL1-AS1,,0.233976861152901,0.579282276396552,stable
CCDC121,,0.120299840561187,0.403995948082405,stable
CCDC138,,0.271084642754992,0.624291385274496,stable
CCDC170,,0.207827146324333,0.543654594071649,stable
CCDC37,,0.23992598564936,0.586923203637739,stable
CCDC71L,,0.0635661160001064,0.277115621250107,stable
CCL21,,0.0074181536014574,0.0644488341323491,stable
CCL4L2,,0.175343589371415,0.498001867211009,stable
CCNB1,,0.166935403359602,0.483558855608477,stable
CCNE2,,0.290511259532936,0.645318998905378,stable
CCNF,,0.806231890924538,0.994329783993915,stable
CCR3,,0.304328592510529,0.659711423097837,stable
CCRL2,,0.429290368065966,0.773760757776226,stable
CCSAP,,0.272564975608061,0.625959448854881,stable
CD244,,0.114853399551982,0.393735336288327,stable
CD36,,0.181682159005406,0.508765437803439,stable
CD3E,,0.325961708313114,0.681338891493124,stable
CD63-AS1,,0.097907502418819,0.359729879641612,stable
CDKN2A,,0.0734920459199255,0.305151755884908,stable
CDKN2B-AS1,,0.114331496803803,0.393552594727028,stable
CDKN2D,,0.0762086474345109,0.311459213052311,stable
CDR2,,0.0389009578266039,0.204351228393814,stable
CENPH,,0.16419521483549,0.478798260054636,stable
CENPN,,0.261549286150026,0.614083735612093,stable
CENPP,,0.335190947369866,0.69189026353415,stable
CENPV,,0.206217147985019,0.542107186444918,stable
CEP19,,0.276547284649525,0.630127757098773,stable
CEP72,,0.491166829021017,0.825396459493049,stable
CERS6,,0.178759680795285,0.504073434380984,stable
CFAP144,,0.0607171294719555,0.269599052184956,stable
CFAP184,,0.520015005413869,0.845076233206479,stable
CFAP263,,0.177910622280138,0.503071812804166,stable
CFAP276,,0.0587781047670523,0.263878771872906,stable
CFAP418,,0.293597789459908,0.647915729131534,stable
CFAP90,,0.0546530314678943,0.251915028907821,stable
CFH,,0.0139711979235541,0.100400977909781,stable
CFTR,,0.192700695608568,0.524659282661695,stable
CHAC2,,0.0676274919970566,0.288443287568744,stable
CHADL,,0.023436542069302,0.145795567559872,stable
CHAF1A,,0.103379343201022,0.371460638239062,stable
CHDH,,0.354601092773104,0.709200480257811,stable
CHI3L1,,0.195213193875663,0.527356040206875,stable
CHIA,,0.250435170626298,0.600360006688649,stable
CHKB-AS1,,0.243661689023767,0.591409518921095,stable
CHTF18,,0.383518262052443,0.735620323696956,stable
CIBAR2,,0.0544603788905089,0.251705374589669,stable
CMC4,,0.387106406385557,0.737797314054397,stable
CNBD2,,0.0117090102452224,0.0886808805685242,stable
COL4A6,,0.272815887171537,0.62603743284867,stable
COL6A3,,0.256202404046468,0.605767541018186,stable
COX7A1,,0.136589639357049,0.433118482879524,stable
CPOX,,0.0394741036359433,0.20656311765658,stable
CREB5,,0.302034828758838,0.657912334745557,stable
CREM,,0.00557338511662693,0.052206175989002,stable
CRIM1,,0.214538756042795,0.5541330905037,stable
CRYBB2,,0.183790315823781,0.510983256184483,stable
CSGALNACT1,,0.182653578039117,0.510041257193226,stable
CST5,,0.0387255922943929,0.203868062104504,stable
CSTA,,0.151419701121163,0.460650594232937,stable
CTA-292E10.6,,0.0658286616815373,0.283641015296127,stable
CTA-85E5.10,,0.417824346952119,0.76509900219899,stable
CTAG2,,0.235454471379923,0.580515421167443,stable
CTHRC1,,0.268831070463705,0.622031233266768,stable
CTTN-DT,,0.349940446624477,0.704723561703066,stable
CTXN1,,0.154546221612116,0.46596786237211,stable
CYP1B1,,0.0776759997472189,0.314985838342991,stable
CYP2D6,,0.432990465962929,0.776878828112555,stable
DBF4,,0.162148712229508,0.475907594598944,stable
DBF4B,,0.135275027334887,0.431689334457128,stable
DCLRE1A,,0.0266570053283292,0.158798846556285,stable
DCLRE1C,,0.0211906385326138,0.135976044841297,stable
DEFA3,,0.304822287422617,0.660379610293489,stable
DENND3-AS1,,0.144598164729418,0.447825681695567,stable
DET1,,0.267841305003454,0.620942082317947,stable
DHFR,,0.0470762086042306,0.229449590900365,stable
DHRS13,,0.0770030729892778,0.313299739936185,stable
DIMT1,,0.00394381830480603,0.0407052469677895,stable
DKFZP761J1410,,0.159487250732903,0.473113058373209,stable
DNAAF3,,0.332240203343629,0.68824000096128,stable
DNAJB5,,0.311399331141554,0.666879016095719,stable
DNAJC6,,0.304829772642177,0.660379610293489,stable
DNMBP,,0.0538952544726353,0.249835263812474,stable
DOLPP1,,0.0137885344819086,0.099264455539959,stable
DPCR1,,0.420332509650762,0.766544024760692,stable
DPH2,,0.051327268732022,0.241968581943786,stable
DRC12,,0.424101389581378,0.769856754713806,stable
DSE,,0.0867305659675705,0.333921227242781,stable
DTHD1,,0.19268861440695,0.524659282661695,stable
DTWD2,,0.223941394229874,0.56605864414102,stable
DUSP2,,0.0389414557655281,0.204388301965571,stable
DUSP5,,0.636022235189516,0.924017992461177,stable
DYNLT4,,0.4662123777005,0.804827016665855,stable
E2F1,,0.0842767037538176,0.328832381548164,stable
E2F3,,0.551373692377766,0.86908625514901,stable
ECE2,,0.0166779332008801,0.114085649383077,stable
EDAR,,0.295510486444343,0.649866572371985,stable
EDN2,,0.384653891442175,0.736282815062466,stable
EDNRB,,0.383611758380715,0.735620323696956,stable
EEIG2,,0.332955913711256,0.689138687640772,stable
EFCAB11,,0.238850108572646,0.585700254157683,stable
EFNA5,,0.421304896563749,0.767515805602872,stable
EFS,,0.462893619190865,0.802565341345049,stable
EIF4EBP3,,0.00859786736271886,0.0715942306824764,stable
EIF5AL1,,0.12948410103222,0.420290401226196,stable
ELAPOR1,,0.38163159168448,0.735003084410128,stable
ELL3,,0.356888262151881,0.711579814776189,stable
EMILIN2,,0.128109230522377,0.419154130102249,stable
ENAH,,0.11499976840388,0.393990237939751,stable
ENO3,,0.246753238009843,0.594815930079337,stable
ENTREP2,,0.486599929231912,0.821801262079426,stable
EOLA1,,0.0745461703446388,0.307537052935725,stable
EPHA4,,0.0653512684468632,0.28238031300617,stable
EPHB2,,0.0749152737626397,0.308234367712726,stable
EPHB4,,0.104422081963402,0.373451003487603,stable
ERC2,,0.348453705876237,0.703119528001176,stable
ETV1,,0.0385646687128656,0.203596887101854,stable
ETV5,,0.21448529561856,0.5541330905037,stable
FABP6,,0.151909056247657,0.461465284187715,stable
FAIM3,,0.348888826901292,0.703532995717814,stable
FAM131B-AS2,,0.14243189603347,0.44476591803986,stable
FAM161B,,0.410292114765977,0.758302209086681,stable
FAM171A1,,0.254800343953501,0.604674704812191,stable
FAM212A,,0.15943723894875,0.473113058373209,stable
FAM227B,,0.285986016830035,0.639921850582162,stable
FAM24B,,0.111991544607597,0.389580148344696,stable
FAM41C,,0.431736844241969,0.775768217553114,stable
FAM47E-STBD1,,0.0694469630429049,0.293337828692629,stable
FAM86C1P,,0.161182211910838,0.474519016433844,stable
FAM88B,,0.272640383267581,0.625959448854881,stable
FAM95B1,,0.211742645311321,0.550896479291822,stable
FAM98B,,0.00236162807374384,0.0274415794424379,stable
FANCE,,0.157195415856641,0.470016412079008,stable
FANCG,,0.547952809315656,0.867189945763151,stable
FBLN7,,0.417714121108812,0.76509900219899,stable
FBXL14,,0.285722752362508,0.63944982147186,stable
FBXL16,,0.144009140834769,0.446793842021375,stable
FBXL18,,0.0787322062055012,0.317421665124026,stable
FCGBP,,0.334213070509942,0.69068817817642,stable
FDXACB1,,0.619126049585826,0.915760000263038,stable
FECH,,0.00282961730860889,0.031473377598212,stable
FEN1,,0.285054311321516,0.639293542516796,stable
FES,,0.322467619417952,0.678108408698615,stable
FGFBP1,,0.118269630467872,0.400589626721881,stable
FGR,,0.0898352543465477,0.341880224203141,stable
FHL3,,0.154906653809874,0.46662861906651,stable
FICD,,0.150938330073683,0.460117243596184,stable
FOSL1,,0.377654636498709,0.731492675734466,stable
FOXO1,,0.106465043141455,0.377554014320032,stable
FOXO4,,0.047892216171575,0.232039021197516,stable
FOXRED2,,0.322763749441522,0.678123053719619,stable
FP236383.4,,0.509858120269892,0.838040293421966,stable
FP565260.1,,0.354334282870503,0.709200480257811,stable
FPGT-TNNI3K,,0.439613897148597,0.784158803260536,stable
FPR1,,0.276730869550351,0.630127757098773,stable
FRMD6,,0.320795386983136,0.676804074988239,stable
FRRS1,,0.340047385064575,0.696154619834093,stable
FRY-AS1,,0.361395565429921,0.716228824872788,stable
FUT3,,0.37827106161665,0.731631740091267,stable
FUT4,,0.470636922689867,0.807901382244198,stable
GAMT,,0.0387598646611876,0.203960648135324,stable
GAREM,,0.143084786354246,0.445963393267288,stable
GARIN4,,0.240250994936779,0.587248182784879,stable
GARIN5A,,0.0943956843663458,0.352265526010716,stable
GAS6-AS2,,0.143376110932641,0.4461324441368,stable
GATD3,,0.164183299869394,0.478798260054636,stable
GCAT,,0.0915684312650393,0.345579655382476,stable
GCH1,,0.0592003447319213,0.264884704979138,stable
GFOD1,,0.229122120545353,0.573227343746704,stable
GGACT,,0.241257011625692,0.588295573531309,stable
GGT5,,0.0608165613520781,0.26993498071855,stable
GIMAP7,,0.173309075658085,0.493881341366377,stable
GLB1L2,,0.105132298210606,0.374716168336652,stable
GLS2,,0.240109942745107,0.587138215666372,stable
GLT8D2,,0.181554264101441,0.508551632533459,stable
GNB1L,,0.157339291249653,0.470248287588206,stable
GNG7,,0.0534729266082239,0.248537283216323,stable
GNMT,,0.326984640462544,0.682325067431569,stable
GNPNAT1,,0.0705989442510634,0.296768051762379,stable
GOLM1,,0.373372905329949,0.727729714894138,stable
GOLT1A,,0.153936094879114,0.465195259283631,stable
GPC3,,0.194465195123999,0.526634753906675,stable
GPLD1,,0.361157389436573,0.71601100395516,stable
GPR124,,0.314742190955,0.669463814552622,stable
GPR135,,0.419033035656341,0.765601743308372,stable
GPR143,,0.254354926682308,0.604086773608808,stable
GPR64,,0.275173501258578,0.628971835090546,stable
GPRASP2,,0.196322542698892,0.528685328391431,stable
GPSM3,,0.0746383797757473,0.307537052935725,stable
GPT2,,0.277682899613283,0.6310744047697,stable
GSDMC,,0.178537986703144,0.503850473246435,stable
GSEC,,0.068494082223668,0.290322436180711,stable
GSTM1,,0.0142917977195547,0.101927033444479,stable
GTDC1,,0.208223769940012,0.544455051068813,stable
GUCA2A,,0.308545871989584,0.66379175276323,stable
GUCY1A3,,0.231144261290977,0.575992329587113,stable
GUCY1B3,,0.147376545437774,0.45332936372203,stable
GXYLT2,,0.46873797061614,0.806794276656109,stable
GYPC,,0.0841857131185205,0.328781519859679,stable
H2AC20,,0.0937795953618879,0.351036197816632,stable
H2BC18,,0.161347679508908,0.474519016433844,stable
H3-5,,0.564516707292032,0.879215922302688,stable
HARBI1,,0.233005259607549,0.577895875257835,stable
HCLS1,,0.12803155570899,0.419034929408875,stable
HENMT1,,0.293546572247714,0.647915729131534,stable
HES5,,0.287191058944384,0.641561312963478,stable
HHAT,,0.0803483039715784,0.320763444725204,stable
HIVEP3,,0.0925813867185864,0.348541691175855,stable
HK2,,0.254021491106955,0.603728803527337,stable
HLA-DMB,,0.176974876005388,0.501586108112651,stable
HLA-DOB,,0.129371568559417,0.420150040511716,stable
HM13-AS1,,0.147305198538337,0.45332936372203,stable
HMGN3-AS1,,0.372628037312362,0.727288061329444,stable
HNRNPK-AS1,,0.442509381951676,0.785662023872229,stable
HOGA1,,0.277119246980183,0.630585568705465,stable
HOXD1,,0.136564469191999,0.433118482879524,stable
HPX,,0.2955642670221,0.649866572371985,stable
HRH1,,0.214069302544111,0.55346513415804,stable
HS3ST5,,0.322293617750557,0.678034326167671,stable
HSD17B1-AS1,,0.0236969331844488,0.146520643018059,stable
HSD17B13,,0.454388537890774,0.795423956347819,stable
HSD17B14,,0.547473870408842,0.867059851066264,stable
HSPA2,,0.134524820984513,0.430704927112281,stable
HYLS1,,0.176684211948518,0.501081807446978,stable
IBA57,,0.0937296576366526,0.351026757031385,stable
ICAM4-AS1,,0.295587217145634,0.649866572371985,stable
IFFO2,,0.396449122048408,0.746947297768147,stable
IFIH1,,0.00434346737489456,0.0436037691501849,stable
IGFBP3,,0.100951939198895,0.366615040729564,stable
IGHA1,,0.0526528603173695,0.245941369705589,stable
IGKV4-1,,0.258542237910664,0.609766605483302,stable
IGLV1-51,,0.215162253557697,0.554467955654851,stable
IGSF6,,0.0734119833870103,0.305026541442153,stable
IKBIP,,0.012272918193642,0.0917018044004152,stable
IL1RAP,,0.1016224423502,0.367959933438637,stable
IL2RG,,0.194825601609406,0.526774641467237,stable
IL6,,0.232370645410153,0.577507625209974,stable
IL7,,0.292302712346542,0.646716444474955,stable
ILRUN-AS1,,0.00121368452951184,0.0166697524592727,stable
INCENP,,0.231554386014769,0.576363432018843,stable
IPMK,,0.129230260522642,0.420135825699144,stable
IPO4,,0.231207554895048,0.575992329587113,stable
IQSEC3-AS2,,0.130892915673876,0.42328968285647,stable
ITGA10,,0.413043216966344,0.760283132690347,stable
ITGA5,,0.366357941523088,0.721497980037295,stable
ITGBL1,,0.110648285556324,0.386977423237759,stable
ITM2A,,0.0738298291361665,0.305957264903217,stable
ITM2C,,0.0172032002576107,0.117023884223168,stable
ITPKB,,0.0136520162219362,0.0985137227254712,stable
ITPR1,,0.262052404115391,0.614220413480201,stable
JMJD7-PLA2G4B,,0.122921126625458,0.408756216504245,stable
KANSL1-AS1,,0.00917783795610229,0.074843156221077,stable
KAZALD1,,0.469973759117424,0.807505902430637,stable
KCNAB2,,0.227902488180457,0.571814453103019,stable
KCNC3,,0.0923676566131239,0.347951381953413,stable
KCNIP1,,0.0436738839037787,0.218888707191386,stable
KCNJ8,,0.232580991402871,0.577507625209974,stable
KCNK15,,0.0716367218710265,0.2995921852964,stable
KCNK5,,0.17541280575739,0.498082726499034,stable
KCNK6,,0.140421346731055,0.440243791341476,stable
KCTD1,,0.116984371981858,0.397424356013435,stable
KCTD21-AS1,,0.472493564966393,0.809383595592655,stable
KDELR3,,0.18959570508573,0.519461040263719,stable
KDSR-DT,,0.389155765938263,0.739934683905635,stable
KIAA1161,,0.000751115064148343,0.0112771316735944,stable
KIF3C,,0.279569980402976,0.633450127978866,stable
KIFC1,,0.531930748301541,0.854748525100034,stable
KLF4,,0.0432035662229664,0.21751251791991,stable
KLHL26,,0.161844744353645,0.475389297284585,stable
KLRK1-AS1,,0.285635711400642,0.63944982147186,stable
KPNA7,,0.570795952448511,0.881988335574592,stable
KRBA2,,0.07310639577521,0.304034593653026,stable
KRBOX1,,0.701084285263018,0.957120203602315,stable
KREMEN1,,0.120986730429905,0.405078551842006,stable
KRT86,,0.251298169731396,0.601030879827155,stable
KRTAP5-AS1,,0.399099159412982,0.749394186469938,stable
KSR1,,0.193876287192098,0.526411540123528,stable
KTI12,,0.0710417358166909,0.298014474476057,stable
LACC1,,0.0467529509017493,0.228603228729193,stable
LAIR1,,0.247281929324244,0.5955802561821,stable
LBX2-AS1,,0.465925200787556,0.804817530520656,stable
LCA5L,,0.307417142073782,0.662880074917958,stable
LCN12,,0.408847523006496,0.757983083646897,stable
LENG8-AS1,,0.158263176277392,0.471051635455282,stable
LEPREL1-AS1,,0.199606984353343,0.533915924887367,stable
LETM2,,0.405580551482296,0.755632584958247,stable
LFNG,,0.0326639867548965,0.183074082573065,stable
LHFPL2,,0.357677133347085,0.71198734260747,stable
LIF,,0.412665572067435,0.760280732306853,stable
LIFR-AS1,,0.30228837351939,0.658206818293735,stable
LIG1,,0.0236245758846355,0.146329131522107,stable
LIMK1,,0.136867779281117,0.433438273039474,stable
LIN54,,0.100032137176637,0.364795001446064,stable
LINC00174,,0.213942318423604,0.553253839731358,stable
LINC00482,,0.41512515505045,0.762292797776162,stable
LINC00865,,0.0833878051507975,0.327447844810087,stable
LINC00882,,0.274293426767639,0.628284726388755,stable
LINC00957,,0.193916162072664,0.526411540123528,stable
LINC00961,,0.112573462854723,0.390161046196806,stable
LINC00997,,0.215800582786156,0.555299699343343,stable
LINC01011,,0.203715684847327,0.539047506294205,stable
LINC01018,,0.365773968302936,0.720977999029435,stable
LINC01024,,0.445739611419723,0.786818918410786,stable
LINC01123,,0.117345254171481,0.398120562584562,stable
LINC02210-CRHR1,,0.0667052236244112,0.285405899049634,stable
LINC02696,,0.21792462392489,0.558084755108241,stable
LINC02950,,0.236190071979496,0.581929471280079,stable
LINC02975,,0.230456202029189,0.575035030333702,stable
LINC02986,,0.60341057236686,0.904930785990982,stable
LINC03008,,0.340672429384399,0.697152854520539,stable
LIPE-AS1,,0.183271100054638,0.510409813672057,stable
LIPT2,,0.259851066993766,0.611800425232319,stable
LITATS1,,0.0983671870893603,0.360341996489726,stable
LOX,,0.22626007689871,0.569311416532867,stable
LPAR6,,0.212182175944341,0.551502215339917,stable
LPHN2,,0.118837157743391,0.401221767550293,stable
LPPR5,,0.133654386533951,0.429487604507017,stable
LRRC2,,0.113422653543034,0.391439445767942,stable
LRRC36,,0.231464711280923,0.576257562260286,stable
LRRC37A3,,0.337630853152728,0.694021902041912,stable
LRRC56,,0.248690489082422,0.597952899005415,stable
LRRC8D,,0.170277383431664,0.489219787682739,stable
LRRIQ3,,0.386577704361727,0.737584879227149,stable
LRRK2-DT,,0.276750303328856,0.630127757098773,stable
LSP1,,0.204071492987794,0.539176606197437,stable
LTBP1,,0.276031161154224,0.629515842154707,stable
LTC4S,,0.107848209105244,0.380362523976486,stable
LY6G5C,,0.0941572781533344,0.351766066059401,stable
LY6K,,0.077253633908294,0.313823940647418,stable
LY96,,0.155518338229785,0.467434513528619,stable
LYSMD1,,0.143429474045134,0.4461324441368,stable
MACROH2A2,,0.222981329733928,0.565151104015663,stable
MAF,,0.324547346359834,0.679462682436216,stable
MAG,,0.134756756885015,0.431079141047052,stable
MAILR,,0.170613704428855,0.489573221347023,stable
MAMSTR,,0.314547609185369,0.669166372203612,stable
MANEAL,,0.133979397252776,0.429859357485023,stable
MAP7D3,,0.0306075110837171,0.174526435964599,stable
MAPK8IP2,,0.439246604779788,0.783617994283148,stable
MARCKS,,0.203823837150307,0.539061571900768,stable
MARCKSL1,,0.383467360611723,0.735620323696956,stable
MAST3,,0.0442645317815601,0.220750185391659,stable
MATN2,,0.462710585518912,0.802505533472075,stable
MB21D1,,0.15082514545847,0.459886898998338,stable
MBLAC1,,0.365791899636877,0.720977999029435,stable
MCF2L-AS1,,0.0820309609851085,0.32423925108586,stable
MCM5,,0.0442604810720696,0.220750185391659,stable
MCM6,,0.426431579671638,0.771618125975342,stable
MCPH1-DT,,0.136389249326679,0.432819881560053,stable
MDK,,0.0224479428094669,0.14166425033708,stable
MDS2,,0.315776360156126,0.670380379740965,stable
MED18,,0.149871073518731,0.457777112117183,stable
MED4-AS1,,0.0572461919277788,0.260001928183156,stable
MERTK,,0.373372448577008,0.727729714894138,stable
MEST,,0.0232545714754278,0.145106626705273,stable
METTL21B,,0.215082306481925,0.554467955654851,stable
MFAP3L,,0.126702533258812,0.416683283980553,stable
MFSD4,,0.567959519322284,0.880722715234757,stable
MGC32805,,0.155135760684784,0.466893597442406,stable
MICA-AS1,,0.104829113932108,0.374508240436906,stable
MICAL3,,0.540013143885891,0.860925801469213,stable
MICALL1,,0.311128903514089,0.666763979468721,stable
MID2,,0.26171781818022,0.614083735612093,stable
MIR4453,,0.40775742350897,0.757741980081126,stable
MNDA,,0.334033606719354,0.690496363841475,stable
MOB3C,,0.0190561577765453,0.126599169924179,stable
MOCS2-DT,,0.223282541093072,0.565445573300541,stable
MON1A,,0.00702824586296845,0.0619269123480106,stable
MORN3,,0.309431578119078,0.664617802010948,stable
MORN4,,0.0661358870327841,0.283765869946383,stable
MPC1-DT,,0.334590344552418,0.691000569658517,stable
MRFAP1P1,,0.217743963331855,0.557774980672379,stable
MS4A6A,,0.124638486567174,0.41200735863995,stable
MSH5,,0.291996900556342,0.646716444474955,stable
MSMB,,0.0655657804886142,0.283178992900683,stable
MSR1,,0.0728679809453753,0.303384945189464,stable
MT1G,,0.29498682693521,0.649013493962564,stable
MTA1-DT,,0.439065703891312,0.783453399656714,stable
MTNAP1,,0.0792769662043458,0.318357961524942,stable
MTSS1L,,0.0664759307058047,0.284624089999214,stable
MUC3A,,0.0554246042170715,0.254320706437493,stable
MYCL,,0.151471711638939,0.460650594232937,stable
MYH15,,0.0590352197156679,0.264306991596929,stable
MYL11,,0.136503435115872,0.433069813354896,stable
MYLK,,0.115471621003578,0.394773214896026,stable
MYLK-AS1,,0.301590325286731,0.657461669342821,stable
MYOM2,,0.181778864494992,0.508765437803439,stable
N4BP3,,0.570700407196676,0.881952184269553,stable
NACA2,,0.239436126908379,0.586641672110272,stable
NAMPT-AS1,,0.652150102752519,0.934649402443712,stable
NANOS1,,0.154312569445945,0.465642273242961,stable
NAPA-AS1,,0.159899864239527,0.4732256309923,stable
NBPF8,,0.16480862575546,0.480070316638591,stable
NCMAP-DT,,0.112520398323333,0.390087733722184,stable
NDRG2,,0.0171782320454688,0.116984238731928,stable
NDUFB2-AS1,,0.268004779639192,0.620942082317947,stable
NEBL-AS1,,0.197578421114995,0.530580051306636,stable
NEDD4,,0.351456293525139,0.706767657379084,stable
NEIL2,,0.266154953029164,0.619344779508597,stable
NEU3,,0.379479771744525,0.73293738818219,stable
NEURL2,,0.379913763256719,0.733196375442079,stable
NHERF1,,0.0493629669002305,0.236169435377071,stable
NHSL2,,0.143686390218173,0.446585922712166,stable
NICOL1,,0.0377112097477719,0.200514061747179,stable
NKX2-1-AS1,,0.116861707627962,0.397141371710929,stable
NKX3-1,,0.267997299790554,0.620942082317947,stable
NLGN2,,0.255116515569032,0.604714381179431,stable
NMU,,0.0217499811389804,0.138547039834756,stable
NNAT,,0.179731264626306,0.505996079869175,stable
NOX4,,0.262088815176107,0.614220413480201,stable
NPM2,,0.47001018453812,0.807505902430637,stable
NPM3,,0.203730323877555,0.539047506294205,stable
NRGN,,0.492643176852394,0.826505039941732,stable
NRL,,0.202377923645895,0.53756361117936,stable
NUDT13,,0.252337782240134,0.601516585433579,stable
OAZ3,,0.165000403255115,0.480070316638591,stable
ODAD3,,0.452282458588739,0.793933437237528,stable
OPLAH,,0.0626826535006416,0.274438666329456,stable
ORAI3,,0.0112222914621351,0.0862775414044903,stable
ORC5,,0.00756717269211825,0.0653256490031451,stable
OSCAR,,0.127290238425442,0.417838724926467,stable
OSMR-DT,,0.307246610542862,0.662755456922204,stable
PAIP2B,,0.0854774440950511,0.330866458713713,stable
PALM,,0.0934733122831772,0.3508492688359,stable
PAPOLA-DT,,0.157945262373711,0.470504436840369,stable
PARK2,,0.157957266677556,0.470504436840369,stable
PARM1,,0.178442519899965,0.503850473246435,stable
PARVB,,0.0660132274426459,0.283765869946383,stable
PC,,0.271384035900162,0.624609041315192,stable
PCDH17,,0.246439480516148,0.59464898330644,stable
PCDH20,,0.200232988676902,0.535473212335693,stable
PCDHAC1,,0.236556627842649,0.582058820198981,stable
PCDHAC2,,0.258495010470131,0.609766605483302,stable
PCDHB2,,0.185685909712036,0.513028488858718,stable
PCDHGB5,,0.195335557085956,0.527497521135472,stable
PCDP1,,0.0107370359048899,0.0833859764303524,stable
PCSK2,,0.181778520509977,0.508765437803439,stable
PDCD6IP-DT,,0.244985815764575,0.592697164282325,stable
PDCL,,0.0131448803973182,0.0962173760340229,stable
PDE4DIPP6,,0.523440455427002,0.847263788021673,stable
PEG3,,0.508400270529874,0.83733291659353,stable
PGLS-DT,,0.174959771222273,0.497142780897505,stable
PHF19,,0.545279851957823,0.86542468324233,stable
PHF23,,0.00689491660978512,0.0609865851215726,stable
PHGDH,,0.519583649977456,0.845076233206479,stable
PIGB,,0.0120867534569354,0.090643235740846,stable
PIK3R2,,0.457022005507274,0.797521341230681,stable
PIP4K2A,,0.396916397469988,0.74713521175564,stable
PITPNM1,,0.0161112311546415,0.111519643054551,stable
PKIA,,0.0686719086137857,0.290868125743214,stable
PKN3,,0.277915872924966,0.6310744047697,stable
PLEK,,0.276476714739966,0.630127757098773,stable
PLEK2,,0.215317194401715,0.554467955654851,stable
PLK1,,0.195966040991353,0.528341917277584,stable
PLK4,,0.359198403691943,0.713725826841729,stable
PMEL,,0.488249247872857,0.823640610624647,stable
PNMA2,,0.370832161756871,0.725520541823942,stable
POC1A,,0.314932860297165,0.669469727306153,stable
POT1-AS1,,0.367174342213561,0.722294682848178,stable
POU2F3,,0.534765058307086,0.856253498783612,stable
PPARG,,0.382406863073217,0.735092776671719,stable
PPIL1,,0.0118455084952131,0.0894928898921413,stable
PPM1D,,0.00880710838699286,0.0728403876336946,stable
PPM1H,,0.0676877783460965,0.288599721835606,stable
PPM1N,,0.412524312731969,0.760280732306853,stable
PPP1R18,,0.214773506890313,0.554347835352025,stable
PRADC1,,0.0279319310748983,0.164059074874861,stable
PRAF2,,0.0192184192915576,0.126987004010811,stable
PRC1,,0.221726993288046,0.563139573229395,stable
PRDM6,,0.260725100238532,0.612668901444793,stable
PRICKLE2-AS1,,0.31057951014059,0.666025642789873,stable
PRKAA2,,0.111042359652765,0.38751588660998,stable
PRKX,,0.291657864489813,0.646225436926495,stable
PRNCR1,,0.232954191290453,0.577895875257835,stable
PROCR,,0.11011279959945,0.386010571351787,stable
PROM2,,0.303456744616706,0.658892394373621,stable
PRRG1,,0.290335952229141,0.645050287177211,stable
PRTFDC1,,0.292696895202825,0.647021589696703,stable
PRUNE,,0.0180719554729125,0.121714371185059,stable
PSAT1,,0.189543968632713,0.519461040263719,stable
PSD,,0.338641246141355,0.69464009838295,stable
PSD3,,0.379854848153738,0.733196375442079,stable
PTGDS,,0.0590496068431949,0.264306991596929,stable
PTGER4,,0.172402722441404,0.492165081532865,stable
PTPRC,,0.0642926656207269,0.279759745998947,stable
PTPRN2,,0.12360877545719,0.410261653866059,stable
PTTG1,,0.372732154431469,0.727375136617221,stable
PVRL1,,0.0828413824794252,0.326420659835248,stable
PYCR1,,0.300902481215764,0.656241200781714,stable
QPCTL,,0.421948734682649,0.767888792301957,stable
RAB11B-AS1,,0.00971785565549511,0.077754908176387,stable
RAB36,,0.243910235106616,0.591579109909381,stable
RAB3A,,0.22119362110211,0.562733033273311,stable
RAB6B,,0.171393931971493,0.490775222398579,stable
RACGAP1,,0.107316030533055,0.379415777883854,stable
RAD51B,,0.101874689939239,0.368327775751926,stable
RAMP3,,0.183311426974452,0.510409813672057,stable
RAP2C-AS1,,0.109910214683441,0.385521510556781,stable
RARB,,0.102304354613671,0.369117010270814,stable
RASAL2-AS1,,0.40660981925548,0.756529441488431,stable
RASGEF1A,,0.127293145584601,0.417838724926467,stable
RASSF1-AS1,,0.243032929941215,0.590789857636642,stable
RAVER2,,0.10157353622702,0.367959933438637,stable
RBM4B,,0.0144401077903831,0.102589901880415,stable
RCN3,,0.419858088127601,0.766181779200753,stable
RCSD1,,0.211615181115252,0.550767949366723,stable
RELL2,,0.275986147531062,0.629515842154707,stable
RETN,,0.13714673358269,0.433984382944552,stable
RFC4,,0.157965058605381,0.470504436840369,stable
RGMA,,0.407057453694098,0.757016630755615,stable
RGMB-AS1,,0.370779150849272,0.725520541823942,stable
RGS1,,0.0836572863282689,0.32776495771691,stable
RGS10,,0.0622373202724064,0.273366978646626,stable
RGS19,,0.130748040086976,0.422972148224224,stable
RIBC1,,0.177229972052055,0.501843682734381,stable
RIMS2,,0.347822183327978,0.70265714245599,stable
RIMS3,,0.152537633317901,0.462684870887846,stable
RMI1,,0.0468131684912937,0.228806146196551,stable
RMI2,,0.259855023544355,0.611800425232319,stable
RNASEH1-DT,,0.00596737389429072,0.0545588470335151,stable
RNASEH2A,,0.07138184131712,0.299012013950079,stable
RNF2,,0.0181251912599877,0.121938545934006,stable
RNF208,,0.173367542195936,0.493881341366377,stable
RNF32,,0.250149939534591,0.600202090584561,stable
RNF32-DT,,0.011870163646812,0.0896237680164485,stable
RNLS,,0.0761040469390532,0.311135742402337,stable
RNU12,,0.373911061065927,0.728048552161498,stable
ROM1,,0.481132191096175,0.816515327496827,stable
RPA2,,0.00587478896275065,0.0539139791896877,stable
RPP40,,0.405802762847744,0.75578846171226,stable
RRAD,,0.00802739596317725,0.0681444416648056,stable
RSPH4A,,0.354072168096242,0.709079405554827,stable
RSPH9,,0.318164237775798,0.673344813464571,stable
RTN4IP1,,0.213006027824716,0.552516269486505,stable
RTP4,,0.0353348808259388,0.192398032613041,stable
RTTN,,0.0727439075237538,0.303074821257794,stable
S100P,,0.213746337523168,0.553211391816038,stable
SACS,,0.219531205897898,0.560377988035414,stable
SAMD10,,0.0849011614822301,0.33020419915965,stable
SAXO4,,0.234006534755086,0.579282276396552,stable
SCIN,,0.236313636733828,0.581929471280079,stable
SCIRT,,0.400871049777974,0.751390169992175,stable
SCUBE3-AS1,,0.601170858561454,0.903583229302158,stable
SDSL,,0.336453018291581,0.693213367095437,stable
SEMA3A,,0.222258409152696,0.564137623231427,stable
SEMA7A,,0.194013213948511,0.526503043225174,stable
SEPHS2,,0.00578364963128408,0.0533938470448758,stable
SERF1A,,0.482072321475498,0.817203169840034,stable
SERHL2,,0.377542556174755,0.731492675734466,stable
SERPINB9,,0.3420504205723,0.698513712511942,stable
SESN2,,0.03440293130432,0.189084138206923,stable
SH2D3C,,0.141272028499378,0.442230288444661,stable
SH3BGR,,0.0872206868922841,0.335182989720693,stable
SH3BP4,,0.0818655485122667,0.323859050166326,stable
SHF,,0.565837562421779,0.879440351308815,stable
SHPK,,0.0373883611818683,0.199578745452907,stable
SLA,,0.254890325609416,0.604714381179431,stable
SLC16A12,,0.201785153019048,0.537040972249102,stable
SLC16A2,,0.497991564661498,0.830223897932825,stable
SLC16A7,,0.0648687208112383,0.281090125202615,stable
SLC18B1,,0.20371932888033,0.539047506294205,stable
SLC1A4,,0.434140367471828,0.778193713956322,stable
SLC22A15,,0.207764029369726,0.543654594071649,stable
SLC25A15,,0.191448307822287,0.522497011569465,stable
SLC25A32,,0.00251379374487593,0.0286647525535106,stable
SLC25A53,,0.0340637269905697,0.187988712746151,stable
SLC27A6,,0.167100544325367,0.483693358710228,stable
SLC2A1,,0.684044606436882,0.948045495361048,stable
SLC2A10,,0.538030519582252,0.858937582783524,stable
SLC2A13,,0.1842226936652,0.511390763955753,stable
SLC30A1,,0.339770786452026,0.69590590900182,stable
SLC36A1,,0.188949741447623,0.519155234761912,stable
SLC38A4-AS1,,0.641416325588324,0.927122284970045,stable
SLC66A1LP,,0.0779213114680113,0.315400699134096,stable
SLC9A7,,0.370471168209886,0.72527983076817,stable
SLCO2A1,,0.304319856268648,0.659711423097837,stable
SLFN13,,0.129749297271752,0.420927656541904,stable
SLX1A,,0.44033925320027,0.784651170717216,stable
SLX1B,,0.766958892914802,0.981415985828635,stable
SMIM1,,0.00128664174769411,0.0174948929074669,stable
SMIM10,,0.237628619097433,0.583521944525317,stable
SMTNL2,,0.503879995555176,0.834369715248286,stable
SNAI1,,0.268325937691555,0.621475197700614,stable
SNX10,,0.119582042236936,0.402469957132244,stable
SNX15,,0.417047786874455,0.764431271068126,stable
SORD,,0.220312595673911,0.561329212600085,stable
SOX12,,0.0499247952493465,0.237833475108344,stable
SOX6,,0.127492515086935,0.418268449340102,stable
SOX9,,0.156910471635262,0.469714173670811,stable
SP5,,0.215289140048657,0.554467955654851,stable
SPATA2,,0.058884327391473,0.263953801992434,stable
SPATC1L,,0.033025263535265,0.18431975674804,stable
SPRYD4,,0.0057892653447776,0.0533938470448758,stable
SPTSSB,,0.306114537124093,0.661488394688651,stable
ST3GAL3,,0.0277998653948421,0.163692463673675,stable
ST6GALNAC3,,0.0322934763797321,0.181337635223861,stable
ST7-AS1,,0.184926337593672,0.511804979788612,stable
ST8SIA4,,0.160521396878492,0.474161840392802,stable
STAT4,,0.23667692997277,0.582120481285138,stable
STEAP3,,0.0916761350727306,0.345879344175635,stable
STK31,,0.384722378567031,0.736282815062466,stable
STOML1,,0.0234336356387212,0.145795567559872,stable
STYK1,,0.438414676517818,0.783002722086523,stable
SUSD1,,0.105909344728952,0.376238253405031,stable
SUV39H1,,0.128291960867687,0.419182961368106,stable
SYT15-AS1,,0.337866847400438,0.694021902041912,stable
SYT7,,0.260177318456594,0.612134811279885,stable
TACC3,,0.260523079065499,0.612429638172436,stable
TAF5,,0.0726207625152194,0.302834640232963,stable
TAF9B,,0.042324148528151,0.215496943313303,stable
TBX1,,0.375862851825033,0.729944405297017,stable
TBX19,,0.353595699837689,0.708827338990609,stable
TCEAL2,,0.395275409030543,0.746115904877913,stable
TDRD6,,0.345544056161458,0.70118385253574,stable
TDRD9,,0.0413579488397788,0.212688080192451,stable
TEN1,,0.384564598971829,0.736282815062466,stable
TESK2,,0.140408719199141,0.440243791341476,stable
TFF3,,0.0256331148361779,0.154506506783747,stable
TFIP11-DT,,0.307890512699646,0.663198877046779,stable
TGM2,,0.201708074973894,0.537040972249102,stable
THAP8,,0.0452250226242738,0.223456215262378,stable
TICAM2,,0.218901070777022,0.55968347399672,stable
TIMM8A,,0.0714531527389855,0.299022026388688,stable
TIPARP-AS1,,0.0934813537793296,0.3508492688359,stable
TLR2,,0.172479402060966,0.492238497855405,stable
TMC8,,0.357360617196111,0.711790997673478,stable
TMEM108,,0.24170024602712,0.588671808614369,stable
TMEM110,,0.178603948692465,0.503866759477657,stable
TMEM167B-DT,,0.371708752569311,0.726654052679876,stable
TMEM198,,0.313064454371664,0.667987413202867,stable
TMEM232,,0.275651104294283,0.629471156154178,stable
TMEM241,,0.18015648260688,0.506493294247127,stable
TMEM255A,,0.204176088848817,0.539176606197437,stable
TMEM256-PLSCR3,,0.256856660953839,0.606844960088853,stable
TMEM263-DT,,0.13513649874805,0.431689334457128,stable
TMEM38B,,0.23630991845222,0.581929471280079,stable
TMEM45A,,0.0882579660570909,0.337679235361818,stable
TMEM55A,,0.0417593452498659,0.214198622735317,stable
TMEM79,,0.100221356040782,0.3652671008475,stable
TMSB15C,,0.312757940246671,0.667771327807451,stable
TMSB4Y,,0.690213735013478,0.951203235265474,stable
TNFRSF10C,,0.103654793621007,0.372012976283965,stable
TNFRSF10D,,0.387299850423088,0.737797314054397,stable
TNFRSF1B,,0.611977594432507,0.910739483119427,stable
TNIK,,0.147038979296001,0.452974920089294,stable
TNIP3,,0.310673937760786,0.666025642789873,stable
TOE1,,0.101669830598565,0.368022507917339,stable
TOLLIP-DT,,0.106060654264545,0.376666309625159,stable
TOMM40L,,0.0909884089755857,0.34433780935572,stable
TPD52L1,,0.298467217895398,0.65395151958363,stable
TRABD-AS1,,0.13516419366689,0.431689334457128,stable
TRAF5,,0.503042558141473,0.833675736269166,stable
TREM1,,0.134853291505557,0.431079141047052,stable
TRIM17,,0.0708092723366969,0.297243319039761,stable
TRIM2,,0.283086385584122,0.637635521905345,stable
TRIM29,,0.129399376568908,0.420150040511716,stable
TRIM34,,0.180923560230804,0.507695627214664,stable
TRIM7-AS2,,0.319956291851836,0.675738021517628,stable
TRMT10A,,0.018513820234196,0.123990175802583,stable
TRMT12,,0.181382233756593,0.508302711013431,stable
TRMT5,,0.0288571510638252,0.167816277166603,stable
TSPAN8,,0.0757016552963019,0.310192929899626,stable
TSPYL5,,0.0754686490426294,0.309573411374866,stable
TTC23L-AS1,,0.283615929621735,0.638274188019152,stable
TTC40,,0.261392629699044,0.613883478470916,stable
TTC6,,0.222658107694746,0.564800313023568,stable
TTC7B,,0.297263499210566,0.65202745636999,stable
TTLL11,,0.168097510970838,0.485103878156042,stable
TXNDC11-AS1,,0.300229454742912,0.655709282611641,stable
TYRO3,,0.194403895249342,0.526634753906675,stable
UBA6-DT,,0.0500668819664845,0.238083196062677,stable
UBAP1L,,0.353592380951508,0.708827338990609,stable
UBD,,0.184536489068019,0.511793812469186,stable
UFSP1,,0.409490441572236,0.757983083646897,stable
UGDH,,0.00477596512181493,0.046597778587149,stable
UGT8,,0.285238394518115,0.639293542516796,stable
UQCRHL,,0.437254985587183,0.781662027466763,stable
USP30-AS1,,0.298752145923874,0.654118973987719,stable
USP6,,0.35490816059321,0.709465163066519,stable
UST,,0.138999704581609,0.437920718764326,stable
UTP15,,0.0235453515967337,0.146100699451001,stable
VASH2,,0.184553920595891,0.511793812469186,stable
VASN,,0.0317271948801489,0.179055046267285,stable
VCAN,,0.215004446208954,0.554467955654851,stable
VILL,,0.0611915265714452,0.270836249127861,stable
VMAC,,0.051703161604604,0.243074077019697,stable
VPS33B,,0.0797320018165509,0.319450668700596,stable
VPS37D,,0.280780130965979,0.634780159224732,stable
VRK1,,0.151108111185095,0.460405172264855,stable
VWDE,,0.390412049619212,0.741285631336633,stable
WDHD1,,0.0428083399421582,0.216828160680807,stable
WDR17,,0.12397068926032,0.41068230501847,stable
WDR4,,0.12581407542742,0.414542118065978,stable
WDR96,,0.0611499164360898,0.270832093664769,stable
XKR6,,0.206147852270359,0.54204158876164,stable
XPC-AS1,,0.420171273593346,0.766478682048211,stable
XXbac-BPG27H4.8,,0.380547331243843,0.73402483456297,stable
Y-RNA,,0.269507210758126,0.622652833926919,stable
YEATS4,,0.0108664635496224,0.0841772182703321,stable
YJEFN3,,0.277676619634645,0.6310744047697,stable
YTHDF3-DT,,0.068081047131033,0.289590885925882,stable
ZBTB39,,0.213183049786832,0.552576251186224,stable
ZC2HC1C,,0.136366788746149,0.432819881560053,stable
ZDHHC1,,0.068519324965752,0.290322436180711,stable
ZDHHC14,,0.313978867319342,0.668900171034524,stable
ZEB1-AS1,,0.144130833951126,0.447013009862216,stable
ZFAND2A-DT,,0.455612208414118,0.796653359412699,stable
ZFP28-DT,,0.260372184165689,0.612192648440351,stable
ZFP69,,0.374796034380924,0.728958906009931,stable
ZHX1-C8ORF76,,0.547322244914662,0.867059851066264,stable
ZIK1,,0.353298614749936,0.708809805088296,stable
ZMYND10,,0.0785685091002402,0.317180137133863,stable
ZMYND12,,0.330322370971833,0.685777965821958,stable
ZNF17,,0.22047265103293,0.561470351297195,stable
ZNF2,,0.242107703016967,0.589194617097235,stable
ZNF202,,0.285328906673749,0.639293542516796,stable
ZNF214,,0.371242517765063,0.726207159091076,stable
ZNF22-AS1,,0.447953716739937,0.788336630208608,stable
ZNF222,,0.373390115495421,0.727729714894138,stable
ZNF239,,0.366474227589297,0.721497980037295,stable
ZNF256,,0.378323823334776,0.731631740091267,stable
ZNF273,,0.235325521674134,0.580461132569056,stable
ZNF283,,0.274721231273935,0.628757223570975,stable
ZNF304,,0.0738612474418678,0.305957264903217,stable
ZNF346,,0.0480753891203245,0.232364037917646,stable
ZNF385A,,0.223151461824965,0.565230723031158,stable
ZNF416,,0.10738118288805,0.379415777883854,stable
ZNF418,,0.522262736341551,0.846478346465011,stable
ZNF425,,0.142136182276819,0.444139236235131,stable
ZNF45,,0.13697529987996,0.433666424691176,stable
ZNF48,,0.0560346950483725,0.256542364146557,stable
ZNF486,,0.217623730348487,0.557583835627731,stable
ZNF517,,0.333255586761516,0.689492092419755,stable
ZNF519,,0.262538331277675,0.614716463384426,stable
ZNF540,,0.146119405275802,0.451165347333014,stable
ZNF563,,0.142518660091797,0.44476591803986,stable
ZNF569,,0.120571073213108,0.404552323540141,stable
ZNF57,,0.243743550091989,0.591409518921095,stable
ZNF570,,0.114791382811747,0.393735336288327,stable
ZNF577,,0.105311940748907,0.374987813491009,stable
ZNF582-DT,,0.103840084898457,0.372131690940705,stable
ZNF594-DT,,0.12712117795558,0.417610663619729,stable
ZNF625,,0.36434497812199,0.719333511031735,stable
ZNF658,,0.0828595829489329,0.326420659835248,stable
ZNF689,,0.103211701269706,0.371294831171537,stable
ZNF691,,0.0881125401117677,0.33732780780653,stable
ZNF713,,0.278539184099474,0.631817217745773,stable
ZNF718,,0.0834530581114964,0.327489625154071,stable
ZNF726,,0.224900099977107,0.567660297774138,stable
ZNF74,,0.146095229069148,0.451165347333014,stable
ZNF750,,0.329373344234193,0.684413562689577,stable
ZNF764,,0.307250914134336,0.662755456922204,stable
ZNF772,,0.152863820360531,0.463082321003575,stable
ZNF79,,0.460353991226419,0.80025130670531,stable
ZNF790,,0.183342076942852,0.510409813672057,stable
ZNF805,,0.19538873408693,0.527497521135472,stable
ZNF852,,0.121818319941647,0.406859875127513,stable
ZNF90,,0.0223271464953957,0.141120495739254,stable
ZNRF2,,0.00186316404454391,0.0228438488269857,stable
ZNRF3,,0.0944062388098089,0.352265526010716,stable
ZP3,,0.233021005329341,0.577895875257835,stable
ZRANB3,,0.229943525713706,0.574341981676409,stable
ZSCAN16,,0.0255054322604755,0.153812730119414,stable
ZSCAN2,,0.0969964753360692,0.357780601843123,stable
ZSCAN21,,0.0690514870861662,0.292172162734959,stable
ZSCAN22,,0.48001397675038,0.815630123422706,stable
ZSCAN25,,0.0447663318256004,0.221991800571041,stable
ZSWIM3,,0.20339411874755,0.538834423708619,stable
ZWILCH,,0.217090542598899,0.556918109701772,stable
ZXDA,,0.319646981233529,0.675430371408585,stable
MALAT1,2.00127077652828,8.08162978232732e-89,9.87898424591691e-85,up
GOLGA8B,1.51108135592185,1.03898747329914e-28,6.04789660648034e-26,up
WSB1,1.43447773188573,4.29443578060148e-32,3.08795194012191e-29,up
NEAT1,1.43198087684149,8.78719783689034e-43,1.19349673731275e-39,up
COL4A3,1.38800363972214,3.80551779831255e-28,2.11448407120785e-25,up
ANKRD29,1.3777509721335,6.56935485526541e-34,5.01898710942277e-31,up
DENND3,1.23157168039499,9.75944275673497e-22,2.90974215264215e-19,up
GOLGA8A,1.18740151297173,6.32166631445009e-21,1.79711741925204e-18,up
DST,1.1757142943678,2.93978969916727e-25,1.33096256602299e-22,up
RTKN2,1.15655186072824,3.16722386753185e-16,5.77852903831483e-14,up
NKTR,1.12527208325178,2.12291966690566e-20,5.76679333516774e-18,up
RNF213,1.11595450049016,1.00190553094584e-18,2.18701664469321e-16,up
DDX17,1.11028900391281,3.38540102360223e-20,8.99633524185078e-18,up
INADL,1.08716511887971,5.23196613956463e-19,1.19151819201591e-16,up
LUC7L3,1.06731111569539,1.61993926906085e-18,3.47405923245612e-16,up
PNISR,1.03655132354632,3.38688192526783e-16,6.08841833154029e-14,up
EPB41L5,1.01848100140793,1.81319245969571e-15,2.91637692464741e-13,up
VEGFA,1.00001534712062,1.72828749483185e-15,2.81687817824327e-13,up
KCNQ1OT1,0.961304266205999,5.96901634612286e-16,1.02767965936628e-13,up
NCKAP5,0.953322092254719,4.58065570017408e-13,5.33275574085029e-11,up
SON,0.936962104694685,6.33730630323462e-16,1.07593378126028e-13,up
CENATAC,0.935312031086819,1.98361921044724e-19,4.8495522457014e-17,up
N4BP2L2,0.911559510850224,1.0338365438016e-13,1.30284720736399e-11,up
CFLAR,0.906348687786176,5.65257397780928e-15,8.2258409886596e-13,up
DAPK2,0.906213254448158,1.20914998955091e-12,1.31500263801726e-10,up
SCAI,0.904988708021911,5.04309809983269e-14,6.77437705190711e-12,up
MLLT4,0.898828591578729,6.46323136908692e-12,6.58387835464321e-10,up
SFTPC,0.867539453865644,5.27380234302342e-06,0.000173765390407327,up
ZNF431,0.86414976841524,6.53844233314047e-12,6.60544785787678e-10,up
LAMA5,0.860150941365036,1.0997285481709e-11,1.07544654182729e-09,up
LAMA3,0.837398810194187,1.11165212625499e-10,9.91885809586935e-09,up
SYNE1,0.83124181043993,3.78968157900616e-11,3.53626470395201e-09,up
ZRANB2,0.830075461744299,7.1939530840626e-14,9.45579381715927e-12,up
SRSF11,0.822303924604752,3.13514957728851e-10,2.62493619402567e-08,up
ARAP2,0.81039464321435,3.64796048108765e-12,3.84419559662201e-10,up
SRRM2,0.800980752576231,2.66392180394801e-09,1.80909889619225e-07,up
NBEAL2,0.787077115207752,7.68918247309608e-10,5.9867876784157e-08,up
ATP11A,0.782798946410978,2.51988576012447e-09,1.73051031077312e-07,up
PARP14,0.775985923590768,4.45935629250727e-09,2.88418895870946e-07,up
TAF1D,0.760541552519309,8.07428354675926e-10,6.2468381060497e-08,up
HNRNPH1,0.759642003936391,3.31252632863954e-10,2.75457971709454e-08,up
GLS,0.759048571127145,3.0661491530024e-09,2.05937402452205e-07,up
ATHL1,0.758105867638359,8.23341614957204e-09,5.187900980019e-07,up
UTRN,0.74672706843744,2.42189696468586e-08,1.37698923238698e-06,up
SLC25A36,0.746058139180213,1.17438128282566e-09,8.86150419830918e-08,up
AHI1,0.726608996074607,5.9877577676839e-13,6.77725471779334e-11,up
DDX5,0.714945076703986,2.63963393030654e-15,4.13678014923938e-13,up
ARHGEF26,0.704611683094606,1.65745940932856e-07,8.23609098359036e-06,up
NEDD9,0.703969887475858,2.70619767270995e-07,1.27724171240179e-05,up
POLR2J3,0.696580473078867,1.88946496429714e-10,1.62653660025129e-08,up
PNN,0.688421904053824,1.34420774604827e-08,8.13445321172974e-07,up
COL4A4,0.686732824924104,1.07470034329565e-09,8.21071062277877e-08,up
SPTBN1,0.686110246960829,5.93975729507662e-10,4.71477877759848e-08,up
SLC25A37,0.681041195114114,1.25920025935352e-09,9.44322942965485e-08,up
TCF25,0.67766006059738,8.7022042970201e-08,4.52662746071378e-06,up
MACF1,0.67625610972905,3.95686371271115e-07,1.76528109577303e-05,up
LENG8,0.673905104117782,2.85447295592544e-09,1.92779433222279e-07,up
CCNL2,0.666572204661565,4.40267674825643e-09,2.86267662610035e-07,up
KMT2C,0.664287277719571,2.51628100520816e-08,1.42402865776225e-06,up
COL12A1,0.659234215834158,3.74217679041931e-07,1.68798409911755e-05,up
HDAC7,0.656027555336531,8.38427405105827e-09,5.25586492308391e-07,up
FARP1,0.649635256816064,2.13693678539397e-07,1.03658393907365e-05,up
MBNL1,0.647704586694497,1.52924270942569e-06,5.97235235783374e-05,up
ATP13A4,0.64407072382726,7.93092982078739e-07,3.26423185620556e-05,up
NPEPPS,0.641854925651964,5.75222141296968e-08,3.0571806327018e-06,up
RBM39,0.639421205802111,1.3373825998557e-06,5.27360158085033e-05,up
SAT1,0.638548382459114,2.046938613069e-07,1.00087110424622e-05,up
MYO6,0.636846041022788,8.60152387310892e-07,3.5165561145446e-05,up
SREK1,0.6323755617153,1.66306510053031e-09,1.21007784457634e-07,up
PTPN1,0.629172813792499,3.33599870309377e-06,0.000118544326007611,up
PKDCC,0.624893301249134,1.9035233190213e-07,9.382527843434e-06,up
WWC2,0.62452017003941,2.61475132858997e-06,9.65641094884707e-05,up
FNBP4,0.621038661414264,1.30167521467534e-08,7.9162576239758e-07,up
ITGA3,0.608619948055876,1.02563345788401e-05,0.000305044851318104,up
UBR2,0.605722115637956,1.70368610181232e-09,1.23229934370141e-07,up
MGEA5,0.60455771795327,5.80826049577978e-07,2.46528389931986e-05,up
NUPL1,0.60414789294053,9.95981157488785e-08,5.07286402880955e-06,up
ARHGEF2,0.602435979867285,3.70075221352382e-07,1.67548129844871e-05,up
CTNND1,0.601686633734735,2.92183271110927e-06,0.000106616367345074,up
RANBP17,0.599341158765641,4.17049705349863e-09,2.74086860118103e-07,up
AGO3,0.598811864474115,1.95762515020052e-09,1.39127964163088e-07,up
AKAP13,0.592857972470445,1.65701745264646e-05,0.000455177108789896,up
SEMA3B,0.591955003594868,1.69655556406323e-05,0.000462917303908681,up
ZNF493,0.590239676117347,3.18900795764228e-08,1.77192878519178e-06,up
SRSF10,0.583483417882322,2.88656985667207e-06,0.000105644999784309,up
SCGB1A1,0.580026854528114,3.8795791388329e-08,2.14588123950649e-06,up
CD46,0.580019820055003,2.37357255390789e-05,0.000619969036302778,up
COL4A1,0.572598367115265,2.49135317943307e-05,0.000645021792014599,up
NEBL,0.568893086556703,1.47380516555684e-05,0.000409392098472715,up
SF3B1,0.565434593845504,3.03979085080626e-06,0.000110188621635876,up
SHROOM3,0.563133367871002,2.17744372974206e-05,0.00057737683627694,up
SFTPA1,0.562687077182438,5.75658149799214e-05,0.00128879949141861,up
NAV2,0.562589786646548,1.3112343668704e-06,5.18722618143162e-05,up
QKI,0.562124753029285,4.41713711324582e-05,0.00103438858376086,up
THOC2,0.558308007782224,1.48528533064093e-05,0.000409844873177309,up
PHACTR1,0.556932388872186,1.04771218475183e-06,4.21290583763367e-05,up
C1orf63,0.554537140198382,6.2038010813418e-06,0.000200093045958634,up
LRRFIP1,0.552162339105449,6.94217951435383e-05,0.00151267740433977,up
ARGLU1,0.547021332740107,4.59258379082659e-06,0.000155082166461503,up
MAGI3,0.546584933547962,3.14745159006523e-05,0.000780414771540716,up
POGZ,0.545402672577256,4.29078778850731e-08,2.33113733007615e-06,up
HNRNPDL,0.544381142493022,4.77043301270557e-07,2.07522324367661e-05,up
TOM1L2,0.542702154359014,2.13103212740337e-08,1.23458467892791e-06,up
VPS13A,0.542083450185968,4.47974592396642e-07,1.96979907102754e-05,up
RIC3,0.541528120023541,1.78883745189514e-08,1.05636468656841e-06,up
AKAP9,0.536177988137593,0.000136791233248206,0.00270135062233615,up
SYNE2,0.535435235843715,0.000167706876827542,0.00324374819990486,up
NKX2-1,0.535062513471187,4.11068634223849e-05,0.000977607584582164,up
UNC13D,0.533829974432019,0.000119068655838849,0.00241634824001266,up
SCEL,0.530547630002326,9.25048994477297e-05,0.00193626693638536,up
CELF1,0.529315520711348,2.37127839166493e-06,8.86437524761839e-05,up
CHD9,0.528695040623139,1.08488587567278e-05,0.000321884586024855,up
SFPQ,0.528234304919869,3.68190377846587e-05,0.000893007773570769,up
MYO9A,0.528121954230834,1.26707362426705e-05,0.000365299716581142,up
USP34,0.527470947373249,4.03675360636723e-06,0.000138610326079306,up
PLCG2,0.527159124812032,1.30297721746089e-09,9.71194725990363e-08,up
GATAD1,0.524776095485876,3.81960224744609e-07,1.7165741864993e-05,up
HOMER1,0.52250951920426,8.86928291675211e-08,4.57460398204126e-06,up
PRP4K,0.521548597211097,4.20037276545761e-06,0.000143422784036184,up
TACC1,0.520923507842192,1.42649741268596e-05,0.000402265577858509,up
PAWR,0.519923258311095,2.16117632292922e-06,8.15377141095271e-05,up
STARD9,0.519454244143819,2.15263025303041e-09,1.5036429836025e-07,up
ANKRD36,0.519197158029976,5.4584477333601e-11,5.01684699944315e-09,up
CREBZF,0.519079820471534,1.72403279190711e-07,8.53221734747873e-06,up
EPS8L2,0.517003752861803,6.95829990884782e-05,0.00151277128590415,up
TIA1,0.516550589011244,1.87147707668029e-06,7.12677127269155e-05,up
NEDD4L,0.515736173508246,0.000146971710539873,0.00286993960006295,up
SPAG9,0.514111786855905,8.54475744217624e-05,0.00181654112996804,up
DOCK4,0.512967812025445,6.40478776555532e-06,0.000206031909595127,up
BAZ2A,0.512431479780464,5.81635303449787e-06,0.000189093349717293,up
SNRNP70,0.511385521329399,1.7656785186786e-05,0.000478573264131425,up
SETD5-AS1,0.50939930897535,4.85090006856108e-07,2.10274476730818e-05,up
GCNT2,0.508937825109216,1.23296803414484e-06,4.89344196408652e-05,up
MPP3,0.507672267154529,1.98182673912502e-07,9.72925705183302e-06,up
TNRC6A,0.505280053638495,3.94737794138503e-07,1.76528109577303e-05,up
GSAP,0.499597938671509,3.04677307860978e-06,0.000110188621635876,up
TTLL7,0.496724214035475,2.49587129927115e-05,0.000645021792014599,up
KHDRBS2,0.49588595439199,2.42370487467231e-06,9.03273426463241e-05,up
BLTP1,0.49500698492543,3.91897714264423e-05,0.000943023161253603,up
EGFR,0.494321007870354,0.000286111811587912,0.0050345179212072,up
DAPK1,0.493911193701743,4.21857673910892e-05,0.000995518958665395,up
RB1CC1,0.49314566539314,6.73527415877958e-05,0.001480791210736,up
CPM,0.492583490425601,0.000901115038482105,0.0130413021248039,up
SESTD1,0.490875704352487,0.000428253533424451,0.00714184337323396,up
SLC38A2,0.490847323856024,7.54163749315005e-05,0.00163166330471268,up
NFAT5,0.489377132765485,2.76322528629926e-05,0.000695013701640373,up
ZCCHC11,0.485233621629454,2.24028364045418e-06,8.42622376028057e-05,up
IL6R,0.483903010657016,5.41048113268543e-05,0.00122704492330142,up
APBB2,0.482702020970054,4.06055983838635e-06,0.000139037208583851,up
FILIP1,0.480549121288441,2.39659047948214e-05,0.00062464652497206,up
NRBP2,0.479272677301313,1.66860459446374e-05,0.000457332344455713,up
UNC13B,0.478821727840685,2.15741185678807e-05,0.000573308750812552,up
PPP4R1,0.478596592444819,9.9765445961274e-05,0.00207051411108763,up
YEATS2,0.47449910620675,3.09269780236008e-08,1.73418063926833e-06,up
RBM25,0.471507915020209,0.000217385266734856,0.00400802036284597,up
ATP2B4,0.471486305331478,0.000281253913834322,0.00497125559669776,up
ATXN2,0.470959056028325,7.7763559339198e-05,0.00167355941789147,up
ATRX,0.470806142384557,5.58553269031336e-05,0.00125510205158806,up
ROR1,0.469294606546258,0.000197661042970504,0.00371666407022054,up
COBL,0.469093094516455,1.48029538223937e-05,0.000409392098472715,up
AGRN,0.468703487984877,5.00405817044441e-05,0.00115197000142208,up
WTIP,0.468422376950706,1.42820075908535e-05,0.000402265577858509,up
CYP4X1,0.466507390738241,1.89097766868381e-09,1.35972417776417e-07,up
NCOA7,0.466125983579197,0.0025673636466473,0.0291667780823574,up
ZFP36L1,0.461451996359959,0.00208740432273579,0.0247973084947738,up
TRIO,0.46141853288952,9.81957163250966e-08,5.0223616584016e-06,up
NUMB,0.460364857326903,3.65888007686203e-05,0.000889187873947545,up
EWSR1,0.460303038522592,9.23805989085828e-05,0.00193626693638536,up
NPNT,0.457075850771014,0.000673109727890715,0.0102851166421701,up
PHLDB2,0.456835760563848,1.39434182828453e-05,0.000396513839201362,up
PKN2,0.456093156556561,5.97729294192739e-05,0.00133090034466522,up
SFSWAP,0.454951188510578,1.68233060709299e-06,6.46692117644804e-05,up
MARK3,0.454872317009584,0.00010391568426883,0.00214210004131902,up
CCNL1,0.454546084314967,8.29213767102304e-05,0.00176898936981825,up
SESN1,0.45446563740227,9.94783137998853e-06,0.000298044830365147,up
TTC14,0.452609128741035,8.82252644590944e-08,4.56976963028801e-06,up
ODF2L,0.451586297932867,2.68797048466599e-05,0.000683113330656072,up
LMO7,0.450000298340769,2.6485565679578e-09,1.80871259702325e-07,up
STAT3,0.449670970447689,9.03736443552975e-05,0.00190470246310199,up
LPCAT1,0.448300517739162,0.00103641763935136,0.0146803814871739,up
RNPC3,0.447993565316729,3.60811339869152e-07,1.64573052931363e-05,up
BPTF,0.447549546912126,8.08024348428194e-06,0.000250692630334676,up
JADE1,0.447528628550837,0.000105195955799265,0.00216120229191633,up
DDX39B,0.446808803598163,1.43624846666459e-07,7.25483522996198e-06,up
GTF2I,0.44620917447192,0.00194861144884042,0.0235373778168234,up
TEAD1,0.445822347069191,0.000826239984281563,0.0121393720767522,up
ASH1L,0.44516334042409,4.26545648382098e-05,0.00100464239033194,up
ANKRD12,0.444779999006215,0.000775666905973391,0.0115471214398879,up
ZFP36,0.442300147869004,0.00549984431477247,0.051675708611667,stable
CYTH1,0.441565740640319,9.88631268129878e-06,0.000297660803488168,up
HTT,0.438663505453048,2.55482745285861e-05,0.000656096865204699,up
RBMS1,0.438346394337438,0.000587542451211833,0.00920244790436926,up
ACADL,0.438111925721075,4.32178436020939e-05,0.00101595176959999,up
ALDH3B1,0.437487779066425,0.00168650679343477,0.0214972461344595,up
ZNF83,0.434314482701524,8.74789304440556e-06,0.000266668939089311,up
RASSF4,0.433655427816235,3.81656933980912e-06,0.000132539044346099,up
AFF4,0.433532221952098,6.87038102150726e-05,0.00150238886595536,up
FUS,0.432512082349221,0.000618072259789237,0.00961236043723108,up
ENTREP1,0.431195366160414,0.000159731701099254,0.00310917247490012,up
USP54,0.431092178262206,0.000104744539746765,0.00215555093243175,up
CRY2,0.430290424568651,4.68344236569134e-05,0.00108841063646789,up
MLH3,0.430244511112481,3.06399751558236e-07,1.42955365001827e-05,up
CELF2,0.429735405463739,0.00123809972917235,0.0168912177337084,up
GK5,0.428354504369483,3.1747844756088e-05,0.00078559849048263,up
MYRF,0.424093713359793,0.00184468100018499,0.0227462603543755,up
LIMCH1,0.423078352294795,0.00089746846505582,0.0130200119581536,up
NIPBL,0.422435121349981,0.000118623747344097,0.00241634824001266,up
PEAK1,0.422119514670045,0.000421052247792079,0.00705060640686352,up
TARBP1,0.422048654183536,2.2179093913674e-07,1.06739072441241e-05,up
ZC3H7A,0.422019433644052,3.94509438511773e-05,0.000945584975758414,up
RBM6,0.421573457164549,1.33480181720571e-05,0.000381229378820622,up
SCAF11,0.421098443688799,0.00123658270493607,0.0168893709331156,up
DUOX1,0.420852007268354,0.00199587331749819,0.0239897300227117,up
ITGB6,0.420754709808436,0.00245138704193422,0.0281104645409042,up
PTPN21,0.420187635350579,0.00018371036564699,0.0034979369309483,up
BCO2,0.419785798537798,3.78735105112157e-09,2.50251779723838e-07,up
PPFIBP1,0.418219684178831,0.000843560394095769,0.0123345481548166,up
LMNTD2-AS1,0.417756973775699,9.30228837128627e-06,0.000282161719728544,up
NSD1,0.417543279927739,1.17224053719884e-05,0.000340367418686903,up
TACC2,0.417088719811702,0.0056721888920625,0.0529288832187573,stable
VPS13C,0.416840919068225,0.00159110558804738,0.0204733417982013,up
CUX1,0.416669299434698,0.0027197948685254,0.0305296349612989,up
IRX2,0.416555231893656,0.00541210446103989,0.0508904345628858,stable
ALS2CL,0.416380483023196,0.000709279870720889,0.0107172276139582,up
LMTK2,0.413670903189079,0.000206122014724556,0.0038364855457387,up
ZBTB20,0.411678949740528,3.75129570745545e-05,0.000906241872093584,up
VEZT,0.411248648388419,6.11519898040149e-05,0.00135666410773916,up
CCNT2,0.410137284342701,2.61501139666994e-05,0.000667346540978985,up
TOR1AIP2,0.409284452235818,0.00342011547791549,0.0365450101416424,up
DYNC1LI2,0.408926527582606,0.000533591237627436,0.00853745980203898,up
SMC5,0.40867235383314,6.33483188728952e-05,0.00139777951245897,up
PRRC2C,0.407371726616512,0.00141945433309337,0.018963289363643,up
NR2C1,0.407119870845199,1.12990707671575e-05,0.000333622804487278,up
FNDC3B,0.406580631304342,0.000935679634891751,0.013424586686522,up
NISCH,0.406161715311611,9.62948688622069e-06,0.000291363484398915,up
PRPF38B,0.406113053604024,0.000180018253292587,0.00343834863788841,up
ARHGEF1,0.405986774980221,0.000129407140611264,0.00257634020656693,up
PHIP,0.405883726078281,0.000462008302335226,0.00755025332586338,up
SLC7A6,0.405360629360103,4.79080479830383e-05,0.00110914389875883,up
N4BP1,0.404830747240167,0.00138434079668616,0.0185550240117232,up
BOD1L1,0.404799834029616,0.000123514046166156,0.00249147805335823,up
RAF1,0.403114623322029,4.84523145806707e-06,0.000161384494123738,up
CUTALP,0.402262536707691,7.98544222612796e-07,3.27563911987209e-05,up
STX7,0.401410267324865,0.00189626081422156,0.023133624943158,up
DGKD,0.400531881893025,1.4239177817462e-05,0.000402265577858509,up
ERICH1,0.39937638738573,1.68069943040035e-05,0.000459616774881742,up
DOCK5,0.398376527831907,0.000197934253085207,0.00371666407022054,up
TNRC18,0.396312813402023,4.05004952896509e-05,0.000965064433568602,up
POGK,0.396170521609999,0.000465422586585273,0.00759589545850251,up
PGS1,0.395905455878607,6.67202307911644e-06,0.000212947284906317,up
CASZ1,0.395358155765539,0.000134729366402362,0.00267359054367285,up
HYCC2,0.395045539111186,7.57313771482816e-06,0.000236762238941329,up
KIFC3,0.394105412951945,5.29654865387705e-05,0.00121018711672884,up
PCSK7,0.393069628022578,6.96736120716652e-05,0.00151277128590415,up
MYO1C,0.392319346430092,0.00800700990797469,0.0681125185212823,stable
GCC2,0.392074128618571,0.000546211433846122,0.00866003705231517,up
HERC2,0.389215434772026,2.72962928086378e-05,0.000689400585315679,up
GABRE,0.385705412035129,3.3864069546183e-05,0.000826868223355368,up
ENOSF1,0.385356216419468,2.94208454803109e-05,0.000733960030921063,up
RC3H1,0.384886482396942,4.36642957014992e-06,0.0001482200744385,up
ITSN2,0.384866760660427,0.000594395673585845,0.0092803505782861,up
IFNAR2,0.384808313503092,4.48953767758731e-05,0.00104933285986285,up
SPG7,0.384597820582551,0.000225332171535931,0.00412962588434067,up
CDK12,0.384472584137491,2.53296547910021e-05,0.000651852000347811,up
DOT1L,0.384217820881004,0.000192945343491183,0.00364538466589833,up
NHLRC3,0.384174378524636,1.63298407828869e-06,6.33701503904792e-05,up
RICTOR,0.383283100084876,0.000432356966562603,0.0071756582914417,up
ANKLE2,0.382372432430953,0.000755213759866488,0.0113133982850588,up
ZNF326,0.382179556388863,2.73977810744614e-05,0.00069053706361694,up
EMP2,0.382021119569841,3.50382677515378e-06,0.000123788377166127,up
XPC,0.381768639761022,6.72093269128496e-05,0.0014803005624913,up
SUGP2,0.380776056702679,1.40463896187234e-08,8.45827914774754e-07,up
DYNC2I1,0.379760277345439,1.13856167068552e-05,0.000335368141264091,up
TTC17,0.379165994428075,0.000666048384281817,0.0102155275401016,up
VPS13B,0.378668118011697,2.04842009312914e-06,7.75228706452341e-05,up
PXDN,0.377561137776484,0.000405536367941661,0.00681711683152641,up
TRAK1,0.376943567640878,0.000274941194498304,0.00489211231666269,up
RAB17,0.3765326703553,0.00163011116335662,0.0209092118162343,up
KMT2A,0.376415601625247,7.62871359152863e-06,0.000237891313629709,up
SETD2,0.375557385720796,0.000255225795156533,0.00459436979416787,up
MBTPS1,0.374704169453123,0.000671183954414831,0.0102685264815606,up
PTPRF,0.374523107479554,0.0123460812890182,0.0920122947135166,stable
MED15,0.374309313574994,0.000798262944090739,0.0117992336500184,up
PLEKHA1,0.37423122273058,0.0094577456065623,0.0764308957942239,stable
FGD6,0.373767321413367,3.80625104017081e-06,0.000132539044346099,up
MAGI1,0.373421882670721,0.0016585670804004,0.0212296586291252,up
ITPR3,0.373147862296019,0.00184590070938649,0.0227462603543755,up
DIAPH2,0.36874377271567,0.000473735838887524,0.00772126252608146,up
C3orf52,0.367257870094378,2.47152191959548e-05,0.000641441272720491,up
PLXNA2,0.367178612390474,0.000306748690973823,0.00535670856923431,up
PON2,0.366838770396285,0.00581086554982212,0.053447720452239,stable
STX2,0.365722222520341,8.98163672230582e-05,0.00189622672354864,up
FAR1,0.36534831240675,6.76281717390203e-05,0.00148417732735688,up
ZFC3H1,0.364459044325745,3.39533611308731e-05,0.000826868223355368,up
RBM5,0.364354521809768,0.00036955742502242,0.00626556166917346,up
FBXO9,0.364203222499158,5.92021999333712e-05,0.00132059797807578,up
NBEAL1,0.363576909945391,0.00397261697111289,0.0408145845516914,up
BDP1,0.363482071463266,0.000909397689245786,0.0131090534827128,up
EML4,0.362670939435597,3.93510148174315e-05,0.000945042839151833,up
MSL1,0.361780639320755,0.00014182097060784,0.00278269589841129,up
KMT2E,0.36017577628871,0.00395382766664107,0.0407174299890653,up
WASF3,0.359573209008257,0.000265681560586648,0.00474808683715086,up
HOOK2,0.359475563968262,0.000771910930908906,0.0115071209993055,up
SENP6,0.359141137965488,0.000587950900958147,0.00920244790436926,up
MDM4,0.359100202415882,0.0002680955542885,0.00478423365784324,up
ZNF207,0.358078888602736,0.00222289267904561,0.0260025264197642,up
PURA,0.357491421546669,0.00200083011689437,0.0240256850185824,up
SETD5,0.357191339216631,0.000337109311008422,0.00579581465227419,up
PHF3,0.356992731186478,0.00134617107117133,0.0182030920066353,up
BRD1,0.356884169131964,6.52746987665011e-06,0.000208879036052803,up
NPIPB5,0.356508841541211,2.20884563809162e-07,1.06723039842024e-05,up
GSE1,0.356265180895022,0.00250634531117963,0.0286065033462743,up
TDRD3,0.356150904080581,3.35943730940185e-06,0.000119031193246748,up
ALPK3,0.355942231155532,2.60896144590908e-07,1.24093170096469e-05,up
ABCA1,0.35507971483918,0.00370035624757968,0.0388059621806526,up
ATF7IP2,0.354162262587265,9.16343057660009e-09,5.68597844509439e-07,up
USP33,0.353690253955592,0.000460409238035292,0.00753419347489078,up
ICAM1,0.353103776166141,0.0142724369390509,0.101848376615854,stable
PLXNA1,0.35298678030934,0.00496841791463007,0.0478753726606407,up
LINC-PINT,0.352508558325392,1.51034121547585e-05,0.000415820067972451,up
SERINC5,0.351222611727929,0.00204591227619132,0.0244230777970339,up
ZNF292,0.350937139609997,3.760716774595e-05,0.000906725874805706,up
CLK1,0.350913901136517,0.000448495252416645,0.00738868728509579,up
GARRE1,0.350831613518225,1.83824612661191e-05,0.000497139837427079,up
ILF3,0.349139265698704,0.00137695390057359,0.0185120889357624,up
CGN,0.34835858383258,0.00735678783479372,0.0641436337321815,stable
MAP2,0.348329891508868,0.0127087704088014,0.093868283672017,stable
LLGL2,0.347853312160582,0.0115991885363635,0.0882317863525246,stable
CXCL2,0.346618056918494,0.0079622236865077,0.0678732373388216,stable
POM121,0.346566657697292,2.84681802772272e-05,0.000714568861825102,up
PAXBP1,0.346450323621739,9.87890956604721e-06,0.000297660803488168,up
HECTD4,0.346318479832624,6.93335414077605e-05,0.00151267740433977,up
NF1,0.345712701517194,0.000683445730125042,0.0104040356227254,up
PRKDC,0.345100458622408,0.00134052885696868,0.0181468712597842,up
LINC00969,0.344224346604835,0.000543306692771581,0.00862517014602573,up
PRKCZ,0.343978520059108,0.0114751898643196,0.0876721494869607,stable
SRSF4,0.343682402159149,0.00205849437804155,0.0245253755138206,up
PLEKHH2,0.343472660235045,0.000488925842714669,0.00793709097124053,up
JUN,0.343470611666176,0.0149832163703587,0.105492965725312,stable
ABLIM1,0.342627984001496,0.013610652786624,0.0983313354986359,stable
WDR6,0.342558552559712,0.00197009664298865,0.0237265629200919,up
ANKRD44,0.342199497817517,1.1636917913084e-05,0.000340170680148042,up
MIR22HG,0.341992700881134,0.00314560716694822,0.0342403401680989,up
NFX1,0.341916907703977,0.000170892440599326,0.00328523394721268,up
EPC1,0.341545265593703,0.000379863814795013,0.00642248308721195,up
BTBD7,0.339853922557696,7.57552614521674e-05,0.00163609949821783,up
ASCC2,0.339138054375829,4.37198576188527e-05,0.0010257803062051,up
CHD2,0.338979300266964,0.00200913531259289,0.0240545250353923,up
KIAA1430,0.338976852579011,0.00236804045388415,0.0274899586973218,up
OGT,0.33872205845402,0.000432629267080541,0.0071756582914417,up
USP40,0.338122142181378,0.000127588721898172,0.00254843878510335,up
HMHA1,0.337710720478278,0.00421567334714891,0.0425894751480828,up
HERC4,0.337545338871128,0.000364397981084009,0.00618666794551517,up
PIAS1,0.337070650730901,0.00810476522080326,0.0686098684619799,stable
IGF2R,0.336996465319151,0.00424628270721484,0.0427780895910108,up
PLXNB2,0.336865895256692,0.0236123383087065,0.146329131522107,stable
FLRT3,0.336203303451873,0.0312319087969719,0.177160603082688,stable
FLNB,0.335154507560462,0.0208939971799918,0.134567029256175,stable
ZNF638,0.334550600081984,0.00180090612031356,0.0225094850866185,up
SEC31A,0.334364911431718,0.00947257911716698,0.0764308957942239,stable
PPIL2,0.33371802722352,1.76916767403184e-06,6.75822051480164e-05,up
FADS3,0.333655791623444,0.0298469544602932,0.171451678253113,stable
C5orf42,0.33349039313163,0.000451261717040498,0.0074242573742975,up
CALCOCO1,0.332990346309694,0.00312786001350142,0.0342085652654842,up
SECISBP2,0.331885027815243,0.00375481225898967,0.0392349511820872,up
TJP1,0.330869698748273,0.0272340740633,0.161293275847761,stable
MEF2A,0.330474029650442,0.00190858910154125,0.023237642606813,up
ANKRD11,0.32902734197589,0.00362990141768315,0.0382810875320219,up
PCM1,0.328349321279777,0.00682930318803122,0.0607487965905593,stable
PRKAA1,0.328110425869895,0.000575859427935545,0.00903633587558934,up
VPS13D,0.327731417667031,0.000339787272221252,0.00582546930663756,up
NR4A1,0.327243625561889,0.00580042599521627,0.0534051066463478,stable
LIN7A,0.327174287564526,0.00135840426492172,0.0182875922185057,up
KLF6,0.327077149370593,0.00977766448571896,0.0780170826850056,stable
GPR98,0.326963235792306,0.000195899152348915,0.00369548030603879,up
NFATC3,0.326870605456163,0.0148533178002174,0.104891367296278,stable
MICAL2,0.326690386624084,0.00621009782534982,0.0563983921375009,stable
CELSR2,0.326294744733589,1.47651926444916e-05,0.000409392098472715,up
SLC19A1,0.326200864997681,0.0019570963058147,0.023616530347758,up
SKIC3,0.325840843992786,0.0045490598853925,0.045062972478961,up
ZNF655,0.325504200345791,0.00662402825599878,0.0593202354588492,stable
SRSF5,0.325491952963773,0.0329697629496626,0.184196701232484,stable
ABI2,0.324607461540634,0.00152779762164639,0.019910232544782,up
CTTNBP2NL,0.324597779816733,6.88628009753626e-06,0.000218643864707229,up
CCDC14,0.323792304609751,0.000186394987734734,0.00353803156843073,up
LYST,0.323487757772077,6.82835582631626e-05,0.00149587493944247,up
RGL3,0.323477422216423,0.00023927754621552,0.00434610508906168,up
OTUD7B,0.322896037817772,0.00149206772027529,0.019654512088572,up
SMAD2,0.322819285986604,0.00311581218704522,0.034128752844481,up
RBM26,0.322322844707458,0.00207045906377154,0.0246199334586997,up
TMEM87A,0.322096629049377,0.0193904242229051,0.127778191752449,stable
TNS3,0.321241054736843,0.00498677307445409,0.0479232028790305,up
ZBTB40,0.320844115851458,1.17122627301628e-05,0.000340367418686903,up
LPP,0.320700988180244,0.0176524422611237,0.119217378011037,stable
PABPN1,0.320067608409445,0.00531718582289369,0.0503464597204124,stable
ZFYVE9,0.319700902524421,0.000766814813873211,0.0114451090168329,up
LIMD1,0.319684118759935,0.0036149513353801,0.0381599007976566,up
CGGBP1,0.319543275064785,0.00573730997597756,0.0532455195110988,stable
HNRNPA2B1,0.319329977186696,0.022096074112542,0.140240088240765,stable
REV1,0.318562124518716,0.000526892444751448,0.00845240583286312,up
TPR,0.318345343585422,0.00878610967609324,0.0727182650005148,stable
ZNF160,0.317774343960034,1.18613725927324e-05,0.000343586299937347,up
TMEM63B,0.317299188376731,0.0250796534024206,0.152281775485097,stable
ARHGEF12,0.316986935877216,0.00146106319227598,0.0194130831112843,up
ANKS3,0.315740080716546,8.46787316889725e-06,0.000259821334643949,up
KDM2A,0.315000103763571,0.00149209646745703,0.019654512088572,up
FNBP1L,0.314493360438334,0.00886771387007344,0.0731436803966111,stable
VPS53,0.314325589896775,7.91973667101644e-05,0.00169843615906149,up
ZNF106,0.313710840770697,0.00259345597615942,0.0294085397519228,up
EIF3A,0.313697558338638,0.0215203669602991,0.137514357408623,stable
RSBN1L,0.313652042714992,0.00257547343201366,0.0292317430203668,up
LRBA,0.313460555772836,0.00180383645312179,0.02252020406424,up
ATP9B,0.313399582944596,1.42731984744437e-05,0.000402265577858509,up
RCOR1,0.31311639431675,0.00253114295540846,0.0288356863810932,up
SAMD4B,0.311267562873233,0.000325917764731389,0.0056351043225976,up
PILRB,0.310760272850831,0.000232308576640015,0.00424455962514714,up
PAXIP1-DT,0.309463367389984,2.4536041337668e-05,0.000638145892152456,up
EPB41L3,0.309160840836965,0.00185888983583432,0.0228372556313958,up
ANKRD36B,0.308999401792217,1.31376572926677e-05,0.000376982917243122,up
IL18,0.308176950492349,0.0366138451607913,0.196846481820168,stable
KLC1,0.308026560956357,0.00370155038470558,0.0388059621806526,up
LARP4B,0.307336935129115,0.00493598539974518,0.0478110027943622,up
SMCHD1,0.306931874451416,0.00157131287405591,0.0203242193317292,up
UBR5,0.305954010098049,0.000359549456761447,0.00611284083373008,up
STK17A,0.305530214077812,0.0359753976517091,0.194330943409529,stable
FCHO2,0.30376943192147,0.0057858533613851,0.0533938470448758,stable
NFKBIZ,0.303722044167034,0.00111567604484799,0.0155330569159703,up
SAMD4A,0.303589808765422,0.0012610171360066,0.0171655606576221,up
ZXDC,0.302446311348182,1.1659973411488e-05,0.000340170680148042,up
MARCHF6,0.301967592615976,0.0156210429762809,0.109052900823562,stable
MLLT6,0.30085629899537,0.00034571724324249,0.00591055605789679,up
PHKB,0.300797733553791,0.0027954377905902,0.0311498920256833,up
ZNF33A,0.300655278821841,0.000945885040547481,0.0135392256857757,up
SUN1,0.300437727084699,0.0150344635359401,0.105742970232067,stable
SIN3B,0.300401041836153,0.000128096609336532,0.00255440938422475,up
THOC1,0.300359158844141,1.43712344201946e-05,0.000403848205867721,up
ERBB3,0.300053111255099,0.0304955056350615,0.174113526801958,stable
NEMF,0.299797675339206,0.00220125756754625,0.0257988231118747,up
TCP11L2,0.299057644386757,3.98187939298049e-05,0.000952495041902104,up
RBMS3,0.298987534797338,0.0371013299415348,0.198602389082334,stable
CDK10,0.298899553506879,0.00214129332389108,0.0252656077135565,up
C15orf52,0.298416432546471,0.000405315534810102,0.00681711683152641,up
ULK1,0.29738295153137,0.000119196497768949,0.00241634824001266,up
JMJD1C,0.297319933182108,0.0105172365109356,0.0823457288870161,stable
YIPF4,0.296031954116358,0.0103776860970499,0.0815799581031111,stable
RHOBTB3,0.295438504732441,0.0643609004285899,0.279782235718024,stable
RNF207,0.2953338327472,9.9494494217992e-07,4.02722085205541e-05,up
ABCA5,0.295212994406705,0.00117493233146299,0.0161920775871517,up
RUFY3,0.294901718287833,0.000403212588529466,0.00680783243395606,up
FLJ27365,0.29489185620223,2.33297185120262e-05,0.000611979568864825,up
SFTPA2,0.294789518567256,0.0370359692918316,0.198477724078628,stable
SLCO3A1,0.293741461175071,0.000846565566557169,0.0123637006996354,up
DOCK1,0.293440027468531,1.46440877854913e-05,0.000409050282433442,up
MYO5C,0.2932484877643,0.0349124978491364,0.190692749646042,stable
NRD1,0.293047676469589,0.00567785269218416,0.0529413206020284,stable
DLG1,0.292879563591841,0.00392745610231924,0.0406169402662863,up
DDX46,0.292598350717413,0.0149902880779505,0.105492965725312,stable
XPA,0.292564811890354,0.000257802368159711,0.00462594675109629,up
GAK,0.292386582880688,0.00114208727066851,0.0158286562320316,up
STK3,0.292374625662948,0.00182059857197026,0.0225979569066768,up
ADD1,0.29141001008913,0.0151388814039091,0.106354992115739,stable
PAPD7,0.291061660887096,6.18440541724213e-05,0.00136953209819507,up
PDXDC1,0.290914527094355,0.00397327843721472,0.0408145845516914,up
KIFC2,0.290869865751049,0.000281422519053898,0.00497125559669776,up
AHR,0.290866112232502,0.0699933492817163,0.294950012038255,stable
MICU3,0.290794882675074,4.84230264499584e-06,0.000161384494123738,up
EFHC1,0.289869036610422,0.000570891999389535,0.00896990205724637,up
CHML,0.28940718572775,0.000203509382505252,0.00380964577602481,up
USP8,0.288826486579567,0.00215189075913298,0.0253173365155357,up
SNX13,0.288455706143691,0.00173937609138872,0.0219877283775964,up
RASAL2,0.288242066241649,0.00904069285582317,0.0739715056690646,stable
OTUD4,0.288146898201976,0.00166336439818528,0.0212491284149331,up
MDN1,0.288124281292458,0.000205598289056501,0.0038364855457387,up
ABCC3,0.287767424319815,0.00419636053006642,0.0425695527962921,up
DNAAF9,0.287764087574061,0.000483853290353372,0.00787566261155741,up
RAB3IP,0.287377603838447,0.0086528497770246,0.0719051228241664,stable
AHSA2P,0.286944176460237,0.00149608228137155,0.019664323566801,up
PPP1R13L,0.286491762954192,0.0127443030330983,0.0940738890559142,stable
CIRBP,0.286055675696862,0.0593116336591307,0.265188518598834,stable
LUC7L,0.285579229032492,0.00177037488271037,0.0222187500680201,up
SCAPER,0.285553477027815,0.00363651633690656,0.0382883511648112,up
NUFIP2,0.285498451499903,0.00470759392512527,0.0460968799660013,up
CACUL1,0.285386786368659,0.00275065972973977,0.0307674811424573,up
FAM63B,0.285156015034341,0.0361115928441224,0.194804991582768,stable
TRIP12,0.284083823864615,0.00333309727415292,0.0358068520975962,up
RBMS2,0.283943792204488,0.0226635563258712,0.1425099344277,stable
SYT17,0.283819965470073,0.00231753851080204,0.0269548912997566,up
ATP11B,0.283368702165576,0.000973886628353546,0.013875046789037,up
ZMYM4,0.283349104284429,0.00041511017822737,0.00696064035480297,up
LCAT,0.283335939307608,0.000714724060688586,0.0107861566887127,up
TMEM41B,0.283333942836162,0.030939687185673,0.175746624608581,stable
EXOG,0.282962127502441,0.000125320530429082,0.00251134125240179,up
AFF1,0.282944178920972,0.00408903797322376,0.0417211622288746,up
ZNF37A,0.282112356484135,0.000268704175937466,0.00478810473273993,up
MCL1,0.281899964739927,0.0711588772440244,0.298403470130688,stable
KCNT2,0.281658653668927,0.000708058759872776,0.0107120176741149,up
MROH1,0.281567923999447,0.00278875802868566,0.031103812173954,up
TMEM2,0.281358952432262,0.00414933517660729,0.0421975650572775,up
CSNK1E,0.281326822370462,0.00637781432820447,0.0576218790450639,stable
KIF1B,0.280972969847319,0.00935912547422156,0.0758878797485892,stable
ZNF91,0.279916616909018,0.00154107805972855,0.020061915018234,up
LRRC1,0.27942661828238,0.00176699893344019,0.0221991726231993,up
MIR23AHG,0.27925240100131,0.00105610250537413,0.0148969571522135,up
ATXN2L,0.279238526261629,0.00293764559837966,0.032495982570369,up
COL4A5,0.279053831298186,0.00188587515696311,0.0230299080107064,up
MYO1B,0.278854230943508,0.064309954700347,0.279759745998947,stable
TNFRSF14,0.278269820621041,0.00408290904265425,0.0417077227853852,up
IFT88,0.277826423121109,0.000566300058482118,0.00893186629885058,up
HPS4,0.277428315518708,0.000645173954896281,0.00993275368344098,up
ATXN1,0.277225212087991,0.00577667939336266,0.0533938470448758,stable
MLPH,0.277118494946328,0.0243502818393185,0.149366362694922,stable
ZNF451,0.276891235840497,0.00172938546553216,0.0219067439696011,up
CNKSR1,0.276779772743257,0.0141015302683912,0.100982487405281,stable
ANKRD50,0.276177070563828,0.00238170071172657,0.0276223050286012,up
TTC3,0.276106761087381,0.00268023892284108,0.0302243916907836,up
TJP2,0.275646734130249,0.0125253474903206,0.0927597498053307,stable
TFDP2,0.275386699126727,2.27985258931497e-05,0.000599331571006155,up
DICER1,0.275372546444097,0.0141716115597098,0.101365582039727,stable
KIAA1328,0.275310753582414,0.000208154712347895,0.00385527758142526,up
PIEZO1,0.275255015253978,0.0303004191051811,0.173404645665605,stable
USP24,0.274353040020094,0.000170926766232597,0.00328523394721268,up
OFD1,0.273736609479931,0.00932676393601163,0.0757588287866971,stable
TMPRSS2,0.273470191266269,0.0343671114624406,0.189051732871913,stable
RALGPS1,0.273100473184168,1.29843210030526e-05,0.00037345962339133,up
NDST1,0.272893602962066,0.0263632286324301,0.157740629859435,stable
FLCN,0.272645209296367,0.00183492902375819,0.0226796485201417,up
BRWD1,0.27254089452001,0.00203312504026292,0.024317926117587,up
UHRF2,0.271862847758086,1.98833599309961e-05,0.000531847246819466,up
HP1BP3,0.271679568279688,0.0450471877474507,0.222847763263795,stable
HEXDC,0.271047675920115,0.000842123148431146,0.0123282794807453,up
MYO19,0.270646757245767,9.39425357359159e-05,0.00195964770791098,up
ABI3BP,0.270061566775876,0.00580186368016605,0.0534051066463478,stable
TMF1,0.269986718593183,0.0155934949911107,0.10892279015505,stable
CDH1,0.269073945542754,0.106995190168227,0.378884474106723,stable
ACTN1,0.269036980477849,0.0261030387599076,0.156641145256661,stable
TMEM259,0.26855813953601,0.0464075589785587,0.227460305113834,stable
LGALS8,0.268492517339406,0.0238764571919996,0.147314497855301,stable
CDK13,0.268418249143284,0.00208974976442164,0.0248010690488254,up
CLK2,0.268342636405072,5.51972551375752e-05,0.00124698131839455,up
PRKCI,0.268247933158481,0.0279157800978167,0.164058892267169,stable
SRP54,0.268123837006347,0.00869805284945921,0.0721826191661842,stable
C1RL,0.267781151485028,0.000953322654748128,0.0136297264697557,up
TAF1C,0.267362625014026,0.00271242600935298,0.0305029397776732,up
DENND1B,0.266819848069014,0.00345559268271063,0.0367954398549257,up
HSPG2,0.266674822324923,0.0839862613789255,0.328224476970432,stable
GABPB1-AS1,0.26618085615302,0.000551380057660176,0.00871936587947993,up
CACNA2D2,0.265650201431367,0.0202831553025432,0.13153384107071,stable
C14orf132,0.265438587227512,0.0541641010842511,0.25060634809004,stable
BIRC6,0.265019710316662,0.00708095413229107,0.0622716426713137,stable
WWC3,0.264841951513711,0.0104426944720813,0.0818803702544721,stable
TRIM56,0.264135595624456,0.00966173599834291,0.0774692258355799,stable
NUMA1,0.263940848909336,0.0214964362341597,0.137433282702075,stable
COBLL1,0.263677982746874,0.0188407736095511,0.125440967648776,stable
ELF3,0.263511146563384,0.159645688694349,0.473113058373209,stable
WHSC1L1,0.263389809788422,0.0146967480290855,0.10413519287328,stable
SF1,0.263288720903434,0.0230549042693276,0.144155063830312,stable
HIP1,0.262596634453491,0.0331476437233226,0.184852553318383,stable
HNRNPA3,0.26214717573067,0.0249022979858965,0.151747602482352,stable
BIRC3,0.262071961041771,0.0209444298337369,0.134678963854602,stable
SH3GLB2,0.261474028895279,0.0125696442644108,0.0930092805618385,stable
NR6A1,0.261406211694657,4.8154593468976e-05,0.0011127443299901,up
UBE3A,0.261274477273087,0.0116484026433032,0.0884175194139529,stable
ATAD3B,0.261264731957392,0.000124880054690212,0.00251074636271901,up
KMT2B,0.261057152945399,0.00063102422370539,0.00977647669274359,up
RSPRY1,0.260761322661088,0.00417983681597838,0.0424371472080728,up
DCP2,0.260153645170756,0.000538070071164249,0.00858664301555062,up
CC2D1A,0.259759406581052,0.000207195676604305,0.00384335690148302,up
SRGAP2,0.259707963602619,0.000183047722204988,0.00349075718601213,up
TRA2B,0.259600373814217,0.0392084739095553,0.20561320680841,stable
ERRFI1,0.259509169566209,0.0363972192699022,0.195999827469288,stable
KAT2A,0.258871404326659,2.08063804988253e-08,1.21112950103638e-06,up
CSNK1A1,0.25885600458147,0.00408410865298643,0.0417077227853852,up
DNAJC1,0.258113792162866,0.0533694448722349,0.248245089086073,stable
EXOC7,0.257888952188605,0.0074515380389977,0.0646469843780751,stable
TRA2A,0.257811636774,0.0151809039976886,0.106527767203069,stable
RBPMS,0.257706242952242,0.0313564609922949,0.177566129225586,stable
MRI1,0.25743464844391,0.000226984936712869,0.00415368842272172,up
CEP170B,0.256713401421378,0.00100049846987574,0.0142210387160012,up
USP48,0.256371360798471,0.00479898847837909,0.0467805703027958,up
SPSB3,0.255872791162386,0.0437824894121718,0.219253236613842,stable
ARID4A,0.255644602547861,0.00739392986423028,0.0643298211105701,stable
MLXIP,0.254852836482265,0.00929438446286979,0.0755918534092617,stable
SLC5A9,0.254791886527913,0.000455365517904864,0.00747357354088644,up
SRSF1,0.254694842933588,0.0139988093161366,0.100482351779479,stable
ZNF644,0.254568941963943,0.0165929102858018,0.113593406429151,stable
PDXK,0.254199022923591,0.120820398233895,0.404839742789474,stable
PTK2,0.254016984418066,0.00940163448495627,0.0760592852045701,stable
TRPC4AP,0.253927183221159,0.0104201476539127,0.0817560236979647,stable
SMURF1,0.253570892759748,0.00637735741324513,0.0576218790450639,stable
EDEM1,0.252848390971646,0.00698806302817873,0.0616320941244277,stable
LAMB2,0.252826787392626,0.0512730780163963,0.241806367929178,stable
ZBTB16,0.252673860284968,0.00922606913775114,0.0751362219452831,stable
CYLD,0.252385049661062,0.0120980710374821,0.0906724833612395,stable
ABCC1,0.251897885558019,0.0103772946607587,0.0815799581031111,stable
CPSF6,0.251657827923457,0.00440965417496175,0.0441109759695028,up
VPS36,0.25164843463005,0.0293085285225609,0.16952140947504,stable
C10orf67,0.251615251749589,0.0019353976812317,0.0234008914494325,up
C9orf3,0.25119917510321,0.0339239377674047,0.187640821388577,stable
RBPJ,0.251192452100054,0.0017426007345267,0.0220057348955107,up
DDX6,0.251114321112707,0.0170680349918654,0.116363446592618,stable
KANSL1L,0.251086734795702,0.0015090537183781,0.0197713533263172,up
NABP1,0.250890728342966,0.00155953204664704,0.0202160336566421,up
OGFR,0.250645733568566,0.00694068350620712,0.0612584225125457,stable
RCOR3,0.250271047738418,0.00708938315288342,0.0623009487137649,stable
ZMIZ2,0.249764711874088,0.00175639207599461,0.0221113663614399,stable
ARID2,0.249716435248778,0.000682138013518409,0.0103970761561709,stable
LRRC16A,0.249407207110559,0.00321170105957141,0.0347739891516394,stable
SLC16A5,0.248856455212708,0.0133850254938166,0.0973902850697972,stable
EHBP1,0.248780493673191,0.00733708170770654,0.0640632048535748,stable
SMARCA1,0.248579320879997,0.0192885377607232,0.127312681202527,stable
CCDC68,0.248418421974121,0.00808414623323971,0.0684827467464464,stable
GTF2IRD2B,0.24830548580465,0.000733200970216105,0.0110377446550759,stable
RBM33,0.247577542244508,0.00375530864553681,0.0392349511820872,stable
MMP14,0.247168915799022,0.0076933590505869,0.0658655043716962,stable
IDS,0.246935221432762,0.136119185466575,0.432749264796725,stable
GRAMD2,0.24690499709153,0.0148487029070278,0.104891367296278,stable
CPEB4,0.246768699895499,0.0580389244576409,0.261892880240016,stable
TMEM181,0.246531625184157,0.000405544539840907,0.00681711683152641,stable
KAT6B,0.246312107896228,0.0122603073525358,0.0916636067751669,stable
ARFGEF2,0.246311084635225,0.0029401633444722,0.032495982570369,stable
MTA1,0.245760094552164,0.00456836287694477,0.0451444363846183,stable
ATP2C2,0.245440843618824,0.00589170235480265,0.0539881331222696,stable
ARHGAP21,0.245263384687212,0.0242941810124278,0.149258245517417,stable
CLK4,0.245213518591954,0.000137440052513637,0.00270978580955919,stable
S100PBP,0.244731655357855,0.00177862905086548,0.0222994477105432,stable
GLCCI1,0.244159957687213,0.0434919206374273,0.218334799947397,stable
USP13,0.244096835818736,0.00336141960760929,0.0360122640520735,stable
GABBR1,0.243566152765251,0.000204271821776638,0.00381807148225936,stable
SAFB,0.24342617695242,0.00831798044755179,0.0700268546769098,stable
MECP2,0.243257942118421,0.0151543435818965,0.106402467515854,stable
PIP5K1B,0.243017320686757,0.0114031454644712,0.0873383772917891,stable
TMC7,0.242789409385232,0.000345260138285964,0.00591055605789679,stable
MYSM1,0.242042151881646,0.0019208154486582,0.0233181450992514,stable
ANAPC5,0.241985534369486,0.0254276750539527,0.153495259189885,stable
CNOT10,0.241804651134511,0.00024707115857001,0.00446114895474121,stable
STX12,0.241784981496707,0.0473423061531736,0.230287445450216,stable
ZNF791,0.241508463371446,0.00185266342940885,0.0227836597194102,stable
SWAP70,0.240986258831116,0.0297368790121881,0.171037513002612,stable
ICAM5,0.240945622439548,0.000286651216717949,0.0050345179212072,stable
WAC,0.240624992766036,0.0158209541478944,0.110071339501344,stable
PER3,0.240446830223379,0.00475352252197684,0.0464856474469159,stable
DGKH,0.24001916196067,0.00148958548649473,0.019654512088572,stable
ATP6V0A1,0.239924554322652,0.00180544829703495,0.02252020406424,stable
EEIG1,0.2396249284723,0.0034492214863761,0.0367596193979611,stable
KANSL1,0.239573302782342,0.00889332066858353,0.0732667666692127,stable
RIOK3,0.239522712636678,0.00444042578888991,0.0443100121170532,stable
RASA2,0.239309659235841,0.00341536487957356,0.0365261769797963,stable
BAZ1A,0.238880238116599,0.00540386649360469,0.0508520893131823,stable
ARHGAP44,0.238552886992221,0.00562623112307907,0.0525803128811304,stable
USP53,0.238183449765204,0.00226390261832436,0.026431657694744,stable
ZC3H14,0.238176393005483,0.0668941597546303,0.286014063952641,stable
ARFGEF1,0.237736170815783,0.00799856884043337,0.0680880957558896,stable
SLC39A13,0.237487684998073,0.000628733338497783,0.00975334559618896,stable
MID1,0.236939081522074,0.0134089341657427,0.0974499472307009,stable
STT3B,0.236850429268271,0.0641663353774599,0.279333790475096,stable
IRF3,0.236769064296267,0.0101790584425007,0.0803284766953706,stable
PPARGC1A,0.236507498511143,0.00114706463968301,0.0158796355101756,stable
ABCA8,0.236496817032254,0.0684693658779477,0.290322436180711,stable
COL8A1,0.235723095450153,0.194719943461757,0.526634753906675,stable
CAPN2,0.235539166242495,0.0907828105842787,0.343888774893778,stable
ATG2B,0.23481799542779,0.0057145789268958,0.0531419050935843,stable
ZNF704,0.234690752967971,0.0286894686924173,0.167159230360395,stable
LMNA,0.234580394849749,0.204351884394952,0.539291328765953,stable
USP16,0.234502026721241,0.0501777748589481,0.238326079166533,stable
SEC63,0.234303926125712,0.0469564020728769,0.229168419856306,stable
PTPRE,0.234190390981536,0.136385796971899,0.432819881560053,stable
C22orf29,0.233658397982736,0.000350510265519183,0.00596746167925695,stable
ARFIP2,0.233284146516146,0.00865113089175943,0.0719051228241664,stable
SMG1,0.232981159415186,0.0286709411043697,0.167130941373302,stable
GRB7,0.232927117909207,0.0187945167432574,0.12523653234494,stable
COL4A2,0.232613096745201,0.185146488052501,0.51204313799859,stable
ZNF224,0.232316261290794,0.0021289696833458,0.0251687866626877,stable
MECOM,0.231760849824853,0.0261154003626534,0.156641145256661,stable
NFKB2,0.231525014670899,0.00155199613957823,0.0201597822021498,stable
FAM221A,0.23116709303832,0.000862295075076518,0.0125484464258754,stable
BAZ2B,0.230831336177763,0.0109384301150785,0.0845204612684698,stable
RERE,0.230643041536758,0.0418164102647989,0.214198622735317,stable
GRAMD1A,0.230567646619512,0.0967793749364575,0.357422749589374,stable
ABCD4,0.230190030069526,0.00192283133671838,0.0233181450992514,stable
SLC35A3,0.229751306217987,0.0335108495304639,0.186363549297227,stable
PCNT,0.229631291379374,8.63020706407744e-05,0.00183152172137643,stable
SEMA6D,0.229544253713407,0.0185214382375259,0.123990175802583,stable
CCDC66,0.228986752989317,0.000804431710865741,0.0118474376308709,stable
MICAL1,0.228912002038621,0.00690681881975166,0.0610035789397719,stable
ANKRD36C,0.228576179692973,0.00244646466347708,0.0281007112564968,stable
ACAP3,0.228489500721093,0.00414813250662102,0.0421975650572775,stable
SLC1A1,0.228099205860946,0.134233478985423,0.430222875489724,stable
NFIB,0.228006784952712,0.0589133168001062,0.263986944488452,stable
RHOT2,0.227987860947671,0.0345810924344669,0.18973037429036,stable
SIK2,0.227812981123837,0.0226428528356026,0.142453027824193,stable
HCG18,0.227722130840953,0.000220431991795164,0.00405197092887833,stable
C14orf159,0.227564702562566,0.0114520327967292,0.0876030343599608,stable
NSUN2,0.227277869570788,0.00182775388850296,0.0226367411682474,stable
RABGGTA,0.227218341294584,0.0145451006926758,0.103131850851084,stable
ACIN1,0.227181464259672,0.0240351201219555,0.147863768681824,stable
DENND2C,0.226834574529522,0.000919845735507537,0.0132203136821801,stable
MBNL2,0.22676727885781,0.0427162119912483,0.216665135012871,stable
GANC,0.226557130651237,0.0133201605522131,0.0972104403623458,stable
FSTL3,0.226520554439108,0.0732064382628525,0.304275927006158,stable
KAL1,0.226398106629009,0.134676128936496,0.430963612596787,stable
BTAF1,0.226374941416074,0.00149674990949879,0.019664323566801,stable
TMEM161B,0.225944993950742,0.00553087192592076,0.0518874738468576,stable
SUPT20H,0.225136734476701,0.0116368925253694,0.0884175194139529,stable
BAIAP2,0.224839915061093,0.113131566846261,0.391178413798732,stable
USP47,0.224667630819012,0.0382905050920446,0.202712487763167,stable
SFXN3,0.224621341351268,0.00608688905727466,0.0554432204780337,stable
NCOR1,0.224528640655726,0.0380403910542185,0.201500523467918,stable
H6PD,0.22389524279735,0.00496717507349932,0.0478753726606407,stable
MBIP,0.223868289277703,0.135667240036741,0.432305787535289,stable
CHFR,0.223862422539305,0.00104939188348961,0.0148297877269099,stable
LTBR,0.223835454248484,0.064981781611975,0.281243669679761,stable
TXNIP,0.223355638975833,0.167595526738613,0.484591584326189,stable
IFT57,0.223330509729265,0.218155538819681,0.558478179378383,stable
SH2B1,0.223175291280033,0.00420321835462925,0.0425894751480828,stable
CLMN,0.22314808461575,0.00483855358057211,0.0469897283198027,stable
ZNF266,0.222829631932921,0.00103594166629483,0.0146803814871739,stable
TNRC6B,0.222827331004869,0.060843389221908,0.26993498071855,stable
NEIL1,0.222659432756193,0.00645482897369808,0.0582316083944541,stable
MARCHF9,0.22256181266877,0.00835173453452446,0.0702626310736593,stable
GAPVD1,0.222352293009529,0.0428159470305549,0.216828160680807,stable
STX16,0.221853026089269,0.0128854391768975,0.0948293850080647,stable
DUOXA1,0.221780145264148,0.118176607968636,0.400496494540784,stable
KDM5A,0.221532723336538,0.00840520359294692,0.0703717769690974,stable
LRIG2,0.221429968686404,0.000652004174297795,0.0100252817944858,stable
TANC1,0.221061561366342,0.0662408903950783,0.284046444410835,stable
RBM23,0.220752452859708,0.0256840807298057,0.154737408990214,stable
TMED4,0.220544741022228,0.0780112086250566,0.315660051053523,stable
UBR4,0.220178528718991,0.0609120374598853,0.269974164579274,stable
LONP2,0.220032601300721,0.0191639227610972,0.126832588972199,stable
UBR3,0.219575879582709,0.015378215747905,0.107665125602744,stable
INTS6,0.21956585014244,0.00481664157579099,0.0469152403366287,stable
NPEPL1,0.218888021544953,0.018933188760299,0.1258506250168,stable
EFCAB7,0.218786262625675,8.82733150488348e-05,0.00187010919091327,stable
GGA1,0.218692051051185,0.00836208843395473,0.0703013542067831,stable
MAN2C1,0.218305233096043,0.00932730999050876,0.0757588287866971,stable
DMTF1,0.218302844663786,0.0112945779251512,0.0866697555285927,stable
ADPGK,0.218084622011214,0.00840063733569579,0.0703717769690974,stable
FRYL,0.217767187933097,0.0050542745650894,0.0483438593768802,stable
FBXO34,0.217607630246079,0.018635420565985,0.124548595406561,stable
PHF20,0.217539151925189,0.0107273366239051,0.0833636127721655,stable
PTPRQ,0.217336720817907,0.000176056031338582,0.00337850694989454,stable
FERMT2,0.217210776306596,0.151490133247416,0.460650594232937,stable
LINC02898,0.216472296510859,6.28725803550686e-05,0.00138979099866249,stable
DCTN4,0.216033859045609,0.0446882075321999,0.221834962307395,stable
USP36,0.216026130286648,0.00140457505099828,0.0188056138262902,stable
PHC3,0.215820862932738,0.0120077190782245,0.0904389143636579,stable
KIAA1598,0.215798974067702,0.101795228514581,0.368258322983795,stable
ZDHHC21,0.215569498218389,0.0308834604416099,0.175567445498152,stable
FOXP1,0.215439172290408,0.0858101287098322,0.331735581621179,stable
PHF20L1,0.215164046662737,0.0290050028362217,0.168435702931104,stable
MCM3AP,0.215053547564715,0.012162953819883,0.0910471203271585,stable
CDK5RAP1,0.215015949555573,0.00353332312900603,0.0373951012372032,stable
GSK3B,0.21379223926389,0.0421714871941186,0.215192416469533,stable
PLXNB1,0.21371742690499,0.0497730694030489,0.237480874466382,stable
ZMYM2,0.21351136762807,0.0279426532959311,0.164059074874861,stable
VMP1,0.213393824182498,0.0582069137025022,0.262553990073575,stable
POU2F1,0.213116095383772,0.0019874837929606,0.0239124034302662,stable
RALGDS,0.212851957082615,0.0184494531267535,0.123656884420734,stable
TNKS2,0.212727434610683,0.0200480350720246,0.130424257967232,stable
ZNF385B,0.212600332155624,0.00115257755039583,0.0159217824120596,stable
STRN,0.212578614721814,0.00571675435193581,0.0531419050935843,stable
LEPREL1,0.212578160768167,0.0870538261780879,0.334742362755881,stable
USP15,0.212397039469089,0.0454266244086309,0.224090014839025,stable
GTF2IRD2,0.212245934514961,0.0048811117020873,0.0473545313065993,stable
FAM111A,0.212169299970823,0.0130312583173672,0.0956147068856525,stable
DMXL1,0.211958525772616,0.00806976098617601,0.0684082928536862,stable
TBRG1,0.211147671175749,0.0837977997624689,0.327956235981951,stable
ZCCHC8,0.211093493397404,0.00482217898055129,0.046931780141926,stable
FMNL2,0.210983489863145,0.00591211321148841,0.0541345856908122,stable
GOLGA3,0.210956081719909,0.0322897487034531,0.181337635223861,stable
BLTP2,0.210934133777361,0.012952330159709,0.0950926629863557,stable
TIMP3,0.21093136111762,0.232828019925593,0.577886236664051,stable
DHX36,0.210695741854553,0.0551628908481383,0.253364065638734,stable
TUBGCP6,0.210518553967961,0.00500710700518248,0.0480404447818479,stable
SKIL,0.210518185394135,0.0259772107829491,0.156052528874615,stable
MTR,0.210418351445341,0.0220757472656561,0.140183862117081,stable
C2CD5,0.210370573923452,0.00110968905147314,0.01548497598768,stable
ESYT3,0.21035018187951,0.0698449704874651,0.294702589340266,stable
ZNF518A,0.210212950351048,0.00938304918401941,0.0760095382541109,stable
ADK,0.209964823687536,0.0712802929803586,0.298810117075413,stable
SORBS2,0.209916345765294,0.00157286579579645,0.0203242193317292,stable
TANC2,0.209685057167578,0.000160639861621507,0.00312125009977763,stable
YBX3,0.209666390671849,0.193755108812173,0.526324988915557,stable
CNKSR3,0.209638388034292,0.000722775891944155,0.0108942201024973,stable
PGP,0.209266074853433,0.0443693468462606,0.220942277777371,stable
SPRED1,0.209155480702613,0.0455968036527289,0.224535469444536,stable
ZNF439,0.209011947851382,0.00135089222906759,0.0182266077352342,stable
ZFHX3,0.208895930054154,0.0940801233162535,0.351766066059401,stable
DIP2A,0.208887729566288,0.00794693113039857,0.0677901508290245,stable
HOOK3,0.208824155320188,0.149395740057317,0.457010392007168,stable
EMD,0.208236917404615,0.0738156837826363,0.305957264903217,stable
PAAF1,0.208232930688725,0.00215099205812377,0.0253173365155357,stable
MKL2,0.208207364349623,0.00843883512633448,0.0705583588127994,stable
TASP1,0.208092599538431,0.00261090174871745,0.0295244784974203,stable
NSUN5,0.207929645530422,0.0238855803950595,0.147314497855301,stable
SNRNP200,0.207777266786873,0.0192158815576522,0.126987004010811,stable
NXN,0.207432286858524,0.128034641798278,0.419034929408875,stable
VEZF1,0.207161767890056,0.0811372138710835,0.322333864920418,stable
ZNF75A,0.207119246291263,0.00861043749116984,0.0716500938679783,stable
GALNS,0.207032701308663,0.00108663073532099,0.0152502573003028,stable
RAB11FIP1,0.206798018712761,0.077772664790436,0.315036847078298,stable
KRIT1,0.206627480142052,0.0443945928099692,0.220942277777371,stable
RNMT,0.206581273339572,0.077696167038655,0.314985838342991,stable
SYNJ2BP,0.206568685711045,0.0140717604185276,0.100887506953714,stable
PHF14,0.206525947180767,0.044408964046057,0.220942277777371,stable
FN3K,0.206474779670723,0.0355015457922996,0.192922814461941,stable
ULK3,0.206095869125212,0.031705376120156,0.179014557825768,stable
ZNF714,0.20586103104654,0.0167358167775288,0.114417575105432,stable
HGSNAT,0.205518903600321,0.0303633475204673,0.173583749258636,stable
RGS3,0.205280242115619,0.0137057666989598,0.0987849599811822,stable
UVRAG,0.205262961058217,0.0163521335257072,0.112525667506079,stable
ATG12,0.205089814955408,0.0460689318280363,0.226072510102736,stable
SFTA3,0.204912881873879,0.220912038101817,0.562237924996171,stable
AMOTL2,0.204859993409374,0.168103732646351,0.485103878156042,stable
CCDC64B,0.204764950244024,0.00468329197034884,0.0459458756384785,stable
CDC42BPA,0.204602748141709,0.0438129682165157,0.219316021080544,stable
GIGYF1,0.204325295885352,0.00677673936876641,0.060360269198798,stable
ENDOV,0.204310512838671,0.00379867060037078,0.0395527678185114,stable
HMBOX1,0.203898074939692,0.00483750139660551,0.0469897283198027,stable
ORMDL1,0.203668234011096,0.187435656890714,0.516153839707757,stable
EPN2,0.203104964374375,0.0501841727564346,0.238326079166533,stable
TRIM33,0.203013005683947,0.0368850493472366,0.198016180597549,stable
BCLAF1,0.202717097934421,0.143507701887513,0.446257478471881,stable
NFE2L2,0.202510212672712,0.23644385212492,0.582015635999802,stable
SDC4,0.20249344887706,0.321996139744987,0.677916467699923,stable
ESRP1,0.202478838459412,0.0727808562596851,0.303125446990934,stable
TSC22D2,0.20246857184016,0.0342765905279606,0.188822461745737,stable
RABGAP1,0.202283714127016,0.0350583870496026,0.191318626470688,stable
SLC25A25,0.202212854925916,0.00186077392563695,0.0228374502680584,stable
ANKRD26,0.201831068465149,0.00536612406165118,0.0506138121370556,stable
ZFAND3,0.201797877691661,0.0318253586550099,0.179443350645222,stable
STK17B,0.201777505292026,0.0372806768116463,0.199301581249204,stable
INPP4A,0.201591029585053,0.00181313479231849,0.022549180904786,stable
MPPE1,0.201376164984866,0.0927974051813058,0.349139883329111,stable
PEX1,0.20098945921028,0.00465785964794632,0.0457698362833568,stable
UPF2,0.200869045178129,0.0425261525946617,0.216091296012823,stable
ALKBH6,0.20080170259672,0.00465145309398114,0.0457436545622087,stable
UBE2G2,0.200721440783001,0.0615087630680454,0.271480429807115,stable
RBFOX2,0.200407360078986,0.00402245890598713,0.0411813548298045,stable
EZH1,0.200209581274149,0.0135246780707468,0.0979804493616632,stable
HPS5,0.200103620236289,0.0158410846140913,0.110148702117549,stable
IFT81,0.199880391304326,0.0134736833145175,0.0977461749772474,stable
FBXO11,0.199781562846052,0.00910016862973132,0.0744083353376827,stable
DLC1,0.199715149061111,0.0915019410259078,0.345435369703736,stable
PRMT2,0.199641502805293,0.146576616745511,0.452120253115602,stable
CSNK1D,0.199518173061466,0.110975986884878,0.38751588660998,stable
C17orf85,0.199450926801644,0.0424783405383759,0.216038047800166,stable
HDGF,0.19936526581315,0.0595323598154371,0.265980835666631,stable
OSBPL2,0.199312902448979,0.0135949513647473,0.0982759819530876,stable
NBPF12,0.19907434381089,0.00152514101307449,0.0198968236326816,stable
ATP13A3,0.198928935342158,0.0698665006469316,0.294702589340266,stable
SUZ12,0.198839091378981,0.0349282077954462,0.19069335064383,stable
RHOBTB2,0.198543136344624,0.12869416147676,0.41973250530734,stable
GNPTAB,0.198523692467508,0.115199551616662,0.394232732072248,stable
IKBKB,0.19841175101061,0.00676349440134539,0.060348142746019,stable
EXOC4,0.198089343035633,0.00852764516327529,0.0712521766752407,stable
SLC37A1,0.19747182760601,0.0149063044285027,0.105086628120297,stable
RALGPS2,0.197432286732906,0.00250515683808089,0.0286065033462743,stable
FAM178A,0.197357831453667,0.00501076301512239,0.0480404447818479,stable
LRP6,0.197245297499914,0.0109093598906869,0.0843491557898525,stable
AGO2,0.197134561983407,0.0588682339114442,0.263953801992434,stable
GAS6,0.197117836292295,0.292251337485737,0.646716444474955,stable
RDH13,0.196933514674255,0.00670885308713936,0.0599697896979123,stable
COG4,0.196760594145896,0.0162149872062697,0.111857789847314,stable
TMC5,0.196713420004003,0.177848834274725,0.503071812804166,stable
RASSF7,0.196225183160004,0.228448195121948,0.572009573365567,stable
HCFC2,0.196174297951845,0.000838494337124073,0.012304627583439,stable
USP22,0.196115145933537,0.124100583432842,0.41078534486641,stable
DYNC2H1,0.195805779045439,0.000244282145771312,0.00443042277434499,stable
DHX30,0.195699744345561,0.0539836931483205,0.250055575992827,stable
ANKZF1,0.195540517945489,0.0158149826612313,0.110071339501344,stable
EXPH5,0.19549443964819,0.122414179049784,0.407974634041296,stable
PDS5B,0.195395357149618,0.0398916663989104,0.207938979335725,stable
SMG6,0.195229676883053,0.00462460203349336,0.0455528890067871,stable
PCMTD2,0.195183227453316,0.0079918622536231,0.0680784140684939,stable
CREBRF,0.195013623630682,0.00765778094431872,0.0657364566456124,stable
WHSC1,0.194794900592646,0.0120384865769225,0.0904477319706826,stable
ZNF721,0.194511314111152,0.0218121913170838,0.138798660416467,stable
ATF6B,0.194498712849167,0.0582387474949014,0.262600682175461,stable
GPR116,0.194328959219874,0.316361627612541,0.67104017628591,stable
CCDC146,0.194198230218443,0.000150837927717153,0.00294073816334048,stable
RREB1,0.194136751895875,0.0198034206623446,0.129416164376967,stable
SFI1,0.194117723065197,0.00495247510594014,0.0478753726606407,stable
CDKL5,0.19411259656571,0.102727741874621,0.370425934122527,stable
CLEC16A,0.193918189996959,0.000455482026174771,0.00747357354088644,stable
ZNF248,0.193896460451015,0.000908401285975433,0.0131090534827128,stable
MACC1,0.193736444066525,0.0427138027597897,0.216665135012871,stable
MKLN1,0.193561499509362,0.062449093736852,0.273710190691745,stable
CLASRP,0.193529811544825,0.0164893173392922,0.113028905194845,stable
ANO6,0.193499972579772,0.0185993067208064,0.124375232688806,stable
RNF43,0.193433538163047,0.00328328013336118,0.0353610716741912,stable
LARP4,0.192971694587132,0.00803352175038638,0.0681483482836385,stable
CASP2,0.19296278570651,0.0029478105403262,0.0325321042750065,stable
ANO9,0.192935761291555,0.0138496236064963,0.0996455556008306,stable
DENND4C,0.192847354128544,0.0208621662950219,0.134503755691111,stable
KPNB1,0.192765062527473,0.160921325697181,0.474506604581834,stable
PARP10,0.192743073071451,0.0231672146895922,0.144709265388643,stable
MTURN,0.192743056711838,0.0181750983063699,0.122139857997287,stable
SOCS4,0.192565411934698,0.0101634424651132,0.0802570547115919,stable
BSDC1,0.192543181436832,0.0251881849424718,0.152580583839077,stable
PTBP3,0.192260940991475,0.0548723286691519,0.252711747326291,stable
SEPT2,0.192192586021164,0.249948933613833,0.59995032602984,stable
CEBPD,0.19198740123989,0.289488140850562,0.644220468552206,stable
FAM133B,0.191820122064867,0.0312542495640975,0.17720405689774,stable
NDUFS1,0.191627133983037,0.0178333529679828,0.120252690820045,stable
RALGAPA1,0.191506117525176,0.0678994434481767,0.28919958073537,stable
TTLL3,0.191466894393256,0.0102670831471751,0.0809186488659372,stable
FAM105B,0.191459100872913,0.00394676626708517,0.0407052469677895,stable
THSD7A,0.191375205203403,0.0252726414625804,0.152731627372406,stable
DCAF5,0.191273775390894,0.0456641009949056,0.224717379453191,stable
REPS2,0.191176539965994,0.0544860178743617,0.251705374589669,stable
POM121C,0.191085245557936,0.020375380937265,0.131915287762623,stable
SHPRH,0.190896706959057,0.00754661808387965,0.0651942469663215,stable
UNKL,0.190854039662199,0.000693928462037653,0.0105373683477618,stable
STX3,0.190692246459311,0.168363254596123,0.485623507357953,stable
ALG13,0.190652090087266,0.0157185543893577,0.109671009620724,stable
MIR29B2CHG,0.19063397066516,0.00342754356701147,0.0365923952516579,stable
DAAM1,0.190633240029969,0.0975800703692905,0.358850415220881,stable
TSTD2,0.190592547283885,0.00244823768718661,0.0281007112564968,stable
CHD6,0.19039093128785,0.0339508981534591,0.187663403338535,stable
SRSF6,0.189838811948743,0.0246150098871807,0.150597537968417,stable
ANAPC4,0.189739822417402,0.00750748897286323,0.0649020828884584,stable
ZBTB11,0.18964058155099,0.0100112622592708,0.0793115164337822,stable
TEAD3,0.189441946791573,0.016596680618657,0.113593406429151,stable
CDC37,0.189071610472642,0.198808320182241,0.532712167011773,stable
KIAA1586,0.188920076786907,0.00192211537681799,0.0233181450992514,stable
SPTAN1,0.188912891190486,0.323422898969505,0.678897985672102,stable
KIDINS220,0.188739218379265,0.088752247721502,0.339104509776494,stable
RABGAP1L,0.18873564056811,0.0424865401596531,0.216038047800166,stable
PHYKPL,0.188680176221256,0.0410339169516038,0.211499277525815,stable
PRPF39,0.188436441682998,0.0114181084768303,0.0873982204262825,stable
HEXA,0.188373701547372,0.139056463546165,0.437986655601215,stable
LRRK2,0.187999164957756,0.0073761462698411,0.0642208062696137,stable
GAB1,0.18748289677785,0.0649961851149644,0.281243669679761,stable
KIAA0907,0.187471049594764,0.0320902133238701,0.180437335635229,stable
RHPN2,0.187450208586361,0.00688009406633397,0.0609704716745128,stable
CARINH,0.187438316564963,0.0408253676974828,0.211121047295614,stable
RAPGEF2,0.186717789111766,0.073928163397674,0.306130714557306,stable
TUG1,0.18662942696847,0.0201624585202604,0.130890012188881,stable
EP300,0.186576225069755,0.0829169004571371,0.32652981880957,stable
SLC25A16,0.186361733438999,0.00340472379721796,0.0364442589292402,stable
RIMKLA,0.185478823780273,0.0387206254038929,0.203868062104504,stable
POFUT2,0.1853995542084,0.0119639727458176,0.0901649832582453,stable
BDNF,0.185282865853128,0.0707197123198068,0.297071396356467,stable
ERCC3,0.185149474266012,0.0147036438890119,0.10413519287328,stable
TRAPPC6B,0.184935005970743,0.0200999849266666,0.1305537809477,stable
GYS1,0.184752208204976,0.00947230927916207,0.0764308957942239,stable
ANK3,0.184707308067908,0.01052225364214,0.0823457288870161,stable
PAFAH1B1,0.184240935920398,0.194993864313231,0.527113002513255,stable
TGS1,0.18404193658326,0.0632422910983727,0.276145635941656,stable
DVL3,0.183978846759133,0.0452941489814038,0.22361699400189,stable
ZFYVE16,0.183974281337332,0.0488527690299945,0.234739091439722,stable
CAP2,0.183939250343556,0.00218590827426387,0.0256435151099822,stable
PTPRM,0.183852954261814,0.116361374280443,0.396654054435062,stable
PEX26,0.183490496537608,0.0120301247612792,0.0904477319706826,stable
XPO4,0.18332949698877,0.0520502253813016,0.244152707237541,stable
MARCHF7,0.182980475846892,0.0490059748966213,0.235197894439065,stable
CHD8,0.182678332478482,0.0494616703821081,0.236549084018345,stable
SPAG1,0.182500312550199,0.045262712564871,0.223552080158781,stable
YTHDC2,0.182473038789854,0.0163934769221976,0.11270745888467,stable
ZBTB24,0.182386329794893,0.00749667962278715,0.0648804942256152,stable
PDE4DIP,0.182198094010218,0.13375106374258,0.429487604507017,stable
ZBTB4,0.182155084843025,0.0539696450229878,0.250055575992827,stable
MST1R,0.182138326430033,0.0301137333318253,0.172578657406579,stable
GDI1,0.182070701030733,0.0818533513004725,0.323859050166326,stable
PKNOX1,0.182029738908644,0.000258090288305601,0.00462594675109629,stable
INO80E,0.181854756055985,0.105047416931625,0.374716168336652,stable
ARHGAP29,0.181831000434745,0.162152743087746,0.475907594598944,stable
SP100,0.181797775835,0.252967852729025,0.602431138079018,stable
NUP107,0.181467412906998,0.0157440653721575,0.109786340621365,stable
LINC00261,0.181436394033211,0.00522347204430993,0.0496900562409685,stable
HIF1AN,0.181320192231252,0.00649926721117682,0.0583980785273092,stable
GPRC5A,0.181218476782777,0.000763978224728679,0.0114167112702731,stable
SLC25A29,0.181213509149626,0.0337572717086967,0.1871958304484,stable
KLF13,0.18114445085297,0.22560824319709,0.568560013712063,stable
LTA4H,0.181103849504904,0.114715153687101,0.393735336288327,stable
RNF126,0.180905606283457,0.0259034170019821,0.155751780340497,stable
SLC25A13,0.180860355228491,0.00476922738824217,0.046597778587149,stable
KMT2D,0.180817771301194,0.0173817717690603,0.118041543391663,stable
MED23,0.180772217398336,0.0161234718679339,0.111534945881462,stable
ITGA2,0.180690885888599,0.0129309644715397,0.094994925231389,stable
PLAGL1,0.180544258660789,0.016162993627643,0.111688204694352,stable
FAM208B,0.180520423848704,0.0457806466224135,0.225109663842471,stable
CPSF7,0.180141753077546,0.0465259579345784,0.227857896551397,stable
MED17,0.180057934901091,0.0170094725493006,0.116028902032729,stable
RYK,0.180008267715408,0.0370568792951634,0.198502757451392,stable
GOLGA4,0.18000514411475,0.275498758066301,0.629358403775455,stable
MYOF,0.179936103304723,0.268609256180799,0.621635658378283,stable
MIS18BP1,0.179905483105703,0.0149067582755722,0.105086628120297,stable
DOCK7,0.179672374665248,9.94661189273322e-06,0.000298044830365147,stable
ARHGAP5,0.179593428730257,0.263071337483545,0.615696731648258,stable
GEMIN8,0.179541043758145,0.00727571887203724,0.0636638421558935,stable
POMT1,0.179378668494742,0.0338330113140849,0.187392265656264,stable
PPP1R12C,0.179368012000745,0.130465479651799,0.422466231328103,stable
TMEM43,0.179351188756905,0.30885971226053,0.66428756015451,stable
TRIM73,0.179158093883211,0.00569482237163877,0.0530590767308783,stable
GTF2H1,0.178955952413389,0.023486601649343,0.145895922500134,stable
CUL1,0.178919135887691,0.0662480704364602,0.284046444410835,stable
SHANK2,0.178779846947432,0.10895984589767,0.383035798031588,stable
LNX2,0.178684056914535,0.147564842259957,0.453794372776279,stable
SLC11A2,0.178402439188895,0.0598087494490885,0.266825603381627,stable
PTCD3,0.178223867371273,0.0833894486038837,0.327447844810087,stable
NECAB3,0.178068693127766,0.0413970456702582,0.212799615758299,stable
AP3B1,0.178057417434007,0.0224009183922846,0.141440509518227,stable
FARP2,0.177866193934854,0.00423647907113147,0.0427636004669786,stable
WBP11,0.177454606670295,0.0682518698972504,0.290014433582098,stable
WDFY1,0.177308791034355,0.0263260525090437,0.157595330984599,stable
DUS1L,0.177165817488079,0.0405495270512454,0.210478734044341,stable
ARMC8,0.177069879731959,0.0235794512143182,0.146238057657953,stable
SMC1A,0.176949253005789,0.0738531272803811,0.305957264903217,stable
CHKA,0.176579468139639,0.12196251643531,0.407119006254843,stable
ZNF708,0.176493032174201,0.0103588795879163,0.0815369891066891,stable
FGD4,0.176416739348323,0.0808216443167965,0.321707515509124,stable
FAM20A,0.17635315267974,0.0829680642361358,0.32652981880957,stable
TULP4,0.176322037417847,0.00145743010657764,0.019385882070517,stable
SIPA1L1,0.176169482557527,0.0418887968397224,0.214283789174067,stable
PDZD2,0.175837160533969,0.103205413062477,0.371294831171537,stable
RXRB,0.175832704178953,0.0292398751520748,0.169236853152918,stable
SMARCC2,0.175399612590464,0.0745755458517705,0.307537052935725,stable
TULP3,0.175320590210539,9.36279389638538e-05,0.00195642380494726,stable
MED13L,0.175191639985483,0.104694736249979,0.374207150853724,stable
USP14,0.175171089344694,0.142492441108573,0.44476591803986,stable
CHORDC1,0.175063933496726,0.0128458902078199,0.0946522977096987,stable
FOXJ3,0.175048959528359,0.0233582684193596,0.145605034756885,stable
EFR3B,0.17492354896852,0.0252328484733947,0.152620653012754,stable
SMARCA4,0.174853201720593,0.0960278515510524,0.355928374187601,stable
PRDM2,0.174491343657489,0.0655824385554512,0.283178992900683,stable
IREB2,0.17424869137741,0.049359119911361,0.236169435377071,stable
CADM1,0.174153156283657,0.312777961083587,0.667771327807451,stable
SEC22B,0.174018138592852,0.0408972103475135,0.211296491668641,stable
BRD8,0.174014063568026,0.0352719441463301,0.192226591727481,stable
PPP2R2A,0.173890794495381,0.181797073979501,0.508765437803439,stable
LMBRD1,0.173884251187975,0.077332316681632,0.313848020954937,stable
ASXL1,0.17385293908227,0.0845610324254411,0.329300433376423,stable
PRPF38A,0.173842637805682,0.00965099549264468,0.0774614372305244,stable
KIAA1683,0.173652601842197,0.0110358727365331,0.0850583280777938,stable
NT5C2,0.173646627012059,0.0750886629606151,0.30884381427677,stable
MDM2,0.173622027027905,0.00346483106453596,0.036861701421138,stable
MKL1,0.173348477312611,0.00608912464963281,0.0554432204780337,stable
TROVE2,0.173325724024562,0.123537203454827,0.410246882649228,stable
SCHIP1,0.173182072437604,0.00151945148642924,0.0198711934386102,stable
RP1,0.173106464667403,0.00628693117134132,0.0569688574694625,stable
DDX42,0.173080026734671,0.100385040753678,0.36564563116,stable
U2SURP,0.172979002004191,0.239624280648786,0.586662813360856,stable
SNX25,0.172948081749551,0.0328783607918628,0.183897189139751,stable
AVIL,0.172749786229674,0.000751870280921091,0.0112771316735944,stable
PMAIP1,0.172491012723426,0.00106493449320432,0.0149801602358223,stable
SLC22A23,0.172439671660613,0.00788215968722607,0.0673001383272961,stable
MXD4,0.172315927079179,0.0182035515174671,0.122263853708527,stable
GIGYF2,0.17206057627576,0.0446972768458044,0.221834962307395,stable
LPCAT4,0.171821166940852,0.0199154574663803,0.129838161103484,stable
PIK3C2A,0.171773788796793,0.0663831568343024,0.284426116068178,stable
DYM,0.171658651247762,0.0162539918404817,0.112000448848956,stable
TUBG2,0.171620967073094,0.00812280732969609,0.068715015085263,stable
ZNF33B,0.171611815871889,0.0573823323598043,0.260200774671532,stable
CAPRIN2,0.171176687827295,0.0226323307443452,0.142453027824193,stable
POLR3E,0.170839168896473,0.00440940665438883,0.0441109759695028,stable
PTGS2,0.170827219884341,0.196472228264179,0.528770699758107,stable
EBLN3P,0.170497810517755,0.143986843132369,0.446793842021375,stable
GNL1,0.17026396889804,0.0549377027608641,0.252845812706627,stable
SAFB2,0.170230571671048,0.0478365692857261,0.231953281613929,stable
EFNA1,0.170141208525258,0.411777582576262,0.759554726031723,stable
RNF19A,0.170113019450042,0.116730032017401,0.397027990995532,stable
SRGAP2C,0.170097911848421,0.0501667548554716,0.238326079166533,stable
PRPF8,0.170044191888884,0.277666517962641,0.6310744047697,stable
STX4,0.170039359911717,0.0858264144420463,0.331735581621179,stable
SH3RF1,0.170012796984731,0.119938485911909,0.403225536795152,stable
LINC01001,0.169926634850626,0.000430498762238208,0.0071695052719344,stable
MEGF9,0.169905496534077,0.245926003613197,0.594111270339385,stable
NOC2L,0.169859686735109,0.0410402721115211,0.211499277525815,stable
PIAS2,0.16974852427042,0.0228879072423194,0.143551451067271,stable
TSC1,0.169721488428916,0.0155190570823835,0.108526861427377,stable
FTX,0.169576230702299,0.00109632918818669,0.0153335560599475,stable
SNX29,0.169439521896534,0.00280692455495318,0.0312494041527757,stable
ABCB7,0.169233548723883,0.0032734647887646,0.0353487929133025,stable
ANGEL2,0.169012908489825,0.0116597710483714,0.0884175194139529,stable
KIF13B,0.168955277159513,0.0582873810647531,0.262723062734344,stable
PRDM16,0.168774341190281,0.0300719689566536,0.17242014471207,stable
NCKAP1,0.168765168568153,0.264583023758678,0.617455391765359,stable
MCOLN3,0.168760559115857,0.0347923874495695,0.190462223100554,stable
ZBED5,0.168756190509359,0.0754216770187045,0.30951570873431,stable
HSF1,0.168645183985668,0.125412290878194,0.41366428594038,stable
SBF2,0.168571695776253,0.00454553696753353,0.045062972478961,stable
MAGI2,0.168501164567847,0.00399852421001539,0.040970628619638,stable
TTC19,0.168413036982094,0.0751445501914637,0.308969721338867,stable
PARD3B,0.16837008724809,0.0119416985537307,0.0901082241486445,stable
COG3,0.168347852661857,0.012387418959321,0.0921069399992335,stable
ZNF827,0.168337962670317,0.00889741667532449,0.0732667666692127,stable
POLR2A,0.168190483088489,0.0375110074479296,0.200058706388958,stable
C2orf68,0.168129991291119,0.0551756469813023,0.253364065638734,stable
STAT6,0.168072622688404,0.0504664797408772,0.239116416514474,stable
CYP4Z1,0.168036071356489,0.000786383365182146,0.0116659590485274,stable
ECHDC2,0.167880625970544,0.202049364477554,0.537040972249102,stable
DHX29,0.167852913503919,0.180021674555221,0.506407157293515,stable
ARHGEF17,0.167781298662696,0.0423272382931315,0.215496943313303,stable
CLDN18,0.167596620083195,0.270437369997399,0.623309217830065,stable
C1orf35,0.167546436545514,0.0730551823640019,0.304034593653026,stable
TMTC2,0.167056518705646,0.0843560159133477,0.328832381548164,stable
POLR2B,0.166964303617362,0.159716150500979,0.473187160379051,stable
NUP50,0.166956831895907,0.0385147218709954,0.203458928328024,stable
LPIN1,0.166895249688362,0.119771308099625,0.402885104625706,stable
TMCO3,0.166858710640627,0.108158602578064,0.381127344454961,stable
RAB11FIP2,0.166422333096816,0.0546157868047749,0.251915028907821,stable
MAP3K9,0.166391770340648,0.00713778208616613,0.0626362155213889,stable
GDAP2,0.166299317886305,0.0152903516330423,0.107143818975369,stable
HECTD1,0.166172386881432,0.203367109428526,0.538834423708619,stable
YJU2B,0.166089282026236,0.00470803193095143,0.0460968799660013,stable
KIAA0319L,0.166019350196075,0.172974185835515,0.493335615411419,stable
MBOAT2,0.165888007489617,0.0371079725674126,0.198602389082334,stable
PPRC1,0.165874531198638,8.92499340956348e-05,0.0018875280179672,stable
UBE4A,0.165865520220395,0.0500745989101066,0.238083196062677,stable
FAM208A,0.165826927088865,0.078763751906933,0.317444148799983,stable
NRDE2,0.165810426550976,0.0269162320045138,0.160031138143569,stable
EYA4,0.16571379407927,0.00607865915400154,0.0554432204780337,stable
MED12,0.165619538088214,0.00416134527358954,0.0422845258722847,stable
ACSF2,0.165484645212113,0.0799214515722439,0.319570796960831,stable
SPEN,0.165341038901589,0.075299800394394,0.309295954308156,stable
PISD,0.165285205850394,0.0229596772636366,0.143780274011626,stable
TSC2,0.164991490646816,0.0600146128610192,0.267451194900875,stable
FOS,0.164966257664739,0.0885178930723122,0.338455653711587,stable
DDB1,0.164643191059099,0.192488283181151,0.524430402128366,stable
SMURF2,0.164622318013027,0.0577925106908321,0.260996540430545,stable
NFATC2IP,0.164565366803157,0.0815844028353573,0.323269932012774,stable
CBLB,0.164545713601227,0.00647958972582196,0.0583258503744091,stable
ANKRD10,0.164525160892111,0.101617069041404,0.367959933438637,stable
DPH6,0.16451438309578,0.0223079388113905,0.141072035194226,stable
HAUS3,0.164479213776141,0.00768553787479511,0.0658655043716962,stable
LTBP3,0.164416625021015,0.139791275383245,0.439440336922942,stable
ABCA3,0.164206608388046,0.324636024132827,0.679512116267067,stable
GSDMB,0.164057050429004,0.00241434514465156,0.0278687016508222,stable
NECAP2,0.164038670606666,0.0540902996424098,0.25035964514533,stable
IVD,0.164024684838474,0.110932519060794,0.38751588660998,stable
PRKCD,0.163802436490747,0.0907582155518414,0.343888774893778,stable
FAM135A,0.163791925028833,0.029718848159304,0.171037288088198,stable
SRRT,0.163749228846895,0.0120580142673664,0.0904832206287829,stable
XIAP,0.163488523645806,0.136364683476787,0.432819881560053,stable
CMTR2,0.163314598220797,0.0408287103899568,0.211121047295614,stable
PRR14L,0.163265999486828,0.000984341418170913,0.0140076711242389,stable
THUMPD1,0.163186580284777,0.17962599382375,0.505816205598139,stable
PHACTR2,0.163137333269364,0.0254623211407026,0.153628535845977,stable
NAT9,0.163087872516366,0.0161316904710753,0.111534945881462,stable
BZRAP1,0.163052914817451,0.010712140977102,0.0833515030579854,stable
DALRD3,0.163048587961996,0.0835104208250941,0.327504454336205,stable
FBXO22,0.162765251714433,0.0563040867405531,0.25758276808253,stable
SEC23A,0.162750473768209,0.0220683069616457,0.140183862117081,stable
FHIP2B,0.162443436127668,0.00380397724407979,0.0395743130481969,stable
CELSR1,0.162356500868172,0.15843838554768,0.47122891117636,stable
SLC25A46,0.16216708416833,0.0430953636066459,0.217505253809926,stable
SBNO1,0.162108409369278,0.0511323274034013,0.241432336400695,stable
ABI1,0.162090821145309,0.170752598540467,0.489856785862162,stable
LONRF2,0.161922283722546,0.0202652117013707,0.131487233459425,stable
MUM1,0.161763879981123,0.0518362990584598,0.243523028320758,stable
CEP192,0.161750354846132,0.00952024235104089,0.0767648037593165,stable
ARHGAP35,0.16166673879227,0.212438895697583,0.55181748002704,stable
ZNF606,0.161488733851558,0.00216134929149767,0.025404167056988,stable
CUEDC1,0.160968381493769,0.0837585797776281,0.327956235981951,stable
CAPN7,0.160776158998932,0.0155624562015033,0.108768132994383,stable
HSDL1,0.160710053452841,0.00163554606670906,0.0209569340874754,stable
PGM3,0.16070511747295,0.0248754294935928,0.151659476373904,stable
CHD4,0.160647726036674,0.204771465135792,0.540281974923358,stable
NAA16,0.160640546600047,0.0266540621854259,0.158798846556285,stable
DIP2B,0.160341651378123,0.0422467461388227,0.215356223853615,stable
PPP1R10,0.160260246115239,0.0891261111823087,0.339824573640843,stable
LINC00662,0.160202750464915,0.000633448271000017,0.00980160970215723,stable
ADAR,0.160077633713622,0.267160356000338,0.620593312537761,stable
ZMYND11,0.160008820973719,0.186582915030065,0.514270474256486,stable
MCPH1,0.159947652760158,0.0110052954715664,0.0848761715106797,stable
APC,0.15989443650393,0.175039878773198,0.497254817133063,stable
RAB3GAP1,0.159742570474836,0.10330348849353,0.371460638239062,stable
BROX,0.15957203566509,0.102274701981038,0.369117010270814,stable
DIAPH3,0.159391084441886,0.0614689107834424,0.271480429807115,stable
ITSN1,0.159316988406724,0.0493055189165307,0.236165779421088,stable
DCAF8,0.159270199713576,0.0985690570576114,0.360966881233071,stable
USP3,0.159236373226819,0.0781446910346852,0.315886475928569,stable
MTMR3,0.159225575679391,0.0251770169715546,0.152580583839077,stable
ZC2HC1A,0.159162866514855,0.186556390460426,0.514270474256486,stable
AAK1,0.159101698464959,0.118915500163799,0.401221767550293,stable
SGMS2,0.159004862645015,0.136011815838805,0.43263295259265,stable
EPHA2,0.158774489180137,0.0397173821428811,0.207303705941323,stable
N4BP2,0.158571185657582,0.0111467881379217,0.085804998865211,stable
EFCAB2,0.158571090057688,0.00916077703672639,0.0747538975279996,stable
INPP5E,0.15844314251503,0.00421270556841599,0.0425894751480828,stable
HBP1,0.158359461106539,0.0415909302600481,0.213526892691654,stable
RNF13,0.158298410607292,0.250605973784343,0.600360006688649,stable
PITRM1,0.158263433967791,0.108924931570818,0.383035798031588,stable
CYFIP1,0.158233493754103,0.21018890777901,0.547952486391687,stable
PCF11,0.158104815494002,0.148833767097854,0.456090240412174,stable
DHX15,0.158079970255786,0.178556957632817,0.503850473246435,stable
KLHL24,0.158027011864453,0.316737484371454,0.671371425170219,stable
IL17RE,0.157889177826889,0.270215788668716,0.623229773714412,stable
IBTK,0.157883950138124,0.187800264679379,0.516645888514983,stable
HIBCH,0.157786721707698,0.0962685879807615,0.356494159187164,stable
UNC45A,0.157747846910829,0.0492002726156892,0.235945128463784,stable
ABCD3,0.157708431573171,0.115728806024356,0.39530865006863,stable
TRIP11,0.157669756293673,0.118326771047985,0.400672146617887,stable
ANXA8,0.157655169909461,0.00802080151711688,0.0681444416648056,stable
DPYD,0.157541310778429,0.0795028158479325,0.318918009659498,stable
TBC1D17,0.157476523347098,0.118965181450947,0.401221767550293,stable
THAP9-AS1,0.157378019297642,0.00344638722415404,0.0367596193979611,stable
ZNF302,0.157038254816764,0.106697217208107,0.377938795465635,stable
ZNF587,0.156983223261375,0.00321577766454097,0.0347873151958839,stable
AHCYL2,0.156787832920592,0.045965081561045,0.225925676317738,stable
SYDE2,0.156654098178564,0.112668380556015,0.390379332175943,stable
ALPK1,0.156574903903817,0.0073629374964752,0.0641514953363599,stable
GPBP1L1,0.156423254513282,0.0223740568525378,0.141343912643629,stable
MED13,0.156417678094976,0.122513486449124,0.408177939044451,stable
C1orf168,0.156350890930633,0.0623241006302813,0.273554688008818,stable
SMARCA5,0.156271410523566,0.359004356484089,0.713666928271213,stable
KANK1,0.156206452534397,0.112407131370824,0.389996146771323,stable
KIAA1407,0.156156652802007,0.00954140210664273,0.076834057543874,stable
CEP112,0.155910638759217,0.00453096204018656,0.0449930787808615,stable
ARID4B,0.155893232435479,0.251478290751406,0.601040394611447,stable
PPP1R12B,0.155813870514066,0.0222285825978932,0.140788701386863,stable
ID2,0.155446277429081,0.124102607869082,0.41078534486641,stable
CTNS,0.155344281832824,0.00383809849064797,0.0398614409088196,stable
BAIAP2L1,0.155227517015191,0.110355978518336,0.386419788429716,stable
RUSF1,0.155155589317556,0.0317041312021045,0.179014557825768,stable
FAAH,0.155136209529023,0.102241759051972,0.369117010270814,stable
PPP1R13B,0.155106465140906,0.128297321625871,0.419182961368106,stable
COPB2,0.154902158558981,0.246188670925138,0.594510136979234,stable
EPHX1,0.154814062758511,0.15979336785507,0.4732256309923,stable
SH2D3A,0.154803912672944,0.127526710625864,0.418268449340102,stable
XIST,0.154731170126082,0.363511692185687,0.718664060412554,stable
TCF12,0.154665890208967,0.0648457943066557,0.281090125202615,stable
XRN1,0.154585659129996,0.0159323277093838,0.110531653756815,stable
GPR133,0.154500404950119,0.138743513637237,0.437226272415979,stable
MPRIP,0.154493195625107,0.108464713237893,0.381765808989349,stable
PTPN12,0.154476006068489,0.0766951736130545,0.312403133037647,stable
ZNF692,0.154464478076049,0.0313616879088711,0.177566129225586,stable
FAM73B,0.154409228337336,0.00703162257354701,0.0619269123480106,stable
TRIM52,0.154313056375332,0.0038736129270896,0.0401280037463926,stable
GPBP1,0.154299004744916,0.203454526097624,0.538834423708619,stable
DDX18,0.154241617760898,0.319958415293196,0.675738021517628,stable
MTHFR,0.154119921181867,0.0637723500013025,0.277816538280799,stable
TYW1,0.15393407361844,0.0124833270291759,0.0926851210500318,stable
ZFAND5,0.153820914043948,0.237941852041811,0.584173769704579,stable
FBXL5,0.153698850098747,0.0406000009993389,0.210561905904081,stable
D2HGDH,0.153578791806594,0.0285597810775326,0.166679094605508,stable
NONO,0.153523577310387,0.182646880556013,0.510041257193226,stable
MAPK15,0.153496214135088,0.00717449693606302,0.0629132356861079,stable
BTN2A1,0.15348151014697,0.015294990519635,0.107143818975369,stable
WDR43,0.153336548884751,0.0212458417728437,0.136187294090845,stable
SLC12A7,0.153268128723905,0.0960284504311771,0.355928374187601,stable
KPNA4,0.153093661097028,0.187163780941281,0.515522771119023,stable
PYGO1,0.15296609786226,0.0076472710238968,0.0656923689361311,stable
ZBTB1,0.15227110089265,0.0418961269736601,0.214283789174067,stable
ZMIZ1,0.152198869964051,0.0843467756054446,0.328832381548164,stable
SIAH1,0.152172211704492,0.0789384354481461,0.317654155044505,stable
HIP1R,0.152047825404279,0.0198429900073561,0.129573028765983,stable
ANKAR,0.151967758767495,0.0105722788854979,0.0826266895783837,stable
THSD4,0.15196675202255,0.10098108983446,0.366615040729564,stable
ZNF510,0.151915831984697,0.000553561770355262,0.00874255695196734,stable
RPP38,0.15188668819628,0.070640041630858,0.296838731143214,stable
INTS3,0.151672790055038,0.117224904820918,0.398043676814141,stable
CMTR1,0.151637972737938,0.0338210030582864,0.187392265656264,stable
RSPH3,0.151626710912554,0.0496209752729931,0.23703274784567,stable
RNF115,0.151604338901467,0.0483301525338809,0.233236393436305,stable
GPATCH8,0.1514898019386,0.187477343611129,0.516153839707757,stable
WDR27,0.151413554676158,0.00527179507229441,0.0500718127146285,stable
PPWD1,0.151186408034161,0.00836996017771857,0.0703191705927366,stable
NXF1,0.151154020900694,0.0743200293135946,0.307286180500082,stable
PEX13,0.150972217818944,0.0816836660356974,0.323558371231486,stable
ILKAP,0.150960267129877,0.105284569976144,0.374987813491009,stable
SPATA6L,0.150733834753827,0.0112448467467882,0.0863966100771461,stable
PFKFB3,0.150631022150989,0.0207209140233281,0.133775492821311,stable
MAU2,0.150545022907809,0.0534364603097929,0.248462263532487,stable
MAML2,0.150509839203922,0.0726367118098043,0.302834640232963,stable
JRK,0.150506327296052,0.00129713703770809,0.0175984496658643,stable
APPAT,0.150452403393319,0.00285535756411397,0.0317019898853126,stable
CABIN1,0.150405736064283,0.0440301796836323,0.219898050526097,stable
CROCC,0.150224314942401,0.0330370244629382,0.18431975674804,stable
SETX,0.150166908269815,0.229234055661557,0.573390034050926,stable
MIB2,0.150145049634063,0.049590048774113,0.236977621663314,stable
PAPOLA,0.150144005804441,0.0773192314304469,0.313848020954937,stable
PIM3,0.149972764055218,0.440571308871307,0.784860722316304,stable
FNIP1,0.149959201091771,0.115903270343955,0.395659528353145,stable
SPG11,0.149842741547972,4.11886172019388e-05,0.00097764981878932,stable
AP1G2,0.149760837806034,0.159629419664348,0.473113058373209,stable
HIPK1,0.149632605347162,0.0699911046618614,0.294950012038255,stable
ESRP2,0.149611176002998,0.172234198951772,0.491865635852793,stable
GNAQ,0.149551885441902,0.386643163175513,0.737584879227149,stable
GEN1,0.149529296953794,0.000897895130949241,0.0130200119581536,stable
MBTD1,0.149382712319074,0.00898636719550352,0.0737739104082169,stable
ANKS1A,0.14938070783745,0.27121453335748,0.624408721793281,stable
IFT140,0.149330840526599,0.0424267446333341,0.215913624645244,stable
NRP2,0.149247207800631,0.232089929789411,0.577226307577977,stable
GGT7,0.149207627521027,0.103349870358594,0.371460638239062,stable
GMDS-AS1,0.149153537770386,0.00629155412170929,0.0569688574694625,stable
PTPN2,0.148828983801885,0.0950526679551933,0.353343088619132,stable
EXT1,0.148616160412237,0.12343237620519,0.410121328806304,stable
GALNT5,0.148614520674232,0.327077709628323,0.682402785884386,stable
FBXW11,0.148584531235441,0.0923546247506376,0.347951381953413,stable
IPO9,0.148495536187022,0.116120308979314,0.396163733453288,stable
SPPL2B,0.148464937872145,0.0851707412655226,0.330516552771348,stable
FOXO3,0.148445107142298,0.255163348995705,0.604714381179431,stable
PRMT10,0.148403332127017,0.0025988512887376,0.0294424079272738,stable
TTBK2,0.148167612199635,0.026404964095545,0.157913053377663,stable
KHNYN,0.148066380308767,0.0615611208708139,0.271480429807115,stable
DSEL,0.148047786190471,0.0262879245020033,0.157444188688137,stable
NHSL1,0.148039357391555,0.102269314524325,0.369117010270814,stable
RYBP,0.148030466362018,0.186820167182904,0.514776551725641,stable
SETD4,0.147883607600329,0.0375968103946646,0.200341504038527,stable
IQCA1,0.147649012395549,0.00982930462969774,0.0782922869058333,stable
EFTUD1,0.147602139892812,0.013320311486169,0.0972104403623458,stable
FLYWCH1,0.147526027441417,0.0234549890645927,0.145836106981476,stable
CRK,0.147419797393784,0.398585313707794,0.748779295337955,stable
ZNF26,0.147411829495764,0.00875731859372089,0.0725759067726401,stable
PMS2,0.147318734529672,0.0109978205181676,0.0848720694533336,stable
MRS2,0.14728963877549,0.115110377545052,0.394126673192793,stable
WDR73,0.147248977678715,0.039751597580038,0.207393738292097,stable
FRMD4B,0.14721246746202,0.0046404294326862,0.0456719882328149,stable
HDAC8,0.147149856936815,0.0466061642784014,0.228102453520259,stable
LRP5,0.147063143896968,0.161187571499298,0.474519016433844,stable
ZNG1A,0.147011536684433,0.0563750911369657,0.257731546514901,stable
TET2,0.146952526014982,0.00434468184104427,0.0436037691501849,stable
MCTP2,0.146952307313595,0.00966464082127449,0.0774692258355799,stable
ARL5B,0.146792303323274,0.12346584505949,0.410121328806304,stable
SIRT2,0.146752451147914,0.0480923605965023,0.232364037917646,stable
ZNF84,0.146613213887119,0.0523628604931911,0.244796871916591,stable
PARP9,0.146612269829477,0.0964591481869512,0.35665959692598,stable
FAM174B,0.146524602588929,0.397103059158678,0.747142957542816,stable
KLF11,0.146424511718494,0.00743211061000272,0.0645242330232054,stable
HSPA1A,0.146414219748301,0.171627921714041,0.491167154696725,stable
PHRF1,0.146294880430211,0.0422315170259948,0.215356223853615,stable
DNAJB12,0.146286426396571,0.159041375665967,0.47247031129132,stable
USP32,0.146120146249667,0.0299277981435999,0.171728922774803,stable
CEPT1,0.146084661368486,0.107711073487464,0.380085193272507,stable
MS4A15,0.145998745150395,0.504075106447391,0.834369715248286,stable
RAB30-AS1,0.145947404684558,0.0445717933661965,0.221572022004224,stable
HEATR5A,0.145860542048327,0.0587621964730042,0.263878771872906,stable
KLF10,0.145774026448581,0.344024529069802,0.700542369373523,stable
GON4L,0.145727217296321,0.0961350084158405,0.356199487252273,stable
ACSS2,0.145674029458619,0.13205727904942,0.425813100513002,stable
ATXN7,0.145612762105471,0.0247291560682071,0.150993608280601,stable
ICAM4,0.145591374415652,0.103180132833255,0.371294831171537,stable
ZC3H13,0.145450945147634,0.202500159811076,0.537771443304496,stable
DERL1,0.145307756464248,0.0538632078710766,0.249835263812474,stable
AKAP8L,0.145161697260454,0.107343385114424,0.379415777883854,stable
PWWP2A,0.145153804771751,0.0516992837347347,0.243074077019697,stable
IGF1R,0.144858264504499,0.123935320552044,0.41068230501847,stable
WNK1,0.144816408944121,0.408532923409672,0.757983083646897,stable
AKAP10,0.144683774617126,0.0123033496636789,0.091816939126258,stable
TRIOBP,0.144633368631778,0.234306617912025,0.579641778317086,stable
ZNF66,0.144569442965126,0.0229245799187937,0.143707725603761,stable
CTBP2,0.144569151197489,0.14161868646129,0.44297513390553,stable
STAM2,0.144513054976296,0.0547270482824566,0.252161115041368,stable
DCLK1,0.144256461998676,0.017580924947386,0.118966626623579,stable
RNASEH2B,0.144228921381679,0.123949076764394,0.41068230501847,stable
SEC24B,0.144149806391482,0.0865483980805272,0.333849043274334,stable
FAM76A,0.144143040758873,0.111182991760504,0.387871258927053,stable
CAPN8,0.14408534972676,0.0660766148099695,0.283765869946383,stable
AKAP17A,0.144006444268919,0.0668090823486601,0.285750252844654,stable
ITCH,0.143937425934638,0.0158519202444194,0.110161383210792,stable
DCAF6,0.143756545964515,0.144179226155777,0.447013009862216,stable
ZSCAN18,0.143519231033617,0.0904141823756335,0.343223936897613,stable
IMMT,0.143496744014206,0.186111494986057,0.513550093613896,stable
KRR1,0.143474870401256,0.152015953725357,0.461675284059322,stable
DENND4B,0.143342773186368,0.0243526800434374,0.149366362694922,stable
DCAF7,0.143277225970253,0.173342140471582,0.493881341366377,stable
TET3,0.143261232320723,0.0239633408707873,0.147570719800758,stable
AGTPBP1,0.143151747662707,0.316476505806184,0.671167384971339,stable
ERCC6L2,0.143043610794276,0.0065077446425405,0.0584072470707893,stable
CXorf57,0.142894002387406,0.00622911452240313,0.0565290986799227,stable
KIAA0247,0.142764658971188,0.243367977498555,0.591202336435281,stable
ATG4B,0.142732096412171,0.147212254379137,0.45332936372203,stable
CCNT1,0.14266357482222,0.0394644639362432,0.20656311765658,stable
GGA2,0.14247576365682,0.282727194608099,0.636943830978512,stable
ARL16,0.142419909394844,0.211311403688455,0.55040924753626,stable
RARS1,0.142359372045819,0.16353367174649,0.477780975962975,stable
INO80D,0.142211235267329,0.0821922913000209,0.324521501567008,stable
TSEN2,0.142163932817857,0.00885214470150695,0.0730853055281632,stable
SAMD12,0.142135445142218,0.0520464212660642,0.244152707237541,stable
TLK2,0.142033879713359,0.0258204006879265,0.155482058132617,stable
NUP54,0.1419936052441,0.0258659370826109,0.155679574051125,stable
SS18,0.141936829644577,0.146055172043734,0.451165347333014,stable
SLTM,0.14188851858636,0.0813390392658865,0.322806154470549,stable
ZSCAN29,0.141865058389059,0.0117819987194177,0.0891232378379715,stable
CLIP1,0.14181124733222,0.313671954529258,0.668466871019115,stable
PUF60,0.141760819443787,0.344251830172384,0.700655073597606,stable
SLC5A3,0.141690065673044,0.143221064176194,0.446081069917696,stable
CMC2,0.141643727093247,0.165642433293713,0.480953231492245,stable
EOGT,0.141601984667432,0.0516036536695336,0.242952943885144,stable
PAPD4,0.141491489976656,0.043534515393967,0.218429203234398,stable
KAT6A,0.141441799912498,0.0899001661123331,0.341922722637573,stable
ARIH1,0.141349876144593,0.104944367681868,0.3746612005091,stable
MBP,0.141342405218792,0.269329667592101,0.622477946047617,stable
PLEKHH3,0.141320671611516,0.0791918959628991,0.318225422830532,stable
SLC15A2,0.14129540483751,0.29614665711398,0.650511542958005,stable
GPC5,0.141203238651714,0.0369344040733671,0.19802024359335,stable
SLC38A10,0.14090177029099,0.0765526955573609,0.312238955786847,stable
SEC24D,0.14077701060786,0.0377567678212541,0.20058180349718,stable
TMEM165,0.140629376205457,0.472007076136198,0.809003715463949,stable
TRMT10B,0.140532977916407,0.0167668906312487,0.114565942468633,stable
CYP20A1,0.140528939110304,0.204347637409321,0.539291328765953,stable
HELZ,0.140417954112272,0.206717623496767,0.542312791772031,stable
FAM76B,0.140390783886104,0.0225059651860034,0.141810782697786,stable
AKAP8,0.140381413511598,0.0399071372318072,0.207938979335725,stable
CSRNP1,0.140335900044895,0.190472088641458,0.520535206132492,stable
TRAF4,0.140240259547205,0.240355091875633,0.587333103068903,stable
AMT,0.140183615912268,0.0199134265565531,0.129838161103484,stable
MAP3K7,0.140073514162572,0.0480880560322776,0.232364037917646,stable
KANSL3,0.140073045687235,0.170001864479619,0.488735369566995,stable
MAPK8IP3,0.139888626004952,0.0517208503213541,0.243074077019697,stable
PDS5A,0.139845305646568,0.290237798616112,0.644949436517605,stable
RPUSD4,0.139728909525645,0.0053430798863354,0.0504490561782545,stable
SH3BP5-AS1,0.139481732980302,0.0111229264311297,0.085675269498506,stable
WDR19,0.139455909732871,0.0632532543060075,0.276145635941656,stable
IWS1,0.139321241837521,0.235276910917053,0.580461132569056,stable
LRRFIP2,0.139319795095737,0.224380513161714,0.566816985511219,stable
ZMAT1,0.139317871556673,0.041806640498148,0.214198622735317,stable
LRCH4,0.139256801231145,0.140137836791026,0.440157522788968,stable
DDHD1,0.139217985370473,0.00515666705617623,0.0492846740380752,stable
C5orf45,0.139111221558368,0.0346486377650186,0.189853295280367,stable
REV3L,0.138895103056548,0.142673311137493,0.445134904375884,stable
MAP3K2,0.138755729595726,0.291749728262485,0.646311830061729,stable
SLC25A22,0.138643774019909,0.0653352193406177,0.28238031300617,stable
DIAPH1,0.138595567104481,0.342749166555209,0.698993295290435,stable
CAD,0.138523516020017,0.00839931611483219,0.0703717769690974,stable
ROCK1,0.138318372218076,0.331848747359265,0.68801205694024,stable
TRPM7,0.138236744521662,0.146791159506912,0.45255362769546,stable
SYNE3,0.138173534497189,0.032294832451108,0.181337635223861,stable
RGS12,0.138067060639964,0.0164957106403471,0.113028905194845,stable
ABCF1,0.138009017559918,0.244771140865962,0.592697164282325,stable
GPN2,0.137538502897193,0.0278818957338615,0.164058892267169,stable
SNIP1,0.137471830612052,0.0251146482039302,0.152358044488755,stable
GAS8,0.137468287303191,0.104016025801295,0.372543773628782,stable
ZNF281,0.137432977299266,0.101753213491096,0.368215299501229,stable
SMAD4,0.137367256126549,0.146457792029505,0.451867756125358,stable
ZBTB7A,0.137228479224662,0.152261339225202,0.46224676012704,stable
AKT2,0.137038097306927,0.143883849644692,0.446793842021375,stable
PRKAG1,0.136960489220219,0.137940142836153,0.435592949116284,stable
KDM5D,0.136919077157766,0.0231223752283818,0.144503023922157,stable
DAB2IP,0.136894496551222,0.156333999871299,0.468861433965628,stable
ZNF800,0.136814056506412,0.030749659352312,0.1750473974097,stable
ACBD4,0.136740473417628,0.0387066493445322,0.203868062104504,stable
MBD5,0.136705087419204,0.0200110317695753,0.13025285002731,stable
FBXW2,0.136594051094037,0.190208986482169,0.520159877127078,stable
ARHGEF28,0.136527234865045,0.0232995757368676,0.14531327235075,stable
SCGB3A2,0.136362491397319,0.00470999697951044,0.0460968799660013,stable
FAM13A,0.136281120124972,0.166978963432857,0.483570445155946,stable
ZNF280D,0.136216157181606,0.0605521224330026,0.269257600807939,stable
ZNF664,0.136191835703486,0.132115164860648,0.425813100513002,stable
RCBTB1,0.136124698792484,0.0867583293294399,0.333921227242781,stable
FARS2,0.135819041483784,0.0505771425508533,0.239448098583126,stable
DDHD2,0.135815901034974,0.0887708140776161,0.339104509776494,stable
U2AF1L4,0.13581589057513,0.0175023467956758,0.118531128659468,stable
JUNB,0.135794938884325,0.514986903941538,0.841744275559075,stable
ERBB2IP,0.135779460214553,0.251972575750159,0.601212188669206,stable
URGCP,0.135768860214351,0.0049661084135485,0.0478753726606407,stable
SH2D4A,0.135751310114166,0.359986563695677,0.714881814932193,stable
IFT172,0.135726887214535,0.00312869567791323,0.0342085652654842,stable
PDPR,0.135696612667078,0.105881017896452,0.376238253405031,stable
PPTC7,0.135600199959885,0.0898610242444939,0.341880224203141,stable
YPEL1,0.135087225403337,0.00609131586240177,0.0554432204780337,stable
SRGAP2B,0.13495191627758,0.0486571249939657,0.234249612218911,stable
SCARF1,0.134884348285409,0.0115697983921118,0.0881627653873506,stable
EXO5,0.134774924702129,0.00385224933173463,0.0399724617092402,stable
CEP104,0.13473748484683,0.156725305354425,0.469676423793208,stable
PLEKHA3,0.134641914777294,0.0136638510141382,0.0985409526824928,stable
DDX56,0.134556123235598,0.120409710775635,0.404210816862865,stable
GPSM1,0.134465854572559,0.00446088609199073,0.044454855735847,stable
AGL,0.134298367801356,0.133473033288505,0.429135812445736,stable
SCAF4,0.134262021190392,0.047469341216534,0.230813535016273,stable
RORA,0.134189623753322,0.214554312610767,0.5541330905037,stable
AARSD1,0.134073552993115,0.016251151775956,0.112000448848956,stable
FUBP3,0.1339853912177,0.114367225812938,0.393552594727028,stable
ITGAV,0.133939883981976,0.165018551386484,0.480070316638591,stable
BICD1,0.133927079493796,0.0096499868132512,0.0774614372305244,stable
IL1R1,0.133828099009328,0.0536970012138645,0.249389112020623,stable
TDG,0.133810267647496,0.166426327490571,0.482541609877786,stable
HSPH1,0.133790405337557,0.0616983438332075,0.271881959270774,stable
KLF9,0.133782708975064,0.127783240275788,0.418772742394431,stable
GPATCH2,0.13376480575353,0.130636861175218,0.422797191158556,stable
DPY19L3,0.13368014712057,0.0118263659435799,0.0894035233731113,stable
MKNK1,0.133628104774944,0.000336991066557398,0.00579581465227419,stable
POLR2H,0.133434672687557,0.150429203412782,0.459023110963018,stable
DDX10,0.133432460077063,0.0173927376354624,0.118050430236475,stable
NFKBIA,0.133363881419739,0.568064869447667,0.880774348570304,stable
AP5Z1,0.133338325342499,0.0765971813512907,0.312265535810735,stable
HMG20B,0.133322327779592,0.203435885612589,0.538834423708619,stable
EIF2B4,0.133299830753296,0.100065445722212,0.364807637491296,stable
SLCO1A2,0.133194133194936,0.0766358481210901,0.312265535810735,stable
SLC37A3,0.133042675215965,0.0434741001399183,0.218334799947397,stable
KIF21A,0.133017625972126,0.132268725963202,0.426126827797535,stable
PTP4A1,0.132842283182047,0.232903985430651,0.577895875257835,stable
DCAF16,0.132839710854268,0.00371803470129858,0.0389120344081112,stable
SRP19,0.132819635792537,0.0384773618173517,0.203437400888974,stable
MAT2A,0.132818210960252,0.212227878264605,0.551503738075367,stable
PM20D2,0.1327170185371,0.0565125458661922,0.258098330440492,stable
ZBED6,0.132698277420826,0.00119820100921541,0.0164941544331635,stable
CLCN6,0.132689780261094,0.0401918835866179,0.209066206367156,stable
GIT2,0.132666632098161,0.0630186168926406,0.275613442896472,stable
NDEL1,0.132603026518597,0.12360080275768,0.410261653866059,stable
ZNF444,0.132508858551827,0.0763628031279768,0.311892137219258,stable
SETD1B,0.132348939644112,0.0158790566691765,0.110287266320463,stable
HERC1,0.132205881578864,0.104159425832513,0.372852266006147,stable
SREBF1,0.131982041409947,0.264030926718591,0.616761713779487,stable
DCUN1D1,0.13191354036136,0.0900504526398789,0.342284361287599,stable
VARS1,0.131836813165895,0.106293830509613,0.377165684803922,stable
ZFP30,0.131767454380149,0.0158149984264324,0.110071339501344,stable
LINC00472,0.131760152339044,0.00349379773656526,0.0370409224039668,stable
UBE2W,0.131750779824484,0.107738481240939,0.380085193272507,stable
DSCR3,0.131731999425523,0.116167920669601,0.396215586569533,stable
CNTN6,0.131718416471058,0.00988021869438078,0.0785177760895843,stable
AP1G1,0.131640954268973,0.240540641368486,0.587603677076014,stable
GOLGB1,0.131638196356579,0.358411943511472,0.712858379024444,stable
UVSSA,0.131581796630878,0.0624056258730719,0.273617780011632,stable
OSBPL3,0.131474379954381,0.0335282248679159,0.186363549297227,stable
RHBDF1,0.13139716835266,0.147917518209851,0.4543554808897,stable
FAN1,0.131344455012942,0.0354656929687855,0.192922814461941,stable
SOS1,0.131322924179996,0.138725184128511,0.437226272415979,stable
ZNF264,0.131317574004651,0.0946861831382467,0.35281511606011,stable
METTL16,0.131286887618336,0.114239950245093,0.393524700959913,stable
ADCY6,0.131252810744687,0.159895963198607,0.4732256309923,stable
SCUBE1,0.131246122943345,0.038510311745926,0.203458928328024,stable
BAZ1B,0.13111348713247,0.260226340002045,0.612134811279885,stable
MYEF2,0.131072148451175,0.183735130232741,0.510983256184483,stable
CCDC6,0.131051765658926,0.162982581990129,0.477311711127776,stable
HSH2D,0.130996505426247,0.00672039729489108,0.0600074043336366,stable
SNAPC3,0.130968771718933,0.157192592682613,0.470016412079008,stable
ZMYM6,0.130774210617301,0.0246581438325409,0.15071057510449,stable
FPGT,0.130744323287487,8.22718416378552e-06,0.000254605314476238,stable
PCNX,0.130643176949187,0.0428526118552463,0.216828160680807,stable
RAB21,0.130505342561094,0.0570524412841472,0.259452768696955,stable
NDNF,0.130488423499342,0.337938289968355,0.694045305203826,stable
PCIF1,0.130383846389771,0.100802748406451,0.366458166252322,stable
DDX3X,0.130367785702891,0.133758124211241,0.429487604507017,stable
FAM85A,0.1303188551956,0.0266395925486149,0.158798846556285,stable
BRD9,0.130250076715425,0.132403199836717,0.426368997577456,stable
CCDC132,0.130208406886473,0.0800704508410657,0.319967698947757,stable
TRNT1,0.13013791256328,0.00581992892597217,0.0534908354820179,stable
R3HDM2,0.129667242184562,0.0573932829680624,0.260200774671532,stable
UBXN2A,0.12955847969804,0.133719226277761,0.429487604507017,stable
DECR2,0.129502912253493,0.0143638746213135,0.102321680286093,stable
GULP1,0.129278316284505,0.0798582553691126,0.319542717758383,stable
BLTP3B,0.129262493782658,0.110498516090386,0.386808092980777,stable
CHST10,0.129207774125595,0.0429618352256721,0.217100237204885,stable
PPP2R2D,0.129134436966705,0.11802584582607,0.400207472781658,stable
MATR3,0.129108124290239,0.0834156240787476,0.327447844810087,stable
FLII,0.128952198172204,0.203028458184985,0.538472526112662,stable
PHC1,0.128853411374794,0.0522295117266322,0.244630567626087,stable
ZBTB7B,0.128839534607093,0.123701268842034,0.410457196070853,stable
COL4A3BP,0.128732014308825,0.303429037134292,0.658892394373621,stable
SP140L,0.128725955539368,0.0143555124583644,0.102321680286093,stable
CDK18,0.128716627645873,0.0868492724586758,0.334166039198883,stable
PTGR3,0.128532217094871,0.0994592907513437,0.363139298131549,stable
ALDH3A2,0.128436508318523,0.384531868464752,0.736282815062466,stable
ARHGAP27,0.128389637123042,0.102887831743995,0.370807752371878,stable
TAF1,0.128345000785721,0.0745005473781347,0.307537052935725,stable
CPSF2,0.12824193715275,0.0905657740157947,0.343492405078832,stable
GBF1,0.128173495956237,0.115486666923118,0.394773214896026,stable
ZBTB49,0.128118452209331,0.00115271412260084,0.0159217824120596,stable
SNHG12,0.128114435023871,0.183621328618638,0.510918543315399,stable
SENP7,0.12809053929262,0.0981896888880278,0.360288877377459,stable
BBX,0.128088758535933,0.176010635419684,0.499432220838026,stable
L3MBTL4,0.128040982886954,0.0340054145426236,0.187823715813201,stable
DCUN1D4,0.127991909212562,0.0268624017187294,0.159788807109367,stable
DNM1L,0.127921232019479,0.0803778489116094,0.320776632417732,stable
NLN,0.127844241145657,0.0848307060601655,0.330035184875704,stable
FAM91A1,0.127758994484171,0.122245167278738,0.407617273544816,stable
PRODH,0.127672699868464,0.0269941735369482,0.160260698064913,stable
MFN2,0.127601058292313,0.0821326649875278,0.32439085518822,stable
PDGFA,0.127582949072215,0.426205203600044,0.771498949919583,stable
SVIL-AS1,0.127577592001204,0.0489083553235178,0.234913844980229,stable
SHOC2,0.127551705870849,0.0558077678884776,0.255599158736886,stable
WWP1,0.1274433530392,0.176324164196707,0.500205751483069,stable
MEMO1,0.127411105279689,0.034650090131749,0.189853295280367,stable
TP53BP1,0.127359564689933,0.0724548345151703,0.302282558741789,stable
SELO,0.127214360841196,0.0969358165962992,0.357772772365085,stable
ZNF770,0.127005517714858,0.0428547804486935,0.216828160680807,stable
ANKRD17,0.126910587008167,0.309569813614945,0.664707781772193,stable
KIAA0947,0.126886724963684,0.220325389566035,0.561329212600085,stable
SEC24C,0.126785107958597,0.195635741427312,0.527914194968534,stable
ARRB1,0.126759727594797,0.0627187193431661,0.274498254654802,stable
HNRNPUL2,0.126717964257815,0.171450860376751,0.490823259308058,stable
STEAP4,0.126715179982467,0.0359910601306467,0.194330943409529,stable
ZBTB25,0.126532822705984,0.0307426267878949,0.1750473974097,stable
KIF16B,0.126489856420977,0.027315823630085,0.161699093488697,stable
SFXN1,0.126479939480189,0.0443447019469962,0.220942277777371,stable
ABCF3,0.126429843486492,0.0975448996915857,0.358829026129986,stable
GPHN,0.126369009169714,0.0983688843493305,0.360341996489726,stable
PKP3,0.126307233660832,0.417018439554137,0.764431271068126,stable
PIGG,0.126204820748866,0.108322913014057,0.381376523238431,stable
REC8,0.126181776520321,0.10517434338703,0.374716168336652,stable
DDX19A,0.126030992545348,0.102660186657215,0.370291567334847,stable
ETV6,0.125991150165966,0.0205437007090389,0.132800739009673,stable
MEN1,0.125960968358089,0.0454183454389858,0.224090014839025,stable
USP9Y,0.125954224588959,0.0189222069834186,0.1258460599376,stable
TGFBR2,0.125894790724988,0.462299915663238,0.802282837405501,stable
MMS19,0.125878984350094,0.208742571581024,0.54522846047146,stable
RFX2,0.125765188567881,0.20899805149549,0.545546056263265,stable
INTS1,0.125691447357696,0.206648671204215,0.542312791772031,stable
PARP6,0.125575032128543,0.159583165616484,0.473113058373209,stable
AP3M1,0.125535326203174,0.0905000994273137,0.343349849596363,stable
MSH6,0.125483590854097,0.122157343892159,0.407435572097611,stable
CREBBP,0.125463742782182,0.151064661589203,0.460387540081379,stable
PRKAB1,0.125372008738619,0.122639732075489,0.40820254531111,stable
OSBPL11,0.125263149858319,0.0475693961793186,0.231025195866995,stable
ZDHHC17,0.125196595469129,0.138299651601675,0.436390020954796,stable
ARID1A,0.124944416293658,0.372884419849761,0.727556129009334,stable
ZNF316,0.124842410983982,0.0947775751389706,0.352897069296003,stable
ZSCAN31,0.124784354764062,0.00519701832257114,0.0495638064498848,stable
ADRB2,0.124689694770654,0.5070352980395,0.836525073796469,stable
AGO4,0.124599977155415,0.0694376418028538,0.293337828692629,stable
NADK,0.124558090833441,0.201760372915828,0.537040972249102,stable
NCBP1,0.124401463715763,0.0431677723495349,0.21751251791991,stable
PPP6R3,0.124373093752169,0.282724240172974,0.636943830978512,stable
RNF38,0.124302037698781,0.193754192650148,0.526324988915557,stable
CAPN13,0.124165139598334,0.0898209935401746,0.341880224203141,stable
KIAA0232,0.124005252679944,0.000567473574326486,0.00893186629885058,stable
PRAG1,0.123922189248998,0.147351531021481,0.45332936372203,stable
PRKD3,0.123873190724128,0.0975096281896611,0.358807253157862,stable
CORO1C,0.123854894113236,0.337194887087987,0.693450588789293,stable
RBM12,0.123701358124483,0.0919638008617832,0.346857334855411,stable
CXorf23,0.123676096843658,0.0486518943740121,0.234249612218911,stable
OSBPL7,0.123623089349798,0.0319937790228654,0.180060752659073,stable
RNF169,0.12356013418449,0.107264662273059,0.379401216621188,stable
MTX3,0.123500425604536,0.0105864146244835,0.0826266895783837,stable
FNDC3A,0.12348828059362,0.129314607376771,0.420150040511716,stable
MEF2D,0.123429212528473,0.170364405637432,0.489226031838351,stable
CSAD,0.123377018291092,0.08202827463381,0.32423925108586,stable
MPDZ,0.123376029583412,0.140321814979435,0.440157522788968,stable
B3GALNT2,0.123351070939862,0.0497012264697473,0.237230688155483,stable
RGP1,0.123184154806236,0.131571064872019,0.42503295375147,stable
ARPC4,0.123158188545812,0.284821644723487,0.639188504699818,stable
NAP1L4,0.123059990492721,0.244142742953459,0.591908149516678,stable
DIS3L2,0.123021615744335,0.0855941491094432,0.331213320263955,stable
FAM35A,0.123017149048942,0.136795698628149,0.433434582693234,stable
EVI5,0.122988637983699,0.437776749399604,0.782365933429936,stable
TBCK,0.12293569818815,0.0790286873251072,0.317778511138852,stable
RBFA,0.122869347986287,0.163253029595632,0.477705547452164,stable
ATR,0.122836631603511,0.0661362044729422,0.283765869946383,stable
DIP2C,0.122749082571607,0.111777375246299,0.389389180681321,stable
PLEKHB2,0.122734531134593,0.416945016748289,0.764431271068126,stable
CTIF,0.122689461399385,0.080893465413949,0.321783833784612,stable
MORC3,0.1226748602446,0.135192116474466,0.431689334457128,stable
ENTPD4,0.122573123746187,0.105792110323549,0.376040347948549,stable
MON2,0.122571401202403,0.180972374729877,0.507695627214664,stable
IRF2BP2,0.122550659658738,0.515281550751178,0.841744275559075,stable
NBPF9,0.122481874724814,0.0174123783232914,0.118118153509386,stable
FHOD1,0.122460441919759,0.0944478971858546,0.352313425450072,stable
KIN,0.122400474104329,0.10292463218241,0.370807752371878,stable
KLHL20,0.122168729311519,0.101393918935843,0.367500927960331,stable
WDR59,0.122123497400862,0.0758743182604713,0.310404172160643,stable
ZC3H7B,0.121997822504372,0.0661005959961894,0.283765869946383,stable
TCF20,0.1216734840153,0.0358592878436391,0.194023732330734,stable
HIPK2,0.12165800435996,0.095895817594031,0.355793688534586,stable
TBK1,0.121613918975107,0.0709256074223168,0.297629462797941,stable
ULK2,0.121523918621411,0.144830671285257,0.448318593515062,stable
ENTHD2,0.121490544958881,0.00272944539145735,0.0306098536377749,stable
ABHD10,0.121345052043737,0.0145028756771039,0.102892137131119,stable
RGMB,0.121317435223163,0.046177710000818,0.226515380036115,stable
CSPP1,0.121316329563762,0.083573310766972,0.327641761214115,stable
PHF21A,0.121259002262757,0.0457596193717999,0.225096815775003,stable
NCKAP5L,0.121238617141707,0.168040401213134,0.485103878156042,stable
CYFIP2,0.121203500378904,0.0113695899992993,0.0871359674930628,stable
ZNF322,0.121184896046858,0.131129859148929,0.423943771022616,stable
FBF1,0.121162021536714,0.00993195574554632,0.0787342587766266,stable
MFSD2A,0.121118216077308,0.0296230233112963,0.170739646915991,stable
SOGA3,0.120987274201472,0.0171885900379831,0.116989601683912,stable
TRIM22,0.12097538376946,0.244977650633627,0.592697164282325,stable
POLDIP3,0.120871158461065,0.170412667176677,0.489226031838351,stable
PDE8A,0.120827270776506,0.0076299792478099,0.0656360776391473,stable
RAB6A,0.120728693487865,0.514438144109578,0.841382375380717,stable
ZNF141,0.120674466091048,0.0401362727993484,0.208865814686775,stable
RSAD1,0.120427414799331,0.15526198246101,0.466893597442406,stable
ME3,0.120372159763031,0.0285797923996355,0.166679094605508,stable
ACACA,0.120332464284484,0.204175001593023,0.539176606197437,stable
LINS,0.120285302689792,0.0548878999632938,0.252711747326291,stable
NOM1,0.120271556700912,0.0396551087354377,0.207244142446341,stable
CCAR1,0.120084584269361,0.116094579737729,0.396163733453288,stable
PIKFYVE,0.120052699816732,0.112938870749985,0.390873373739471,stable
MED6,0.120041585352914,0.131207777974818,0.424083521407766,stable
ITPRIP,0.119997828472334,0.112731941662293,0.390488879251874,stable
ALDH1A3,0.119895476347341,0.0318482387202163,0.179489566674008,stable
LPGAT1,0.119895305470138,0.138654217279302,0.437226272415979,stable
NECAP1,0.119782461975144,0.123335277776964,0.409910395743775,stable
FRA10AC1,0.119691456940829,0.171314558921028,0.490775222398579,stable
PTPDC1,0.119659326056611,0.0358506723998274,0.194023732330734,stable
STRN3,0.119462772026561,0.129271269284282,0.420150040511716,stable
RNF145,0.119439541480848,0.486399768803756,0.821677243201373,stable
SLK,0.119281703419471,0.477730933127223,0.81412786623226,stable
TCERG1,0.119241996317501,0.191595511091222,0.522537894541948,stable
DNAJC16,0.119192139778159,0.125849052152937,0.414545624768931,stable
KDM6B,0.119185847591607,0.151601147982065,0.460758934095664,stable
SYT15,0.119166075212736,0.234494445563368,0.579641778317086,stable
ERVW-1,0.119096695947755,0.000438257408059497,0.0072493349879828,stable
DPP7,0.119053098825875,0.433178418893592,0.777077953277213,stable
CAPN3,0.119029211215694,0.0222523101363073,0.140865996429943,stable
NAPB,0.119024876261199,0.0342345012679412,0.188675628268401,stable
TBC1D25,0.118961547188422,0.0789486055304021,0.317654155044505,stable
KAZN,0.118851445113207,0.159992954774298,0.473318944617866,stable
PPIG,0.118842955039063,0.19698806073937,0.529692488886506,stable
OSGEP,0.118734677010966,0.062625460591822,0.274286503143831,stable
CEP350,0.118638295382107,0.347997866063008,0.702895888095541,stable
FZD6,0.118631620220696,0.345011908117517,0.701151382348883,stable
ARHGEF7,0.118424662473526,0.0297468711259451,0.171037513002612,stable
FANCM,0.118361699844371,0.00211224548414523,0.0250042652557755,stable
ZNF597,0.118341348564037,0.0386421522198935,0.203779839834331,stable
PGAP1,0.118273732571514,0.00394931470089973,0.0407052469677895,stable
NIPAL3,0.118258658934496,0.146004557355451,0.451152605943638,stable
MAFG,0.118157391641205,0.194588205141728,0.526634753906675,stable
COPS7B,0.118082224988814,0.0512300436539507,0.241737407652119,stable
INTU,0.11796346173246,0.104870509664823,0.374508240436906,stable
DAP3,0.117875705161835,0.351120354548372,0.706579291946423,stable
MAPK8,0.11786814230672,0.0936077599565372,0.351026757031385,stable
G3BP1,0.117639023387503,0.441048411766088,0.785228049144867,stable
ELOVL7,0.117561859187993,0.093789612407487,0.351036197816632,stable
KIAA1468,0.117556690323598,0.154127313551569,0.465350635094885,stable
NEO1,0.117344937072243,0.254684346224072,0.604559297512043,stable
HS2ST1,0.117328549045865,0.147735160750429,0.454089666837628,stable
STK36,0.117249916667211,0.0284442898622779,0.166365071424156,stable
WDR11,0.117228921369342,0.163658187593378,0.477939873500464,stable
RAB4A,0.117221725635176,0.114568075012773,0.393725091075664,stable
KDM4A,0.117160810507731,0.231160100588781,0.575992329587113,stable
LAMB3,0.116934633549723,0.620935399131266,0.916253427753875,stable
WASH9P,0.116932031826276,0.344573362653809,0.701041419520691,stable
WDR82,0.116922964887276,0.161076326016591,0.474519016433844,stable
ATP2A2,0.1168448392604,0.362090860760609,0.716600663957494,stable
AIDA,0.116797190340712,0.239460922857899,0.586641672110272,stable
PUS7,0.116786523291682,0.0250788413235666,0.152281775485097,stable
SSBP2,0.116768505047171,0.227504990984941,0.571168825179693,stable
MLX,0.116630002257655,0.504752712898005,0.835151213111154,stable
PACS1,0.116627209173392,0.149563756890416,0.457295488801512,stable
MON1B,0.116513956203536,0.173796416317289,0.494757194471948,stable
TRIM3,0.116478705403253,0.0618537383324153,0.272081468873013,stable
FBXO4,0.116445858385553,0.0446166297481931,0.221636522326824,stable
HACE1,0.116380158619132,0.0137494173183127,0.0990411769587829,stable
NVL,0.116378747997117,0.0681097674277578,0.289590885925882,stable
GPALPP1,0.116355853608416,0.141099760910758,0.442030619521554,stable
PPP2R3A,0.116310161970846,0.0326502528869929,0.183074082573065,stable
DENND2B,0.116142793167228,0.214207369030082,0.553699423856181,stable
SERPINB6,0.116142475370637,0.269953667792385,0.622853111642866,stable
TP53I3,0.116133353004748,0.426045997965013,0.771446447920006,stable
TRAPPC2,0.116042675458119,0.0649775847311535,0.281243669679761,stable
VCL,0.116020265432814,0.139841533919359,0.439440336922942,stable
CD2AP-DT,0.115980889232806,0.00921301773561046,0.0750799525334015,stable
ST7,0.115872521542165,0.213573003265632,0.553211391816038,stable
TMEM138,0.115753835655533,0.000316798074774935,0.00549296406531746,stable
AGPAT4,0.115737326714743,0.0564859861922377,0.258098330440492,stable
ALCAM,0.115714736172988,0.305732655728693,0.661347723168916,stable
NTM,0.115689232072381,0.104609328798874,0.374011241660554,stable
MOK,0.115661878775882,0.000191171914322028,0.00361746978432271,stable
EEF2K,0.115616015647024,0.172257590566574,0.491865635852793,stable
SRSF2,0.115357404839573,0.531103654534516,0.854232354385354,stable
SNAP23,0.115350030836778,0.50606199029706,0.835989457568243,stable
MFSD1,0.115286899315778,0.231310105692777,0.576106570213596,stable
ADCY9,0.115240330809084,0.0369053486952283,0.19802024359335,stable
YES1,0.115121553655489,0.128781184134923,0.419779289971754,stable
TXK,0.115072239887319,0.00635758187476665,0.0575241160896725,stable
RNF216,0.114968810463713,0.183056045042678,0.510186296078818,stable
FHIP2A,0.11487092890333,0.265319579099898,0.618589840724234,stable
HNRNPH3,0.114747971938244,0.294576548329457,0.648577760587046,stable
PDCD6IP,0.114429961024209,0.425398543576901,0.771173278851601,stable
PRR4,0.114140138072539,0.0379486540250905,0.201251343515274,stable
YWHAG,0.114125214440326,0.226518318408024,0.569627633042518,stable
ELF2,0.114093793564716,0.151382212871961,0.460650594232937,stable
GNPDA2,0.113996021747519,0.00409531779348336,0.0417211622288746,stable
OTUD6B,0.113942797772406,0.0602415036432638,0.268169024229882,stable
GATAD2B,0.113939967675339,0.162977914627179,0.477311711127776,stable
PUM2,0.113897961769679,0.335848056521359,0.692544980249173,stable
ZNF682,0.113689260284661,0.0265313950617115,0.158436625908335,stable
GADD45B,0.113673597344993,0.443813014505317,0.786028729254273,stable
DYRK1A,0.113587262157651,0.188766134756756,0.518767363144466,stable
MBTPS2,0.113563655289172,0.0557206411642294,0.255295771211222,stable
IGIP,0.113548936334982,0.0239525938700661,0.147570719800758,stable
SIPA1L3,0.113546247234572,0.308980300059994,0.664375582749933,stable
SKI,0.11353866241189,0.212023573911622,0.551324434693823,stable
WDR75,0.11343873045408,0.0646830130252691,0.280783079268782,stable
TTI1,0.11341833455154,0.0328504325212816,0.183866157115452,stable
KIAA0141,0.113386729345482,0.206043032253808,0.541999144882838,stable
PROSC,0.113355295664724,0.150415571539226,0.459023110963018,stable
YPEL2,0.113278291001677,0.252334831719714,0.601516585433579,stable
ZNF445,0.113195536427179,0.00032276355782555,0.00558847270659988,stable
TADA1,0.113191812149529,0.047798520947099,0.231860761927515,stable
SMC5-AS1,0.113170968399733,0.0045909990879211,0.0452948933420077,stable
TMEM39A,0.113159928437898,0.16745963630365,0.484388687689499,stable
PHKG2,0.113104904274649,0.278120303088491,0.631140125672987,stable
DCDC2,0.113089170037396,0.0716412911650285,0.2995921852964,stable
PRDM5,0.112970068465994,0.10227323979469,0.369117010270814,stable
LCORL,0.112829556291689,0.0516097655941527,0.242952943885144,stable
CSNK1G2,0.112802664843272,0.258892880485696,0.610358065777655,stable
ACAD8,0.112757290154192,0.140214961620839,0.440157522788968,stable
TTN-AS1,0.112692473796931,0.0196990695735595,0.128977732440917,stable
GBP1,0.112644926248416,0.225350350202095,0.568305149459652,stable
SART3,0.112625949521644,0.0798641193352985,0.319542717758383,stable
PLAG1,0.112570383987232,0.158002348922588,0.470504436840369,stable
STK24,0.112561933223402,0.116466547669658,0.396901889800364,stable
ADNP,0.112536600611814,0.300154219375611,0.655662111802622,stable
WFIKKN1,0.112533372185076,0.00166356478183008,0.0212491284149331,stable
SLC36A4,0.112444127619019,0.165172609800794,0.480070316638591,stable
ADAM17,0.112391466088412,0.311236523793236,0.666763979468721,stable
CCDC41,0.112367920039097,0.0683196043483879,0.290079487167313,stable
U2AF1,0.112364302605855,0.170919274241291,0.490104904603692,stable
ARHGEF9,0.112328554155479,0.140311130350695,0.440157522788968,stable
C1orf174,0.11232561695326,0.0875819979073441,0.335936849459574,stable
FAM60A,0.11232461666145,0.135278933943087,0.431689334457128,stable
APAF1,0.112263210008042,0.0546432537488242,0.251915028907821,stable
MRC2,0.112225052867674,0.246282927520784,0.594620285604199,stable
TNFSF10,0.112167157834392,0.131762469773768,0.425352896613505,stable
LPIN2,0.112118055616443,0.558015202420309,0.874958675524097,stable
ZNF195,0.112109084091656,0.111049423330723,0.38751588660998,stable
FAM184A,0.112064529393825,0.052232148356028,0.244630567626087,stable
ZZEF1,0.1120448446073,0.238461856163073,0.584980479578047,stable
SOX4,0.111996910354535,0.24644731349517,0.59464898330644,stable
ZNF337,0.111977662639654,0.0906732370256597,0.343793315571236,stable
KIAA1217,0.111958986566834,0.206735926441447,0.542312791772031,stable
PPP2R5C,0.111937771428284,0.447298005087,0.788018881568351,stable
MIR4435-1HG,0.11189433184921,0.499515207566032,0.831437077517317,stable
INF2,0.111861509893872,0.427775381519751,0.77255469756317,stable
APTX,0.111842891524992,0.205587514134188,0.541331201163834,stable
COG2,0.111758672446673,0.205385552015905,0.540968107701448,stable
CNPY2,0.111708414544717,0.345512175307235,0.70118385253574,stable
ZSWIM4,0.111702045166014,0.0277752287187761,0.163626214871479,stable
IP6K1,0.111648515332811,0.161704723097507,0.475163109409598,stable
NRIP1,0.111600625876005,0.190104513639513,0.520128985714452,stable
PPP1R12A,0.111529232505627,0.0993014055861013,0.362779552266737,stable
CYRIB,0.111473044557575,0.418405173696533,0.765339167003518,stable
C4BPB,0.111452380422984,0.127829061196004,0.41881062558562,stable
F3,0.111434731534853,0.182258167603764,0.509472636814181,stable
LMLN,0.111353079864328,0.0608811143521795,0.26993498071855,stable
B3GNT7,0.111318751774931,0.548830964493731,0.867411538901587,stable
ARSK,0.111314823453994,0.115740318929616,0.39530865006863,stable
EOLA1-DT,0.111289243017509,0.0234884796695242,0.145895922500134,stable
TPT1-AS1,0.111222503744897,0.1184249332565,0.400700743234246,stable
OTUD1,0.111193403212078,0.396166591761138,0.746645146112882,stable
TAF15,0.111188349441587,0.328351115392201,0.683542921415916,stable
CYP2B6,0.111174253958089,0.310285355319386,0.665776405726554,stable
MFSD8,0.111162496020978,0.0953075606616134,0.354007785331985,stable
PPIP5K2,0.11115171335901,0.235337481430975,0.580461132569056,stable
ANKRD28,0.111058877060714,0.161052762108694,0.474519016433844,stable
TRIM38,0.111046102822683,0.126663337140828,0.416667771061932,stable
KPNA3,0.110992123873337,0.534654210357221,0.85623124163588,stable
PXK,0.110974315819638,0.0107979457658145,0.0836994857586027,stable
ZNF525,0.110882291649646,0.00496701458624879,0.0478753726606407,stable
TK2,0.110845859030051,0.0949710754789087,0.353201352942816,stable
MBD6,0.110844366945895,0.104163161682836,0.372852266006147,stable
PHF13,0.110799584924909,0.0132611600108576,0.0968944530619985,stable
TLDC1,0.110778886548508,0.0567755543912295,0.25877120688978,stable
LATS1,0.110694090941232,0.241352802650978,0.588323005772815,stable
ARIH2,0.110658369828684,0.23192289671512,0.57692826403045,stable
TATDN1,0.110596606031495,0.265661308142926,0.618949478015062,stable
ATM,0.110582490986448,0.141842326951088,0.443447724974451,stable
UBXN7,0.110455737027959,0.240226127465348,0.587248182784879,stable
RNF215,0.110429719579321,0.0065019457522634,0.0583980785273092,stable
SLC6A6,0.110428482675495,0.170230523933293,0.489219787682739,stable
ZNF354B,0.110389734992052,0.0252811622247552,0.152731627372406,stable
UBE3C,0.110356519172948,0.255077295915488,0.604714381179431,stable
LIMS2,0.110332541953144,0.430258480886921,0.774329273424852,stable
ZNF7,0.110313885523742,0.00144075682383402,0.0191849797544086,stable
SLC22A5,0.110305985069414,0.113625600088111,0.391918548385176,stable
INPP5F,0.110183105635544,0.0569423347671911,0.259144862320977,stable
FOXK1,0.110156508025183,0.118866585080502,0.401221767550293,stable
CBL,0.110105796082288,0.00602885981226492,0.0550386724011399,stable
DIXDC1,0.110072660629542,0.150613805078371,0.459471712822064,stable
DNAJC5,0.110060275853435,0.268568454996616,0.621635658378283,stable
ABCC4,0.11004992243753,0.00456186496154712,0.0451444363846183,stable
TMCC1,0.109934047106632,0.381084745165788,0.734146004459852,stable
SNX18,0.109867241656482,0.211564699161739,0.550767949366723,stable
AASDH,0.10986277175661,0.114119106797809,0.39328783803113,stable
RAD50,0.109808152501296,0.546256366615214,0.866524503698985,stable
ARHGEF10,0.109770957797487,0.0319440203500752,0.179946407723189,stable
CCS,0.109521683038288,0.342992747228755,0.69937336816085,stable
XPO1,0.109467156639286,0.465989651772592,0.804817530520656,stable
LINC02997,0.109395766506107,0.0613562908442036,0.271352857915899,stable
HOOK1,0.109369695590305,0.164124734350884,0.478798260054636,stable
RBM41,0.109283072129828,0.0623867290644249,0.273617780011632,stable
FBRS,0.109215076772629,0.162289560798408,0.476080535445103,stable
WDR20,0.109208120760175,0.120755215723685,0.404746848644453,stable
MX1,0.109107569493458,0.282217542506258,0.636374512682752,stable
RRAS2,0.109085627214922,0.0487047497545683,0.23430415623764,stable
ARMC10,0.108983936737856,0.238851093502622,0.585700254157683,stable
FAXDC2,0.108974367011542,0.255476498460159,0.605104576085444,stable
TRPM4,0.108961405109886,0.0577669669452369,0.260996540430545,stable
EPG5,0.108914159984254,0.0981385106494411,0.360263121165204,stable
CDC5L,0.108777289392338,0.22842773358439,0.572009573365567,stable
SLMAP,0.108749428484454,0.336569153608591,0.693213367095437,stable
KIAA1671,0.108562410895662,0.168646018454667,0.486209653205153,stable
DCP1A,0.10854510855153,0.240060125875326,0.587133849279709,stable
CBX5,0.108514366241064,0.346680728966371,0.701975357111962,stable
CCDC57,0.10850051858947,0.282058829797768,0.636374512682752,stable
POLD3,0.108450033801847,0.0293419346234346,0.169586670844853,stable
ZNF605,0.10836823131645,0.0358142177590146,0.194023732330734,stable
C17orf75,0.108328542333362,0.0660740302833692,0.283765869946383,stable
VTI1A,0.108101548339274,0.0122172645108843,0.0913976997436047,stable
COMMD3,0.108033848291993,0.378489330018925,0.731691499712011,stable
CEP164,0.10799178526892,0.185018505046292,0.511804979788612,stable
LNPEP,0.107985898649906,0.456717719118751,0.797331819267011,stable
ZMYM5,0.107956365181203,0.181282897519241,0.508140825332539,stable
EIF3B,0.10795584741174,0.305439271852579,0.661029413025108,stable
SETDB2,0.107912255832572,0.0988561928060096,0.361369049300437,stable
PRKAB2,0.107892437134499,0.0757719313383738,0.310192929899626,stable
SZT2,0.107870503177905,0.0828602182157047,0.326420659835248,stable
LPIN3,0.107804716155391,0.00149766731353827,0.019664323566801,stable
RC3H2,0.107800445155409,0.27386834471943,0.62763551998553,stable
TJAP1,0.107729105779152,0.12533575619594,0.413635065804313,stable
HGS,0.107712758159143,0.444258226863529,0.786247656751089,stable
ROBO1,0.107703436426079,0.0664522831856133,0.284622533167812,stable
FBXL20,0.107643016667401,0.228147759166946,0.571960255959135,stable
VPS54,0.107504905232053,0.132638316604162,0.426901206469005,stable
ATXN7L3,0.107492954156217,0.128151949726081,0.419154130102249,stable
C19orf55,0.107487647099874,0.0180900056789338,0.121768848799167,stable
ELL,0.10748379552539,0.00348990546961419,0.0370317747053506,stable
RILPL1,0.107477528724337,0.18648166789952,0.51422330439967,stable
MPHOSPH10,0.107375877719254,0.285055961990359,0.639293542516796,stable
PPP1R21,0.107346322987167,0.213853460513463,0.553211391816038,stable
STK25,0.107337719017307,0.375590582143526,0.729859287309134,stable
SPICE1,0.107327798200347,0.0872232567327817,0.335182989720693,stable
SHH,0.107309693657696,0.0880301146222838,0.337223478891506,stable
REL,0.10730544734829,0.100954669240055,0.366615040729564,stable
FHIP1A,0.10730142638285,0.0227557840063843,0.142869390700587,stable
RAB33B-AS1,0.107290256495051,0.0806308438437917,0.32136662378432,stable
TBC1D2,0.107166023144857,0.582551758101268,0.89069577123576,stable
PHACTR4,0.107163391107244,0.261936929411073,0.614220413480201,stable
PPP1R16A,0.107105533950384,0.217014977835749,0.556918109701772,stable
RAB10,0.107100276951454,0.530896082679525,0.854232354385354,stable
LRRC57,0.107098079426768,0.251842334993798,0.60119146485824,stable
AP5M1,0.107097475640992,0.204276865259155,0.539291328765953,stable
RPAP2,0.107081869184777,0.12258130004955,0.408181370690738,stable
PHF12,0.107071907867703,0.107174309012948,0.379299002134996,stable
TOP6BL,0.106940636691049,0.0959339003116816,0.355793688534586,stable
TXNDC11,0.106933426744993,0.222968863215203,0.565151104015663,stable
ATN1,0.10691012864231,0.352914389004205,0.708458711566939,stable
TSPAN15,0.10688117435575,0.253954941553782,0.603728803527337,stable
AP2A2,0.106830205946431,0.0518700431984823,0.243587940091528,stable
FAM53C,0.106823733542078,0.136736632781308,0.433359761244155,stable
GAA,0.10675323336563,0.189200759845205,0.51926135795864,stable
ATOSA,0.10673103893508,0.21362956690281,0.553211391816038,stable
PALS2,0.106619960037398,0.0833706932175105,0.327447844810087,stable
ZNF552,0.106580734273587,0.0959326438740188,0.355793688534586,stable
RASGEF1B,0.106546983141966,0.0463545394454432,0.22729157247537,stable
SLC5A6,0.10649112660516,0.00277045741108875,0.0309561895732623,stable
C2orf54,0.106482685889944,0.384149944590161,0.736141859644165,stable
GPCPD1,0.106475102896031,0.0475371356775441,0.231025195866995,stable
ANKFY1,0.106472030479534,0.0289603986018177,0.16825661240904,stable
DOCK8,0.106424569532287,0.0272230388409689,0.161293275847761,stable
DNASE1L1,0.106378536246062,0.0435464633738733,0.218429203234398,stable
FAM219B,0.10634051619028,0.238261648374123,0.584606661927998,stable
TSC22D4,0.106319477686896,0.354409553320505,0.709200480257811,stable
BTBD9,0.106309053361724,0.193547893075096,0.526112840771619,stable
ZBTB37,0.106303608287353,0.065866119773266,0.283702413005075,stable
GPR108,0.106276056841931,0.290591330668108,0.645318998905378,stable
DMD,0.106260579404117,0.171841427456802,0.491365990463613,stable
MIER1,0.106258123752587,0.254056034468637,0.603728803527337,stable
EDRF1,0.106182367314976,0.136679964408448,0.433292501278234,stable
PLEKHA7,0.106129481760248,0.0861924743970727,0.332999977167058,stable
ZNF511,0.106108605740061,0.231216816204513,0.575992329587113,stable
EMC1,0.106006466133397,0.20654994688166,0.542312791772031,stable
FAM151B-DT,0.105968570784884,0.0587872293333843,0.263878771872906,stable
TMX3,0.105821536121437,0.282678285033249,0.636943830978512,stable
TMEM185A,0.10577532923341,0.0596818583643381,0.266356712904589,stable
NOD1,0.105769300457848,0.296885190878737,0.651314532179053,stable
ANKRD13D,0.105696924941055,0.00436230021369117,0.0437088178788204,stable
KATNA1,0.105526501060641,0.153073306742842,0.463486404836713,stable
NSRP1,0.105485628677369,0.217482969256681,0.557456870663382,stable
ZNF324,0.105484757295358,0.0361970933984765,0.195180092502416,stable
SGSH,0.105467302765889,0.22910009215783,0.573227343746704,stable
ZNF44,0.105459957125749,0.158372752880466,0.471164650179077,stable
JARID2,0.105438837070835,0.0477692444265604,0.231810735954853,stable
DPP9,0.105416137923096,0.438638153606241,0.783171871970858,stable
PPP1R37,0.105379672276547,0.194408152041205,0.526634753906675,stable
ARAP1,0.105340591634777,0.40792102092476,0.757844884423611,stable
DYNC1H1,0.105327076022317,0.718033971289218,0.96350060108884,stable
DIDO1,0.105287760178869,0.311184658240925,0.666763979468721,stable
TRMT2A,0.105285974552738,0.128411237129227,0.419242662848987,stable
RELB,0.105211100666335,0.0982272051544713,0.360288877377459,stable
MYCBP2,0.104991111726515,0.426517218965398,0.771618125975342,stable
KRBOX5,0.104965148213978,0.0506639982733476,0.239729426799548,stable
MZF1,0.104953082986191,0.205276805762191,0.540914781986855,stable
FAM193B,0.104948198096723,0.151229712402256,0.460560645097262,stable
BECN1,0.104943755903495,0.194268582208698,0.526634753906675,stable
ARHGAP31,0.104938244528782,0.251459128521487,0.601040394611447,stable
CNNM3,0.104887438778306,0.127385979821134,0.418031199284173,stable
ZBTB41,0.104817828660432,0.136063864856827,0.432685921958858,stable
ARNT,0.104809416594843,0.294686749465626,0.648703552218228,stable
CUL4A,0.104707425110027,0.436450410491621,0.780680394768741,stable
FKBP14,0.104653696049435,0.0135902568450301,0.0982759819530876,stable
HSPBAP1,0.104585434210487,0.0479667875926685,0.232296954358548,stable
CIMAP1B,0.104564991419855,0.25470225639619,0.604559297512043,stable
KPNA1,0.104465942961338,0.165823443385457,0.481250183272513,stable
C6orf132,0.104415980237212,0.163419930915769,0.477718179843183,stable
FSTL1,0.104377192893248,0.575602468132086,0.885720615615134,stable
GORASP2,0.1043078229147,0.341137735071579,0.697802488874662,stable
CYB5R2,0.1042689480053,0.058418097941964,0.262835137345913,stable
TRIM65,0.10426601908312,0.145269323769476,0.449335074331496,stable
AKT1,0.104250573603993,0.377789998671577,0.731631740091267,stable
FAM98A,0.104228000644614,0.194645502791145,0.526634753906675,stable
MLLT3,0.104059563908831,0.369165222351647,0.724539125977594,stable
VAPB,0.104046459252403,0.360410575740696,0.715357301653909,stable
TBC1D24,0.1040216252496,0.116844672400995,0.397141371710929,stable
INPP5B,0.103984550860947,0.181438641536676,0.508344248027579,stable
CPSF3,0.103950558016375,0.160603373304684,0.474161840392802,stable
VPS8,0.103887190168731,0.196642166731672,0.529111566394003,stable
SLC33A1,0.103876900620624,0.107654813021973,0.380009365977648,stable
CDC14A,0.103849090541077,0.111897630305564,0.389580148344696,stable
NOP58,0.103744660730735,0.426113090343249,0.771446447920006,stable
CEP95,0.103645701717816,0.11291158251115,0.390873373739471,stable
FBXO42,0.103629603656978,0.18984866553739,0.51987233143572,stable
CUL3,0.103619742071047,0.348427123394986,0.703119528001176,stable
TCHP,0.103587931912116,0.114027257872806,0.393082120766268,stable
RUFY2,0.103503869569292,0.156930029881511,0.469714173670811,stable
CREB1,0.103442260292193,0.281054245169616,0.635047521802845,stable
CENPC,0.10342951845398,0.218674030562164,0.559454028796965,stable
EXOC6B,0.103342236332273,0.185005546591631,0.511804979788612,stable
PLA2G4C,0.103292001976378,0.00968590478458693,0.0775887942901642,stable
EXOC1,0.10327675074604,0.318260220653135,0.673431354901146,stable
E2F4,0.103178335170226,0.319398914837408,0.675139604871601,stable
CTNNB1,0.103163456244957,0.289301864868029,0.643923160259794,stable
ERF,0.103125175723225,0.141339284072659,0.442327549540243,stable
CCP110,0.103072241707016,0.202210077508187,0.537351301621757,stable
ZNF429,0.103049838752083,0.161329621089607,0.474519016433844,stable
UNC93B1,0.103037788005434,0.385254577422181,0.736784988036544,stable
KDM4B,0.102864300705838,0.168050737163059,0.485103878156042,stable
MAPK14,0.102800582742923,0.250524169877069,0.600360006688649,stable
PBXIP1,0.102773604077648,0.431013229204034,0.774923623149009,stable
AZI1,0.102762988674262,0.0103391089832501,0.0814338068371455,stable
NELFCD,0.102729146330984,0.325007657471312,0.680057104575372,stable
KIAA0020,0.102629005548385,0.395081324502991,0.746089874993785,stable
GSTK1,0.102617478600141,0.623606993359931,0.917545966156932,stable
ALMS1,0.10261375010745,0.0611951668922736,0.270836249127861,stable
RABGEF1,0.102526325884897,0.00762081584622291,0.0656317379191886,stable
WDR33,0.10249363126615,0.447643254281476,0.788096433142089,stable
CLCN7,0.102443904552346,0.201429299233148,0.537040972249102,stable
ZNF526,0.102438374521645,0.00984976470846822,0.0783877108048929,stable
MKRN2,0.102405963447911,0.165513749590511,0.480808002612739,stable
ERI2,0.102356442321863,0.0583213985303949,0.262779497101197,stable
UGGT2,0.102329550379237,0.13742108212713,0.434582275938238,stable
PLA2G15,0.102120124331771,0.0131739670891124,0.0963725755220288,stable
DNAJA3,0.102063637306814,0.194079083178389,0.526503043225174,stable
CACNB3,0.102012798018881,0.0343326626543181,0.188961039300489,stable
NSUN6,0.101997081670136,0.0744916254861574,0.307537052935725,stable
ABCB8,0.101932651669026,0.355553292994262,0.709945026717063,stable
RAB24,0.101879387594012,0.351475833541186,0.706767657379084,stable
PPP1R35,0.101817829019976,0.287162922728676,0.641561312963478,stable
MOSPD2,0.101803699146226,0.0673405726640282,0.287520489083158,stable
CC2D1B,0.101792039136713,0.216633028270502,0.556673671680762,stable
SLC2A3,0.101784081373184,0.410843162958759,0.758844755451381,stable
MTAP,0.101615977152417,0.0394234920628167,0.20656311765658,stable
PLEC,0.101571104993312,0.624216384741296,0.917843495731683,stable
AKAP6,0.101567234702354,0.0314943484211241,0.178069803468928,stable
NSUN3,0.101561201533274,0.0570202341449026,0.259402806917488,stable
TMA16,0.101536045982172,0.148756158909464,0.45604297785487,stable
PSMD12,0.101518361124747,0.488594460062889,0.823640610624647,stable
CTSH,0.101364525773361,0.55616581118265,0.873291056634131,stable
TPRN,0.101342440978169,0.408626786560049,0.757983083646897,stable
CUL9,0.101323431756519,0.118171171974892,0.400496494540784,stable
BRD4,0.101211615212125,0.498979101343036,0.830997348067749,stable
ARFGAP2,0.101150154292474,0.376775932306153,0.730716959624055,stable
SEMA4D,0.101083419263538,0.0600431508718306,0.267480858694336,stable
FAM73A,0.10106116280725,0.398118095130467,0.748476714068721,stable
ARSD,0.100982605009191,0.35126645673399,0.706661973703056,stable
MIPOL1,0.100955659034616,0.135291380915024,0.431689334457128,stable
AUP1,0.100906943482607,0.697344201413125,0.955857313082982,stable
OXNAD1,0.100882764898005,0.020385142227061,0.131915287762623,stable
MPHOSPH8,0.100844127074855,0.0186549238385939,0.124574856766482,stable
C1RL-AS1,0.100823988876262,0.0191449545640902,0.126832588972199,stable
ZNF22,0.10081224596412,0.159808492779557,0.4732256309923,stable
MICALL2,0.100778858694885,0.147833864767296,0.454278824262298,stable
SOWAHC,0.100760354666081,0.294286782242459,0.648577760587046,stable
MED24,0.100752172561555,0.159087680078131,0.47247031129132,stable
CEP135,0.100718414252576,0.0703998316837095,0.296264721697903,stable
E4F1,0.100644048972486,0.219999002702966,0.560848343908459,stable
CCDC91,0.100616910862915,0.305960018280716,0.661488394688651,stable
ZNF600,0.100561606679109,0.148916246843096,0.45622862190727,stable
ZNF449,0.100546925110845,0.0533234718941491,0.248125664421042,stable
RALGAPB,0.10050721084051,0.244513802003409,0.592447822433338,stable
R3HCC1L,0.100477353633437,0.0997007877057643,0.36369514440921,stable
RIN2,0.100473583739319,0.494024570717331,0.827658720392297,stable
GDPD5,0.10044716660059,0.00734492189290304,0.0640858852382918,stable
MSI2,0.100276272323337,0.0502379068374494,0.23848861094407,stable
WBP2NL,0.100257162888897,0.00424841302057323,0.0427780895910108,stable
ZNHIT6,0.100158334650203,0.146993818962757,0.452974920089294,stable
TRNAU1AP,0.100091094541907,0.368780038362519,0.724539125977594,stable
LONRF3,0.100043022052771,0.0466328878939241,0.228107411610775,stable
KDM4C,0.0998649641366142,0.0250736036831181,0.152281775485097,stable
IKZF5,0.099730126931692,0.166830512932587,0.483484160760535,stable
DAZAP1,0.0996981937730656,0.442726835629782,0.785662023872229,stable
SIK3,0.0996915835426338,0.144501811191402,0.44764068423814,stable
BCL9L,0.0996628782110823,0.00841076293781506,0.0703717769690974,stable
SMARCD1,0.0996324613304709,0.00885465784417618,0.0730853055281632,stable
SRGAP1,0.099550190718791,0.046900010596047,0.229059819284401,stable
AZI2,0.0995331157585317,0.452361423083663,0.793933437237528,stable
VPS45,0.0994755222636039,0.0851094156930182,0.33038345424943,stable
GTF2H2,0.0994689333333848,0.184318001819458,0.51144024920935,stable
BAP1,0.0994268016338299,0.270001524754217,0.622853111642866,stable
NUP153,0.0994176437774943,0.182359426934735,0.509639148342525,stable
PHF1,0.0993163563252141,0.222925620222339,0.565151104015663,stable
EPOR,0.0992782411404043,0.226604720296387,0.569727704834025,stable
SLC35E3,0.099262206071789,0.157223258261704,0.470016412079008,stable
TMEM56,0.0991943045732491,0.151407643328573,0.460650594232937,stable
KDM5B,0.0991683655745875,0.363161774413174,0.718215423139724,stable
METTL22,0.0991581523094579,0.0995924528890762,0.363408401228677,stable
PARG,0.0991505850560364,0.121756262387244,0.406763747313929,stable
MAP3K4,0.0991479963153432,0.26068635396261,0.612668901444793,stable
CCZ1,0.0991083221532078,0.090393425196348,0.343223936897613,stable
RPGR,0.0990080691269622,0.110893511825709,0.38751588660998,stable
NFXL1,0.0989619274987378,0.0194451557021495,0.127931960873561,stable
TECPR1,0.0988868175664384,0.122419090122994,0.407974634041296,stable
SANBR,0.098859707488921,0.0143877906033501,0.102432354301312,stable
PAK1,0.0988588076417313,0.160615296483619,0.474161840392802,stable
PDE4C,0.0988564094191506,0.0264216223319026,0.157935408990307,stable
SMARCE1,0.0988271619059358,0.39197941146629,0.742992142311045,stable
WIPI1,0.0988066706600698,0.292052946233739,0.646716444474955,stable
RNF214,0.0987741396706654,0.165629363861668,0.480953231492245,stable
NARFL,0.0987243157525727,0.184713522537799,0.511804979788612,stable
KDM3A,0.0987054625039147,0.225888239850034,0.568792328394366,stable
ZNF862,0.098654665664917,0.0602983374358729,0.268324308997492,stable
USP12,0.0986533363103251,0.229525003422665,0.573744210835733,stable
ZCCHC14,0.0984969528765212,0.114252222161873,0.393524700959913,stable
TMEM243,0.0984888063774451,0.462402863170895,0.802282837405501,stable
NINJ2-AS1,0.0984808672208021,0.144351577968369,0.447304474696428,stable
UBR1,0.0984599429219631,0.249297393585024,0.59894090785836,stable
STRADB,0.0984115006421865,0.171308942952193,0.490775222398579,stable
PGPEP1,0.0983361570185384,0.0946171427361906,0.352729476305945,stable
RNF217,0.0982148471381701,0.023676202915301,0.146466550828259,stable
SAMD8,0.0982120114941504,0.165207661661154,0.480070316638591,stable
SCAMP4,0.0981242414703898,0.184735367003823,0.511804979788612,stable
PCNXL4,0.0980129950927609,0.429391591770808,0.773829104792327,stable
CLSTN1,0.0979287623676903,0.443091731544949,0.785662023872229,stable
CEP68,0.0978857812478897,0.0713725224019157,0.299012013950079,stable
ZDHHC3,0.0978829209105687,0.400413401976449,0.751174558895045,stable
IPP,0.0978576807171929,0.118250255214248,0.400589626721881,stable
PAQR7,0.0978323804966952,0.0260675991168273,0.156508021416551,stable
EIF3J-AS1,0.0977272531458223,0.233538632678522,0.578827300458688,stable
UTY,0.09767690746771,0.00391540511538553,0.0405265979089524,stable
MVB12B,0.0976672861677581,0.436387457281239,0.780680394768741,stable
AGAP3,0.0976384502664118,0.558319164377741,0.875024330425809,stable
CCDC174,0.0976240091289405,0.139331308757893,0.438513367213307,stable
EPB41,0.0976192968145044,0.220784274348489,0.562029772935428,stable
LA16c-431H6.6,0.0975885274565459,0.00122412559716946,0.0167754610984299,stable
CWC25,0.0975518823038058,0.0512386799105563,0.241737407652119,stable
COG1,0.0973513619484608,0.193809112279252,0.526354718618435,stable
SLC26A5,0.0973126131093294,0.0102288212689964,0.0806691039949757,stable
MIDEAS,0.0972803292965982,0.334436536972198,0.690885357599458,stable
VPS9D1,0.0972593217808277,0.0921889106574176,0.347492212111092,stable
VCPIP1,0.097173395912049,0.267194257516872,0.620593312537761,stable
USP11,0.0971323398095603,0.286873452557022,0.641300152721904,stable
BCAR3,0.0969159401983863,0.193028636974338,0.52528540925519,stable
PKD1,0.096913810868799,0.163434017351455,0.477718179843183,stable
SYT8,0.0967734054240248,0.401323579829616,0.751485196090995,stable
XXbac-BPGBPG55C20.2,0.096721874437416,0.0572603048015086,0.260001928183156,stable
LZTR1,0.0966845058172069,0.251235776463693,0.60099924295346,stable
PIBF1,0.0966273527516684,0.270495882862699,0.623309217830065,stable
IQCE,0.096626326918456,0.208195963896151,0.544455051068813,stable
ARSJ,0.0965939268556091,0.289594301143346,0.644294046788695,stable
DDX39A,0.0965474067635758,0.369472104649048,0.724715501801984,stable
ZNF609,0.0964235876775813,0.155636616073854,0.467549750623755,stable
SCML1,0.0963712321079251,0.157843493262355,0.470504436840369,stable
MLK4,0.0963697139366668,0.284036906683014,0.638364983874455,stable
PDE12,0.0963034681291369,0.215076924238636,0.554467955654851,stable
ZBTB5,0.0962682437952748,0.105500320125961,0.375473447142005,stable
ACKR3,0.0962341324836656,0.0519920078792655,0.244066937141375,stable
PML,0.0961863828779255,0.225247847806037,0.568303341915582,stable
ZDHHC23,0.0960889930829635,0.134586859221671,0.430790721949648,stable
HKR1,0.0960436447404636,0.180522154194364,0.506867878221128,stable
ZBED4,0.0959961582245417,0.000937925945632429,0.0134410395772694,stable
PCBP4,0.095978246531199,0.346474886391417,0.701763893697228,stable
HSPA1B,0.0959395758506446,0.699270300135589,0.956677768331857,stable
PTBP2,0.0959184118198812,0.16366625576513,0.477939873500464,stable
PIGA,0.0959069335817002,0.128627024084879,0.419625498375649,stable
PXN,0.0958234375103219,0.598535891462347,0.902362695569505,stable
RASSF6,0.095807935685019,0.0568274636739031,0.25881479729873,stable
RBM15,0.0957883446136544,0.0898090765464766,0.341880224203141,stable
NUP160,0.0957838445518278,0.338084660914631,0.69422927851847,stable
CRACDL,0.0957287489825318,0.116694197787802,0.397027990995532,stable
EIF4H,0.0956952411095972,0.682120493536612,0.947607573032409,stable
MRFAP1L1,0.0956068432574,0.407308946608045,0.757253925982775,stable
GPATCH2L,0.0955886734796618,0.254048894976833,0.603728803527337,stable
MACROD2,0.0955622675460844,0.260103433486888,0.612134811279885,stable
PARD6B,0.0955525616761005,0.2725090030952,0.625959448854881,stable
GKAP1,0.095511182858339,0.101095743804278,0.366873768867607,stable
HELQ,0.0954628310878912,0.0850343215046473,0.330301730560155,stable
DDX31,0.0954533963846242,0.0972875999753938,0.358454265901903,stable
MYO5A,0.0954509032937559,0.073465519504981,0.305145263482463,stable
ACCS,0.0954174124678082,0.139715651145788,0.439440336922942,stable
PTBP1,0.0954153262040943,0.587177701682541,0.893966898165074,stable
VRK2,0.0953781277446887,0.0536345970039989,0.249193961906835,stable
GRK5,0.0953130697362357,0.190021860916099,0.520127168366378,stable
SPRY1,0.0952687953093509,0.167609065652088,0.484591584326189,stable
GPR157,0.0951614247627496,0.069589014204128,0.293836307299226,stable
BBS4,0.0951305995646644,0.189636602713902,0.519461040263719,stable
DHX57,0.0950254108535709,0.113155012368481,0.391178413798732,stable
AUTS2,0.0950251888463058,0.163149121630162,0.477570608909745,stable
QSER1,0.0949694023912011,0.13574994642148,0.432305787535289,stable
FGFR1OP2,0.0949354579856156,0.428084067231943,0.77255469756317,stable
GLTSCR1,0.0948764033436325,0.10977751744944,0.385166582463246,stable
OGDH,0.0948689623269606,0.54756423937311,0.867059851066264,stable
RHBDF2,0.0948259205862776,0.120664084720824,0.404552323540141,stable
TBC1D7,0.094687948281045,0.183987715246902,0.511267522431945,stable
ELP2,0.0945686672494715,0.315878097146292,0.670479920041027,stable
TNFSF12,0.0944670295971652,0.168447695616147,0.485752448976595,stable
GPD2,0.094393166977836,0.130233510981631,0.421826825182685,stable
WLS,0.0943605620463551,0.343097502036288,0.699470291009269,stable
RECQL5,0.094141142482552,0.0829449173896241,0.32652981880957,stable
MAP2K5,0.0941303016577979,0.12029019817694,0.403995948082405,stable
WIPF2,0.0940607066368856,0.512123824026828,0.839957282289541,stable
ORC2,0.0940241564140247,0.228689498912541,0.572496505162175,stable
SLC44A1,0.093997001355453,0.574089172095572,0.884639255376708,stable
ZNF701,0.0939379247874926,0.053778144839224,0.249576325935715,stable
FOSB,0.093904906650675,0.496636143520763,0.828899135116974,stable
CAPN9,0.0938529241407554,0.29077423394021,0.64532030422751,stable
SLC35E1,0.0938259664291303,0.536249074041696,0.857437368356533,stable
C10orf118,0.0937858782445576,0.259216000584898,0.610766459358095,stable
RNF6,0.0937819260312086,0.269119092531111,0.622235766117737,stable
LRIG3,0.0937800510537575,0.0963832815199343,0.356594804267457,stable
RABGEF1P1,0.0937610945910689,0.045174449079424,0.223386919719611,stable
PROSER2,0.0937213081115191,0.163132289707441,0.477570608909745,stable
MLLT10,0.0936464162915231,0.429718114308786,0.773961135893709,stable
SACM1L,0.0935751517955256,0.495510378561424,0.828154069939137,stable
PGGT1B,0.0935452866167074,0.229348029918315,0.573557757307996,stable
TPPP3,0.0935374857686476,0.0164489417822369,0.112898295534006,stable
CDC42SE2,0.0933923698775148,0.244918367394249,0.592697164282325,stable
STARD13,0.0933756718649851,0.379674924647675,0.733196375442079,stable
ORC4,0.0933549964228816,0.395200584144695,0.746089874993785,stable
TBC1D19,0.093254281621338,0.103712483934373,0.372034763434289,stable
GCN1L1,0.093071959333926,0.306878991769219,0.662420765563647,stable
PAN2,0.0930466342911493,0.245716641204053,0.593839506144394,stable
VPS37A,0.0928959404578707,0.305504336485831,0.661029413025108,stable
NFKB1,0.0928927952981152,0.404588162224696,0.754720844656597,stable
FRY,0.0928861607329181,0.214741991215242,0.554347835352025,stable
PDCD7,0.0928522749721227,0.258110041792991,0.609283157275295,stable
MTF2,0.0928385806641335,0.345413508601045,0.70118385253574,stable
NAPEPLD,0.0927480887320123,0.185754588652543,0.513028488858718,stable
UXS1,0.0927018646709957,0.709940473452123,0.960339991706449,stable
COG5,0.0926618116746553,0.11668734096732,0.397027990995532,stable
RANGAP1,0.0925626626965441,0.121301679828453,0.405599102358981,stable
PCGF3,0.09254502587489,0.0811250630551924,0.322333864920418,stable
ZDHHC6,0.0924958574903391,0.168762498682583,0.486430743667979,stable
FNBP1,0.0924743223349697,0.264513734267987,0.617428373738069,stable
GATA6-AS1,0.0924404670038202,0.154547484573831,0.46596786237211,stable
TOP3A,0.092437897856693,0.058778011625612,0.263878771872906,stable
ZNF562,0.092435575651835,0.135838230523809,0.432305787535289,stable
BICD2,0.09242969237326,0.224294548904496,0.566716942085275,stable
NOC3L,0.0924244135708703,0.310377653601029,0.665857570659702,stable
SLC38A6,0.0923714807141647,0.0124879249320519,0.0926851210500318,stable
ARMC6,0.0923610827102008,0.211768860945048,0.550896479291822,stable
KLC1-AS1,0.0923196972867757,0.0197305664909882,0.129114799135889,stable
KLF7,0.092310389899757,0.425622340881674,0.771173278851601,stable
APMAP,0.0922832385042782,0.534576846440275,0.856219519246059,stable
SAMD9L,0.0922292074510725,0.259101698323926,0.610689477314295,stable
ANP32E,0.0922236602141971,0.0684229649484508,0.290322436180711,stable
PRR12,0.0922209013858291,0.0981410498593038,0.360263121165204,stable
RQCD1,0.0921301697614804,0.0631939389088117,0.276083884639498,stable
FHIP1B,0.092123330869646,0.312823730835225,0.667771327807451,stable
TRAP1,0.0920996522224153,0.342271630003195,0.698832507595932,stable
SCFD1,0.0920461994945636,0.032938823301787,0.18410799087382,stable
SLC25A27,0.0919654286680133,0.184232168505321,0.511390763955753,stable
LTB4R,0.0919427843178448,0.00684775898811081,0.0607894015037521,stable
ATAD2B,0.091920367731327,0.228080422480667,0.571953611136348,stable
ZNF76,0.0918582222859784,0.186850749346095,0.514776551725641,stable
TYW1B,0.0918361834621393,0.0053274787840017,0.0504048766684495,stable
ZNF595,0.0918268690508252,0.0976509053192627,0.358894968918421,stable
PTPRU,0.0918119992112828,0.357585290043502,0.71198734260747,stable
FHL1,0.091755832319877,0.57888711308113,0.888537929470585,stable
GATC,0.0916878011652673,0.320769010584752,0.676804074988239,stable
CDYL,0.0916146501474965,0.19344405637609,0.525947541179121,stable
TIAL1,0.0916048549788591,0.590355494206342,0.896497841227238,stable
WDR37,0.0915203624051114,0.164706304209486,0.480059576217633,stable
TMEM214,0.0915192055086037,0.22564975085863,0.568560013712063,stable
TAOK2,0.0914841661480915,0.56661101243673,0.879859377035898,stable
CKAP5,0.0914507060610382,0.217956202624897,0.558084755108241,stable
LRCH3,0.0913432739479682,0.294464147991564,0.648577760587046,stable
ZSWIM8,0.0913338333475717,0.268524880962388,0.621635658378283,stable
NSUN7,0.0913042613060384,0.062806579684284,0.274784405891441,stable
OVCH2,0.0912979738972382,0.00433471261539797,0.0435752689232112,stable
SPTLC3,0.0912951912451212,0.00895536157856493,0.0735687768389635,stable
MSANTD2,0.0912426650871695,0.0359018793414158,0.194101978358897,stable
ZYG11B,0.0912277754394606,0.46493602044477,0.803713570865225,stable
SLC43A2,0.0912215781252855,0.0680207597690068,0.289590885925882,stable
MRE11A,0.091027694490315,0.195438176801583,0.527497521135472,stable
RPE,0.0909636305376337,0.22024406101343,0.561329212600085,stable
DMWD,0.0909376419302079,0.223088917358599,0.565189414671816,stable
OSBPL8,0.0907967771085195,0.461211250784026,0.801058017843697,stable
CCDC176,0.0906815557786781,0.090438833503535,0.343223936897613,stable
ANGPTL4,0.0906362104660708,0.129009029456439,0.419863252416269,stable
ASIC3,0.0905977475994585,0.00446221433146959,0.044454855735847,stable
BRAF,0.0905894874324061,0.161558347602047,0.474847136592312,stable
CDC27,0.0904325461193777,0.324196685272237,0.679256428996704,stable
ETNK1,0.0904112545392521,0.418748983939091,0.765339167003518,stable
VWA8,0.0903651899112896,0.255451075360248,0.605104576085444,stable
KIAA1432,0.0903587871007622,0.316637713053272,0.671371425170219,stable
MYO9B,0.0903497143948279,0.198599208924722,0.532502024543934,stable
SLC39A14,0.0903454121395938,0.110545517289699,0.386861838920493,stable
EPS8L1,0.0903227377173275,0.392844936978587,0.744139271824292,stable
SLC9A1,0.0903166116821811,0.273871716590545,0.62763551998553,stable
FOSL2,0.0902718032775181,0.514674560688264,0.841543850970216,stable
ENO2,0.090265297868492,0.548237654166453,0.867319493291049,stable
FAM217B,0.0902328050961631,0.212091674177134,0.551384224828007,stable
IQCB1,0.0902325692250084,0.198392673524341,0.532181707518443,stable
ZNF100,0.0902253618349215,0.114389100872475,0.393552594727028,stable
UBA3,0.0902093188371643,0.50628517296938,0.835989457568243,stable
TRAF2,0.0901844876646624,0.0356681801423665,0.193437370922932,stable
ING3,0.0901676187007729,0.131800244403982,0.425352896613505,stable
RTF1,0.0901068129497616,0.490663267070482,0.82525346343093,stable
NOSTRIN,0.0900744066816737,0.105102868057517,0.374716168336652,stable
CNP,0.0900225479327583,0.248448784644351,0.597606836578621,stable
WDR41,0.0900198308325349,0.477594949875229,0.81412786623226,stable
DUSP7,0.0900061140449166,0.316278834588975,0.670980991672272,stable
DDX60L,0.0899317609864358,0.0450257328009895,0.222831804760848,stable
CDC25B,0.0898820213255069,0.185395771255897,0.512616581730849,stable
ELOVL5,0.0898440692737584,0.550847269207312,0.868840910607446,stable
SIRT6,0.0897754135211805,0.0770030256099115,0.313299739936185,stable
COPA,0.0897646028528422,0.383406045136174,0.735620323696956,stable
DDR1,0.0897396277209887,0.703646119624868,0.958118510741468,stable
REEP1,0.0896919700417643,0.218815813054557,0.559582531125295,stable
CHD1,0.0896695375915303,0.452374463629971,0.793933437237528,stable
FBXO36,0.0896581405780665,0.0250614671382497,0.152281775485097,stable
CPNE1,0.0895703148631622,0.510092724632966,0.838200492796529,stable
USP44,0.0895511262602397,0.253369731291738,0.602918356104771,stable
ETV3,0.0895392613857312,0.048132823972605,0.232467657147817,stable
PRSS12,0.0894907995148102,0.0339127835449355,0.187640821388577,stable
NOL8,0.0893925318418991,0.242424439659331,0.589847999680666,stable
SH3RF2,0.089388270201098,0.309443288798536,0.664617802010948,stable
RBM44,0.089341391851149,0.00398307893662867,0.0408639401307299,stable
NCBP2,0.0893397937689697,0.45814193499924,0.798677554682074,stable
RGS6,0.0893134018664237,0.000485743408264226,0.00789591412582699,stable
RIGI,0.0892846699334771,0.33329587484525,0.689492092419755,stable
ZNF354C,0.0892174850369125,0.0434026563747975,0.218124552870892,stable
LRIG1,0.0891931741316774,0.489463251627051,0.824659481170781,stable
ATG16L2,0.089147302044971,0.151303370813211,0.460650594232937,stable
MSL3,0.0891369038902443,0.284605075943787,0.639005814052585,stable
AIFM2,0.0891225946227473,0.312219750225163,0.667466636368029,stable
UGCG,0.0890667021616398,0.546606471235,0.866630026507995,stable
TCOF1,0.089058757380879,0.267305583895556,0.620665218997589,stable
BPNT2,0.0890502194218146,0.419945837749104,0.766181779200753,stable
CYP2U1,0.0890116445521231,0.0252886791395411,0.152731627372406,stable
CFAP119,0.0890088412977386,0.0973257287735941,0.358454265901903,stable
SIAH2,0.088697926447847,0.119256794284842,0.401831360033305,stable
DGKE,0.0886476582939771,0.0203670888009595,0.131915287762623,stable
ZNF43,0.0886265266009303,0.211222528125924,0.550295009337445,stable
ZNF621,0.0885872264356998,0.238969110853695,0.585754644290268,stable
MFSD5,0.0885533609322836,0.388445568352029,0.739304143404527,stable
ZNF891,0.0885422252101472,0.086724386385437,0.333921227242781,stable
ZFY,0.0885039289268991,0.0144316032138264,0.102589901880415,stable
LEAP2,0.0884848912733776,0.0144434899489688,0.102589901880415,stable
DNM2,0.0884804164907229,0.307752529439033,0.66313536398074,stable
METTL14,0.0884622819659869,0.352682234206303,0.708145143058123,stable
MAP2K3,0.0883261379419386,0.440028470217675,0.784628627734824,stable
ARHGAP12,0.0882242080664384,0.406985622448253,0.756998211930531,stable
UPF3A,0.0882098961981677,0.508294877221741,0.83733291659353,stable
RPRD1B,0.0881957611510769,0.300079206633159,0.655662111802622,stable
NUPL2,0.0881895719343213,0.322669797463149,0.678123053719619,stable
RPAP3,0.0881835424320465,0.16327337837493,0.477705547452164,stable
POLR1C,0.0881327678529171,0.323703512473675,0.679188420267457,stable
C8orf33,0.0881010596793167,0.375617210116309,0.729859287309134,stable
AP3M2,0.0880061518322039,0.125374293360832,0.413650570052039,stable
PIGL,0.0879336683047999,0.212421063314938,0.55181748002704,stable
ARB2A,0.0878643224985987,0.311868772090183,0.667410109852496,stable
HPS1,0.0878552233934511,0.418468827687663,0.765339167003518,stable
FASTK,0.0878445560246007,0.318838899548953,0.674422340904379,stable
ZNF561,0.0878198732570342,0.198480884173297,0.532301519994379,stable
CTDP1,0.0877735947287538,0.214626231706314,0.554201744059565,stable
RAPGEF4,0.0876596016972739,0.0873759731270313,0.335574111742184,stable
SYTL1,0.0875282428799089,0.422074999629978,0.767888792301957,stable
PCOLCE,0.0874448840321274,0.196135459136273,0.528562577707629,stable
SLC43A3,0.087425121867816,0.536103301526732,0.857437368356533,stable
DSTYK,0.087396164880047,0.289296317108033,0.643923160259794,stable
COMMD2,0.0873703513658758,0.711512285722644,0.961371303268884,stable
TCF3,0.0873672244335753,0.24156997222074,0.588671808614369,stable
ATF6,0.0873245568238035,0.390015036572215,0.740761933974325,stable
KIAA1377,0.0873186601444072,0.0723313799067812,0.302076798080114,stable
PPARD,0.0873184824594205,0.122018872804252,0.407195932612386,stable
ZNF473,0.087314515969449,0.0236300479077748,0.146329131522107,stable
PLCE1,0.0873023045759512,0.460703912174243,0.800434282957028,stable
ZDBF2,0.0872795056972568,0.0911232365014952,0.344537718216603,stable
LSM12,0.0871845787659543,0.402984509510992,0.753223645911678,stable
JOSD1,0.0870901077369513,0.502014819255413,0.832786139877269,stable
TTC7A,0.0870676632370575,0.537178490200283,0.858249884225364,stable
MGA,0.0869906268227987,0.0397074456401275,0.207303705941323,stable
DNAJC25,0.0869518571719632,0.153191195520712,0.463486404836713,stable
COL18A1,0.0869434625567374,0.207737326094776,0.543654594071649,stable
MSH3,0.0869377732134588,0.173628059243113,0.494393057579272,stable
TAOK3,0.0868753666652362,0.431174692408323,0.775099917646962,stable
TARDBP,0.0868283263160568,0.405912466159241,0.75578846171226,stable
TOP3B,0.0866427484546668,0.0907718232214575,0.343888774893778,stable
RANBP2,0.0865092974207694,0.62128056579112,0.916253427753875,stable
ATP6V1B2,0.086438198498239,0.269656853941437,0.622763155597983,stable
IRF1,0.0863840165713173,0.447301588986115,0.788018881568351,stable
RFWD3,0.0863471706045675,0.0743328890493081,0.307286180500082,stable
KCNN3,0.0862986698154467,0.26626879794416,0.619344779508597,stable
MAPKAPK5-AS1,0.0862877292343911,0.409792186585086,0.757983083646897,stable
TOB1,0.0862873308125365,0.155216019655724,0.466893597442406,stable
RBL1,0.0862725686572405,0.00192716439543228,0.0233475298015503,stable
HSF4,0.0862076132316312,0.0346239885757443,0.189853295280367,stable
RIPK4,0.0861922280820718,0.168257605373892,0.485433317934967,stable
SDR39U1,0.086071201122799,0.564973909496696,0.879215922302688,stable
GPR126,0.086008811927956,0.118892024452114,0.401221767550293,stable
TRIM25,0.0859598023892917,0.307846100989316,0.663198877046779,stable
ZNF680,0.0858907543395135,0.149443577627329,0.457042354995364,stable
ATP10A,0.0858165030904087,0.321728531067843,0.677720069580099,stable
HMGXB4,0.0857168923742487,0.365869888732653,0.720977999029435,stable
IGHMBP2,0.0856919661397688,0.0967825017294525,0.357422749589374,stable
CCRN4L,0.0856778927628202,0.0266001828846822,0.158692355091437,stable
EHBP1L1,0.0856620181450658,0.0615458369106281,0.271480429807115,stable
SHE,0.0856228729389827,0.283323391534951,0.637938910988965,stable
CLINT1,0.085539962430686,0.309794809383267,0.665074069178267,stable
SLC27A1,0.0855356681558897,0.191262165131064,0.522105561983504,stable
RBM27,0.085521985236159,0.110151976059262,0.386037200501267,stable
TMEM128,0.0855060051187242,0.498181039294501,0.830347017226067,stable
OSBP,0.0854634545408309,0.377219145502631,0.731228486302595,stable
HDAC6,0.0854522232089925,0.430165881222653,0.774329273424852,stable
TYW3,0.0854494897410423,4.57609375549367e-05,0.00106548895366009,stable
FANCC,0.0854373507919381,0.124378613583417,0.411587485772519,stable
ELK4,0.0853984306550356,0.291550591484489,0.646104864087454,stable
NOXA1,0.0853076773166358,0.196010356254405,0.528341917277584,stable
IARS1,0.0852360210258513,0.530555086880196,0.854030205691798,stable
MOB3A,0.0851671799724223,0.236118933491289,0.581918919959176,stable
EPT1,0.0851203716418542,0.314886258482469,0.669469727306153,stable
SPRY4,0.0850933583280573,0.0052917163851456,0.0501830419643288,stable
TCIRG1,0.0850828506155473,0.202730656543963,0.537997251627021,stable
ERICH2,0.0850721040461727,0.094920063816413,0.353201352942816,stable
ARL10,0.0850440014999735,0.0811835256378303,0.322375228580054,stable
EFNB2,0.0850264180045231,0.346860912392487,0.70199570015366,stable
NUP62,0.0849522556325112,0.172508976179037,0.492238497855405,stable
MMP15,0.0849099758274517,0.34565521741265,0.70118385253574,stable
CTTN,0.0847819514811382,0.643793354780111,0.929134490987492,stable
USP4,0.0847277133276197,0.338805041526048,0.69464009838295,stable
ZNF629,0.0846832699222237,0.00467101729105656,0.0458622613380525,stable
LINC02987,0.0846578985175054,0.0144835171489742,0.102814467844983,stable
TMC4,0.0846005753974133,0.306199657655042,0.661488394688651,stable
FSD1L,0.0844393281744667,0.0402892484471557,0.20939446131719,stable
TRMT13,0.0844129752219814,0.101112379525112,0.366873768867607,stable
SMPD4,0.0844129548651586,0.425039540495078,0.770872899556651,stable
AXIN2,0.0843747829149929,0.123765013163656,0.410557264833795,stable
PHF10,0.0843261416425435,0.114860946433588,0.393735336288327,stable
RASSF5,0.0842546553716291,0.148723895510237,0.45604297785487,stable
WASHC1,0.0842326486389943,0.0235340144487888,0.146100699451001,stable
LSG1,0.0841461083758867,0.281692896952482,0.636020312587208,stable
PLAA,0.08408414297487,0.314243168924083,0.668984412561476,stable
FAM188B,0.0839395024204684,0.011526228513809,0.0879224761622966,stable
PPFIBP2,0.0838952564774861,0.059664231891243,0.266356712904589,stable
ANKHD1,0.083864143755759,0.23251677475086,0.577507625209974,stable
LINC00926,0.0838248967301214,0.00815745286216,0.0689127185812328,stable
SETDB1,0.0837429980530695,0.0933576685633728,0.350708094812129,stable
LONRF1,0.0837324411775861,0.223040200066875,0.565183127200971,stable
RFXAP,0.0837193086933499,0.104870885717894,0.374508240436906,stable
MAP3K3,0.0837081285652209,0.375831001297566,0.729944405297017,stable
DPP8,0.0836979516564455,0.42981501125965,0.774021611319675,stable
C1orf210,0.0836610697048705,0.361929373717055,0.716600663957494,stable
TNS1,0.0836092344457546,0.545779081992693,0.865992146713225,stable
LATS2,0.0835745121384353,0.548834536884448,0.867411538901587,stable
FAM211B,0.0835716150225497,0.25328662917877,0.602837958543864,stable
ZNF117,0.0835655276390756,0.0646318046714962,0.280721655005813,stable
GLYR1,0.0835321416633361,0.47566643557855,0.812768592187894,stable
HEPFAL,0.0835301345813053,0.0111541462480588,0.0858076046169102,stable
CSNK2A1,0.0835280586718555,0.5064687368911,0.836029020507947,stable
SLC7A6OS,0.0834848318289771,0.231740847061347,0.576592736510871,stable
SCX,0.0833239076060682,0.106596584591902,0.377821742236325,stable
SPG20,0.0832328876632782,0.466733164079993,0.805346227777895,stable
DGAT1,0.0830991913693131,0.0814766072895244,0.323157056296933,stable
PRKD2,0.0830664804585762,0.155671423841515,0.467549750623755,stable
PPM1K,0.0830525190460786,0.531343939892845,0.854232354385354,stable
WWOX,0.0830339168973273,0.267889544860907,0.620942082317947,stable
PFKL,0.0830307492957624,0.496553770136106,0.828877957960365,stable
PPP3CC,0.0830187475924867,0.430898927227982,0.774906296308709,stable
RUSC2,0.0829852600571591,0.184208222037729,0.511390763955753,stable
PARAIL,0.0829666459432445,0.163949561954747,0.4786528410162,stable
TAB2,0.0829056831773999,0.38972898601992,0.740563831044225,stable
PQLC2,0.0828032408799285,0.258137882160402,0.609283157275295,stable
EVL,0.0827956841078595,0.271691289956698,0.624981996317403,stable
TRIP4,0.08274120018425,0.0565434660438184,0.258098330440492,stable
CYP4V2,0.0827242336311936,0.268980436480095,0.622235766117737,stable
LINC00467,0.0827196971461413,0.163335897378899,0.477718179843183,stable
CEP78,0.0826589647800135,0.272640162266182,0.625959448854881,stable
GRIPAP1,0.0826570473993152,0.386796904424631,0.737629541292775,stable
GPR39,0.0826433046585572,0.0190910754884697,0.126658539406226,stable
PHACTR3,0.0826411559156179,0.442564810645877,0.785662023872229,stable
ACOX1,0.0826375092274511,0.441785790433571,0.785662023872229,stable
MTCL3,0.0826271266868869,0.021686541946817,0.138313465748133,stable
VAMP4,0.0826051465766378,0.270975729546181,0.624158153000287,stable
H2BC4,0.0825483692086979,0.0854219030275515,0.330861008431175,stable
SMUG1,0.0825439313725499,0.0560856065278337,0.256679316434384,stable
SCO1,0.0825342998674914,0.406744131626588,0.756664170598602,stable
PKP4,0.0824670576251145,0.416811056912236,0.764431271068126,stable
SCRIB,0.0824286924927642,0.422616856529257,0.768302863505895,stable
APBB3,0.0824262741121565,0.125141977028235,0.413218672931699,stable
ZHX3,0.0824003606142228,0.317196661011658,0.671878701127449,stable
ZMYM3,0.0823270177342375,0.245458932163074,0.593451342318319,stable
NR2C2,0.0822843606835951,0.30843852562972,0.663677616141119,stable
PFDN1,0.0822399188267325,0.673061546305086,0.944240759232126,stable
CERS5,0.0822318740973051,0.164170541724626,0.478798260054636,stable
IKZF4,0.0822259214004935,0.0617332407758086,0.271937706394049,stable
DCAF4,0.0820752271583971,0.179538411895291,0.50568607073918,stable
PLA2R1,0.0820674319935671,0.246596675770587,0.59464898330644,stable
SSR1,0.081999783222862,0.561020316514604,0.876656448045532,stable
PNPLA7,0.081932485492796,0.00573393857003725,0.0532455195110988,stable
PARP2,0.0819038022485575,0.0225664593060789,0.142118700956985,stable
ZNF319,0.0819031511402193,0.0684745927666541,0.290322436180711,stable
SLC25A30,0.0818920541437202,0.145398407674266,0.449620575616046,stable
SMG9,0.0818154224986991,0.52027133953428,0.845155728168378,stable
BRD10,0.0817925160339151,0.411758045388367,0.759554726031723,stable
SGMS1,0.0817593791259578,0.683830087942862,0.947970696905589,stable
NPHP3,0.0817529892300556,0.152531720448297,0.462684870887846,stable
SUPT7L,0.0817420529639116,0.406535253882641,0.756505852254743,stable
PTDSS2,0.0817279638869511,0.369259816201487,0.724539125977594,stable
C1orf52,0.0816868640877509,0.482936275254412,0.817860732991286,stable
FER,0.0816463290668686,0.385510208072786,0.736784988036544,stable
FAM63A,0.0815923339177731,0.219539445738024,0.560377988035414,stable
MIRLET7A1HG,0.0815842090617606,0.0296483028187613,0.170792108226455,stable
MREG,0.0815600194198393,0.298741130801115,0.654118973987719,stable
CRAMP1L,0.081503839722372,0.246436089470285,0.59464898330644,stable
LRRC40,0.0815020710091273,0.192712710990757,0.524659282661695,stable
CBX6,0.0814980840665757,0.517378505449082,0.843835815666208,stable
XRRA1,0.0814002237473404,0.084953548414579,0.330232625195861,stable
GPER1,0.0813246394926321,0.020090154738697,0.1305537809477,stable
THEM4,0.0812836324255724,0.212970975641371,0.552516269486505,stable
NNT,0.0812778881327068,0.523177134550066,0.847263788021673,stable
IL10RB,0.0812200589642657,0.274998296462462,0.628802689105338,stable
MRRF,0.0811841375097625,0.28744744379087,0.641782201442847,stable
PDHX,0.0810997216990579,0.247865909239189,0.596322155981075,stable
CCBE1,0.0810668662205387,0.140313166890635,0.440157522788968,stable
SYNJ1,0.0809331176086558,0.156091933883743,0.468467419542077,stable
SLC12A9,0.0808369996911179,0.276561855240793,0.630127757098773,stable
ZKSCAN1,0.0808167089974381,0.439090252049096,0.783453399656714,stable
CAPN12,0.0807262264795595,0.00200763710575314,0.0240545250353923,stable
LRRC37B,0.0807050791754354,0.0083016323861816,0.0699373909639448,stable
MARCHF2,0.0807023658707127,0.240835185533464,0.587606016416124,stable
XAF1,0.0806131480083483,0.312078896974853,0.667410109852496,stable
JPX,0.0806110842442487,0.286916764989864,0.641300152721904,stable
ATP6V1A,0.0805900624876067,0.478639399426448,0.815113961909849,stable
OTUD5,0.080561033658505,0.413734578319132,0.760982769391073,stable
DDX60,0.0805190386389369,0.0660845706959875,0.283765869946383,stable
KLHL36,0.0804847354633307,0.391912125163997,0.742992142311045,stable
RNF212,0.0802702735796855,0.137458400527376,0.434582275938238,stable
USP6NL,0.0801608952719527,0.314300260332082,0.668989444941559,stable
ZNF154,0.0801426224937222,0.0152260530951849,0.106783289177017,stable
RRBP1,0.0800128434769438,0.691757041449724,0.95209510416722,stable
UBA6,0.0799582245184307,0.364907829465433,0.720037660594908,stable
SH3D21,0.0799326791031002,0.031232092575523,0.177160603082688,stable
UGGT1,0.0798934757446614,0.363012776853493,0.718036923018947,stable
KIAA1033,0.0798092993889631,0.554849643593032,0.871896393274358,stable
NKG7,0.079746758796325,0.0432592004385539,0.217702950251496,stable
ZNF25,0.0797368162620371,0.135730910572878,0.432305787535289,stable
IFT80,0.0797112891540579,0.331234880576012,0.687205563503254,stable
C4orf29,0.0796836754221773,0.177956848795116,0.503086151635407,stable
SIK1B,0.0796691752742015,0.194556043065547,0.526634753906675,stable
KIAA1009,0.079647507184812,0.19676058718556,0.529197231629544,stable
ME1,0.079626286190039,0.463146641000512,0.802586559043729,stable
MLTK,0.0795869169786992,0.551838030857605,0.869175117794532,stable
SDF4,0.0795558277197177,0.680815006027719,0.947081148238741,stable
PPFIA1,0.0794657729519435,0.542624837596663,0.863901652079442,stable
INTS10,0.0793496205655565,0.543217533206558,0.86401068209229,stable
GTF3C2-AS2,0.0793226184641025,0.177768217055224,0.503018214185892,stable
ACADSB,0.0791906958728228,0.208475774595328,0.544786204610827,stable
WNT9A,0.0791861690373766,0.267893101049402,0.620942082317947,stable
SYMPK,0.0791755430910456,0.492611683014207,0.826505039941732,stable
KATNIP,0.0790679939288484,0.212567333486768,0.55191654302087,stable
TRANK1,0.0790513502554445,0.300353894443716,0.655863880971774,stable
PYCRL,0.0790158117367439,0.0794227233697335,0.318733870804866,stable
G2E3,0.0788824052081849,0.3026618545692,0.65853308102598,stable
STX17,0.0786459884623492,0.468421154356982,0.806476083219683,stable
CAND1,0.0784938154211788,0.491843646139706,0.826026621428688,stable
MED9,0.0784917114859523,0.165101055768547,0.480070316638591,stable
ADAM9,0.0784796212383691,0.740378872379355,0.973099283961644,stable
CNTROB,0.0784413164074054,0.39420790569852,0.745251691812359,stable
NUAK2,0.0784398943434556,0.0290692712644228,0.168568677389139,stable
GNL2,0.0784304324966586,0.295940251055735,0.650392354635161,stable
FNTB,0.0783373632369423,0.202859221996259,0.538140436128966,stable
SYTL4,0.0783259220067122,0.22343657317203,0.565601298499667,stable
FAM46A,0.0783206747946772,0.141420822693866,0.442469448837937,stable
C1orf131,0.0783176682864656,0.306290925304808,0.661488394688651,stable
TERF1,0.078310253777002,0.38996621636135,0.740761933974325,stable
CDK8,0.0783063180451165,0.163379143796042,0.477718179843183,stable
LMF1,0.0782654861191022,0.303215345957003,0.658816990575615,stable
PLXNA3,0.0782131997394946,0.24524770753592,0.593057957847495,stable
ACSS3,0.0781757518202792,0.176714960070674,0.501081807446978,stable
FAM47E,0.0781597192915407,0.00788398217315838,0.0673001383272961,stable
TRMT44,0.0781456951946878,0.135464735285738,0.432129677487699,stable
CCL20,0.0780947370492433,0.0747915789986984,0.30782904433673,stable
CEP76,0.0780776635590546,0.0470566075899651,0.229449590900365,stable
WDR52,0.0780508087358118,0.183345017329352,0.510409813672057,stable
FAF1,0.0780327770562537,0.337263180029982,0.693474367146594,stable
MORN1,0.0780119622235984,0.0704307330868868,0.296264721697903,stable
PIK3C3,0.0780010069717195,0.34645628436317,0.701763893697228,stable
USP46,0.0779627676683083,0.209333471981497,0.546071780090018,stable
STXBP3,0.0779456078239315,0.326902430508451,0.682269986432527,stable
GSS,0.0778897591017344,0.476651993085727,0.813473170740369,stable
DNAH5,0.0778717858352217,0.205750010943042,0.541550439183379,stable
KIAA0586,0.077865573908632,0.28415235156679,0.638507048814787,stable
PITPNA,0.0778313067517629,0.494641221752316,0.827724826587567,stable
POLG,0.0776873117461769,0.428052084420543,0.77255469756317,stable
WAPAL,0.0776524034291846,0.638053777524632,0.92478335367846,stable
DMPK,0.0776342038520229,0.261953437713599,0.614220413480201,stable
CNOT7,0.0776165532988951,0.506274761811197,0.835989457568243,stable
MIR181A1HG,0.0776159997133979,0.0285702696959182,0.166679094605508,stable
RNF139-DT,0.0774892025922776,0.0189134596291421,0.1258460599376,stable
CHCHD3,0.0773768977968178,0.563851018920063,0.879155227324167,stable
TMEM55B,0.0773746600816422,0.496216821933637,0.828662935426929,stable
DGCR2,0.0772618408962492,0.442145490380596,0.785662023872229,stable
SPATA20,0.0772339431773933,0.315297040308699,0.669944554273169,stable
ZCCHC17,0.0771804657741927,0.353997713919291,0.709079405554827,stable
EFCAB13,0.0771236615286089,0.0119575848133947,0.0901649832582453,stable
MAPRE3,0.0770783130158899,0.345930670540368,0.70118385253574,stable
UAP1L1,0.0770440406867538,0.000688295345935097,0.0104648287421774,stable
SLC4A1AP,0.0770102601710643,0.395532268203286,0.746185649771982,stable
DAGLB,0.0769901600861438,0.458263405799837,0.798775398901641,stable
RCN1,0.0769130933773254,0.29377968660663,0.648019521465815,stable
MAPK7,0.0768992728855881,0.0780491376951259,0.315709020246598,stable
ZNF16,0.0768802485043222,0.0546507240216119,0.251915028907821,stable
HCFC1,0.0768680923539799,0.479939441320832,0.815630123422706,stable
LRRK1,0.0767234923884241,0.260351329169121,0.612192648440351,stable
ZDHHC20,0.0766982452953102,0.665566620784703,0.941721130364698,stable
GGA3,0.076676633539251,0.200532328832743,0.536006026292933,stable
CYB5D2,0.0766623655743829,0.236528544053257,0.582058820198981,stable
STIM2,0.0766462421418186,0.356022327338361,0.710765462907746,stable
ACY1,0.0766357816172185,0.109692364999545,0.384978314600757,stable
ADNP2,0.0766178228842052,0.155643228198545,0.467549750623755,stable
POLH,0.0765388089502303,0.187698284830912,0.516645763065317,stable
HRASLS2,0.0765304337131847,0.141773456599344,0.443345800324988,stable
CCZ1B,0.0765028388516807,0.159168736940206,0.47248145710468,stable
ACOT9,0.0764135139310463,0.607682715490198,0.908034355318718,stable
POMT2,0.0763952625834445,0.274107373618607,0.628057832261266,stable
SNTB2,0.0763158500308541,0.255099175562633,0.604714381179431,stable
FAM120B,0.0762335206807436,0.329049205402204,0.684413562689577,stable
UPF3B,0.076220845086933,0.172215016773078,0.491865635852793,stable
CLDN4,0.0761955061976529,0.820407826508087,0.997378504529586,stable
EML2,0.0761869065697795,0.446188026515199,0.787269404751992,stable
CLIP4,0.076123245031189,0.588335581570593,0.894615517989666,stable
TRAPPC14,0.0761088802580587,0.128000882003217,0.419034929408875,stable
GPR125,0.0760635169196781,0.184664717332885,0.511804979788612,stable
PIK3R3,0.0759847657331428,0.00936182286165515,0.0758878797485892,stable
QTRTD1,0.0759738669128651,0.277801439715844,0.6310744047697,stable
ASH2L,0.0758654577499748,0.285441965273117,0.639406740608132,stable
LAMP3,0.0758597285792804,0.212749305208918,0.552271715199365,stable
FOXA1,0.0757780507001399,0.100329540413875,0.365552400005724,stable
SECISBP2L,0.0757389936274488,0.541173030901625,0.86215289062185,stable
PDLIM5,0.0757209458724811,0.550223254500328,0.868197891185234,stable
ZNF397,0.0756550759394229,0.368896902292706,0.724539125977594,stable
CENPT,0.0756406688736836,0.490969441545642,0.825396459493049,stable
CCDC171,0.0756336081906666,0.105166494023298,0.374716168336652,stable
PARD3,0.0756257739100044,0.588517944689009,0.894670234532825,stable
GSTM2,0.0756211993983146,0.0516155755292637,0.242952943885144,stable
KRI1,0.0755941528456447,0.199044291613421,0.533110740727971,stable
CARD8,0.0755920711749818,0.197773025790262,0.530871394859644,stable
SAP30L,0.0755650118814049,0.251063288630524,0.600901014123559,stable
PUS3,0.0755525234127155,0.201718367175659,0.537040972249102,stable
RBM34,0.0755320464756455,0.0982954357046652,0.360288877377459,stable
OPN3,0.0755255751774499,0.518851162035985,0.844690151394837,stable
DOPEY1,0.0755060020862595,0.346215541136653,0.701498222253347,stable
PIM1,0.0754398984109012,0.596383396485834,0.901010122630086,stable
IFI44,0.0754233854787371,0.149698116556979,0.457591842158666,stable
CDK9,0.0753931012045783,0.426523533803615,0.771618125975342,stable
N4BP2L1,0.0753302236719911,0.435582240651369,0.779501676953277,stable
LRRC45,0.0753019331730812,0.28809082513371,0.642678595503037,stable
PIP5K1A,0.0752880472598291,0.549273928112554,0.867652812681024,stable
RGN,0.0752878778782584,0.0164263178821255,0.112869763794886,stable
WDR36,0.0752806318231309,0.0332503642844362,0.185256359623039,stable
CEP85,0.075275169459931,0.102020707844839,0.36874663888093,stable
TAF2,0.0751382788330588,0.3340637676504,0.690496363841475,stable
VPS35,0.0751198285888027,0.749972445569131,0.976852166586097,stable
PACSIN2,0.0751119010308872,0.39685137042912,0.74713521175564,stable
FEM1B,0.0751047531753665,0.468875992734498,0.806918222608264,stable
ACSF3,0.0751013000128241,0.2856690164632,0.63944982147186,stable
ALAD,0.0750410580825588,0.230105349767985,0.574628763138682,stable
C6orf203,0.0750341864826092,0.247221451496862,0.5955802561821,stable
ZNF236,0.0750257335382735,0.146188863913166,0.451265826382459,stable
METTL20,0.0749559465405977,0.089580400769029,0.341237400748087,stable
DCBLD1,0.0749367133339555,0.218280658058139,0.558681483271082,stable
NDUFAF7,0.0749258128755994,0.29331172528832,0.647915729131534,stable
NOL11,0.0749225080887301,0.380379969751971,0.733980228926297,stable
CWF19L2,0.0748591019423534,0.369855807956349,0.725072768744773,stable
GNRH1,0.074826036342369,0.000170898731529837,0.00328523394721268,stable
RABEP1,0.0746749035875705,0.477786815921085,0.81412786623226,stable
NOMO2,0.074655419978559,7.37855807358848e-09,4.67334165241169e-07,stable
SMNDC1,0.0746077606801115,0.00319046020641659,0.0346360440170838,stable
AGPAT6,0.0746059542389645,0.389590004975163,0.740552119563204,stable
U2AF2,0.0745829220847087,0.508985799644894,0.837620142011199,stable
MBD4,0.0745514458974989,0.564631812174122,0.879215922302688,stable
NYAP2,0.0745268236554021,0.041161019832493,0.211855940607747,stable
C7orf55-LUC7L2,0.0745240077224332,0.532149876269785,0.854748525100034,stable
XPO6,0.0744761575081176,0.0681080933874702,0.289590885925882,stable
SEL1L3,0.0744622582398029,0.6029991968199,0.904765922194366,stable
CU638689.5,0.0743593165883713,0.0108816505751768,0.0841881624246589,stable
ST6GALNAC5,0.0742919455019845,0.36042912474529,0.715357301653909,stable
KLHL17,0.0742472039291833,0.0631166401925369,0.275916149788289,stable
STAT2,0.0742239291498313,0.526391734795315,0.849095106179065,stable
NINL,0.0742128323558858,0.15513381621072,0.466893597442406,stable
LMO4,0.0742079210765038,0.410939348299265,0.758844755451381,stable
TPP2,0.0741980138555699,0.33447803879856,0.690885357599458,stable
MAP2K1,0.0741141996170864,0.392159882307683,0.743122524646811,stable
LACE1,0.0740846243416597,0.00988537773248284,0.0785177760895843,stable
MCM9,0.0740668338258028,0.178534347339558,0.503850473246435,stable
RAI1,0.0739891170952671,0.096351297062691,0.356584394578969,stable
WDR55,0.0739821878772363,0.267981930696135,0.620942082317947,stable
CATSPERG,0.0739139523480805,0.0576933095509855,0.260911503112787,stable
LRFN4,0.0738764960156667,0.139781901063262,0.439440336922942,stable
PSMD1,0.0738407472421696,0.697824975654848,0.955934463417059,stable
TLK1,0.0738392818114735,0.273007833871756,0.626360315549615,stable
WRN,0.073836852721132,0.00500966423256541,0.0480404447818479,stable
DNM3,0.0738361076332137,0.139217561460877,0.438268213056339,stable
GATD1-DT,0.0737650569043247,0.152487210191592,0.462684870887846,stable
ETAA1,0.0737646058648136,0.36404860756336,0.719260145187857,stable
C12orf76,0.0736244069382254,0.67481060939947,0.944240759232126,stable
OSBPL10,0.0735920394932846,0.0248108047821241,0.151416514057257,stable
TRAPPC10,0.0735734145941606,0.21730957619603,0.557129249039487,stable
BBS2,0.0735315664164755,0.390911893227411,0.742102653313478,stable
SS18L1,0.0735188726753576,0.113250084369532,0.391205573575186,stable
TYSND1,0.0735129174513945,0.29270528395147,0.647021589696703,stable
KTN1,0.0734364259632152,0.208443602810925,0.544786204610827,stable
TNPO3,0.0733931486395559,0.536247969123762,0.857437368356533,stable
NCAPG2,0.0733881222996021,0.0689463865849621,0.291828472858233,stable
ZNF211,0.0733787741886216,0.0570755452569373,0.259461310978357,stable
TNKS,0.073377471417447,0.341693414695748,0.698238097833639,stable
RHBDD3,0.0733339307578273,0.267326765217793,0.620665218997589,stable
CDC16,0.0732705935834785,0.626618383868712,0.919163671518712,stable
CRLS1,0.0732288834888815,0.595143248103156,0.899818313520467,stable
NR0B2,0.0732039642118479,0.150329710900485,0.458948647864019,stable
PTPRJ,0.0732014991528919,0.410958138178022,0.758844755451381,stable
RBBP6,0.0731460409426899,0.65930835703397,0.938866506189873,stable
ZBTB8A,0.073089652589689,0.111022687206371,0.38751588660998,stable
PPME1,0.0730889060404052,9.56192236314482e-05,0.00199122553606614,stable
DMXL2,0.0730178093004721,0.367054295292275,0.72229056881413,stable
LBR,0.0730011743664675,0.378061416927054,0.731631740091267,stable
HDAC10,0.0729954379693232,5.55916265443299e-05,0.00125147705870698,stable
ITGB4,0.0729281727303045,0.61802528326725,0.915358852333923,stable
CITED4,0.0729247779863696,0.29975538558229,0.655405843078717,stable
C1orf159,0.072912843763459,0.243430875893172,0.591237636979562,stable
DDX52,0.0729021572080457,0.545974011369168,0.866189009081987,stable
OCRL,0.0728805249172199,0.331990654555153,0.688072865595488,stable
CD83,0.0728114413721482,0.0810314682137493,0.322123143884511,stable
ZNF738,0.0727354777961977,0.280648677655607,0.63473896084069,stable
UCKL1,0.0726788500716827,0.5186411419132,0.844640197008654,stable
SLC25A45,0.0726659045763259,0.0290313193774536,0.168508474867043,stable
MTERFD2,0.0726265374992549,0.409831628057155,0.757983083646897,stable
PTEN,0.0726185773231013,0.481859033379429,0.8170940934882,stable
ZNF234,0.0726164139693545,0.160976676145359,0.474506604581834,stable
QTRT1,0.0726137069542197,0.459167185729185,0.799324932833032,stable
MPHOSPH9,0.0725275090420611,0.0328860647463593,0.183897189139751,stable
ATP8A1,0.0725210455164917,0.64379655911846,0.929134490987492,stable
CTAGE5,0.0724989801751046,0.342545630395746,0.698832507595932,stable
C5orf63,0.0724833642713395,0.285313959290231,0.639293542516796,stable
CAMK2D,0.0724037647187822,0.644007271540697,0.929328873487602,stable
DNAJC7,0.0723631893722563,0.235244584881718,0.580461132569056,stable
AQR,0.0723230724725014,0.337870119359573,0.694021902041912,stable
CLDN12,0.0722724493587144,0.506913318931683,0.836513003277781,stable
SCYL2,0.0722699433425549,0.502072218461658,0.832786139877269,stable
RAPGEF6,0.0722415359755209,0.32423369420342,0.679256428996704,stable
METTL15,0.0722152618898193,0.437244137445724,0.781662027466763,stable
ABL2,0.0721811852556934,0.293483751253064,0.647915729131534,stable
TC2N,0.0721478440120704,0.0298818129617789,0.1715712924588,stable
AMFR,0.0721092088967902,0.18638327156662,0.514183956585503,stable
TOPORS,0.0721048148553622,0.257409626400521,0.607916397434305,stable
NOL9,0.0721044356009989,0.428091041961105,0.77255469756317,stable
ZNF107,0.0720663535941693,0.0572795478237271,0.260001928183156,stable
CASP8AP2,0.072029563929102,0.0135669078445136,0.0981893910546679,stable
PLCXD1,0.0719198163473846,0.0115297553409818,0.0879224761622966,stable
STRADA,0.0718041024290495,0.0408250260458451,0.211121047295614,stable
SPAST,0.0718031878775283,0.285678710100751,0.63944982147186,stable
MTMR2,0.0717969717580464,0.368204408363903,0.72373865377719,stable
EFCAB4A,0.071791273574287,0.508239969540602,0.83733291659353,stable
NADSYN1,0.0717803263720564,0.456294525977651,0.797233944956533,stable
PPP2R1B,0.0717763435266513,0.32333852795897,0.678897985672102,stable
GCC1,0.0717569809988377,0.234531010212836,0.579641778317086,stable
ARFGAP1,0.0717318129162859,0.329420656241406,0.684413562689577,stable
NOTCH2,0.0717091020959825,0.477041178467336,0.813979810941474,stable
COQ6,0.0716951906207985,0.330964227335955,0.686877201180766,stable
IFNAR1,0.0716767883265048,0.618897477937073,0.915686609816361,stable
ATP5SL,0.0715345593408669,0.329609087215135,0.684645961277454,stable
CNOT4,0.0714333092392453,0.631214214190785,0.92130896170366,stable
C10orf88,0.0714127419578394,0.112315416854876,0.389996146771323,stable
DKC1,0.0713799587652712,0.374332394866534,0.728404838403138,stable
EDC4,0.0713559850439356,0.0246568210633212,0.15071057510449,stable
RBM17,0.0713384891719304,0.712214586018204,0.961788676478847,stable
LIMA1,0.0713373401440166,0.496805108071666,0.828899135116974,stable
RBM45,0.0713096096437793,0.194500011062885,0.526634753906675,stable
TARS3,0.0712731397054767,0.0982737101406132,0.360288877377459,stable
NEK1,0.0712239797923062,0.0375787599678725,0.200332647992705,stable
ZNF140,0.0711952603969452,0.218754320418594,0.55954233370933,stable
SEMA3C,0.0711533021743687,0.183020198875803,0.510186296078818,stable
AKIRIN1,0.0710749527542867,0.577555118153184,0.886938915113633,stable
EDIL3-DT,0.0710728574797157,0.0429799992238541,0.217102277071237,stable
ANKRD13A,0.0710591627966768,0.553488859053086,0.871108341685268,stable
SRC,0.0710216431994759,0.466959553541239,0.805427098396044,stable
IGFBP2,0.0709371033673573,0.28802363312417,0.642678595503037,stable
SEC61A2,0.0709193120230341,0.0394732688635372,0.20656311765658,stable
ITPA,0.0708963153044092,0.587302274979469,0.894045206643715,stable
URI1,0.0708454461022385,0.341201195236666,0.697815527952654,stable
CHTF8,0.0708228021705941,0.558343404558354,0.875024330425809,stable
KLF8,0.0708218528695676,0.37309829600141,0.727729714894138,stable
CSRNP2,0.0708129098850636,0.275979914213468,0.629515842154707,stable
ZNF687,0.0707996834723029,0.223339614907801,0.565472960363081,stable
CARF,0.0707528494102238,0.116549255082987,0.396989604366416,stable
LINC00886,0.0707140887390173,0.0178537645439963,0.120311145416654,stable
PTPN4,0.070594010135717,0.351307658229178,0.706661973703056,stable
TBCD,0.0705659106014164,0.544102833610089,0.864570760103317,stable
GGNBP2,0.070551589366825,0.767525756578293,0.981415985828635,stable
ALS2,0.0705472230047155,0.169187035560032,0.487309689605522,stable
BRWD3,0.0705391949404146,0.299393892679602,0.654820351425202,stable
GALNT10,0.0705312969235777,0.454192274374898,0.795423956347819,stable
SEC22C,0.0705299475122541,0.356815763799308,0.711579814776189,stable
NKAP,0.0704553656575783,0.563078965806806,0.878728109028776,stable
DNALI1,0.0704522067614479,0.169172183998569,0.487309689605522,stable
ATP6V0A2,0.070394497148488,0.361029548680933,0.71601100395516,stable
AGA,0.0703776049641978,0.410197353504855,0.758302209086681,stable
ATG16L1,0.0703736880263348,0.335338873935524,0.691957676750008,stable
DCUN1D2,0.0703285417794618,0.173285614589933,0.493881341366377,stable
DGCR8,0.0703146508211916,0.339395579224022,0.695402541138861,stable
RNFT1,0.0703079907505487,0.0498776298367265,0.237701421880758,stable
ZC3H12C,0.0702873445003162,0.557077862696794,0.874161719333197,stable
ERO1LB,0.0702259064598737,0.285339133505533,0.639293542516796,stable
RBM12B,0.0702152063482891,0.382115732092204,0.735009080896161,stable
ACP6,0.0702099590264016,0.00955851952643836,0.0768706201915674,stable
NBPF11,0.070169983260132,0.191966949395275,0.523211591841213,stable
KIF22,0.0701221365806959,0.239709665591193,0.586746285980525,stable
PHTF1,0.0701075675177883,0.373905437975468,0.728048552161498,stable
SUV420H2,0.0700907406017587,0.327612045090469,0.682701950082833,stable
TCTN3,0.0699927703818198,0.5430698816149,0.863998493253365,stable
HIF1A-AS2,0.0699853478262827,0.0420383888648802,0.214741857703425,stable
HEXIM2-AS1,0.0699323451680036,0.187825125045859,0.516645888514983,stable
CACNA2D1,0.0698361552336033,0.161453008904803,0.474651654846635,stable
MAPK10,0.0698286532642,0.127734637959842,0.418772742394431,stable
PPM1L,0.0697707034527464,0.385473835987561,0.736784988036544,stable
PLCG1,0.0697380803341577,0.472457523723626,0.809383595592655,stable
NCEH1,0.0696694703441393,0.385489737048033,0.736784988036544,stable
TTN,0.0696368824363162,0.274565874927498,0.628556672944727,stable
SLC35D1,0.0696213224759704,0.128563156219904,0.419529103478939,stable
ZNF579,0.0696203253448602,0.444348573921163,0.786293712740634,stable
FAM120A,0.0695759243241509,0.7261800369103,0.96760679869103,stable
PYGO2-AS1,0.0695530031745899,0.0524795917542396,0.245225737616141,stable
H1-4,0.0695267251893789,0.464617364783721,0.803646132953781,stable
MNAT1,0.069484950255768,0.4821932041409,0.817294748671431,stable
ZNF185,0.0694609224951811,0.356897017889418,0.711579814776189,stable
AP3D1,0.0693876054012425,0.312084112231419,0.667410109852496,stable
SVIL,0.0693527953994383,0.561336318396529,0.876904173300853,stable
PAXIP1,0.069304505532416,0.229875532430967,0.574289496921345,stable
CORO7,0.0692675008452305,0.154307961649387,0.465642273242961,stable
DCAF17,0.0691877893778902,0.182649505297115,0.510041257193226,stable
RNF8,0.0691803663743093,0.546452993031489,0.866611492840805,stable
ZCCHC7,0.0691363956128276,0.467648176695478,0.806053484479063,stable
ACAD10,0.0691350307214763,0.143321608738443,0.4461324441368,stable
EPHX2,0.0690913102612533,0.206760534063833,0.542312791772031,stable
CLASP2,0.0690231486800147,0.564119685796946,0.879155227324167,stable
EVPL,0.0690116043340719,0.700859003840509,0.957026414538247,stable
ERCC5,0.0689560937418257,0.48328956814069,0.818018787171392,stable
GALT,0.0689254341391344,0.523735402652554,0.847484503930474,stable
KIAA1731,0.0688525646286581,0.384765594127866,0.736282815062466,stable
SIRT7,0.0688508118548916,0.582522903907888,0.89069577123576,stable
SH3D19,0.0687294742042944,0.488788533257857,0.823790297882814,stable
FHIT,0.0687130626534249,0.304118587968905,0.659490086807147,stable
ISCA2,0.0687006287038207,0.587677415370917,0.89438790944571,stable
GOLT1B,0.0686861666075848,0.579601037491165,0.888953443350219,stable
MEIS2,0.068631206496298,0.0772068703029486,0.313774106380517,stable
PEX5,0.0686290133841652,0.312671166924034,0.667771327807451,stable
ZNF669,0.0685238701002237,0.132633934880365,0.426901206469005,stable
FLVCR2,0.0685150164037235,0.498964962301426,0.830997348067749,stable
MUS81,0.0684901129527902,0.497095742201469,0.829216478257472,stable
PLA2G12A,0.0684634372638768,0.418258793194036,0.765339167003518,stable
SDCCAG3,0.0684537887867387,0.365915208277046,0.720977999029435,stable
COIL,0.0684499181101925,0.54163728373509,0.862667642524787,stable
STAT5B,0.0684359062821879,0.422514935596498,0.768231826971828,stable
EIF4G3,0.0684299683215359,0.0270447136698299,0.160446664214248,stable
TFIP11,0.0683821626403614,0.250397151432212,0.600360006688649,stable
LPCAT3,0.0683787514653719,0.623533738301472,0.917545966156932,stable
POLI,0.0683400004137873,0.462507129842651,0.802282837405501,stable
ANAPC2,0.0683002638809124,0.408671499418003,0.757983083646897,stable
PRTG,0.0682440298227584,0.116779519291566,0.397082849463172,stable
CDK16,0.0682025513119804,0.00688311934807164,0.0609704716745128,stable
GOLGA6L10,0.068175094170174,0.0344757066528555,0.189237107375171,stable
RABL2A,0.0681704341692419,0.106602355118872,0.377821742236325,stable
CCDC12,0.0681670837276144,0.596907238670043,0.901045656937624,stable
PCNP,0.0681604345901115,0.560701554238194,0.876472608568757,stable
TPCN2,0.0681537493316488,0.201559046008564,0.537040972249102,stable
MPZL1,0.0681280605851404,0.714678160408119,0.962881718596808,stable
ZFP1,0.0681168238005511,0.00241191762839013,0.0278669953586399,stable
TLE4,0.0680999665287108,0.425166405462524,0.770874242120127,stable
LRCH2,0.0680878261028836,0.103377748368484,0.371460638239062,stable
CRYBG3,0.0680575649132705,0.476336541572117,0.813231548069492,stable
NAA30,0.0680379725323289,0.393219384846452,0.74427750146587,stable
SYK,0.0679856051067654,0.0727179765470079,0.303070080228648,stable
TPRG1,0.067981067296397,0.387622600924269,0.738052752912502,stable
ATP10D,0.0679308137639651,0.169436327230594,0.487912759497474,stable
NAPRT1,0.0678670620115737,0.609068503101027,0.909094617906787,stable
STK11IP,0.0678282991099611,0.204999056220003,0.540649075131244,stable
SNHG9,0.0678282516008047,0.562657096531259,0.878518373738423,stable
ZNF568,0.0677821738892166,0.198954683086301,0.532987518309651,stable
FBXO3,0.0677619915973788,0.432753278147078,0.776681261499029,stable
RSRC1,0.0677442684931062,0.373074581895621,0.727729714894138,stable
CDKL1,0.0676023274545765,0.282104199171534,0.636374512682752,stable
COASY,0.0675885221478794,0.354367415492278,0.709200480257811,stable
ZNF789,0.0675809640331681,0.0910140266711657,0.34433780935572,stable
TNFRSF10B,0.0675536952036175,0.440236623866247,0.784651170717216,stable
RAD9A,0.0674941735068396,0.376358931336709,0.730139910595133,stable
BIVM,0.0674881960681574,0.0542302766142323,0.250817594147702,stable
DR1,0.0674342501887608,0.517863690925903,0.843936242884714,stable
CREB3L2,0.0673872185155433,0.385494909828869,0.736784988036544,stable
DBP,0.0673839320971537,0.00133330678802655,0.0180691154953842,stable
STXBP5,0.0673003066191099,0.167077999573064,0.483693358710228,stable
LEPRE1,0.0672757175773313,0.190112590655446,0.520128985714452,stable
SLC8B1,0.0672737761495445,0.365911628435351,0.720977999029435,stable
MAPK8IP1,0.0672276128921436,0.092629581985435,0.3486157666841,stable
IKBKAP,0.0672258704896918,0.392888977450424,0.744139271824292,stable
NME7,0.0671959035361867,0.408163945767744,0.757921323570546,stable
WDR90,0.0671755578395336,0.290904002794633,0.645491110938753,stable
CLN5,0.0671429385123007,0.15123449193557,0.460560645097262,stable
LIMS1,0.0671048574921804,0.687187171335499,0.949905312914264,stable
IQCC,0.0670376071110262,0.0355333161753346,0.192962797391066,stable
PBX4,0.0670084318983319,0.127779928813855,0.418772742394431,stable
PEX16,0.0669775456927216,0.343356524029118,0.699648299671936,stable
TMEM116,0.0669574684330581,0.34905654948694,0.703637220305999,stable
TCTN2,0.0669521110569945,0.207828690943784,0.543654594071649,stable
ZNF426,0.0669460516199338,0.219096146643754,0.559948002628736,stable
SAT2,0.0669349817389103,0.722760159121818,0.966353555512735,stable
TRAFD1,0.0668935570744721,0.447186766570516,0.788018881568351,stable
HIPK3,0.0667358223572887,0.605774373264248,0.907029144877777,stable
KATNBL1,0.0666765634039718,0.515726188856655,0.841982577855749,stable
DEAF1,0.0666391361792189,0.429711617529182,0.773961135893709,stable
ZBTB17,0.0665956148028665,0.344757852718901,0.701110535373869,stable
MGME1,0.0665697188017482,0.343594854510978,0.699900600157007,stable
SCYL3,0.0665411989635059,0.00200440739560779,0.0240450206122764,stable
CHPF,0.0665054533940103,0.635300100259472,0.923463221278509,stable
PUS10,0.0664657992256476,0.128965449357315,0.419833196522988,stable
DNAH14,0.0664549121897403,0.227625624641651,0.571354339962945,stable
C1orf27,0.0664398217535409,0.145908549742094,0.450969939834983,stable
NPIPA6,0.0664127503444623,0.0856802574104153,0.331441603349657,stable
AMDHD2,0.0663993959902929,0.411023214222558,0.758850290085568,stable
POLR2J2,0.0663937024377415,0.0963235250259337,0.356584394578969,stable
THBS3,0.0663388637100725,0.276195305946767,0.629655244291921,stable
ZNF148,0.0663335757963886,0.0441998283979779,0.220620131619797,stable
MAPK1IP1L,0.0663081745032573,0.422210548920929,0.768021093751403,stable
GLMN,0.0662659470618988,0.299151277995043,0.654671075345064,stable
NEK11,0.066246297305692,0.166390004621461,0.482541609877786,stable
XRN2,0.0661923303996623,0.38704598594935,0.737797314054397,stable
IRF9,0.06613309668843,0.0469025464388788,0.229059819284401,stable
INTS6-AS1,0.0661193888152149,0.0795207864399665,0.318918009659498,stable
CNST,0.0660748338612581,0.100443045942209,0.365747927791945,stable
FAM179A,0.0660254143538959,0.0797860068637684,0.319457631150575,stable
DSP,0.0660237630122718,0.737068249530733,0.971622076787017,stable
AMY2B,0.0660112237859074,0.0894746559082544,0.340940833485817,stable
CCNK,0.0660038271199069,0.576335752669914,0.885984413296042,stable
LRRC8C,0.0659441823376501,0.053120644695228,0.24746446675094,stable
SOGA2,0.065924774462243,0.278229268503725,0.631231361950545,stable
DUS4L,0.0658774392868842,0.134853236581327,0.431079141047052,stable
OPHN1,0.0658737950660475,0.284892598386039,0.639230382281744,stable
SMAD5,0.0658705700565318,0.664444233950007,0.940936783573318,stable
TLE2,0.0657829822006546,0.387307376005159,0.737797314054397,stable
RCCD1,0.0657729720954833,0.0285691270535945,0.166679094605508,stable
TRABD,0.0657237861951649,0.633546720688039,0.922623996808785,stable
FAM149B1,0.0657057795663231,0.230358477508574,0.575016052974998,stable
TMEM87B,0.065628757889734,0.618812314795107,0.915686609816361,stable
MAMDC2-AS1,0.065599747538654,0.0320295136687739,0.180178911682969,stable
BFAR,0.0655834897263522,0.747897239838968,0.976542041254727,stable
CRYGS,0.0655669768597679,0.0339587244915608,0.187663403338535,stable
STK35,0.0655140311795177,0.389601659105936,0.740552119563204,stable
SLC30A5,0.0654880450372632,0.594512278673208,0.899408552845422,stable
FAM168B,0.0654497136637305,0.659138178853999,0.938866506189873,stable
SERAC1,0.0654372246856155,0.203556713690353,0.538938113093108,stable
SLPI,0.0654247622227371,0.000219970139319637,0.00404957075759525,stable
RUNDC1,0.0654057791471918,0.421593880633974,0.767751982311878,stable
DPY19L1,0.065317755984201,0.530457311569979,0.854016435363191,stable
THRA,0.0653088016842922,0.674810804372697,0.944240759232126,stable
KATNAL1,0.0653081178074641,0.378655139657901,0.731691499712011,stable
SF3B3,0.0652877177391453,0.558626424869124,0.875241510028041,stable
EIF2S3,0.0652286186067171,0.491999057998064,0.826026621428688,stable
TCAIM,0.0651383700269373,0.425036511323969,0.770872899556651,stable
GFPT1,0.065124426119212,0.596840046637233,0.901045656937624,stable
NFIA,0.0651046751668599,0.479141615928304,0.815218426606874,stable
NUDCD3,0.0650687816185476,0.349332742128265,0.703880639063364,stable
RAD18,0.0650625151524839,0.15787257462646,0.470504436840369,stable
PLXDC2,0.0650618105482154,0.0431286906332045,0.21751251791991,stable
CUL7,0.0649959944857367,0.353303185733229,0.708809805088296,stable
UBQLN4,0.0649241187330593,0.500832275611012,0.832269404169251,stable
PTPN9,0.0649186351195695,0.480025252012258,0.815630123422706,stable
GPR89B,0.0648223064242959,0.147949701924116,0.4543554808897,stable
CIZ1,0.0647951149510337,0.219832553126366,0.560618342142394,stable
STON2,0.0647843366496417,0.161369073242432,0.474519016433844,stable
ACOX2,0.0647708936849675,4.00428824060517e-06,0.000137882871699036,stable
ESCO1,0.064749254756885,0.567792559359193,0.880671479158805,stable
TLCD2,0.0647337721448646,0.383770239790505,0.735620323696956,stable
CUL4B,0.0647199759565412,0.28168771334996,0.636020312587208,stable
CPED1,0.064647848646522,0.319091158325485,0.674722421617493,stable
LENG9,0.06457915300936,0.035871534282351,0.194023732330734,stable
DPF2,0.0645020883413211,0.425499716464972,0.771173278851601,stable
NECAB1,0.0644864623062467,0.368200983086773,0.72373865377719,stable
ZNF626,0.0644322699893649,0.422014313557557,0.767888792301957,stable
HEXIM2,0.0644207443136049,5.35479472114926e-06,0.000175487964266296,stable
GBA2,0.0644061502519626,0.567854433796605,0.880671479158805,stable
ADRB1,0.0643957383152847,0.617160228486225,0.915033828545661,stable
TMEM168,0.0643507582857742,0.540305233120483,0.861219346676853,stable
NMRK1,0.0643346498529515,0.677431135387816,0.945418221141759,stable
EEA1,0.0642994909176292,0.446927001612339,0.788018881568351,stable
SLC12A6,0.0642935678697685,0.324158774326511,0.679256428996704,stable
IDE,0.064258591694465,0.486459277572671,0.821677243201373,stable
SEC23IP,0.064236456800828,0.493415880919943,0.827141487707815,stable
DLGAP4,0.0642333682439016,0.524693909706708,0.847767553301461,stable
TUBGCP3,0.0642205428069325,0.463676044353159,0.802829456965016,stable
INO80C,0.064215885571214,0.593786093309194,0.899408552845422,stable
PPP2R5B,0.0641815947351456,0.419064239567762,0.765601743308372,stable
ZNF320,0.0641695529927202,0.284465586418197,0.638975988308717,stable
PITPNB,0.0641409445574767,0.519580518066077,0.845076233206479,stable
SNHG15,0.0640728024089053,0.569234962861442,0.8812781464935,stable
BEND7,0.064029228637458,0.453948451509364,0.795336945857885,stable
NOMO3,0.0639819072461459,0.115242588791772,0.394269634870033,stable
TNFRSF25,0.0639472431396535,0.137888257493492,0.435592949116284,stable
NPC1,0.063927004697333,0.586543913842319,0.893335759133878,stable
MTMR11,0.0638748248023296,0.0244453393875171,0.149784375274691,stable
PPP6R2,0.0638330787673674,0.519823855953315,0.845076233206479,stable
CDK17,0.0638132059423738,0.190859414815137,0.521161992728937,stable
ARMC1,0.0638082744117488,0.592161513649173,0.898198578340674,stable
ELAC1,0.0637823873086746,0.291118575885995,0.645849994851252,stable
RANBP3,0.06372692729488,0.180421543706729,0.506867878221128,stable
ANKRD52,0.0637129190541104,0.409376932656898,0.757983083646897,stable
TCF7L2,0.0636728698631191,0.423845389627862,0.769645422034874,stable
AP1B1,0.063667950924637,0.581622796003955,0.890266976533549,stable
ZNF136,0.0636597024243186,0.2884875411529,0.642812924362568,stable
MGAT1,0.0636467315480298,0.789887432504705,0.988615188915299,stable
WDSUB1,0.0636276912243996,0.438453340369948,0.783002722086523,stable
EIF4A2,0.0635883374956261,0.519654122692717,0.845076233206479,stable
TBC1D5,0.0635676117687202,0.66438133078594,0.940936783573318,stable
LRSAM1,0.0634717837596418,0.20129099789235,0.537040972249102,stable
FMN1,0.0634668937734491,0.50161875376106,0.832538908647345,stable
CGRRF1,0.0634491580481639,0.352629644027153,0.708145143058123,stable
AGPAT3,0.0634195728980643,0.647500632383716,0.932059318212264,stable
GRHL2,0.0633540226188017,0.392169781290623,0.743122524646811,stable
IFT122,0.0633070044928376,0.33981203949868,0.69590590900182,stable
IPO11,0.0632984187221133,0.0196353778781173,0.128630337024167,stable
ATXN3,0.0632571625063312,0.368498109599887,0.724199500281193,stable
PIP4K2B,0.0632424078988153,0.209691702726486,0.546889561367307,stable
CS,0.0632329954395486,0.640621801174867,0.926631274116859,stable
TRAPPC8,0.0632257219496325,0.0018487593817757,0.0227585444942861,stable
DNAH17,0.0632125492472967,0.174070633878541,0.49530712954639,stable
CYB5D1,0.0632106667067049,0.0788019802417627,0.317493542015592,stable
EPM2A-DT,0.0632088967783064,0.0227474174788325,0.142869390700587,stable
KIAA0825,0.0631920988796164,0.136334482963407,0.432819881560053,stable
XYLT2,0.0631919473043899,0.0837722895688395,0.327956235981951,stable
TEFM,0.0631238938812291,0.339896579434237,0.695962443384275,stable
IL4R,0.0630886338339386,0.495335393183031,0.828088053373821,stable
TUBE1,0.0630758754366552,0.0427053325140864,0.216665135012871,stable
SRSF7,0.0630296701350063,0.738118009898731,0.971965372509113,stable
DDX43,0.063021008874749,0.185556827946839,0.512829903871166,stable
OXLD1,0.0630045687489632,0.641935099242547,0.92732387770514,stable
AGAP6,0.0629727292888652,0.311629155448884,0.667254299563349,stable
CLEC2D,0.0629229508418441,0.280372861341227,0.634446104597402,stable
CCDC183,0.0628998271719596,0.222801280658848,0.56504623543024,stable
STRBP,0.0628685308686354,0.457183205156065,0.797628686790692,stable
CXCL1,0.0627622906750801,0.148781036950689,0.45604297785487,stable
HNRNPLL,0.0627376973837154,0.371306526783913,0.726216157345049,stable
CAPN15,0.0627309310620282,0.393266392503931,0.74427750146587,stable
DCTN5,0.062714362525494,0.566719740225307,0.879916436493605,stable
PPP1R15A,0.0627007360340044,0.68618858623689,0.949395144231282,stable
MED28,0.0626259111602497,0.397037821953913,0.74713521175564,stable
XAB2,0.06259707844011,0.434076460127338,0.778193713956322,stable
CDK6,0.062583743951404,0.417306266709077,0.764790375450038,stable
CLN3,0.06249728487686,0.76738824996878,0.981415985828635,stable
NKIRAS2,0.0624932365631222,0.503499677162801,0.834167011404626,stable
NOP14-AS1,0.062477876682495,0.247671657621104,0.595976206685971,stable
ZNF836,0.0624777850020273,0.188106408686004,0.517303203549543,stable
ABCC5,0.06247463824694,0.452085446918212,0.793933437237528,stable
NXPE3,0.0624459556360571,0.207214666039075,0.542989119122332,stable
ZNF407,0.062441328111358,0.182953516427069,0.510186296078818,stable
FAM215B,0.0624346851088681,0.134145816710787,0.430167487794507,stable
COQ9,0.0624261401431115,0.600436107582816,0.903164376352415,stable
ITPKC,0.0624202240477331,0.245926294823077,0.594111270339385,stable
PIK3CB,0.0623920386240721,0.399783007231677,0.750222210684683,stable
PICK1,0.062391111946294,0.601874890214578,0.903847500980712,stable
WAPL-DT,0.0623805720910303,0.13212607086435,0.425813100513002,stable
GFOD3P,0.0623783499025854,0.39656418138974,0.747048937171857,stable
SENP5,0.0622757941101781,0.521694952460001,0.846174692197109,stable
TTLL5,0.0622697107579584,0.32600655685099,0.681338891493124,stable
PELI1,0.0621812941774554,0.503015742868087,0.833675736269166,stable
HAUS5,0.0621788494346393,0.154558401063143,0.46596786237211,stable
SIAE,0.0621488416157482,0.469387993407285,0.806987690167996,stable
BUB3,0.0621141888552263,0.714643191615056,0.962881718596808,stable
MMS22L,0.0620697395128276,0.174590683321821,0.496440221662234,stable
SMYD4,0.0620496818819014,0.086491944417115,0.333736593609474,stable
SPATA6,0.0620291513817319,0.134519600998125,0.430704927112281,stable
TOPBP1,0.0619455736519664,0.263452716923836,0.616071085956449,stable
ZC3H12A,0.0619197055560323,0.44543204846041,0.786616781331993,stable
ZRANB1,0.0618908387253234,0.353377374022573,0.708827338990609,stable
P2RY11,0.0618281081874386,0.0123023365980732,0.091816939126258,stable
VPS11,0.0618022161827887,0.509779751517148,0.838040293421966,stable
ABCC10,0.0617951021931472,0.294339089362462,0.648577760587046,stable
RNF41,0.0617910612843964,0.440649471307002,0.784860722316304,stable
ADAT2,0.0617493940280467,0.268506100755674,0.621635658378283,stable
SLC41A1,0.0616800981583969,0.356645073188613,0.711543883573953,stable
YTHDF1,0.0616429191488812,0.444073156709061,0.786108572109025,stable
MFN1,0.0616402915399046,0.610815527199253,0.910007191283811,stable
ZNF251,0.0616377547191705,0.212900921374526,0.552516269486505,stable
UBFD1,0.0615700482305908,0.434296262811684,0.778193713956322,stable
CLOCK,0.061536832985063,0.684818518480273,0.94834923546048,stable
ARHGEF4,0.0615285349368814,0.451795976031349,0.793613164392472,stable
FUT11,0.0615268384119435,0.18647687159691,0.51422330439967,stable
DHX35,0.0615122169307719,0.264485998914521,0.617428373738069,stable
ROBO3,0.0614754860829247,0.0777949996471368,0.315036847078298,stable
TNFRSF21,0.0614451501801152,0.200848957540125,0.536416355029603,stable
DOPEY2,0.0613792019005592,0.208930122074807,0.545485222606245,stable
NFKBID,0.0613440957043225,0.147970318179147,0.4543554808897,stable
GLIS2,0.0613002309104896,0.307562121428126,0.663026239706458,stable
CCSER2,0.0612983859626245,0.377362794554539,0.731390962523336,stable
BIK,0.0611678634134953,0.0444723769711379,0.221167752683153,stable
NAV1,0.0611624757849449,0.0660021700712061,0.283765869946383,stable
TNK2,0.0611191733608712,0.402177055215841,0.75235481200075,stable
DNPEP,0.0611161468789183,0.48604693748303,0.8213212280609,stable
PURB,0.0610820339845084,0.610595741235996,0.910007191283811,stable
SEC14L2,0.061039805265593,0.128889558897354,0.419779289971754,stable
PGD,0.0610378273161851,0.650007770591555,0.933226544513311,stable
PPM1A,0.061016844402694,0.701211536481281,0.957183313373896,stable
TRIM41,0.0609873449019039,0.361002047281201,0.71601100395516,stable
CORO2A,0.0608715581146424,0.389005778132607,0.739888766569188,stable
RNF180,0.0608637266043482,0.406026082138777,0.75578846171226,stable
RASD1,0.0608470914357129,0.684317919425149,0.948316772140689,stable
LINC00982,0.0607663699162966,0.34543309579516,0.70118385253574,stable
CD47,0.0607158421171108,0.852473581363343,0.999789246558786,stable
ASCC3,0.0606958479364672,0.365605750257694,0.720977999029435,stable
TSEN54,0.0606872115015565,0.534808202160739,0.856253498783612,stable
LZTS2,0.0606821408524172,0.582392711737336,0.89069577123576,stable
ERBB2,0.0606672798231549,0.874609228289444,0.999789246558786,stable
OSMR,0.0606524463996147,0.628610445576025,0.920017492614952,stable
CAB39L,0.0606500581838774,0.0359942451583707,0.194330943409529,stable
CDS1,0.0606120838542626,0.603366759720014,0.904930785990982,stable
ARK2N,0.0605467290896858,0.50523911439642,0.835616687103482,stable
ZXDB,0.06050656374218,0.206925128491052,0.542568161877868,stable
RUNX1T1,0.0605012611948727,0.290683680335394,0.645318998905378,stable
NEK8,0.0604931350539182,0.289767110309864,0.644294046788695,stable
SNHG18,0.0604927691882554,0.708155840547376,0.959569298224567,stable
PDGFA-DT,0.0604284943554442,0.0833814377006679,0.327447844810087,stable
ZFP90,0.0604279273248388,0.395847154346822,0.746288939842325,stable
ZMYND15,0.0603724974348393,0.202026616914839,0.537040972249102,stable
TRIM28,0.0603285970473967,0.262074591933628,0.614220413480201,stable
CDS2,0.0603206436116828,0.751391318133036,0.977128454559386,stable
SMIM10L1,0.060271634598588,0.453583021997997,0.794950155874407,stable
USP18,0.0602660216695378,0.245612892163448,0.593706148666401,stable
TMED5,0.0602098260949534,0.660350295588654,0.939484752251344,stable
C11orf84,0.0601899241764771,0.107581961112359,0.379971653463589,stable
RAB7L1,0.0601888877824239,0.288111804921191,0.642678595503037,stable
ACADVL,0.0601386394169992,0.0753898549139693,0.30951570873431,stable
TMEM33,0.0600791725537028,0.610677395325302,0.910007191283811,stable
SOS2,0.0600749972461234,0.456885903368644,0.797397670299586,stable
PARP12,0.0600611988423556,0.266233779132711,0.619344779508597,stable
LEPROT,0.0600430542907264,0.877041686091774,0.999789246558786,stable
TXNDC16,0.0600043396299493,0.0422649032747671,0.215358973585141,stable
TUBB6,0.0599577094248471,0.808646489210808,0.995257217490225,stable
PLA2G6,0.0599334461900934,0.20058635594621,0.536006026292933,stable
KLHL9,0.0599285796892064,0.633862576502148,0.922860425817325,stable
METTL12,0.0598970937505455,0.549651259832235,0.867967575273122,stable
TP53RK,0.0598768317071135,0.531008023533801,0.854232354385354,stable
SLC31A1,0.0598211704942087,0.563357762882293,0.878938773895744,stable
SPIN2B,0.0597841817629315,0.112299222487976,0.389996146771323,stable
WTAP,0.0597472555903775,0.204021492642448,0.539176606197437,stable
TTC21B,0.0597348639339508,0.448725052694365,0.789239574695815,stable
SMIM6,0.0596575660419395,0.390311853682995,0.741210517231774,stable
NARF,0.0596569247664392,0.656851209226971,0.937356882315069,stable
CDK14,0.0596475933597911,0.501887751547084,0.832778047361417,stable
SPIRE1,0.0596437097448848,0.523870118590598,0.847510366549956,stable
ZSCAN23,0.0596254322027531,0.0076469952001714,0.0656923689361311,stable
SLC25A39,0.059612656572551,0.590453543825302,0.896497841227238,stable
VPS16,0.0595892881709195,0.504219253573812,0.834381502055811,stable
ELAC2,0.0595823146416739,0.412542278536641,0.760280732306853,stable
METTL25,0.0594875976137928,0.385309439230434,0.736784988036544,stable
ZNF652,0.0594825979607623,0.0334024710445409,0.186019046035749,stable
TTC8,0.0594700001882546,0.366583877772712,0.721597636375785,stable
CBR4,0.0594248444964664,0.31946502510048,0.675162597999354,stable
ABAT,0.0593807918255915,0.0567107201952527,0.258668598383123,stable
ATG9A,0.059357669500405,0.689589468143207,0.950986197944784,stable
ZNF19,0.059352594529965,0.0563787758001346,0.257731546514901,stable
SPA17,0.0593430737971657,0.321001632537155,0.677122339281136,stable
MTG2,0.0593350308056053,0.508621938804245,0.837472330272506,stable
FOXJ1,0.0593267859650889,0.428009185936377,0.77255469756317,stable
NSF,0.0593199293110116,0.404418065739512,0.754518686752106,stable
CBFB,0.0592817999285615,0.370189596849401,0.725118489470874,stable
CRTC2,0.0592645289674501,0.476677709588781,0.813473170740369,stable
DYX1C1,0.0592572847960655,0.5035437154086,0.834167011404626,stable
PPIL6,0.0592487303825407,0.419625898385351,0.766127519999141,stable
TSR1,0.0592348666594497,0.0293698577540194,0.169667836098834,stable
PSMD6-AS2,0.0592169280028148,0.0838201775555563,0.327956235981951,stable
CAMKK2,0.05915722035965,0.606716771914955,0.907603920571023,stable
FTCDNL1,0.059104982560258,0.0133355045788416,0.0972366012825379,stable
SPHK2,0.0590969675732922,0.418266957579712,0.765339167003518,stable
MIR4519,0.0590491039052513,0.155230444471524,0.466893597442406,stable
SLC19A2,0.059040934647178,0.400308741429803,0.751093485071054,stable
EXOC6,0.059009927909097,0.525382464647125,0.848273048189996,stable
MIER3,0.059006976489563,0.32880572302094,0.684256240757231,stable
PNPLA6,0.0590033349597999,0.320071463851854,0.675860005894812,stable
INO80,0.0589885388144017,0.616064991670529,0.91437329506806,stable
NR2F2,0.0589504826664135,0.673616965294556,0.944240759232126,stable
CHD7,0.0589459465581858,0.481339962595989,0.816754539529896,stable
GOLM2,0.0589089591633247,0.446102477928569,0.787232090399715,stable
SEPT6,0.0589024262637053,0.171286825397087,0.490775222398579,stable
RAB4B,0.0588770920383144,0.445229204273584,0.786598284499876,stable
KIAA0922,0.0588736131864771,0.19703809726217,0.529710512630915,stable
TMCO4,0.0588614925347412,0.513040290293902,0.840670845650491,stable
RBAK-RBAKDN,0.0588406426072659,0.167840432267806,0.484801853507007,stable
COG7,0.058819187252501,0.479057834405869,0.815218426606874,stable
DFFB,0.05879640564906,0.126876221905014,0.417086823235609,stable
ATL2,0.0587804272807828,0.54422865470844,0.864570760103317,stable
ZNF592,0.058719870855819,0.485322806920829,0.820210976330737,stable
FGFR3,0.0587112206644293,0.172239019865557,0.491865635852793,stable
SPIRE2,0.0587078243041151,0.091340974054388,0.345195897615386,stable
MPP7,0.0586868998262793,0.622037433098551,0.916449991827972,stable
EDIL3,0.0586720068634556,0.227267679408639,0.571042160964275,stable
OLMALINC,0.0586700722481529,0.0647284078570189,0.280880389650053,stable
ZNF274,0.0586623923930954,0.331652892828056,0.68772773156959,stable
OSBPL6,0.0586574233175203,0.000542493092805321,0.00862345327236963,stable
POLE,0.0586402246626008,0.26927781112336,0.622475787286678,stable
RHOT1,0.0585894992114914,0.625911178859859,0.918724573773164,stable
ZNF777,0.0585603160389818,0.179841575721376,0.506190057936473,stable
USP5,0.0585266403555072,0.627610319719655,0.919782825590823,stable
SMAD7,0.0585211966040546,0.228356871023687,0.572009573365567,stable
CEP43,0.0584851499784393,0.0774358840309922,0.314164037967092,stable
MALRD1,0.0584809305206382,0.0338505946670318,0.187404741489944,stable
ANKRD18A,0.0584438176927082,0.14050191801414,0.440383447642268,stable
SORBS1,0.0584350335577255,0.510534307732372,0.838475262356646,stable
TTC22,0.0584002097702915,0.324856980958758,0.679858198123584,stable
DDX47,0.0583785529293594,0.283821841843873,0.638274188019152,stable
RSRC2,0.0583765993300275,0.700978391015098,0.957082525608014,stable
TBP,0.0583706299766716,0.487795140732197,0.823137465531526,stable
MFSD11,0.058370187859347,0.608165927545372,0.908384689432383,stable
NAGLU,0.0583530467078214,0.584474426408126,0.89229616440776,stable
FILIP1L,0.0582243797108237,0.639736766907891,0.926008554018006,stable
RBM28,0.0581913562862863,3.75029249986622e-05,0.000906241872093584,stable
MCM8,0.0581700619703208,0.0947503562529073,0.352897069296003,stable
RPTOR,0.058142246782268,0.210011364026052,0.547606423603766,stable
CAMK1,0.0581312742592069,0.000126440481287601,0.00252963738667697,stable
GALC,0.0581029038522626,0.756297281961673,0.978264355299065,stable
C10orf76,0.0580928206188773,0.456808632609138,0.797376656434972,stable
RNF146,0.0580917013321909,0.65967968109169,0.938866506189873,stable
C19orf12,0.058043969920071,0.351150948836266,0.706579291946423,stable
CRYZL1,0.0580236571028962,0.585111744760443,0.892823114211915,stable
BBS1,0.0580181886041105,0.16258489913299,0.476489524574842,stable
PMPCA,0.0580144045133788,0.734287461608966,0.971432366286368,stable
IQCG,0.0580110520149129,0.305210883932361,0.660920787456012,stable
H2AX,0.0579872410768829,0.0208839509297728,0.134567029256175,stable
RTKN,0.0579698119175623,0.650680558090572,0.933494621221874,stable
TMEM62,0.0579662057228973,0.592701591736962,0.898460349379045,stable
CEP85L,0.0579152409496464,0.190516566773296,0.520535206132492,stable
OBSL1,0.0578919248529834,0.335030011817912,0.691674863107947,stable
PPP1R9A,0.0578909846820721,0.729774693318959,0.968449662883948,stable
SPRTN,0.0578429505732458,0.396089673473589,0.746615291987841,stable
SMG7,0.057817065630466,0.451393363591907,0.793361966433857,stable
ARIH2OS,0.0578145072226943,0.128914549619925,0.419779289971754,stable
LINC00685,0.0578015271472502,0.183610487033044,0.510918543315399,stable
ELL2,0.0577949879788885,0.539964651657196,0.860925801469213,stable
SETBP1,0.0577378501066902,0.219754374633215,0.560618342142394,stable
DDX24,0.0577223933581732,0.484874294864091,0.819566286009216,stable
KIAA1919,0.0577153922745462,0.269820848127323,0.622853111642866,stable
NOP9,0.0576989632129346,0.305136428285592,0.66087662993676,stable
EHMT1,0.057689763396669,0.57345538314406,0.884639255376708,stable
ENTPD5,0.0576690196926014,0.44304530271713,0.785662023872229,stable
HNRNPU,0.0576654222007189,0.861417045164664,0.999789246558786,stable
ADCK3,0.0576522726123104,0.421023230105965,0.767172878005293,stable
SMARCAD1,0.0576434482896149,0.30826547190632,0.663538849900132,stable
FYCO1,0.0576364026514052,0.606767443772115,0.907603920571023,stable
TAF5L,0.0576155495683732,0.369858069810855,0.725072768744773,stable
ATPAF2,0.0575924482213756,0.303122259120151,0.658816990575615,stable
ZNF646,0.0575804713224164,0.158190046720309,0.470948643718718,stable
NIPAL2,0.0575698304177139,0.38112651704043,0.734146004459852,stable
C4BPA,0.0574944267376995,0.904528406512,0.999789246558786,stable
AEN,0.0574925258952218,0.293585125848103,0.647915729131534,stable
ARFGAP3,0.0574906079519134,0.717987053337272,0.96350060108884,stable
TTF2,0.0574594803412056,0.213669069539594,0.553211391816038,stable
MIIP,0.057458844689056,0.617523398763312,0.915033828545661,stable
NANP,0.0574570263472161,0.0265842700893555,0.158674862095841,stable
RBKS,0.0574552772605517,0.012032695317463,0.0904477319706826,stable
EIF3C,0.0574018486196674,0.251096398899144,0.600901014123559,stable
RANBP10,0.0573782160466605,0.46823023397963,0.806374525241899,stable
C16orf87,0.0573702423299437,0.479416230314718,0.815478924124617,stable
ZNF133,0.0573048177817907,0.34546409813713,0.70118385253574,stable
BMP1,0.0573047111935833,0.420236863000893,0.76648394707892,stable
METTL17,0.0572519711203184,0.699543910898311,0.956677768331857,stable
WDR31,0.0572405866914857,0.153206103616698,0.463486404836713,stable
SLC22A31,0.0572334528870853,0.638882852327266,0.925320377588686,stable
FAM65B,0.0571870457275199,0.287413844585607,0.641782201442847,stable
SMAGP,0.0571669864307657,0.159049385545284,0.47247031129132,stable
KLHL29,0.0571590848651551,0.0123776283021063,0.0920901572519458,stable
SKP2,0.057140449512604,0.284036723374716,0.638364983874455,stable
NUTM2A-AS1,0.0571383294804187,0.647455430622272,0.932059318212264,stable
POLM,0.0570914398291743,0.456382340228046,0.797233944956533,stable
APOL6,0.0570842887779505,0.00867696579413931,0.0720565420295916,stable
EDA2R,0.0570670758432309,0.0502843421383909,0.238501995840658,stable
TMEM260,0.0570133853890258,0.244919333099997,0.592697164282325,stable
AHCTF1,0.0569717623174491,0.4130071862541,0.760283132690347,stable
HELZ2,0.0569674656214416,0.400838669558145,0.751390169992175,stable
FASTKD1,0.0569402445082121,0.0965458176462736,0.356872112158466,stable
KAT8,0.0569237055319144,0.665931278433909,0.941781506312191,stable
WNT2B,0.0569211174301726,0.161293396073526,0.474519016433844,stable
RB1,0.0568977452459126,0.666062568779344,0.941781506312191,stable
LINC00883,0.0568499695015212,0.430940199796025,0.774906296308709,stable
ABHD5,0.0567870252815893,0.544388182306547,0.864570760103317,stable
POLL,0.0567843896822186,0.511566358400122,0.839311942570004,stable
TBC1D23,0.0567173096013554,0.491283896996721,0.825396459493049,stable
PBX2,0.0567144340400702,0.770694879948973,0.981415985828635,stable
IL11RA,0.0566534707957935,0.437965928114553,0.78257411257487,stable
NAA15,0.0566389319657732,0.678677166019407,0.946031498512794,stable
TRIM35,0.0565906961670035,0.000245475655843912,0.0044419305207849,stable
INO80B,0.0565641974893981,0.113129641089983,0.391178413798732,stable
C9orf69,0.0565627476556675,0.120429957052892,0.404210816862865,stable
FAM149A,0.056561118447566,0.0216632298033582,0.138313465748133,stable
CABLES2,0.0565508035307676,0.125658179456011,0.414230202946296,stable
ZNF576,0.0565202637833779,0.234174454322403,0.57958058911461,stable
ADCK5,0.05648993957232,0.161247803302735,0.474519016433844,stable
KCTD9,0.0564824136575242,0.676119111952093,0.945097772956248,stable
MGRN1,0.0564806281114147,0.324236032656722,0.679256428996704,stable
SMAD6,0.0564644801086531,0.4775691682265,0.81412786623226,stable
INPPL1,0.0564368435829815,0.370048879307287,0.725073011271961,stable
ERCC6,0.0564344297199397,0.320259006884711,0.676027902848811,stable
ST7L,0.0564311504026072,0.536237344971569,0.857437368356533,stable
FUT10,0.0564303218553148,0.347015944668679,0.70202282661571,stable
PJA2,0.0563783853823217,0.792873811248382,0.989660627414104,stable
ZSCAN30,0.0563713061722778,0.474576556802926,0.811778580716311,stable
HIAT1,0.0563043818231385,0.74303879277945,0.975106826008956,stable
TMUB2,0.056303360591204,0.455748815445793,0.796778249429259,stable
BAHCC1,0.0562356932905665,0.289084718208289,0.643791509451289,stable
SGK494,0.0561979409882334,0.102164646018736,0.369117010270814,stable
ZNF205,0.0561432876450079,0.480888313982477,0.816214766748375,stable
FBXL4,0.0560423292816928,0.608996031486564,0.909094617906787,stable
PITPNM2,0.0560406644769843,0.370542895766948,0.725302859544464,stable
NRF1,0.0560164998577522,0.0100603478810768,0.0795972119729986,stable
FBXL8,0.0560146648473892,0.345484839424575,0.70118385253574,stable
PIAS4,0.0559436735522459,0.514545144022517,0.841444794719899,stable
SULT1A1,0.055820682108519,0.380997840082235,0.734146004459852,stable
AIRIM,0.0557786413458028,0.390963766961616,0.742102653313478,stable
CIT,0.0557503549712467,0.408543302679602,0.757983083646897,stable
ZSCAN9,0.0557116895624035,0.3969627918706,0.74713521175564,stable
LTBP4,0.05568693994387,0.726298655246934,0.967654085142818,stable
ABHD17A,0.0556465325873575,0.715775398940246,0.962988809819174,stable
PIAS3,0.0556416429119396,0.516490405164345,0.842821881288072,stable
NOS1AP,0.055636529943957,0.330671101917103,0.686385387983471,stable
EP400P1,0.0556096307696365,0.302385656977807,0.65830138395311,stable
RELL1,0.0554622622751381,5.35552482293479e-05,0.00121683894861626,stable
SEPHS1,0.0553994793439961,0.401439653998217,0.751485196090995,stable
STK32A,0.0553762629979307,0.444115330414343,0.786108572109025,stable
ZNF574,0.0552772613359827,0.124664662498537,0.41200735863995,stable
MAP3K6,0.0552163801047405,0.682981980938727,0.94786236773331,stable
GBP3,0.0552117521571885,0.554235986221014,0.871405974722311,stable
GALNT13,0.0552092870215496,0.0196354882924653,0.128630337024167,stable
COL16A1,0.0551908695429576,0.460042841866294,0.800008609554285,stable
CCDC93,0.0551683023202239,0.0293167751660859,0.16952140947504,stable
PLEKHG1,0.0551483615017327,0.493879132592061,0.827577589692304,stable
ZBTB48,0.0551172838716653,0.447688287936736,0.788096433142089,stable
FAM218A,0.055064899022614,0.130116349899078,0.421670800945475,stable
FRK,0.055056346049859,0.374007235403546,0.728119835256083,stable
ZNF460,0.0550402096742718,0.300831088394523,0.656202573971208,stable
SEPSECS,0.0549918372994986,0.121142115910344,0.405265797725244,stable
ARVCF,0.0549082732053029,0.338711800161493,0.69464009838295,stable
DHX8,0.0548070742914431,0.544342838427512,0.864570760103317,stable
C11orf63,0.0548045790106494,0.0660399984580884,0.283765869946383,stable
EIF2AK3,0.0547987225112798,0.574954986112818,0.885491831707445,stable
CMYA5,0.0547861909769673,0.309221601298042,0.664595409025158,stable
GRK4,0.0547840423882538,0.126663730142845,0.416667771061932,stable
C19orf25,0.0547403229447094,0.563901035256876,0.879155227324167,stable
CECR2,0.0546905571099128,0.23433786566227,0.579641778317086,stable
C15orf48,0.0546841387872028,0.323509552236583,0.678897985672102,stable
SCARF2,0.0546342835829003,0.0495074795342126,0.236675568958238,stable
NAA25,0.0546185001365897,0.643275049040994,0.928601109999658,stable
DYRK2,0.0546161805713762,0.365018693500007,0.720140172586199,stable
EFTUD2,0.0545660431224771,0.38203858787231,0.735009080896161,stable
CBX7,0.0545611118453416,0.215790049336235,0.555299699343343,stable
PSMD4,0.054508884930861,0.464250999394905,0.803256081614057,stable
AP3S2,0.0545024475747735,0.517605555656382,0.843853069130917,stable
ZNF740,0.0544816494209643,0.322674687560356,0.678123053719619,stable
PPM1B,0.0544742622119725,0.574190257657146,0.884639255376708,stable
C12orf23,0.0544570732303024,0.605949513249892,0.907180263314964,stable
HNRNPD,0.0543890713531836,0.842133073163202,0.999789246558786,stable
C19orf66,0.0543604251037966,0.661281475345778,0.939731250682483,stable
PDLIM3,0.05433669760326,0.569165280336401,0.8812781464935,stable
TMEM164,0.0542719549755719,0.480166541177393,0.815669232817184,stable
IQUB,0.0542653895206468,0.127911353191567,0.418967947860051,stable
ARL17A,0.054247589858289,0.13316458999352,0.428362111174464,stable
FAM69A,0.0542253705047197,0.0053862037355222,0.0507640358234567,stable
ZNRF1,0.054221241484278,0.397792535419152,0.748054140228679,stable
MATCAP1,0.0541739633714765,0.294524081010391,0.648577760587046,stable
DNHD1,0.0541275173233772,0.143212838038221,0.446081069917696,stable
TMEM175,0.0541212763988451,0.0262865162856266,0.157444188688137,stable
ENTPD1-AS1,0.0540572871779338,0.0623903156166043,0.273617780011632,stable
FAM229A,0.0540513466204329,0.0398910039642244,0.207938979335725,stable
WDR47,0.0540323806040054,0.409524984439722,0.757983083646897,stable
GMPS,0.054027644361789,0.428148125311287,0.77255469756317,stable
SUNO1,0.0540177910797993,0.0386162312358633,0.203731036092876,stable
EOLA2-DT,0.0540141152840635,0.0693132281099541,0.292975415081632,stable
TIPIN,0.0539996052788343,0.314053157047012,0.668900171034524,stable
ATP7B,0.0538910071815877,0.225721674291937,0.568560013712063,stable
TFEB,0.0538871191530521,0.401031980287753,0.751412465824263,stable
PI4KA,0.0538583534056618,0.659028182395724,0.938866506189873,stable
MTRF1,0.0538550189083638,0.332616789446901,0.688669992242363,stable
C16orf62,0.0537865592815985,0.621108185733563,0.916253427753875,stable
KANSL2,0.0537559901616409,0.566585963599636,0.879859377035898,stable
RAB3GAP2,0.0537462495945248,0.773227544099496,0.982642974094327,stable
ING5,0.0537164486997711,0.469398816775959,0.806987690167996,stable
MAP3K5,0.0537093582796909,0.435003733570609,0.778662416044388,stable
BBS9,0.0536527202967585,0.443284602310763,0.785662023872229,stable
UBOX5,0.0535917647035654,0.297336823263745,0.652071282306425,stable
ETS2,0.0535828188677593,0.761608384424765,0.97948844320936,stable
HLCS,0.0535276291861407,0.327191580384944,0.682505028990725,stable
CLK3,0.053488854659509,0.740012378838663,0.973099283961644,stable
TMEM255B,0.053460454590167,0.142991923671583,0.445848487171054,stable
COQ7,0.0534473703912566,0.519309519197264,0.845076233206479,stable
ETFDH,0.0534093567745495,0.545100182824867,0.865251867919903,stable
ZDHHC13,0.0534026223854376,0.444076171096045,0.786108572109025,stable
PALB2,0.0533946319155505,0.305430162875941,0.661029413025108,stable
METTL2B,0.0533007053009909,0.521056540998319,0.845981558927275,stable
POLR1HASP,0.0532944273838913,0.124777955202344,0.412150284795406,stable
ZFYVE26,0.0532817680441965,0.346811834713632,0.70199570015366,stable
MAPKAPK5,0.0532741014823637,0.557452591723996,0.874525215764134,stable
CAPZA1,0.0532585053493105,0.419497406870247,0.766049641706288,stable
CMTM4,0.0532556530612033,0.43426118670096,0.778193713956322,stable
XPO7,0.0532511897425877,0.294363996243083,0.648577760587046,stable
RAB11FIP3,0.0531914775429659,0.0252204895572664,0.152620653012754,stable
GLRX3,0.0531900603415681,0.777599614960258,0.984299233020005,stable
GRAMD1C,0.0531705012505676,0.619265217776452,0.915787324231714,stable
GFOD2,0.0530968417775555,0.483227151401187,0.818018787171392,stable
RAB43,0.0530916115778958,0.108535483186774,0.381904935657778,stable
FIGN,0.0530714348375843,0.324476567310444,0.679462682436216,stable
LRP12,0.0529982195745212,0.521867719606839,0.846174692197109,stable
DIRC2,0.0529914274458501,0.590413497592596,0.896497841227238,stable
TMEM86B,0.0529828132336359,0.163482825690197,0.477746607993537,stable
NARS2,0.0529677238691546,0.252902021677321,0.602431138079018,stable
KIRREL,0.0529351299042345,0.465107149893701,0.803713570865225,stable
CSRP2BP,0.0529100735536496,0.421913302739665,0.767888792301957,stable
SOX5,0.0528912790592244,0.213643968683825,0.553211391816038,stable
ABCB10,0.0528765798519013,0.0744194355466762,0.307537052935725,stable
NT5C3A,0.0528191266060719,0.679363317637804,0.946160235426344,stable
ZNF841,0.0527525204553003,0.00762410568105758,0.0656317379191886,stable
ZNF318,0.0527515382289571,0.302620309832936,0.65853308102598,stable
FAAH2,0.0527081453672629,0.532227281176359,0.854748525100034,stable
PRPF4,0.0526405157341757,0.00295425309892231,0.0325633813176071,stable
DENND6A,0.0526213856070834,0.6565459111825,0.937134191767267,stable
CNTN4,0.0525859789884803,0.458796743794702,0.799135280157658,stable
USP35,0.0525780169516121,0.125529980279468,0.413940782016785,stable
CCDC142,0.0525715947673832,0.114683007841344,0.393735336288327,stable
SBF2-AS1,0.0525572682974679,0.309465385589019,0.664617802010948,stable
NBPF1,0.0525196504757806,0.496837693308416,0.828899135116974,stable
LCDR,0.0524771676440539,0.0144305156786536,0.102589901880415,stable
NAIP,0.0524557181168832,0.354229659616308,0.709200480257811,stable
NFYA,0.0524291997093355,0.254689882138607,0.604559297512043,stable
DHDDS,0.0524128755906295,0.533789687526598,0.855855868353244,stable
ABHD3,0.0522973808361565,0.570573416807222,0.881952184269553,stable
SULT1A3,0.0522788081554846,0.131424184578576,0.424670693176978,stable
CCDC61,0.0522777062020407,0.410946734630328,0.758844755451381,stable
HECTD2,0.0522582635245473,0.362943388833641,0.718015857760548,stable
HELB,0.0522474316879118,0.00124961344460244,0.0170292918024752,stable
CCDC50,0.0522104373430388,0.190410135407948,0.520535206132492,stable
SLC31A2,0.0521607517940691,0.104997530136692,0.374716168336652,stable
LINC03007,0.0521181065948719,0.329143729049546,0.684413562689577,stable
TBC1D4,0.0520415692423855,0.171734018525544,0.491253510634629,stable
TTC27,0.05202706203764,0.307593406853348,0.663026239706458,stable
SRRM1,0.0519859206588832,0.299768821061282,0.655405843078717,stable
SLC2A11,0.0519604979484717,0.428600734880642,0.772859622832418,stable
RAB40AL,0.0519522277415654,0.0427887948312404,0.216828160680807,stable
SH3GL3,0.0519098512538691,0.511503326999262,0.839311942570004,stable
PI4KB,0.0519026187480613,0.693145625029619,0.952567540481223,stable
SH3BP2,0.0518986236601909,0.383320793906542,0.735620323696956,stable
FBN3,0.0518966948936662,0.470409217255132,0.807712236351263,stable
ADCY7,0.0518958501557792,0.208919013437238,0.545485222606245,stable
ASPG,0.0518768652186308,0.508607649523019,0.837472330272506,stable
TP53BP2,0.0518756784782715,0.838666802999898,0.999789246558786,stable
LSS,0.0518253807919901,0.511655045940069,0.839311942570004,stable
RNF121,0.0518103299951178,0.55196530708439,0.86926358075233,stable
DLG5,0.0518025837098609,0.160235684361922,0.473730647014804,stable
C1orf101,0.0518022171274502,0.147327905229876,0.45332936372203,stable
ARHGAP33,0.0517948634599372,0.131846184981985,0.425359663557609,stable
BAG4,0.0517372572009054,0.600583001497567,0.903164376352415,stable
MLYCD,0.0517309143380336,0.522446613590613,0.846551882891258,stable
L3MBTL1,0.0516538773735853,0.206783370619227,0.542312791772031,stable
TYK2,0.0516397848411642,0.653212770571878,0.935397986522791,stable
GAN,0.0516241399470009,0.0162731233603479,0.112069104201066,stable
PREPL,0.0515542458866254,0.713859112745055,0.962328563701138,stable
NCOA3,0.0514755292179512,0.701947894460586,0.957443396245151,stable
AKAP11,0.0514312287197833,0.683729530418655,0.947970696905589,stable
ZNF823,0.0514213572075525,0.389886193025711,0.740747408073717,stable
CIAO1,0.0512572432531066,0.705688634994113,0.958588495851543,stable
ZNF598,0.0512410545464697,0.523374018704914,0.847263788021673,stable
POU5F2,0.0512082902016287,0.128882742410791,0.419779289971754,stable
ADARB1,0.0511713174761638,0.00946365699891594,0.0764308957942239,stable
RBM33-DT,0.0511493175433293,0.122659457353344,0.40820254531111,stable
CASP8,0.0511347802973904,0.408985876766798,0.757983083646897,stable
ACTR3C,0.0511170801919837,0.325877098461123,0.681338891493124,stable
SATB1,0.0511002518352123,0.597513793790392,0.901407298556525,stable
VPS18,0.0510944681549489,0.569172233768427,0.8812781464935,stable
SLC4A2,0.0510569285011011,0.683727874606958,0.947970696905589,stable
MC1R,0.0510209273420954,0.124539785715924,0.411946010368693,stable
OXA1L,0.0509621752300257,0.156428483639103,0.469016871229922,stable
PEX14,0.0509272276644009,0.572062975798221,0.883342255917937,stable
IL8,0.0508840496530682,0.521767088869284,0.846174692197109,stable
WRNIP1,0.0507739582612379,0.636365940784915,0.924083780013637,stable
PCLO,0.0507737145967123,0.193271167558761,0.525711337836736,stable
STIM1,0.0507704937600632,0.0175958492257388,0.118966626623579,stable
PPP5D1P,0.0507582173025455,0.135604869353638,0.432305787535289,stable
KLK7,0.0507300442471054,0.42484885516691,0.770775401591854,stable
DCBLD2,0.0506948491494537,0.524722620114435,0.847767553301461,stable
CSTPP1,0.0506809224353834,0.576701631701777,0.886184883208363,stable
PTPN20A,0.0506733758436071,0.17463743866701,0.496457686108263,stable
GOLGA6L4,0.0506529870047721,0.31198024328499,0.667410109852496,stable
MST1,0.0506384494144931,0.462425915536236,0.802282837405501,stable
TUFT1,0.0506124107987205,0.576667128060362,0.886184883208363,stable
MOV10,0.0506045870679636,0.573114006147842,0.884622265907454,stable
HIRA,0.0505984745065516,0.376903878231957,0.730849144591917,stable
MVP-DT,0.0505405989264599,0.0641593306958964,0.279333790475096,stable
EMC3,0.0505349569882633,0.666617117093403,0.941940543214628,stable
KLF3,0.0505192114683754,0.735274842828377,0.971586428348398,stable
FAM131A,0.0504948759736628,0.542852412843194,0.863927599869184,stable
PPP4C,0.0504610668677231,0.861060136814834,0.999789246558786,stable
SUV420H1,0.0504484611834972,0.500696962849031,0.832269404169251,stable
ITGB5,0.0504317030679576,0.683641774709068,0.947970696905589,stable
CEP97,0.0503649361055735,0.474392650606708,0.811726730265454,stable
RFC3,0.0503643366738264,0.371539114674969,0.726438601693349,stable
MBNL3,0.0503338910046581,0.356954141378239,0.711579814776189,stable
RCAN1,0.0502572937109483,0.787951733843468,0.987426230854109,stable
BBS5,0.0502277460586258,0.249374237174466,0.599007796270518,stable
KIAA1551,0.0501887923481884,0.683835537083891,0.947970696905589,stable
TAS2R4,0.0501399820828008,0.00150520852970261,0.019742134192151,stable
ASCC1,0.0501218570339126,0.130151556281984,0.421673104688833,stable
FCHSD2,0.0501158813212825,0.422323456589252,0.768112175769531,stable
ENSG00000280649,0.0500581634309331,0.409086665468888,0.757983083646897,stable
SLC19A3,0.0500309175782492,0.505800725149064,0.835979997866706,stable
DISP1,0.0500170368546606,0.302861871427658,0.658649289702776,stable
FAM53B,0.0499988979271558,0.577079985076334,0.886654818699486,stable
MAP4K3,0.0499651814539676,0.306276746855677,0.661488394688651,stable
ZNF649,0.0499391233650275,0.294573268317931,0.648577760587046,stable
HCST,0.049919458789149,0.300137314785241,0.655662111802622,stable
SH2B3,0.0498906725145243,0.000421786098613841,0.00705323292675184,stable
PRR3,0.0498893263361565,0.3983724827893,0.748703130958568,stable
CHI3L2,0.0498020360996914,0.327337051681039,0.682594356831972,stable
DLEC1,0.0497970222906199,0.169869457144936,0.488699516154319,stable
KCTD7,0.0497959643766893,0.101405483475965,0.367500927960331,stable
DNAJB11,0.0497478106318323,0.474526634452532,0.811778580716311,stable
PABIR1,0.0496512303027013,0.11737895191285,0.398124391837592,stable
ZNF736,0.0496494701638363,0.30581816504457,0.661415649240062,stable
GTF2H2C,0.0496338418420787,0.382377199350356,0.735092776671719,stable
IFRD2,0.0496196796938253,0.307029594185373,0.662599308608846,stable
FBXL6,0.0495090255289663,0.606722250563754,0.907603920571023,stable
UBE2Q1,0.0494986324896586,0.641873857424258,0.92732387770514,stable
TRIM66,0.0494801441718187,0.345845811586037,0.70118385253574,stable
GTPBP1,0.0494782013375141,0.665840700220536,0.941781506312191,stable
RAD54L2,0.0494596129818538,0.144356687882641,0.447304474696428,stable
DPH7,0.0494518947344984,0.354527641040865,0.709200480257811,stable
TEF,0.0494319548464165,0.471445019482235,0.808471634218201,stable
FOXN2,0.0493446804858083,0.52656164124485,0.849167480551062,stable
CBLN3,0.0493277557468953,0.0472601961706925,0.230006535577406,stable
MTUS1,0.0493090943828386,0.244559204188369,0.592447822433338,stable
PRMT1,0.0492922896396394,0.755749498362263,0.978212243550451,stable
ZNF821,0.049203619960145,0.344865572445404,0.70112403369853,stable
SLC6A14,0.0491959710626483,0.296499157722377,0.651051859888331,stable
GXYLT1,0.049163945063374,0.574248404075113,0.884639255376708,stable
GIT1,0.0491408790580798,0.490462386636106,0.82525346343093,stable
CDCA4,0.0491350478881102,0.253196117491121,0.602837958543864,stable
TNFSF13,0.0491257132479424,0.64691817509563,0.931769503048071,stable
SLMO1,0.04909055850968,0.0792570278696452,0.318357961524942,stable
ZNF700,0.0490174654788197,0.39729368927344,0.747386589362654,stable
RSBN1,0.0489722882137796,0.71996186402393,0.965107339163123,stable
MITD1,0.0489253145662622,0.660672565915706,0.93951389550414,stable
LINC00630,0.048820816041175,0.0288043360918351,0.167682672727626,stable
TJP3,0.0487995764754294,0.505403019247021,0.835774689837066,stable
NUP35,0.0487617904441769,0.423953869704515,0.769703267973858,stable
VPS11-DT,0.0487591239805723,0.005961039357748,0.0545417253810716,stable
DNAL1,0.0487511924835174,0.665245298465739,0.941416824316415,stable
KCTD21,0.0487334112782943,0.301326429666622,0.657048568720083,stable
CYP4F35P,0.048726154805388,0.0966538476406226,0.357163432152047,stable
RAB2B,0.0487023532460211,0.653759587396479,0.935517251846966,stable
PDIA4,0.0486815940256935,0.614496258886504,0.912932741881145,stable
MLLT1,0.0486550240254937,0.654980684794291,0.936321353166345,stable
C1orf56,0.0486505062383866,0.515246819947983,0.841744275559075,stable
MKRN1,0.0486481231964269,0.479774809103795,0.815570472324404,stable
ACACB,0.0486266938387434,0.313307983511963,0.668143090030125,stable
AP4M1,0.0486188092571117,0.0798856794395958,0.319542717758383,stable
ZNF331,0.0485718787132148,0.598597766555392,0.902362695569505,stable
ZNF503-AS2,0.0485614800181943,0.309245638623617,0.664595409025158,stable
IKBKG,0.0484976723386725,0.444863418594634,0.786598284499876,stable
ZFP36L2,0.048494901823006,0.395192528270339,0.746089874993785,stable
NBN,0.0484908353714372,0.843266086421794,0.999789246558786,stable
DDX50,0.0484825522076914,0.148272067934471,0.454939196393315,stable
CDC14B,0.0484054973457874,0.12478470255463,0.412150284795406,stable
LYPLA2,0.0482677086193221,0.785066051558277,0.987301207757395,stable
ICA1L,0.048246864954273,0.0479834595676812,0.232296954358548,stable
WNT7B,0.0482324446431769,0.0200745032895062,0.130526983090917,stable
ARSG,0.0482287527786074,0.0913820291789421,0.345195897615386,stable
GMFG,0.0481782465336198,0.0678892897459048,0.28919958073537,stable
TIMM23B,0.0481591118136449,0.438962278817904,0.783453399656714,stable
PAN3,0.0481430257653056,0.639349209171385,0.925557168748344,stable
LEMD2,0.0481154746877348,0.74395956341738,0.975297549407485,stable
KIAA1191,0.0481069050536526,0.738590527033661,0.972378093964401,stable
TRPC1,0.0480733723910469,0.296385928200708,0.650920155645968,stable
KLHL25,0.048030087077171,0.302889790882787,0.658649289702776,stable
TPCN1,0.0480218543959062,0.5260694185786,0.849095106179065,stable
KCNC4,0.0479812352914619,0.0843614094227786,0.328832381548164,stable
TAPBPL,0.04789052563571,0.722599883997823,0.966353555512735,stable
HSPA4,0.0478307416431816,0.796536272344503,0.990625637718914,stable
NLK,0.0477605843829166,0.515299772508666,0.841744275559075,stable
ZNF441,0.0477170733647435,0.425594254112875,0.771173278851601,stable
TFCP2,0.0476827912682934,0.443228022295891,0.785662023872229,stable
TAPSAR1,0.0476736415138834,0.384635105182497,0.736282815062466,stable
RAPH1,0.0476628332494971,0.768432747584133,0.981415985828635,stable
ZNF654,0.0474721978837599,0.564855801294572,0.879215922302688,stable
TDRD10,0.0474672908980482,0.517146499575454,0.84368937963644,stable
GLOD4,0.0474551830000341,0.768442328545238,0.981415985828635,stable
KBTBD7,0.0474532248489894,0.0974817380440247,0.358807253157862,stable
ZNF276,0.0474408004875556,0.0768732650906561,0.313024247990733,stable
OSBPL9,0.0474333353788257,0.868025380495034,0.999789246558786,stable
ESR2,0.0474192882651407,0.0805862703934175,0.32136662378432,stable
ALPPL2,0.0473579389357854,0.160072058316347,0.473438383948471,stable
TTC23,0.0473350866052836,0.431554882031216,0.775555259916139,stable
SFXN5,0.0473293696247505,0.221360209681854,0.562733033273311,stable
EYA3,0.0473270127842205,0.0460241235736987,0.226034104686578,stable
ARHGEF37,0.0473104016015854,0.26468667612995,0.617467543704677,stable
LETM1,0.0472639314387882,0.728597510166887,0.967834284814774,stable
GABPB2,0.047259049437476,0.22747534055662,0.571168825179693,stable
DTNB,0.0472379374300436,0.393946104633057,0.744987187969444,stable
KIAA2013,0.0471883558777081,0.300500938720202,0.65595062052067,stable
CCDC7,0.0471531058369873,0.331655348298653,0.68772773156959,stable
ZNF250,0.0471344309421035,0.515682018388416,0.841982577855749,stable
SMPD2,0.047107530721325,0.579481770660602,0.888953443350219,stable
PTGR2,0.0470511777142169,0.443221064272639,0.785662023872229,stable
SUPT3H,0.0470160490292704,0.198311973145636,0.532081992917528,stable
EXOSC10,0.0469834451914431,0.745266988068106,0.975951121160221,stable
ZNF808,0.0469666106794728,0.508798105147234,0.837617017893524,stable
STXBP4,0.046958591997509,0.531277380734883,0.854232354385354,stable
RINT1,0.0469530528912247,0.44693209466318,0.788018881568351,stable
AGAP4,0.046945638136842,0.256448448038548,0.606212696301524,stable
ADHFE1,0.0469184296241018,0.216648604228528,0.556673671680762,stable
C8orf58,0.0469016420360918,0.0995447854452813,0.363342925435389,stable
WDPCP,0.0468594988095488,0.249291969214363,0.59894090785836,stable
AGFG1,0.0468494829034941,0.492507967392834,0.826505039941732,stable
MOB4,0.0468134935322829,0.677256123191941,0.945402617945487,stable
AP1M1,0.0467872962865598,0.791092487351756,0.989083594176096,stable
LINC00649,0.0467765646348834,0.264518356778981,0.617428373738069,stable
MFSD10,0.046761501783029,0.917046961751662,0.999789246558786,stable
CXorf38,0.0466661085310463,0.713681149379525,0.962328563701138,stable
NR1D1,0.0466653729357197,0.654767572653525,0.936126176387917,stable
DLST,0.04661608042636,0.820062458528128,0.997378504529586,stable
SEH1L,0.0465937335123874,0.597521542883142,0.901407298556525,stable
CFLAR-AS1,0.0465776247494856,0.155722385186766,0.467587923488831,stable
TXNRD3,0.0465616387067342,0.501601363511711,0.832538908647345,stable
FRS3,0.0464649081580334,0.115556317241244,0.394900872786405,stable
IER2,0.046396424128445,0.923052356915576,0.999789246558786,stable
STX18-AS1,0.0463804419843608,0.148251690534313,0.454939196393315,stable
USP30,0.0463794228122348,0.410956179679621,0.758844755451381,stable
SOCS5,0.046340639567701,0.558917004667785,0.875445248128736,stable
TIMM21,0.0462783811761268,0.649693918092382,0.933226544513311,stable
EIF2B2,0.0461784016546423,0.216452602425794,0.556566388736412,stable
TM9SF4,0.0461075435282776,0.566479204777185,0.879859377035898,stable
FNTA,0.0461028205925452,0.635062860691962,0.923463221278509,stable
SIMC1,0.0460623763592307,0.443045459639044,0.785662023872229,stable
EXD3,0.0460182635324358,0.299225049227023,0.654685341283538,stable
SLC30A7,0.045996431823458,0.710140826228095,0.960339991706449,stable
ATG14,0.0459215116976807,0.627178468538691,0.919480642770083,stable
NET1,0.0458940698934403,0.336717346919454,0.693286324156646,stable
POU6F1,0.0458729209049829,0.118397069164716,0.400700743234246,stable
UCKL1-AS1,0.0458637002977185,0.0175900706980628,0.118966626623579,stable
MALT1,0.0458522398207015,0.353554251035181,0.708827338990609,stable
ANKRD6,0.0458454267231472,0.582491691845454,0.89069577123576,stable
ZDHHC11,0.0458307826608006,0.194435125041028,0.526634753906675,stable
CDK5RAP3,0.0457868727464966,0.805881311504841,0.99405581754139,stable
ANKMY2,0.0457655615285392,0.394895794151139,0.746001673106418,stable
VHL,0.0457573362130787,0.52469317498517,0.847767553301461,stable
NIT1,0.0457567508053096,0.681004493627925,0.947081148238741,stable
TBC1D22A,0.0457459983468177,0.710895122170977,0.960856034212519,stable
ZNF528,0.0457174065443585,0.0273708994175173,0.161881509476547,stable
CFAP91,0.0457148276510381,0.182670208114524,0.510041257193226,stable
LYN,0.0457025042922642,0.632431767397849,0.921703074771708,stable
AP5B1,0.0457013950040368,0.506363611222686,0.836006048566466,stable
APOOL,0.045684849220626,0.672517636740063,0.944109779879897,stable
TAF3,0.0456732926106098,0.596627583710125,0.901045656937624,stable
HIATL1,0.0456480543043518,0.83647650649312,0.999789246558786,stable
FAM195A,0.0456446010229722,0.682858538700327,0.9477986575534,stable
DHFRL1,0.0456353839574504,0.255701922656409,0.60552117445795,stable
ACSS1,0.0455930411244548,0.700038966578034,0.956677768331857,stable
GSK3B-DT,0.0455889172475854,0.0105008592666564,0.0822836562023127,stable
ENTPD7,0.04556624571754,0.196358657403682,0.528685328391431,stable
RARA,0.0455404370464069,0.634827899886768,0.923463221278509,stable
SIN3A,0.0455027786315952,0.0252265144889619,0.152620653012754,stable
GTPBP3,0.0454983849491993,0.614393408557929,0.912932741881145,stable
PSTPIP2,0.0454853369309066,0.50032141578495,0.832269404169251,stable
SERTAD2,0.045453933821491,0.676452376634674,0.945242505575964,stable
C11orf30,0.045449206880585,0.553889347569091,0.871171305286229,stable
JMY,0.04543625526979,0.44292278819207,0.785662023872229,stable
KIAA1147,0.0454244731648703,0.213828964141494,0.553211391816038,stable
FOXRED1,0.0454125159789963,0.498736274363724,0.830997348067749,stable
SETD8,0.0453836485390488,0.522828539280805,0.846848196531986,stable
LOH12CR2,0.0453655390369201,0.101203684208633,0.367096093699206,stable
LSMEM1,0.0453474296036225,0.03197571037068,0.180041954661995,stable
SLC25A20,0.0453041045279163,0.117342386742485,0.398120562584562,stable
UBE2O,0.0452748269679042,0.503622819838843,0.834185006735775,stable
UBE2Q2,0.045264850624765,0.619856677742729,0.915854865557998,stable
FRMD4A,0.0452263109065956,0.680030485171624,0.946668107361113,stable
TMEM65,0.0452002580888246,0.194074480612329,0.526503043225174,stable
TIMM50,0.0451825456351778,0.604212153773764,0.905765781870207,stable
BCL2L12,0.0451444612972946,0.571671618482012,0.883006553490538,stable
CDK20,0.0451268277439629,0.0125070573978779,0.0927285015099223,stable
HMGXB3,0.0451260021395344,0.202573205649464,0.537797159985817,stable
JDP2,0.0451224985132253,0.741793997996661,0.973868524488367,stable
ENKD1,0.0451166494688572,0.601481949265065,0.90359043232348,stable
SP4,0.0451005646222904,0.284753520827433,0.639152963384969,stable
C14orf79,0.0450995748643435,0.607956305015127,0.908182558047771,stable
TMEM50B,0.0450884170809494,0.813370714780158,0.995757998745383,stable
CCNH,0.0450861459337855,0.61755560125637,0.915033828545661,stable
MYO1E,0.0450619455829592,0.2012031271016,0.537040972249102,stable
SPATA33,0.0450043971482524,0.159165597830771,0.47248145710468,stable
FEM1C,0.0449459903131333,0.0757603486237843,0.310192929899626,stable
ARHGEF19,0.0449433408093075,0.11123864819505,0.387954703434034,stable
APRG1,0.0449301857510387,0.0407808058868087,0.211121047295614,stable
PBRM1,0.0449256285583861,0.54377480925862,0.864462220065669,stable
IL13RA1,0.044858480013462,0.671272306749385,0.943542538571976,stable
SETD7,0.0448447675685104,0.638268994267221,0.92478335367846,stable
ZNF814,0.0448152777694791,0.366944964585792,0.722192118354005,stable
PICALM,0.0448140014483778,0.843066242593242,0.999789246558786,stable
LRP5L,0.0447902089303366,0.357250677798096,0.711706695795946,stable
LINC00930,0.0447045328008738,0.488573524622035,0.823640610624647,stable
KDM3B,0.0446955762556943,0.747688442768262,0.976542041254727,stable
FUK,0.0446585587054168,0.543009937822682,0.863998493253365,stable
SLC16A3,0.0446540467697278,0.646894153393565,0.931769503048071,stable
FBXL17,0.0446403300522885,0.631998388013081,0.92148317699242,stable
SLC9A5,0.0446247809313817,0.0379379549990824,0.201251343515274,stable
ZNF354A,0.0445201458900012,0.345846820497605,0.70118385253574,stable
CCDC92,0.0444960699638077,0.576338337911567,0.885984413296042,stable
TMEM201,0.0444772401767343,0.373472009308748,0.727773288982965,stable
MAML3,0.044431039812157,0.188228864606685,0.517407160097169,stable
USP42,0.0444294269974499,0.570667830207682,0.881952184269553,stable
MXD1,0.0444136390715348,0.527139555318805,0.849987326766531,stable
TRIM71,0.0444029064024607,0.248684483308934,0.597952899005415,stable
EPS15,0.0443905726654047,0.659652358453433,0.938866506189873,stable
CCDC17,0.044327130876265,0.107393536606523,0.379415777883854,stable
ZNF780B,0.044324869541575,0.409752661005726,0.757983083646897,stable
SPTLC2,0.0443241288769622,0.674427895726717,0.944240759232126,stable
TOX4,0.0443222214568511,0.773872135033756,0.983041980531293,stable
HPS6,0.0442945040307015,0.624922681449259,0.918045289993479,stable
EIF2AK2,0.0442929912647362,0.875964242247307,0.999789246558786,stable
MANBA,0.0442908077725311,0.021690683396529,0.138313465748133,stable
ZSCAN32,0.044282470674972,0.44061705069153,0.784860722316304,stable
RAB22A,0.0442550446036886,0.778990744767655,0.984827151693479,stable
ZNF394,0.0442543440684788,0.609947633134152,0.909589048638,stable
PLCD1,0.044220332480027,0.67442554780444,0.944240759232126,stable
TMC6,0.0441780369913327,0.288328115168393,0.642809206605587,stable
POLR3H,0.0441766260006828,0.654748335148032,0.936126176387917,stable
EBLN2,0.0441044966917585,0.225388037023919,0.568305149459652,stable
KBTBD6,0.0440655676899137,0.260238254953053,0.612134811279885,stable
CFAP251,0.0440171202029079,0.27213943164226,0.625542010604548,stable
TBL1XR1,0.0439879523466133,0.152279753193029,0.46224676012704,stable
SLC26A11,0.0439779896992198,0.624164608546763,0.917843495731683,stable
IKZF2,0.0439673436858528,0.498357688674158,0.830528205365086,stable
ZNF8,0.0439589665637759,0.000448008963120083,0.00738868728509579,stable
MTMR4,0.0438769210068399,0.593948481424084,0.899408552845422,stable
MCM7,0.0438609346833771,0.6887161977722,0.950747239025113,stable
PLD1,0.0438214552176403,0.313204884878726,0.668143090030125,stable
EXOSC7,0.0438041138399644,0.771961615983792,0.982248783587232,stable
TRMT11,0.043802511195643,0.697059813939308,0.955605107528218,stable
ARHGAP42,0.0437994060710973,0.564705597681984,0.879215922302688,stable
SH3TC1,0.0437382875678267,0.263206550101181,0.615895265780405,stable
YTHDC1,0.0437376897242572,0.859778141581173,0.999789246558786,stable
SRD5A1,0.043717840613719,0.502529094195509,0.833276674911273,stable
CAVIN2-AS1,0.0437089490890789,0.40764732194091,0.757652556394356,stable
CEP152,0.0437060541998733,0.301892293863282,0.6578130838119,stable
ARL4C,0.0436816437004089,0.718195834884003,0.96350060108884,stable
POLR2C,0.0436802052717402,0.756508757209007,0.978264355299065,stable
SIRT5,0.0436790434106957,0.013626157168018,0.0983852009579752,stable
PPP3CB,0.0436775985147003,0.669179467495128,0.942869096644723,stable
MDM1,0.04365719777985,0.412092023958618,0.76002005142881,stable
AACS,0.0436485695310966,0.668408188568986,0.942727783208409,stable
IFT20,0.0436445039518557,0.853521832326439,0.999789246558786,stable
ZNF330,0.0435939552239517,0.774957879426774,0.983474483787495,stable
HID1,0.0435506969947434,0.579491034191966,0.888953443350219,stable
CCT6B,0.043547050557078,0.0719442562200896,0.300562743689124,stable
GFM1,0.0435369286946714,0.72833770532838,0.967834284814774,stable
POLR3A,0.0434603774796209,0.580813334355233,0.889485962398893,stable
EXTL3,0.0434482874482275,0.621706227273442,0.916253427753875,stable
ANKRD27,0.0434452072985338,0.4433840778905,0.78572440825362,stable
STK33,0.0434059001942,0.403925704249319,0.754016473056802,stable
SPATS2,0.0433998621054832,0.581695893248599,0.890266976533549,stable
SEC24A,0.043387589247804,0.585037931352929,0.89282193169266,stable
LINC00680,0.0433647650446464,0.342532986034406,0.698832507595932,stable
C12orf5,0.0433597669919373,0.537345878426488,0.85840512518105,stable
C13orf45,0.0432406903224818,0.164886500711367,0.480070316638591,stable
C11orf54,0.0432396694441708,0.238125818844914,0.58450803404824,stable
BET1L,0.0432222474884317,0.0498320091711787,0.237576630307523,stable
STX1A,0.0432034431582708,0.363978523413509,0.719248863596304,stable
PRKAG2,0.0431988821929861,0.731216461587309,0.96946941842593,stable
RBM7,0.0431158660536121,0.722507994791658,0.966353555512735,stable
BCS1L,0.0430762314823449,0.599382100415926,0.902480741426243,stable
MBLAC2,0.0430635936070517,0.180520709404569,0.506867878221128,stable
HYAL3,0.0430481020582875,0.203473470209341,0.538834423708619,stable
RNMTL1,0.043009410729063,0.241820098959786,0.588846392367416,stable
MYADM,0.0429838995330312,0.363564999148497,0.718664060412554,stable
IL10RB-AS1,0.0429744530292767,0.110673516986192,0.386977423237759,stable
HUWE1,0.0429552479201308,0.856475872332581,0.999789246558786,stable
OGFOD2,0.0429012368174279,0.621829060589508,0.916253427753875,stable
SHC3,0.0428614395002265,0.401388348012244,0.751485196090995,stable
LRPPRC,0.0428408013413211,0.62744113453925,0.919645135324675,stable
SLC6A4,0.0427824068132073,0.675017036571346,0.944313144317708,stable
CD7,0.0427686758491718,0.0813617279060669,0.322806154470549,stable
EPM2AIP1,0.0427488360360185,0.716164525796533,0.963044662020624,stable
CREBL2,0.0427477049812837,0.752051871138718,0.977467525018574,stable
RPRD1A,0.0427129447351015,0.509986932035481,0.838139319333385,stable
HES4,0.0426752314457745,0.843473782248989,0.999789246558786,stable
DCAF15,0.0426736629026244,0.556277644773856,0.873354473377294,stable
STAMBP,0.0426635949764922,0.671473730425573,0.943542538571976,stable
KLHL23,0.0426373347926205,0.351680924596707,0.707063753662853,stable
NELFA,0.0426139713865926,0.732432880262696,0.970648257624804,stable
PARN,0.0426034018802322,0.625298155823539,0.918310957972879,stable
HINFP,0.0425962748096696,0.664606999038822,0.94105825973017,stable
C2orf49-DT,0.04258220993486,0.389010561415263,0.739888766569188,stable
ZNG1B,0.0425750544129048,0.689709919620368,0.950996255561529,stable
SLC38A9,0.0425739355988945,0.00289381731985647,0.0320998393084623,stable
TPBG,0.0425687828689332,0.408717463787874,0.757983083646897,stable
PLEKHA5,0.0425588325521009,0.409770999994466,0.757983083646897,stable
FAM83H,0.0425530705521955,0.689830153637441,0.950996255561529,stable
PRR14,0.0424684631824614,0.759155204039239,0.978529584839239,stable
SIDT2,0.0424593213661092,0.704762213332577,0.958118510741468,stable
PCNXL2,0.0424427695954031,3.31586982843166e-05,0.000813919533790132,stable
PARP11,0.0424374613008862,0.252153537154557,0.601311907564826,stable
ZNF155,0.0424185756017223,0.151892141312672,0.461465284187715,stable
UBA7,0.0423793568213312,0.733090830110633,0.971092757604328,stable
ANKMY1,0.0423295791187558,0.350254669582047,0.705124025192843,stable
KRT15,0.0423242165748832,0.587389263398181,0.894066287607939,stable
CYTH3,0.0423022746384823,0.364374435561887,0.719333511031735,stable
C2orf44,0.0422665009499792,0.262602206462162,0.614716463384426,stable
CIR1,0.0421770010532748,0.686229774752817,0.949395144231282,stable
TSGA10,0.0421511531895765,0.470761646920184,0.807913683666379,stable
TRAF3IP2,0.0421392717057281,0.488589736989945,0.823640610624647,stable
CENPL,0.0421358789033487,0.0373607945837225,0.199518721271919,stable
ABL1,0.0421099231848678,0.661881347648411,0.939776695234432,stable
STRIP2,0.0421029348467644,0.0498165271454984,0.237576630307523,stable
ERLIN2,0.0421014963694,0.815948198409135,0.997022133309888,stable
CD38,0.0420844157489082,0.252522214129746,0.601721548834702,stable
MAST4,0.0420607717544026,0.746751313295445,0.976542041254727,stable
SLC25A40,0.0420225347782788,0.505697112931921,0.835921772613901,stable
MAPKBP1,0.0420064508422276,0.478857263280753,0.815218426606874,stable
ZNF793,0.0419820655111832,0.352576306484011,0.708145143058123,stable
DPY19L4,0.0419710204095162,0.700116090121298,0.956677768331857,stable
SPIN4,0.0419488765306227,0.180900991828705,0.507695627214664,stable
ARHGEF11,0.0419350904350933,0.47371773634113,0.810798881130492,stable
PSMD14,0.0419024928247724,0.871656789115617,0.999789246558786,stable
NEK9,0.0418890833180021,0.747948547312129,0.976542041254727,stable
DHX33,0.041863886942236,0.263488014224465,0.616071085956449,stable
SLC38A7,0.041846790996692,0.594573601547993,0.899408552845422,stable
SNX30,0.0417815649766804,0.61016651559494,0.909594571540554,stable
DNAJC24,0.0417498423841282,0.451494069036553,0.793395193784352,stable
CACNB1,0.0417293760973953,0.636836422365877,0.924387829035722,stable
GID8,0.041719123888731,0.398384155300208,0.748703130958568,stable
LAMC2,0.0417066913165329,0.931951257618851,0.999789246558786,stable
KIAA0319,0.0416961448596306,0.352954315563045,0.708458711566939,stable
TBKBP1,0.041631876061541,0.296766138812456,0.651170217347596,stable
GEMIN2,0.0416159908173393,0.537772892028464,0.858937582783524,stable
C7orf25,0.0416058889273908,0.124674019928761,0.41200735863995,stable
CASP4,0.0415868212790864,0.0970646418944727,0.357924036958683,stable
MITF,0.0415621044268695,0.81559288543717,0.99699603813381,stable
GNL3,0.0415507939365324,0.792912776888279,0.989660627414104,stable
ZNF77,0.0415258729957593,0.382922170776844,0.735512013444424,stable
NPIPB15,0.0415108289863401,0.609230292560906,0.909196813119829,stable
CEACAM19,0.0414816125892871,0.475990570406132,0.813047839828184,stable
TP53I13,0.0414507106115735,0.120631773996631,0.404552323540141,stable
LINC00853,0.04144759834406,0.119498240033974,0.402382920729769,stable
RLF,0.0414461290455529,0.665614411514316,0.941721130364698,stable
TM2D3,0.0414299369608586,0.40557493627549,0.755632584958247,stable
RBM48,0.0413917543858655,0.682305415824685,0.947607573032409,stable
RFX7,0.0413851328334374,0.509348202305601,0.837878135511191,stable
TMEM132A,0.0413600403363527,0.372017768230495,0.726793223405716,stable
CWC22,0.0413135079504737,0.586922950593768,0.893690352274318,stable
NFKBIB,0.0413025220199453,0.648085134610162,0.932610116911168,stable
SHROOM4,0.0413011027342635,0.591450765252388,0.897518629662373,stable
RAB8B,0.0412909141870009,0.529809015389484,0.853474574200059,stable
TRPS1,0.0412617351104155,0.388059643467417,0.738769830516384,stable
RNPEP,0.0411779451501412,0.863963093006985,0.999789246558786,stable
ATE1,0.0411403316621946,0.659441200005877,0.938866506189873,stable
GLI4,0.0411263024409599,0.621765354146233,0.916253427753875,stable
MAFF,0.0411213029927107,0.640343063517028,0.926451054075608,stable
FBXO21,0.0411162635361733,0.842447635301803,0.999789246558786,stable
ZNF165,0.0410992024497208,0.257977274644377,0.609139309494469,stable
POLK,0.0410804364099684,0.26541296165784,0.618689558219953,stable
HAUS7,0.0410301865127468,0.0276285952621886,0.163033420876694,stable
ARHGAP1,0.04100835508293,0.772862834903395,0.982576733630692,stable
ALG9,0.0409544176255222,0.511113981271595,0.839165803283973,stable
KIAA0195,0.0409430505415008,0.708552063220517,0.959569298224567,stable
CRADD,0.0409021870095597,0.641907559984581,0.92732387770514,stable
NAT14,0.0408963719038096,0.526447301188738,0.849095106179065,stable
TAPT1,0.0408902462222916,0.718651559883253,0.963879379856581,stable
HIC2,0.0408640120974172,0.010605470872749,0.0826266895783837,stable
CCSER1,0.0408512859801686,0.141257505545126,0.442230288444661,stable
SRPK2,0.0408420350483102,0.820461219556315,0.997378504529586,stable
PI4K2A,0.0408349009692607,0.655952859608642,0.936834648423419,stable
UBE3B,0.0408048584069323,0.62652105603977,0.919163671518712,stable
CARS2,0.0408000061671288,0.654732727359486,0.936126176387917,stable
USP27X,0.0407806280951826,0.311967339795973,0.667410109852496,stable
RGPD5,0.040746443900128,0.0271505552198414,0.160954600876499,stable
VAV2,0.0407247093677264,0.616315430655161,0.914522921137252,stable
ALDH16A1,0.0407215241980695,0.648447015167023,0.932622344488837,stable
FAM151B,0.0406946861885511,0.183801814254186,0.510983256184483,stable
MBOAT1,0.0406603267970694,0.108982207587849,0.383035798031588,stable
C4orf21,0.0406270002199667,0.0149185388923702,0.10510906018463,stable
DUSP8,0.0406205132377157,0.850699967125877,0.999789246558786,stable
PSMD7,0.0405999252027243,0.402328984729907,0.75235481200075,stable
WDR7,0.0405916979869775,0.543258025405869,0.86401068209229,stable
NBPF14,0.0405812549126293,0.73544355560356,0.971586428348398,stable
SIRT1,0.0405443511998932,0.669240764427651,0.942869096644723,stable
ZC3H8,0.0405378979648628,0.653339987641655,0.935397986522791,stable
NAA40,0.040529252124572,0.454388096681447,0.795423956347819,stable
CLDND2,0.0405228904709835,0.52378480261737,0.847484503930474,stable
PSME3IP1,0.040491630900965,0.336807132086833,0.693297811399111,stable
CENATAC-DT,0.0404879448255889,0.0455986274733324,0.224535469444536,stable
FLVCR1,0.040454124345723,0.5040756174009,0.834369715248286,stable
PRKRIR,0.0404147971897862,0.637438714770753,0.924387829035722,stable
C9orf91,0.0403386402411406,0.29221192027808,0.646716444474955,stable
PRANCR,0.0403140607592886,0.325710093065601,0.681278936285579,stable
RNF31,0.0402747313078425,0.0770178107418387,0.313299739936185,stable
BICRA-AS2,0.0402394434527377,0.158378235240987,0.471164650179077,stable
PANK4,0.0401489402685649,0.327686658654071,0.682741045745248,stable
NOTCH3,0.0401463685200054,0.546539801429981,0.866630026507995,stable
IPO9-AS1,0.0401185618772598,0.27974350624616,0.633725837722954,stable
FANCI,0.0401092111959965,0.0820677554695396,0.32423925108586,stable
DKFZP667F0711,0.0401078236683842,0.169958321930218,0.488725129916486,stable
DTNBP1,0.0401039256372557,0.598762476655253,0.902439896669159,stable
SETD6,0.0400357060547984,0.513858362514782,0.841221993220932,stable
LINC00324,0.0400276878472518,0.324556822868543,0.679462682436216,stable
UBXN11,0.0399948443226638,0.706104613918886,0.958727402037594,stable
C9orf72,0.0399724726658871,0.678357691484876,0.945739555281834,stable
TPP1,0.0399532643173406,0.711355816500776,0.961266139830365,stable
MCF2L,0.0399458542000964,0.414903725739025,0.762292797776162,stable
ARID3B,0.0399442255466944,0.553702846534657,0.871108341685268,stable
NUDT2,0.0398993226676262,0.454285412538128,0.795423956347819,stable
ZKSCAN2,0.0398944045427584,0.455448311049901,0.796604677294489,stable
ARRDC3,0.039878822232301,0.0791445832508258,0.318139883478492,stable
VPS37B,0.0398654677866448,0.774973267324026,0.983474483787495,stable
RLN2,0.0398613124955876,0.0511345156202061,0.241432336400695,stable
ZNF611,0.0398231955683533,0.00722723897499028,0.0632849349787114,stable
MIR181A2HG,0.0398179990986587,0.340706082534825,0.697152854520539,stable
TBPL1,0.0398113292597688,0.634596953926504,0.923463221278509,stable
IRX5,0.0397963508325302,0.725957335821932,0.967415509984443,stable
CTBP1-AS2,0.0397426948617658,0.577462456371084,0.886908037024769,stable
RFWD2,0.0397383527363253,0.597028583326035,0.901045656937624,stable
CHKB,0.0397301602953581,0.106211385234333,0.376982570587829,stable
ORAOV1,0.0396858145056866,0.0615177887760423,0.271480429807115,stable
MXD3,0.0396810316963517,0.394035733541791,0.745041424101293,stable
DNAAF10,0.0396741332882869,0.363271157593929,0.718315533877093,stable
PDE4B,0.039654794013978,0.743674783045081,0.975290263699503,stable
PDK1,0.0396039286020061,0.267520616222225,0.620879440421582,stable
GLRX2,0.0395827116300551,0.774893228441792,0.983474483787495,stable
LINC02894,0.0395776117794984,0.453547331657807,0.794950155874407,stable
LINC01138,0.0395744292375985,0.277874973270745,0.6310744047697,stable
SUGT1,0.0395327573363024,0.64670354061902,0.93167991520647,stable
KXD1,0.0395152375120097,0.606572420236137,0.907603920571023,stable
AFG2A,0.0395068484418879,0.070750304893458,0.297097810724023,stable
CNKSR2,0.0394978050624783,0.562848128777716,0.878592201018873,stable
PRCP,0.0394665948913167,0.672763957721999,0.944240759232126,stable
ZSCAN12,0.0394269993960376,0.414860498714269,0.762292797776162,stable
C10orf107,0.0394224786060894,0.631049248270822,0.921286105698251,stable
CLTC,0.0394098561120936,0.94062193421393,0.999789246558786,stable
GGT6,0.0394071653680395,0.746911002845822,0.976542041254727,stable
HNRNPAB,0.0393686601727485,0.905257596753668,0.999789246558786,stable
HERC6,0.0393462218457804,0.537978894675997,0.858937582783524,stable
USP46-DT,0.0393225040235484,0.137047077910312,0.433781325835229,stable
LINC00847,0.0393208770989088,0.21379164100912,0.553211391816038,stable
FAM200A,0.0393109635983094,0.476015133587014,0.813047839828184,stable
TCF19,0.0393051593777395,0.122721233149405,0.40820254531111,stable
G0S2,0.0393048121374103,0.156918405892959,0.469714173670811,stable
ERRFI1-DT,0.0392744497990025,0.150675598185621,0.459545536981295,stable
NDE1,0.0392273138734605,0.23453110565742,0.579641778317086,stable
MIOS-DT,0.0392151784627879,0.784298126922308,0.987257780197537,stable
FAF2,0.03921439070184,0.748752200306543,0.976542041254727,stable
LINC03072,0.0391964556967956,0.236630221671471,0.582120481285138,stable
C1orf50,0.0391903043516032,0.483022218022619,0.817860732991286,stable
HOXD-AS1,0.0391890171653403,0.19087387446396,0.521161992728937,stable
ENGASE,0.0391364608030338,0.644237948131648,0.929476871005486,stable
TGFBI,0.0391286589246672,0.17473563797499,0.496621352849634,stable
ZNF335,0.039073579354713,0.641010069184793,0.926863861570252,stable
SUPV3L1,0.0390697478278774,0.693143610384992,0.952567540481223,stable
SMAD3,0.0390688975044361,0.147363921099338,0.45332936372203,stable
TMEM177,0.0390082409569686,0.394909753490807,0.746001673106418,stable
PRKRIP1,0.039006943711383,0.25592547856152,0.605535441094927,stable
SHISA4,0.0389955085926312,0.638213428082934,0.92478335367846,stable
PELI2,0.0389937473136469,0.0191578736372179,0.126832588972199,stable
PVRL2,0.0389664563463799,0.940303954813218,0.999789246558786,stable
HNF1B,0.0389067263233842,0.272711382124695,0.625959448854881,stable
MAFB,0.038905019257123,0.662248568051907,0.939896260985314,stable
LMBRD2,0.0388941905213608,0.581966848949583,0.890358293061289,stable
CYP2R1,0.0388590258190696,0.748060619138958,0.976542041254727,stable
LIAS,0.0388258062971404,0.592810811145287,0.898514489205207,stable
DTX3,0.0388227711839251,0.639336955473093,0.925557168748344,stable
SEMA4G,0.0387814362592943,0.477153787019096,0.814058324148141,stable
DVL2,0.0387795895186213,0.0510151268305307,0.241148070524519,stable
RNF168,0.0387543163815431,0.70631216998721,0.958796220535664,stable
GARIN1A,0.0386888391178479,0.184820116298541,0.511804979788612,stable
TMEM8B,0.038638776345163,0.656190282982868,0.936954797241277,stable
SNX16,0.038620756595505,0.386504006504211,0.737584879227149,stable
SCNN1A,0.0385820835209534,0.910698783096872,0.999789246558786,stable
ALKBH1,0.0385794467299194,0.376019299750926,0.729944405297017,stable
ZNF615,0.0385545002197975,0.393103640979822,0.744230242225796,stable
THAP3,0.038521995588553,0.723412753861005,0.966431176321043,stable
STK38,0.0384971291296219,0.86337942169105,0.999789246558786,stable
ADPRH,0.0384893048369864,0.731938657591632,0.970098465835424,stable
PRMT3,0.0384792872925932,0.417506743801993,0.765014324171253,stable
C2orf49,0.0384439504560986,0.705473672272135,0.958541206805842,stable
ZNF662,0.0384341041489601,0.437681206046331,0.782309557349079,stable
PTAR1,0.0384259489101657,0.0344323700628773,0.189084138206923,stable
WDFY2,0.0383993010330795,0.795745053356151,0.990475855820148,stable
CEP128,0.038382939439286,0.275431013601267,0.62932125425456,stable
BAG5,0.0383582224681033,0.636263286669043,0.924044483336388,stable
PSMD11,0.0383403186520209,0.912338062597886,0.999789246558786,stable
ZNF513,0.0383069995773419,0.578405525675976,0.888021746528903,stable
FANCF,0.0382797904242056,0.697562567697727,0.955934463417059,stable
FBXL2,0.038260466091636,0.00158100237050975,0.0203936154522258,stable
AIFM1,0.0382590155625037,0.668244309454511,0.942714187971372,stable
FZD5,0.0382427974665152,0.928930602933911,0.999789246558786,stable
ZNF830,0.0382350503911836,0.610425022053358,0.909868975683484,stable
THUMPD3,0.0382235268251872,0.818013950586276,0.997378504529586,stable
ARID3A,0.0381508876132083,0.5006098343456,0.832269404169251,stable
PAPSS1,0.0381487140775183,0.9397393110079,0.999789246558786,stable
ZC3HC1,0.0381244046494577,0.57720654880853,0.886737822374698,stable
WBSCR27,0.0381232867908544,0.549960516183893,0.868007404755573,stable
LGMN,0.0381059312265996,0.253257852055271,0.602837958543864,stable
GPATCH1,0.0381054102668494,0.0306106576168275,0.174526435964599,stable
GOLGA1,0.0380730648248916,0.664404355204529,0.940936783573318,stable
LINC00526,0.0380580652683964,0.372351731289434,0.727097054837387,stable
DNAJC3-AS1,0.0380551069925715,0.44372690605981,0.785990102836562,stable
ABCF2,0.0380426773829775,0.636526666138454,0.924207384116458,stable
OXR1,0.0380360403131064,0.547158902731304,0.867059851066264,stable
ZSCAN26,0.038012844402192,0.48971709955317,0.824786693984287,stable
B3GNT8,0.0379813914460661,0.674799541101538,0.944240759232126,stable
ZNF710,0.0379781470463918,0.323452235726323,0.678897985672102,stable
TMEM199,0.0379587098263553,0.816856671712607,0.997229197544683,stable
PARP8,0.0379487804032531,0.685381550883986,0.948768734026746,stable
PRRG4,0.037929233824738,0.22045709447986,0.561470351297195,stable
HDAC4,0.0379212746619105,0.46943180690049,0.806987690167996,stable
DENND2D,0.0378818283314751,0.682360681344838,0.947607573032409,stable
ZNF548,0.0378278502797293,0.283839863062182,0.638274188019152,stable
ZNF530,0.0378216833498801,0.0604350266487641,0.26883470369523,stable
NAGK,0.0378187395006498,0.760385727682231,0.979311089878134,stable
UNC5CL,0.037817132309151,0.20582815285062,0.541550439183379,stable
PRIM1,0.0378140512433836,0.00641726552780442,0.0579354902598828,stable
MIB1,0.0378092240113277,0.687571182797795,0.949905312914264,stable
EVC,0.0378087394580205,0.524080579163987,0.847586861471913,stable
TIGD2,0.0377812874203761,0.182874328995277,0.510186296078818,stable
DNAH11,0.037779308569485,0.445177911266415,0.786598284499876,stable
ARHGAP5-AS1,0.0377743886276759,0.635057120830001,0.923463221278509,stable
CHST11,0.0377583937761819,0.675702911289515,0.944834162697097,stable
TSPAN6,0.0377556324221066,0.514124328546107,0.841364673057079,stable
GASK1B-AS1,0.0377475020232023,0.00106471679969416,0.0149801602358223,stable
ZFX,0.0377357126670482,0.71862870819101,0.963879379856581,stable
PPAP2B,0.037721820378481,0.559467221955355,0.875487313745793,stable
CD80,0.0376833610148825,0.112145401185353,0.389996146771323,stable
LST1,0.0376612443546582,0.21162611616007,0.550767949366723,stable
SNRPA1,0.0376506005392732,0.179445049519236,0.505539590994039,stable
SENP3,0.0376436197569579,0.447146065027989,0.788018881568351,stable
CCDC47,0.0376308804978187,0.731195251384512,0.96946941842593,stable
EIF2AK4,0.037598838133508,0.818389740649311,0.997378504529586,stable
NPR1,0.0375727316507627,0.635467740057681,0.923463221278509,stable
TSC22D3,0.0375412380101927,0.936907468528526,0.999789246558786,stable
CASD1,0.0374950818598787,0.84448558735225,0.999789246558786,stable
BCAS3,0.037447707467645,0.641643399343168,0.92732387770514,stable
PCMTD1,0.0374138689654421,0.929069482648216,0.999789246558786,stable
SARS2,0.0373807824074896,0.566169835094299,0.879733070318128,stable
ASL,0.0373803873171811,0.832310198190404,0.999789246558786,stable
DZANK1,0.0373532693255355,0.38085652556577,0.734088642150106,stable
ARHGAP19,0.0373352916905153,0.410862007789323,0.758844755451381,stable
GLCE,0.0373305387272166,0.29866726190943,0.654118973987719,stable
MFAP5,0.0373246343219514,0.0688285220395281,0.291430499969239,stable
UBE3D,0.0373007512384981,0.464073055765932,0.803175567560917,stable
WDR5,0.0372764185561866,0.793062443262372,0.989660627414104,stable
RAD1,0.0372734536185122,0.620858908283728,0.916253427753875,stable
PDE4D,0.037259667800036,0.243149850602908,0.590789857636642,stable
RGL1,0.0372163984021658,0.647648388958847,0.932162240272336,stable
PPL,0.0371772816746447,0.313261257346261,0.668143090030125,stable
ZNF586,0.0371743694437168,0.32992282102439,0.685181203568152,stable
ZNF516,0.0371650564526227,0.559242558347014,0.875487313745793,stable
CDKAL1,0.0371637112020855,0.560215103535188,0.875936227374539,stable
LIN9,0.037161184508363,0.0772750377412244,0.313823940647418,stable
MAPKAP1,0.0371257041807804,0.0489305860788416,0.234928312736748,stable
FAM200C,0.037122764258458,0.201676061719567,0.537040972249102,stable
ESRRA,0.0371192398122811,0.615142501623453,0.91339237554932,stable
CRKL,0.0370708722564669,0.791169779438308,0.989083594176096,stable
TTC9C,0.0370599998354613,0.630198299863244,0.92070563135273,stable
KSR2,0.0370583839139314,0.177890616105351,0.503071812804166,stable
ZFTRAF1,0.0370488809777503,0.64450637155583,0.929719835484832,stable
SOAT1,0.0370336513843551,0.720187140383328,0.965107571367998,stable
FAM136A,0.0370291506299794,0.820740611560531,0.997378504529586,stable
VPS39,0.0369842913541454,0.703032805453801,0.958118510741468,stable
OPA3,0.036983824585541,0.702718028299389,0.957908222198301,stable
TAP1,0.0369811590688858,0.827343889372284,0.997759163651196,stable
TBC1D2B,0.0369401377550813,0.581148608730928,0.889886082065246,stable
PET112,0.0369201946293534,0.462455132251217,0.802282837405501,stable
FAM179B,0.0368681099456245,0.484509762986222,0.819401556391076,stable
PCMTD1-DT,0.0368673032177008,0.428559897423027,0.772859622832418,stable
PCED1A,0.0368506259514159,0.737453780302442,0.971718767965619,stable
SLC23A2,0.0368053083163888,0.717406422858394,0.96350060108884,stable
C5orf22,0.036801275124624,0.0537399650140728,0.249493859601985,stable
FARSB,0.0367895109925984,0.452807949804955,0.794135491881747,stable
FAM13B,0.0367757623470447,0.689489265880573,0.950986197944784,stable
C12orf55,0.0367591510822094,0.0842224767405493,0.328820043333272,stable
SLC26A2,0.0367311193446699,0.824554345928955,0.997433239620629,stable
PNKP,0.0367029834867808,0.540591608328831,0.86156347069252,stable
EPM2A,0.0366901625967622,0.32280743206761,0.678123053719619,stable
RNF40,0.0366745858561409,0.700134328499936,0.956677768331857,stable
SBF1,0.0366625229382096,0.768517669016943,0.981415985828635,stable
LRRC14,0.0366609419808264,0.746830956266872,0.976542041254727,stable
OBSCN,0.036607154198,0.610998954955648,0.910138999092421,stable
CAMK2G,0.0365487804940895,0.879296783309628,0.999789246558786,stable
DOCK9,0.0365292284238032,0.775267719242961,0.983474483787495,stable
BMPR1B,0.0365289613935352,0.077211429318766,0.313774106380517,stable
SUPT6H,0.036526802827892,0.771352999280855,0.981780410579881,stable
MED30,0.0365089054751221,0.160549167900573,0.474161840392802,stable
TRAF6,0.0364683943065557,0.663996260616783,0.940847373337145,stable
GCDH,0.0364053223713552,0.687640061680164,0.949905312914264,stable
ISPD,0.0363885755983153,0.228767059620449,0.572573410483286,stable
KCNK1,0.0363621433649171,0.494207322008301,0.827658720392297,stable
ZNF746,0.0363364194473462,0.227686729394778,0.571390388035674,stable
ZFP14,0.0363137098769739,0.0656060722073364,0.283181012239576,stable
SENP1,0.0363053033965261,0.620337654880101,0.915926213873234,stable
PYROXD2,0.0362729851659032,0.497520435993363,0.829698473340092,stable
ERN1,0.0362407044463034,0.55761577721606,0.874668967110113,stable
NME3,0.0362192238324686,0.601403235733177,0.903583229302158,stable
POLR3C,0.0362169111280069,0.648324249938347,0.932610116911168,stable
C7orf60,0.0362022004621132,0.563220214689444,0.87883634214498,stable
BZW2,0.0361879476248209,0.60234690558405,0.904223084104068,stable
BMI1,0.0361388797132578,0.794450165646114,0.990150050025817,stable
PHF7,0.0361178568053813,0.250166038246755,0.600202090584561,stable
ZNF618,0.0361048955118624,0.565179651269633,0.879312212946416,stable
SPRY2,0.0360985261992794,0.0493235630613577,0.236165779421088,stable
CDH26,0.0360794972318351,0.524811483377544,0.847799071337002,stable
NCAPD3,0.0360780054460601,0.565774304362428,0.879440351308815,stable
LINC00339,0.036077801586001,0.690331183273911,0.951254532629965,stable
PAFAH2,0.036051382536455,0.684562932217119,0.94834923546048,stable
ZNF391,0.0360498243482624,0.0409763042609217,0.211499277525815,stable
GORAB,0.0360483461334004,0.111727474960162,0.389326298150804,stable
EPHA1,0.0360443866339665,0.400840707258967,0.751390169992175,stable
FKTN,0.0360392615879245,0.540050641824765,0.860925801469213,stable
FAM109B,0.0360355284721429,0.646594409446294,0.931632491875472,stable
SRGN,0.036022342038774,0.569956848740846,0.881698067407438,stable
C1QTNF3,0.0359889768713398,0.174340852195329,0.495845178509936,stable
MADD,0.0359807869655086,0.655647886735609,0.936834648423419,stable
POLA2,0.0359655659722386,0.14983004754278,0.4577661837448,stable
DHX16,0.0359608778759933,0.597704207741109,0.901460362174869,stable
LINC00342,0.0359548630854104,0.411379832945477,0.759164715870397,stable
AP4E1,0.0359294925218121,0.547526064176571,0.867059851066264,stable
PTGES2,0.0359210532875155,0.77836497254699,0.984452501232737,stable
UBAP1,0.0358953718453989,0.859564172123888,0.999789246558786,stable
IER5,0.0358863138465903,0.621514535235433,0.916253427753875,stable
ZC3H10,0.0358805702596238,0.49134656355179,0.825396459493049,stable
PMS1,0.0358692896895138,0.251700705213557,0.601052826827606,stable
TRIM37,0.0358616133556974,0.769871708243341,0.981415985828635,stable
TTLL12,0.0358487567389984,0.671674494113561,0.943542538571976,stable
TMEM30A,0.0357950832532196,0.953308826153399,0.999789246558786,stable
ZNF345,0.0357570528715613,0.579501849720206,0.888953443350219,stable
CDKN2AIPNL,0.0357557850809909,0.788412301614769,0.987576911420881,stable
PPP4R2,0.0357142736505868,0.807164598641945,0.994409667043212,stable
KLHL42,0.0357028147692589,0.810058907505836,0.995656133881576,stable
RUSC1,0.0356904539813303,0.839826638781996,0.999789246558786,stable
TIMELESS,0.035683761879862,0.444014146192412,0.786108572109025,stable
PAQR6,0.035678083566175,0.282266247363047,0.636374512682752,stable
RAPGEF5,0.0356574390216249,0.510403201361988,0.838443645661757,stable
SOBP,0.035644139814902,0.100950131642577,0.366615040729564,stable
LAMC1,0.0356331014961194,0.882407752990253,0.999789246558786,stable
PWP2,0.0356195929552648,0.24267369214108,0.590219501140581,stable
NAGPA,0.0356126023132795,0.56562284295704,0.879440351308815,stable
C2CD3,0.0355741778808826,0.599358487904424,0.902480741426243,stable
GPR161,0.0355617517719125,0.662694714549951,0.940311107447313,stable
DYRK1B,0.0355386481324969,0.556779476551644,0.873917863555123,stable
TEP1,0.0355329325491326,0.703254911430188,0.958118510741468,stable
KNOP1,0.0355150142244322,0.799494857759807,0.991723885726217,stable
BCL2L11,0.0354236652102737,0.00815006958429685,0.0688979603032121,stable
IFT70B,0.0354140930657724,0.457290216332914,0.797647774608097,stable
MAGEE1,0.0352628487879338,0.341357261457422,0.697901181477761,stable
PLEKHG6,0.0352622809043161,0.401290877943115,0.751485196090995,stable
CDKL2,0.0352528911624108,0.735332219737377,0.971586428348398,stable
IYD,0.0352320185014681,0.582413400773773,0.89069577123576,stable
KLRB1,0.0352259222632254,0.169770977937334,0.48859724159867,stable
ATP2C1,0.0352149730890473,0.905736295011375,0.999789246558786,stable
AVL9,0.035159936479061,0.0919921040249706,0.346857334855411,stable
GAS6-AS1,0.035143723914651,0.263666228628443,0.616145283646357,stable
SREBF2,0.0350674430497853,0.942927965668474,0.999789246558786,stable
SYNGAP1,0.0350557514441663,0.251923058610284,0.601212188669206,stable
TGDS,0.0350434243847758,0.669051328402944,0.942869096644723,stable
NT5DC2,0.0350263584806322,0.826453813828482,0.997759163651196,stable
SEC14L1,0.0350178007663826,0.868207756267416,0.999789246558786,stable
HEATR1,0.0349852870937573,0.68226176130334,0.947607573032409,stable
IFT56,0.0349733141246209,0.534303016276501,0.856119042259831,stable
DVL1,0.0349186120382801,0.703970985798463,0.958118510741468,stable
MMACHC,0.0349164774647939,0.00028659053738973,0.0050345179212072,stable
BLMH,0.0349144968510587,0.648939722103536,0.932704534394171,stable
NUDT3,0.0349132745410688,0.710090355802623,0.960339991706449,stable
MCM3,0.0349122931691009,0.740486624575288,0.973099283961644,stable
MFAP3,0.0349092194741841,0.25842835458342,0.60973329597138,stable
XXYLT1,0.0349006974869636,0.475598554766689,0.812766214660704,stable
C19orf44,0.0348561816798149,0.4412952792115,0.785438773017091,stable
NDOR1,0.0348430949261612,0.512846500100981,0.840472492627791,stable
THRB,0.0348295595579244,0.546841000389305,0.866777021363961,stable
DPYSL3,0.0348196800397313,0.3038960899772,0.659490086807147,stable
RAD51C,0.0347901431047259,0.0448193249221774,0.221991800571041,stable
ZNF470,0.0347864996757307,0.306338825452589,0.661488394688651,stable
VASP,0.0347839962466414,0.71764327079124,0.96350060108884,stable
LOXL4,0.0347806209667668,0.0496728634417763,0.237187922934482,stable
ASB7,0.034750851659046,0.622857981326928,0.916995780289097,stable
ABCD1,0.0347428535911612,0.49431284299649,0.827658720392297,stable
S100A2,0.0347050380285758,0.475172795888061,0.81225624164594,stable
OAS3,0.0346570905971762,0.18930379647785,0.519310953353957,stable
PXN-AS1,0.0346322273617573,0.349113198720213,0.703637220305999,stable
CNNM4,0.0346297282440672,0.744133045043359,0.975297549407485,stable
OVCA2,0.0345671568270767,0.564940187719457,0.879215922302688,stable
MNT,0.0345645045360646,0.689565765566933,0.950986197944784,stable
TNPO1,0.0345151257264086,0.378046715692931,0.731631740091267,stable
PLIN2,0.0345142406360618,0.544772835392141,0.864956895679118,stable
ERBB4,0.0345020482428427,0.362085339137471,0.716600663957494,stable
WARS1,0.0344931623660287,0.85256405241728,0.999789246558786,stable
ATAT1,0.0344828936840575,0.648341031864455,0.932610116911168,stable
CCDC126,0.0344828535701307,0.819512739760192,0.997378504529586,stable
NRXN3,0.0344813222143172,0.548210331786032,0.867319493291049,stable
RAD54B,0.0344751133230559,0.270354832389792,0.623309217830065,stable
COPS8-DT,0.0344457504937021,0.303836366742903,0.659490086807147,stable
THOP1,0.034434413185935,0.626680150372548,0.919163671518712,stable
TRAK2,0.0344288383844317,0.801988731196482,0.992358563634558,stable
DYNC1LI1,0.0344276643302586,0.768997592680039,0.981415985828635,stable
HDAC1,0.0344211154068507,0.736423397499331,0.971586428348398,stable
ADAMTS1,0.0343732971883289,0.282241738492078,0.636374512682752,stable
PSAPL1,0.0343447848119671,0.0506757885184908,0.239729426799548,stable
FAM200B,0.0343245156323865,0.454663395596754,0.795791143724902,stable
LMBR1,0.0342596375661753,0.342592527539111,0.698832507595932,stable
ACAP2,0.034226555657409,0.641391339895337,0.927122284970045,stable
HPS3,0.0341827242456109,0.772082474879649,0.982248783587232,stable
MIEF2,0.0341671115221994,0.713155246579428,0.962238016966662,stable
KDELC1,0.0341624173261047,0.327536497022021,0.682660893366954,stable
EIF2B5,0.0341455623230578,0.870891125535285,0.999789246558786,stable
ZNF485,0.0341371204230235,0.213719901280362,0.553211391816038,stable
CPB2,0.0341096200418627,0.246049229693082,0.594290808885247,stable
WDR70,0.0340525362396278,0.676879713324415,0.945310740153455,stable
ATXN1L,0.0340500469598372,0.469444491556334,0.806987690167996,stable
CSGALNACT2,0.0340440188825497,0.0440165480250674,0.219898050526097,stable
TEX10,0.0340345278451864,0.579525575009782,0.888953443350219,stable
PBLD,0.0340332694739511,0.332357213322936,0.688365736302875,stable
ZBTB6,0.0340196839902113,0.40488590545376,0.75493064494612,stable
HOMEZ,0.0340097052234178,0.681290401284926,0.947127699909806,stable
FAM219A,0.0339992680979282,0.736210167626271,0.971586428348398,stable
MCRS1,0.0339788032875171,0.0795595354365954,0.318968763915035,stable
TYW5,0.0339651380615718,0.71128242288289,0.961266139830365,stable
ZNF678,0.0339524975633186,0.62872696299326,0.920017492614952,stable
JAK2,0.0338610013895983,0.297424793560457,0.65214720654404,stable
ZNF182,0.0338392500408775,0.00216584246752047,0.0254325248059272,stable
NEK4,0.0338351861321917,0.590253012637175,0.896497841227238,stable
FAM110A,0.0338062515186796,0.334350736187178,0.690855882209611,stable
CCDC101,0.0337996691408568,0.810083911234215,0.995656133881576,stable
MADCAM1,0.0337893275212637,0.153577027987678,0.464454623978568,stable
PLBD2,0.0337889062432967,0.00775958004963871,0.0663772613903314,stable
BTD,0.0337723152993005,0.755054225694864,0.978212243550451,stable
LTN1,0.0337114932719497,0.850633547351085,0.999789246558786,stable
ARHGEF18,0.0337052896165485,0.660575216426726,0.939484752251344,stable
CLDN23,0.0336852309220217,0.694689591568051,0.953678493862512,stable
AP4S1,0.0336815311244858,0.530289438459801,0.854016435363191,stable
SEPSECS-AS1,0.0336529930368641,0.344762387772605,0.701110535373869,stable
C1orf145,0.03360518402022,0.171761903178371,0.491253510634629,stable
SND1-IT1,0.0335937516686719,0.338240360007568,0.694432341406199,stable
RAB11FIP4,0.0335823193235307,0.792695468092776,0.989660627414104,stable
WIF1,0.0335644771609955,0.564143782978629,0.879155227324167,stable
NNMT,0.0335637145733002,0.612215885356972,0.910983199343107,stable
FAM120C,0.0335075369417821,0.000206198544138607,0.0038364855457387,stable
PPP1R3F,0.033490004526856,0.275255627578328,0.629038098993733,stable
ZNF707,0.0334882845784162,0.26978806595811,0.622853111642866,stable
ZNF500,0.0334815010169566,0.650653817294653,0.933494621221874,stable
NUP214,0.0334675190519078,0.559828261771105,0.875555357201892,stable
PSTK,0.0334619144983584,0.578571115912638,0.888164425582832,stable
PLCH1,0.0334492091513525,0.518377712923465,0.844457441826872,stable
RPUSD2,0.0334449755404241,0.632125800531033,0.921539151543392,stable
CPAMD8,0.0334347603848459,0.702252565140374,0.957443396245151,stable
SP2,0.0334193381625762,0.692531994367432,0.952250967283183,stable
FKBP11,0.0333958034009362,0.674585187660173,0.944240759232126,stable
DBR1,0.0333930432885993,0.699223318470375,0.956677768331857,stable
SNX1,0.0333908159110421,0.886148394024292,0.999789246558786,stable
POLR1B,0.0333818897953556,0.591714610684432,0.897743502669293,stable
PIP5K1C,0.0333793990209156,0.773065002585105,0.982642974094327,stable
ZNG1E,0.0333654990879241,0.807177356702574,0.994409667043212,stable
SEMA5A,0.0333643936210001,0.951792609866089,0.999789246558786,stable
ZSWIM6,0.0333574820446393,0.600563077382825,0.903164376352415,stable
WDR48,0.0333213339311274,0.807439200374296,0.994472220188956,stable
ASXL2,0.0332870397604538,0.857272455628085,0.999789246558786,stable
STX10,0.0332762767340701,0.585566700555635,0.893031719225164,stable
PCCA,0.0332297231052993,0.715624122125146,0.962988809819174,stable
ANKRD32,0.0332214139684166,0.127240214425865,0.417838724926467,stable
C9orf142,0.0332181534232955,0.782011438420045,0.986114573192351,stable
TLE3,0.0331460263305389,0.812713971103151,0.995656133881576,stable
KCNA4,0.0331284358615325,0.593648733077631,0.899408552845422,stable
ACVR1B,0.0331214611294161,0.526285901407615,0.849095106179065,stable
WBP1L,0.0330974498205086,0.787335384943692,0.987420136343518,stable
MAP7D1,0.033096708555897,0.935959233460182,0.999789246558786,stable
PAK2,0.0330668168493578,0.822630836555186,0.997404998293666,stable
VAMP7,0.0330640848950351,0.631066208757534,0.921286105698251,stable
FBXL9P,0.033053396891128,0.345861522000749,0.70118385253574,stable
DDX11,0.0330522759482097,0.0936393448162229,0.351026757031385,stable
SPMIP6,0.0330443244510384,0.410008586288489,0.758122063044999,stable
NCAPD2,0.0330005810721956,0.648323175473933,0.932610116911168,stable
SPEF2,0.0329851948675548,0.335913149391259,0.69256237783079,stable
DENR,0.0329674614100684,0.857514317520537,0.999789246558786,stable
CA5B,0.0329383707734364,0.557975893980427,0.874958675524097,stable
ZNF277,0.0329194054770022,0.378096625573697,0.731631740091267,stable
HHIP-AS1,0.0329170728692976,0.377491897942207,0.731492675734466,stable
MAPKAPK2,0.0328789757145294,0.857526600511402,0.999789246558786,stable
SEMA4C,0.0328634983995238,0.576353734827399,0.885984413296042,stable
HIVEP1,0.0328602874275358,0.39187515450936,0.742992142311045,stable
YME1L1,0.0328469921037509,0.594580380994339,0.899408552845422,stable
CDC40,0.0328417026600159,0.760598112505714,0.979311089878134,stable
GK,0.032840084856594,0.611569117107894,0.910244675669012,stable
WDFY3,0.0328212539190941,0.637445370136349,0.924387829035722,stable
ATXN7L2,0.0328053856742116,0.106635817741666,0.377830793064963,stable
FAM161A,0.0328041800320622,0.493673221089044,0.827345963064502,stable
WDR83,0.0328034928075886,0.00453483485659973,0.0449949848109376,stable
CYP46A1,0.0328020748727205,5.33709351511342e-06,0.000175378040668673,stable
AEBP2,0.0327899143071686,0.758540056233409,0.978529584839239,stable
KLF12,0.032760637506272,0.704990843282286,0.958279558354572,stable
DNAJC17,0.0327411723455274,0.185894262980576,0.51318235561756,stable
GPR160,0.0327252131018964,0.0987982224806869,0.36126517248098,stable
KIAA0226,0.0327169368204341,0.603733975489041,0.905193685315594,stable
BRAT1,0.032674557936163,0.846877172264129,0.999789246558786,stable
TMEM140,0.0326309729406051,0.512533898880927,0.840291628208215,stable
PAQR5,0.0326303039634992,0.213170536075708,0.552576251186224,stable
UNC119B,0.0325840988930312,0.688432099311293,0.950462387845182,stable
ROS1,0.0325727091099681,0.342551217088767,0.698832507595932,stable
ZNF383,0.0325460092077743,0.560910036058371,0.876656448045532,stable
RASGRP3,0.0325368191429935,0.518879118686505,0.844690151394837,stable
TMEM63A,0.0325238354403292,0.41987839392622,0.766181779200753,stable
ADAT3,0.0325197505488099,0.551741655779792,0.869135309310848,stable
UBXN2B,0.0324839404500898,0.775338972534366,0.983474483787495,stable
MAP2K4,0.0324780517438189,0.665806917187264,0.941781506312191,stable
TMEM190,0.0324579224276625,0.134226887149882,0.430222875489724,stable
DNASE1,0.0324515791410051,0.71068099051409,0.960672832914324,stable
ZNF776,0.0324183674649146,0.491362077530344,0.825396459493049,stable
DIS3L,0.0324002918516069,0.112396879414947,0.389996146771323,stable
CCDC18,0.0323838643124684,0.502941692938212,0.833675736269166,stable
SYVN1,0.0323077495307156,0.75529840321355,0.978212243550451,stable
TIGD5,0.0322912573917143,0.650352071577728,0.933494621221874,stable
ZNF135,0.0322748720510752,0.188165179633147,0.51734843810967,stable
RGL2,0.0322632036335623,0.632012021916267,0.92148317699242,stable
SSH1,0.0322507920023921,0.63029096675946,0.920710246066639,stable
MS4A4A,0.0322355977344805,0.241997051268867,0.589042603486783,stable
SPEN-AS1,0.0322331290105995,0.791024694437982,0.989083594176096,stable
SLC20A1,0.0322295916140826,0.861290538029418,0.999789246558786,stable
CKAP2,0.0322101678504075,0.602022082939243,0.903918076028669,stable
EFNB1,0.0322036731284244,0.28463568860572,0.639005814052585,stable
RIOK1,0.0321541222808916,0.713373345021555,0.962290418179594,stable
COL28A1,0.0321520343677061,0.492007512321849,0.826026621428688,stable
GRK6,0.0321459840021894,0.710576462995118,0.960637766384906,stable
TBCCD1,0.0321227171581496,0.650797504163652,0.933494621221874,stable
SLC29A2,0.0321219435369068,0.713554339969905,0.962322181353941,stable
ZNF737,0.0321112179406314,0.753006869009874,0.977832300827615,stable
FBXO48,0.0320549333226596,0.165739088687925,0.481119596324197,stable
MAPK1,0.032015668618831,0.917055694351059,0.999789246558786,stable
EML5,0.0319896353996908,0.243584790628855,0.591409518921095,stable
LDB1,0.031986281237887,0.64090862241735,0.926863861570252,stable
ZKSCAN3,0.0319762066321792,0.00360032278527674,0.0380383281998469,stable
RAB27B,0.0319699388373131,0.75877793621216,0.978529584839239,stable
KRT4,0.0319662375693357,0.892658911335817,0.999789246558786,stable
CH25H,0.0319141536950701,0.579793950098818,0.889036784496732,stable
AKIP1,0.0319141260034984,0.84720065237568,0.999789246558786,stable
PBX3,0.0319134524643826,0.759723624432033,0.97890393012092,stable
PPP1R15B,0.0318964275353186,0.869019897015123,0.999789246558786,stable
CSRP2,0.0318854822755353,0.511229363306262,0.839165803283973,stable
NAE1,0.0318270856136186,0.663860287267933,0.940837239130479,stable
PLCB3,0.0318006331149588,0.543830504529844,0.864462220065669,stable
PCCB,0.031790183760647,0.624419716341756,0.917857938018473,stable
AAGAB,0.0317684096774004,0.867632142985794,0.999789246558786,stable
PPAN,0.0317313630771466,0.58977702805279,0.896138519691399,stable
BTN3A1,0.0317175882368238,0.469436485445104,0.806987690167996,stable
ZNF558,0.0317160348235104,0.432559378498199,0.776635943048644,stable
PRKAR1B,0.0317093200084914,0.428305234406545,0.77255469756317,stable
CD69,0.0316929967123759,0.167835216307675,0.484801853507007,stable
LARP1B,0.0316728025145451,0.785960928349334,0.987420136343518,stable
KMT2E-AS1,0.0316705212284215,0.719541941002621,0.964673624609488,stable
NR1D2,0.0316632963910308,0.895622342440924,0.999789246558786,stable
IFT70A,0.0316485870350494,0.583466966313555,0.891203323280882,stable
DCK,0.0316239758931445,0.698586670607669,0.956416439440936,stable
DAXX,0.0316060222182565,0.850195780924394,0.999789246558786,stable
INTS2,0.0316045037592503,0.722195527267847,0.966353555512735,stable
SPOPL-DT,0.031534612892875,9.17842327929186e-05,0.00193110234364998,stable
UBLCP1,0.0315228809504619,0.293792881868746,0.648019521465815,stable
ERCC4,0.0314415095590656,0.146438433958062,0.451867756125358,stable
GALE,0.031438526011721,0.689286239044977,0.950986197944784,stable
NDFIP2,0.0314353655298001,0.887020631123752,0.999789246558786,stable
CRBN,0.0314239410880476,0.91272409188747,0.999789246558786,stable
ZNF546,0.0313954015782401,0.237253050985643,0.582951014120301,stable
RGS9,0.0313876781307723,0.488632338698457,0.823640610624647,stable
DCUN1D3,0.0313791243193773,0.695972360709897,0.954833460978427,stable
PPP1R14C,0.0313582320185989,0.736859794999721,0.971622076787017,stable
CTA-204B4.2,0.0313532794012932,0.195956663024498,0.528341917277584,stable
RBM26-AS1,0.0312815273784456,0.246563864102954,0.59464898330644,stable
CCDC9,0.0312549584211347,0.588290485010437,0.894615517989666,stable
PLAUR,0.0312448823880159,0.0614221569249663,0.271480429807115,stable
SHC2,0.0312162169944223,0.466597565677107,0.805264526731181,stable
EGLN2,0.0312048137968192,0.93371840413459,0.999789246558786,stable
TMEM129,0.0311724554671537,0.443047093769892,0.785662023872229,stable
C14orf28,0.0311710713654808,0.544859304137586,0.864981835555565,stable
SMARCAL1,0.0311365711193017,0.714938896383025,0.962988809819174,stable
EME2,0.0311036521547358,0.648593855554808,0.932622344488837,stable
RPA4,0.031100461033545,0.0529757411787317,0.247201474517399,stable
TCEANC,0.0310937547188703,0.217065796826028,0.556918109701772,stable
ALDH18A1,0.0310794854724366,0.663279243465246,0.940777769338893,stable
SSH3,0.0310618590204702,0.833680138534992,0.999789246558786,stable
MTERFD3,0.0310308343172418,0.555547364323514,0.87275580750736,stable
PCBP2,0.0310172838209055,0.959910957208785,0.999789246558786,stable
C21orf59,0.0310023490371277,0.739115529620234,0.972672204255872,stable
GTPBP4,0.0309887684516506,0.870893090398444,0.999789246558786,stable
UGDH-AS1,0.0309317093019466,0.303035970114388,0.65877853435502,stable
SLC27A3,0.0309188716231335,0.638699690193986,0.925164712991027,stable
AIM1,0.0309099623701604,0.371418989897777,0.726319906016706,stable
LRRC3,0.0308591629319397,0.629726506027892,0.92036939786123,stable
MAFIP,0.0308208613590027,0.198082671625746,0.531583441921652,stable
ETV2,0.0308072836555148,0.112194839226838,0.389996146771323,stable
MST4,0.0307674177649341,0.763784830809953,0.979984402411979,stable
APLF,0.0307442616549128,0.378568890627613,0.731691499712011,stable
AMIGO1,0.0307415107392158,0.596262095822602,0.901010122630086,stable
SCGB3A1,0.0307363955996312,0.814614957833218,0.996582590527748,stable
RARS2,0.0306868063578066,0.77212275535747,0.982248783587232,stable
VCPKMT,0.0306815198896344,0.740941557797299,0.973229118723234,stable
AKNA,0.0306742730185595,0.432234799826366,0.776320627839774,stable
FZD2,0.0306661931754594,0.838950882179286,0.999789246558786,stable
AGO1,0.0306582569891888,0.438085295512912,0.78257411257487,stable
ALG2,0.0306574377048016,0.912547797582288,0.999789246558786,stable
DUSP3,0.0306479887461781,0.945481450534898,0.999789246558786,stable
ZNF766,0.0306439231585692,0.708234792330356,0.959569298224567,stable
CSNK2A2,0.0306205431156981,0.862622099722488,0.999789246558786,stable
CYP39A1,0.0305919265592985,0.751063435043463,0.97704135509022,stable
SEPT8,0.0305165447205777,0.86310782380733,0.999789246558786,stable
MCU,0.030516495413058,0.885958804018775,0.999789246558786,stable
TEKT2,0.0305005896592025,0.0269369184455789,0.16007627179327,stable
YIPF2,0.0304825328442207,0.888683977839271,0.999789246558786,stable
CCDC112,0.0304494713220786,0.660437542117074,0.939484752251344,stable
NGLY1,0.0304451749465512,0.758320682353348,0.978529584839239,stable
ANAPC7,0.0304351547469575,0.403796164348583,0.753933757903937,stable
NT5C3B,0.0304202725589797,0.305531428631533,0.661029413025108,stable
USP34-DT,0.0304045653815558,0.000135426412287079,0.0026830672022646,stable
TTC21A,0.0303702701728144,0.531449366418571,0.854232354385354,stable
BIN3,0.0302795927865534,0.820850593834529,0.997378504529586,stable
AMMECR1,0.0302340821418637,0.584394467274187,0.892285531846074,stable
PANK3,0.0302159761183221,0.722806095359491,0.966353555512735,stable
ARL13B,0.0301976207773303,0.69052301296688,0.951254532629965,stable
FAM86B1,0.0301829063185937,0.43480625954565,0.778637874864628,stable
KDM1A,0.0301761323875504,0.84352556758993,0.999789246558786,stable
NAPG,0.0301760453341323,0.865097845817267,0.999789246558786,stable
IPPK,0.0301338225169937,0.615179927020415,0.91339237554932,stable
PRKCA,0.0301213948939528,0.36001410771618,0.714881814932193,stable
FAM65A,0.0300976135516398,0.663554829518881,0.940821248934699,stable
SLC35A5,0.0300732706972274,0.799914688439563,0.992001334227981,stable
DNAJC11,0.0300697932946604,0.787294373647252,0.987420136343518,stable
TMEM135,0.0300694696934438,0.736558526791934,0.971586428348398,stable
LANCL3,0.0300622741691495,0.241914702082962,0.588959434029501,stable
KRT27,0.0300516565258007,0.000169607903525413,0.0032753349331669,stable
CDC37L1,0.0300512827445116,0.853754703893598,0.999789246558786,stable
INTS8,0.0300166457749202,0.721379091290777,0.965630531311702,stable
ZNF259,0.0300153633432408,0.857910639898633,0.999789246558786,stable
ALG10B,0.0300037973186793,0.594505354688278,0.899408552845422,stable
CRTC3,0.0299967689825597,0.523250684180713,0.847263788021673,stable
LINC00607,0.0299707284270511,0.293591398134963,0.647915729131534,stable
CTDSPL2,0.0299513228941217,0.418494592979876,0.765339167003518,stable
ADD3,0.0299007862434973,0.7847350117037,0.987301207757395,stable
KCTD20,0.0299003891595191,0.010537401492357,0.0824115136548768,stable
ASAP1,0.0298871162897113,0.655788958671238,0.936834648423419,stable
ZNF443,0.0298609439669532,0.338867132691682,0.69464009838295,stable
TEX9,0.0298413829008409,0.448954140611549,0.789528904450522,stable
LYPD1,0.0298333721505543,0.534073412496031,0.856085857415567,stable
ERV3-1,0.0298316961688328,0.637243950205399,0.924387829035722,stable
CCDC127,0.0298022868157161,0.899301119032096,0.999789246558786,stable
PPAPDC2,0.0297775294312294,0.34692048630794,0.70199570015366,stable
NSMAF,0.0297510973585966,0.768626316900713,0.981415985828635,stable
MFI2,0.0297475032991339,0.422399076501049,0.768135422664211,stable
CPEB2,0.0297371159478575,0.534455402511837,0.856219519246059,stable
CGNL1,0.02973112004601,0.181910545463857,0.508798477085164,stable
PPP2R3B,0.0297259396050626,0.204100833421311,0.539176606197437,stable
KLF2,0.0297025642016374,0.357158238089742,0.711706695795946,stable
TIGD7,0.0296718111919142,0.336866958827032,0.693297811399111,stable
FAM118A,0.0296692575189062,0.697786745624357,0.955934463417059,stable
FANCA,0.0296692489929228,0.442299752962741,0.785662023872229,stable
DPH5,0.0296306236444161,0.736544860886198,0.971586428348398,stable
TTL,0.0296194065970344,0.00178499727250584,0.0223563592818764,stable
SEPT5,0.0296168656769377,0.532971529250457,0.855236379951867,stable
OCA2,0.0296077598073487,0.387283281288873,0.737797314054397,stable
RNF4,0.0296054775867143,0.795499771095184,0.990475855820148,stable
FAM210A,0.0295933675245973,0.00324493082134276,0.0350716484174128,stable
SH3GL2,0.0295788426847151,0.501558471024406,0.832538908647345,stable
BAMBI,0.029557248833153,0.175815863726806,0.499111267579302,stable
MLEC,0.0295364598154481,0.932548756002594,0.999789246558786,stable
LZTS3,0.0294847460983541,0.56633661089176,0.879859377035898,stable
TRIM32,0.0294804933204416,0.677609870695937,0.945451514929936,stable
GNB5,0.0294708380426057,0.834364972125501,0.999789246558786,stable
VGLL4,0.0294598767828709,0.753195023820288,0.977832300827615,stable
ST3GAL5,0.0294578909901428,0.919225287983855,0.999789246558786,stable
TEAD2,0.029434438678781,0.821798415729042,0.997378504529586,stable
MAP6,0.0294284880753767,0.594384300128823,0.899408552845422,stable
C19orf81,0.0294229124276892,0.111408643733723,0.388436754421286,stable
PAPOLB,0.0294181614737533,0.088942558619073,0.339560623900907,stable
SASH1,0.0294134711661433,0.630114517042152,0.920693265159367,stable
ADRBK2,0.0294005568475626,0.525315916054282,0.848273048189996,stable
PSPC1,0.0293613360799054,0.848721385026998,0.999789246558786,stable
CWC27,0.0293507515900601,0.788510361213007,0.987576911420881,stable
GLTP,0.0293389774433178,0.879448802297879,0.999789246558786,stable
BMP2K,0.0293382666270813,0.669279708081337,0.942869096644723,stable
MFSD3,0.0293372409398447,0.277300810863103,0.630872768170753,stable
CFAP210,0.02933549493071,0.147672981817462,0.454012708686281,stable
NAA35,0.0293346771403572,0.818006981218344,0.997378504529586,stable
DNAI7,0.0293099676186916,0.44175219555405,0.785662023872229,stable
ZNF503,0.0293095133709453,0.745393701035302,0.975951121160221,stable
B3GNT9,0.0293050306851094,0.315750553211237,0.670380379740965,stable
NSMF,0.0292984853974253,0.812493181079977,0.995656133881576,stable
DDX19B,0.0292923210690539,0.093477637862716,0.3508492688359,stable
RIF1,0.0292587371957759,0.388921673831493,0.739888766569188,stable
SLC6A8,0.0292525993090361,0.352009318734669,0.707469442431019,stable
PRKG2,0.0292363330450771,0.42162295952713,0.767751982311878,stable
SORBS3,0.0292164460624045,0.513773228791618,0.841221993220932,stable
CLCF1,0.0291595051024971,0.68925906705555,0.950986197944784,stable
DDX51,0.0291041841594949,0.774009454840677,0.983114253529971,stable
NHEJ1,0.0290744467894064,0.370742560322749,0.725520541823942,stable
EPB41L1,0.0290666488427747,0.734357719754145,0.971432366286368,stable
LYRM7,0.0290531618276421,0.599904328581116,0.902662544630178,stable
CCDC11,0.0290529360892353,0.235076035088641,0.580449342151453,stable
GZMB,0.0290490629015746,0.319055857814372,0.674722421617493,stable
GEMIN7,0.0290050076968665,0.82368446332592,0.997404998293666,stable
PKD2L2-DT,0.0290017538697276,0.30707011479623,0.662599308608846,stable
CABLES1,0.0289810577172348,0.392984424503374,0.744204741305847,stable
ARAF,0.0289770407112595,0.802232836666073,0.992374875681188,stable
NPHP1,0.028927873980681,0.817494276019966,0.997378504529586,stable
REPIN1,0.0289023321761658,0.863363159126762,0.999789246558786,stable
DEF8,0.0288911675311618,0.727367570945232,0.967710737287946,stable
NUB1,0.028852077583408,0.676590056031268,0.945300159581214,stable
LYSMD4,0.0288468606917449,0.559519715421117,0.875487313745793,stable
MTHFD2,0.0288366651620641,0.303396385052817,0.658892394373621,stable
HDAC2,0.0288085255128494,0.533442217742561,0.855523178914335,stable
ZNF440,0.0287936610373633,0.0674019651393765,0.287581717928006,stable
HDHD3,0.0287860092837643,0.387184971605093,0.737797314054397,stable
SAMSN1,0.0287701649638988,0.370471798373401,0.72527983076817,stable
ZNF197,0.0287502102189919,0.680337075744815,0.946697339357756,stable
CDKL3,0.028727800236217,0.53516403602689,0.856710997432255,stable
CENPW,0.0287128201044449,0.393923520028251,0.744987187969444,stable
IL17RA,0.0286768447064922,0.870113306836443,0.999789246558786,stable
IST1,0.0286614464344901,0.803054438049392,0.992953782073998,stable
ZNF132,0.0286551117157182,0.25138841340393,0.601040394611447,stable
LONP1,0.0286383593070559,0.907443070705837,0.999789246558786,stable
ZNF816,0.0286343185753224,0.126581294261619,0.416620824193332,stable
GPR82,0.0286133092088633,0.338601710505454,0.69464009838295,stable
PLD6,0.0286015410960841,0.456534359833966,0.797256107574194,stable
FP236383.5,0.0285937417165597,0.26910442926742,0.622235766117737,stable
SAMD9,0.0285863974827105,0.869005985675388,0.999789246558786,stable
NOTCH4,0.0285789250789684,0.195409599410471,0.527497521135472,stable
CTPS2,0.028563237669203,0.735631053598607,0.971586428348398,stable
WDR91,0.0285513921844152,0.0128083575559183,0.0944326675292796,stable
GRTP1,0.0285286274993503,7.2000459312448e-06,0.000227424706624125,stable
SSH2,0.0285051011913793,0.782978827986021,0.986613049510475,stable
CTNND2,0.0285023302068061,0.584393935767599,0.892285531846074,stable
LTB,0.0284853881444383,0.123961912794631,0.41068230501847,stable
ZNF717,0.0284607664269815,0.743262295469046,0.975106826008956,stable
FKBP15,0.0284576181250255,0.438072701724665,0.78257411257487,stable
ZNF506,0.0284537147934047,0.715935157165207,0.962988809819174,stable
PIK3CD,0.0284284760282217,0.661933683407106,0.939776695234432,stable
SCN1B,0.0284171275688094,0.290708468057403,0.645318998905378,stable
FZD3,0.0284129737272636,0.679014996031115,0.946066838663244,stable
USP20,0.0283769591531224,0.244930131293407,0.592697164282325,stable
HYAL2,0.0283660060932762,0.826611362796177,0.997759163651196,stable
NCOA2,0.0283288752643626,0.84239593894566,0.999789246558786,stable
WDR26,0.028303346610314,0.651787518732173,0.934269539045741,stable
ZNF844,0.0282863557753389,0.628208883742957,0.919902924638998,stable
MCTP1,0.0282745680124755,0.263520270008756,0.616071085956449,stable
NATD1,0.0282373407046514,0.703586156130582,0.958118510741468,stable
TBC1D9B,0.028228062597081,0.0483888970711483,0.23333565199121,stable
FRAT1,0.0282010839903048,0.54837377777504,0.867319493291049,stable
MAP2K7,0.0282003535325514,0.877640758122067,0.999789246558786,stable
ZNF573,0.0281796859469778,0.582971814592464,0.890892294234064,stable
B4GALT5,0.0281773709429923,0.821149209887785,0.997378504529586,stable
TTLL1,0.0281723647437405,0.46607158746972,0.804817530520656,stable
ANKH,0.0281312121890737,0.0758587240775583,0.310404172160643,stable
CAPS,0.0281291796592171,0.757522623481393,0.978529584839239,stable
C6orf136,0.0281190750656209,0.791674805872983,0.989613746496712,stable
DNMT3A,0.0281084233910808,0.736411661948619,0.971586428348398,stable
ZBTB21,0.0281047925984122,0.756741858841203,0.978361975935999,stable
DNMT1,0.0281034589904627,0.800274260356186,0.992119654071687,stable
KAT7,0.0280892162240345,0.859785752540735,0.999789246558786,stable
JAG1,0.0280820002739661,0.844673544188068,0.999789246558786,stable
IL15,0.0280702515515269,0.835480759565861,0.999789246558786,stable
CACNA2D3,0.028018808750857,0.661914028517127,0.939776695234432,stable
WDR35,0.0280023546193778,0.828133943741934,0.99792050950069,stable
TMEM115,0.0280020997639317,0.403963831973904,0.754016473056802,stable
GAB3,0.0280008861105525,0.667970904135821,0.942437249787197,stable
ZNF607,0.0279951509430359,0.443269149753866,0.785662023872229,stable
RPAIN,0.0279907047590714,0.865195699162228,0.999789246558786,stable
GTF3A,0.0279796642767509,0.868076807464125,0.999789246558786,stable
PRDX6-AS1,0.0279766636524153,0.393366749967665,0.744352190650888,stable
TYMS,0.0279539428143647,0.347700817692394,0.70255626351816,stable
BEND5,0.0279134047754459,0.291249236087882,0.645936696875536,stable
LARP1,0.0279041128116634,0.603603977953726,0.905109792260347,stable
MOGS,0.02790057204938,0.913218603515314,0.999789246558786,stable
GSR,0.0278984821011359,0.812706507572153,0.995656133881576,stable
PPM1F-AS1,0.0278756681366503,0.306261565435945,0.661488394688651,stable
DERA,0.0278748801598076,0.747230686625138,0.976542041254727,stable
MIS12,0.027781868921753,0.716981796801931,0.963331005067795,stable
VPS37C,0.0277813154739442,0.810319201784527,0.995656133881576,stable
NUDT6,0.0277543228106693,0.693752450153561,0.953071471193204,stable
ADAT1,0.0277387269267002,0.459114146362071,0.799324932833032,stable
ZC3HAV1,0.0276618737778706,0.559504949051092,0.875487313745793,stable
SOX13,0.0276607142301805,0.649220682120197,0.932887459531831,stable
STRN4,0.0276532869532787,0.754338365994655,0.97784010455129,stable
CEP70,0.0276225647325368,0.828867311219579,0.997938935521337,stable
REM2,0.0276192353722271,0.0351913209429883,0.19192776710974,stable
LRP3,0.0275781614079531,0.210880888506416,0.549522059497426,stable
DTNA,0.0275734146161675,0.690109217385501,0.951166430637091,stable
SMG8,0.0275709562218899,0.501420323925134,0.832538908647345,stable
IGSF8,0.0275705568372621,0.659285763235645,0.938866506189873,stable
PRPF40B,0.027569375037255,0.762743860464075,0.979703974532996,stable
THRAP3,0.0275437801453997,0.83776358888834,0.999789246558786,stable
TMEM144,0.0275317911205051,0.831588462282753,0.999541530279682,stable
FNDC4,0.0275051302134085,0.491318576097122,0.825396459493049,stable
ZNF799,0.0274666108942522,0.00063669029321764,0.00982831672067297,stable
DNAJB14,0.0274663575463415,0.535477025498551,0.857021439100458,stable
OLA1,0.0274637898154909,0.920127625223618,0.999789246558786,stable
PDP2,0.0274606590913366,0.723760483083508,0.966431176321043,stable
SF1-DT,0.0274366431805625,0.273850995415723,0.62763551998553,stable
CAMKK1,0.0274147433424121,0.434997777187962,0.778662416044388,stable
UBN2,0.0273937128024244,0.822566477311316,0.997404998293666,stable
CDCP1,0.0273898175383332,0.632464446268414,0.921703074771708,stable
CAMKMT,0.0273839999411904,0.753611915413012,0.977832300827615,stable
ORAI2,0.0273580391547406,0.487109274195389,0.822499713395088,stable
TMEM117,0.0273499996592206,0.0714507134594429,0.299022026388688,stable
KDM2B,0.0273483113813087,0.803952018381756,0.993168306519291,stable
SNX14,0.0273157148378204,0.629132223950023,0.92002779107131,stable
CHD3,0.0273048881753439,0.870217306958463,0.999789246558786,stable
ZNF430,0.0272691064906139,0.839105652036697,0.999789246558786,stable
CHCHD7,0.0272481920076597,0.636817045114392,0.924387829035722,stable
MYO18A,0.027197420290923,0.751146778099441,0.97704135509022,stable
TESK1,0.0271965810216333,0.014224531017026,0.10156581025241,stable
PRSS27,0.0271640438365173,0.189269329505411,0.519310953353957,stable
ST3GAL2,0.0271343049927459,2.58521909679715e-05,0.000662509816336445,stable
JPH1,0.0271292634234813,0.83999369743536,0.999789246558786,stable
HMGCLL1,0.0271101291139498,0.22602694846395,0.568977227764276,stable
THAP9,0.02709312160249,0.517789678467188,0.843928137277721,stable
PCDHA12,0.0270840844883917,0.826861547483547,0.997759163651196,stable
ITPR2,0.0270557939380365,0.800243013093155,0.992119654071687,stable
SGK1,0.0269611023021552,0.535989409493291,0.857437368356533,stable
RSPH1,0.0269414283434902,0.215823696955189,0.555299699343343,stable
E2F6,0.0269262731492067,0.813458950792648,0.995766294260898,stable
SAP25,0.0269240980329054,0.762712557074476,0.979703974532996,stable
PDLIM4,0.0268874167662921,0.525053750742543,0.848078362721571,stable
MAP3K12,0.0268807808215096,0.667826373816746,0.942437249787197,stable
TMEM67,0.0268700559389033,0.669566454720378,0.943055691036053,stable
TMEM184C,0.0268561678602708,0.878435444896996,0.999789246558786,stable
TGFB1,0.0268556396268791,0.431276484301193,0.775168908116128,stable
ZNF527,0.0268495649209823,0.392321782597051,0.743295330202473,stable
OPA1,0.0268474812794723,0.45665998561712,0.797331819267011,stable
ZNF254,0.0268366463886219,0.699681043973102,0.956677768331857,stable
DNAJC9,0.0268065995074823,0.605749031206545,0.907029144877777,stable
LINC00998,0.0268059971548841,0.785909535767245,0.987420136343518,stable
ARMCX4,0.026796861276409,0.753814156964899,0.977832300827615,stable
TENC1,0.0267644511047561,0.853929536067715,0.999789246558786,stable
CLN8,0.0267635775973197,0.897754962976961,0.999789246558786,stable
NBPF26,0.0267618261255494,0.0139792591952264,0.100400977909781,stable
YPEL3-DT,0.0267606589738565,0.304019193878623,0.659490086807147,stable
SLC25A14,0.0267389747416736,0.778233202965499,0.984387693817287,stable
CARM1,0.0267251319613808,0.871082525539998,0.999789246558786,stable
DHRS1,0.0267072895397343,0.370211427747687,0.725118489470874,stable
PIGK,0.0266942871676716,0.231020945644885,0.575992329587113,stable
C20orf112,0.026685398762217,0.609685799198101,0.909589048638,stable
FAM211A,0.0266744381276619,0.629653293242337,0.92036939786123,stable
KIAA1143,0.026666396064487,0.857642164047976,0.999789246558786,stable
NR3C2,0.0266645322427686,0.715788698402625,0.962988809819174,stable
CRYZ,0.0266624645677885,0.707118562533476,0.958932472643578,stable
PRR5,0.0266541320199881,0.59557204333201,0.900243929478235,stable
FAT4,0.0266408077646097,0.757990630374538,0.978529584839239,stable
NAT1,0.026633382715098,0.412903418482599,0.760280732306853,stable
CYP2J2,0.0266316811030308,0.442550801101356,0.785662023872229,stable
ITGA1,0.0266316256264528,0.308246730632991,0.663538849900132,stable
KLHL8,0.02663125182823,0.666414472167,0.941849646001786,stable
PRKCH,0.0266249461960668,0.537903022111384,0.858937582783524,stable
KIAA0430,0.0266086911570585,0.112370890675753,0.389996146771323,stable
MPRIP-AS1,0.0265729194591143,0.068067568914294,0.289590885925882,stable
PCDH1,0.0265576654196311,0.0824054000608567,0.325152876160075,stable
MARCHF8,0.0265545737715494,0.822940248259661,0.997404998293666,stable
ABHD16A,0.0265491913881146,0.532318226760377,0.854748525100034,stable
ZCCHC6,0.0265460274972331,0.670105428412018,0.943380024980826,stable
ITFG2,0.0264970087367301,0.88714377055728,0.999789246558786,stable
PALLD,0.0264681389817563,0.673644930028318,0.944240759232126,stable
WDR65,0.026436728073912,0.408060784463041,0.757844884423611,stable
ATP6V1E2,0.0263787673787774,0.553719950987368,0.871108341685268,stable
GTF2A1-AS1,0.026339528770841,0.185811800004851,0.513070576747075,stable
TNFAIP2,0.026295326634691,0.0134987165745041,0.0978696983432613,stable
CHD1-DT,0.0262813928250757,0.235095279204176,0.580449342151453,stable
RECQL,0.0262767868126303,0.865542126803266,0.999789246558786,stable
CCNY-AS1,0.0262399986288157,0.134353471073696,0.430494582019621,stable
CYP4F33P,0.026209161936157,0.112341841254761,0.389996146771323,stable
ZNF699,0.0261780122379762,0.280694597418198,0.63473896084069,stable
PTER,0.026155942905113,1.47740437616095e-06,5.78839458147161e-05,stable
ELAVL1,0.02614172220602,0.71278686426763,0.962030101447224,stable
ABR,0.0261408235141773,0.855652848898776,0.999789246558786,stable
H1-3,0.0261276298317738,0.451784776544279,0.793613164392472,stable
YY2,0.0260504283936844,0.0817327114240014,0.323568853336294,stable
PDK3,0.0260395753055608,0.525885237881669,0.848972681968505,stable
ZNF514,0.0260359360682037,0.776091995058743,0.983817126163856,stable
CRISPLD2,0.026034144878639,0.232538175676161,0.577507625209974,stable
C3orf17,0.026021765234072,0.880602971383713,0.999789246558786,stable
ENC1,0.0260199171415134,0.54252466939893,0.863855875828126,stable
KIAA1549,0.0260149778400405,0.0413501351420014,0.212688080192451,stable
NTAQ1,0.0260107064426811,0.725022423323846,0.966840475169479,stable
CCDC19,0.0260043414754095,0.33285302346826,0.689042397777479,stable
FMO5,0.02593918377941,0.530476668333828,0.854016435363191,stable
MAP3K8,0.0259123973749963,0.671879517933161,0.943703921316208,stable
ROCK2,0.0259022578152888,0.650938480206573,0.933494621221874,stable
TRIM11,0.0258991162660603,0.8211108649398,0.997378504529586,stable
TIGD1,0.0258953500898503,0.582757632572058,0.89084964931475,stable
TNK1,0.0258896953573127,0.758066004514038,0.978529584839239,stable
PLEKHG4B,0.0258858356339684,0.645250951138519,0.930245032045908,stable
C8orf4,0.0258846260273259,0.743136840622597,0.975106826008956,stable
CP,0.0258688457651609,0.0249528125818946,0.151979661684643,stable
COX15,0.0258670709621281,0.0148711729880193,0.104956823675258,stable
SLC4A11,0.0258640730340985,0.514304870588131,0.841382375380717,stable
MAPK6,0.0258396120516509,0.857672676399282,0.999789246558786,stable
B3GALT6,0.0258339086571989,0.795876366680057,0.990475855820148,stable
ASPSCR1,0.0258156733642687,0.872168458508533,0.999789246558786,stable
CPSF3L,0.0258128254771847,0.948599535474669,0.999789246558786,stable
UCP2,0.0258102496971462,0.601400278877692,0.903583229302158,stable
EPC2,0.0258064746285691,0.752819779160041,0.977832300827615,stable
ATP7A,0.0257981731454839,0.822637907179127,0.997404998293666,stable
B3GAT2,0.0257713914587452,0.487148063234656,0.822499713395088,stable
GSTT2B,0.0257577092799357,0.704604883746595,0.958118510741468,stable
ZNF555,0.0257335531663397,0.657104116627358,0.937409111669064,stable
BTBD8,0.0257280096217143,0.597113692895228,0.901045656937624,stable
NAV2-AS2,0.0257016286898221,0.659060834668062,0.938866506189873,stable
EIF4ENIF1,0.0257002633241924,0.790831715862472,0.989083594176096,stable
ZFP62,0.0256942873711402,0.749081483225239,0.976542041254727,stable
BRF1,0.0256767073686795,0.881163719971399,0.999789246558786,stable
WDR44,0.0256413973403461,0.813206920440129,0.995657191051697,stable
SYNC,0.0256370857206294,0.894701705202441,0.999789246558786,stable
MTHFSD,0.0256239691628693,0.591492971250006,0.897518629662373,stable
JRKL,0.0256225478982597,0.672396189640689,0.944104183570846,stable
BDH2,0.0256102787953379,0.935957875409093,0.999789246558786,stable
MLKL,0.025598200192453,0.456361633917129,0.797233944956533,stable
ZNF462,0.0255819314773628,0.861376302626906,0.999789246558786,stable
ZNF286A,0.0255307779287893,0.0464979053361264,0.227811781494512,stable
C17orf100,0.0255217385771525,0.430302581346124,0.774329273424852,stable
DAGLA,0.0255081709863735,0.753548874186756,0.977832300827615,stable
VIM-AS1,0.0255054326566456,0.622360714601604,0.916815783958786,stable
MTARC1,0.0254972993980122,0.703327952562785,0.958118510741468,stable
NICN1,0.0254900086306657,0.770730348915802,0.981415985828635,stable
TGFBR3,0.0254776954437548,0.883844918988601,0.999789246558786,stable
NRG3,0.0254771182028377,0.335994625714566,0.692613542113803,stable
CACTIN,0.0254599049339961,0.723184090791108,0.966353555512735,stable
TTC12,0.0254493946723482,0.570384875887815,0.881910539192089,stable
NIN,0.025439373496788,0.613501231551345,0.912229540747311,stable
CCL5,0.0254320462081576,0.649050621053707,0.93275273827422,stable
CHIC1,0.0254177872731719,0.755937688404997,0.978212243550451,stable
MTIF2,0.0254109084476202,0.803157262302827,0.992953782073998,stable
ZBTB8OS,0.0253795809508685,0.922256037322027,0.999789246558786,stable
CFDP1,0.0253553007645628,0.409571337747702,0.757983083646897,stable
CA13,0.0253191676428902,0.703912351762268,0.958118510741468,stable
MYC,0.0253059497150928,0.500675511614445,0.832269404169251,stable
SLX9,0.0253054033219239,0.915756312957511,0.999789246558786,stable
ZBTB7C,0.0252976592013289,0.316970200415861,0.671564235923968,stable
ANKRD13C,0.0252709061993255,0.375191331172684,0.729587365806083,stable
FAM212B,0.0252561467028898,0.508337996794316,0.83733291659353,stable
REP15,0.025252769273997,0.0649848716751549,0.281243669679761,stable
CYP27A1,0.0252387609591869,0.713214736864732,0.962238016966662,stable
COX10,0.0252232888905531,0.796690363810046,0.990716480896643,stable
PINLYP,0.0251839988213283,0.507773520861833,0.837120311297839,stable
FBXW7,0.0251725308028241,0.315498875215577,0.670256908348143,stable
GSTCD,0.0251673746452628,0.661826219504556,0.939776695234432,stable
FDXR,0.0251645277451409,0.634772844882583,0.923463221278509,stable
CLDN9,0.0251506663642272,0.514100015174858,0.841364673057079,stable
ATP6V0E2-AS1,0.0251496039601816,0.259370106754922,0.611011791283902,stable
MSH2,0.0251452885323092,0.762886364068591,0.979703974532996,stable
CMTM3,0.0251341366482066,0.427965661408058,0.77255469756317,stable
NT5DC3,0.0251301674799865,0.000760769598951085,0.011382677573535,stable
WNT3,0.0251261796332599,0.0757263692614623,0.310192929899626,stable
GALNT3,0.025090907511689,0.900300984317038,0.999789246558786,stable
NEK6,0.0250616730574585,0.78425614511186,0.987257780197537,stable
ECT2,0.0250568139945483,0.480467368330565,0.815898403019282,stable
CBLL1,0.0250480178298772,0.786238273064126,0.987420136343518,stable
EXOC5,0.0250196561351013,0.900898312950762,0.999789246558786,stable
ACAP1,0.0249957787010014,0.605531650013576,0.907029144877777,stable
FAM98C,0.0249933514886862,0.490131790612157,0.8250304335504,stable
HNRNPUL1,0.0249883791105919,0.837728898720597,0.999789246558786,stable
DHX32,0.02497872191606,0.847236282692485,0.999789246558786,stable
USB1,0.0249297500011144,0.837916440231376,0.999789246558786,stable
TBC1D8,0.0248791430743731,0.520150126968396,0.845155728168378,stable
PMM2,0.0248629696220879,0.814289092127855,0.996383369586676,stable
SPON1,0.0248347631289962,0.509806475779318,0.838040293421966,stable
COX18,0.024814249910811,0.713255781391928,0.962238016966662,stable
IER3,0.024806075333104,0.489506642291818,0.824659481170781,stable
DNAH7,0.0247899552541473,0.682604253830138,0.947660919797797,stable
SLC7A11,0.0247856182064532,0.716444354100619,0.963044662020624,stable
ENTREP3,0.0247059791677225,0.837013274040759,0.999789246558786,stable
QRICH1,0.0246946330374311,0.750348347708606,0.976977677069028,stable
TRIM39,0.0246925083783951,0.720761894169986,0.965626505761399,stable
ADAMTS9-AS2,0.0246835522293285,0.533123463288058,0.855236379951867,stable
CDON,0.0246779230579314,0.575492269239328,0.885662532944926,stable
RASSF9,0.02467096057671,0.681807840613994,0.947607573032409,stable
LIN52,0.0246591394876645,0.761572928516787,0.97948844320936,stable
MAPRE2,0.0246533454403359,0.887100658460291,0.999789246558786,stable
SMIM19,0.0246392335248042,0.710167496474107,0.960339991706449,stable
VAMP1-AS1,0.0245935313689188,0.230401556566716,0.575016052974998,stable
NUP188,0.0245869893436929,0.00175910992072268,0.0221227980153437,stable
DNAJC14,0.0245847055918929,0.833550975372167,0.999789246558786,stable
NKRF,0.024580514999184,0.617394883298249,0.915033828545661,stable
RAD51D,0.0245612092991339,0.787291920872321,0.987420136343518,stable
CAMSAP2,0.0245450632125004,0.906731770737903,0.999789246558786,stable
ZNF480,0.0245336997053258,0.826154731490381,0.997759163651196,stable
METTL3,0.0245201180927659,0.766277302723685,0.981415985828635,stable
CERK,0.0244965981368286,0.871710714990025,0.999789246558786,stable
ZNF483,0.0244893899238056,0.558696785237959,0.875241510028041,stable
CIAPIN1,0.02448446798866,0.923047065512591,0.999789246558786,stable
SLC7A2,0.0244807308864371,0.48913842997293,0.824266358972856,stable
AMOTL1,0.0244610499257809,0.647320288181984,0.93201922293717,stable
RUNX1,0.0244450768394507,0.584972889150424,0.89282193169266,stable
C2orf42,0.0244246372351763,0.556911067724393,0.874012182804336,stable
TBCEL,0.0243888742728563,0.350230065315284,0.705124025192843,stable
RNF103,0.0243682966225716,0.867396672377003,0.999789246558786,stable
TOP1,0.0243681460407131,0.973236632135147,0.999789246558786,stable
MASTL,0.0243538081185574,0.594105296894968,0.899408552845422,stable
CNIH3,0.0243523618764184,0.375360689622004,0.729708821555244,stable
ZC3H11A,0.0243493682990262,0.904991633042372,0.999789246558786,stable
PAF1,0.0243435460654375,0.831177484103464,0.999310263509009,stable
PAN3-AS1,0.0243400613876068,0.359770013523211,0.714629289130279,stable
ACOX3,0.0243287086563772,0.847695894259433,0.999789246558786,stable
SUMO4,0.0243041129844766,0.306234499687945,0.661488394688651,stable
ANKRD2,0.0243029556486384,0.329244530851711,0.684413562689577,stable
SH2B2,0.0242810418116524,0.193628679569469,0.526215424423564,stable
MAN2B1,0.0242771286241407,0.820633668595204,0.997378504529586,stable
FAM21A,0.0242741232420245,0.0469622784473206,0.229168419856306,stable
YY1AP1,0.0242608647375326,0.617632863165105,0.915033828545661,stable
NFE2L3,0.0242289128360279,0.749223633284272,0.976542041254727,stable
MYO1D,0.0241343700579588,0.880066693458462,0.999789246558786,stable
FAM175B,0.0241320995343545,0.213069510336991,0.552516269486505,stable
SMTN,0.0241275291302653,0.712589620020274,0.96197631310081,stable
SWT1,0.0240745596273088,0.65849763789493,0.938866506189873,stable
FRAS1,0.0240343530527384,0.0757254972560577,0.310192929899626,stable
PTTG1IP,0.0240157834652335,0.980275374647906,0.999789246558786,stable
FXR1,0.0240036883217018,0.618559526286619,0.915519027645917,stable
SERTM1,0.0240002534441585,0.00274978403405693,0.0307674811424573,stable
TANK,0.0239965631646133,0.762552367690462,0.979703974532996,stable
CDAN1,0.0239318493469281,0.459686430233705,0.799800385311265,stable
C6orf62,0.0239216896819952,0.899750355475269,0.999789246558786,stable
PYROXD1,0.0239108235337276,0.917913364876494,0.999789246558786,stable
XKR9,0.0238519541810418,0.0716629212865406,0.2995921852964,stable
FAM184B,0.0238320717283425,0.00183026044998259,0.0226448418426996,stable
MPP1,0.0238223417040162,0.641151769225834,0.926959104318935,stable
GPAM,0.023736520415014,0.420659533455552,0.766911578965051,stable
RPF1,0.0237303744476139,0.396784320392206,0.74713521175564,stable
POP1,0.0237261191393082,0.774928194086294,0.983474483787495,stable
RNF123,0.0237214492550127,0.813878928849323,0.99598118192553,stable
RCBTB2,0.023709512957582,0.255843167664365,0.605535441094927,stable
TM4SF1-AS1,0.0236996768122132,0.354713331019255,0.709200480257811,stable
PRR22,0.0236959108834663,0.143583486552113,0.446379587897516,stable
STK40,0.0236872367655642,0.743517284912684,0.975283938285115,stable
BACE1,0.0236820890978543,0.826887523078516,0.997759163651196,stable
ALOX15B,0.02367778259523,0.327238381455713,0.682505028990725,stable
ZNF681,0.0236720322623872,0.286979950897803,0.641324116960648,stable
DPP4,0.0236566334673158,0.440900241447936,0.785078594531621,stable
FNIP2,0.0236565708923735,0.797397689592789,0.990921712983901,stable
DXO,0.0236392626029897,0.76884018904027,0.981415985828635,stable
LINC02334,0.0236387116438045,0.0853190649963851,0.330672241761513,stable
GGCX,0.0236180096843543,0.800956316259948,0.992162864100309,stable
PTPN6,0.0236151231204224,0.878771203493306,0.999789246558786,stable
SMC6,0.0236073329789417,0.447808238514778,0.788194083168416,stable
GAL3ST1,0.023590199304283,0.706653596600587,0.958903772101231,stable
PUS1,0.0235753097350378,0.780241996419322,0.985297331015474,stable
DEDD2,0.0235614793343023,0.705419630829623,0.958541206805842,stable
TEX2,0.023517403124112,0.819180253537056,0.997378504529586,stable
GCOM1,0.0235056949176416,0.671407562853262,0.943542538571976,stable
MFSD6,0.0234750721063687,0.63790384377601,0.924779006916266,stable
CLPTM1L,0.0234608656184212,0.98006279739668,0.999789246558786,stable
NAT10,0.0234288485089758,0.68357766470943,0.947970696905589,stable
ZNF747,0.0233856425389911,0.422846855111767,0.768557374514043,stable
ZNF200,0.0233804928666317,0.347402414789567,0.702273378268178,stable
HEATR5B,0.0233599225733887,0.00398476903107249,0.0408639401307299,stable
STAG3,0.0233491767416161,3.61860662230991e-06,0.000127475064412439,stable
RBM11,0.0233487321458544,0.770821442363515,0.981415985828635,stable
DENND5B,0.0233312784319157,0.314416672192807,0.669004247325479,stable
PLEKHO2,0.0233265380346275,0.235514781624186,0.580547023709226,stable
ARHGAP17,0.0233194947349054,0.599511843439426,0.9025163515029,stable
NAP1L5,0.0232886130195846,5.93287177849341e-13,6.77725471779334e-11,stable
LINC00571,0.0232778649187646,0.288932500020288,0.643687056724621,stable
KLHL11,0.0232573583235726,0.601664174466025,0.90375311731048,stable
HYDIN,0.0232484167035186,0.336488599461319,0.693213367095437,stable
TCF7L1,0.0232296018784978,0.708752208087728,0.959569298224567,stable
DPAGT1,0.0232228002188078,0.884059534847497,0.999789246558786,stable
NAALADL2,0.0232143199785949,0.632739219412101,0.921993588996724,stable
KLHL2,0.0232054958463866,0.826524117196522,0.997759163651196,stable
ZNF263,0.023197376235586,0.834432373916477,0.999789246558786,stable
NPAS2,0.0231938087621006,0.837150508764688,0.999789246558786,stable
KLHDC1,0.0231289201256541,0.791030003509481,0.989083594176096,stable
TRMT61B,0.0231239865459063,0.770012930402767,0.981415985828635,stable
KLHL22,0.0231236263404264,0.866921295364185,0.999789246558786,stable
FEZ2,0.0231175034455635,0.618096643046717,0.915358852333923,stable
EMC9,0.0231147097094741,0.760838692116927,0.97948844320936,stable
POMGNT2,0.0231084770471094,0.782196046398289,0.986236665412345,stable
CLSTN3,0.0231031366947827,0.637018570217343,0.924387829035722,stable
TUSC3,0.0230746395971053,0.662645127782516,0.940311107447313,stable
STAM-DT,0.0230702750942245,0.463617015650754,0.802829456965016,stable
ZNF571,0.0230542291358277,0.700317690721308,0.956677768331857,stable
ODF2,0.0230502596356816,0.779799142855511,0.985196989586463,stable
TRAPPC3,0.0230429197496765,0.345548675473974,0.70118385253574,stable
SGSM2,0.0229847073369672,0.792588285305174,0.989660627414104,stable
TIRAP,0.0229749765327128,0.0747477087551812,0.307752102331874,stable
CDK2,0.0229357389682314,0.866280004919762,0.999789246558786,stable
TLE6,0.0229165589720997,0.00113457152035736,0.0157602298464186,stable
TP53INP2,0.0228983887431901,0.842803657572318,0.999789246558786,stable
GOLGA5,0.022895464901244,0.821011120290405,0.997378504529586,stable
LEMD3,0.0228551582288991,0.859349895345039,0.999789246558786,stable
ZNF674,0.0228279699266069,0.494648485713421,0.827724826587567,stable
TXNRD1,0.0228133892692007,0.78530183598046,0.987301207757395,stable
TSPYL4,0.0228048610682662,0.181150870222453,0.50800372507439,stable
MFSD9,0.0227864638047874,0.61756059984698,0.915033828545661,stable
PAX8,0.0227861814429247,6.02029825373016e-07,2.53765951219302e-05,stable
GPR37,0.0227817573475377,0.533101869792934,0.855236379951867,stable
PAK6,0.0227565372813217,0.667862962843978,0.942437249787197,stable
HARS2,0.0227400057304969,0.825494325340827,0.997759163651196,stable
MUC20,0.022734543127606,0.661855506581157,0.939776695234432,stable
PABPC1L,0.0226729223699706,0.769787738229415,0.981415985828635,stable
AGGF1,0.0226361260718739,0.668608593051061,0.942869096644723,stable
XKR4,0.0226186002259347,0.447168737016842,0.788018881568351,stable
FAM8A1,0.0226158876584587,0.708007131068178,0.959569298224567,stable
EPHA1-AS1,0.0225835833518172,0.0229790938182205,0.143806959365555,stable
PIM2,0.0225534104850212,0.779840156351326,0.985196989586463,stable
STOX2,0.0225258487203417,0.847733317187463,0.999789246558786,stable
THBS3-AS1,0.0225100123824662,0.0433666917800899,0.218064352250028,stable
ZNF92,0.0225085584141661,0.619478271505446,0.915854865557998,stable
IGFBP5,0.0224822225676797,0.613292063169367,0.912112797804908,stable
PHYHD1,0.0224786942215615,0.922395769895696,0.999789246558786,stable
TMSB15B,0.0224701588224536,0.454308869967945,0.795423956347819,stable
POU2AF3,0.0224701384139296,0.776945695666377,0.984184889515626,stable
REXO1,0.0224577185886245,0.889761797437328,0.999789246558786,stable
NFKBIE,0.0224433989251407,0.617486204546196,0.915033828545661,stable
MMP17,0.022426501887047,0.085009168196427,0.330301730560155,stable
EIF2D,0.0223916084152883,0.90670207899149,0.999789246558786,stable
SNX33,0.0223856634070293,0.89085736533329,0.999789246558786,stable
EIF2B1,0.022374793551172,0.8499145160997,0.999789246558786,stable
TBC1D3D,0.0223567372829904,0.327856501938212,0.682978507105096,stable
TMEM217,0.0223542281561711,0.50884685658355,0.837617017893524,stable
LINC00863,0.0223492931952563,0.00172912869744558,0.0219067439696011,stable
SERTAD3,0.0223486376934585,0.727180703920504,0.967710737287946,stable
MISFA,0.0223439129933798,0.44117908476222,0.785346313111021,stable
GTF2E1,0.0223438262194576,0.706923404825008,0.958912240679282,stable
C2orf40,0.0222931127772359,0.224142213736155,0.566449125637949,stable
RIIAD1,0.022263991175122,0.494981524865924,0.827836114374203,stable
GALNT12,0.0222543938363095,0.0305245178763456,0.174197808833076,stable
MAGEH1,0.0222369330470662,0.88235037847214,0.999789246558786,stable
MDGA1,0.0222207754902149,0.197321635505939,0.53032636775073,stable
ATF7-NPFF,0.0222010423155355,0.555775501717294,0.872885470954866,stable
IQCD,0.0221997520383947,0.32803247157206,0.68311225425841,stable
ZNF268,0.022185508240733,0.883589847266954,0.999789246558786,stable
EID2B,0.0221839866083335,0.221908290458565,0.563365927843301,stable
CNPY4,0.0221750312465444,0.467021210195612,0.805427098396044,stable
C11orf70,0.0221705448399948,0.628910171402914,0.920017492614952,stable
TXN2,0.0221590709143363,0.911618879401436,0.999789246558786,stable
RXRA,0.0221268155814353,0.446485841669531,0.787681184668545,stable
hsa-mir-8072,0.0221213675583123,0.628797739127796,0.920017492614952,stable
BTG1,0.022109902562664,0.873108897006832,0.999789246558786,stable
LINC00562,0.0220926935548714,0.00107167415658761,0.0150576378047436,stable
ABHD11,0.0220702791028649,0.940160947180322,0.999789246558786,stable
NKILA,0.0220568423415915,0.339490237203159,0.695479916133972,stable
PLEKHM3,0.0220399499795744,0.73494898544978,0.971586428348398,stable
GATM,0.0220326704510873,0.142834582447086,0.445524352088078,stable
TMEM68,0.022032525673036,0.919516266303193,0.999789246558786,stable
NLGN1,0.0220184201378593,0.511661697973795,0.839311942570004,stable
MIRLET7IHG,0.0219717551902748,0.094974872964908,0.353201352942816,stable
SMARCD3,0.0219686175047759,0.906895050824554,0.999789246558786,stable
DLG2,0.0219637402639633,0.232462076691465,0.577507625209974,stable
PRPF18,0.0219343793878305,0.877546813236275,0.999789246558786,stable
DENND4A,0.0219317660706995,0.913714256452009,0.999789246558786,stable
HSPA14,0.0219253748105446,0.894976458636097,0.999789246558786,stable
PRICKLE2,0.0219060671403672,0.821746760514848,0.997378504529586,stable
TMEM5,0.0218808066754887,0.87067100254712,0.999789246558786,stable
CENPBD1P,0.0218727884014533,0.675475194674197,0.944737846647298,stable
PHLPP1,0.0218696323826798,0.734830514069264,0.971586428348398,stable
ZNF544,0.0218055689817831,0.448663330753117,0.789239574695815,stable
C20ORF135,0.0218040264589165,0.609882900750094,0.909589048638,stable
ZNF333,0.0218001425622086,0.778703760220162,0.984677228191917,stable
HYPK,0.021788242282592,0.747577809422157,0.976542041254727,stable
SYP,0.0217876173222509,0.0936992072645371,0.351026757031385,stable
TRIB2,0.0217838420481972,0.44277323371382,0.785662023872229,stable
SPPL2A,0.0217789156724538,0.96090524012955,0.999789246558786,stable
EPDR1,0.0217731458933373,0.59237253360341,0.89840717751465,stable
GUF1,0.0217309384787756,0.856737846907119,0.999789246558786,stable
RNF111,0.0216953161267086,0.9024806702814,0.999789246558786,stable
TVP23C,0.0216887186694246,0.149267400413676,0.456732090777665,stable
KLHL18,0.021664642647037,0.739132207569764,0.972672204255872,stable
SRM,0.021662261057067,0.897212553641302,0.999789246558786,stable
PAXIP1-AS2,0.0216511495209666,0.832953216501398,0.999789246558786,stable
RHOU,0.0216284214955977,0.723779390422196,0.966431176321043,stable
KLC2,0.0215962845768958,0.926137816602788,0.999789246558786,stable
MED27,0.0215944446149801,0.897216966628912,0.999789246558786,stable
CALCOCO2,0.021550917749102,0.373295941891053,0.727729714894138,stable
CD96,0.0215450816659561,0.0789717749656619,0.317654155044505,stable
CCDC109B,0.0215423667767282,0.821325476250222,0.997378504529586,stable
CNOT1,0.0215339016391585,0.834255117144669,0.999789246558786,stable
ABHD15,0.0215003850923335,0.81886968409938,0.997378504529586,stable
IQCK,0.0214668441843496,0.884965996217806,0.999789246558786,stable
CFAP96,0.0214659686506377,0.707422498540065,0.959238227637688,stable
GORASP1,0.0214507242944575,0.887222034455159,0.999789246558786,stable
HSPA4L,0.0214441290093593,0.000540779335225935,0.0086074044190128,stable
RNF26,0.0213902181541903,0.89584215722508,0.999789246558786,stable
RRAGB,0.0213802031024004,0.423520318984489,0.769258897364992,stable
ERC1,0.0213796147484652,0.92868435194003,0.999789246558786,stable
IL34,0.021370465640291,0.793169598067406,0.989660627414104,stable
TICAM2-AS1,0.0213670716296384,0.626717006320377,0.919163671518712,stable
CEP120,0.0213579609207468,0.879696149469293,0.999789246558786,stable
KLHL12,0.0213569644900151,0.494847270345381,0.827724826587567,stable
RFC1,0.021356368235861,0.205121268768098,0.540854700047719,stable
PTCH1,0.0213400967829009,0.761831818410004,0.97948844320936,stable
TMOD1,0.02132776754525,0.855345878587247,0.999789246558786,stable
WBP2,0.0213173783312088,0.785813373054073,0.987420136343518,stable
ABO,0.0213127239278539,0.964695860127994,0.999789246558786,stable
RING1,0.021274477346301,0.939334983243351,0.999789246558786,stable
PTPLB,0.0212711824698741,0.681280688713712,0.947127699909806,stable
ACAD11,0.0212608620062807,0.554366530734032,0.871405974722311,stable
LANCL1,0.0212603436104605,0.775325272121566,0.983474483787495,stable
GPR89A,0.0212512171670285,0.776354989039434,0.983827747715745,stable
BLOC1S6,0.0212123961719812,0.75048446035438,0.976977677069028,stable
TMEM163,0.0212088629237898,0.673481108895829,0.944240759232126,stable
SLC24A3,0.0212002488542544,0.000856169850170493,0.0124741600101122,stable
EHBP1-AS1,0.0211925777803541,0.00822823129321531,0.0694626376576408,stable
SRPR,0.0211872791511434,0.043414351859856,0.218124552870892,stable
CSF3R,0.0211707596082326,0.787738970027977,0.987420136343518,stable
TUT1,0.021162261502195,0.288404928026479,0.642812924362568,stable
RBM14,0.0211611567014886,0.869084950636826,0.999789246558786,stable
FUBP1,0.0211404960189566,0.821040733814768,0.997378504529586,stable
TNFSF9,0.0211265652896654,0.692306888697889,0.95209510416722,stable
PEX11B,0.0211228138306908,0.828770370782968,0.99792050950069,stable
ZNG1C,0.0211071498107167,0.398906285770485,0.749152010640406,stable
RUVBL2,0.0211009116234313,0.950306168731348,0.999789246558786,stable
CBFA2T2,0.0211002044765055,0.920011848165058,0.999789246558786,stable
IFT74,0.0210792360603023,0.913716861048015,0.999789246558786,stable
AMBRA1,0.0210608769006545,0.878128576390159,0.999789246558786,stable
PTPN13,0.021049134338878,0.654605092098296,0.936126176387917,stable
HAUS8,0.0210315123406026,0.736171515425161,0.971586428348398,stable
CCL4,0.0210217132485338,0.391679702832785,0.742992142311045,stable
PRKCE,0.0210178196206765,0.850359931796698,0.999789246558786,stable
EBF4,0.0210088604264405,0.633429770879543,0.922623996808785,stable
PDPK1,0.021007623085115,0.580814541219565,0.889485962398893,stable
ZNF749,0.0210047199308425,0.673125988071529,0.944240759232126,stable
RAB12,0.0209938149892189,0.884263897105016,0.999789246558786,stable
QSOX2,0.0209585073134498,0.375925424857947,0.729944405297017,stable
NPHP4,0.0209185841616197,0.827410893173176,0.997759163651196,stable
CELF4,0.0208615577437727,0.860661722051488,0.999789246558786,stable
MOSPD1,0.0208490604513747,0.857251833855131,0.999789246558786,stable
NPAT,0.0208393321867461,0.867391098102358,0.999789246558786,stable
SHC1,0.0208288600927776,0.929813555471446,0.999789246558786,stable
MUT,0.0208062715294515,0.947433888922993,0.999789246558786,stable
C9orf96,0.0207955082214692,0.0304523008660241,0.173948096161812,stable
PHLDB3,0.0207701919098826,0.482875371323783,0.817860732991286,stable
STXBP1,0.0207617278543861,0.847440116332054,0.999789246558786,stable
ING1,0.0207585286436236,0.848911004002735,0.999789246558786,stable
PRDM10,0.0207508430512397,0.694740427670621,0.953678493862512,stable
PWWP2B,0.0207468354157714,0.750614755777817,0.976977677069028,stable
L2HGDH,0.0207432244347674,0.770542077476943,0.981415985828635,stable
ZFP64,0.0207373003231907,0.826837126763888,0.997759163651196,stable
CAPN10,0.0207032130639989,0.844787755527485,0.999789246558786,stable
FAM110C,0.020699471870993,0.692340754331022,0.95209510416722,stable
C2CD2L,0.0206627157649509,0.110338840910389,0.386419788429716,stable
PNISR-AS1,0.0206592420206402,0.23031683876456,0.575016052974998,stable
ERMARD,0.0206355866820554,0.522205967290724,0.846478346465011,stable
SLC25A28,0.0205983672318156,0.91869675589792,0.999789246558786,stable
SAP30-DT,0.0205716103019482,0.393758742860199,0.74486333530224,stable
CENPJ,0.0205689214062453,0.266302041974574,0.619344779508597,stable
IRX1,0.0205627681080729,0.850988807226345,0.999789246558786,stable
FP565260.6,0.0205621355667049,0.430375567404921,0.774346619952569,stable
SPINT1,0.0205489881335559,0.937893091689881,0.999789246558786,stable
FGF9,0.0205379905120568,0.261729079068963,0.614083735612093,stable
USP25,0.0205287581012306,0.894129795334197,0.999789246558786,stable
IMMP2L,0.0205076522285151,0.92910213223393,0.999789246558786,stable
ZDHHC18,0.0204809579826652,0.897011172345755,0.999789246558786,stable
TPRG1L,0.0204475387284192,0.899973236656231,0.999789246558786,stable
DEGS2,0.020440748567915,0.536636401471868,0.857720106118216,stable
WDR72,0.0204291378948696,0.250566794150603,0.600360006688649,stable
C14orf37,0.0203725408646421,0.397550857613857,0.747755298272317,stable
CCT3,0.0203481337580404,0.772563802656345,0.982576733630692,stable
SRPK1,0.0203274973918715,0.931885619601685,0.999789246558786,stable
ZKSCAN7,0.0203096623328502,0.56432005891653,0.879215922302688,stable
FBXO28,0.0202969644599213,0.501216995631405,0.832538908647345,stable
NMD3,0.0202915512267766,0.84575035444054,0.999789246558786,stable
BBS7,0.0202790014303684,0.866494855080571,0.999789246558786,stable
DSP-AS1,0.020245296759997,0.37859547959426,0.731691499712011,stable
KIAA1429,0.0202244010410322,0.940638512350962,0.999789246558786,stable
HCG27,0.0202189844163665,0.593856432201166,0.899408552845422,stable
SAMD15,0.0201577065799735,0.575756427592635,0.885846012698852,stable
PPID,0.0201365359060698,0.468712855312493,0.806794276656109,stable
U47924.27,0.0201336909714728,0.861836973536155,0.999789246558786,stable
FOXP2,0.0201313208482964,0.0362632505875971,0.195450606341617,stable
CASC15,0.0201054555882569,0.480501685482315,0.815898403019282,stable
ZNF507,0.0200786964409851,0.824090294450016,0.997433239620629,stable
RANBP6,0.0200784863768351,0.834766499254349,0.999789246558786,stable
ABLIM2,0.0200777101239589,0.493583629344745,0.827309239696992,stable
FGFR2,0.020074471447426,0.914659666539151,0.999789246558786,stable
LINC01003,0.0200723972087871,0.878250776338927,0.999789246558786,stable
STARD5,0.0200561829252197,0.533634116785999,0.855718672909885,stable
DLEU2,0.0200507110088443,0.7341283802783,0.971432366286368,stable
ZNF438,0.0200366514478981,0.787080782765075,0.987420136343518,stable
IER5L,0.0199810609714438,0.777830780002238,0.984317862764551,stable
LRIF1,0.0199763672208327,0.816549219398321,0.997053007484275,stable
SMIM8,0.0199233349864479,0.00172655426636317,0.0219067439696011,stable
MTUS1-DT,0.0199094723630662,0.239764525115477,0.586763074076394,stable
NUDT1,0.0199027103374938,0.740291304821476,0.973099283961644,stable
ZNF774,0.0199021792404241,0.605665724411801,0.907029144877777,stable
SLC30A4-AS1,0.0199020458058029,0.0283980844049634,0.166174334019278,stable
LRTM1,0.0198807668364029,0.484730770821508,0.819436999380737,stable
NFRKB,0.0198669773352048,0.911821674413882,0.999789246558786,stable
PPP2R3C,0.0198618243532852,0.91643280097174,0.999789246558786,stable
GPR107,0.0198370245487029,0.869512482540058,0.999789246558786,stable
ZMYND8,0.0198234483678658,0.952873025829369,0.999789246558786,stable
KLB,0.0198226804664236,0.851615256903421,0.999789246558786,stable
BRD3,0.0197886305756372,0.951814797214923,0.999789246558786,stable
PIGW,0.0197701263309202,0.79332062339329,0.98974804045311,stable
TRMT61A-DT,0.0197698199130335,2.35081232344542e-05,0.000615338968775092,stable
TNNI2,0.0197668216090013,0.679164088147115,0.946108468776107,stable
PRMT6,0.0197534042178233,0.606826476016605,0.907603920571023,stable
LARGE,0.0197494261254911,0.725921228001066,0.967415509984443,stable
CCDC157,0.0197293594994242,0.757373070670622,0.978529584839239,stable
ZFHX3-AS1,0.0196660247248644,0.593752258269997,0.899408552845422,stable
ZNF334,0.0196565807180429,0.721322635773675,0.965630531311702,stable
TMEM57,0.0196444336702627,0.863061077813255,0.999789246558786,stable
LMCD1-AS1,0.0196425723399386,0.0112833451539111,0.0866379467094276,stable
CPSF1,0.0196357703770124,0.601304673115512,0.903583229302158,stable
ANGEL1,0.019633120795639,0.219284050184318,0.560076938874446,stable
RIC8A,0.0196168508585899,0.944582354721036,0.999789246558786,stable
DDB2,0.019591152228899,0.801619511671591,0.992358563634558,stable
TMEM39B,0.0195862352137762,0.857156339173998,0.999789246558786,stable
NOXO1,0.0195805769734798,0.828557954755948,0.99792050950069,stable
ZNF703,0.0195737549168449,0.789263814600758,0.988185795481612,stable
PIH1D1,0.019554055146194,0.812526645899096,0.995656133881576,stable
PCSK9,0.0195313092371227,0.853492655365936,0.999789246558786,stable
KCNG3,0.0195312558969721,0.585781527497087,0.893031719225164,stable
KLHL35,0.0195303941497547,0.867217333068978,0.999789246558786,stable
WNT5B,0.0195275868006425,0.125184546078071,0.413247607685211,stable
LIMK2,0.0195019996237047,0.824615145292841,0.997433239620629,stable
TRIM27,0.0194943643168531,0.934535686860534,0.999789246558786,stable
SPATA24,0.0194854927827837,0.558240261973736,0.875024330425809,stable
SLC12A4,0.019479148831511,0.699470167532299,0.956677768331857,stable
INVS,0.0194654449979004,0.838668932847448,0.999789246558786,stable
PLEKHG2,0.0194542848781433,0.241364518484184,0.588323005772815,stable
BEND3,0.0194103450514074,0.522193675242659,0.846478346465011,stable
LRRC51,0.0193942955750771,0.708492801002745,0.959569298224567,stable
ZNF549,0.0193917890102069,0.704520980245682,0.958118510741468,stable
FAM154B,0.0193869864737434,0.773222117104009,0.982642974094327,stable
TRIM44,0.0193536032255424,0.967756156989947,0.999789246558786,stable
THAP2,0.0193410188654796,0.726974334888588,0.967710737287946,stable
NSUN4,0.0193394964493249,0.331437327657813,0.68750889076686,stable
NSMCE4A,0.0193381079704635,0.763591007833329,0.979984402411979,stable
DUS3L,0.0193155728076015,0.84795013451435,0.999789246558786,stable
C9orf172,0.0193006152862181,0.753637539101522,0.977832300827615,stable
ZNF550,0.0192668688455056,0.73167767231077,0.969857717016574,stable
PLGLB1,0.019265409009225,0.566954302686802,0.880168833635188,stable
SDE2,0.0192618376289648,0.907720250452822,0.999789246558786,stable
GRID1,0.0192316638829177,0.287419772273724,0.641782201442847,stable
MPZL3,0.0192235689973384,0.107632112663679,0.380009365977648,stable
NUBPL,0.0192071584334658,0.883475439519575,0.999789246558786,stable
TVP23B,0.0191910607822563,0.935500036737844,0.999789246558786,stable
CHMP7,0.0191876028050697,0.925003300764483,0.999789246558786,stable
MARVELD2,0.0191854350410031,0.772379897694093,0.982473659668324,stable
ANKRD49,0.0191397744180653,0.70835637271115,0.959569298224567,stable
LINC00936,0.0191355014617304,0.695831501409744,0.954747364825762,stable
BRPF1,0.0191284356738636,0.839349000561017,0.999789246558786,stable
TPPP,0.0191276016375728,0.580190058870524,0.889421028296122,stable
PLEKHA2,0.0191009282514128,0.659656852980388,0.938866506189873,stable
PRMT7,0.0190889376461065,0.90303124033457,0.999789246558786,stable
IL15RA,0.0190887124227448,0.490669353093587,0.82525346343093,stable
ZNF596,0.0190797529442741,0.687433118233206,0.949905312914264,stable
TANGO2,0.0190726082968839,0.935108402477868,0.999789246558786,stable
RHOBTB1,0.0190704874409886,0.00255739828591381,0.0290855444036389,stable
GPS2,0.019047905436437,0.483062376652249,0.817860732991286,stable
NME5,0.0190412802125756,0.823076330632725,0.997404998293666,stable
TUBGCP5,0.0190294058450839,0.519927953431993,0.845076233206479,stable
ZNF589,0.019028321318034,0.323465061330501,0.678897985672102,stable
SHMT1,0.0189979799670084,0.112235946738285,0.389996146771323,stable
SLC1A5,0.0189851593528934,0.885973855630909,0.999789246558786,stable
RFFL,0.018979568835259,0.919273513795959,0.999789246558786,stable
PIGM,0.0189749695178986,0.760336015257875,0.979311089878134,stable
CDC20-DT,0.0189644249485382,0.57197119349628,0.883342255917937,stable
KLHDC8B,0.0189546402325098,0.856211345526397,0.999789246558786,stable
AP1S3,0.018943026900146,0.357049869536182,0.711654590772915,stable
ZDHHC5,0.0189416215383722,0.534123211974757,0.856085857415567,stable
GRID2IP,0.0189239840643499,0.0471524759640066,0.229729719483466,stable
SOCS2,0.0188979234164003,0.548873384604367,0.867411538901587,stable
DDX41,0.018883176220568,0.94366357245881,0.999789246558786,stable
UTP3,0.0188812201676189,0.926203753352965,0.999789246558786,stable
SGK3,0.0188740146780925,0.783200233131909,0.986688616902449,stable
B3GNT5,0.0188444009953329,0.832936376481607,0.999789246558786,stable
FBXW4,0.0188307752269344,0.531726714863794,0.854565785234686,stable
TXLNA,0.0188281034097621,0.669871513343913,0.943267985153322,stable
CACNG4,0.0188172481170177,0.756897546966911,0.978459773067208,stable
RBMXL1,0.018799678400195,0.000125197568884474,0.00251134125240179,stable
NUP85,0.0187969438698098,0.892555256518723,0.999789246558786,stable
MDP1,0.0187743056647035,0.755710873929352,0.978212243550451,stable
PRKCSH,0.0187645402680898,0.565330422659937,0.879434854491609,stable
ZNF845,0.0187337810165193,0.283529953297058,0.638274188019152,stable
CCDC180,0.0187156596477684,0.787265322869908,0.987420136343518,stable
RFX3,0.0187078896518042,0.89470110982428,0.999789246558786,stable
HCN3,0.0186992326493476,0.360196638570787,0.715128099705912,stable
TMEM109,0.0186978440010365,0.951418633453042,0.999789246558786,stable
ITGA9,0.0186915318793885,0.812238263876418,0.995656133881576,stable
SCAP,0.0186780511903525,0.650733262767891,0.933494621221874,stable
GNPAT,0.0186492495661105,0.674731944447398,0.944240759232126,stable
SYPL2,0.0186174093183095,0.000121962309676265,0.00246572373157139,stable
RFESD,0.0185956428605317,0.358061003639841,0.71228850230392,stable
RNF166,0.0185677343325092,0.0324937470474595,0.182287087612733,stable
MAP3K11,0.0185667604650891,0.810629394241224,0.995656133881576,stable
ZNF35,0.0185610912735708,0.225906966161211,0.568792328394366,stable
FBXO32,0.018546300717338,0.360859373069552,0.715988828108596,stable
NREP,0.0185410377118069,0.859737398543536,0.999789246558786,stable
TUBGCP2,0.0185355193092288,0.739907080327598,0.973099283961644,stable
SEPN1,0.0185188730678735,0.807307062805697,0.994409667043212,stable
TTC39B,0.0185130905956671,0.87098723498889,0.999789246558786,stable
NCOA5,0.0185034822487432,0.869716245508039,0.999789246558786,stable
LINC00365,0.0184955226882102,0.233639087501335,0.578958890252648,stable
MAFK,0.0184866262267822,0.818522167759992,0.997378504529586,stable
SMN1,0.0184693592392819,0.60176773643401,0.903797617664251,stable
METTL2A,0.0184047257833911,0.929534040190548,0.999789246558786,stable
ATG4A,0.0183909420141869,0.884018951929948,0.999789246558786,stable
EED,0.01838743154045,0.561592292921281,0.877052122147954,stable
PFAS,0.0183754587036574,0.0663726139790591,0.284426116068178,stable
SLC26A6,0.0183685304151811,0.756097730731195,0.978212243550451,stable
UTP14C,0.0183652779358134,0.939202640386162,0.999789246558786,stable
SHROOM2,0.0183635744413936,0.833200703879728,0.999789246558786,stable
KCTD13,0.0183529616711684,0.82836725254574,0.99792050950069,stable
CR381653.1,0.0183283352236328,0.804024342385054,0.993168306519291,stable
VAMP5,0.018317521114661,0.496203243087289,0.828662935426929,stable
BACH1,0.0182963909423691,0.667818118158253,0.942437249787197,stable
BNIPL,0.0182898404169269,0.860686117358056,0.999789246558786,stable
CIMIP1,0.0182743860676613,0.445132241408632,0.786598284499876,stable
PLA2G4F,0.0182695193752143,0.69991567960001,0.956677768331857,stable
LIN7C,0.0182606407117072,0.944193747697939,0.999789246558786,stable
CDR2L,0.018223018939776,0.427125891661615,0.772250687719506,stable
SCLT1,0.0182021979333143,0.841558892532858,0.999789246558786,stable
ZNF780A,0.0181866031759367,0.763954307042385,0.979984402411979,stable
ARHGEF5,0.018179427328369,0.184942539697904,0.511804979788612,stable
MUM1L1,0.0181708452571349,0.496351641280739,0.828662935426929,stable
EFHD1,0.0181393947976432,0.505885160391521,0.835987118502417,stable
GYLTL1B,0.0181362601586799,0.867192649474584,0.999789246558786,stable
PPM1F,0.0181076714742342,0.65415298581195,0.935873030225119,stable
GPRASP3,0.0180086740607555,0.504986750291626,0.835312318750315,stable
LINC02925,0.0179699638068469,0.554054729893623,0.871319312777517,stable
MSL2,0.0179454091862675,0.907402944965116,0.999789246558786,stable
SRP14-DT,0.017944672723922,0.863396940389622,0.999789246558786,stable
RIC8B,0.0179434865697933,0.831875508382377,0.999704591765433,stable
LINC03011,0.0178888857816388,0.00214643696785962,0.0253018760801504,stable
SENP2,0.0178511266589885,0.769907655507686,0.981415985828635,stable
SLC12A2,0.0178386749207341,0.855183396471473,0.999789246558786,stable
TPD52L2,0.0178341398680412,0.66698440115806,0.942241687247905,stable
MAP3K10,0.0178333300932146,0.661488722686572,0.939776695234432,stable
AFG3L2,0.0178308239896097,0.12401078545081,0.410703831306068,stable
TBC1D12,0.0178206824090086,0.907909062799135,0.999789246558786,stable
METTL10,0.0177999441528675,0.940264295544447,0.999789246558786,stable
ZNF180,0.0177650362923044,0.817400949543373,0.997378504529586,stable
PSMC6,0.0177489292303963,0.838867367087413,0.999789246558786,stable
LGALS9,0.0177483298738155,0.685080051085493,0.948512690505047,stable
MTHFD1,0.0177255017576689,0.80113978618406,0.992212031034848,stable
ZNF582,0.017723764555561,0.304025106080509,0.659490086807147,stable
AFDN-DT,0.0177133216987139,0.354694270907829,0.709200480257811,stable
NASP,0.0176785038208591,0.858895389322507,0.999789246558786,stable
ZNF407-AS1,0.0176511417354249,0.74602203685045,0.976206474454763,stable
NMNAT1,0.0176377702132373,0.494832342643611,0.827724826587567,stable
PARP16,0.0176254893562664,0.638367190770637,0.924792668876542,stable
LCLAT1,0.0176061392538665,0.857657965086631,0.999789246558786,stable
USP27X-DT,0.017595959832397,0.524515473048688,0.847767553301461,stable
CCDC30,0.0175803666794069,0.774968338274848,0.983474483787495,stable
AIM1L,0.017579719199913,0.853140722020346,0.999789246558786,stable
ZNF564,0.0175781823750942,0.514879403808254,0.841744275559075,stable
LRRC8B,0.0175540936722235,0.893474291790973,0.999789246558786,stable
ZNF101,0.0175511441998546,7.89517214774042e-05,0.00169614383715253,stable
SH3PXD2A,0.0175505869258227,0.932490440563278,0.999789246558786,stable
AKAP1,0.0175425058050584,0.476123829812671,0.813095514896632,stable
FBXO16,0.0175303913571189,0.685939715946204,0.949272850416212,stable
ZNF267,0.0175072982711602,0.751371605556302,0.977128454559386,stable
SASS6,0.0175047127865851,0.831929714603184,0.999704591765433,stable
UBXN6,0.0175019028363764,0.929350898587252,0.999789246558786,stable
FAM201A,0.0174952581330005,0.849377401752018,0.999789246558786,stable
ZNF584-DT,0.0174547227820549,0.0123668684098881,0.092066138515513,stable
NPIPA1,0.0174356086666698,0.837085420128239,0.999789246558786,stable
NAAA,0.0174208698008242,0.808899502074494,0.995267993292261,stable
FA2H,0.0174063201336246,0.657115564267418,0.937409111669064,stable
OTUD7A,0.017396187390686,0.621324408025018,0.916253427753875,stable
CPEB3,0.0173917889488956,0.736759612754022,0.971622076787017,stable
SKIV2L2,0.0173868185636066,0.94492572710157,0.999789246558786,stable
STAT5A,0.017380881066427,0.789499142654212,0.988309013804924,stable
BUD13,0.0173627730397676,0.869882287709676,0.999789246558786,stable
SURF6,0.0173603220321291,0.923389249196628,0.999789246558786,stable
SFXN2,0.0173291334211998,0.781281197945735,0.985896703178348,stable
ZNF747-DT,0.0173170290803485,0.71601810311244,0.962988809819174,stable
KIF6,0.0173012992721923,0.24995699993037,0.59995032602984,stable
ZNF395,0.0172444207332088,0.934940216478168,0.999789246558786,stable
TTC38,0.017232059559752,0.904973798685599,0.999789246558786,stable
KHDC1,0.0172261189475208,0.569699453270985,0.881568860641318,stable
SCAMP1,0.0172212445072911,0.761940085608459,0.97948844320936,stable
ANAPC13,0.0172161186830198,0.953336008372531,0.999789246558786,stable
BTBD6,0.0172140796751054,0.7505749208307,0.976977677069028,stable
C1orf106,0.0172087606829661,0.795829628948345,0.990475855820148,stable
GPR63,0.0172087591746917,0.582871032004202,0.89084964931475,stable
NXNL2,0.0171832933161135,0.618151777324651,0.915358852333923,stable
MAZ,0.0171621002568313,0.82437871834743,0.997433239620629,stable
PIK3R1,0.0171505876892914,0.426081433151074,0.771446447920006,stable
EVC2,0.0171456387784797,0.772736104355271,0.982576733630692,stable
TOR1B,0.0171367693766146,0.929758680086695,0.999789246558786,stable
H2BC21,0.0171097033644839,0.811380953692977,0.995656133881576,stable
CCDC159,0.0170972285653879,0.00113605918241709,0.015762982344911,stable
MAPK4,0.0170908789719497,0.896427183822767,0.999789246558786,stable
ZNF761,0.0170902095071566,0.630352098276481,0.920710246066639,stable
ZNF566,0.0170901727604254,0.00134793125027825,0.0182067531529296,stable
ELMOD2,0.0170676844028254,0.830145447974375,0.998985819653353,stable
PSCA,0.017062451675203,0.473815855384939,0.810853285205866,stable
CHPF2,0.0170606952207343,0.0724330337643723,0.302282558741789,stable
DTD2,0.0170192574777878,0.900019713468075,0.999789246558786,stable
PIDD,0.0170156546258916,0.0572520318857429,0.260001928183156,stable
ASAH1-AS1,0.0170012678378037,0.243852317096454,0.591556007975204,stable
WARS2,0.0170005829820223,0.85533836487239,0.999789246558786,stable
KDM1B,0.0169908785887007,0.794292056864499,0.990150050025817,stable
ATAD1,0.0169901625571531,0.947973679319635,0.999789246558786,stable
ZNF786,0.0169860456646482,0.304095729800669,0.659490086807147,stable
TRMT2B,0.0169726928669682,0.885731993998708,0.999789246558786,stable
GDPGP1,0.0169703028710982,0.345738132231118,0.70118385253574,stable
C11orf48,0.0169543243209215,0.050064675790007,0.238083196062677,stable
ZNF324B,0.0169347660835892,0.470150789486054,0.807633958779866,stable
SDCCAG8,0.0169338648641823,0.733058957512609,0.971092757604328,stable
SLC9A9,0.0169316367898838,0.0202945378538009,0.131537874191337,stable
PPP1R3E,0.0169283562393296,0.836008654537037,0.999789246558786,stable
RNASEL,0.0169282525952265,0.806428785873337,0.994329783993915,stable
CA2,0.0169159736428394,0.824703404151518,0.997433239620629,stable
OSER1,0.0168910127274779,0.519329505018922,0.845076233206479,stable
CLN6,0.0168863180533111,0.943038907173396,0.999789246558786,stable
PCGF6,0.0168795617586089,0.786978842170729,0.987420136343518,stable
APP-DT,0.0168700996351447,0.631416033174756,0.921383501197113,stable
ZNF134,0.0168656982605034,0.550522098807133,0.868557322640474,stable
CTSK,0.0168505220784372,0.810534711577744,0.995656133881576,stable
TAS2R14,0.0168475558518492,0.607708529193589,0.908034355318718,stable
FOXN3,0.0168374456785421,0.717633315854342,0.96350060108884,stable
ATG2A,0.0168287728624167,0.882111154776942,0.999789246558786,stable
CORO1A,0.0168100822711546,0.298929890734988,0.65439093559178,stable
B4GAT1-DT,0.0168082495898546,0.00238941037209537,0.027685452500942,stable
FITM2,0.0167944952572096,0.113285084423704,0.391205573575186,stable
POLA1,0.0167847004822967,0.355137641454447,0.709578706953115,stable
MAN1A1,0.0167583994565439,0.619970263195945,0.915854865557998,stable
TMEM184B,0.0167547851569486,0.567397373025512,0.880521199424129,stable
KRBA1,0.0167427809969558,0.754666972540193,0.978152944717408,stable
ANGPTL7,0.0167350038295316,0.649952040297863,0.933226544513311,stable
ZNF551,0.0167321239457363,0.699145386238789,0.956677768331857,stable
AARS1,0.0167170574882546,0.742469490261227,0.974546016208873,stable
LOXL1-AS1,0.0166827004093779,0.314959028739751,0.669469727306153,stable
PIGV,0.0166714597483743,0.87892637799092,0.999789246558786,stable
CCDC54-AS1,0.0166662638487249,0.753267390411114,0.977832300827615,stable
TCP11L1,0.0166462775255427,0.85922133742397,0.999789246558786,stable
FAM222B,0.0166219833906115,0.0426995987462884,0.216665135012871,stable
EXOC3L1,0.0166025896579768,0.648940777570552,0.932704534394171,stable
PCP2,0.016593874945643,0.043881281353461,0.219478225558391,stable
GDAP1,0.0165766762452394,0.60273535955964,0.904584043616579,stable
A1BG-AS1,0.0165678241206804,0.762618975852671,0.979703974532996,stable
CKMT2-AS1,0.0165531302549358,0.491261858838377,0.825396459493049,stable
DERL2,0.0165464242157108,0.948278637288633,0.999789246558786,stable
CLTCL1,0.0165139230133861,0.375238528208675,0.729587365806083,stable
WWC2-AS2,0.0164905885773226,0.00175309831016787,0.0220926533438063,stable
PCBP3,0.0164689889365461,0.26833655869305,0.621475197700614,stable
AASS,0.0164531079383092,0.926516086122074,0.999789246558786,stable
SLC16A13,0.0164523659530439,0.662145543091089,0.939859163811596,stable
GPRIN2,0.0164467706455018,0.498911380219681,0.830997348067749,stable
C7orf63,0.0164348396972997,0.856690885837129,0.999789246558786,stable
ING4,0.0164345654239469,0.83205125299587,0.999704591765433,stable
EFCAB6,0.0164205690289401,0.775188365523396,0.983474483787495,stable
ZNF419,0.0164183183911793,0.852255148381619,0.999789246558786,stable
C20orf96,0.0164111769832438,0.736138581719834,0.971586428348398,stable
WDR77,0.0163682355100639,0.909846977620712,0.999789246558786,stable
TECTA,0.0163576566600244,0.463052195758664,0.802565341345049,stable
GBP4,0.0163395932920006,0.811602209734155,0.995656133881576,stable
RMND1,0.0163337860299846,0.912827945574746,0.999789246558786,stable
ABHD12,0.0163228473838153,0.951573941676246,0.999789246558786,stable
TP53,0.0163079012208343,0.899749597744764,0.999789246558786,stable
PDDC1,0.0162813308365503,0.966442105776089,0.999789246558786,stable
SKA2,0.0162748701546454,0.960478378910482,0.999789246558786,stable
CCDC85A,0.0162619178740656,0.97051101670203,0.999789246558786,stable
LMF2,0.0162351395170227,0.764981070957211,0.980914039205784,stable
PNPO,0.0162326786578341,0.808195171963082,0.994902092857675,stable
ZNF497,0.0162294792971199,0.703933842113668,0.958118510741468,stable
LINC00663,0.0162129663842274,0.457956616627539,0.798477329739914,stable
RENBP,0.0162081291427829,0.862590629564233,0.999789246558786,stable
LIMD2,0.0162025358840351,0.716452741120016,0.963044662020624,stable
ALG12,0.0161972460137788,0.834547595693666,0.999789246558786,stable
ARL4A,0.0161917140465785,0.952996300148181,0.999789246558786,stable
ABCB9,0.0161910538427353,0.475094966018828,0.81225624164594,stable
FERRY3,0.016174859893797,0.910086166916468,0.999789246558786,stable
BFSP1,0.0161592810826639,0.728928941535149,0.96789348048291,stable
FBXW5,0.0161417651909197,0.738048453907375,0.971965372509113,stable
C21orf58,0.016116113806803,0.672920016299045,0.944240759232126,stable
CHRFAM7A,0.0160905026170683,0.568674615903302,0.8812781464935,stable
ZNF783,0.0160718312187405,0.890670129904014,0.999789246558786,stable
SLC12A2-DT,0.0160691161338398,0.909665623648956,0.999789246558786,stable
KCNN4,0.0160335831211835,0.766950330230185,0.981415985828635,stable
FAM175A,0.0160322381271591,0.888346091988383,0.999789246558786,stable
GNE,0.0159901204671508,0.897168904387737,0.999789246558786,stable
ZC3H12B,0.0159879854127784,0.483923073264091,0.818710620981168,stable
FAM84A,0.0159805103117187,0.696853527999118,0.955506172323188,stable
COTL1,0.0159438493757143,0.902022273885965,0.999789246558786,stable
P2RX4,0.015938513617055,0.00284400448948579,0.0316046462540676,stable
IFNGR2,0.0159329032177141,0.968533030347282,0.999789246558786,stable
TGFB2,0.0159325516665564,0.964311066459679,0.999789246558786,stable
LASP1NB,0.0158464849812473,0.70457372035835,0.958118510741468,stable
BMP2,0.0158281504402105,0.403274533469561,0.753432928612884,stable
EML1,0.0158202327454926,0.821224968152391,0.997378504529586,stable
PTCH2,0.0158097737645548,0.505941811410412,0.835987118502417,stable
VPS26B,0.0157658537894232,0.799338378570547,0.991723885726217,stable
ZNF20,0.0157516919604094,0.628057060539722,0.919902924638998,stable
ZNF835,0.0157356988253952,0.697598672345816,0.955934463417059,stable
PDCD2L,0.0157132478233131,0.743829966086425,0.975297549407485,stable
PBX1,0.015705404248923,0.956131613930536,0.999789246558786,stable
RASSF8-AS1,0.0157038198347853,0.898808425542588,0.999789246558786,stable
TMEM150A,0.0156966698536248,0.944155076543267,0.999789246558786,stable
RPP14-1,0.015675963629309,0.544366192506235,0.864570760103317,stable
ORC6,0.0156698454938023,0.0233885328666592,0.145719381122345,stable
SDR42E1,0.0156338389321703,0.8076732973351,0.994560127593861,stable
LGALS4,0.0156085656133981,0.386282608759699,0.737454101121125,stable
TNS2-AS1,0.0156068594093874,0.740645089163028,0.973189378751508,stable
ELF4,0.0156021868903096,0.923534002183088,0.999789246558786,stable
ABCE1,0.015592644708066,0.0417128933283567,0.214063143596067,stable
VPS52,0.0155888663351145,0.950596341707499,0.999789246558786,stable
TRMU,0.0155694939705077,0.883509021511221,0.999789246558786,stable
CYTIP,0.0155504660995391,0.0808045344271527,0.321707515509124,stable
DAPL1,0.015548119663246,0.580535650837347,0.889485962398893,stable
TDRP,0.0155447005481735,0.95028163226482,0.999789246558786,stable
TP53I11,0.0154939571528276,0.941985829112777,0.999789246558786,stable
CCDC28B,0.0154918492201848,0.824443985307152,0.997433239620629,stable
KLHL28,0.0154581581263053,0.942820132903819,0.999789246558786,stable
STMN3,0.0154496092760184,0.679852852281907,0.946533680884604,stable
CIBAR1,0.0154467754543349,0.915132605196702,0.999789246558786,stable
TAF4,0.015428664551659,0.917262481963246,0.999789246558786,stable
TAB3,0.0153892950463901,0.422913479522281,0.768557374514043,stable
FBXO33,0.015382758655175,0.790148101742676,0.988615188915299,stable
FGF7,0.0153753682732661,0.899424270143172,0.999789246558786,stable
FIGNL1,0.0153644704996645,0.777254919423832,0.98427060344317,stable
DHX37,0.0153636877381812,0.0683014438115115,0.290079487167313,stable
ZNF138,0.0153519257211671,0.91945142913769,0.999789246558786,stable
NDUFAF5,0.0153445265466182,0.917124743201428,0.999789246558786,stable
ZNF329,0.0153379569095919,0.776801036991737,0.984118130785721,stable
CEBPA-AS1,0.0153300433807859,0.688057755181587,0.95037491517963,stable
MYD88,0.0153283477272968,0.92334256289952,0.999789246558786,stable
FAM115A,0.0152250944337689,0.786928921767086,0.987420136343518,stable
SCAMP2,0.0152217735157556,0.973181800129517,0.999789246558786,stable
UBE2R2,0.0152182993965699,0.120849167329744,0.404839742789474,stable
CHERP,0.0151800302140445,0.955120356060013,0.999789246558786,stable
ACOT2,0.0151711527354465,0.251017844077035,0.600901014123559,stable
C3orf38,0.015163372312341,0.93388364460983,0.999789246558786,stable
LITAF,0.0150828491159221,0.778614433164363,0.98466613190577,stable
MRFAP1L2,0.0150782545118754,0.890215630527916,0.999789246558786,stable
FIZ1,0.0150780642420564,0.402353466736654,0.75235481200075,stable
THBS1,0.0150754184034358,0.755124137601959,0.978212243550451,stable
AIF1L,0.0150663427890347,0.630016124917949,0.920659547040885,stable
ALKBH2,0.0150595422904446,0.895880622368975,0.999789246558786,stable
SMC4,0.0150582559021656,0.918939605102192,0.999789246558786,stable
ZNF587B,0.015002559492299,0.585970213793929,0.893129662520821,stable
ERI1,0.0149635328046232,0.896452946364273,0.999789246558786,stable
LL0XNC01-237H1.2,0.0149626572398403,0.314964038100269,0.669469727306153,stable
ALG6,0.014944249843696,0.777203097745454,0.98427060344317,stable
NACC2,0.0149314938412079,0.637408447176358,0.924387829035722,stable
DCLRE1B,0.0149193697712721,0.69943732294679,0.956677768331857,stable
TMEM106B,0.0149099202486538,0.976426081939857,0.999789246558786,stable
ANKRD16,0.0148966661054725,0.889703572326765,0.999789246558786,stable
TMEM88,0.0148861973259725,0.642391261489632,0.927763561017163,stable
LRRC23,0.0148723074442132,0.297844727211434,0.652950851046013,stable
AGFG2,0.0148713244069712,0.876346802404277,0.999789246558786,stable
ZNF487,0.0148623149312968,0.910952794942188,0.999789246558786,stable
SLC22A18,0.01482148728386,0.919415844430153,0.999789246558786,stable
DOK7,0.0148173255320975,0.948486073191873,0.999789246558786,stable
H2AC25,0.0148042652006481,0.785007756516248,0.987301207757395,stable
UBP1,0.0148038076207334,0.727358277519223,0.967710737287946,stable
POT1,0.0148012298242458,0.706486057663392,0.958819314852593,stable
FBXO44,0.0147866496735347,0.0634829199111643,0.276856415726764,stable
WDR53,0.0147834941723081,0.835344246189374,0.999789246558786,stable
HNRNPL,0.0147600308407469,0.959658169799473,0.999789246558786,stable
MIER2,0.0147546706239421,0.540920500836233,0.86197525775285,stable
MYO1G,0.0147504325655265,0.324483210647094,0.679462682436216,stable
PDCD4,0.014717802486535,0.647227597755606,0.931995541873545,stable
NFYB,0.0147160777418705,0.727745289665572,0.967834284814774,stable
WIZ,0.0146708595034036,0.763449865434245,0.979984402411979,stable
MORF4L2,0.0146375951915514,0.556406968960964,0.873445330496831,stable
SLC25A43,0.014636778119537,0.964155649244742,0.999789246558786,stable
C4orf33,0.014627779585248,0.658555676812627,0.938866506189873,stable
NPIPA5,0.0146266612425309,0.805472931078526,0.993789520688625,stable
PTCD2,0.0146096672744985,0.846855935896452,0.999789246558786,stable
ASCL5,0.0145805143326248,0.0266788828210681,0.158851760158177,stable
IRF6,0.0145720992549236,0.756477813950225,0.978264355299065,stable
ZNF124,0.0145587364927006,0.332597108526395,0.688669992242363,stable
PGBD1,0.0145568064865065,0.828226171910428,0.99792050950069,stable
RABL2B,0.0145557051625241,0.949076353657321,0.999789246558786,stable
ZNF829,0.0145411704712908,0.619171826094078,0.915760000263038,stable
LDHD,0.0145161363906841,0.72856997833672,0.967834284814774,stable
BRMS1,0.0145128484174448,0.961730930410108,0.999789246558786,stable
BASP1,0.0144980849202356,0.87540601906736,0.999789246558786,stable
ZNF121,0.0144899390862084,0.944279431524069,0.999789246558786,stable
DDI2,0.014427449171563,0.933497108091997,0.999789246558786,stable
TMEM19,0.0144195030948387,0.767190700075829,0.981415985828635,stable
PLBD1,0.0144193950461158,0.183653147850774,0.510918543315399,stable
PPP1R26,0.0144112436835379,0.832004751679497,0.999704591765433,stable
POMZP3,0.0144094360044765,0.805156188657584,0.993703639306046,stable
EARS2,0.0143901306289832,0.897268895737917,0.999789246558786,stable
CNTLN,0.0143856357268249,0.574691936526386,0.885210966746288,stable
SFR1,0.0143846596325701,0.91976521092504,0.999789246558786,stable
DENND6B,0.0143818167601874,0.967399316091901,0.999789246558786,stable
COLGALT1,0.0143780822273076,0.930776564591054,0.999789246558786,stable
RAB28,0.0143750639180221,0.957977659629083,0.999789246558786,stable
C2ORF15,0.0143666830291228,0.74199566422779,0.97402867262892,stable
KLHL15,0.0143216296195165,0.408550906388087,0.757983083646897,stable
BRMS1L,0.0143039299914353,0.90825602878334,0.999789246558786,stable
RASEF,0.0142958384475304,0.86471948662054,0.999789246558786,stable
AFF3,0.0142739194268281,0.811567364942339,0.995656133881576,stable
DNAJC27,0.0142375114690811,0.934138561875791,0.999789246558786,stable
SNORD3D,0.0141971481911509,0.686657403492928,0.949621009197596,stable
PPHLN1,0.0141768050727666,0.797563971074426,0.990921712983901,stable
CTA-217C2.1,0.014150876559439,0.750032271386707,0.976852166586097,stable
MTHFD2L,0.0141499052608674,0.938145654535063,0.999789246558786,stable
PITPNM3,0.0141489808543208,0.455382848024641,0.796604677294489,stable
ARMCX1,0.0141449896074846,0.922712797470971,0.999789246558786,stable
CITF22-92A6.1,0.0141137367982909,0.419665401989058,0.766127519999141,stable
MROH6,0.0140961743941702,0.347224140582457,0.702153158812171,stable
DNAJC13,0.0140879174863049,0.949846562671309,0.999789246558786,stable
SLFN5,0.0140419407423603,0.938197043683785,0.999789246558786,stable
MCM3AP-AS1,0.0140388975515889,0.799032919106999,0.991723885726217,stable
USPL1,0.0140092156617686,0.0123392247367932,0.0920122947135166,stable
SIRT4,0.0139797283857992,0.104227170755884,0.372972170761101,stable
EP400,0.0139738278710524,0.266251360529356,0.619344779508597,stable
ZNF771,0.0139731669435507,0.0428975334961496,0.216864950147615,stable
LATS2-AS1,0.0139725063193848,0.381913493668473,0.735009080896161,stable
WDR25,0.0139681361316646,0.666846950690438,0.942156394502995,stable
LRWD1,0.0139657414354518,0.933170283928242,0.999789246558786,stable
RIPK3,0.0139603861891695,0.877312965159806,0.999789246558786,stable
SUV39H2,0.0139452044715131,0.480076794668388,0.815630123422706,stable
DRAM1,0.0139356909691321,0.967194647339947,0.999789246558786,stable
ANKEF1,0.0139356489091802,0.92025534676503,0.999789246558786,stable
APBB1IP,0.0139231415209169,0.736425285703838,0.971586428348398,stable
MYO15A,0.0138881865111614,0.184241240548195,0.511390763955753,stable
ZNF70,0.013879690861446,0.563981669280676,0.879155227324167,stable
MILIP,0.0138574303519018,0.698884943810897,0.956574801606137,stable
NPIPB4,0.0138545003848092,0.813023457110655,0.995657191051697,stable
ZNF792,0.0138537428664429,0.733403823478661,0.971092757604328,stable
NUDT17,0.0138423884382706,0.450247788060385,0.791462318270081,stable
BCKDHB,0.0138391728882706,0.848198669582034,0.999789246558786,stable
EXOC3,0.0138167766123511,0.96082837747677,0.999789246558786,stable
MED4,0.0138007303221248,0.84150887915506,0.999789246558786,stable
TTI2,0.0137969857754152,0.232631035322754,0.577514576723263,stable
SCMH1,0.0137898799553961,0.88386188851683,0.999789246558786,stable
MFSD6L,0.0137746685367327,0.847059785540031,0.999789246558786,stable
FGD3,0.0137549777589832,0.94774815992258,0.999789246558786,stable
MS4A8,0.0137535135573674,0.46677667079568,0.805346227777895,stable
DICER1-AS1,0.0137422989019686,0.885788800973129,0.999789246558786,stable
ZNF613,0.0137109520919069,0.704638960616918,0.958118510741468,stable
TBL3,0.0136988295438394,0.620748737201849,0.916253427753875,stable
TRDMT1,0.0136898224466006,0.869643875818815,0.999789246558786,stable
COQ10A,0.0136746563943783,0.894761119012176,0.999789246558786,stable
ZNF865,0.0136638821451578,0.940373747603592,0.999789246558786,stable
ATG4C,0.0136518340316395,0.79393913159183,0.990095908592697,stable
KCMF1,0.0136182436867033,0.954105908487867,0.999789246558786,stable
PSMG3-AS1,0.0136083778253866,0.818759191298127,0.997378504529586,stable
AFG2B,0.0136014218913827,0.803597718073178,0.993060798097255,stable
ALYREF,0.0136007553206615,0.956216406508718,0.999789246558786,stable
TRPV1,0.0135760544268736,0.729639868488839,0.968449662883948,stable
CADPS2,0.0135659301186992,0.873383757588812,0.999789246558786,stable
MX2,0.0135273587751784,0.812717351429186,0.995656133881576,stable
C1orf172,0.013515222792611,0.968632319207586,0.999789246558786,stable
FIP1L1,0.0135018232883325,0.811182748238232,0.995656133881576,stable
MAD1L1,0.0134843449372035,0.848927946915974,0.999789246558786,stable
IQSEC2,0.0134716473844045,0.924651018911623,0.999789246558786,stable
HP,0.0134463270709273,0.642940603680004,0.928227936622697,stable
TGIF1,0.0134445031712355,0.948198114362341,0.999789246558786,stable
VAMP1,0.0134397698476324,0.821878794183547,0.997378504529586,stable
MLF1,0.0134391490396767,0.660897430916811,0.939615049491405,stable
CLCN2,0.0134212652148846,0.738236452394217,0.972016630123536,stable
CAHM,0.0134077534995621,0.415125892966351,0.762292797776162,stable
KCTD14,0.0134024967407124,0.865217055201987,0.999789246558786,stable
SEPT11,0.0134013381365448,0.791800121104877,0.989660627414104,stable
GPR75-ASB3,0.0133902156598023,0.915545394803428,0.999789246558786,stable
GMEB2,0.0133862536981021,0.92362199244304,0.999789246558786,stable
PRMT8,0.0133582311105637,0.26606817723174,0.619344779508597,stable
CACNA1S,0.0133579791063395,0.127094839529297,0.417610663619729,stable
ZNF189,0.0133545409297168,0.925507565108405,0.999789246558786,stable
SPIN3,0.0133424242592077,0.674634439219338,0.944240759232126,stable
ZEB2,0.0133255859391727,0.0348899971728078,0.190692749646042,stable
DZIP3,0.0133101248612738,0.926858094354831,0.999789246558786,stable
FHL2,0.0133077748976091,0.818223164689956,0.997378504529586,stable
DUSP6,0.0133037407205326,0.945665010945771,0.999789246558786,stable
COPG2,0.0133022244787518,0.903295571636191,0.999789246558786,stable
ZNF131,0.0133021156884929,0.958597110223314,0.999789246558786,stable
TAGAP-AS1,0.0132997088637001,0.592596985949036,0.898413190653729,stable
EFCAB15P,0.0132966536968888,0.460814236858247,0.800482198572576,stable
IQCH,0.0132947663906042,0.843781267022418,0.999789246558786,stable
ZNF223,0.0132557259207849,0.82233804136165,0.997404998293666,stable
ARHGAP18,0.0132539814125072,0.801408609415641,0.99234388588906,stable
NAT6,0.0132340282648988,0.891206527793063,0.999789246558786,stable
TMTC4,0.0132110984670362,0.827169419452274,0.997759163651196,stable
SLX4,0.0131853854674127,0.573667180949149,0.884639255376708,stable
BRAP,0.0131731083087842,0.67985648872438,0.946533680884604,stable
MACROH2A1,0.0131605597483226,0.949568780000881,0.999789246558786,stable
ZC3H3,0.013146037947188,0.871291415589996,0.999789246558786,stable
GABRB3,0.0131308550351067,0.842191950734594,0.999789246558786,stable
BOLA3-DT,0.0131111007985964,0.683272872750095,0.947970696905589,stable
MTMR8,0.0131106863637556,0.637102953300016,0.924387829035722,stable
ITGB8,0.0131070857756565,0.667814516289126,0.942437249787197,stable
ZNF565,0.013093332620011,0.629742281062772,0.92036939786123,stable
TMEM125,0.0130889102529705,0.973425756201579,0.999789246558786,stable
SPTY2D1,0.0130748892831951,0.20632120917873,0.542264128359663,stable
KRCC1,0.0130609551200848,0.749582294919266,0.976542041254727,stable
COLEC12,0.0130487778770399,0.745920858447057,0.976206474454763,stable
ZNF296,0.0130370593398253,0.830779379227607,0.999158513545678,stable
NAP1L2,0.0130121184767912,7.30533517586169e-14,9.50004438188652e-12,stable
AREL1,0.013006185321165,0.955230440273577,0.999789246558786,stable
TBC1D31,0.0130029111762646,0.532329885600995,0.854748525100034,stable
CLCC1,0.0129911566391389,0.954110996265489,0.999789246558786,stable
FBXL19,0.0129898267090658,0.850319917576303,0.999789246558786,stable
SCNN1G,0.0129500908946277,0.883560613703341,0.999789246558786,stable
B9D2,0.0129334917402315,0.945795213203593,0.999789246558786,stable
SSBP3,0.0128899078876833,0.919550211763368,0.999789246558786,stable
TCEB3,0.0128884569331627,0.828406438877097,0.99792050950069,stable
ADCK4,0.0128759011124599,0.850849450194184,0.999789246558786,stable
LINC03040,0.0128752965815497,0.0815533764151921,0.323269932012774,stable
PPFIA3,0.0128685693780665,0.0303441923309316,0.173573891929484,stable
ZNF10,0.0128617999687874,0.280021991266746,0.6342391738456,stable
HEATR6,0.0128611377921453,0.189634607541275,0.519461040263719,stable
LCOR,0.012850198349979,0.925663395210466,0.999789246558786,stable
CLDN5,0.0128454111385475,0.830428204411536,0.998995363715692,stable
KMO,0.0128417190942498,0.784446460382838,0.987301207757395,stable
GPR155,0.0128199730225069,0.703162010219969,0.958118510741468,stable
ARAP3,0.012803647260667,0.786537907483988,0.987420136343518,stable
ANKS1B,0.0127802605875474,0.743199926567948,0.975106826008956,stable
TRIM8-DT,0.0127760846810673,0.74434461756551,0.975320631154985,stable
TRIM14,0.0127513340801705,0.905796910689149,0.999789246558786,stable
SPOCK2,0.012749029490132,0.585832898925605,0.893031719225164,stable
FBXO15,0.0127477520258859,0.383340391766879,0.735620323696956,stable
MIR210HG,0.0127275116267442,0.937224747725734,0.999789246558786,stable
ANKRD46,0.0127158821709839,0.075242239621594,0.309163407440123,stable
PDSS1,0.0127055014547289,0.781034097386322,0.98568664117803,stable
THAP6,0.0126773436195037,0.911457310790133,0.999789246558786,stable
ZNF696,0.0126744617889054,0.795114881252793,0.990475855820148,stable
USP21,0.0126641942032592,0.069163341315738,0.292544181399163,stable
MTCP1,0.012647266593096,0.72445114463484,0.966510434379362,stable
ZNF432,0.0126381865171888,0.705894802517056,0.95865549005316,stable
HCCS,0.0126268188665888,0.0646297820407465,0.280721655005813,stable
PDE6B,0.0126264515298228,0.78564278261884,0.987420136343518,stable
KIF5B,0.0126157377742063,0.967580239147444,0.999789246558786,stable
KLHDC7A,0.0126089407102426,0.848838604316617,0.999789246558786,stable
DOHH,0.0125991638023125,0.958455812133496,0.999789246558786,stable
ZNF775,0.0125971561865126,0.551056155220019,0.868840910607446,stable
ASTN2,0.0125865695105434,0.777911406802911,0.984317862764551,stable
XXbac-B135H6.15,0.0125611504373529,0.724052784090606,0.966448639565525,stable
ALG8,0.0125575017128191,0.946846538867041,0.999789246558786,stable
CDYL2,0.0125487642871789,0.816239286176828,0.997022133309888,stable
KDM6A,0.0125434611377815,0.969380402434547,0.999789246558786,stable
BOP1,0.0125429502725685,0.955798634069219,0.999789246558786,stable
DHPS,0.0125237958533138,0.876299979901961,0.999789246558786,stable
CDC73,0.0125183202238098,0.962641138936333,0.999789246558786,stable
ZNF880,0.0125098408001931,0.928662347675889,0.999789246558786,stable
PRRT3,0.0125083164375192,0.874822578414443,0.999789246558786,stable
H2AC19,0.012465488052011,0.734078574160606,0.971432366286368,stable
ADAL,0.0124524510795814,0.830042796443617,0.998960632443317,stable
MICA,0.0124340587956515,0.670413950701504,0.9433983995374,stable
ACSL4,0.0123991267997041,0.698691001653105,0.956416439440936,stable
SH3BP5L,0.0123794406386707,0.896136106015347,0.999789246558786,stable
GDPD3,0.0123616471889778,0.944545646271331,0.999789246558786,stable
NEK3,0.0123307504075203,0.867829313119563,0.999789246558786,stable
CNOT8,0.0123102470398531,0.956113018531279,0.999789246558786,stable
MARVELD1,0.012283320154211,0.247549179280206,0.595912006207413,stable
CCDC102B,0.0122827844894416,0.806360678746266,0.994329783993915,stable
LRCH1,0.0122824792165,0.00689322624267703,0.0609865851215726,stable
DUSP16,0.0122796324708719,0.976723174942075,0.999789246558786,stable
FBXO27,0.0122330811490647,0.895743917695716,0.999789246558786,stable
AJUBA-DT,0.0122072221849993,0.755505789641809,0.978212243550451,stable
ZNF665,0.0122015991961306,0.631949095271305,0.92148317699242,stable
C14orf64,0.0121804128134099,0.724075954451813,0.966448639565525,stable
LANCL2,0.0121484056559927,0.81141023962232,0.995656133881576,stable
MSANTD4,0.0121356785295074,0.0318203440648652,0.179443350645222,stable
HSF2,0.0121326663549777,0.863867678290814,0.999789246558786,stable
DUSP28,0.0120990129399974,0.895106470932264,0.999789246558786,stable
SEMA4F,0.0120808321111351,0.488452185712636,0.823640610624647,stable
SLFN12,0.0120444129963651,0.521590028331537,0.846174692197109,stable
OSGIN2,0.0120209993323517,0.513804994005878,0.841221993220932,stable
FXYD5,0.0119968183072246,0.813865601461011,0.99598118192553,stable
HBEGF,0.0119927258990027,0.823020314173762,0.997404998293666,stable
TFAP4,0.0119650956562282,0.198800611687599,0.532712167011773,stable
STK16,0.0119554208034798,0.977939412131856,0.999789246558786,stable
SPEG,0.0119447724700313,0.257047468181892,0.607178406001053,stable
ZNF773,0.0119213779283491,0.766933988791932,0.981415985828635,stable
SLC35E4,0.0119102602570546,0.255335239066372,0.605004450929895,stable
KPTN,0.0118956901430615,0.844855458478008,0.999789246558786,stable
USP31,0.0118909290966992,0.958580799937619,0.999789246558786,stable
EMSY-DT,0.0118833928752983,0.684780607077872,0.94834923546048,stable
PTPN14,0.0118812531340829,0.832762409409663,0.999789246558786,stable
CPNE8,0.0118804062177746,0.809215981097469,0.995557181253569,stable
VCF1,0.0118799876139675,0.969635071373971,0.999789246558786,stable
ACER3,0.0118691861637527,0.958968204555375,0.999789246558786,stable
PLEKHG4,0.0118627367905805,0.469026036848977,0.806987690167996,stable
MAP3K14-AS1,0.011854175098702,0.0862193167321448,0.332999977167058,stable
RABEP2,0.0118268422541246,0.809536238865005,0.995656133881576,stable
MKS1,0.0118116324009377,0.747669452000971,0.976542041254727,stable
TFAP2C,0.0117984334201198,0.761408401275442,0.97948844320936,stable
ITGAE,0.0117896707719274,0.969874984045823,0.999789246558786,stable
UBE2I,0.0117679811374133,0.990776784289105,0.999789246558786,stable
PRR24,0.0117414196882661,0.962422535064353,0.999789246558786,stable
PAFAH1B2,0.011741235298278,0.966261979925866,0.999789246558786,stable
DNAJC2,0.0117412333176258,0.947065226400839,0.999789246558786,stable
CAMK1D,0.0117006891114808,0.825144247733513,0.997630550875775,stable
ZNF3,0.0116752102544812,0.888513711338829,0.999789246558786,stable
TMEM170B,0.0116667934083854,0.329326844915238,0.684413562689577,stable
NUP205,0.0116667609469711,0.951985326370189,0.999789246558786,stable
BRICD5,0.0116559245410568,0.877284422345736,0.999789246558786,stable
SHROOM1,0.0116491312692973,0.0636835334902263,0.277528525270776,stable
ZNF442,0.0116409937024821,0.576539015339128,0.886157792468942,stable
FBXO5,0.0116225562564437,0.791106969142039,0.989083594176096,stable
SLX4IP,0.0116178915161519,0.780186800665635,0.985297331015474,stable
ZNF343,0.0116096901807165,0.648731004187547,0.932622344488837,stable
MIR3677HG,0.0115885254034385,0.821176758484981,0.997378504529586,stable
RPH3AL-AS2,0.0115761182146921,0.745541375723634,0.975958211270689,stable
KHSRP,0.0115729354410665,0.721009384327301,0.965626505761399,stable
SLC5A1,0.0115626289593525,0.875778275970006,0.999789246558786,stable
ZNF461,0.0115541027440567,0.821996568378432,0.997378504529586,stable
ZMPSTE24-DT,0.0115297265943798,0.950861696890427,0.999789246558786,stable
MMD,0.0115154080254126,0.0868786993012095,0.334174078117679,stable
RFT1,0.0114979324480957,0.846367523769579,0.999789246558786,stable
EIF4A1,0.0114913648666075,0.990671162450033,0.999789246558786,stable
SLC16A11,0.011473646199735,0.761300403647588,0.97948844320936,stable
KIAA0101,0.0114663033787555,0.775722267935946,0.983659155566138,stable
GZMA,0.0114642098532274,0.82312707089373,0.997404998293666,stable
ARMCX5,0.0114615087326786,0.91839336398287,0.999789246558786,stable
PATL2,0.0114320345843326,0.691831492877137,0.95209510416722,stable
TTC18,0.0114074844653017,0.753097965517532,0.977832300827615,stable
MFI2-AS1,0.011375410276446,0.810012731493093,0.995656133881576,stable
CCM2,0.0113708137545296,0.980695685987287,0.999789246558786,stable
HIF3A,0.0113620089546159,0.548471518052592,0.867319493291049,stable
PAK1IP1,0.0113409854029067,0.799415042805555,0.991723885726217,stable
LRRN1,0.0113285860816463,0.743590175459528,0.975283938285115,stable
LINC00960,0.0113028585551913,0.795826527856298,0.990475855820148,stable
CHUK,0.0113000678221984,0.908264628486629,0.999789246558786,stable
TMOD3,0.0112966048136893,0.939164496187033,0.999789246558786,stable
SCAF8,0.0112930181318404,0.975191433560032,0.999789246558786,stable
CARD6,0.0112829487725876,0.916839566946731,0.999789246558786,stable
ABHD2,0.0112647346480201,0.181262728811712,0.508140825332539,stable
ZNF532,0.0112478836830047,0.961361070035488,0.999789246558786,stable
ZFYVE28,0.011210783327778,0.758238947740774,0.978529584839239,stable
FBXO7,0.0111967812326977,0.751819405499086,0.977373222675829,stable
TBC1D32,0.0111958016124422,0.905646490604348,0.999789246558786,stable
ENTPD3-AS1,0.0111524013104526,0.874073932715113,0.999789246558786,stable
GCLC,0.0111460601452477,0.894583551153432,0.999789246558786,stable
SDHA,0.0111450304543697,0.836995357687058,0.999789246558786,stable
TMEM248,0.0111166376450948,0.583965019590085,0.891852623621839,stable
SUGT1-DT,0.0111148945030534,0.716445400758863,0.963044662020624,stable
MTRR,0.0111125451412353,0.921990650630808,0.999789246558786,stable
OLFM1,0.0111105673768661,0.838452499709832,0.999789246558786,stable
DOLK,0.0111073561817061,0.964047191011874,0.999789246558786,stable
TMEM194B,0.0110982769823463,0.845021537300387,0.999789246558786,stable
MRNIP-DT,0.0110753164292104,0.806940861019269,0.994409667043212,stable
HNRNPA1L2,0.0110667745062313,0.766975857751228,0.981415985828635,stable
ZNF543,0.0110594915400862,0.0220001949040915,0.139849392879675,stable
MCCC2,0.0110394756247839,0.860486775685473,0.999789246558786,stable
PLEKHM2,0.0110285800177371,0.818701800612259,0.997378504529586,stable
C5AR1,0.0110158168985708,0.501038786639377,0.832499405719688,stable
NEXN-AS1,0.0110054578206657,0.797261316565854,0.990921712983901,stable
CRAT,0.0110038617882946,0.868964240566529,0.999789246558786,stable
PRKD1,0.0109932557805833,0.464606156503262,0.803646132953781,stable
PRR5L,0.0109888929652361,0.959911714894838,0.999789246558786,stable
DDX27,0.0109762247221029,0.853643768568652,0.999789246558786,stable
SLC30A4,0.0109714092917021,0.807184483420958,0.994409667043212,stable
UROD,0.0109291688655305,0.815943433654817,0.997022133309888,stable
GRB2,0.0109283963604675,0.721139101038597,0.965626505761399,stable
PHLDA1,0.0109251210684596,0.771151411584445,0.981728270694465,stable
AKIRIN2,0.0109191762939226,0.957773949369645,0.999789246558786,stable
LIPH,0.0109143840111281,0.992844224882754,0.999789246558786,stable
SLC35E2B,0.0109029276349045,0.851442143060426,0.999789246558786,stable
TFPI,0.0108998438035831,0.963646032035492,0.999789246558786,stable
MROH8,0.010897598651114,0.00597194495961627,0.0545598319778395,stable
FLT3LG,0.0108806774886644,0.621184243613726,0.916253427753875,stable
ZKSCAN8,0.0108775888702666,0.941059210063659,0.999789246558786,stable
PIP5KL1,0.0108752291060096,0.80066228741512,0.992162864100309,stable
RRAGC-DT,0.0108619746868208,0.831180731749354,0.999310263509009,stable
PECR,0.0108537767116696,0.899997569235444,0.999789246558786,stable
ZNF653,0.0108341017582876,0.883608476639203,0.999789246558786,stable
SLC25A26,0.0108246329907621,0.944410263246513,0.999789246558786,stable
CACNA1F,0.0108093986272792,0.72752467896566,0.967710737287946,stable
CDK11A,0.0107996305320435,0.00310182722426962,0.0340060412461631,stable
HPSE,0.0107893847211522,0.887862640867688,0.999789246558786,stable
ZNF670-1,0.0107763138980684,0.807253228957181,0.994409667043212,stable
PLEKHF2,0.0107280972941653,0.357682777401217,0.71198734260747,stable
CIDEB,0.0107238004118298,3.46643777180879e-16,6.14112106124502e-14,stable
B3GNT4,0.0107071500936364,0.748975006542097,0.976542041254727,stable
ARMC9,0.0106824181853671,0.969505495128978,0.999789246558786,stable
GPATCH3,0.0106773835727651,0.92808194241864,0.999789246558786,stable
KHDRBS1,0.0106682609513537,0.981097449676494,0.999789246558786,stable
TRIM23,0.0106383460671347,0.947157051601053,0.999789246558786,stable
C1orf204,0.0106356312714715,0.00182191573554694,0.0225979569066768,stable
ZNF41,0.0106335193494488,0.917565724109648,0.999789246558786,stable
TAB1,0.0106288563603482,0.903247488117081,0.999789246558786,stable
F8A3,0.0106231681734576,0.828331387837086,0.99792050950069,stable
KIAA1456,0.0106071607845323,0.194730782694549,0.526634753906675,stable
IPO13,0.0106017328065119,0.0194117595382212,0.127849864544836,stable
ELAPOR2,0.0105776270815494,0.922743844220058,0.999789246558786,stable
LINC01004,0.010574659470691,0.767565248878241,0.981415985828635,stable
AK3,0.0105502373493918,0.955006292130494,0.999789246558786,stable
DCP1B,0.0105491624146386,0.929543289000745,0.999789246558786,stable
PNRC1,0.0105156821911373,0.993492486828312,0.999789246558786,stable
ETS1,0.0105056429714395,0.912981109168943,0.999789246558786,stable
TMEM106A,0.0104970183169277,0.568879600419929,0.8812781464935,stable
CTSC,0.0104614863875626,0.80666304946069,0.994409667043212,stable
LYPLAL1,0.0104368120822461,0.978147436392464,0.999789246558786,stable
ARHGEF6,0.0104353719826308,0.949205029454295,0.999789246558786,stable
SRF,0.0103983177392928,0.830571551098788,0.999006852369535,stable
SPAG8,0.0103830302763882,0.843663997696559,0.999789246558786,stable
DNAJA4,0.0103709053981937,0.691901138246743,0.95209510416722,stable
TARS2,0.010359070298697,0.855769016090008,0.999789246558786,stable
LSM11,0.010355398377049,0.795929673733746,0.990475855820148,stable
SMAD1,0.0103550814687614,0.952574026778227,0.999789246558786,stable
GTF3C3,0.0103543625820248,0.945320816853837,0.999789246558786,stable
RAB35-AS1,0.0103408594901795,0.34434993339996,0.700738069898636,stable
PSORS1C1,0.0103205775012312,0.758278124574384,0.978529584839239,stable
ADPRM,0.0102881889956404,0.803765932200822,0.993150182474765,stable
DHX9,0.0102866160231017,0.760600416173348,0.979311089878134,stable
LAT,0.0102504371390156,0.00294005788380664,0.032495982570369,stable
FOSL2-AS1,0.0102208468638174,0.549328416139326,0.867652812681024,stable
ATAD5,0.0102205463583394,8.60069413104673e-18,1.69572395254702e-15,stable
MAP3K14,0.010199002270937,0.878255087002932,0.999789246558786,stable
LIPT1,0.0101978068365158,0.275648491979641,0.629471156154178,stable
TP53INP1,0.0101770914601756,0.00173673280059224,0.0219770411536642,stable
ARMC2,0.0101663188174676,0.701692783685712,0.95720260995136,stable
UBE4B,0.0101495607533347,0.837247482149772,0.999789246558786,stable
H4C2,0.0101296722993254,0.436709860969296,0.780915936291498,stable
SUV39H2-DT,0.0101189274896457,0.220649517679157,0.561803729245993,stable
GYPE,0.0101071133591706,0.677758402848888,0.945451514929936,stable
CARS1,0.0101036777735671,0.577369892478294,0.886877301539918,stable
HMCN1,0.0100899330622547,0.626791700126575,0.919163671518712,stable
MLF1-DT,0.0100898443309037,0.529860810177049,0.853474574200059,stable
ZNF81,0.0100777475362898,0.787986165083593,0.987426230854109,stable
ZNF415,0.0100644745122895,0.704521232115248,0.958118510741468,stable
LINC00869-1,0.0100447239709689,0.185747746978836,0.513028488858718,stable
ASB8,0.0100392678099114,0.956025455957399,0.999789246558786,stable
ZRSR2,0.0100222638346172,0.816360809252181,0.997022133309888,stable
UNG,0.0100115978945791,0.922412935902296,0.999789246558786,stable
KL,0.00998702752543165,0.945523866494611,0.999789246558786,stable
ZNF227,0.00998127423494516,0.84663076630509,0.999789246558786,stable
RASA4B,0.00997890143162261,0.759927349085354,0.979063228838466,stable
ASAP3,0.00996687854043673,0.951116410635292,0.999789246558786,stable
PATJ-DT,0.00996206043359073,0.846602591519183,0.999789246558786,stable
SLC35E2,0.00995423579907415,0.421970325334842,0.767888792301957,stable
COLGALT2,0.00991726250699751,0.427381822643623,0.77255469756317,stable
LIPT2-AS1,0.0098866311370745,0.880363803726692,0.999789246558786,stable
PDE7A,0.00987345922669233,0.895565108450466,0.999789246558786,stable
FAM13A-AS1,0.00987290058750154,0.811637328787742,0.995656133881576,stable
DPH1,0.00985986677461845,0.92430299265379,0.999789246558786,stable
LENG1,0.00985111163320429,0.951916736311534,0.999789246558786,stable
TBC1D1,0.0098368216235388,0.00203714320741053,0.0243421686875722,stable
BRCC3,0.00983101786310715,0.956785567375859,0.999789246558786,stable
RASGRF1,0.00979343036970432,0.314120357996588,0.668900171034524,stable
BDNF-AS,0.00976614117702946,0.567194670306496,0.880430177755759,stable
ELOVL6,0.00976137328706057,0.273514461418237,0.627287200070643,stable
NCF1,0.00975181361154066,0.833570309365867,0.999789246558786,stable
POLR3F,0.00974097635326066,0.905656942531811,0.999789246558786,stable
ERCC8,0.00973482226232032,0.885208278197281,0.999789246558786,stable
SGSM1,0.00973262035206117,0.710104649685094,0.960339991706449,stable
DLGAP1-AS2,0.00973069692418288,0.854039436224893,0.999789246558786,stable
ZNF674-AS1,0.00973034565001326,0.873405117239647,0.999789246558786,stable
ZDHHC9,0.0097239832776988,0.764089605643698,0.979984402411979,stable
PCAT6,0.00969437346475268,0.822706788515976,0.997404998293666,stable
THNSL1,0.00969282837451268,0.189043973949486,0.51926135795864,stable
LRRC20,0.00968187913084377,0.952073935666322,0.999789246558786,stable
GAS2L1,0.009679633182198,0.979080235734269,0.999789246558786,stable
SYS1,0.00967634155821906,0.945083916453301,0.999789246558786,stable
CENPU,0.00966013414550014,0.765787148207065,0.981415985828635,stable
LEPR,0.00965905093026701,0.921372458052367,0.999789246558786,stable
AMER1,0.00965479316663879,0.882791770930377,0.999789246558786,stable
CYR61,0.00964951355898602,0.957222637461047,0.999789246558786,stable
TMX1,0.00962748488297654,0.989287567111183,0.999789246558786,stable
SKIDA1,0.00960622934542715,0.797439603722169,0.990921712983901,stable
CNFN,0.00957502725728304,0.843731486245434,0.999789246558786,stable
TOP1MT,0.00956625783203613,0.952558743377012,0.999789246558786,stable
TPTEP1,0.00955758312403912,0.895966247983174,0.999789246558786,stable
ZNF75D,0.00952300113017828,0.730406382077038,0.96901319888319,stable
ZNF471,0.00950556308457717,0.792599548781976,0.989660627414104,stable
EDA,0.0094978522885856,0.906461203571414,0.999789246558786,stable
LMOD3,0.00949545937720671,0.903662830922292,0.999789246558786,stable
IDH2,0.00948424322007987,0.380704222800589,0.73402483456297,stable
JMJD6,0.0094826467305978,0.983700484963775,0.999789246558786,stable
LL0XNC01-250H12.3,0.00947347979938895,0.830263120583038,0.998995363715692,stable
HNRNPD-DT,0.00946161960272766,0.921713393696048,0.999789246558786,stable
PEDS1,0.00945447384287984,0.361168508703167,0.71601100395516,stable
RCC1L,0.00945125108106806,0.977446841508244,0.999789246558786,stable
ASB1,0.00945002973795245,0.878368407518942,0.999789246558786,stable
PRKCH-AS1,0.00939789649053266,0.877135968876305,0.999789246558786,stable
HCG11,0.00937748606102031,0.918351721832088,0.999789246558786,stable
ZNF284,0.00935306632063699,0.755389922995686,0.978212243550451,stable
ZNF282,0.0093302795638151,0.978582646555468,0.999789246558786,stable
PORCN,0.0093151785846474,0.684700155401283,0.94834923546048,stable
ANKHD1-EIF4EBP3,0.00926389468671122,0.854916758759748,0.999789246558786,stable
TTC33,0.0092577935028153,0.9624241607372,0.999789246558786,stable
UIMC1,0.00925415419008256,0.979029348769097,0.999789246558786,stable
CCDC22,0.00925207742735154,0.798723059654265,0.991630172782219,stable
PHKG1,0.00924331958597435,0.357409452202209,0.711790997673478,stable
MTA3,0.00923472359314695,0.490232050837439,0.82508558301485,stable
KBTBD2,0.00920926301993732,0.918475961549865,0.999789246558786,stable
RGS2,0.00915604914510265,0.679433454398924,0.946160235426344,stable
COL6A1,0.00915254928461835,0.881709063728885,0.999789246558786,stable
OLR1,0.00914100568392751,0.00900027402581389,0.0737889669292749,stable
RANBP9,0.00913575991714767,0.978391319684539,0.999789246558786,stable
PHKA1,0.00912161117108197,0.197435530539101,0.53042899457362,stable
FZD1,0.00908632569683836,0.663912142076204,0.940837239130479,stable
KIAA0753,0.00905400638178652,0.346518885991203,0.701763893697228,stable
BATF,0.00905260409658442,0.826107420085332,0.997759163651196,stable
PGBD2,0.00904682077780765,0.900339773123698,0.999789246558786,stable
LIME1,0.00903618488507312,0.310195176579346,0.665699760973654,stable
STAG2,0.00903286113762841,0.92906964753952,0.999789246558786,stable
IHH,0.0090266021334191,0.642514359260357,0.927831722102612,stable
TMPRSS7,0.00901914287516044,0.464216193197267,0.803256081614057,stable
MAML1,0.0089982699117743,0.982008419379381,0.999789246558786,stable
CCL2,0.00899350301578746,0.969786722184197,0.999789246558786,stable
LINC00240,0.00898984399499012,0.766918681776433,0.981415985828635,stable
LNC-LBCS,0.00897191562143082,0.869032608779796,0.999789246558786,stable
RGS11,0.00897152271085743,0.690609970246114,0.951254532629965,stable
FAM3A,0.00896933499421449,0.725317347990957,0.967089797321275,stable
TIGD6,0.0089607137081973,0.4782700765043,0.814598497309261,stable
SYTL2,0.00895414203571307,0.796404057404815,0.990625637718914,stable
TM9SF1,0.00895116241893981,0.713784885451504,0.962328563701138,stable
CRLF3,0.00894900186072421,0.918047260601589,0.999789246558786,stable
CTA-211A9.5,0.00894588232611,0.828498692505138,0.99792050950069,stable
MAGOHB,0.00893641192419273,0.96135244903911,0.999789246558786,stable
CYP7B1,0.00891837616440648,0.624031271393742,0.917843495731683,stable
KRT17,0.00888288313396248,0.82365583785425,0.997404998293666,stable
LRRC37A2,0.00887180088005436,0.855118336399673,0.999789246558786,stable
C16orf46,0.00884705840603899,0.850858536112758,0.999789246558786,stable
ZNF778-DT,0.00883984600522854,0.224520766726666,0.567054101749333,stable
CXXC1,0.00883411433604339,0.981105382068342,0.999789246558786,stable
UBA2,0.00883180322737831,0.818518832950432,0.997378504529586,stable
G6PD,0.00877726794706914,0.184830048458422,0.511804979788612,stable
NLRC5,0.00876220541588338,0.917622466402426,0.999789246558786,stable
MIA3,0.00875267038301036,0.949226745897029,0.999789246558786,stable
CCDC144A,0.00874325626177078,0.951589770941194,0.999789246558786,stable
MED7,0.00874181521664219,0.866884300673225,0.999789246558786,stable
CECR1,0.0087358385622915,0.625562209178985,0.918432914365111,stable
GNL3L,0.00872030375285475,0.968898419315549,0.999789246558786,stable
BLZF1,0.00871543465549779,0.386097222386931,0.737330486870466,stable
SLC7A8,0.00871345548037973,0.978859033519543,0.999789246558786,stable
GEM,0.00870749389953183,0.865776904161537,0.999789246558786,stable
ATP6V1B1,0.0086844847038537,0.86204077042608,0.999789246558786,stable
ADCK1,0.00867870478003727,0.942971314992837,0.999789246558786,stable
ATXN7L3B,0.00867359151535335,0.429687665722961,0.773961135893709,stable
SLC22A3,0.00864897986910381,0.881766588495809,0.999789246558786,stable
LINC03073,0.00864211237420778,0.86266921438085,0.999789246558786,stable
SLC44A3,0.0086391846918081,0.0782281750922794,0.316099162866234,stable
AZIN1,0.00862803708115523,0.377996492349393,0.731631740091267,stable
MAX,0.00860326473563774,0.989926890376505,0.999789246558786,stable
ZNF616,0.00858505211808844,0.932780837827379,0.999789246558786,stable
FAM110B,0.00856693840842964,0.734151571951499,0.971432366286368,stable
CKS1B,0.00856670487319546,0.904225880855262,0.999789246558786,stable
HES1,0.00852641718953859,0.909169156811322,0.999789246558786,stable
C10orf11,0.00852573539144212,0.982582545113454,0.999789246558786,stable
LRRC24,0.00851550455616932,0.500766949090584,0.832269404169251,stable
ZNF18,0.00849586885317561,0.10372173378469,0.372034763434289,stable
TMEM107,0.00849529649140649,0.937396622567864,0.999789246558786,stable
IRF2,0.00849160461400905,0.978639511130916,0.999789246558786,stable
KLHL32,0.00848923311198865,0.689478926711114,0.950986197944784,stable
CASP3,0.00848789730824902,0.0394166906589761,0.20656311765658,stable
ALDH7A1,0.00848785562403417,0.985257782627454,0.999789246558786,stable
KNTC1,0.00848403299432101,0.908055597687311,0.999789246558786,stable
CUTC,0.00848305928760766,0.970944147719104,0.999789246558786,stable
SPMIP4,0.00847602495757283,0.939125837558347,0.999789246558786,stable
TRMT1,0.00846489644238635,0.821660497013972,0.997378504529586,stable
TBL1Y,0.00844435915091625,0.570112966937771,0.881713171539386,stable
NSG1,0.00844318493014064,0.865123191793209,0.999789246558786,stable
DNAH6,0.00843862486879646,0.845710877019529,0.999789246558786,stable
LYL1,0.0084378888110055,0.628641484350406,0.920017492614952,stable
RPP14,0.00842621002298611,0.917727905477454,0.999789246558786,stable
JMJD4,0.00842379529205985,0.978545578114197,0.999789246558786,stable
SLC25A44,0.00841558760558998,0.0027510517742724,0.0307674811424573,stable
AGAP2-AS1,0.00840951674527391,0.619988081942556,0.915854865557998,stable
BANP,0.00840764148109491,0.965831256136321,0.999789246558786,stable
SFXN4,0.0084006412476841,0.971403456360684,0.999789246558786,stable
RIOX1,0.00838568377026973,0.334027802508703,0.690496363841475,stable
PTPN3,0.00838165782120093,0.957762276658606,0.999789246558786,stable
FAM153A,0.00836068191498689,0.848585662246124,0.999789246558786,stable
AP1AR,0.00834491777649765,0.232441823866136,0.577507625209974,stable
RGS9BP,0.00833739061070899,0.705609010344189,0.958586857351341,stable
ABHD17B,0.00833367384097363,0.960253599905256,0.999789246558786,stable
MAP2K5-DT,0.00832517930833043,0.0150664078929648,0.105906710801381,stable
SOCS3-DT,0.00832371947760639,0.420996998325315,0.767172878005293,stable
ZNF610,0.00831453739985286,0.912388341414622,0.999789246558786,stable
WEE1,0.00831008169010379,0.154615946829981,0.46596786237211,stable
FOXP4,0.00830851648283217,0.946345734049431,0.999789246558786,stable
SEMA4A,0.00829459415684025,0.922116444663924,0.999789246558786,stable
VWA5A,0.00824952313354779,0.915891104353188,0.999789246558786,stable
ATP13A5,0.00823726982229907,0.907571959608919,0.999789246558786,stable
FAM227A,0.00823511197333629,0.868372333979526,0.999789246558786,stable
KIF27,0.00819490407080187,0.0530373977799841,0.247359462213859,stable
AGAP10,0.00814145519116318,0.962649804342431,0.999789246558786,stable
DNAJC27-AS1,0.00811158462490125,0.000699691301623843,0.010611695373511,stable
FAM118B,0.00809846186364598,0.896673628348276,0.999789246558786,stable
CLIC5,0.00809512085392994,0.34861051820901,0.703203791185963,stable
NPDC1,0.00808494132925792,0.903176850763789,0.999789246558786,stable
PTCHD1,0.00807102270819161,0.494527831558181,0.827724826587567,stable
SPATA2L,0.00806445200965612,0.951636190937635,0.999789246558786,stable
KCNMB3,0.00805424836830589,0.876573101981492,0.999789246558786,stable
LDLRAD4,0.00803160888256735,0.864144715515371,0.999789246558786,stable
APOL2,0.00802687889295911,0.91914897234843,0.999789246558786,stable
DUSP15,0.00801704175412281,0.89258678860242,0.999789246558786,stable
FLVCR1-AS1,0.00801450752215528,0.866520916448197,0.999789246558786,stable
DAPK3,0.00800706068607698,0.992608028813647,0.999789246558786,stable
SOCS7,0.00800208348889736,0.975823699188997,0.999789246558786,stable
FGF14-AS2,0.0079994092731108,0.918780178071982,0.999789246558786,stable
SPI1,0.00799108685374197,0.887960011201768,0.999789246558786,stable
CXCL17,0.00795912485724863,0.865210127635924,0.999789246558786,stable
RTN2,0.00795446080778344,0.945184219440469,0.999789246558786,stable
BAZ1A-AS1,0.00793547068647965,0.916353504988673,0.999789246558786,stable
CRCP,0.00793490533798505,0.963418198651323,0.999789246558786,stable
PPP1R9B,0.00791305730145228,0.748005534961022,0.976542041254727,stable
ESYT2,0.00791148231562983,0.820496384108633,0.997378504529586,stable
TBC1D30,0.00790949093054819,0.34600302670939,0.70118385253574,stable
MARCHF6-DT,0.00789677256636935,0.553666192290873,0.871108341685268,stable
IRAK1BP1,0.00787109839423994,0.824286179981878,0.997433239620629,stable
RSG1,0.00784252029323579,0.36086446089472,0.715988828108596,stable
EXD2,0.00781371322515495,0.989821854691531,0.999789246558786,stable
TTF1,0.00778933096969595,0.987348218771667,0.999789246558786,stable
MSS51,0.00778771338977813,0.504027661789022,0.834369715248286,stable
PGAP6,0.00776832519427612,0.905901241069793,0.999789246558786,stable
PEX7,0.00776285706369628,0.966947710924614,0.999789246558786,stable
PTPN23-DT,0.00774392831940387,0.936399440389978,0.999789246558786,stable
SUCO,0.00769147556105151,0.36552627967031,0.720977999029435,stable
C12orf75,0.00769083409337234,0.839581414218079,0.999789246558786,stable
OGFOD1,0.00767941561803388,0.845658794181222,0.999789246558786,stable
THADA,0.00767792281193784,0.514388742201988,0.841382375380717,stable
CSPG5,0.00766953416646457,0.21622513397064,0.556098472050726,stable
KLHDC3,0.00766870758995464,0.841236995334166,0.999789246558786,stable
TRADD,0.00766367143239943,0.730128210521717,0.968749293977799,stable
SUFU,0.0076543860117279,0.944274015350624,0.999789246558786,stable
CSNK1G3,0.0076525250729067,0.95415563421036,0.999789246558786,stable
PIGR,0.00764910808438266,0.638285107574049,0.92478335367846,stable
MAMDC4,0.00762660509301703,0.861073638439276,0.999789246558786,stable
CCNJ,0.00760848063301126,0.604342304252841,0.905765781870207,stable
MAP3K4-AS1,0.00758779335201886,0.799528705320016,0.991723885726217,stable
KRT81,0.00755950188370455,0.864734269026024,0.999789246558786,stable
IFI44L,0.00755915323485171,0.895568245453364,0.999789246558786,stable
RAB23,0.0075562266952163,0.94344405173088,0.999789246558786,stable
CNEP1R1,0.00753986402367084,0.984408983201832,0.999789246558786,stable
DIRAS3,0.00752608227361768,0.319199041597526,0.674833809147036,stable
RAPGEFL1,0.00750437487625351,0.958088148565165,0.999789246558786,stable
LRR1,0.0074323370051442,0.955566739089505,0.999789246558786,stable
RDH5,0.0074265643506955,0.00662016337729392,0.0593202354588492,stable
ZNF225,0.007422322781827,0.915502629155442,0.999789246558786,stable
KLHL3,0.00742169164689625,0.901918693453303,0.999789246558786,stable
NARG2,0.00742040316947071,0.0236605999595657,0.146444138686446,stable
FBXL13,0.00741554121891575,0.927119323385096,0.999789246558786,stable
AMH,0.00740946404784551,0.849122626572579,0.999789246558786,stable
SDCBP2-AS1,0.00739833393202749,0.85903313125883,0.999789246558786,stable
FMO4,0.00738855229821062,0.728562943083719,0.967834284814774,stable
SPSB1,0.00738083472161219,0.990918860965242,0.999789246558786,stable
INTS4,0.00737828177717287,0.895443196121261,0.999789246558786,stable
PARVA,0.00735873641940477,0.992900130113992,0.999789246558786,stable
XRCC6BP1,0.0073457668687489,0.962207264843538,0.999789246558786,stable
CHCHD4,0.00733184148139137,0.972642824319013,0.999789246558786,stable
SLCO4C1,0.00731322316988357,0.953243398882824,0.999789246558786,stable
TMEM44,0.00730416132124924,0.0864495990132467,0.333678528051129,stable
BCL7A,0.00729895228934765,0.0483648230082333,0.233311600810041,stable
POPDC2,0.0072822614630227,0.859731477503796,0.999789246558786,stable
CHRAC1,0.00726741740775563,0.922679163873217,0.999789246558786,stable
CLCN4,0.0072435584194423,0.981673912399674,0.999789246558786,stable
FCGRT,0.00720321970704785,0.885760680334841,0.999789246558786,stable
GRB10,0.00718529018388375,0.746050465016066,0.976206474454763,stable
NFYC-AS1,0.00715274826500891,0.748347155872389,0.976542041254727,stable
FOLR3,0.00711447009331923,0.217172202222192,0.557010700789776,stable
NPR2,0.00711425981501496,0.754172360291456,0.977832300827615,stable
TIAM2,0.00708776619070953,0.976283863301551,0.999789246558786,stable
OGG1,0.00708366120429006,0.973478392473928,0.999789246558786,stable
LINC02980,0.00707934731572806,0.368024179705743,0.723617109976355,stable
SLC27A5,0.00707652635036114,0.958674986059365,0.999789246558786,stable
INPP5J,0.00706774416772445,0.621815811053001,0.916253427753875,stable
RNGTT,0.00705410569664428,0.976538991038784,0.999789246558786,stable
ALKBH3,0.00704951930663601,0.963766770973325,0.999789246558786,stable
GLB1L,0.00703407991486372,0.946900721595986,0.999789246558786,stable
RPP25,0.00703402581364317,0.962642013513107,0.999789246558786,stable
VTA1,0.00698742084883691,0.990727734440677,0.999789246558786,stable
JADE2,0.00697628427626337,0.953523532021757,0.999789246558786,stable
IRF2-DT,0.00695295397536921,0.847138680492708,0.999789246558786,stable
PCSK4,0.00692842901655613,0.769567865477207,0.981415985828635,stable
CIRH1A,0.00692612192120772,0.560671866264896,0.876472608568757,stable
FBXO45,0.00692558790931633,0.671687432154232,0.943542538571976,stable
DDX21,0.00692290572447896,0.755947601327738,0.978212243550451,stable
RASA4,0.00691974152540389,0.965398820305994,0.999789246558786,stable
F2RL1,0.00691690995222474,0.948445522565321,0.999789246558786,stable
NPAS1,0.00687875766286558,0.819547090759617,0.997378504529586,stable
SNW1,0.00686975934372613,0.463555201651193,0.802829456965016,stable
MMP19,0.00684681865705977,0.503346853368119,0.83406695615723,stable
TMEM61,0.00683473305355988,0.977628904614796,0.999789246558786,stable
GPAA1,0.00681181764143107,0.951650366296426,0.999789246558786,stable
NKX2-8,0.00680217806018101,0.727976628259822,0.967834284814774,stable
TOB2,0.0067898202866773,0.8602712669502,0.999789246558786,stable
PAQR3,0.00678520565914033,0.769433789197533,0.981415985828635,stable
AFMID,0.00678258168661923,0.971018762535466,0.999789246558786,stable
SWSAP1,0.00677693388558964,0.969955165326558,0.999789246558786,stable
IGF2BP2,0.0067749990054151,0.497361805881788,0.829547102619591,stable
CST7,0.00672106134194439,0.343321736662134,0.699648299671936,stable
STYX,0.00670324786774415,0.633649240589332,0.922659716136271,stable
TMEM80,0.00670156961715254,0.968294053974079,0.999789246558786,stable
SPTBN2,0.00670034027787781,0.90467426612481,0.999789246558786,stable
NFATC2,0.00669890740380651,0.949837398371933,0.999789246558786,stable
KIF23,0.00668734356904148,0.674116411669351,0.944240759232126,stable
SLC35C2,0.0066757952898337,0.459702021203939,0.799800385311265,stable
SLC25A10,0.00666022997824102,0.854497711584495,0.999789246558786,stable
ZFAND4,0.00662745760777978,0.955610402048293,0.999789246558786,stable
RHPN1,0.00662468598377494,0.134825266459645,0.431079141047052,stable
ZNF287,0.0066203301738563,0.94058638991334,0.999789246558786,stable
MTO1,0.0066193567494896,0.856158454081257,0.999789246558786,stable
CCDC152,0.0066066120312538,0.87980318821915,0.999789246558786,stable
KIAA1875,0.0066026898573849,0.846247672931249,0.999789246558786,stable
EPCIP-AS1,0.0065568633220967,0.817036142986702,0.997345210093222,stable
DYRK3,0.00655166637539231,0.945619954405811,0.999789246558786,stable
TRAF3IP2-AS1,0.00652437115152918,0.854128286193219,0.999789246558786,stable
CTGF,0.00650590215721114,0.98791686911906,0.999789246558786,stable
SPECC1,0.00650173619521738,0.661286667078757,0.939731250682483,stable
SNAPC4,0.00649583701184873,0.860951569186586,0.999789246558786,stable
ITPRID2-DT,0.00649434118152761,0.908485660513189,0.999789246558786,stable
BTN3A3,0.00649194752025595,0.984483176436357,0.999789246558786,stable
ZBED10P,0.00647852095689122,0.96204368505791,0.999789246558786,stable
IDUA,0.00647124547744149,0.980408251413808,0.999789246558786,stable
ZNF112,0.00646662025322934,0.941313008483155,0.999789246558786,stable
VPS72,0.00645898150365343,0.962881415678747,0.999789246558786,stable
SERPINI1,0.00645372203677613,0.953614648347394,0.999789246558786,stable
RAVER1,0.00645148334957329,0.950164935856887,0.999789246558786,stable
ZNF583,0.00640686282145423,0.764867407283924,0.98087905860666,stable
SERP2,0.00639974922158144,0.0279141232551964,0.164058892267169,stable
APOBEC3G,0.0063930681207615,0.0389409057921549,0.204388301965571,stable
DCDC1,0.00637200684710044,0.902352806128567,0.999789246558786,stable
KDM7A,0.00635076502920259,0.930902856029194,0.999789246558786,stable
MAP7,0.00633636398485474,0.7652139494213,0.980914039205784,stable
TRAM2-AS1,0.00633276321546364,0.875757399505935,0.999789246558786,stable
EDEM3,0.00630960819649354,0.994854158821432,0.999789246558786,stable
AAED1,0.00630164236971681,0.896626338278707,0.999789246558786,stable
FER1L5,0.00630055939363783,0.890680203086258,0.999789246558786,stable
RBP4,0.00628570695228394,0.855104593074725,0.999789246558786,stable
LAD1,0.00628215353964019,0.409671582219728,0.757983083646897,stable
LCMT2,0.00626675913863822,0.911498902956879,0.999789246558786,stable
ITLN1,0.00625745821676906,0.939747735626476,0.999789246558786,stable
MXRA8,0.00625542880996387,0.978352097911012,0.999789246558786,stable
CD68,0.0062490471544249,0.00142857359887423,0.0190434936451893,stable
ALG14,0.00624744209181319,0.978256251566035,0.999789246558786,stable
MUC4,0.00623697003208955,0.968025707685116,0.999789246558786,stable
C2orf76,0.00620679608496061,0.659656327309446,0.938866506189873,stable
RBM19,0.00620073375981517,0.987926645713321,0.999789246558786,stable
LDLRAD1,0.00619435696078331,0.869834142527631,0.999789246558786,stable
AADAT,0.0061916699242716,0.912332732197468,0.999789246558786,stable
GOT2,0.00616254217731979,0.989401058701519,0.999789246558786,stable
TRIM62,0.00615458272093204,0.840566196288245,0.999789246558786,stable
MRM1,0.00614551686442834,0.0900512521188579,0.342284361287599,stable
PPIL3,0.0061038925070306,0.0406462949893584,0.21071259963949,stable
SLC4A8,0.00609860930627527,0.0448093406877347,0.221991800571041,stable
CHST15,0.00609332608899717,0.68753251936762,0.949905312914264,stable
ZNF337-AS1,0.00608945431420174,0.607404928342614,0.908034355318718,stable
TCF7,0.00606041755558749,0.754739739412188,0.978152944717408,stable
KLF15,0.00605889779612049,0.961667793302346,0.999789246558786,stable
CDC42BPG,0.00603635982082557,0.985590483428394,0.999789246558786,stable
GALNT7,0.00603177043676624,0.952980904975358,0.999789246558786,stable
CSF3,0.00599403021835443,0.942010533472475,0.999789246558786,stable
H2BC12,0.00598950236302923,0.976006470984751,0.999789246558786,stable
ZDHHC8,0.00598940605675477,0.49793139368153,0.830223897932825,stable
LAT2,0.0059876290040108,0.799887157467205,0.992001334227981,stable
SNX11,0.00596940703388334,0.953026258521719,0.999789246558786,stable
DNAAF1,0.00596888916190487,0.837268394148643,0.999789246558786,stable
LEKR1,0.00593681579786944,0.369322913446203,0.724539125977594,stable
RPPH1,0.00591664123796051,0.917174088211565,0.999789246558786,stable
C1orf162,0.00591301054544926,0.90483664625187,0.999789246558786,stable
CCNC,0.00591163185970872,0.923037051806824,0.999789246558786,stable
ZNF837,0.00586062789626549,0.367987414766155,0.723617109976355,stable
PEMT,0.00585309002272993,0.951792036699349,0.999789246558786,stable
GART,0.00584846153259985,0.951856713607888,0.999789246558786,stable
PLAGL2,0.00584525825749012,0.913218210768448,0.999789246558786,stable
GLIPR1L2,0.0058362730109779,0.914449465778855,0.999789246558786,stable
STX6,0.00583414539557044,0.970607774252533,0.999789246558786,stable
FUT8,0.00581461325977337,0.794032178268012,0.990095908592697,stable
DCAF10,0.00579772025394237,0.89193742182739,0.999789246558786,stable
IMPDH1,0.00578877121057889,0.974458112564263,0.999789246558786,stable
RAP2C,0.00577332809600925,0.0336248910436925,0.186747236764242,stable
CAT,0.00577006201934771,0.986064633672167,0.999789246558786,stable
TMCO6,0.00576794953602818,0.712030764094943,0.961646675538237,stable
ZNG1F,0.00576759237211752,0.953337740702066,0.999789246558786,stable
ACSM1,0.0057388431777933,0.94796651674565,0.999789246558786,stable
PLK3,0.00573643061837037,0.818994850448524,0.997378504529586,stable
IFT27,0.00572962041424591,0.963596550494372,0.999789246558786,stable
TBL2,0.0057179146101419,0.993258108779601,0.999789246558786,stable
BCL2L2,0.00569568524944594,0.798236741732131,0.991328449754502,stable
CEP290,0.00569500118820568,0.973020922880239,0.999789246558786,stable
GNAI1,0.00566895355184349,0.984484633664151,0.999789246558786,stable
SSPN,0.00566894039553231,0.953014221811733,0.999789246558786,stable
CTSW,0.00566666741769015,0.570360699649483,0.881910539192089,stable
EAF1,0.00566656204269488,0.00489520300920686,0.0474535777831441,stable
NOL12-1,0.00565564139332304,0.960081658770643,0.999789246558786,stable
C1orf192,0.0056313253357973,0.777437344233937,0.984293718451659,stable
BRCA1,0.00562506201182195,0.956721152418442,0.999789246558786,stable
C6orf89,0.00561053667460665,0.900476155886882,0.999789246558786,stable
DNAJA2,0.00560081617029612,0.974427906766071,0.999789246558786,stable
NR1H3,0.00559582076286675,0.943536764038546,0.999789246558786,stable
FPGS,0.0055875916017156,0.966866798720083,0.999789246558786,stable
TRIM16L,0.00556213008260546,0.943850693928601,0.999789246558786,stable
SAC3D1,0.0055560389049366,0.963926828485054,0.999789246558786,stable
VBP1,0.00553574863545336,0.801274752695999,0.992278652310393,stable
PFKFB4,0.00552672900434268,0.932077546721451,0.999789246558786,stable
CD274,0.00550164835542881,0.0402571542202731,0.209316653844585,stable
ATP6V0E2,0.00547057241037396,0.805730402647509,0.993969970931794,stable
TRIM61,0.0054614736390122,0.262370128847357,0.614526241622935,stable
RIN3,0.00544587253918217,0.412537904584867,0.760280732306853,stable
U62317.2,0.00542587978977518,0.866394736952953,0.999789246558786,stable
FBXW8,0.00538179315368798,0.777177964528728,0.98427060344317,stable
FAM188A,0.00534916661070634,0.875544396967718,0.999789246558786,stable
FIRRM,0.00533561773370188,0.362680197071245,0.717611319035108,stable
TOX,0.00531988857142909,0.869229172331453,0.999789246558786,stable
TOM1L1,0.00530025750529586,0.369972071421455,0.725073011271961,stable
ZNF599,0.00528939323581264,0.94034272080927,0.999789246558786,stable
ZNF212,0.00527670740955816,0.928926862330643,0.999789246558786,stable
C17orf51,0.00525324022750863,0.489981006830786,0.824961657855552,stable
RWDD2A,0.00524444489001348,0.972165625333617,0.999789246558786,stable
GBP2,0.00523256715075886,0.98053104465188,0.999789246558786,stable
ZNF684,0.00523133651494818,0.561646270629433,0.877052122147954,stable
TBC1D10A,0.00522955983905955,0.983534941257029,0.999789246558786,stable
C2orf69,0.00522677279200852,0.0238530583337532,0.147314497855301,stable
KLHL5,0.00521574449973217,0.929172417383904,0.999789246558786,stable
FAM83H-AS1,0.00519947928121016,0.942977069834919,0.999789246558786,stable
ABCG1,0.00516954983966191,0.0117172573025324,0.0886883921152668,stable
PELI3,0.00516758990910403,0.865366076029622,0.999789246558786,stable
C20orf196,0.00515939665452625,0.966985310054325,0.999789246558786,stable
ZNF175,0.0051487110751305,0.914638820638114,0.999789246558786,stable
PTPN23,0.00513953165618697,0.914486775887955,0.999789246558786,stable
ZNF14,0.00512855119007168,0.95974092412432,0.999789246558786,stable
CLEC14A,0.00512592731994372,0.903863055390568,0.999789246558786,stable
EFEMP2,0.00510252267981884,0.974181312899491,0.999789246558786,stable
SLAIN1,0.00509707460988557,0.854466520966441,0.999789246558786,stable
ADAP2,0.00509151942444076,0.928745507732537,0.999789246558786,stable
ZNF567-DT,0.00507948053843405,0.926425069047791,0.999789246558786,stable
PMF1-BGLAP,0.00506442343353582,0.447321909293422,0.788018881568351,stable
ARRB2,0.00505878414494565,0.982863139218179,0.999789246558786,stable
PITPNA-AS1,0.00505859138303986,0.971567806725505,0.999789246558786,stable
FURIN,0.00504880088618442,0.889698201504278,0.999789246558786,stable
PEX11A,0.00502832102837114,0.986509200238168,0.999789246558786,stable
C11orf24,0.00502610031028976,0.986728108559099,0.999789246558786,stable
ZBTB33,0.00502228198610621,0.975863008157541,0.999789246558786,stable
NR2F2-AS1,0.00500177370590443,0.915796583707663,0.999789246558786,stable
PSMA3,0.00499013615165755,0.837567800628829,0.999789246558786,stable
MYO15B,0.00495372592054897,0.856422631077123,0.999789246558786,stable
CTH,0.00493404592272512,0.234453527504423,0.579641778317086,stable
TMEM101,0.00493353799807567,0.891576240474686,0.999789246558786,stable
PILRA,0.00491314734274486,0.951440386696626,0.999789246558786,stable
CTA-363E6.2,0.00491311987632408,0.896165563828292,0.999789246558786,stable
FZR1,0.00490970498796337,0.947125872970624,0.999789246558786,stable
PSEN1,0.00490942167206898,0.761633246203677,0.97948844320936,stable
CD55,0.00489082970121935,0.997002716441866,0.999789246558786,stable
EFCAB10,0.00488726106349026,0.594442654892672,0.899408552845422,stable
MICB,0.0048797264214541,0.618415958342021,0.915519027645917,stable
MTFP1,0.00486925625487279,0.808462637956283,0.995131133458625,stable
ZNF12,0.004860524604306,0.994595117549981,0.999789246558786,stable
PGBD4,0.00485914435154744,0.847102538036565,0.999789246558786,stable
TMPO,0.00485146141597642,0.9648580198956,0.999789246558786,stable
TTC4,0.00480623697622729,0.978002636696189,0.999789246558786,stable
TUBD1,0.00480191768614021,0.51775016468465,0.843928137277721,stable
RAC2,0.00480148014990663,0.969061781751359,0.999789246558786,stable
POLG2,0.00479269396647524,0.576050356669521,0.885984413296042,stable
RCAN2,0.00478549276176531,0.964501569298468,0.999789246558786,stable
ZBTB3,0.00478386283859483,0.908777906173001,0.999789246558786,stable
GGTLC2,0.00478139817510104,0.927540142181011,0.999789246558786,stable
PDIK1L,0.00476081084018695,0.975409732423545,0.999789246558786,stable
GRWD1,0.00474665482741951,0.991741211748137,0.999789246558786,stable
USP51,0.00474230077524029,0.956376246575746,0.999789246558786,stable
SGOL2,0.00472982527966769,0.893704455094748,0.999789246558786,stable
SMPD1,0.00472413991159576,0.735384870791509,0.971586428348398,stable
ZNF446,0.00472355632430238,0.907606756371994,0.999789246558786,stable
CEP44,0.00471988580444098,0.851417588015633,0.999789246558786,stable
F11R,0.00469465137796221,0.998850101580494,0.999789246558786,stable
NBPF15,0.00469135654031633,0.93378538542119,0.999789246558786,stable
CYTH2,0.00464124988208625,0.59671607405658,0.901045656937624,stable
BACE1-AS,0.00463574772453749,0.82518345058123,0.997630550875775,stable
ICOSLG,0.00462778291321483,0.462066912226965,0.802282837405501,stable
GPX2,0.00462545662589106,0.946523061779115,0.999789246558786,stable
MTARC2,0.00462348447050559,0.619861161849444,0.915854865557998,stable
SPATA17,0.00462196254814281,0.321970455076661,0.677916467699923,stable
HHIP,0.00460183520616088,0.944075232151335,0.999789246558786,stable
TNFSF13B,0.00459037497724158,0.930319221607641,0.999789246558786,stable
FAM66C,0.00455484773990221,0.878212872190162,0.999789246558786,stable
BBS10,0.00454612630679815,0.908431837167616,0.999789246558786,stable
CDH3,0.00454394575239706,0.991061853791313,0.999789246558786,stable
STK11,0.00453876987797924,0.99643224749202,0.999789246558786,stable
NIPAL1,0.00453528165042811,0.156338285736576,0.468861433965628,stable
ZNF490,0.00451532457563226,0.870445890227454,0.999789246558786,stable
KLK10,0.00451329034063125,0.988468896837866,0.999789246558786,stable
ZKSCAN4,0.0045045508081055,0.959602716416909,0.999789246558786,stable
RNF185,0.00450450404146147,0.219842863001219,0.560618342142394,stable
CCDC88C,0.00450054035819798,0.0815766409182617,0.323269932012774,stable
ENOX2,0.00448225920502784,0.478039055292639,0.814431973783584,stable
METAP2,0.00448019834625946,0.804494956350992,0.993247787742099,stable
SLC2A6,0.00445601999513597,0.104315952599895,0.373180627621046,stable
DNAJB13,0.00442658089249814,0.927532411887203,0.999789246558786,stable
ZNF879,0.00442443829925121,0.958307372219009,0.999789246558786,stable
IGKV1-5,0.00442383890193525,0.71784820181313,0.96350060108884,stable
LPL,0.00441638351456201,0.92024746616354,0.999789246558786,stable
C1orf74,0.00441234207756926,0.964315184570549,0.999789246558786,stable
STAP2,0.0043923013004695,0.857898122803758,0.999789246558786,stable
PPAT,0.00437932214739,0.59479865356695,0.899408552845422,stable
ZBED1,0.00436672836929306,0.967645413955554,0.999789246558786,stable
PMEPA1,0.00435560458945217,0.990941759859737,0.999789246558786,stable
SEMA3F,0.00432445629918556,0.951279042258342,0.999789246558786,stable
SMYD3,0.00431740831408595,0.98720338138459,0.999789246558786,stable
AK9,0.00430862331188178,0.0261881528010046,0.157000480549034,stable
GTF2H3,0.00430794768228804,0.905973064331276,0.999789246558786,stable
GEMIN5,0.00430479917546568,0.988536380178312,0.999789246558786,stable
PRKACB-DT,0.00430137845656908,0.615162793176961,0.91339237554932,stable
FAM115C,0.00427565595445043,0.980539556276878,0.999789246558786,stable
P4HA2,0.00426161099992117,0.989047185621086,0.999789246558786,stable
KPNA5,0.00422891842507617,0.935328192163771,0.999789246558786,stable
HSD11B1L,0.00422429094738022,0.973786595976954,0.999789246558786,stable
MIS18A,0.00422022395554307,0.965197306630647,0.999789246558786,stable
TGFBRAP1,0.0042173160101079,0.989297057601488,0.999789246558786,stable
MYLIP,0.0042160358126363,0.182945265492778,0.510186296078818,stable
BRPF3,0.00420916057112847,0.977231230159864,0.999789246558786,stable
DNAI4,0.00416844478423931,0.613348101927057,0.912112797804908,stable
SNX27,0.00416820552172004,0.916952901982873,0.999789246558786,stable
KCNMB1,0.0041642574006556,0.00741347539251485,0.0644488341323491,stable
PDE4A,0.00416276830415127,0.983039189353254,0.999789246558786,stable
FOXJ2,0.00414657351855535,0.963400283529467,0.999789246558786,stable
ALOX5AP,0.00412101405999597,0.792601323415125,0.989660627414104,stable
NKIRAS1,0.00411521546141989,0.967525674311806,0.999789246558786,stable
LINC00115,0.0040746511499774,0.950195557074862,0.999789246558786,stable
SCRN2,0.00406452740882426,0.929511374054013,0.999789246558786,stable
HMBS,0.00406307638617437,0.996415318991605,0.999789246558786,stable
CAMSAP1,0.00405749620716353,0.000594446539823136,0.0092803505782861,stable
CASP10,0.00405437563659456,0.991959713982386,0.999789246558786,stable
PHKA2,0.00405342691880106,0.992674030772332,0.999789246558786,stable
ZNF594,0.00404707017758781,0.621776252151694,0.916253427753875,stable
LINC00205,0.00403539986465737,0.565820199541443,0.879440351308815,stable
CHD1L,0.00401808955583812,0.950690738077344,0.999789246558786,stable
DZIP1L,0.0040119702076911,0.941274962342714,0.999789246558786,stable
DDX20,0.00400704515547597,0.910777646187375,0.999789246558786,stable
EXTL2,0.00400368062385123,0.942493561307968,0.999789246558786,stable
TTPAL,0.00400048641409988,0.991740901012209,0.999789246558786,stable
ICAM2,0.00399358397874928,0.694354776501355,0.953612382689175,stable
ISYNA1,0.00399096313642032,0.983275719629073,0.999789246558786,stable
PLEKHG3,0.00396637168371255,0.900802754921836,0.999789246558786,stable
RHBDL1,0.00396337471669324,0.896024304645529,0.999789246558786,stable
KCTD11,0.00396017919306139,0.984328940541306,0.999789246558786,stable
NYNRIN,0.00395974471991412,0.623836322195202,0.917772921231694,stable
RPP30,0.00394976584120837,0.991784760848239,0.999789246558786,stable
ALDH1A3-AS1,0.00394687611360092,0.693151854759529,0.952567540481223,stable
GSTA1,0.00394321176141736,0.663331445838672,0.940777769338893,stable
PRKG1,0.00393986003768951,0.409189825304867,0.757983083646897,stable
LEPREL4,0.00393445436866994,0.964731528228805,0.999789246558786,stable
CCDC69,0.00391669040714029,0.908386129299875,0.999789246558786,stable
SMEK1,0.00390588233965863,0.492698153309506,0.826505039941732,stable
PDLIM7,0.0039042439985307,0.975907661064836,0.999789246558786,stable
ZFTA,0.00388650399193154,0.95708854503164,0.999789246558786,stable
FBXO30,0.00388596537688903,0.993238551703484,0.999789246558786,stable
ZNF69,0.00386425652657618,0.987106258913111,0.999789246558786,stable
SLC25A17,0.00386280825823157,0.920532785657568,0.999789246558786,stable
PGAP3,0.00385777042293112,0.91292751614654,0.999789246558786,stable
KCNAB3,0.00383250459109783,0.983168255161457,0.999789246558786,stable
ZSWIM7,0.00382143292728099,0.960431869827315,0.999789246558786,stable
CYP2A7,0.00381975402361446,0.928259332494082,0.999789246558786,stable
SGTB,0.00377187156521087,0.964430777273026,0.999789246558786,stable
MESP1,0.00376939132435649,0.973915737718305,0.999789246558786,stable
CTC1,0.00376740597304202,0.98715319790559,0.999789246558786,stable
CCDC141,0.00375333233732473,0.988027941477545,0.999789246558786,stable
ASNSD1,0.00375077154284173,0.883540625145636,0.999789246558786,stable
ZNF417,0.00374229146395718,0.98104035860485,0.999789246558786,stable
SH3BGRL2,0.00374228358217388,0.1577402952804,0.470504436840369,stable
ZNF860,0.0037398003855037,6.49144973028933e-24,2.71468136818606e-21,stable
XNDC1N,0.00373279717303191,0.689384580283717,0.950986197944784,stable
RIT1,0.00372908285467094,0.986185821589169,0.999789246558786,stable
CREB3L1,0.00369440054405186,0.994768782161499,0.999789246558786,stable
PRDM15,0.00369183942544927,0.883628528932741,0.999789246558786,stable
TRMT61A,0.00367567729835823,0.951223427241915,0.999789246558786,stable
TRAPPC12,0.00366704604144358,0.486198991965363,0.821464613377276,stable
NOC4L,0.00366316215714929,0.31571545408066,0.670380379740965,stable
FUT1,0.00366312216640462,0.982116983087345,0.999789246558786,stable
BEX4,0.00363117296952792,0.674772314315181,0.944240759232126,stable
THTPA,0.00361222113869728,0.938092654155563,0.999789246558786,stable
CSRNP3,0.00360017944228118,0.95984463074943,0.999789246558786,stable
B3GAT3,0.00358613786081502,0.726605845492869,0.967710737287946,stable
TNKS1BP1,0.00357754307516806,0.667620783803642,0.942437249787197,stable
SERGEF,0.00355209219396853,0.573828180156783,0.884639255376708,stable
CDC7,0.00352225117396319,0.67645463340793,0.945242505575964,stable
SGPP2,0.0035178313194912,0.988880666692631,0.999789246558786,stable
C8orf48,0.00351673635523322,0.62599665748453,0.918739721586132,stable
PARS2,0.00350246795798197,0.971889697813483,0.999789246558786,stable
GPATCH11,0.00348341282408581,0.884316178960144,0.999789246558786,stable
CASP9,0.00346163897755949,0.202012579592655,0.537040972249102,stable
RASGRP1,0.0034553203864745,0.978738379909298,0.999789246558786,stable
UBR5-DT,0.00344665788968084,0.938194656478104,0.999789246558786,stable
KLRG2,0.00340246253577212,0.95798515223864,0.999789246558786,stable
ZNF235,0.00340101613092002,0.73712486470789,0.971622076787017,stable
WDR5B-DT,0.00339190311677659,0.960838037762725,0.999789246558786,stable
PDLIM2,0.00338155455140909,0.964045646795737,0.999789246558786,stable
CDKN1A,0.00335609198361408,0.989644894641533,0.999789246558786,stable
ZNF317,0.00335502653019288,0.968741872820801,0.999789246558786,stable
KDM5C,0.00333671828839646,0.98931435267331,0.999789246558786,stable
SLC7A1,0.00332506811381153,0.594787993881037,0.899408552845422,stable
ZFP82,0.00332383367897488,0.89227904806336,0.999789246558786,stable
CD22,0.00331664590871685,0.931000294365894,0.999789246558786,stable
LINC02916,0.00330340578730901,0.87031571903421,0.999789246558786,stable
ZNF468,0.00329062306847673,0.930653276295021,0.999789246558786,stable
DNAH1,0.00327856549298425,0.943530429848976,0.999789246558786,stable
PPP6R1,0.00327310355215721,0.897076336076224,0.999789246558786,stable
CPVL-AS2,0.00326724391677573,0.968658408984371,0.999789246558786,stable
NME6,0.00324462051938609,0.887076355691451,0.999789246558786,stable
PTP4A3,0.00323823249405398,0.970676670625746,0.999789246558786,stable
SCN9A,0.00323650535010678,0.997925464354817,0.999789246558786,stable
NCS1,0.00321739273909817,0.907586605059578,0.999789246558786,stable
SRSF8,0.00320422885186472,0.71506931687149,0.962988809819174,stable
ZNF85,0.0031886356084008,0.596892644906383,0.901045656937624,stable
C9orf85,0.00318731827361932,0.933231045913097,0.999789246558786,stable
KNDC1,0.00318151071637817,0.786153151329458,0.987420136343518,stable
CLUAP1,0.00318052510613598,0.940524007904979,0.999789246558786,stable
SLFNL1,0.00316715710955904,0.855182582216265,0.999789246558786,stable
ZNF554,0.00316548734195102,0.464063314170289,0.803175567560917,stable
CLEC2B,0.00313715824573748,0.171382294906833,0.490775222398579,stable
LINC02967,0.00311460160902571,0.997560523416995,0.999789246558786,stable
ELMO2,0.00311447676941722,0.755950794421077,0.978212243550451,stable
YKT6,0.00310888949099122,0.896860114787914,0.999789246558786,stable
ACTRT3,0.00308374466585288,0.968449145141414,0.999789246558786,stable
NUPR2P1,0.00308184088761989,0.283325453841549,0.637938910988965,stable
CCDC78,0.00307096417877337,0.944647546408099,0.999789246558786,stable
ACTR1B,0.00305903442148292,0.926937895531206,0.999789246558786,stable
FHDC1,0.00305887518793314,0.757581179236651,0.978529584839239,stable
PGAP2,0.0030502808353152,0.807971359526513,0.994726749808853,stable
DOCK6,0.00304769715800433,0.712993783983499,0.962203137051699,stable
C22orf46P,0.0030397957385918,0.639861810585364,0.926066634693592,stable
GPN1,0.00303535723291148,0.930561486745563,0.999789246558786,stable
CIITA,0.00301458612010367,0.737141945363449,0.971622076787017,stable
ADIPOR2,0.00297629720285403,0.138045886016215,0.435814284778464,stable
BAK1,0.00295455884253564,0.989875669135534,0.999789246558786,stable
TSPAN10,0.00294275530331525,0.952424236377885,0.999789246558786,stable
FYB,0.00293871598468656,0.702206888071736,0.957443396245151,stable
AHNAK,0.00293494774608982,0.800130167457456,0.992119654071687,stable
ZNF410,0.00292492756733065,0.892771664399071,0.999789246558786,stable
GBE1,0.00292296639190076,0.981931855090661,0.999789246558786,stable
TDRKH,0.00288955809986444,0.894256344599884,0.999789246558786,stable
RBM22,0.00287958985930653,0.998976762568969,0.999789246558786,stable
TCFL5,0.00285048747113613,0.937843602161123,0.999789246558786,stable
FMNL1,0.00283677002306454,0.957406918861561,0.999789246558786,stable
KLHDC10,0.00283282422294723,0.844094733839948,0.999789246558786,stable
NEK5,0.00279552625212245,0.979078968514443,0.999789246558786,stable
MINA,0.0027713416191703,0.939636160312628,0.999789246558786,stable
SRSF3,0.00276891380318878,0.385730821086163,0.736990063461603,stable
PRSS35,0.00276682399067594,0.983236333944449,0.999789246558786,stable
EPB41L4A,0.00276221235782542,0.945639356959859,0.999789246558786,stable
ACVR2B,0.00274340662801421,0.0115795423230323,0.0881627653873506,stable
ZNF321P,0.0027411363555917,0.963561883430519,0.999789246558786,stable
RBM4,0.002737373619147,0.997330172380818,0.999789246558786,stable
C3orf83,0.00273314044217049,0.750635990104083,0.976977677069028,stable
PAQR4,0.00272319049478157,0.992673818932119,0.999789246558786,stable
PCED1B,0.00267410814522349,0.993939826566946,0.999789246558786,stable
MBNL1-AS1,0.00266562542843333,0.98277311146885,0.999789246558786,stable
SLC15A4,0.00266345701069698,0.74778883332473,0.976542041254727,stable
ZFYVE27,0.00264763550845636,0.939370524563689,0.999789246558786,stable
PIH1D2,0.00261783724081317,0.787200396176996,0.987420136343518,stable
CCDC88B,0.00260805507098828,0.987157771679724,0.999789246558786,stable
RFC5,0.00260172046231017,0.986550897486671,0.999789246558786,stable
CTCF,0.00259818430102446,0.998312140869947,0.999789246558786,stable
KIAA0368,0.00259159830982741,0.729686482828058,0.968449662883948,stable
TAF6L,0.0025585072964428,0.984041267288426,0.999789246558786,stable
CLEC7A,0.00255806782441417,0.790635130215939,0.989022086753954,stable
FMNL1-AS1,0.00253197718037845,0.987813115980452,0.999789246558786,stable
ARHGAP4,0.0025294148727768,0.868956219764788,0.999789246558786,stable
OSBPL5,0.00252012339424883,0.896577139529745,0.999789246558786,stable
FAM206A,0.00249156853484009,0.880966173770356,0.999789246558786,stable
VWF,0.0024703564919741,0.841700433535983,0.999789246558786,stable
ZNF671,0.002468891507142,0.255807461611076,0.605535441094927,stable
MARK2,0.00245905423373405,0.988904815018255,0.999789246558786,stable
CROT,0.00245666317231553,0.0291644058257912,0.168960045883636,stable
STARD3,0.00243721814095671,0.999046969751189,0.999789246558786,stable
NCOR2,0.00243033846936924,0.983926452607872,0.999789246558786,stable
DFNA5,0.00242812788068218,0.971444824259583,0.999789246558786,stable
BRE,0.00241821908615983,0.966932799049648,0.999789246558786,stable
FGG,0.00241203850282913,0.985003186985468,0.999789246558786,stable
ZNNT1,0.00241140073299681,0.889074297842735,0.999789246558786,stable
GMPR,0.00239002638090503,0.984109848192125,0.999789246558786,stable
KIAA0196,0.00237523109660452,0.996788505996315,0.999789246558786,stable
STX19,0.00237503398558492,0.801846553599129,0.992358563634558,stable
PGM2,0.00235974777100409,0.936576399191467,0.999789246558786,stable
CCDC34,0.00233731937172259,0.15701711105643,0.4698597712494,stable
TPM2,0.00232442378155377,0.848455604239181,0.999789246558786,stable
KRAS,0.00231865991725694,0.999636888661801,0.999789246558786,stable
GOLIM4,0.00229110192904145,0.776255964097719,0.983820933657908,stable
TRIM16,0.00228735718907741,0.997937475910169,0.999789246558786,stable
RDH10,0.00227902965372517,0.812678139552425,0.995656133881576,stable
TMEM206,0.0022747660712732,0.992775958802498,0.999789246558786,stable
TMEM191B,0.00224787663894309,0.997144688337344,0.999789246558786,stable
FBLIM1,0.00224564105393928,0.996193812983374,0.999789246558786,stable
TMEM30A-DT,0.00222310468883208,0.670957555726385,0.943542538571976,stable
CCDC88A,0.00219450775480261,0.928869009717553,0.999789246558786,stable
UBN1,0.00218514284656626,0.946984376687815,0.999789246558786,stable
SLC25A34,0.00217608257025078,0.722872889330654,0.966353555512735,stable
PRSS53,0.00217589012805568,0.211629340492106,0.550767949366723,stable
LINC00869,0.00217177301882096,0.0221870976565016,0.140671722900973,stable
ACBD5,0.00214194080414298,0.976483279936377,0.999789246558786,stable
INMT,0.00212333390247256,0.989203160668106,0.999789246558786,stable
RCC1,0.00209647221589629,0.0993488509259259,0.362844443895584,stable
ZMAT3,0.0020941624175748,0.867822521124592,0.999789246558786,stable
ZNF184,0.00209073115112655,0.923066502912397,0.999789246558786,stable
ZNF512B,0.0020649977315494,0.931419876107983,0.999789246558786,stable
LYNX1,0.00204307796978359,0.96697932133585,0.999789246558786,stable
DCTN6-DT,0.00202704170505903,0.789319871325463,0.988185795481612,stable
BTBD1,0.00201660589915768,0.96559958681656,0.999789246558786,stable
GNG11,0.00201658846563499,0.383610236543526,0.735620323696956,stable
GPC6,0.00200532354936852,0.90495896727137,0.999789246558786,stable
UBAP2,0.00200145558287834,0.973982105784295,0.999789246558786,stable
CEP41,0.00199472513344537,0.902564108400099,0.999789246558786,stable
ASUN,0.00198804476052101,0.939151854438301,0.999789246558786,stable
PTPRS,0.00198470466617227,0.922273761732301,0.999789246558786,stable
TTPA,0.00195886548086785,0.995676421535706,0.999789246558786,stable
WDR89,0.00195022734135601,0.94620333711116,0.999789246558786,stable
FAM117A,0.00190110036452996,0.965368779224727,0.999789246558786,stable
CD37,0.00189490762145601,0.810089822722529,0.995656133881576,stable
GALNT2,0.00187706027161796,0.705840900991226,0.95865549005316,stable
TLR5,0.00187553744472554,0.818217899829711,0.997378504529586,stable
DPH5-DT,0.00186916225073187,0.733285317680781,0.971092757604328,stable
NRTN,0.00184980178138693,0.388461265795752,0.739304143404527,stable
KPNA6,0.00184146631445886,0.9965216642027,0.999789246558786,stable
CCDC149,0.00181744573339342,0.993140810908215,0.999789246558786,stable
PIK3R4,0.00181541994039724,0.975430027681148,0.999789246558786,stable
LRP2BP,0.00179808139964949,6.66233974522101e-24,2.71468136818606e-21,stable
ABHD6,0.00179453534135439,0.964273280573325,0.999789246558786,stable
ZBTB26,0.0017810211227785,0.834761248111733,0.999789246558786,stable
CCDC120,0.00177530885710228,0.998699129644527,0.999789246558786,stable
CNN3-DT,0.0017650863435386,0.966625450075563,0.999789246558786,stable
OLIG1,0.00172214215065685,0.930082540218648,0.999789246558786,stable
GOLGA2,0.00171905669192218,0.729823158907635,0.968449662883948,stable
SALL2,0.00171741228191827,0.35542218096171,0.709915153607181,stable
IGFBP4,0.00170490549587386,0.967388420804426,0.999789246558786,stable
VGLL3,0.00167847336765905,0.844650779229292,0.999789246558786,stable
DBT,0.00165860890814309,0.968622195479083,0.999789246558786,stable
TNPO2,0.00165455540354151,0.999475226478801,0.999789246558786,stable
C2CD2,0.00165256132507129,0.990206885631086,0.999789246558786,stable
LY75,0.00164843160432792,0.99579620203978,0.999789246558786,stable
GLOD5,0.00164834092599464,0.962196851001703,0.999789246558786,stable
STAU2,0.00162990127818383,0.984533743588186,0.999789246558786,stable
FAM173B,0.00161889581000257,0.969548061448036,0.999789246558786,stable
CXorf24,0.00157031749175467,0.982506995134931,0.999789246558786,stable
HAPSTR1,0.00156320766959067,0.917282875696767,0.999789246558786,stable
MR1,0.0015599798746728,0.964472396085671,0.999789246558786,stable
SPAG16,0.00154799270028513,0.999617490941318,0.999789246558786,stable
GLG1,0.00153907602554138,0.992281831353117,0.999789246558786,stable
PDE5A,0.0015322392250558,0.998672416474287,0.999789246558786,stable
CCDC71,0.00146853929229235,0.959159215546664,0.999789246558786,stable
ST6GAL2,0.00142146743885639,0.987181910513169,0.999789246558786,stable
HELLS,0.00141890318518766,0.996771613975769,0.999789246558786,stable
PACRGL,0.00141780482034357,0.994308910918681,0.999789246558786,stable
PCK2,0.00134323778695232,0.9996104916548,0.999789246558786,stable
CLDN1,0.00129671808655409,0.998562480280775,0.999789246558786,stable
RAI14,0.00129396235280188,0.872744374340061,0.999789246558786,stable
ACOT1,0.00129311550892733,0.533269819869341,0.855358913276844,stable
GLA,0.00128734638070247,0.931170477162377,0.999789246558786,stable
CCDC40,0.00126196865455846,0.851376649048505,0.999789246558786,stable
SNX19,0.00125602561926363,0.980226864670443,0.999789246558786,stable
LGI3,0.00125569120006425,0.96455466373127,0.999789246558786,stable
NIFK-AS1,0.00122786007541627,0.800334743848241,0.992119654071687,stable
WDR5B,0.00122609620741039,0.952278823081966,0.999789246558786,stable
CENPQ,0.00122155998737032,0.66153593922769,0.939776695234432,stable
CCL3,0.00122115408617094,0.820545504792269,0.997378504529586,stable
AGK,0.0012119813972737,0.969092905780034,0.999789246558786,stable
MYO1F,0.00120715454083143,0.978103591303204,0.999789246558786,stable
GLIS3,0.00120707939549222,0.996744135182992,0.999789246558786,stable
ZNF169,0.00120423599176072,0.162629772684647,0.476506793215994,stable
TWIST2,0.00120354392275981,0.395556529002163,0.746185649771982,stable
P4HA1,0.00120326499170413,0.992136930686289,0.999789246558786,stable
DLAT,0.00120324071075434,0.768402561243461,0.981415985828635,stable
ARHGEF10L,0.00118764515567648,0.993096557402767,0.999789246558786,stable
FAM199X,0.00117838327267655,0.823691382344123,0.997404998293666,stable
IL1B,0.00114689882183127,0.995103333443133,0.999789246558786,stable
GLYCTK,0.00114647973459577,0.979044986700485,0.999789246558786,stable
DDX26B,0.00114301762324928,0.997129671714459,0.999789246558786,stable
CCDC104,0.00113181418642061,0.999149208763981,0.999789246558786,stable
SNURF,0.00112769789624846,0.998763795291149,0.999789246558786,stable
PCDH18,0.0011159658559022,0.909626926700334,0.999789246558786,stable
FANK1,0.00106363585792906,0.9248966813678,0.999789246558786,stable
ACTR8,0.00106298118158205,0.95119601521748,0.999789246558786,stable
CLP1,0.00106032839568502,0.997626055707397,0.999789246558786,stable
LRRC49,0.00105074859293408,0.86118269462156,0.999789246558786,stable
LUZP1,0.00104357438452377,0.998975135636591,0.999789246558786,stable
GRB14,0.00103084219815843,0.980502083822186,0.999789246558786,stable
PTK2B,0.00101712009768508,0.997033901222327,0.999789246558786,stable
MTFR1,0.00101699064153032,0.857028346013308,0.999789246558786,stable
NACAD,0.00101512250278623,0.979747327613018,0.999789246558786,stable
UTP23,0.00099438131452112,0.918490589027725,0.999789246558786,stable
LINC01125,0.000983381083167943,0.998298212577267,0.999789246558786,stable
CXCL3,0.000969730481226616,0.825728620007429,0.997759163651196,stable
SETD1A,0.000966078850788213,0.985135717332185,0.999789246558786,stable
TAF4B,0.000961684146260803,0.998386177321019,0.999789246558786,stable
MUTYH,0.000941871126603766,0.954933598852809,0.999789246558786,stable
RLIG1,0.000927762540322036,0.999789246558786,0.999789246558786,stable
C11orf71,0.00090437801806266,0.856097312195545,0.999789246558786,stable
MSRB1,0.000903858858704906,0.992471524212126,0.999789246558786,stable
CAPN10-AS1,0.000901942960964908,0.876696846769079,0.999789246558786,stable
ABCA2,0.000888547691759646,0.993082542290497,0.999789246558786,stable
MAPK9,0.000874059770830909,0.999741725745743,0.999789246558786,stable
ZNF362,0.000835739281048825,0.988297116532061,0.999789246558786,stable
RBM38,0.000816901834658886,0.96973802656441,0.999789246558786,stable
LDOC1L,0.000815183473316307,0.993358043733214,0.999789246558786,stable
DFNB59,0.000808545714917461,0.919281005993318,0.999789246558786,stable
HSDL2,0.000803393966526289,0.833190851828217,0.999789246558786,stable
GOLGA8N,0.000779982213748188,2.18276808409243e-05,0.000577535867098395,stable
HERPUD2-AS1,0.000777874130907415,0.998726490853926,0.999789246558786,stable
LINC02878,0.000773267029176055,0.998378629258491,0.999789246558786,stable
PER1,0.000745428862580444,0.434825824529247,0.778637874864628,stable
C1orf226,0.000730270545586005,0.998832626951627,0.999789246558786,stable
CCDC134,0.000713269720224691,0.828011044748058,0.99792050950069,stable
ZER1,0.00070901947107721,0.991149654483527,0.999789246558786,stable
SCLY,0.000698121153059138,0.919949244776091,0.999789246558786,stable
ZKSCAN5,0.000697850381997659,0.976257491667822,0.999789246558786,stable
LINC00921,0.000685251441798405,0.998221727347635,0.999789246558786,stable
NFATC1,0.000673922765418101,0.995756442132985,0.999789246558786,stable
DNAAF2,0.000648553393421972,0.988609747838769,0.999789246558786,stable
TAF10,0.000640913624109174,0.425109445169507,0.770874242120127,stable
S1PR2,0.000630513722480793,0.949133076880882,0.999789246558786,stable
GTF3C1,0.000623010026338133,0.283735490775673,0.638274188019152,stable
RINL,0.000591972722884915,0.708541310642215,0.959569298224567,stable
STRIP1,0.000588060595794332,0.922584488260371,0.999789246558786,stable
IMPA1,0.000587661930806199,0.998208116209592,0.999789246558786,stable
FGFR1,0.00053236445106716,0.00902448294609128,0.0739362599767782,stable
C9orf117,0.000531066892838033,0.77019398361334,0.981415985828635,stable
LINC01106,0.000530722151967322,0.983141233489281,0.999789246558786,stable
THUMPD2,0.00051569421340128,0.614496940461229,0.912932741881145,stable
ZNF529,0.000498690330441129,0.977464260023358,0.999789246558786,stable
TMEM127,0.000475791634758638,0.892185729559261,0.999789246558786,stable
GIPR,0.000474393032962003,0.907449710193569,0.999789246558786,stable
DGKA,0.000472231593104538,0.977396677647483,0.999789246558786,stable
METTL18,0.000467312424984968,0.871083977837751,0.999789246558786,stable
TOX-DT,0.000463572549404245,0.999316383975209,0.999789246558786,stable
XPNPEP1,0.000449522250960122,0.22953824876092,0.573744210835733,stable
ZNF230,0.000438203705714211,0.494341350065171,0.827658720392297,stable
MGAT2,0.000416306447013307,0.997309137006023,0.999789246558786,stable
BMPR1A,0.000410616677165576,0.92232980981346,0.999789246558786,stable
MT1F,0.000409509605813624,0.552694962055668,0.870300555992334,stable
CDHR3,0.000395537900921852,0.897317847070907,0.999789246558786,stable
TAMM41,0.000385199009491369,0.828671340825463,0.99792050950069,stable
ST3GAL1,0.000361880597053318,4.38666476658066e-15,6.53934025691243e-13,stable
TTTY14,0.000317064329034986,0.940985555662751,0.999789246558786,stable
TGOLN2,0.000313797352955891,0.619717096133332,0.915854865557998,stable
NBPF10,0.000312115037225322,0.736264161450588,0.971586428348398,stable
FAM185A,0.000310352148579343,0.99655688089507,0.999789246558786,stable
PRRT3-AS1,0.000308596691883236,0.98934065141372,0.999789246558786,stable
ARHGDIB,0.000307768245450826,0.962278571808746,0.999789246558786,stable
NCF2,0.00029494107465945,0.1566760868166,0.469644062100569,stable
SPATA13,0.000284809161899116,0.972842654142908,0.999789246558786,stable
MTMR1,0.000269981718794637,0.964885419685335,0.999789246558786,stable
TBC1D10B,0.000269810032356224,0.984553976867574,0.999789246558786,stable
TMEM209,0.000244589657476244,0.00314277463221915,0.0342399974191149,stable
HADHB,0.000240372924206644,0.693645492306532,0.953031639648763,stable
TNFAIP1,0.000236989814983712,0.650941439078473,0.933494621221874,stable
PLEKHA8,0.000195518211229317,0.990351664200894,0.999789246558786,stable
ENG,0.000192480599262747,0.47165013505561,0.80850529391667,stable
VPS33A,0.000147447385236789,0.976198103696343,0.999789246558786,stable
PAG1,0.000132136951779202,0.896087584381797,0.999789246558786,stable
PCGF3-AS1,0.000125504576816857,0.998986225356268,0.999789246558786,stable
CHST3,0.000119953252850684,0.996350403919398,0.999789246558786,stable
MTMR9,0.000117001732794775,0.83780520738698,0.999789246558786,stable
POLR1G,0.000109774526632734,0.980986897183725,0.999789246558786,stable
ADM,0.000105567397090505,0.000124518662153356,0.00250760482069624,stable
CRTAC1,0.00010196457727343,0.999264852239085,0.999789246558786,stable
C1orf53,8.49279390692376e-05,0.939062172370492,0.999789246558786,stable
DDX23,7.23602704534865e-05,0.773236482969022,0.982642974094327,stable
DNA2,6.37172723165769e-05,0.990136898934202,0.999789246558786,stable
SLC30A6-DT,5.55249979383062e-05,0.999303673082679,0.999789246558786,stable
ZNF778,4.57833123691659e-05,0.949433283366227,0.999789246558786,stable
URM1,4.35016208973349e-05,0.913132624207059,0.999789246558786,stable
MOCS3,3.82264675119932e-05,0.515855297739816,0.841982577855749,stable
UBE2J1,3.20399406992244e-05,0.946673201078574,0.999789246558786,stable
RRS1,2.55675671727296e-05,0.995457812464415,0.999789246558786,stable
ZNF280C,1.19668609131762e-05,0.981031006915827,0.999789246558786,stable
METTL4,-1.08522686918591e-05,0.99548748479076,0.999789246558786,stable
GSTM4,-1.62048962237538e-05,0.0205358898258474,0.132800739009673,stable
FGF2,-3.88798591255124e-05,0.900556988412629,0.999789246558786,stable
FASTKD5,-4.60936718267441e-05,0.98248801297561,0.999789246558786,stable
GRHL1,-6.50206638798476e-05,0.0830365554577937,0.326694191797898,stable
DNAJB2,-0.000112829624769717,0.785525053953564,0.987420136343518,stable
TXNRD2,-0.000121896956004008,0.606715614215628,0.907603920571023,stable
ITFG3,-0.000134725673518576,0.876812051251131,0.999789246558786,stable
ADH1C,-0.000139083868804055,0.91903043141447,0.999789246558786,stable
GLTSCR1L,-0.000188402060819992,0.983540216058809,0.999789246558786,stable
LIAT1,-0.000216879434220205,0.988796895997529,0.999789246558786,stable
ADAMTS9,-0.000250198295504465,0.803864466784287,0.993168306519291,stable
SFMBT1,-0.000258347949074159,0.201932928432471,0.537040972249102,stable
EXOSC1,-0.000262492837588474,0.969053225887941,0.999789246558786,stable
PNPT1,-0.00027649581693262,0.968745163832959,0.999789246558786,stable
GARNL3,-0.000301534916731933,0.769524490348064,0.981415985828635,stable
NPR3,-0.000319081564606489,0.996330337726603,0.999789246558786,stable
DDIT3,-0.000367199321026079,0.76147086657061,0.97948844320936,stable
FAM46B,-0.000383148120611021,0.869359183771745,0.999789246558786,stable
SYTL3,-0.000383592944416946,0.617872625876198,0.915278111816608,stable
ZFP3,-0.000389612937735383,0.73741470491548,0.971718767965619,stable
FOXQ1,-0.000409873666667969,0.919617446175711,0.999789246558786,stable
RCL1,-0.000422908850252715,0.999745397062201,0.999789246558786,stable
ZGLP1,-0.000440730309208803,0.90114648735559,0.999789246558786,stable
ZDHHC7,-0.000460426527946423,0.0222744275030733,0.140933023704746,stable
PELATON,-0.000467261290077098,0.986934354581211,0.999789246558786,stable
NUFIP1,-0.000474442311463201,0.9994694925129,0.999789246558786,stable
GNAZ,-0.000478146234229336,0.997134805402965,0.999789246558786,stable
FAS,-0.000511716407407326,0.765076759142,0.980914039205784,stable
TMEM64,-0.000512202745089618,0.386022446563299,0.737302872935902,stable
SLC5A7,-0.00051923035879476,0.954545347294677,0.999789246558786,stable
TCEAL3,-0.00052190373860303,0.619846589460998,0.915854865557998,stable
RNF113A,-0.000555767886672484,0.925003357191376,0.999789246558786,stable
NAB1,-0.000571292699413778,0.861282358139201,0.999789246558786,stable
CENPO,-0.00060667017310129,0.953016748026157,0.999789246558786,stable
FBXO10,-0.00061931693748204,0.982532740210873,0.999789246558786,stable
TMEM136,-0.000622978559493226,0.999714950281106,0.999789246558786,stable
MANEA-AS1,-0.000623035788727473,0.98685381975493,0.999789246558786,stable
REPS1,-0.000628830174852768,0.97017755258222,0.999789246558786,stable
HOATZ,-0.000643631107956972,0.655681470151691,0.936834648423419,stable
RAB7B,-0.000657356488375307,0.9564887927698,0.999789246558786,stable
PTCD1,-0.000659398594668993,0.996441466465227,0.999789246558786,stable
ZNF341,-0.000688455960069572,0.789929871340524,0.988615188915299,stable
WDR24,-0.000697102722380418,0.950660276234616,0.999789246558786,stable
TICAM1,-0.000699585800087194,0.999609009003691,0.999789246558786,stable
SLCO4A1-AS2,-0.000716208337585365,0.986035109071682,0.999789246558786,stable
ACSM3,-0.000741672735631228,0.996880538675991,0.999789246558786,stable
CNOT2,-0.00076032233440243,0.853100227119467,0.999789246558786,stable
SKIC8,-0.000781223856751001,0.568421279319133,0.881103438802571,stable
BRD7,-0.000802397409672473,0.314390088836705,0.669004247325479,stable
ACRC,-0.000807899917845975,0.904838195146405,0.999789246558786,stable
DEPTOR,-0.000851899888295982,3.36882984753744e-30,2.16739873980514e-27,stable
FXR2,-0.000871259894727194,0.783662950238545,0.987041300747956,stable
LRRIQ1,-0.000874387151349777,0.0141414637646194,0.101209164554278,stable
VEGFB,-0.000877298607793342,0.913780188644841,0.999789246558786,stable
TMEM38A,-0.000881798319749966,0.938236167130276,0.999789246558786,stable
C10orf35,-0.000885160741315352,0.202761235131355,0.537997251627021,stable
SUPT5H,-0.000901674613846604,0.710524421809822,0.960637766384906,stable
ANKRD9,-0.000927582146155403,0.816828331744303,0.997229197544683,stable
CSTF2,-0.000933822254009217,0.99856890634673,0.999789246558786,stable
TBC1D13,-0.00093647891949003,0.820858687066315,0.997378504529586,stable
GMIP,-0.0009390537699536,0.000295822017883164,0.00518069963696819,stable
LARS2,-0.000957757428906234,0.514152004886811,0.841364673057079,stable
SARM1,-0.000960784639183337,0.859215720519835,0.999789246558786,stable
ANKRD13C-DT,-0.000974004948842207,0.998923942035243,0.999789246558786,stable
DYNLT2,-0.0010068856290507,0.987056382230975,0.999789246558786,stable
H2BC11,-0.00101037204774379,0.47972777823217,0.815570472324404,stable
DHRS2,-0.00102039733361027,0.763916388468317,0.979984402411979,stable
SLC38A1,-0.00105673391719679,0.999480535161709,0.999789246558786,stable
FAHD2B,-0.00106620054047112,0.986758744541617,0.999789246558786,stable
GLT8D1,-0.00108800400712902,0.928103572047737,0.999789246558786,stable
TMEM69,-0.00109148450851146,0.980640661717911,0.999789246558786,stable
RRP1,-0.00109672404637751,0.999713249465341,0.999789246558786,stable
RIMOC1,-0.00109809657188181,0.989148331265342,0.999789246558786,stable
FAM198B,-0.00110164107434541,0.985879940325401,0.999789246558786,stable
SAMHD1,-0.00110995395448152,0.870075873286037,0.999789246558786,stable
PPCDC,-0.00111034266382476,0.951226637583554,0.999789246558786,stable
GOLPH3-DT,-0.00111220160854489,0.982781643956475,0.999789246558786,stable
M6PR,-0.00111401505707665,0.891686617989635,0.999789246558786,stable
PLEKHG5,-0.00111753007735112,0.998976120777884,0.999789246558786,stable
AP5S1,-0.00113130259739336,0.72957735193395,0.968449662883948,stable
BMP8B,-0.00114525042873859,0.445658451317148,0.786789270494052,stable
WDR45,-0.00117313136792527,0.963602102226167,0.999789246558786,stable
OR5P2,-0.00117702406911892,0.837589681048885,0.999789246558786,stable
LHFP,-0.00118901668661749,0.747387755627952,0.976542041254727,stable
TTC39C,-0.00119051984378754,0.990853294114877,0.999789246558786,stable
GALM,-0.00119054546376945,0.948030178057328,0.999789246558786,stable
ARSB,-0.00123624557456207,0.473229844030516,0.810343041494784,stable
MYPOP,-0.00125470033803748,0.865223059799451,0.999789246558786,stable
PSMC3IP,-0.00125503918161515,0.996684072394773,0.999789246558786,stable
NOP2,-0.00126187638989145,0.951993370515469,0.999789246558786,stable
ATXN7L1,-0.00127164724696697,0.759721186149853,0.97890393012092,stable
DUSP12,-0.00127445321242191,0.888239179290934,0.999789246558786,stable
NMNAT3,-0.00128013169347891,0.939463060977384,0.999789246558786,stable
CLUH,-0.00130023615086966,0.640936586113456,0.926863861570252,stable
HEATR3,-0.00134133024965011,0.909797103021151,0.999789246558786,stable
UBR7,-0.00134955612516963,0.984840255869906,0.999789246558786,stable
PABIR2,-0.00136127205036055,0.976607019368392,0.999789246558786,stable
HSD17B1,-0.00138079742934664,0.996611408316114,0.999789246558786,stable
ZNF232,-0.00139161893777116,0.793827507304075,0.990095908592697,stable
SPOP,-0.00140061237536016,0.902592672338192,0.999789246558786,stable
SLC52A3,-0.00140718169347965,0.787118274659376,0.987420136343518,stable
RRM2B,-0.00143163939045982,0.875531182998766,0.999789246558786,stable
SLC35B4,-0.00144272818650648,0.977627131784971,0.999789246558786,stable
DUOX2,-0.00144774484567301,0.852155775912228,0.999789246558786,stable
SLC39A10,-0.00145142186243659,0.961636610450543,0.999789246558786,stable
CALCRL,-0.00146716233946259,0.652283339351161,0.934649402443712,stable
MAP3K7CL,-0.00146770753376857,0.417850207680011,0.76509900219899,stable
JAZF1,-0.00147098631843157,0.99167482143139,0.999789246558786,stable
UCK2,-0.00147724917851325,0.964532743781423,0.999789246558786,stable
TSPAN9,-0.00149132456581302,0.659549976839614,0.938866506189873,stable
SIK1,-0.00151220879027972,0.958123815140018,0.999789246558786,stable
ZNF253,-0.00153464245514424,0.982369619324114,0.999789246558786,stable
NCK1,-0.00155849127668414,0.026993417031168,0.160260698064913,stable
POC5,-0.00156121759955945,0.690640050481916,0.951254532629965,stable
SOD2,-0.00157171894257024,0.959704415994739,0.999789246558786,stable
TTC13,-0.00158325823481145,0.999069593194448,0.999789246558786,stable
AKT3,-0.00160065300145444,0.00647831520362999,0.0583258503744091,stable
FGF18,-0.00161626096001212,0.730891594300021,0.969363561420879,stable
SMCR5,-0.00162830453492539,0.970825175559706,0.999789246558786,stable
SEMA6C,-0.00163444200167377,0.959981261670604,0.999789246558786,stable
PCSK5,-0.00163454408953458,0.956057771672375,0.999789246558786,stable
INIP,-0.00164042539694878,0.837489527866185,0.999789246558786,stable
ABHD14B,-0.00164833726401681,0.23715086967991,0.582951014120301,stable
CLUL1,-0.00166104058557932,0.993397728327063,0.999789246558786,stable
ZNF763,-0.00169312026220184,0.996609492163496,0.999789246558786,stable
PCTP,-0.00169918875439409,0.962416968115568,0.999789246558786,stable
MDC1,-0.00170456404026852,0.955181296912273,0.999789246558786,stable
TMEM52,-0.0017152984421218,0.595745609061326,0.900394946237098,stable
ZNF619,-0.00172642038595834,0.494401503297166,0.827658720392297,stable
TMEM191C,-0.0017332148299002,0.998516602893545,0.999789246558786,stable
ZFP41,-0.00174345645679406,0.947584035661437,0.999789246558786,stable
MCM4,-0.00176056942375627,0.660475055102529,0.939484752251344,stable
RAPGEF3,-0.00178178608933232,0.974083747293157,0.999789246558786,stable
LGALSL,-0.00180382256317729,0.989614678995115,0.999789246558786,stable
SKIC2,-0.00185698199081887,0.968974711344848,0.999789246558786,stable
BAIAP3,-0.00186779166030966,0.904675630112034,0.999789246558786,stable
HLA-DQA1,-0.00187137698877354,0.622671265119994,0.916941759405711,stable
RNF10,-0.00189977783362227,0.965699978184376,0.999789246558786,stable
YTHDF3,-0.00194733270371059,0.997705990533464,0.999789246558786,stable
ZBTB44,-0.00195749388915117,0.896366559840774,0.999789246558786,stable
U73166.2,-0.00195946801069911,0.15321895958321,0.463486404836713,stable
BNIP1,-0.00197793693176235,0.982190960253,0.999789246558786,stable
ZNF502,-0.00198388359344776,0.994691453594356,0.999789246558786,stable
PODXL2,-0.00198522084305114,0.832722504165385,0.999789246558786,stable
FGFBP3,-0.00199061486185068,0.269879467372334,0.622853111642866,stable
URB2,-0.00199934199424229,0.973271637618092,0.999789246558786,stable
KANK4,-0.00200419077946377,0.680361266873191,0.946697339357756,stable
FAM88C,-0.0020128007324083,0.76189791204024,0.97948844320936,stable
TMEM184A,-0.0020161681324369,0.978655553450779,0.999789246558786,stable
SCFD2,-0.002023817758022,0.794085429306512,0.990095908592697,stable
GPR180,-0.00202529233156627,0.990446519029876,0.999789246558786,stable
IL7R,-0.00203686762144053,0.99089855703187,0.999789246558786,stable
RAB40C,-0.00206360608502748,0.955593508939664,0.999789246558786,stable
PRR7,-0.0020666012360892,0.987780738980155,0.999789246558786,stable
ZNF518B,-0.00207180652200497,0.997461505023187,0.999789246558786,stable
SLC15A3,-0.00207676464260693,0.996993353595857,0.999789246558786,stable
CPT2,-0.00209240411933588,0.781948597883571,0.986114573192351,stable
ASPA,-0.0020953305337431,0.965042294311013,0.999789246558786,stable
SAAL1,-0.00209931866284619,0.688972457609418,0.950886228047592,stable
HAT1,-0.00214950686189137,0.993150544201198,0.999789246558786,stable
ATOSB,-0.00217088957346825,0.938815230705883,0.999789246558786,stable
KLC3,-0.00217711867068458,0.974083605893036,0.999789246558786,stable
SLC7A5,-0.00218353720718431,0.986250032267337,0.999789246558786,stable
EFHD2,-0.00218690742214939,0.951215694941848,0.999789246558786,stable
CBX8,-0.00219686837353629,0.815019473587709,0.996778193610421,stable
DDX28,-0.0022025383297035,0.669163822592155,0.942869096644723,stable
MBTPS1-DT,-0.00223346886789588,0.992860421275884,0.999789246558786,stable
RUNX2,-0.00227107076803209,0.983956490236913,0.999789246558786,stable
VSIG10L,-0.0022718553613894,0.990871943037991,0.999789246558786,stable
AFTPH,-0.00227608489921369,0.818026802056616,0.997378504529586,stable
NBPF3,-0.00227662247290361,0.985428347196596,0.999789246558786,stable
OSGIN1,-0.0022818800386869,0.549337775512344,0.867652812681024,stable
USP1,-0.00229282006680054,0.757946281265291,0.978529584839239,stable
PES1,-0.00230188246476395,0.852009908693379,0.999789246558786,stable
SMYD5,-0.00230339520613194,0.939118446685314,0.999789246558786,stable
C6orf120,-0.00230508643384188,0.854659509843172,0.999789246558786,stable
CDK19,-0.00231193151182796,0.976650284258052,0.999789246558786,stable
RBM10,-0.00233695507676882,0.969224682035592,0.999789246558786,stable
SLC35D2,-0.00234652605341126,0.688234432951002,0.950462387845182,stable
RBM47,-0.00236095956003052,0.49635716730988,0.828662935426929,stable
ACO1,-0.00236643239470907,0.996436095833849,0.999789246558786,stable
CD82,-0.0023732127678303,0.083995940510922,0.328224476970432,stable
WFDC3,-0.00239344159785396,0.85466748115707,0.999789246558786,stable
ACTR5,-0.00240331759933105,0.275987571020643,0.629515842154707,stable
RNF139,-0.0024187754135678,0.974299784471023,0.999789246558786,stable
NCAPH2,-0.00241981839504438,0.911373283263941,0.999789246558786,stable
CNOT6,-0.00242534008777454,0.981835175470357,0.999789246558786,stable
MFGE8,-0.00245626005940103,0.936913042888089,0.999789246558786,stable
HECTD3,-0.00247570966875985,0.994716727330153,0.999789246558786,stable
L3MBTL2,-0.00247809406423424,0.998251291017737,0.999789246558786,stable
TRAF7,-0.00247954673085704,0.998770512422275,0.999789246558786,stable
THG1L,-0.00247974346004873,0.114827379614964,0.393735336288327,stable
CCDC24,-0.00248251420497093,0.915151815615216,0.999789246558786,stable
C11orf96,-0.00248752499673571,0.993857426991416,0.999789246558786,stable
PID1,-0.00249123797617665,0.986492248070672,0.999789246558786,stable
C8orf34,-0.00253292860828999,0.984681530684675,0.999789246558786,stable
METTL25B,-0.00255589025606891,0.979729493467646,0.999789246558786,stable
ADCK2,-0.0025661589824435,0.757270216475551,0.978529584839239,stable
PEX12,-0.00259626352553868,0.896593831455595,0.999789246558786,stable
RCE1,-0.00259818888446184,0.994535574958252,0.999789246558786,stable
TTC32,-0.00262864637266171,0.920751030295886,0.999789246558786,stable
MPG,-0.00264120223415393,0.721948606973178,0.96618127563391,stable
CCDC97,-0.00266494383472399,0.988333318193894,0.999789246558786,stable
FRG1,-0.00269415937737311,0.845766105397994,0.999789246558786,stable
C8orf82,-0.00269655946424682,0.988438942221968,0.999789246558786,stable
HMGN4,-0.00270396888479445,0.993346859260975,0.999789246558786,stable
C2orf88,-0.00272412209632462,0.964976140893135,0.999789246558786,stable
NSL1,-0.00276822099388302,0.978757256544691,0.999789246558786,stable
WRAP53,-0.00278949725917117,0.991298606827123,0.999789246558786,stable
HRASLS5,-0.00279274152276257,0.878271921605719,0.999789246558786,stable
hsa-mir-1199,-0.00280181085003128,0.995577919068504,0.999789246558786,stable
SEC16B,-0.00283908597202097,0.757575451508922,0.978529584839239,stable
PLEKHN1,-0.00285508534711152,0.400958612472101,0.751390169992175,stable
GNB4,-0.00285956117621733,0.789118341881447,0.988135895427044,stable
TNIP1,-0.0028755954397684,0.507860293568781,0.837120311297839,stable
STK10,-0.00289281521300456,0.740491618080106,0.973099283961644,stable
GLIPR2,-0.00291203150035894,0.881144134699032,0.999789246558786,stable
PITPNC1,-0.00291819390503812,0.994131581672615,0.999789246558786,stable
MED20,-0.00291889156682872,0.763650851298028,0.979984402411979,stable
ZNF785,-0.0029254609143,0.750060081444462,0.976852166586097,stable
NOA1,-0.00293271186955679,0.899976369946187,0.999789246558786,stable
NKAPL,-0.00293886895923668,0.783510374435386,0.986977619239299,stable
ARHGEF3,-0.00294463952944968,0.867171378087073,0.999789246558786,stable
TPST1,-0.00294858911146856,0.580511856583436,0.889485962398893,stable
LPP-AS2,-0.00295174297383717,0.797011756676699,0.990820597366549,stable
JHDM1D-AS1,-0.00296154009436227,0.571490384129365,0.882838172070941,stable
RWDD3,-0.00297820602862854,0.826542848726333,0.997759163651196,stable
CLPB,-0.00298524958018052,0.726373845326448,0.967654085142818,stable
DDX3Y,-0.0030125387017311,0.990014847596051,0.999789246558786,stable
USP49,-0.00306237075966753,0.890293496903793,0.999789246558786,stable
SPATA18,-0.0030632586724072,0.948382484575789,0.999789246558786,stable
DTX2,-0.00308334412265107,0.143011446187639,0.445848487171054,stable
SLC45A4,-0.00308593208387284,0.989822394619017,0.999789246558786,stable
CCDC122,-0.00309585406630258,0.914984321408859,0.999789246558786,stable
NCDN,-0.00309828332624791,0.979272294035062,0.999789246558786,stable
PGM2L1,-0.00311930754414664,0.946631856850033,0.999789246558786,stable
ANKDD1A,-0.00312790897655199,0.972069498182485,0.999789246558786,stable
SLC35A1,-0.00316230007445539,0.900122573529525,0.999789246558786,stable
FBXO17,-0.00319466192065258,4.2431777018194e-07,1.87929725460291e-05,stable
WDR76,-0.0032266064741575,0.848237474485774,0.999789246558786,stable
PVR,-0.00325166096559382,0.988154169740725,0.999789246558786,stable
DYNLRB2,-0.00327108390059136,0.786043910803987,0.987420136343518,stable
ZSWIM1,-0.00327848684601589,0.162481734271116,0.476382888167182,stable
EFR3A,-0.0033068590424874,0.962503945715127,0.999789246558786,stable
FAM46C,-0.0033080796216879,0.963254821622323,0.999789246558786,stable
DEPDC5,-0.00331078963543626,0.92101179734573,0.999789246558786,stable
LRRC48,-0.00332397958081784,0.976437507824226,0.999789246558786,stable
SLC25A21-AS1,-0.00333980456308156,0.982704191144674,0.999789246558786,stable
CISH,-0.00334948153922786,0.960936748488264,0.999789246558786,stable
GPKOW,-0.003363924757908,0.628219045720415,0.919902924638998,stable
ZNF226,-0.00337791966231656,0.948061775734293,0.999789246558786,stable
COPB2-DT,-0.00343698841821284,0.961607988793407,0.999789246558786,stable
DNAJC28,-0.00344560431690333,0.361241904239353,0.716040382263962,stable
TGFA,-0.00346236272862838,0.326443584452223,0.68177795597881,stable
TAF1A,-0.00348508939998951,0.988920803918886,0.999789246558786,stable
UBE2V1,-0.00349146206003423,0.937043851438482,0.999789246558786,stable
MPLKIP,-0.00350542982839663,0.840952190350013,0.999789246558786,stable
VPS25,-0.0035057856530511,0.652356280181057,0.934649402443712,stable
XRCC1,-0.00353080862994133,0.978113372216319,0.999789246558786,stable
DGCR14,-0.00354561637712478,0.983288650387496,0.999789246558786,stable
FAM117B,-0.00358395106102982,0.957614655374605,0.999789246558786,stable
KIAA1958,-0.00360122466810149,0.153747294590449,0.464854545899988,stable
BIRC2,-0.00362970176718813,0.401168238923087,0.751485196090995,stable
B4GALT2,-0.00363243311396631,0.99277842958282,0.999789246558786,stable
ZNF496,-0.00364066190121929,0.96342317034375,0.999789246558786,stable
ZNF608,-0.00366431804320888,0.97536313953065,0.999789246558786,stable
AGAP5,-0.00367639944269613,0.859605935016264,0.999789246558786,stable
GOLGA6L9,-0.00368298466726635,0.924805281026912,0.999789246558786,stable
PAOX,-0.00370720527930469,0.870353871781607,0.999789246558786,stable
STAT1,-0.00371146864223476,0.327947747834122,0.683052184277442,stable
IP6K2,-0.00374352295629432,0.827005067470886,0.997759163651196,stable
HILPDA,-0.0037551701387648,0.965258902502118,0.999789246558786,stable
CPPED1,-0.00379550314389733,0.991949919730106,0.999789246558786,stable
MATCAP2,-0.00379608918844929,0.986819802801645,0.999789246558786,stable
ZDHHC12-DT,-0.00381760882072903,0.978957224711404,0.999789246558786,stable
IGJ,-0.00382197077933417,0.63426034783243,0.923219634663447,stable
PPP4R3B-DT,-0.00382635409415011,0.34488373810776,0.70112403369853,stable
GRAMD4,-0.0038661688194663,0.852532606527294,0.999789246558786,stable
H4C16,-0.00387727348826288,0.890341195235956,0.999789246558786,stable
COG8,-0.00390629448302966,0.978626687671417,0.999789246558786,stable
ARHGEF16,-0.00391752724197583,0.824493718084911,0.997433239620629,stable
SHB,-0.00392452493678137,0.966389681757015,0.999789246558786,stable
HAGHL,-0.00394222579906216,0.964379665250449,0.999789246558786,stable
H2BC5,-0.00394596741643669,0.976762528064665,0.999789246558786,stable
HBB,-0.00395844398777106,0.976560196348261,0.999789246558786,stable
ASPH,-0.00396239999032311,0.637160862264907,0.924387829035722,stable
GMPPA,-0.00398515488806271,0.925226432552078,0.999789246558786,stable
PRSS16,-0.00400174007802437,0.830417299057904,0.998995363715692,stable
TBC1D8B,-0.0040043966499428,0.119318600652118,0.401915286407133,stable
LRRC46,-0.0040242167341006,0.909336364482697,0.999789246558786,stable
SPOPL,-0.00404179258787885,0.904229460527254,0.999789246558786,stable
GSK3A,-0.00408260941917102,0.995186189982768,0.999789246558786,stable
ZNF350,-0.00409085346811003,0.518444358980308,0.844457441826872,stable
PCDHGA10,-0.0040959764445573,0.0295345688139456,0.170538766736737,stable
UBAC2,-0.00411775183780749,0.915274438394435,0.999789246558786,stable
ATG13,-0.00411775448367645,0.982911300744149,0.999789246558786,stable
ELMOD3,-0.00412185186296817,0.914531503724931,0.999789246558786,stable
LMTK3,-0.00416468466461534,0.827412028953876,0.997759163651196,stable
ZBTB22,-0.0041792925096827,0.982641137257005,0.999789246558786,stable
BLOC1S5,-0.00419114293958736,0.925588892905798,0.999789246558786,stable
THEM6,-0.00419640617525252,0.995211419272955,0.999789246558786,stable
LPXN,-0.00419989626679313,0.906587840269207,0.999789246558786,stable
FABP3,-0.00420736093775159,0.973671965929954,0.999789246558786,stable
IGHM,-0.00421426212237982,0.91209744205499,0.999789246558786,stable
PLEKHF1,-0.00422458915058082,0.957078299718842,0.999789246558786,stable
ANXA8L1,-0.00424190733082846,0.96555162708408,0.999789246558786,stable
GPM6B,-0.00427651330169124,0.880400149932708,0.999789246558786,stable
PPP1R3D,-0.00427773927626284,0.97395273134112,0.999789246558786,stable
DIEXF,-0.00429756801013136,0.936594657192492,0.999789246558786,stable
LLGL1,-0.00430334123384322,0.831061611669635,0.999310263509009,stable
RUFY1,-0.0043144132048353,0.160501105615568,0.474161840392802,stable
IL17RC,-0.00431774701510529,0.938225531126734,0.999789246558786,stable
EVA1B,-0.00434131758123203,0.988288353764569,0.999789246558786,stable
PYGO2,-0.0043541803147079,0.290720854627938,0.645318998905378,stable
C15orf40,-0.00435751513331947,0.841546409764001,0.999789246558786,stable
RBBP4,-0.00436469361546571,0.749238261980609,0.976542041254727,stable
ZNF557,-0.00438806341259446,0.973337556289265,0.999789246558786,stable
NUP210,-0.00440459775076966,0.982728549499103,0.999789246558786,stable
MED10,-0.00441678198124451,0.755073427654751,0.978212243550451,stable
PSMD13,-0.00442738427353689,0.813072697193601,0.995657191051697,stable
MET,-0.00446452780279115,0.927242225119957,0.999789246558786,stable
F8,-0.00447631527540066,0.931505305501236,0.999789246558786,stable
FBXO38,-0.00447805633017542,0.995102668245497,0.999789246558786,stable
ZBTB47,-0.00447870716208933,0.972169144214985,0.999789246558786,stable
ZNF624,-0.00448044778280201,0.910706703647529,0.999789246558786,stable
EXOSC9,-0.00448920633203782,0.996058656276158,0.999789246558786,stable
PANX2,-0.004492208125088,0.820147653209031,0.997378504529586,stable
FCGR2A,-0.00449468075912703,0.957966747638393,0.999789246558786,stable
XXbac-BPG299F13.17,-0.00449585472513747,0.65161009202022,0.93423431443293,stable
ZBTB2,-0.00451194409596679,0.881079508921932,0.999789246558786,stable
DARC,-0.00454521764686375,0.619406710616883,0.915854865557998,stable
TLE1,-0.00456056211915123,0.737985772822091,0.971965372509113,stable
AK8,-0.00456212258837554,0.0492592803787364,0.236135467980264,stable
POLR3B,-0.00457443421208861,0.902374629641139,0.999789246558786,stable
NR4A3,-0.00457462551810558,0.840675498549194,0.999789246558786,stable
FZD4,-0.00457603629271836,0.92340545785381,0.999789246558786,stable
AHI1-DT,-0.00458561645848023,0.659656253231193,0.938866506189873,stable
GFPT2,-0.00459840595779309,0.757725445536828,0.978529584839239,stable
KCTD2,-0.00461523215630424,0.986984064910398,0.999789246558786,stable
FSCN1,-0.00465627841082797,0.851646966316555,0.999789246558786,stable
FCHSD1,-0.00468304605680015,0.982823038361928,0.999789246558786,stable
CCBL1,-0.00468498046906605,0.468080064854608,0.806229493135512,stable
GNA13,-0.00469691480329665,0.992723801614861,0.999789246558786,stable
SBSPON,-0.00470232161575246,0.996373810860834,0.999789246558786,stable
ADAMTS6,-0.00470735835296572,0.936910208390975,0.999789246558786,stable
SAMD1,-0.00471551679382914,0.996473189626516,0.999789246558786,stable
HMOX1,-0.00472999187515877,0.932704996980671,0.999789246558786,stable
SENP8,-0.0047500244067742,0.950191124184283,0.999789246558786,stable
IFRD1,-0.00478158562422704,0.129406487444912,0.420150040511716,stable
CES4A,-0.00480550060919303,0.885216857410242,0.999789246558786,stable
TRIQK,-0.00481389407338737,0.251597161258735,0.601040394611447,stable
FCN3,-0.00481915913687688,0.907028647003032,0.999789246558786,stable
FUCA1,-0.00483373745317717,0.921389550872819,0.999789246558786,stable
TBCC,-0.00484375289003831,0.85975646748978,0.999789246558786,stable
HDX,-0.00485621693098254,0.8583676893835,0.999789246558786,stable
FERMT3,-0.00486109077514142,0.787505922479826,0.987420136343518,stable
ANAPC1,-0.00486359322649058,0.993455254010227,0.999789246558786,stable
OR2A1-AS1,-0.00486648818480796,0.922976336357894,0.999789246558786,stable
PLSCR4,-0.00488278704561949,0.859507256179637,0.999789246558786,stable
WNT5A,-0.00489031101414136,0.918709918152537,0.999789246558786,stable
TMEM223,-0.00489171103816574,0.16024838231399,0.473730647014804,stable
AKAP1-DT,-0.00489700999063782,0.922913691542777,0.999789246558786,stable
CHID1,-0.00490105106132746,0.986197161306628,0.999789246558786,stable
ZNF675,-0.00492117853454608,0.990099115050648,0.999789246558786,stable
ORC3,-0.00494630534401316,0.99335230192449,0.999789246558786,stable
GTF3C5,-0.00495378035276951,0.100677797935828,0.366275417252249,stable
TGFBR1,-0.00496290941319739,0.923088655184039,0.999789246558786,stable
EHF,-0.00496902015871498,0.97558788449328,0.999789246558786,stable
TMEM41A,-0.00497072273383564,0.735948729474386,0.971586428348398,stable
GATSL3,-0.00498395315508714,0.967830665227721,0.999789246558786,stable
EPRS1,-0.0049901240267391,0.93736300447352,0.999789246558786,stable
MLH1,-0.00499357899467912,0.898789977847608,0.999789246558786,stable
COL6A2,-0.00499411375096071,0.934617006945318,0.999789246558786,stable
PIR,-0.00500571860967471,0.983929476924729,0.999789246558786,stable
AMPD2,-0.00500603177382563,0.459019348779685,0.799324932833032,stable
EID3,-0.00501047927042638,0.950471531773142,0.999789246558786,stable
TUBGCP4,-0.00506851966516204,0.94261108052387,0.999789246558786,stable
STEEP1,-0.00507068812983498,0.889011265414464,0.999789246558786,stable
PPP1R3B,-0.00507323379429275,0.9709756356423,0.999789246558786,stable
CCDC102A,-0.00509990767561069,0.902805158498972,0.999789246558786,stable
TECPR2,-0.00512658149344417,0.992172591094364,0.999789246558786,stable
SERPINF1,-0.0051294103848207,0.953082825001044,0.999789246558786,stable
PGBD5,-0.0051303289079508,0.985432179906971,0.999789246558786,stable
SETMAR,-0.00516020269870574,0.97599956502834,0.999789246558786,stable
FOXA2,-0.00516747180863031,0.99874537138345,0.999789246558786,stable
CYP2S1,-0.00518735641574244,0.992517546617732,0.999789246558786,stable
ANO10,-0.00518931236087336,0.93943340790421,0.999789246558786,stable
ZNF813,-0.00520810479123308,0.869092564875291,0.999789246558786,stable
ACLY,-0.0052118845265875,0.44232965100554,0.785662023872229,stable
SLC4A7,-0.00524645969731327,0.916576435603513,0.999789246558786,stable
CCAR2,-0.00525240201215663,0.9823431318218,0.999789246558786,stable
SPPL3,-0.00526038843366206,0.886906994308092,0.999789246558786,stable
ARHGEF40,-0.00526478294847405,0.973984265611043,0.999789246558786,stable
DNAJB1,-0.00526903073155971,0.998484989869276,0.999789246558786,stable
TFCP2L1,-0.00526941310186424,0.984741338235895,0.999789246558786,stable
ZNF641,-0.00526965767058075,0.985144715501181,0.999789246558786,stable
INCA1,-0.00529884298196275,0.963064796463667,0.999789246558786,stable
EGFL7,-0.0053099352104374,0.899021325332647,0.999789246558786,stable
KLHDC4,-0.00531623562572788,0.958842503798952,0.999789246558786,stable
PIK3C2B,-0.00532621678209187,0.882368501160125,0.999789246558786,stable
TBC1D14,-0.00533579727942687,0.996162694512024,0.999789246558786,stable
PPP1R7,-0.00537149974275281,0.975349287098433,0.999789246558786,stable
ALKBH8,-0.00538717673712881,0.754042142558543,0.977832300827615,stable
CCDC125,-0.00539735380493479,0.98042687423256,0.999789246558786,stable
ERO1L,-0.0054144336218023,0.840597179866219,0.999789246558786,stable
RPA3-AS1,-0.00543372358079364,0.787689387882645,0.987420136343518,stable
SNRPN,-0.00543678252466215,0.991175180002711,0.999789246558786,stable
TPK1,-0.00544427702468411,0.97478745966465,0.999789246558786,stable
UBL7-DT,-0.0054937999806984,0.985445043393828,0.999789246558786,stable
MBD1,-0.00550730409614353,0.69855323858557,0.956416439440936,stable
LRFN3,-0.00552155853324054,0.965159518784133,0.999789246558786,stable
BRD2,-0.00552445302514903,0.981879727837777,0.999789246558786,stable
ZNF30,-0.00553073927585385,0.522837315054557,0.846848196531986,stable
RAD52,-0.00553149446046142,0.956727147646678,0.999789246558786,stable
C14orf93,-0.00553944734066759,0.663671351531912,0.940821248934699,stable
TRNP1,-0.00554555467778117,0.622832098852342,0.916995780289097,stable
LHPP,-0.00558735681462792,0.296105755390509,0.650511542958005,stable
CYBB,-0.00559693065661998,0.869544047325124,0.999789246558786,stable
ARG2,-0.0055996692527562,0.958152465899477,0.999789246558786,stable
DNAJC30,-0.0056071757819891,0.888816507240699,0.999789246558786,stable
H1-10-AS1,-0.0056133890317908,0.763929775024132,0.979984402411979,stable
TUSC1,-0.00562979325560915,0.946084455247662,0.999789246558786,stable
SUCLG2-DT,-0.00563126125190654,0.892237030833696,0.999789246558786,stable
RNF25,-0.00563287173835726,0.973722347469953,0.999789246558786,stable
ENSG00000281571,-0.00565154979780521,0.960576907041437,0.999789246558786,stable
CD99L2,-0.00566257477563935,0.977621387340701,0.999789246558786,stable
BAG2,-0.00567853567169231,0.960775739936068,0.999789246558786,stable
POF1B,-0.00570196239088488,0.928508708948572,0.999789246558786,stable
MED16,-0.00571711262880778,0.0250270198564426,0.152279885876135,stable
NGF,-0.00572263815138276,0.899813484782816,0.999789246558786,stable
TMEM91,-0.00573581993496564,0.892037724983042,0.999789246558786,stable
LRRCC1,-0.00573919949978947,0.959324245970713,0.999789246558786,stable
CYB561A3,-0.00574057146834428,0.0772049149354652,0.313774106380517,stable
NTAN1,-0.00578043665525614,0.990784867499915,0.999789246558786,stable
GOT1,-0.00578112581440918,0.992846889398026,0.999789246558786,stable
WFS1,-0.00580009448319152,0.413479105587492,0.760741810159769,stable
MYO16-AS1,-0.0058137900164514,0.955555400660794,0.999789246558786,stable
HSD17B12,-0.00582884588903893,0.813551051911168,0.995779318970873,stable
HELT,-0.00583031158626294,0.96739580144591,0.999789246558786,stable
AD000090.2,-0.00583467382195823,0.515348016875337,0.841744275559075,stable
ZCCHC2,-0.00586018575068212,0.899997257082829,0.999789246558786,stable
ARHGAP8,-0.00589585732209784,0.989471514991222,0.999789246558786,stable
EIF2S1,-0.00590044285759442,0.12820025906632,0.419154130102249,stable
LINC03125,-0.0059012179983152,0.930222376688518,0.999789246558786,stable
FREM2,-0.00590420309348928,0.756128701339697,0.978212243550451,stable
TMPRSS6,-0.00591655247752065,0.855100017670318,0.999789246558786,stable
ZNF782,-0.00593676911371633,0.907451310409731,0.999789246558786,stable
ZDHHC11B,-0.00595165387199204,0.149199099350856,0.456681067704018,stable
CD164L2,-0.00596562330861393,0.0551953948622339,0.253364065638734,stable
KATNB1,-0.00597608874701694,0.982422170591433,0.999789246558786,stable
KICS2,-0.00598869976184842,0.913810901498457,0.999789246558786,stable
EVI5L,-0.00598885964347128,0.753474825859332,0.977832300827615,stable
RHOF,-0.00599557364352854,0.805270635713817,0.993703639306046,stable
ACYP2,-0.00600000463515846,0.659466416626175,0.938866506189873,stable
BMF,-0.00600719205158159,0.968805974136296,0.999789246558786,stable
PTGFRN,-0.00601073744177256,0.967640366743627,0.999789246558786,stable
ELMO3,-0.00601188199109051,0.748640226596863,0.976542041254727,stable
CTDSP1,-0.00602003438662518,0.909028169288567,0.999789246558786,stable
CCDC64,-0.00602430723602401,0.94303449639129,0.999789246558786,stable
PSD4,-0.00602623774816681,0.990531897055822,0.999789246558786,stable
MCMBP,-0.00603510454089889,0.665189759303144,0.941416824316415,stable
MATN3,-0.00603925086941068,0.844016160423442,0.999789246558786,stable
RMDN2,-0.00604370245961489,0.490023445491587,0.824961657855552,stable
ATAD3A,-0.00604500550811636,0.948700109649591,0.999789246558786,stable
TRIM68,-0.00607604274587812,0.885538152865586,0.999789246558786,stable
CPNE2,-0.00608363043102617,0.758808965950896,0.978529584839239,stable
ASTE1,-0.00608482325144468,0.933545305070398,0.999789246558786,stable
PDZD8,-0.00609091315426344,0.986159739650313,0.999789246558786,stable
TPD52,-0.00610392173126009,0.463363838551539,0.802629950751596,stable
NFATC4,-0.00611773397440975,0.763069497834477,0.979703974532996,stable
ATP6AP1L,-0.00616626154630778,0.923811258181146,0.999789246558786,stable
DNAJB4,-0.00616679044215993,0.970995470983419,0.999789246558786,stable
PDCD2,-0.00618685689732076,0.547938323173196,0.867189945763151,stable
TCEANC2,-0.00620759452288062,0.900509669723379,0.999789246558786,stable
TM4SF4,-0.00625383754093423,0.754000906970797,0.977832300827615,stable
ZNF420,-0.00625681200939031,0.969631010858794,0.999789246558786,stable
DGUOK-AS1,-0.00626296149590753,0.711768791077832,0.961399083108886,stable
UBE2T,-0.00631960199885407,0.928462404462822,0.999789246558786,stable
BRCA2,-0.00634239723122734,0.885952487798975,0.999789246558786,stable
GTF2A1,-0.00634798319053116,0.978452041405284,0.999789246558786,stable
API5,-0.00635315350304191,0.987602496468477,0.999789246558786,stable
IQSEC1,-0.00636333520594942,0.87711231524651,0.999789246558786,stable
FDX1L,-0.00637474169326659,0.97942876751131,0.999789246558786,stable
ALDH5A1,-0.00639006888895261,0.930288003303931,0.999789246558786,stable
NAIF1,-0.00639591083029638,0.891029991269205,0.999789246558786,stable
ZNF181,-0.00639871111052957,0.849105715556755,0.999789246558786,stable
DSN1,-0.00641603873148532,0.815207767728738,0.996866249737156,stable
COG6,-0.00641735921818189,0.975327388522527,0.999789246558786,stable
PLA2G4A,-0.0064298537601501,0.870396535034036,0.999789246558786,stable
NAB2,-0.00643706563159636,0.971226088338741,0.999789246558786,stable
ZCWPW1,-0.00644473533988014,0.949116976019986,0.999789246558786,stable
DNAJC10,-0.00645404514687753,0.994189189386176,0.999789246558786,stable
XPO5,-0.00649277806717959,0.983476964359683,0.999789246558786,stable
PHF8,-0.00650808943247913,0.911723686719071,0.999789246558786,stable
TMEM143,-0.00652123627437674,0.939226099270065,0.999789246558786,stable
ZNF398,-0.00656142046534709,0.984569080145175,0.999789246558786,stable
TMPRSS3,-0.00656368591418206,0.897194169861656,0.999789246558786,stable
KIF20B,-0.00657044661555667,0.0216779373997079,0.138313465748133,stable
APLP1,-0.00658228803435551,0.953746309838705,0.999789246558786,stable
C1orf51,-0.00669077152665019,0.953336233735654,0.999789246558786,stable
PUM1,-0.00672450181186823,0.718051597619695,0.96350060108884,stable
PAGR1,-0.00672670025131983,0.965132931744633,0.999789246558786,stable
MAST2,-0.0067773650265543,0.97593314061265,0.999789246558786,stable
TMOD2,-0.0067824491722579,0.985461735489052,0.999789246558786,stable
RAMP2,-0.00679684320443329,0.868139950800659,0.999789246558786,stable
ANKRA2,-0.00682346990028093,0.0961598746672531,0.356199487252273,stable
C17orf70,-0.00682727031238842,0.463207474971655,0.802586559043729,stable
AFAP1,-0.00684469595161627,0.891321832880676,0.999789246558786,stable
ZNF467,-0.00684963691071077,0.938013869444418,0.999789246558786,stable
DGCR6,-0.00686044956797164,0.969006275496135,0.999789246558786,stable
UFSP2,-0.00686764649302007,0.253939231881254,0.603728803527337,stable
NDNL2,-0.00686822937493214,0.989999235411601,0.999789246558786,stable
TFB1M,-0.00688726411378882,0.0646458981382005,0.280721655005813,stable
PLD2,-0.00688737068711996,0.957922056176747,0.999789246558786,stable
PANX1,-0.00690131138853223,0.979453324747341,0.999789246558786,stable
FKRP,-0.00691672014459539,0.928504355656619,0.999789246558786,stable
CEP250,-0.00693185629965094,0.981003597910455,0.999789246558786,stable
PRX,-0.00694329420692073,0.768239408334142,0.981415985828635,stable
ETF1,-0.00695133980655205,0.899710807297877,0.999789246558786,stable
GTPBP6,-0.00696170299093199,0.984677177223667,0.999789246558786,stable
TMEM180,-0.00699999004466115,0.976131403022483,0.999789246558786,stable
ARL6,-0.00701405047302611,0.947505944983182,0.999789246558786,stable
NNT-AS1,-0.00702311367026873,0.890100816855815,0.999789246558786,stable
ATP11C,-0.00705687614261329,0.960582283737913,0.999789246558786,stable
MMP7,-0.00707042435169923,0.884208728592225,0.999789246558786,stable
KCTD10,-0.00707320958458887,0.961274861432375,0.999789246558786,stable
SEPT1,-0.00707801634661872,0.894234131860026,0.999789246558786,stable
POMGNT1,-0.00707946760169348,0.827191014713035,0.997759163651196,stable
AIF1,-0.00709679275928331,0.880140860535343,0.999789246558786,stable
ATAD2,-0.00710108956923887,0.891158715953026,0.999789246558786,stable
TANGO6,-0.00712293424701063,0.624394778651159,0.917857938018473,stable
CNNM2,-0.00713138421189094,0.960919964050222,0.999789246558786,stable
GEMIN4,-0.00713363859307388,0.770536439589385,0.981415985828635,stable
KCNJ15,-0.00713367426401487,0.967314684431901,0.999789246558786,stable
TBC1D22B,-0.00715906421500668,0.964771895940395,0.999789246558786,stable
KCTD6,-0.00716997585440349,0.975117736549412,0.999789246558786,stable
PEX6,-0.00717451501982774,0.957693335352087,0.999789246558786,stable
FCGR3A,-0.00718608656731264,0.656404425523968,0.937134191767267,stable
CLEC3B,-0.00719114996003803,0.876536195719021,0.999789246558786,stable
DCAKD,-0.00721864565553418,0.9426152076182,0.999789246558786,stable
DHCR7-DT,-0.00723535765798785,0.963122164239297,0.999789246558786,stable
IMPACT,-0.00723679979523673,0.925782629115768,0.999789246558786,stable
TOMM34,-0.00725296971797918,0.944892006882864,0.999789246558786,stable
CTSF,-0.00728652276252134,0.992350526016711,0.999789246558786,stable
MFHAS1,-0.00730474756055818,0.804416878958203,0.993247787742099,stable
ATXN1-AS1,-0.0073276028912894,0.0418763468055488,0.214283789174067,stable
PRELID2,-0.00732999804576227,0.941349506634499,0.999789246558786,stable
ODAD4,-0.00736672574028169,0.682336304264991,0.947607573032409,stable
RNF44,-0.00742817616054231,0.95111879179224,0.999789246558786,stable
TRIM13,-0.0074783770985663,0.512308703952991,0.84014778603721,stable
BANCR,-0.00749151058269717,0.945522703618598,0.999789246558786,stable
EDEM2,-0.00749198252422753,0.953214537126234,0.999789246558786,stable
ZDHHC15,-0.00750367119321834,0.882310637852244,0.999789246558786,stable
BCAR1,-0.0075047797424489,0.736493464487774,0.971586428348398,stable
GALNT18,-0.00750576342484782,0.434245975333879,0.778193713956322,stable
ITGB2,-0.00750664629711508,0.904326039372652,0.999789246558786,stable
COQ2,-0.00753837190251534,0.951872727111211,0.999789246558786,stable
PPIF,-0.00754893860999622,0.968386564915858,0.999789246558786,stable
DHX34,-0.00755639395338695,0.857298469698004,0.999789246558786,stable
CHAC1,-0.00757310121785353,0.926828408549789,0.999789246558786,stable
METTL21A,-0.00759023317218974,0.980522377008222,0.999789246558786,stable
PARD6A,-0.00761985031144669,0.863260232205233,0.999789246558786,stable
C3orf18,-0.00762635753298784,0.812592818929442,0.995656133881576,stable
SRBD1,-0.0076265659769463,0.888136579885355,0.999789246558786,stable
SIL1,-0.00766393693675757,0.857716604412725,0.999789246558786,stable
SPDL1,-0.00766810298224134,0.94023998296759,0.999789246558786,stable
TCEA2,-0.00767282986375631,0.882217617532919,0.999789246558786,stable
GREM2,-0.00767369511872306,0.953542882804193,0.999789246558786,stable
CCL18,-0.00767650535790625,0.575039287147569,0.885491831707445,stable
PRDM11,-0.00769698239894784,0.317748224884694,0.672580831340346,stable
WDR46,-0.00769745503416884,0.984542793129253,0.999789246558786,stable
SYNE4,-0.00771832527401112,0.178732129865287,0.504073434380984,stable
CDK11B,-0.00772987656296037,0.984289317416777,0.999789246558786,stable
ARHGEF35,-0.00773174589955236,0.955007130201513,0.999789246558786,stable
ZCCHC3,-0.00773893846964573,0.964764891543634,0.999789246558786,stable
NMB,-0.00773928214628457,0.70146484210249,0.95720260995136,stable
AGPS,-0.00775450196085734,0.959306927529833,0.999789246558786,stable
H4C8,-0.00778630342069172,0.960923784466214,0.999789246558786,stable
TRIM4,-0.00778766454498088,0.985786130423312,0.999789246558786,stable
PABIR3,-0.00782765926977705,0.108789656982041,0.382689141567906,stable
MARCO,-0.00783715643898764,0.78294780922129,0.986613049510475,stable
TEX261,-0.00785226548550799,0.714171154582743,0.962516890145474,stable
GTPBP2,-0.00785517381315215,0.982666066252831,0.999789246558786,stable
ZCWPW2,-0.00785817835814112,0.475233691120072,0.81225624164594,stable
CDK7,-0.00790851361766357,0.81154391206671,0.995656133881576,stable
TRAF1,-0.00791474975433905,0.200607621915099,0.536006026292933,stable
SRCAP,-0.00791734101413692,0.921269066714311,0.999789246558786,stable
HDGFRP3,-0.00792841408625904,0.955655437614847,0.999789246558786,stable
CLDN3,-0.00793685845649178,0.630513339797304,0.920835730666935,stable
ZNF436,-0.007945725041095,0.00370662338877973,0.0388258477330278,stable
TRAM1L1,-0.00795235287084189,0.922929196801973,0.999789246558786,stable
FKBPL,-0.00795937270326406,0.0656795904044849,0.283215340880885,stable
ZBED9,-0.00798288513896261,0.944271641075609,0.999789246558786,stable
LOXL1,-0.00798396344183618,0.939546561463077,0.999789246558786,stable
CCHCR1,-0.00800091789216666,0.928086270680144,0.999789246558786,stable
LINC00667,-0.00803562671537419,0.878575160662742,0.999789246558786,stable
GSDMD,-0.00806102493478328,0.938386739915924,0.999789246558786,stable
CHSY3,-0.00806518165295242,0.912961804410489,0.999789246558786,stable
COL1A1,-0.00808670391929298,0.868001921512614,0.999789246558786,stable
SLC20A1-DT,-0.00811264668785687,0.811126833067611,0.995656133881576,stable
CEBPZ,-0.0081245627265244,0.892018055769301,0.999789246558786,stable
DMRTA1,-0.00814638548824701,0.952409338491895,0.999789246558786,stable
INO80D-AS1,-0.00815352514423092,0.524125416055807,0.847586861471913,stable
LUM,-0.00816771703142395,0.744328387993971,0.975320631154985,stable
ELK3,-0.00820131342646815,0.943273687007234,0.999789246558786,stable
RPGRIP1L,-0.008203226417682,0.931124129447545,0.999789246558786,stable
RND3,-0.00820629612528881,0.853792796630601,0.999789246558786,stable
LRRC42,-0.00821350724286468,0.980243332007469,0.999789246558786,stable
ZNF784,-0.00825468193549111,0.943247693698556,0.999789246558786,stable
SAV1,-0.00825793241734937,0.985096541645907,0.999789246558786,stable
TNFSF15,-0.00827541214063492,0.970011011147917,0.999789246558786,stable
PPIP5K1,-0.00827676765511181,0.899179816722513,0.999789246558786,stable
ZSCAN5A,-0.00827704978227551,0.854564781042203,0.999789246558786,stable
MTSS1,-0.00832319128535862,0.9048141095909,0.999789246558786,stable
VSIG4,-0.00832567739081634,0.811865431016807,0.995656133881576,stable
GLTPD1,-0.00835062866839656,0.989065580421945,0.999789246558786,stable
CES1,-0.00835188400981875,0.882540928520679,0.999789246558786,stable
TSNARE1,-0.00838486622649084,0.828362844600382,0.99792050950069,stable
WASL-DT,-0.00838970707285583,0.292248210587692,0.646716444474955,stable
LRRC61,-0.00839940867194969,0.865242961397212,0.999789246558786,stable
MYOZ1,-0.00840245142759945,0.928508551422841,0.999789246558786,stable
ZFPM2,-0.00844341298231662,0.855981163807881,0.999789246558786,stable
XKR8,-0.00845066975903606,0.89746830326966,0.999789246558786,stable
C19orf47,-0.00848651769363517,0.214896401181613,0.554467955654851,stable
FBXO25,-0.00848957146870656,0.950260238420239,0.999789246558786,stable
NFE2L1,-0.00850082921720952,0.995367924031055,0.999789246558786,stable
NDRG3,-0.0085145418124062,0.0777157467639448,0.314985838342991,stable
FBXO46,-0.00852178156252895,0.51239935024425,0.840183723324709,stable
EMP1,-0.00857794126944422,0.397003066630347,0.74713521175564,stable
C11orf35,-0.00859535614794153,0.893908893250348,0.999789246558786,stable
BANK1,-0.00859818269850246,0.982690050885442,0.999789246558786,stable
PYGL,-0.0086100316006707,0.961579253550722,0.999789246558786,stable
KIF12,-0.00861617287955658,0.855690544491161,0.999789246558786,stable
CDIN1,-0.00862516317259144,0.846605629277516,0.999789246558786,stable
TMEM17,-0.00864306641066179,0.466211494675794,0.804827016665855,stable
GZF1,-0.00864685668166566,0.964158963753267,0.999789246558786,stable
ZNF584,-0.00865161213850142,0.770825824602481,0.981415985828635,stable
LINC00984,-0.00865680411823223,0.79652477622826,0.990625637718914,stable
GLE1,-0.00866054111345054,0.972760008510761,0.999789246558786,stable
ZBTB10,-0.0086635893231741,0.984072317927873,0.999789246558786,stable
APEX2,-0.00872302942760779,0.94017663747348,0.999789246558786,stable
CDC23,-0.0087279534957533,0.956295548933235,0.999789246558786,stable
NMT2,-0.00873133951130374,0.915623603751584,0.999789246558786,stable
PCID2,-0.00873815160117281,0.668744175076191,0.942869096644723,stable
AGBL5,-0.00874109993592723,0.973947757220387,0.999789246558786,stable
PANK2,-0.00876115378562226,0.984731665301373,0.999789246558786,stable
EAF2,-0.00877704837565285,0.83909402677686,0.999789246558786,stable
FOCAD,-0.00879258765540583,0.947858908038767,0.999789246558786,stable
FAM213B,-0.00880059463473249,0.967030702240161,0.999789246558786,stable
THBD,-0.00881228606768159,0.885430499867187,0.999789246558786,stable
IRGQ,-0.00881517247157208,0.978096428009654,0.999789246558786,stable
USP28,-0.00881989838508124,0.92110810451332,0.999789246558786,stable
GTPBP10,-0.0088408230036871,0.967203527783411,0.999789246558786,stable
GGTLC3,-0.00885552179466236,0.837683086986013,0.999789246558786,stable
ZNF622,-0.00889691520488453,0.683571586171351,0.947970696905589,stable
RABEPK,-0.00890348071507984,0.969870918038454,0.999789246558786,stable
RAB30,-0.00892162627753299,0.880782145079576,0.999789246558786,stable
PMM1,-0.00892974248415102,0.677044791397537,0.945310740153455,stable
BCAS1,-0.00893552389093682,0.842002263702159,0.999789246558786,stable
CASC2,-0.00893606650210998,0.93301916910201,0.999789246558786,stable
AGPAT1,-0.00894380577317323,0.90589285246719,0.999789246558786,stable
ADAM10,-0.00894627821549643,0.549784388039507,0.868007404755573,stable
MTF1,-0.00902337589414689,0.951682693212499,0.999789246558786,stable
G3BP2,-0.00902618574220579,0.895536373874559,0.999789246558786,stable
TTYH3,-0.00903562637567019,0.899621740717288,0.999789246558786,stable
KIAA1467,-0.0090377603441744,0.95905561171097,0.999789246558786,stable
CTNNAL1,-0.00904282844048873,0.98356723449643,0.999789246558786,stable
CC2D2A,-0.00904285091664157,0.838724995189382,0.999789246558786,stable
CMPK2,-0.00905177824965339,0.961802284143587,0.999789246558786,stable
EHMT2,-0.00907435240992717,0.975631235806416,0.999789246558786,stable
LDLRAP1,-0.00911600380285593,0.977464004188753,0.999789246558786,stable
JADE3,-0.00912570140790232,0.872839951057389,0.999789246558786,stable
ZNF384,-0.00913129135694117,0.877885392354827,0.999789246558786,stable
SNRNP48,-0.00913135534343418,0.974006741303192,0.999789246558786,stable
FBLN1,-0.0091477407276725,0.611127364573838,0.910138999092421,stable
LYPLA1,-0.00917381192898881,0.908439456760903,0.999789246558786,stable
PTK6,-0.00921000304524504,0.924598895595549,0.999789246558786,stable
OAS2,-0.00922678898028406,0.777751797901134,0.984317862764551,stable
HDHD1,-0.00924806150834756,0.921322438263372,0.999789246558786,stable
SEC23B,-0.00925153467184334,0.984967618822522,0.999789246558786,stable
NAGS,-0.00927007828213774,0.888372917435357,0.999789246558786,stable
LIN7B,-0.00929381627164563,0.962053965938402,0.999789246558786,stable
PUS7L,-0.00929896325298706,0.905564207353247,0.999789246558786,stable
KCNQ3,-0.00931446018971084,0.848665443088352,0.999789246558786,stable
PLOD3,-0.00931846893352567,0.96624222804985,0.999789246558786,stable
FXN,-0.00934637263253724,0.851170063750085,0.999789246558786,stable
ABHD4,-0.00935269389478685,0.932615422603369,0.999789246558786,stable
ZNF396,-0.00939574534440494,0.918160424793717,0.999789246558786,stable
EPB41L2,-0.00941526640670495,0.92813825041342,0.999789246558786,stable
FAHD1,-0.00943363008800072,0.76521566409247,0.980914039205784,stable
CCDC117,-0.00945008363704766,0.980277425427441,0.999789246558786,stable
HOMER2,-0.00945106350630932,0.920490419683178,0.999789246558786,stable
RFX1,-0.0094585020966212,0.936794954196438,0.999789246558786,stable
ARHGAP23,-0.00946034214745475,0.676332706681717,0.945242505575964,stable
CCDC51,-0.00948921142130547,0.000137852032540189,0.00271353179673312,stable
TCN2,-0.00951987717129548,0.9345131528657,0.999789246558786,stable
GNAI3,-0.00954877029617102,0.985812352075119,0.999789246558786,stable
MISP,-0.00955474587798577,0.887190760646616,0.999789246558786,stable
UPRT,-0.00956701741029756,0.959791216499095,0.999789246558786,stable
UAP1,-0.00961881762414966,0.96193417584999,0.999789246558786,stable
CHAMP1,-0.00962358401972813,0.902751959423211,0.999789246558786,stable
ARHGEF17-AS1,-0.00964432762404351,0.842953987200972,0.999789246558786,stable
B4GALNT3,-0.00965932864512514,0.95990481862842,0.999789246558786,stable
CRNDE,-0.00967887619555075,0.376197811753864,0.730059065070525,stable
LYSMD2,-0.00969985848485866,0.972693554888874,0.999789246558786,stable
SIPA1L1-AS1,-0.00971859461334048,0.705496992607343,0.958541206805842,stable
KCTD5,-0.00973975501844149,1.15643105115157e-05,0.000339812816569155,stable
CNTRL,-0.00977609632304309,0.967811642113768,0.999789246558786,stable
RFNG,-0.00979918765933044,0.975544920222176,0.999789246558786,stable
TMEM30B,-0.00984225012704049,0.885108122210326,0.999789246558786,stable
RIOK2,-0.00986269719226866,0.954460082398476,0.999789246558786,stable
MKNK2,-0.0098848061494996,0.706400740224687,0.958809976516387,stable
CDC42EP1,-0.00990676978190383,0.905046774946313,0.999789246558786,stable
DHRS11,-0.00992950013441423,0.781932151695602,0.986114573192351,stable
ATF5,-0.00993726009965071,0.668829259998427,0.942869096644723,stable
CDADC1,-0.00999674536597526,0.963213368817439,0.999789246558786,stable
LDAF1,-0.0100175034959857,0.956403483591663,0.999789246558786,stable
GM2A,-0.0100218047522583,0.860136502953074,0.999789246558786,stable
GCNT4,-0.0100219051011741,0.901052555986339,0.999789246558786,stable
CASC3,-0.010039503832685,0.975538714130737,0.999789246558786,stable
NOL10,-0.0100457310544272,0.946230399264231,0.999789246558786,stable
LSM14B,-0.0100774622091303,0.795780432316078,0.990475855820148,stable
TRIM24,-0.0100779129893596,0.962491031911581,0.999789246558786,stable
MRC1,-0.0100811275304073,0.845230873897886,0.999789246558786,stable
DUSP10,-0.0101183080979113,0.937713345956313,0.999789246558786,stable
ALG11,-0.0101296638692348,0.926396774537255,0.999789246558786,stable
ARNT2,-0.0101441689002897,0.905594988742088,0.999789246558786,stable
SLC7A4,-0.0101638370008602,0.86811647063008,0.999789246558786,stable
DYNC2LI1,-0.0101643477146191,0.923372889657362,0.999789246558786,stable
MAP4K5,-0.0102074181624853,0.825709285994772,0.997759163651196,stable
ZUFSP,-0.0102184726741059,0.846785887827287,0.999789246558786,stable
IRAK4,-0.0102915111801514,0.834613962336847,0.999789246558786,stable
BCORL1,-0.0103053892150487,0.725701043142212,0.967415509984443,stable
ZNF620,-0.0103345876790912,0.7955272609438,0.990475855820148,stable
SF3A3,-0.010336108607461,0.965765833251107,0.999789246558786,stable
VGLL1,-0.0103408557570101,0.000801571797767495,0.0118195580891554,stable
PPP5C,-0.0103774343822569,0.947710977145907,0.999789246558786,stable
TEC,-0.01037947672364,0.898111521304701,0.999789246558786,stable
MTCH2,-0.0103876973638548,0.877830137093108,0.999789246558786,stable
TRAM2,-0.0103953014168735,0.923000597028508,0.999789246558786,stable
LACTB,-0.0104037026905056,0.422945472705822,0.768557374514043,stable
HYKK,-0.0104070317443355,0.6099345074006,0.909589048638,stable
UMPS,-0.010417377107556,0.979272434421459,0.999789246558786,stable
NBAS,-0.0104384532151303,0.987690902608821,0.999789246558786,stable
SLC6A13,-0.0104508589969804,0.941322069132535,0.999789246558786,stable
GGPS1,-0.0104519367048095,0.9684015993832,0.999789246558786,stable
FAUP4,-0.010461642688667,0.83875822983164,0.999789246558786,stable
NDUFAF1,-0.0104648471467494,0.941023632752262,0.999789246558786,stable
INTS9,-0.0104707748061149,0.9261391468442,0.999789246558786,stable
ELK1,-0.0104853472939677,0.94368269259376,0.999789246558786,stable
IGLC2,-0.0105271511787338,0.265199564134733,0.618427980156996,stable
UEVLD,-0.0105284207478274,0.976370817485195,0.999789246558786,stable
SLC4A4,-0.0105584766099328,0.926435221915336,0.999789246558786,stable
RAP1GAP,-0.0106252544768758,0.934526393756658,0.999789246558786,stable
PFKP,-0.0106364719340102,0.913622767925972,0.999789246558786,stable
ACVR1,-0.0106457945105041,0.954550216349361,0.999789246558786,stable
XKRX,-0.0106581087950934,0.381945569400855,0.735009080896161,stable
TAOK1,-0.0106587782492079,0.272088931366436,0.625542010604548,stable
AQP5,-0.0106612100307623,0.407138700696741,0.757052552071335,stable
LINC03052,-0.0106870604853723,0.767430832550802,0.981415985828635,stable
PLIN3,-0.0106949971802085,0.939725613058517,0.999789246558786,stable
ZNF614,-0.0107028987196243,0.32641237546475,0.68177795597881,stable
C9orf41,-0.0107063804056695,0.915085309260291,0.999789246558786,stable
SLC9A6,-0.0107197015785964,0.952608900574651,0.999789246558786,stable
NRSN2,-0.0107674392529393,0.956017773385341,0.999789246558786,stable
AARS2,-0.0107906240379108,0.824673936046706,0.997433239620629,stable
SLC25A35,-0.0107978740002789,0.924967085604383,0.999789246558786,stable
USP37,-0.0107982714385581,0.944338035303079,0.999789246558786,stable
THAP7-AS1,-0.010808136235667,0.915821716353104,0.999789246558786,stable
HABP4,-0.0108872491486085,0.86511671728607,0.999789246558786,stable
CWF19L1,-0.0109398436562965,0.662939907753826,0.940440690772051,stable
CDKN2AIP,-0.010975385482183,0.856497185308015,0.999789246558786,stable
METTL8,-0.0109910091716495,0.925893754652546,0.999789246558786,stable
RARRES1,-0.0110299280627154,0.822848921442207,0.997404998293666,stable
MAN2A1,-0.0110583912405237,0.965428141666263,0.999789246558786,stable
ARMC5,-0.0110664733063168,0.90615720881121,0.999789246558786,stable
PHAF1,-0.0110706427188232,0.696655049748745,0.955448370708926,stable
PRPSAP1,-0.0110864419240375,0.0746175185062067,0.307537052935725,stable
MTHFS,-0.0110986996434773,0.821972642748954,0.997378504529586,stable
DUSP14,-0.0111038599933297,0.969213884403387,0.999789246558786,stable
RIPK1,-0.0111148046671802,0.672930736105237,0.944240759232126,stable
ARPP19,-0.0111210668097411,0.988547738230354,0.999789246558786,stable
AXIN1,-0.0111221238044986,0.962429525544552,0.999789246558786,stable
HYCC1,-0.0111456147981308,0.959696718721994,0.999789246558786,stable
FZD8,-0.0111548536375672,0.98643560269863,0.999789246558786,stable
PIGN,-0.0111637391858665,0.953090297452028,0.999789246558786,stable
GALNT11,-0.0111654999055158,0.977071416619513,0.999789246558786,stable
MTFMT,-0.0111991361592773,0.937330556235217,0.999789246558786,stable
CTPS1,-0.011205719330814,0.920328061107121,0.999789246558786,stable
PRPF3,-0.011282419824277,0.964702106229831,0.999789246558786,stable
ATF7,-0.0113046936739468,0.91218527975263,0.999789246558786,stable
GTF3C2,-0.01131618955697,0.948891721559851,0.999789246558786,stable
NFIL3,-0.0113197979845298,0.880303568607757,0.999789246558786,stable
HPGD,-0.0113291613578245,0.694578191715445,0.953669978156756,stable
FRMD8,-0.0113465003846485,0.753600628064056,0.977832300827615,stable
ZNF787,-0.0113468254285436,0.963561672658482,0.999789246558786,stable
KLK5,-0.0113496896313458,0.49634858558533,0.828662935426929,stable
GABPA,-0.0114070749325622,0.915932272763827,0.999789246558786,stable
TMEM237,-0.0114731045670005,0.944831151224643,0.999789246558786,stable
LCMT1,-0.0114796084213674,0.890147161142512,0.999789246558786,stable
SNAP47,-0.0114922542980006,0.948479197346285,0.999789246558786,stable
MED26,-0.011543062266365,0.93245974525837,0.999789246558786,stable
MFSD14CP,-0.0115599159244189,0.782541207005812,0.986366644095591,stable
CASKIN2,-0.0115968241579336,0.0407984208557199,0.211121047295614,stable
NPRL2,-0.0115987056804149,0.974987912219893,0.999789246558786,stable
MIEF1,-0.0116183332666,0.933236503740282,0.999789246558786,stable
WDR54,-0.0116206688134268,0.813141385172586,0.995657191051697,stable
CDCA7L,-0.0116270395652209,0.976861580456155,0.999789246558786,stable
OVOL2,-0.0116320725763369,0.956144368751065,0.999789246558786,stable
PIGO,-0.0116389109709684,0.947330728913946,0.999789246558786,stable
POLR1E,-0.0116691690049664,0.818042455513418,0.997378504529586,stable
NBPF19,-0.0116913312629847,0.961320750638052,0.999789246558786,stable
FAM20B,-0.0117019077141384,0.976880137852054,0.999789246558786,stable
INTS12,-0.0117325113073805,0.95342091765519,0.999789246558786,stable
UBA5,-0.0117351914622778,0.904768685563756,0.999789246558786,stable
DAW1,-0.0117441407145134,0.915573956009675,0.999789246558786,stable
REST,-0.0117792424678705,0.721263058651087,0.965630531311702,stable
N6AMT1,-0.0117805479396522,0.753275334353899,0.977832300827615,stable
SRFBP1,-0.0118732669892764,0.87834053931959,0.999789246558786,stable
ENTPD3,-0.0119113862445616,0.589247392785977,0.895445068301315,stable
ZNF846,-0.0119336149550258,0.852883919933497,0.999789246558786,stable
ZNF260,-0.0119380254026726,0.927746460514506,0.999789246558786,stable
HBS1L,-0.0119550241811792,0.924826878893072,0.999789246558786,stable
NR4A2,-0.0119553896040981,0.920980372146475,0.999789246558786,stable
C15orf39,-0.0119940703565228,0.113213409808592,0.391205573575186,stable
FAM129A,-0.0120111420269007,0.865554165118463,0.999789246558786,stable
ARL6IP6,-0.0120125617940453,0.958232103109996,0.999789246558786,stable
NLE1,-0.0120368987353491,0.749461217837197,0.976542041254727,stable
IGKC,-0.0120447661409306,0.907935401231194,0.999789246558786,stable
ENDOG,-0.0120455836856421,0.822886704117704,0.997404998293666,stable
DHODH,-0.0120461766090053,0.876334993418969,0.999789246558786,stable
MPV17L2,-0.0120633558251575,0.928398820022177,0.999789246558786,stable
ZFAT,-0.0120776853920081,0.824765420133609,0.997433239620629,stable
GNLY,-0.0121018460560316,0.830480275366399,0.998995363715692,stable
PEX10,-0.0121233089064918,0.818951661476468,0.997378504529586,stable
PHLDB1,-0.0121305269496872,0.76101727975239,0.97948844320936,stable
PLK2,-0.012139769712303,0.911694714441882,0.999789246558786,stable
TMEM185B,-0.0121891795862911,0.913122920396088,0.999789246558786,stable
UBXN8,-0.0122138597192499,0.861600378465503,0.999789246558786,stable
ERP27,-0.0122300203361889,0.954676764991393,0.999789246558786,stable
UBTF,-0.0122568969371199,0.9310240788824,0.999789246558786,stable
DCAF11,-0.0122961214166026,0.979661872124523,0.999789246558786,stable
TUBB2A,-0.0123389769366638,0.810074600037856,0.995656133881576,stable
ECI2,-0.0123396683346911,0.784116795931606,0.987232847200324,stable
MYZAP,-0.0123461768829144,0.907752775661393,0.999789246558786,stable
SEC31B,-0.0123469513566372,0.909335655913809,0.999789246558786,stable
H2AC6,-0.0123506736018467,0.859310151531056,0.999789246558786,stable
RNF144A,-0.0123578294417753,0.753086279941013,0.977832300827615,stable
BCAP29,-0.0123588219784692,0.716969136776034,0.963331005067795,stable
CLU,-0.0123676137103729,0.0190723851391197,0.126638150972623,stable
TRAPPC11,-0.0123868264575366,0.887829521329259,0.999789246558786,stable
DENND5A,-0.012392771380014,0.951317852548438,0.999789246558786,stable
DHTKD1,-0.012413903780763,0.899506145229687,0.999789246558786,stable
MIX23,-0.0124253260745587,0.927230210048986,0.999789246558786,stable
SNHG10,-0.0124351324796628,0.93703604878479,0.999789246558786,stable
DHRS4-AS1,-0.0124539705089469,0.871163560843874,0.999789246558786,stable
ISY1,-0.0124880789765208,0.955750769987025,0.999789246558786,stable
TNFAIP3,-0.0124926320973473,0.964437101767166,0.999789246558786,stable
TRRAP,-0.0125092997103374,0.800459977654046,0.992162864100309,stable
MTM1,-0.0125113548419423,0.828019282480604,0.99792050950069,stable
TRAPPC13,-0.0125323602721703,0.964462865000164,0.999789246558786,stable
RNF223,-0.0125410516496061,0.740763920257852,0.973189378751508,stable
PATZ1,-0.0125883502030959,0.946308016335558,0.999789246558786,stable
SIX5,-0.0126378446222575,0.807773284949635,0.994583061565707,stable
PPM1M,-0.0126526549835685,0.321991460502047,0.677916467699923,stable
NXT2,-0.012688768388921,0.613262149573539,0.912112797804908,stable
TTC5,-0.012689636746165,0.904281658061761,0.999789246558786,stable
INHBB,-0.0126902236549992,0.751780524106189,0.977373222675829,stable
ARID1B,-0.0127283023916782,0.111946118497443,0.389580148344696,stable
UFM1,-0.0127287277756039,0.978843414202778,0.999789246558786,stable
TOR4A,-0.0127584048831608,0.88699879912064,0.999789246558786,stable
RYR1,-0.0127955375027662,0.784882631967028,0.987301207757395,stable
KIAA2018,-0.0128104789179718,0.8842659323283,0.999789246558786,stable
TMEM222,-0.0128136005556268,0.981130274683227,0.999789246558786,stable
MUL1,-0.0128183916519241,0.221382784441374,0.562733033273311,stable
MGMT,-0.0128257675355341,0.95916825603061,0.999789246558786,stable
IZUMO4,-0.0128299243035391,0.850321284235853,0.999789246558786,stable
GMDS,-0.0128326596592117,0.863663509074549,0.999789246558786,stable
GLIDR,-0.0128419677717657,0.355526776193301,0.709945026717063,stable
WWP2,-0.0128693080422175,0.749532428959875,0.976542041254727,stable
GPNMB,-0.0128842046236792,0.823829691889788,0.997433239620629,stable
MTFR1L,-0.0128963834381475,0.94822082062825,0.999789246558786,stable
MORC4,-0.0128969747395133,0.906134309744727,0.999789246558786,stable
NR2C2AP,-0.012906284536682,0.944540086264381,0.999789246558786,stable
C17orf59,-0.0129339945746869,0.887359820296623,0.999789246558786,stable
TMEM104,-0.0129361302727485,0.913772830243244,0.999789246558786,stable
ARID5A,-0.0129402974580833,0.841114219238556,0.999789246558786,stable
PASK,-0.0129722894988013,0.826291315649594,0.997759163651196,stable
UHMK1,-0.0129733864551709,0.925679215698002,0.999789246558786,stable
S100A12,-0.0129921288798233,0.273489057259717,0.627287200070643,stable
PTPRG,-0.0129956319924411,0.79225944234322,0.989660627414104,stable
FBXL12,-0.0129976535894521,0.956082765478764,0.999789246558786,stable
RPAP1,-0.0130233177615036,0.916146082675753,0.999789246558786,stable
GTF2H4,-0.0130252073425079,0.847497738929973,0.999789246558786,stable
EVA1C,-0.0130330180100622,0.757310747323642,0.978529584839239,stable
NTMT1,-0.0130539933147636,0.889597627977306,0.999789246558786,stable
TFG,-0.013063637369635,0.975147581546541,0.999789246558786,stable
MAP4,-0.0130721524485676,0.189200318936193,0.51926135795864,stable
CCBL2,-0.0131025448156546,0.953343759254769,0.999789246558786,stable
CTF1,-0.0131029363732777,0.959723028514725,0.999789246558786,stable
NUMBL,-0.0131422025753862,0.472418428282933,0.809383595592655,stable
SNRNP40,-0.0131634185620938,0.718807465836988,0.963982716663888,stable
LMNB2,-0.0131746606226371,0.918655370351001,0.999789246558786,stable
S1PR4,-0.0131872847033521,0.796952127957771,0.990820597366549,stable
ZWINT,-0.0131966221623286,0.341926539365892,0.698480952073641,stable
ALDH1A1,-0.0132170513099978,0.93933535488058,0.999789246558786,stable
ZGPAT,-0.0132274596242924,0.900771449756913,0.999789246558786,stable
TMEM231,-0.0132382500994384,0.794452854274641,0.990150050025817,stable
EXOSC4,-0.0132586417787256,0.82162476377407,0.997378504529586,stable
PLEKHA4,-0.0132806035482679,0.835717247870738,0.999789246558786,stable
PIK3CA,-0.0132920345725395,0.971900755387549,0.999789246558786,stable
ZNF484,-0.013299530170424,0.831232555575884,0.999310263509009,stable
AHDC1,-0.0133202139602688,0.955267651262558,0.999789246558786,stable
PQLC1,-0.0133261491658362,0.655940913417688,0.936834648423419,stable
ATL1,-0.0133391326826874,0.82339690107279,0.997404998293666,stable
SMPDL3A,-0.0133427269285491,0.829414445225282,0.998401002307617,stable
SDCBP2,-0.0133651815585038,0.969499196764387,0.999789246558786,stable
NCOA1,-0.01337007211639,0.771811876886542,0.982248783587232,stable
MS4A7,-0.0133817431634355,0.0673784028617488,0.28758156305238,stable
DDX55,-0.0133871405352343,0.932379409743964,0.999789246558786,stable
NDUFS2,-0.0134038315069117,0.977931430180326,0.999789246558786,stable
ZBTB34,-0.0134139755057902,0.886553190869183,0.999789246558786,stable
HSPA6,-0.0134227816928076,0.961795718594455,0.999789246558786,stable
JUP,-0.0134581140381052,0.804674037132549,0.993368554828144,stable
ZFYVE1,-0.0134645837075609,0.915987293484818,0.999789246558786,stable
DUS2,-0.013554493757736,0.478751784300425,0.815191783157599,stable
SRR,-0.0135753552243225,0.538682139065843,0.859528843224235,stable
KARS1,-0.0136156387516641,0.958714045091774,0.999789246558786,stable
PKD2,-0.0136406690281228,0.767978978825449,0.981415985828635,stable
POLR2D,-0.0136565889357634,0.944918752892803,0.999789246558786,stable
ITFG1,-0.0136717261120491,0.810768853922532,0.995656133881576,stable
BDH1,-0.0136798167156431,0.848982660047244,0.999789246558786,stable
GPANK1,-0.0136822770700179,0.819329792154899,0.997378504529586,stable
ITGA6,-0.0136966338872487,0.849267265271384,0.999789246558786,stable
MOCOS,-0.0137466193582684,0.856214009220168,0.999789246558786,stable
MAP3K1,-0.0137611834659831,0.881620043009725,0.999789246558786,stable
CLCN5,-0.0137701927869218,0.917255594316132,0.999789246558786,stable
AP2A1,-0.0137864864905579,0.959282321842447,0.999789246558786,stable
SYT15B,-0.0137922613275765,0.843689752107612,0.999789246558786,stable
RAB17-DT,-0.0138115610287147,0.767988475213483,0.981415985828635,stable
NPLOC4,-0.0138177127438713,0.462149806523621,0.802282837405501,stable
TNFRSF14-AS1,-0.0138624617257304,0.836597909747632,0.999789246558786,stable
RRP12,-0.0139550907701652,0.927788059628635,0.999789246558786,stable
DOCK11,-0.0139564701252223,0.535820144740124,0.857424459916648,stable
MTOR,-0.0139670805009179,0.509580514584199,0.838040293421966,stable
ALDH3A1,-0.0139793142641062,0.844264925848522,0.999789246558786,stable
CD53,-0.0139804926631207,0.363625001259531,0.718666453580681,stable
ISG20L2,-0.0139942934518424,0.944545664613576,0.999789246558786,stable
NUP88,-0.0139995846579418,0.88426407533508,0.999789246558786,stable
SLC27A4,-0.0140048036331259,0.874000050065027,0.999789246558786,stable
ALDH4A1,-0.0140140768863391,0.388823416291005,0.739878181933569,stable
KIAA0391,-0.0140444624751086,0.764037837664716,0.979984402411979,stable
HLTF,-0.014054121711373,0.949009573065099,0.999789246558786,stable
RITA1,-0.0140566574879907,0.86104899253479,0.999789246558786,stable
GALK2,-0.014081663437671,0.910285245108225,0.999789246558786,stable
GHDC,-0.0140956574571003,0.923445506451456,0.999789246558786,stable
LRRC27,-0.0141028807691664,0.775811569435279,0.98366565965946,stable
SLC10A7,-0.0141226802602052,0.894146769317331,0.999789246558786,stable
ITPK1,-0.0141691380190598,0.912027073315208,0.999789246558786,stable
KIAA1244,-0.0141902308229907,0.904203149406402,0.999789246558786,stable
APOM,-0.0142116905457548,0.5700925478736,0.881713171539386,stable
PSMG1,-0.0142195566651138,0.943176862042166,0.999789246558786,stable
UBAC1,-0.014220596951169,0.231356933342486,0.576106570213596,stable
AMMECR1L,-0.0142653990959486,0.937278417468124,0.999789246558786,stable
GNA12,-0.0142848295685758,0.708142525529114,0.959569298224567,stable
MYH10,-0.0142882259213338,0.948313837202553,0.999789246558786,stable
EIF3J,-0.0142999406884893,0.889839774426878,0.999789246558786,stable
SPCS3,-0.0143263834551603,0.982757804469322,0.999789246558786,stable
R3HDM1,-0.0143340602111483,0.860789214319335,0.999789246558786,stable
POU5F1,-0.0143341270180447,0.701287119975181,0.957183313373896,stable
BPNT1,-0.0143380144412309,0.00397211625989839,0.0408145845516914,stable
PPP4R3B,-0.0143641144469918,0.980907454454543,0.999789246558786,stable
PPIL4,-0.0144074737895286,0.0738001243174902,0.305957264903217,stable
BCDIN3D,-0.0144976394108666,0.923603983296482,0.999789246558786,stable
YARS1,-0.0145132531115808,0.96388462641604,0.999789246558786,stable
DTX3L,-0.0145230854225492,0.977307643777778,0.999789246558786,stable
EIF2AK1,-0.0145412349210083,0.97505119612231,0.999789246558786,stable
ATP2B1,-0.0145814282795088,0.964750326715886,0.999789246558786,stable
DLGAP1-AS1,-0.0145826905599511,0.143232018932179,0.446081069917696,stable
CD163,-0.0145990190668311,0.554466268929167,0.871405974722311,stable
FAM86A,-0.0146133548161659,0.855607320123846,0.999789246558786,stable
CRNKL1,-0.0146172522133231,0.0249993994382105,0.152187579050142,stable
ZNF174,-0.0146212667051383,0.326787825470548,0.682147264096991,stable
LIN37,-0.0146553759202159,0.859241819831064,0.999789246558786,stable
CSTF3,-0.0146839434938109,0.946550633271757,0.999789246558786,stable
TUBG1,-0.0147128930849373,0.929384290379163,0.999789246558786,stable
ASB16-AS1,-0.0147357944590996,0.717600029078972,0.96350060108884,stable
CCPG1,-0.0147379789311685,0.98390550110546,0.999789246558786,stable
TRUB1,-0.0147410752407007,0.906450069501146,0.999789246558786,stable
P2RY2,-0.0147590298224859,0.783114289360182,0.986682031863416,stable
OTUD3,-0.0147962978890663,0.933552109458074,0.999789246558786,stable
ELP3,-0.0148131800453179,0.607655262440483,0.908034355318718,stable
NOS3,-0.0148232280719873,0.871489906939324,0.999789246558786,stable
KCNQ1,-0.0148324978068183,0.929874372879571,0.999789246558786,stable
MAN1A2,-0.0148514015367787,0.704738178762295,0.958118510741468,stable
APPL2,-0.0148563834796768,0.941605538395633,0.999789246558786,stable
RBM43,-0.0148707272249445,0.882011757959547,0.999789246558786,stable
GS1-251I9.4,-0.0148831031771013,0.842400980259734,0.999789246558786,stable
EDC3,-0.014886887158858,0.900137605323427,0.999789246558786,stable
SH3BP5,-0.0148959896712189,0.343312821043062,0.699648299671936,stable
COMMD1,-0.0149188717009227,0.642290474196792,0.927727609190782,stable
ZFP28,-0.0149370659363053,0.501506070427088,0.832538908647345,stable
SORL1,-0.0149463680112251,0.860612087988325,0.999789246558786,stable
CFB,-0.014948044005234,0.799278569643812,0.991723885726217,stable
FAM109A,-0.0149905642898363,0.656533724739551,0.937134191767267,stable
PFKM,-0.0150133751804303,0.882581323773445,0.999789246558786,stable
TMUB1,-0.015060434598449,0.922301015908986,0.999789246558786,stable
AKAP7,-0.0150668471566588,0.877614679555862,0.999789246558786,stable
GDPD1,-0.015071145891164,0.815828478924053,0.997022133309888,stable
ADO,-0.0150779576619717,0.807064528103897,0.994409667043212,stable
MAP4K2,-0.0151107831267844,0.599203518579593,0.902480741426243,stable
SLC41A3,-0.0151305810254684,0.942502392909658,0.999789246558786,stable
KIF18A,-0.0151679852787467,0.747198331292755,0.976542041254727,stable
GAR1,-0.0151687875154902,0.934723202895529,0.999789246558786,stable
NOTCH2NL,-0.0151701886875816,0.907208568163275,0.999789246558786,stable
CALD1,-0.015194952698477,0.570648659595415,0.881952184269553,stable
SAA1,-0.0152406072619086,0.644261905107124,0.929476871005486,stable
PET117,-0.0152726289048817,0.953473681140819,0.999789246558786,stable
PCGF5,-0.0152802854448384,0.950290972060208,0.999789246558786,stable
SRRM4,-0.0152911189277321,0.504154198587432,0.834381502055811,stable
ACAD9,-0.015299438765435,0.956175289675348,0.999789246558786,stable
MTERF,-0.0153044051447869,0.565992899884637,0.879569947646809,stable
GRPEL2,-0.0153183482603407,0.884986218334967,0.999789246558786,stable
STK39,-0.0153239667470749,0.905679131096683,0.999789246558786,stable
NAA38,-0.0153278688300138,0.775650140192516,0.983659155566138,stable
HSPA13,-0.0153624936511011,0.954055564863478,0.999789246558786,stable
MTRF1L,-0.0153673838459926,0.804359452928775,0.993247787742099,stable
PDF,-0.0153814068667923,0.719373237509874,0.96463563573066,stable
RABGGTB,-0.0154417374703653,0.312908554129669,0.667771327807451,stable
USP38,-0.0154854950035397,0.189131080808244,0.51926135795864,stable
STPG1,-0.0155153243370989,0.708765640843392,0.959569298224567,stable
ZFR,-0.0155429622214195,0.978451041839324,0.999789246558786,stable
SPIDR,-0.0155486046413696,0.0992825021763613,0.362779552266737,stable
TXNL4B,-0.015549948453716,0.733259918609542,0.971092757604328,stable
NUP155,-0.0155911659908888,0.458456008754016,0.798883285959955,stable
NLRP2,-0.0155976795275578,0.880083584543849,0.999789246558786,stable
SEC14L4,-0.0156000818825899,0.662870926331905,0.940440690772051,stable
THAP1,-0.0156005432783593,0.762141243006612,0.979601018604135,stable
NDUFA5,-0.0156604554318944,0.95874468673971,0.999789246558786,stable
CDC123,-0.0156867299614699,0.927901801995328,0.999789246558786,stable
C2,-0.0157118270076827,0.915925658442494,0.999789246558786,stable
TTLL4,-0.0157375379574744,0.888714060783109,0.999789246558786,stable
XAGE2B,-0.0157546733622618,0.744797421639306,0.975509196438304,stable
RARG,-0.0157722251340827,0.27375175253011,0.62763551998553,stable
RECK,-0.0157723840500202,0.873594150637868,0.999789246558786,stable
KANK3,-0.0157741660235329,0.850005770688994,0.999789246558786,stable
SLAIN2,-0.0158000553866003,0.931555284998002,0.999789246558786,stable
CLYBL,-0.0158220131572543,0.803363293906401,0.992953782073998,stable
RAB35,-0.015822332464095,0.93485291582165,0.999789246558786,stable
MESDC1,-0.0158343805301082,0.898452169018858,0.999789246558786,stable
ATF4,-0.0158600540354561,0.901341343673761,0.999789246558786,stable
SLC6A9,-0.015878720254302,0.890945673131969,0.999789246558786,stable
ZNF768,-0.015883481777174,0.519670844982375,0.845076233206479,stable
IGFBP6,-0.0158986879992431,0.294757146606615,0.648741692495365,stable
CEP89,-0.0159108528026449,0.255990465135609,0.605535441094927,stable
MAEA,-0.0159204948129791,0.945146125554094,0.999789246558786,stable
FUNDC1,-0.0159416206985646,0.752684103639809,0.977832300827615,stable
SIGMAR1,-0.0159491500965193,0.945584014472632,0.999789246558786,stable
KRBOX4,-0.0159506833778711,0.880331872864732,0.999789246558786,stable
PHTF2,-0.0159809384978838,0.890700539540504,0.999789246558786,stable
FBP1,-0.0159996521413243,0.083160928832699,0.326973044081992,stable
PPOX,-0.0160084329998421,0.736924941185045,0.971622076787017,stable
NOL3,-0.0160750332315714,0.965773235849214,0.999789246558786,stable
SSRP1,-0.0161244138186052,0.921067013805653,0.999789246558786,stable
SART1,-0.0161308618843342,0.874082470774896,0.999789246558786,stable
ZNF559,-0.0161446914142701,0.834263122654374,0.999789246558786,stable
UBL4A,-0.016145133694225,0.950613451535537,0.999789246558786,stable
AXL,-0.0161695405766672,0.919837173811716,0.999789246558786,stable
EHHADH,-0.0161791923773411,0.768296980265642,0.981415985828635,stable
PREP,-0.0161819546261485,0.848278106789218,0.999789246558786,stable
PAPLN,-0.0161944317532288,0.75652848310583,0.978264355299065,stable
NTN4,-0.016208019248722,0.781518801830595,0.985992964555392,stable
ZNF365,-0.0162249352359586,0.873915473570283,0.999789246558786,stable
TERF2,-0.0163062486204217,0.881802666973366,0.999789246558786,stable
EPB41L4B,-0.0163737997911666,0.921129382151034,0.999789246558786,stable
TDRD7,-0.0163770393222065,0.900505660967985,0.999789246558786,stable
PRICKLE3,-0.0164024155134754,0.74643039715715,0.976494560664491,stable
CAMSAP3,-0.0164066239038143,0.918301360744342,0.999789246558786,stable
HFE,-0.0164095676852453,0.677847830242229,0.945460049849499,stable
ASAP2,-0.0164507651598159,0.937839730754253,0.999789246558786,stable
FAM57A,-0.0164576828190247,0.834058699232824,0.999789246558786,stable
SNED1,-0.0164755538293484,0.649806166419227,0.933226544513311,stable
ACVR2A,-0.0164905329656136,0.814867709126316,0.996692303017819,stable
TMEM131,-0.0165250531512431,0.96576978800539,0.999789246558786,stable
CKAP4,-0.0165317749351415,0.265966984246372,0.619344779508597,stable
ZNF667-AS1,-0.0165326940552251,0.73309029529707,0.971092757604328,stable
MANEA,-0.0165506158176749,0.852872119903008,0.999789246558786,stable
LMCD1,-0.0165742708394275,0.872608669952663,0.999789246558786,stable
CD200,-0.0165751398376027,0.767922457801685,0.981415985828635,stable
APEX1,-0.0165783033770405,0.942617749561604,0.999789246558786,stable
NOL6,-0.0166015180321254,0.914908228822681,0.999789246558786,stable
CTU2,-0.0166507932520313,0.833043191854395,0.999789246558786,stable
SLU7,-0.0167004127751576,0.927599646981529,0.999789246558786,stable
ZNF143,-0.0167212765939337,0.890673023623491,0.999789246558786,stable
TBC1D20,-0.0167393638581355,0.212506993525951,0.551877095572812,stable
EFNA4,-0.016740146206678,0.814778101780757,0.99668242931732,stable
EIF4G2,-0.0167598948844576,0.903816080825845,0.999789246558786,stable
ZBED3,-0.016763313698129,0.874098412530977,0.999789246558786,stable
LAS1L,-0.0167764502449849,0.930172160559241,0.999789246558786,stable
AK7,-0.0168115284332653,0.668906601518725,0.942869096644723,stable
DDX59,-0.016862381764448,0.908724134991436,0.999789246558786,stable
PHF11,-0.016905204253538,0.968854929099833,0.999789246558786,stable
SEC16A,-0.0169250629834812,0.959743584116116,0.999789246558786,stable
MARS1,-0.0169392117657323,0.92407392467372,0.999789246558786,stable
BBIP1,-0.0169437423994656,0.803612353957628,0.993060798097255,stable
NBEA,-0.0169622678972467,0.850788711281762,0.999789246558786,stable
ATG4D,-0.0169692857954642,0.943381980286306,0.999789246558786,stable
ZBTB14,-0.0169904903374984,0.815336122780767,0.996866249737156,stable
GLUD1,-0.0170065741119448,0.786430781905707,0.987420136343518,stable
OSER1-AS1,-0.0170215216470272,0.541614049984692,0.862667642524787,stable
ARMC7,-0.0170355226189824,0.942646744411974,0.999789246558786,stable
TRIM26,-0.0170391643679894,0.906178981945395,0.999789246558786,stable
SMARCA2,-0.0171095182688133,0.839424081650893,0.999789246558786,stable
ASMTL,-0.0171277381216285,0.844398399546777,0.999789246558786,stable
SMC2,-0.0171468673437099,0.653290687788939,0.935397986522791,stable
BCL3,-0.0171507758075342,0.92940529533525,0.999789246558786,stable
FBXO18,-0.0171578076077252,0.770035071001307,0.981415985828635,stable
FAM220A,-0.0171924886971062,0.813012035987627,0.995657191051697,stable
IFI16,-0.0172017951252549,0.684884411865602,0.94834923546048,stable
ZNF585B,-0.0172036085421634,0.644643345113502,0.929786659539294,stable
MOCS1,-0.0172066337347797,0.882806682523183,0.999789246558786,stable
C12orf43,-0.0172221860643226,0.927340094624572,0.999789246558786,stable
CNPY2-AS1,-0.0172250453153523,0.700014030665791,0.956677768331857,stable
DARS2,-0.0172283218502328,0.741091033693546,0.973259217433381,stable
ZC4H2,-0.0172389106972174,0.787665524160474,0.987420136343518,stable
GNG12,-0.0172441922484116,0.73263907538358,0.970816266394459,stable
ETV7,-0.0172506403203034,0.899552855867128,0.999789246558786,stable
MEGF6,-0.0172582582464547,0.90481888957694,0.999789246558786,stable
ASH1L-AS1,-0.0173041494687394,0.600377846458371,0.903164376352415,stable
PVRL4,-0.0173296805693677,0.891707255366359,0.999789246558786,stable
PPAPDC1B,-0.0173798447108333,0.899645773376146,0.999789246558786,stable
STT3A,-0.017380051213404,0.0383569676876531,0.202976438534143,stable
TNNT1,-0.0174194946807421,0.835776556453713,0.999789246558786,stable
ZNF433,-0.017420488672922,0.683983832398432,0.948045495361048,stable
RP2,-0.0174274417438473,0.878577886683314,0.999789246558786,stable
LINC00478,-0.0174800995033673,0.325128036127845,0.680192557526404,stable
PSMC2,-0.0174873734662691,0.680272211296534,0.946697339357756,stable
RHBDD1,-0.0175102347587418,0.793164358089105,0.989660627414104,stable
SCYL1,-0.017513944467287,0.692204732504104,0.95209510416722,stable
RNF24,-0.0175239274368672,0.950878038656637,0.999789246558786,stable
BEST1,-0.0175927507052231,0.730908372514418,0.969363561420879,stable
AMACR,-0.0175974835658587,0.735098514146867,0.971586428348398,stable
PROSER1,-0.0176254159457275,0.901379034788016,0.999789246558786,stable
ANKS6,-0.0176467850081169,0.0875843209446714,0.335936849459574,stable
VAC14,-0.0176747716198717,0.928931025273499,0.999789246558786,stable
MOB1B,-0.0176830501588863,0.905246868953561,0.999789246558786,stable
RTN4R,-0.0176940369569879,0.810860712875951,0.995656133881576,stable
FLAD1,-0.0177003726353772,0.943128336105765,0.999789246558786,stable
TADA2B,-0.0177043627024144,0.858889180641319,0.999789246558786,stable
E2F5,-0.0177198328624168,0.80754240469573,0.994499129055067,stable
MSRA,-0.0177386937395342,0.914174456555194,0.999789246558786,stable
SMIM5,-0.0177570264718022,0.832182675666168,0.999764228731522,stable
METTL6,-0.0177780244765928,0.245084409381146,0.592780336421671,stable
ZC3H4,-0.0178353656087035,0.0128650508419927,0.0947363743930833,stable
LGR4,-0.0178472776379269,0.793702973871864,0.990095908592697,stable
TRIT1,-0.0179431150688777,0.88205965100289,0.999789246558786,stable
IL20RA,-0.0179606325429843,0.785166141487926,0.987301207757395,stable
WWTR1,-0.0179677798091742,0.70865687176582,0.959569298224567,stable
FASTKD3,-0.0179769107978659,0.788253058998179,0.987576911420881,stable
NAF1,-0.0179940246202089,0.887269677506033,0.999789246558786,stable
RNF144B,-0.018006232040981,0.976380841390751,0.999789246558786,stable
BMS1,-0.0180353231794444,0.37600834558978,0.729944405297017,stable
RAC3,-0.0180388125845065,0.870523497921752,0.999789246558786,stable
UCHL5,-0.018040865556045,0.960703753277034,0.999789246558786,stable
LYAR,-0.0180793063441255,0.818684144492448,0.997378504529586,stable
PRIM2,-0.0180956501119902,0.803205690537573,0.992953782073998,stable
DNAAF11,-0.0181165594342451,0.671297940431717,0.943542538571976,stable
PRIMPOL,-0.0181935758586933,0.852295576048762,0.999789246558786,stable
SNAPIN,-0.0182037009619982,0.364593428612629,0.719649615914869,stable
TRMT6,-0.0182313179289096,0.853331069733026,0.999789246558786,stable
PCBD2,-0.0182360063183359,0.848011059197566,0.999789246558786,stable
AVEN,-0.0182378323971706,0.711720745443139,0.961399083108886,stable
NIPA1,-0.0182554029693962,0.908984861161636,0.999789246558786,stable
DEXI,-0.0182565264455535,0.720198892835314,0.965107571367998,stable
LCIIAR,-0.0183159006176829,0.740799015811746,0.973189378751508,stable
YIPF1,-0.0183278596909481,0.916988639689215,0.999789246558786,stable
GMEB1,-0.0183344969725396,0.748371139567313,0.976542041254727,stable
BCL2L13,-0.0183394656870829,0.890871896378069,0.999789246558786,stable
CILK1,-0.0183495934223754,0.918782595886902,0.999789246558786,stable
TMEM120B,-0.0183693140113577,0.939170053337612,0.999789246558786,stable
HSD3B7,-0.0183749961075988,0.770118191085311,0.981415985828635,stable
AP2B1,-0.0184181919615943,0.974532134183195,0.999789246558786,stable
MPDU1,-0.0184196137765157,0.970930551692613,0.999789246558786,stable
IFI30,-0.018439410104272,0.635485325375885,0.923463221278509,stable
HTRA2,-0.0184434912887688,0.938837734050078,0.999789246558786,stable
PDE8B,-0.0184625235240959,0.749291611935439,0.976542041254727,stable
PIGF,-0.0184734804443274,0.671382047848658,0.943542538571976,stable
BBS12,-0.0184908830956026,0.76779220025517,0.981415985828635,stable
DHX58,-0.0185067154357005,0.847449174175838,0.999789246558786,stable
USO1,-0.0185365993755097,0.95903819853592,0.999789246558786,stable
TTC39A,-0.0185409504240155,0.625830284071165,0.918716151373354,stable
GID4,-0.0185513317194952,0.823468752062786,0.997404998293666,stable
NSMCE2,-0.0186087712251366,0.201296675947646,0.537040972249102,stable
BMP4,-0.0186340726905034,0.670545011209403,0.9433983995374,stable
NUP43,-0.018655598685913,0.788984712067989,0.988069779768374,stable
SF3A2,-0.0186578515211645,0.954437641353391,0.999789246558786,stable
PYCR2,-0.0186674549229013,0.946722604592505,0.999789246558786,stable
PRPF19,-0.0186872322886176,0.120625193975087,0.404552323540141,stable
FIG4,-0.0187755416051915,0.760221779817886,0.979311089878134,stable
SERPINB8,-0.0187774798738388,0.805502828123601,0.993789520688625,stable
TMEM161B-DT,-0.0187904638204876,0.89960155703504,0.999789246558786,stable
CDK4,-0.0187933827257508,0.95943234635893,0.999789246558786,stable
TMEM192,-0.0188000873734288,0.871668026804031,0.999789246558786,stable
CNOT6L,-0.0188074825969209,0.934919186913822,0.999789246558786,stable
RND1,-0.0188403071697115,0.649717784237583,0.933226544513311,stable
SERPINF2,-0.0188520641181146,0.741316512944885,0.97334619272162,stable
GPC1,-0.0188638571545973,0.308408619914518,0.663677616141119,stable
ZBTB42,-0.0189258227983673,0.758545072343383,0.978529584839239,stable
HAUS4,-0.0189353021360102,0.862364662683433,0.999789246558786,stable
MYNN,-0.0189762351100527,0.7404337729312,0.973099283961644,stable
KCTD12,-0.0189942340426162,0.840441630662447,0.999789246558786,stable
XRCC4,-0.0190661878069741,3.22002971748261e-06,0.000115430038904714,stable
CDIP1,-0.0190763557805579,0.816169943422121,0.997022133309888,stable
ARFIP1,-0.0190862297156824,0.939663343225324,0.999789246558786,stable
ZNF275,-0.0191153284888566,0.634187366273303,0.923219634663447,stable
FAXC,-0.0191220272650128,0.828735023751959,0.99792050950069,stable
PIGH,-0.0191976537852422,0.919064325103804,0.999789246558786,stable
LYSET,-0.019201885728269,0.853926619643164,0.999789246558786,stable
KRTCAP3,-0.019209266440429,0.960166339373899,0.999789246558786,stable
METTL1,-0.0192169133867195,0.767210279819727,0.981415985828635,stable
FTO,-0.0192199191344617,0.87971142173769,0.999789246558786,stable
CDC42BPB,-0.019291268210298,0.893188211191091,0.999789246558786,stable
ULK4,-0.0192969585634387,0.822037666323264,0.997378504529586,stable
TMEM187,-0.0193065202804966,0.901977694812886,0.999789246558786,stable
IFIT2,-0.0193244795036118,0.484672660546105,0.819436999380737,stable
RAD23A,-0.0193840215889356,0.902795113327105,0.999789246558786,stable
FAM193A,-0.019405902171365,0.87948673559072,0.999789246558786,stable
SLC40A1,-0.0194061391995241,0.842435265662786,0.999789246558786,stable
GFM2,-0.0194096909471922,0.847488687961647,0.999789246558786,stable
CEP57L1,-0.0194197347848757,0.633549233410744,0.922623996808785,stable
GPR56,-0.0194396759286767,0.135547842470219,0.432281979221487,stable
NOTCH1,-0.0194428736022633,0.92106543897146,0.999789246558786,stable
LCP1,-0.0194479225238689,0.664192803896486,0.940936783573318,stable
FUZ,-0.0194500965929915,0.867091030773643,0.999789246558786,stable
EHD4,-0.0194725151201037,0.00972572436204972,0.077754908176387,stable
NHLRC2,-0.0195612420629509,0.844021721520834,0.999789246558786,stable
CAPS2,-0.0196069283075124,0.373757823940734,0.728048552161498,stable
PACS2,-0.0196070697055777,0.670581535796832,0.9433983995374,stable
WDR74,-0.0196103808519117,0.812845345317442,0.995657191051697,stable
JAG2,-0.019614528847446,0.108204241156383,0.381178283543406,stable
RIMKLB,-0.0196170572461865,0.0147949256057053,0.104721002086938,stable
PAK4,-0.0196518714315875,0.898755138149893,0.999789246558786,stable
TMPRSS13,-0.0196666417523734,0.892658398688298,0.999789246558786,stable
C9orf156,-0.0197194218669773,0.879410543598235,0.999789246558786,stable
HK1,-0.0197593913042034,0.641858713906275,0.92732387770514,stable
PSPH,-0.0197611717029953,0.692829343710498,0.952445557525543,stable
RFC2,-0.0197619495463079,0.655676239286436,0.936834648423419,stable
ZNF585A,-0.0197663110959594,0.779305713214253,0.984827151693479,stable
HERC3,-0.0197707157979046,0.687187730796574,0.949905312914264,stable
PGAM5,-0.0197913670018791,0.800892060954553,0.992162864100309,stable
OGFRL1,-0.019837658790449,0.701399647059997,0.95720260995136,stable
YBEY,-0.0198404154307283,0.83908070509635,0.999789246558786,stable
RHNO1,-0.0198440573835296,0.747645683124396,0.976542041254727,stable
ATP6V1H,-0.0198677306650409,0.632447282689813,0.921703074771708,stable
ERAL1,-0.0198806277587378,0.811365127910998,0.995656133881576,stable
BTBD10,-0.0199037689403182,0.770555964359082,0.981415985828635,stable
BEX5,-0.0199153652198567,0.586260153146048,0.89315825265003,stable
CAPN1-AS1,-0.0199293090794586,0.616727691054144,0.91491253585508,stable
ATF2,-0.0199364868277007,0.905116707031784,0.999789246558786,stable
SMIM13,-0.019953527699798,0.837381582572936,0.999789246558786,stable
HSD17B4,-0.0199589537062411,0.952954514790251,0.999789246558786,stable
CAMTA2,-0.0199663659759311,0.792063170789711,0.989660627414104,stable
WDR3,-0.01997813278862,0.832605307678182,0.999789246558786,stable
BET1,-0.0200600767851582,0.836506910766466,0.999789246558786,stable
GPR146,-0.0200774581241459,0.564958805515815,0.879215922302688,stable
ZYX,-0.0201126645053052,0.823353378288866,0.997404998293666,stable
ZNF672,-0.0201247069373099,0.901640112507913,0.999789246558786,stable
CCDC86,-0.0201308690415901,0.676760642255824,0.945310740153455,stable
SIRT3,-0.0201719334722287,0.890203877372151,0.999789246558786,stable
MRGBP,-0.0201801433723732,0.769882729522861,0.981415985828635,stable
NEK7,-0.020187820442029,0.84463629324704,0.999789246558786,stable
SLC35C1,-0.020260091006754,0.892399881541558,0.999789246558786,stable
ST6GALNAC6,-0.0202982522605184,0.590976227528472,0.89706859621359,stable
ZC3H18,-0.0203002496665114,0.904924168586897,0.999789246558786,stable
DAAM2,-0.0203431051330786,0.772708843314025,0.982576733630692,stable
DHX40,-0.0203507804164437,0.901530581093863,0.999789246558786,stable
UBXN4,-0.0203945552484238,0.954576550600944,0.999789246558786,stable
TXLNG,-0.0204262806901127,0.652780532679646,0.935092586121094,stable
TAF13,-0.0204300471911839,0.759277831432746,0.978535815649329,stable
ZMYND19,-0.0204633578970319,0.857263005657829,0.999789246558786,stable
SLC35F2,-0.0204719720258538,0.66645400677445,0.941849646001786,stable
USP45,-0.0204860682909389,0.709167502202775,0.95990073601226,stable
TRIM21,-0.0205003537741622,0.739556538903178,0.972916393839049,stable
CEP20,-0.0205087565885765,0.945599609859336,0.999789246558786,stable
OSTM1,-0.0205429145182672,0.907944014320601,0.999789246558786,stable
NCKIPSD,-0.0205449917450573,0.537160944296396,0.858249884225364,stable
SMPDL3B,-0.0205471337035102,0.890526855933302,0.999789246558786,stable
NUDT5,-0.0205842486003486,0.930494445384894,0.999789246558786,stable
ACTN4,-0.0205962458812885,0.922939778566748,0.999789246558786,stable
BTRC,-0.0206697437555147,0.724352092986092,0.966510434379362,stable
MMAA,-0.0206874257805643,0.820813901254553,0.997378504529586,stable
DYNLL1-AS1,-0.0206936819447873,0.715816982804395,0.962988809819174,stable
PCYT1A,-0.020744786308607,0.924531313420835,0.999789246558786,stable
SNRNP25,-0.0207583755517147,0.885123898637806,0.999789246558786,stable
SMCR8,-0.0207664332942537,0.833762310840166,0.999789246558786,stable
VPRBP,-0.0208152049791928,0.100583335682489,0.366040695261313,stable
ACKR4,-0.0208489536654653,0.716525911660482,0.963044662020624,stable
SP1,-0.0208782348539499,0.476258667733914,0.813212174099645,stable
NUP93,-0.0208792156953394,0.684675062377692,0.94834923546048,stable
REEP4,-0.0209142604975799,0.359110379237257,0.713666928271213,stable
CRTC1,-0.0209643742961206,0.807156653816598,0.994409667043212,stable
KAT5,-0.0210197819944074,0.0410231353756605,0.211499277525815,stable
POLRMT,-0.0210420763346539,0.896825261023563,0.999789246558786,stable
CHST12,-0.0210429477168899,0.907335374771516,0.999789246558786,stable
SCAMP3,-0.0210605496939762,0.970706459218499,0.999789246558786,stable
PRKACB,-0.0210758605170818,0.779079907631014,0.984827151693479,stable
RSAD2,-0.0210906554687802,0.77793642606089,0.984317862764551,stable
TMEM220,-0.0211024035538018,0.797584974971253,0.990921712983901,stable
HOMER3,-0.0211680357366396,0.739439104681222,0.97286660376959,stable
ATG10,-0.0212021874541074,0.860859866584804,0.999789246558786,stable
BPHL,-0.0212067259115526,0.852083414885569,0.999789246558786,stable
SC5D,-0.0212094790327821,0.966885281894194,0.999789246558786,stable
ANO8,-0.0212109138779405,0.72505126275185,0.966840475169479,stable
CPD,-0.021212475119857,0.452221478522168,0.793933437237528,stable
AUH,-0.021222773742245,0.839793127735191,0.999789246558786,stable
KAT2B,-0.0212246875445276,0.865434825182188,0.999789246558786,stable
BCOR,-0.0212252887654362,0.05308670697458,0.247416974545586,stable
PLCL1,-0.0212599833219819,0.86395436381557,0.999789246558786,stable
ACHE,-0.0212613028005075,0.67807727989487,0.945515868982255,stable
FAM114A2,-0.0212902979678646,0.825987101943564,0.997759163651196,stable
KHK,-0.0212952003627305,0.820614071088485,0.997378504529586,stable
PAPOLG,-0.0213018291563111,0.770568478672368,0.981415985828635,stable
OSGEPL1,-0.0213679716542604,0.715581315586476,0.962988809819174,stable
MRAS,-0.0213836646436059,0.867879154327464,0.999789246558786,stable
DPH3,-0.0214078832736471,0.92661322166597,0.999789246558786,stable
ZBTB11-AS1,-0.0214155426165315,0.678729803649934,0.946031498512794,stable
FRAT2,-0.0214645586211454,0.801963331968489,0.992358563634558,stable
PAICS,-0.0215251830132085,0.761692940307384,0.97948844320936,stable
LEO1,-0.0215371868616427,0.893659736150106,0.999789246558786,stable
TSPYL2,-0.0216227904309793,0.784518076765295,0.987301207757395,stable
SMAP1,-0.021697024194528,0.952906886596928,0.999789246558786,stable
SRRD,-0.0217474820520718,0.803174841780701,0.992953782073998,stable
FBXW9,-0.0217868057464826,0.821021933438791,0.997378504529586,stable
TBC1D9,-0.0218495461925334,0.812600859059615,0.995656133881576,stable
CRISPLD1,-0.02185000308563,0.757763041216299,0.978529584839239,stable
PABPC4,-0.0218645193014447,0.874528864965379,0.999789246558786,stable
BCL6,-0.0218676581331864,0.903394247471231,0.999789246558786,stable
KLF16,-0.0218749263494656,0.715823954635464,0.962988809819174,stable
PUSL1,-0.0218948482789073,0.887212571319227,0.999789246558786,stable
CD52,-0.0219033980973198,0.754290684807954,0.97784010455129,stable
ATG7,-0.0219247765754499,0.847124630200173,0.999789246558786,stable
MAP1S,-0.0219660465792682,0.409124171781822,0.757983083646897,stable
SLC11A1,-0.0219729271074696,0.611570641465117,0.910244675669012,stable
AMN,-0.021975598599491,0.70678362128862,0.958903772101231,stable
CLDN15,-0.0219771717602387,0.689926471400602,0.951021784664068,stable
WDR12,-0.0219784710717357,0.750620707647123,0.976977677069028,stable
C4orf36,-0.0219790053707269,0.770773504244283,0.981415985828635,stable
SECTM1,-0.0219793925146463,0.882944747832155,0.999789246558786,stable
SERTAD4-AS1,-0.0219985202138832,0.877587222852667,0.999789246558786,stable
EIF4E,-0.0220072432136344,0.775952343855246,0.983742112765663,stable
C14orf80,-0.0220235588322978,0.724487492655276,0.966510434379362,stable
KLHL7,-0.0220339407661992,0.884225306274924,0.999789246558786,stable
IRS1,-0.022047163097289,0.814613589704166,0.996582590527748,stable
MEGF8,-0.0220506250983585,0.82018936686661,0.997378504529586,stable
CBX4,-0.0221130645600852,0.861232014957327,0.999789246558786,stable
LAYN,-0.0221214064044403,0.892945208144858,0.999789246558786,stable
LDLR,-0.0221448225419767,0.985295293325109,0.999789246558786,stable
GPX7,-0.0221647591799383,0.709835959040903,0.960339991706449,stable
EGLN1,-0.0222173757148508,0.886294543333285,0.999789246558786,stable
C11orf57,-0.0222184116179141,0.873592349051738,0.999789246558786,stable
RRP8,-0.0222207529130972,0.860060030534308,0.999789246558786,stable
RMDN1,-0.0222429622438301,0.636154197141648,0.924017992461177,stable
FBRSL1,-0.0223098755704458,0.889994320587723,0.999789246558786,stable
RBAK,-0.0223220693199793,0.802510724123239,0.99250213392174,stable
FBXO31,-0.0223287510973871,0.80693748457499,0.994409667043212,stable
NUBP1,-0.0223903244020716,0.000113292220496524,0.00231199349474042,stable
NRM,-0.0224047173936043,0.636949405519307,0.924387829035722,stable
ELF1,-0.0224307896963375,0.75073859632821,0.977007197010118,stable
C8orf76,-0.0224736682620583,0.771975459684164,0.982248783587232,stable
C21orf119,-0.022492597174927,0.811536794271221,0.995656133881576,stable
ALPP,-0.0225701003299521,0.963577983842647,0.999789246558786,stable
TMEM242,-0.0225719227010588,0.899049851901281,0.999789246558786,stable
DNTTIP1,-0.0225965795235275,0.876705187618506,0.999789246558786,stable
SLC39A11,-0.0226268307392118,0.635336541799501,0.923463221278509,stable
B9D1,-0.0226406974050336,0.856635092484326,0.999789246558786,stable
ALG1,-0.0226966548856922,0.768110439156077,0.981415985828635,stable
IDNK,-0.0227016860009882,0.779167889961626,0.984827151693479,stable
SMARCC1,-0.0227447401336762,0.89449529285143,0.999789246558786,stable
MT1M,-0.0227606639755924,0.244054147866299,0.591810732695426,stable
SNUPN,-0.0228022789348622,0.847845318587915,0.999789246558786,stable
ZNF627,-0.0228186558281507,0.406018053236467,0.75578846171226,stable
GPRC5C,-0.0228576515931266,0.748887049835086,0.976542041254727,stable
C1orf115,-0.0228609389659735,0.607637472010944,0.908034355318718,stable
MOSPD3,-0.0229330685279411,0.770101391285195,0.981415985828635,stable
EXOC2,-0.0230013775975609,0.857287826527317,0.999789246558786,stable
HDAC3,-0.0230095052444164,0.78516369383698,0.987301207757395,stable
FAM203A,-0.0230118035297415,0.800578857525025,0.992162864100309,stable
LINC01023,-0.0230177259906922,0.76703579310301,0.981415985828635,stable
INTS7,-0.0231671159831473,0.71661111303498,0.963044662020624,stable
TELO2,-0.0231808998811081,0.773719047416677,0.982949660738044,stable
URB1,-0.023196244207807,0.803313025742507,0.992953782073998,stable
PLGRKT,-0.0231983681827497,0.934772929515166,0.999789246558786,stable
RBBP8,-0.0232209263340654,0.881741162037169,0.999789246558786,stable
NUDT18,-0.0232334696091207,0.717410044584993,0.96350060108884,stable
KCTD3,-0.0232539243547672,0.890467667536487,0.999789246558786,stable
NAGA,-0.0233194592612137,0.670496574590925,0.9433983995374,stable
BID,-0.0233555930945007,0.687425352546145,0.949905312914264,stable
ZNF580,-0.0233609506422658,0.897378534743419,0.999789246558786,stable
ADSL,-0.0233690573084773,0.0858376672666713,0.331735581621179,stable
TFB2M,-0.0233733189218287,0.729319994096604,0.968307549455511,stable
INTS15,-0.0233912457486735,0.808809307305574,0.995263153775508,stable
BAG6,-0.0234367478601167,0.263721371940412,0.616156355236926,stable
DNAJC21,-0.0234614789795283,0.948501986221841,0.999789246558786,stable
CLASP1,-0.0234718369355103,0.872782594462698,0.999789246558786,stable
MPI,-0.0234811394528659,0.794361259163002,0.990150050025817,stable
EIF1AD,-0.0235126308770074,0.793122802829545,0.989660627414104,stable
NBL1,-0.0235617034289433,0.571469666444512,0.882838172070941,stable
TCF4,-0.0235717516648333,0.561034308987254,0.876656448045532,stable
PIERCE1,-0.0235899455727251,0.688418697900011,0.950462387845182,stable
ABCC6,-0.0235968816615584,0.820222480813564,0.997378504529586,stable
SGPP1,-0.0236084571062216,0.826429231377152,0.997759163651196,stable
ZBTB45,-0.023613424859744,0.801974348929929,0.992358563634558,stable
CCL28,-0.0236156036057432,0.724946421551195,0.966840475169479,stable
PPP1R1C,-0.0236617472741368,0.515662999883979,0.841982577855749,stable
COQ3,-0.0236668979203092,0.695181576772645,0.953973742449363,stable
RAD21,-0.023668141808849,0.825175862365001,0.997630550875775,stable
ZNF34,-0.0236942941524759,0.534143229262805,0.856085857415567,stable
ZNF8-DT,-0.0237104815996192,0.625529092401641,0.918432914365111,stable
UNK,-0.0237593686796798,0.860957580988033,0.999789246558786,stable
MAD2L2,-0.0237821012279302,0.650794909868299,0.933494621221874,stable
PGM1,-0.0237944511943917,0.721035170279164,0.965626505761399,stable
STYXL1,-0.0238033505409933,0.89307570651375,0.999789246558786,stable
LINC00152,-0.0238051927504058,0.326744226832062,0.682147264096991,stable
KIAA0513,-0.023810837743698,0.794685279064523,0.990338755355768,stable
NCK2,-0.0238534867827406,0.858940859809714,0.999789246558786,stable
LYZ,-0.0239029779039363,0.799005530790366,0.991723885726217,stable
SAP130,-0.0239103989229346,0.488315876064058,0.823640610624647,stable
C19orf48P,-0.0239176554597572,0.798153740371862,0.991326084363507,stable
SLC35A2,-0.0239434451237101,0.912235043076126,0.999789246558786,stable
BARD1,-0.023989543215166,0.760978901218032,0.97948844320936,stable
DGKQ,-0.02404370877375,0.616587895578791,0.914816171326027,stable
TRIM8,-0.0240861103564527,0.953300457256118,0.999789246558786,stable
PSMD10,-0.0240866240063135,0.858992852706343,0.999789246558786,stable
CD276,-0.0240891389877231,0.810176391815464,0.995656133881576,stable
C2orf43,-0.0241182244795971,0.744518267884741,0.975350048936135,stable
ARL8B,-0.0241823289093573,0.796382073951856,0.990625637718914,stable
VANGL1,-0.0242295863399554,0.553778053275214,0.871108341685268,stable
PNP,-0.0242595729476722,0.233506469203681,0.578827300458688,stable
TIMM44,-0.0242675273770375,0.698613736837432,0.956416439440936,stable
TACO1,-0.0243054732482118,0.765986483539451,0.981415985828635,stable
RAB5B,-0.0243116304735365,0.957392588328653,0.999789246558786,stable
DDIT4,-0.0243273118012408,0.53998203032052,0.860925801469213,stable
METAP1,-0.0243706966344405,0.883951885317319,0.999789246558786,stable
ZNF581,-0.0244552781358575,0.837789194165728,0.999789246558786,stable
ACTMAP,-0.0245047504011509,0.831453912825454,0.999478083427903,stable
TSNAX,-0.0245202325124302,0.583380057118077,0.891181931793474,stable
NDC1,-0.0245204732358593,0.611212319607924,0.910154634533714,stable
CCDC85C,-0.0245250686742463,0.84749566009697,0.999789246558786,stable
FRS2,-0.0245263619570039,0.848613390721774,0.999789246558786,stable
C5,-0.0245286469319723,0.604411934122651,0.905765781870207,stable
ZNF408,-0.0245435850311276,0.640421417452462,0.926451054075608,stable
RNASEH1,-0.0245681734215684,0.855068074145684,0.999789246558786,stable
LYSMD3,-0.0245701204680188,0.403220358636161,0.753432928612884,stable
TNFRSF1A,-0.0245796310016053,0.129073854723026,0.419962416857672,stable
DIS3,-0.0245872946630946,0.913893748487034,0.999789246558786,stable
CREB3L4,-0.0245949437760098,0.532213964442115,0.854748525100034,stable
TOMM40,-0.0246018108594575,0.245001535595434,0.592697164282325,stable
PALM3,-0.0246284667114966,0.673675834637396,0.944240759232126,stable
PPP3R1,-0.0247075733652068,0.857302664351439,0.999789246558786,stable
SLC25A51,-0.0247089745119466,0.783738013380809,0.987041300747956,stable
GMCL1,-0.0247563465479661,0.837333915013716,0.999789246558786,stable
XRCC6,-0.0247686680369051,0.790086429944031,0.988615188915299,stable
QRSL1,-0.0247955566945142,0.673784871954549,0.944240759232126,stable
SCRN3,-0.0248040163796583,0.888594912178403,0.999789246558786,stable
LMBR1L,-0.0248054088715752,0.780091348623704,0.985297331015474,stable
GGT2P,-0.0248760405508124,0.776812487234246,0.984118130785721,stable
LOH12CR1,-0.0248817369627237,0.663529225048421,0.940821248934699,stable
CLHC1,-0.0248882288460474,0.60557910761681,0.907029144877777,stable
ESAM-AS1,-0.0248975627425607,0.704219417706099,0.958118510741468,stable
LRRC8E,-0.0249119672119506,0.603249078510791,0.904910631453663,stable
SLC25A33,-0.0249552157948187,0.631832666950951,0.92148317699242,stable
ADH1B,-0.024961734840112,0.112441973264062,0.389996146771323,stable
AMN1,-0.024981476210899,0.614604321356649,0.912981312949772,stable
SLC39A8,-0.0250336802057531,0.376162669419275,0.730059065070525,stable
MTG1,-0.0250642945601166,0.0386715364309411,0.203846856977932,stable
TTC28,-0.0251092967401905,0.000308341356435095,0.00537683985886249,stable
BRI3BP,-0.0251292635923772,0.681023825104309,0.947081148238741,stable
GMPPB,-0.0251313234602467,0.811902599058735,0.995656133881576,stable
ZNF688,-0.0251417359598592,0.800818708407146,0.992162864100309,stable
TM9SF3,-0.0251464114385492,0.927637489299955,0.999789246558786,stable
CECR5,-0.0251984993968781,0.804895185265543,0.993541224344743,stable
YARS2,-0.0252054425818471,0.740065645767674,0.973099283961644,stable
MYL5,-0.0252273616425587,0.505695208785846,0.835921772613901,stable
CHST14,-0.0252533455089322,0.798056601210942,0.991306157220054,stable
NTF4,-0.0252872472895461,0.809802615816026,0.995656133881576,stable
OXSR1,-0.0252977059081309,0.915087535228223,0.999789246558786,stable
SLC50A1,-0.0253230430858263,0.458595675887939,0.799012762550479,stable
TMEM216,-0.0253261980519091,0.667785650515868,0.942437249787197,stable
GAB2,-0.0253314394050766,0.747345932427924,0.976542041254727,stable
TRAF3,-0.0253322019460479,0.652820691259606,0.935092586121094,stable
THOC6,-0.0253373841429586,0.876664190244063,0.999789246558786,stable
UBIAD1,-0.0253414924268026,0.597835894720039,0.901547739582748,stable
FMR1,-0.025353721940603,0.635211729865455,0.923463221278509,stable
SP110,-0.0253608864252573,0.822263647356274,0.997404998293666,stable
CRELD2,-0.0253734847971559,0.0288076931385667,0.167682672727626,stable
TEX30,-0.0254027258310743,0.457961760373571,0.798477329739914,stable
AATK,-0.0254187944402563,0.492550434294498,0.826505039941732,stable
HSCB,-0.0254375432034859,0.604394797044974,0.905765781870207,stable
PLXND1,-0.0255657272038898,0.64512313504649,0.930245032045908,stable
SNX21,-0.0255764324840274,0.828673218906369,0.99792050950069,stable
APOL3,-0.0255858732973446,0.613732018133234,0.912461711221193,stable
ATF3,-0.0255964596163717,0.945211530469705,0.999789246558786,stable
C2orf47,-0.0256150400010528,0.770053540337153,0.981415985828635,stable
YOD1,-0.0257063813673477,0.768607103919627,0.981415985828635,stable
PPP1R14A,-0.0257092323721476,0.276666230977037,0.630127757098773,stable
RMND5B,-0.025720775007004,0.869159472362383,0.999789246558786,stable
CCDC90B,-0.0257294649552537,0.887766040007036,0.999789246558786,stable
PSMD5,-0.0257354083470203,0.855883084628846,0.999789246558786,stable
ZNF142,-0.0257460484176567,0.745404558048691,0.975951121160221,stable
RLIM,-0.0258190982333446,0.86724299321351,0.999789246558786,stable
DMAP1,-0.0258968973682767,0.700704281853452,0.957026414538247,stable
ENPP5,-0.0258973119395889,0.768329743455557,0.981415985828635,stable
SCARB2,-0.0259002249076772,0.893157081232507,0.999789246558786,stable
ERMAP,-0.025933836401656,0.658614350528946,0.938866506189873,stable
CYS1,-0.0259352181847374,0.647071152557677,0.931880038744704,stable
CYC1,-0.0259935929725444,0.963910923184102,0.999789246558786,stable
CNN2,-0.0260016153769226,0.794810471876997,0.990393803080979,stable
EPS8,-0.0260055137915821,0.105540474834746,0.375473447142005,stable
NAA10,-0.0260384666456294,0.342056862164307,0.698513712511942,stable
SLC39A7,-0.0260485182379197,0.954201404743519,0.999789246558786,stable
SHQ1,-0.0261304668669263,0.734494407292279,0.971432366286368,stable
TMED10,-0.0261461725769875,0.469727729836794,0.807247542460983,stable
ECD,-0.0261697680977349,0.817832452797643,0.997378504529586,stable
EMP3,-0.0261775935154878,0.763048431318528,0.979703974532996,stable
CDC42SE1,-0.0261784541822252,0.894417477098444,0.999789246558786,stable
AMIGO2,-0.0262569791326401,0.818090870814397,0.997378504529586,stable
TATDN2,-0.0263219042417553,0.42577167991319,0.771285271970782,stable
DHRS12,-0.0263311572968106,0.118915370751746,0.401221767550293,stable
DESI2,-0.0263345778299272,0.568195972508556,0.880865893207938,stable
HMG20A,-0.0264241374624258,0.13172208459739,0.425352896613505,stable
SYNRG,-0.0264577736040992,0.888573362850866,0.999789246558786,stable
IGFALS,-0.026458716603081,0.658648185695266,0.938866506189873,stable
MORC2,-0.0264851875738225,0.706268398417013,0.958796220535664,stable
TRIP10,-0.0265062851797584,0.934809521738468,0.999789246558786,stable
SLC44A4,-0.0265665756191956,0.799261977433843,0.991723885726217,stable
FADS1,-0.0265698364177807,0.739965928253513,0.973099283961644,stable
CCNG1,-0.0266263990320056,0.580527379425611,0.889485962398893,stable
PEA15,-0.026630463672871,0.926851760771813,0.999789246558786,stable
CYB561D1,-0.0266914669322387,0.728419873609886,0.967834284814774,stable
IFIT1,-0.0267685366393732,0.490016881814352,0.824961657855552,stable
C3orf62,-0.0268049091715744,0.481557126081831,0.816896240525159,stable
BLCAP,-0.0268516728772782,0.920169786092369,0.999789246558786,stable
EIF4EBP2,-0.0268704478818387,0.843124709882532,0.999789246558786,stable
BAHD1,-0.0268997805489339,0.78695138561514,0.987420136343518,stable
RASSF8,-0.0269399589179467,0.905944218504428,0.999789246558786,stable
SOCS3,-0.0269459974915918,0.833800887365526,0.999789246558786,stable
TMEM44-AS1,-0.0269549352137353,0.607458075168694,0.908034355318718,stable
RCAN3,-0.027013147876667,0.0295987983873549,0.170739646915991,stable
RNF39,-0.0270160405329651,0.590001449668856,0.896256706940735,stable
BMAL1,-0.0270776545294697,0.736064641436863,0.971586428348398,stable
PRICKLE1,-0.0270947686343997,0.0129312463665765,0.094994925231389,stable
BAIAP2-AS1,-0.02711360644831,0.737823100926295,0.971965372509113,stable
PRKRA,-0.0271261523751572,0.483966209686676,0.818710620981168,stable
MINK1,-0.0271485731368622,0.822285406161367,0.997404998293666,stable
VDAC3,-0.0271622572252598,0.954332670726941,0.999789246558786,stable
EEFSEC,-0.0271637238015266,0.774401715971702,0.983474483787495,stable
TRAPPC9,-0.0271788331255227,0.769573133881829,0.981415985828635,stable
TCTN1,-0.0272007003376475,0.840343777821514,0.999789246558786,stable
ADRBK1,-0.0272042429192155,0.850754017630581,0.999789246558786,stable
IQCH-AS1,-0.0272059383370687,0.589953680970318,0.896256706940735,stable
TMED7,-0.0272397847198153,0.948049680888595,0.999789246558786,stable
PDIA5,-0.027242198484058,0.567654560307602,0.880645458947027,stable
TNFAIP8,-0.0272576567190794,0.600681150175486,0.903164376352415,stable
CXCR4,-0.0272786247763727,0.225710020552372,0.568560013712063,stable
TM7SF3,-0.0273213851289879,0.667197042546537,0.942433169411701,stable
AATF,-0.0273347185403414,0.86035891622215,0.999789246558786,stable
COA7,-0.0273352315210725,0.631123187918616,0.921286105698251,stable
TGIF2,-0.0273605660074343,0.620158317903696,0.915854865557998,stable
FANCL,-0.0273611155136172,0.734226393175733,0.971432366286368,stable
ZNF839,-0.027395807655449,0.706008625406784,0.958703558872753,stable
DLD,-0.0274165906555222,0.909994835881307,0.999789246558786,stable
ZFYVE19,-0.027418723598843,0.827925922933695,0.99792050950069,stable
RFX5,-0.027429744480151,0.696576877956894,0.95544835683854,stable
ANXA6,-0.0274388368464451,0.883307310727771,0.999789246558786,stable
CLIC6,-0.0274571186198382,0.428915504611711,0.773199104611939,stable
ATRN,-0.027464873628935,0.634912039165649,0.923463221278509,stable
C10orf95,-0.0274837320481155,0.612794180482183,0.911732724222761,stable
UBE2S,-0.0275169445928012,0.673446311151874,0.944240759232126,stable
CDC42EP3,-0.0275659777199217,0.60988908528231,0.909589048638,stable
PHAX,-0.0275769246058038,0.708057799700042,0.959569298224567,stable
MFAP2,-0.0275993771724425,0.329310808935741,0.684413562689577,stable
PTGR1,-0.0276089895572166,0.715966057024859,0.962988809819174,stable
BPIFB1,-0.0276101802173604,0.283995741693362,0.638364983874455,stable
PIERCE2,-0.0276557752786135,0.575094982393527,0.885491831707445,stable
NEURL4,-0.0276733088295187,0.384530739959605,0.736282815062466,stable
SOCS1,-0.027716339692554,0.667833261913349,0.942437249787197,stable
USF1,-0.0277383784971869,0.70541026277004,0.958541206805842,stable
TRIM58,-0.0277405772110281,0.517569795948726,0.843853069130917,stable
WDR81,-0.0277551689209941,0.69928137944092,0.956677768331857,stable
KIZ,-0.0277632474881917,0.624665891961601,0.918045289993479,stable
KDELC2,-0.0277830157180904,0.72370474004512,0.966431176321043,stable
XRCC5,-0.0277883953830415,0.852638498868324,0.999789246558786,stable
APPBP2,-0.0278544637626981,0.855749600769742,0.999789246558786,stable
ZCCHC4,-0.0279133014524977,0.367610163071863,0.723035661044321,stable
SYDE1,-0.0279343111778922,0.557929032135569,0.874958675524097,stable
HECA,-0.027939361202007,0.797974145234988,0.991304466600862,stable
IDH1,-0.0279633792567735,0.858159827935482,0.999789246558786,stable
MED8,-0.0279679811320478,0.445139001185307,0.786598284499876,stable
GSKIP,-0.028055631548311,0.724723118647584,0.966719271316899,stable
ANKRD42,-0.0280637224354604,0.659412045034506,0.938866506189873,stable
EIF4A3,-0.0281395210179701,0.911630406107866,0.999789246558786,stable
CARKD,-0.0281846445183518,0.857929566095972,0.999789246558786,stable
RPUSD1,-0.0281874317052114,0.621281082164613,0.916253427753875,stable
EXOSC2,-0.0282355593377109,0.501675523649897,0.832538908647345,stable
THNSL2,-0.0282372762876135,0.791949977890189,0.989660627414104,stable
TBC1D16,-0.028239387368628,0.611427737450286,0.910244675669012,stable
LIG4,-0.0282617134528453,0.722888743703369,0.966353555512735,stable
C19orf68,-0.0282765758829126,0.466573597634485,0.805264526731181,stable
PPP1R8,-0.0284031750831409,0.771330678013436,0.981780410579881,stable
BRIX1,-0.028407806599238,0.00749245400824366,0.0648804942256152,stable
EPB41L4A-AS1,-0.0284614226961015,0.137928278799526,0.435592949116284,stable
PDGFC,-0.0284723492146212,0.57618904646894,0.885984413296042,stable
ZNF765,-0.0285041870425187,0.326365034860537,0.68177795597881,stable
TMEM186,-0.0285387569803994,0.723332875561068,0.966431176321043,stable
REXO4,-0.0285715456022209,0.728629968976078,0.967834284814774,stable
MAGIX,-0.0285847206820059,0.782511259627831,0.986366644095591,stable
UBE2D1,-0.0286030703036906,0.509752674711019,0.838040293421966,stable
MTA2,-0.0286431258422949,0.581761502662794,0.890266976533549,stable
HNRNPM,-0.0286667984935983,0.47462217902319,0.811778580716311,stable
ZBTB18,-0.0286943114066066,0.734751527309964,0.971586428348398,stable
MAK16,-0.0287633708077599,6.14417020835998e-09,3.91178836598918e-07,stable
RRP1B,-0.0287818949057101,0.799045709456843,0.991723885726217,stable
TMEM47,-0.0287988974958352,0.785268137681856,0.987301207757395,stable
MARK4,-0.0288130216474726,0.677939770812164,0.945480405979224,stable
ERCC2,-0.0288339367611131,0.534304006331826,0.856119042259831,stable
MAPK3,-0.0288454319786999,0.864362413620045,0.999789246558786,stable
ARHGAP32,-0.0289154404392912,0.25648986136056,0.606212696301524,stable
RNF19B,-0.0289936780469502,0.748757791228611,0.976542041254727,stable
TSPAN1,-0.0290073011500577,0.506514310036146,0.836029020507947,stable
ABHD8,-0.0290664725183911,0.707824961300361,0.959569298224567,stable
ST6GAL1,-0.0290695422576885,0.145237966891768,0.449335074331496,stable
ZNF668,-0.0291036207349015,0.603038999482643,0.904765922194366,stable
PSEN2,-0.0291067393566358,0.745690247589519,0.976048569068881,stable
HNRNPR,-0.029157036014211,0.939353105991309,0.999789246558786,stable
THOC5,-0.0291738858181636,0.844421903321067,0.999789246558786,stable
ZNF628,-0.0291791516799495,0.553767468425415,0.871108341685268,stable
TES,-0.0292301050290669,0.795909840972051,0.990475855820148,stable
POLR2M,-0.0293006555533186,0.8021815825508,0.992374875681188,stable
MIPEP,-0.029321958334152,0.693322271694921,0.952694632328993,stable
DPP3-DT,-0.0293247696213157,0.430445677261902,0.774358787174318,stable
LAPTM5,-0.0293386885452674,0.531381506825432,0.854232354385354,stable
DMKN,-0.0293496824538422,0.424357426729666,0.770207154319738,stable
GPC4,-0.0293549059324472,0.930969276073941,0.999789246558786,stable
SARNP,-0.0293554688572574,0.713952695042999,0.962328563701138,stable
UTP20,-0.0293634410685076,0.73688040162898,0.971622076787017,stable
LCA5,-0.0294021472482073,0.603078594080473,0.904765922194366,stable
CYP4B1,-0.0294456320627421,0.627913829301907,0.919902924638998,stable
OMA1,-0.0294797887754331,0.782462291517772,0.986366644095591,stable
MCOLN1,-0.0294993141953086,0.000312119317315428,0.00543496657388005,stable
OGFOD3,-0.0295142924297626,0.838208677604996,0.999789246558786,stable
MED14,-0.0296285404041328,0.698531741160605,0.956416439440936,stable
SMU1,-0.0296289128606198,0.809610987297935,0.995656133881576,stable
TSPAN14,-0.0297196553278011,0.718177986400485,0.96350060108884,stable
HNRNPC,-0.0297247609524794,0.898170319793394,0.999789246558786,stable
MTERFD1,-0.0297583068683392,0.794926555496751,0.990437490000232,stable
TAF1B,-0.0298030238176701,0.733879421513264,0.971432366286368,stable
DYNC2I2,-0.0298185596185906,0.671322093887922,0.943542538571976,stable
ZNF213,-0.0298230120669866,0.524299105099348,0.847643467892399,stable
KITLG,-0.0298248106865252,0.766661646959521,0.981415985828635,stable
C9orf37,-0.0298667824408008,0.757734894937288,0.978529584839239,stable
PLOD1,-0.0299484814192525,0.778114199780182,0.984387693817287,stable
PSME3,-0.0299664552551051,0.838519188788203,0.999789246558786,stable
SNRNP27,-0.0300154598830162,0.82163913064103,0.997378504529586,stable
C11orf68,-0.0300520431215886,0.811781278007476,0.995656133881576,stable
SURF4,-0.030060720447797,0.945419140800096,0.999789246558786,stable
KANK2,-0.0300719447244335,0.601216139307935,0.903583229302158,stable
SLBP,-0.0301081332897308,0.936324566200082,0.999789246558786,stable
C1GALT1,-0.0301367813412281,0.811554026791301,0.995656133881576,stable
RALBP1,-0.0301515892207708,0.763190585195623,0.97975653365168,stable
PIP4K2C,-0.030154753961177,0.762917601973615,0.979703974532996,stable
HMGN5,-0.0301553289942948,0.440190491440235,0.784651170717216,stable
EDN3,-0.0301666550556928,0.563766224325704,0.879155227324167,stable
TSHZ1,-0.030182892717023,0.746836462696006,0.976542041254727,stable
ZNF358,-0.0301914236583991,0.114666316952521,0.393735336288327,stable
GIN1,-0.0301970071687501,0.458681149038979,0.799047793337962,stable
ICAM3,-0.0302030170543589,0.598974250028218,0.902439896669159,stable
PPP3CA,-0.0302047936074163,0.780800997426546,0.98568664117803,stable
C3orf33,-0.0302165720158578,0.573490007822474,0.884639255376708,stable
UBTD2,-0.030218294013406,0.691491291403606,0.951997921626048,stable
FN3KRP,-0.0302360592797631,0.839039304013743,0.999789246558786,stable
TPGS1,-0.0302452573019074,0.858696678184333,0.999789246558786,stable
USP19,-0.0302932056956395,0.795218913203958,0.990475855820148,stable
SSBP4,-0.03029833478576,0.719559400293628,0.964673624609488,stable
LINC00094,-0.0303022433482151,0.618836570257077,0.915686609816361,stable
SDC3,-0.03032857398658,0.715419906996615,0.962988809819174,stable
WRAP73,-0.030341539875371,0.839985815956192,0.999789246558786,stable
PSMG2,-0.0303900267570374,0.6742865917176,0.944240759232126,stable
TRUB2,-0.0303967384116799,0.722509566479086,0.966353555512735,stable
C6orf57,-0.0304027162764019,0.558333511898243,0.875024330425809,stable
RORC,-0.0304388276530313,0.75083413103818,0.977027508815276,stable
UTP11L,-0.0304637867908706,0.869153493271129,0.999789246558786,stable
INPP1,-0.0305002435796985,0.784687848442397,0.987301207757395,stable
TRIB3,-0.0305129922276551,0.738898350445524,0.972606333896979,stable
ZFAND1,-0.030532478088493,0.825809526459137,0.997759163651196,stable
COX19,-0.0305580480159737,0.71656915353912,0.963044662020624,stable
ANAPC10,-0.0306042636472707,0.841866988179792,0.999789246558786,stable
SMAP2,-0.0306092960206186,0.687343586635651,0.949905312914264,stable
PSIP1,-0.0306520922657718,0.854670752998099,0.999789246558786,stable
SLC39A6,-0.0306836877248285,0.906655663750907,0.999789246558786,stable
CDPF1,-0.0307142383605182,0.544598614411168,0.864792603606407,stable
MFSD7,-0.0307234254611376,0.489683055290806,0.824786693984287,stable
CCDC77,-0.0307454239228548,0.471498223195481,0.808471634218201,stable
SLC35F5,-0.030753398149635,0.869547885379359,0.999789246558786,stable
IFNLR1,-0.030780899009132,0.382819843554739,0.735512013444424,stable
GATAD2A,-0.0308006297824115,0.839310927541355,0.999789246558786,stable
CDC34,-0.0308089572789887,0.801931217842234,0.992358563634558,stable
MBD3,-0.0308335740980829,0.277846309785371,0.6310744047697,stable
COA1,-0.0308393650622654,0.70393821871939,0.958118510741468,stable
PDK4,-0.0308532647846024,0.728726010915836,0.967834284814774,stable
PLEKHM1,-0.0308551118424524,0.860660714180233,0.999789246558786,stable
OAS1,-0.0308571997319664,0.500613626669484,0.832269404169251,stable
WNT7A,-0.0309309861505755,0.876435571678342,0.999789246558786,stable
OAZ2,-0.0309749649776231,0.833577762014022,0.999789246558786,stable
GOSR2,-0.0310044821050444,0.707083784613535,0.958932472643578,stable
HEMK1,-0.0310368223096205,0.782018543236801,0.986114573192351,stable
GUSB,-0.0311017638067805,0.87857481470883,0.999789246558786,stable
BOLA1,-0.0311192730867296,0.727115774374103,0.967710737287946,stable
POLR3D,-0.0311192847568754,0.711655460650041,0.961399083108886,stable
ZBED5-AS1,-0.0311231139426194,0.600824280504841,0.903268479263457,stable
DLG3,-0.0311339270216805,0.704088613113259,0.958118510741468,stable
BLTP3A,-0.0311390425522973,0.749412647919419,0.976542041254727,stable
RDH11,-0.031176940721386,0.874934242816457,0.999789246558786,stable
ATP9A,-0.0311815278438915,0.874359818816253,0.999789246558786,stable
STS,-0.0312629658632704,0.780162979001656,0.985297331015474,stable
PSKH1,-0.0312912881338442,0.609087444425441,0.909094617906787,stable
MED25,-0.0313341200881999,0.690442147282718,0.951254532629965,stable
GYG1,-0.03133903764253,0.722803817888633,0.966353555512735,stable
PAQR8,-0.0313466126416572,0.696096761020896,0.954896959569008,stable
LASP1,-0.0314067139552391,0.818367498901984,0.997378504529586,stable
GNPDA1,-0.0314211537529485,0.723054572535562,0.966353555512735,stable
ATP13A2,-0.0314914354544638,0.736358473299485,0.971586428348398,stable
FAM83G,-0.0315378471507676,0.750963193287125,0.97704135509022,stable
TINF2,-0.0316245142890277,0.8874353455941,0.999789246558786,stable
BTBD2,-0.0316728535579148,0.0883891081467077,0.338068979344604,stable
MAVS,-0.03168592394799,0.786001906234358,0.987420136343518,stable
PANK1,-0.0316861152826916,0.471489492607122,0.808471634218201,stable
TADA2A,-0.0317135144232351,0.627413189073798,0.919645135324675,stable
SLC20A2,-0.0317137995982387,0.850203018850369,0.999789246558786,stable
EID2,-0.0317251075619232,0.751164484222667,0.97704135509022,stable
FAM127C,-0.0317358059298662,0.778182495768387,0.984387693817287,stable
NOPCHAP1,-0.0317848606505359,0.697082030745183,0.955605107528218,stable
APOO,-0.0318017259688024,0.727156702432267,0.967710737287946,stable
FADS2,-0.0318119307073303,0.508044834719369,0.837311589538839,stable
GNA11,-0.0318138541720767,0.479167571594436,0.815218426606874,stable
SFT2D3,-0.0318578683759454,0.679056809753869,0.946066838663244,stable
GNA15,-0.0318677840290751,0.553272983623261,0.870986342795975,stable
TNFRSF10A,-0.0319215237843671,0.681094110014736,0.947081148238741,stable
LRRN4,-0.0319588744831449,0.868380097651346,0.999789246558786,stable
GOPC,-0.0319649598592703,0.726989050886134,0.967710737287946,stable
GET4,-0.0319811361946008,0.482912034584517,0.817860732991286,stable
PMPCB,-0.0320279949656516,0.846321560228036,0.999789246558786,stable
C9orf9,-0.0320379582673367,0.575384330265552,0.885607914022426,stable
ZFPL1,-0.0320421715709361,0.746242845006774,0.976353691251505,stable
TWF1,-0.0320438290278144,0.0621640391795518,0.273233822381966,stable
RASSF3,-0.0320850768643794,0.748712221671202,0.976542041254727,stable
CDK5RAP2,-0.0321073209498237,0.854684614654187,0.999789246558786,stable
ODAM,-0.0321632496646723,0.622585645367471,0.916926136020719,stable
NCBP2-AS2,-0.0321648319987738,0.89978858768303,0.999789246558786,stable
LARP7,-0.0321970866966752,0.800983540835723,0.992162864100309,stable
EXOSC5,-0.0322626590143336,0.573943698204535,0.884639255376708,stable
RRAGD,-0.03226976383784,0.653546139852809,0.935511220094706,stable
VDR,-0.0323340095175793,0.20773059271908,0.543654594071649,stable
KIAA1715,-0.0323403517413474,0.78388391260317,0.987041300747956,stable
CYB5R4,-0.0324001260327369,0.781512346527694,0.985992964555392,stable
NRAS,-0.0324120587170458,0.829057432666115,0.998069534854302,stable
SPARCL1,-0.0324269271541331,0.464894922403693,0.803713570865225,stable
RPIA,-0.0324631143586148,0.758321315971609,0.978529584839239,stable
FGFRL1,-0.0324792475558521,0.583194175685694,0.891009324282204,stable
COPS8,-0.0324886682748708,0.872930193398746,0.999789246558786,stable
TFDP1,-0.0325118685853667,0.68220496048943,0.947607573032409,stable
SNX12,-0.0325404069168979,0.740444725732388,0.973099283961644,stable
MYO5B,-0.0325532393362322,0.848797698888544,0.999789246558786,stable
L3HYPDH,-0.0326090457914904,0.722896456551182,0.966353555512735,stable
LDOC1,-0.032648050742037,0.685420213529957,0.948768734026746,stable
MGAT4A,-0.0326797137130763,0.879098610363423,0.999789246558786,stable
SNAPC1,-0.0327315942872669,0.657121946817098,0.937409111669064,stable
MDFIC,-0.0327374272528121,0.393545106701539,0.744574428775671,stable
OPTN,-0.0327712500391162,0.898535991949425,0.999789246558786,stable
STAG1,-0.0327921674153966,0.674031509692516,0.944240759232126,stable
CINP,-0.0328257180579283,0.854805232467104,0.999789246558786,stable
LIG3,-0.0328357771634582,0.772846387033427,0.982576733630692,stable
ALDH9A1,-0.0329254342330888,0.81653254317235,0.997053007484275,stable
FAM168A,-0.032933597345966,0.721074084274024,0.965626505761399,stable
ZNF71,-0.0330155569492119,0.444768655493457,0.786581603696762,stable
TARBP2,-0.0330782230955265,0.757865172728908,0.978529584839239,stable
VPS4A,-0.0331024341815424,0.860618377211297,0.999789246558786,stable
FAT1,-0.0331177125819845,0.815605397687999,0.99699603813381,stable
PODXL,-0.0331525438927256,0.451542078137904,0.793395193784352,stable
ELP6,-0.0331659554289376,0.804346168060388,0.993247787742099,stable
KHDRBS3,-0.0331906661046938,0.710199077636314,0.960339991706449,stable
MACIR,-0.0332124301190869,0.508983770193161,0.837620142011199,stable
AQP4,-0.0332317993776607,0.499878478535982,0.831928457675131,stable
GMNN,-0.0332816665959827,0.487728585552552,0.823137465531526,stable
SPATS2L,-0.0332929142311207,0.80434682982798,0.993247787742099,stable
CCNG2,-0.033352386439288,0.723795600394237,0.966431176321043,stable
C14orf119,-0.0333751207523172,0.2925671124723,0.647021589696703,stable
SLC46A1,-0.0334235736175255,0.629362816548132,0.920144847444607,stable
COA4,-0.0334257891152632,0.520216806848404,0.845155728168378,stable
PLD3,-0.033426765330883,0.858447053990443,0.999789246558786,stable
IL17D,-0.033486069487133,0.564838782544063,0.879215922302688,stable
CHSY1,-0.0334874455080318,0.402396577295558,0.75235481200075,stable
PINX1,-0.0334915434527108,0.293639818340044,0.647915729131534,stable
ZNF347,-0.0335246375241007,0.515907191438119,0.841982577855749,stable
NUDCD1,-0.0335382673186789,0.74811167527402,0.976542041254727,stable
NMRAL1,-0.0335435909317993,0.569327022485207,0.8812781464935,stable
LRP11,-0.0335581401530763,0.758995681457156,0.978529584839239,stable
COPS7A,-0.0335613052370993,0.551426128512412,0.86908625514901,stable
BTBD3,-0.0335668692317659,0.402337752099697,0.75235481200075,stable
UFL1,-0.033572157445834,0.704118934945911,0.958118510741468,stable
DNAL4,-0.0336255386717692,0.794046783422734,0.990095908592697,stable
IQGAP1,-0.0336298649835165,0.92149490689413,0.999789246558786,stable
ARL4D,-0.033631629070151,0.462766811636507,0.802505533472075,stable
ZFYVE20,-0.0336690038143569,0.823417195341816,0.997404998293666,stable
TNNC2,-0.0336734496592811,0.573151860764646,0.884622265907454,stable
TADA3,-0.0337314906128438,0.788430540312598,0.987576911420881,stable
CEP63,-0.0337321391741577,0.81257030272737,0.995656133881576,stable
PLOD2,-0.0337630181479894,0.874144965727397,0.999789246558786,stable
C16orf52,-0.0337711277268753,0.723155812345178,0.966353555512735,stable
DHRSX,-0.0337749939350938,0.816099692212268,0.997022133309888,stable
KIF2A,-0.0337988178508098,0.816239040389045,0.997022133309888,stable
MMGT1,-0.0338314939797515,0.564026778815683,0.879155227324167,stable
RAP1GDS1,-0.0338376472443066,0.329441214239649,0.684413562689577,stable
TIMM9,-0.0338465686397747,0.78520195355118,0.987301207757395,stable
PELO,-0.0338549693396285,0.835332920814159,0.999789246558786,stable
NEDD1,-0.0338812258689757,0.718211508272375,0.96350060108884,stable
ARRDC4,-0.0338964933229859,0.384694768952716,0.736282815062466,stable
C2orf74,-0.0338992562913187,0.745456120604792,0.975951121160221,stable
TAF8,-0.0339404251583559,0.792736346139545,0.989660627414104,stable
NFS1,-0.0340688775255706,0.581574350770022,0.890266976533549,stable
COMMD7,-0.0341104858607018,0.824775456976875,0.997433239620629,stable
SLC2A4RG,-0.034132644731009,0.765992477760004,0.981415985828635,stable
ATAD3C,-0.0341539560063142,0.820283563050755,0.997378504529586,stable
PNRC2,-0.0341704967876813,0.857092201355579,0.999789246558786,stable
PCNXL3,-0.0341752229264544,0.779766903706866,0.985196989586463,stable
IRF7,-0.0342429801292682,0.692045018675388,0.95209510416722,stable
FAM50A,-0.0342782878408272,0.398483521761817,0.748703130958568,stable
BCAT1,-0.0343159525821749,0.769510235391602,0.981415985828635,stable
CPQ,-0.0343807516227891,0.783816664369173,0.987041300747956,stable
CA11,-0.0343825200477109,0.362099777165717,0.716600663957494,stable
PPP2R5D,-0.0344235733869925,0.550957149417143,0.868840910607446,stable
TXNDC9,-0.0344248112262565,0.844939796067376,0.999789246558786,stable
YDJC,-0.0344782390554792,0.810544500884284,0.995656133881576,stable
KBTBD4,-0.0344866043747518,0.495793570434843,0.828488839273176,stable
ATP6AP1-DT,-0.0344876678038507,0.779182029539119,0.984827151693479,stable
SSX2IP,-0.0344902683330911,0.59911248803601,0.9024708630625,stable
SETD3,-0.0345023403273978,0.500561881787916,0.832269404169251,stable
AGAP1,-0.0345412326810833,0.421053897131668,0.767172878005293,stable
DUSP1,-0.034574152179895,0.861652217223049,0.999789246558786,stable
CYB561,-0.0345770459722019,0.715911450784757,0.962988809819174,stable
PPARA,-0.0346060362750224,0.618451500035493,0.915519027645917,stable
CFI,-0.0347478722019108,0.825297087141725,0.99766926357006,stable
YAF2,-0.0347611771635988,0.837062257340282,0.999789246558786,stable
OXCT1,-0.0348003775891916,0.756120807850681,0.978212243550451,stable
PLRG1,-0.0348095811191059,0.840128661754081,0.999789246558786,stable
SARS1,-0.0348369814032188,0.933392791316773,0.999789246558786,stable
MPDU1-AS1,-0.0348542664971096,0.444703769111962,0.786581603696762,stable
SETD9,-0.0348640249712234,0.445901782682003,0.786991537901357,stable
RAI2,-0.0348845731306036,0.72738435138633,0.967710737287946,stable
SLC25A42,-0.0348870670982687,0.385738091134435,0.736990063461603,stable
ADPRS,-0.0348991467119352,0.914527113290589,0.999789246558786,stable
SERTAD4,-0.0349894615362808,0.753754476700937,0.977832300827615,stable
PCSK1N,-0.0349924159243819,0.519993695648322,0.845076233206479,stable
RBBP7,-0.0350286811173488,0.81233627460467,0.995656133881576,stable
ILF3-AS1,-0.0350495685147258,0.713874709510963,0.962328563701138,stable
MAP2K2,-0.0350515030747258,0.427920534586294,0.77255469756317,stable
SGSM3,-0.035052942970654,0.744416024924412,0.975320631154985,stable
NR3C1,-0.0351006274648817,0.775725970194501,0.983659155566138,stable
PIGZ,-0.0351290587649125,0.604712630507581,0.906105319358259,stable
RFXANK,-0.0351436181140603,0.193399144841781,0.525942413024679,stable
TIMM22,-0.035193153901607,0.0550611074138715,0.253127858979754,stable
RTFDC1,-0.0352020075119428,0.786463685149572,0.987420136343518,stable
NOMO1,-0.0352596942526205,0.585343125607123,0.892953246901469,stable
RAB33B,-0.0352675035486976,0.617271265791851,0.915033828545661,stable
APH1B,-0.0353381342265439,0.510446466869666,0.838443645661757,stable
LMAN1,-0.0353857145950579,0.317646473989763,0.672481901290416,stable
CLEC11A,-0.0354230884723907,0.629231392940101,0.92006274489232,stable
HIVEP2,-0.0354319275459207,0.618513493035312,0.915519027645917,stable
DLEU1,-0.0354453942249102,0.352017830645514,0.707469442431019,stable
PER2,-0.0354660343243064,0.499330248812223,0.83124240248953,stable
C1QB,-0.0354727233964234,0.468355720701887,0.806476083219683,stable
STK32C,-0.0354759266559844,0.670305011449349,0.9433983995374,stable
CSF1,-0.0354895064288308,0.434228565291171,0.778193713956322,stable
CTR9,-0.0354948454488588,0.820713332256665,0.997378504529586,stable
TYROBP,-0.0355264463878931,0.404752932146585,0.754797840207453,stable
DHCR7,-0.0355298997688884,0.627055405101263,0.919410492018453,stable
MTPAP,-0.0355307811316423,0.526248733009078,0.849095106179065,stable
IFT43,-0.0355725454131736,0.874626028107703,0.999789246558786,stable
GTF2F2,-0.0355744502872579,0.856750299753664,0.999789246558786,stable
TATDN3,-0.0355961179176914,0.521572766015294,0.846174692197109,stable
ABHD13,-0.0356725475825122,0.775144014918662,0.983474483787495,stable
ADAP1,-0.035679747753561,0.648174823901254,0.932610116911168,stable
ARRDC2,-0.0356966494160305,0.463322140485934,0.802629950751596,stable
PEF1,-0.0357469584764323,0.787614692450171,0.987420136343518,stable
NOP56,-0.0357646605389713,0.682824042823881,0.9477986575534,stable
VRK3,-0.035787104846664,0.766133922186531,0.981415985828635,stable
TWSG1,-0.0358158744125756,0.775046173563141,0.983474483787495,stable
RBL2,-0.035840196202044,0.728192962238413,0.967834284814774,stable
GCHFR,-0.0358473438671054,0.152895962661193,0.463082321003575,stable
MCAT,-0.0358798957027166,0.776422307118275,0.983827747715745,stable
SEMA3E,-0.035972128373239,0.275971617131513,0.629515842154707,stable
RADIL,-0.0359881979111398,0.670045980121764,0.943380024980826,stable
ICA1,-0.036023295692949,0.213880647719453,0.553211391816038,stable
CSTF2T,-0.0360858536001668,0.28907103659967,0.643791509451289,stable
LRRC41,-0.0361029213602873,0.0344309834244774,0.189084138206923,stable
GNAI2,-0.0361169754763288,0.795238000606721,0.990475855820148,stable
OSBPL1A,-0.036153877827047,0.824102228273697,0.997433239620629,stable
MPND,-0.0361799417233083,0.548531332021687,0.867319493291049,stable
ERAP1,-0.0362148167369075,0.260888111962126,0.612934130429566,stable
PRPS2,-0.0362184812289602,0.526401638704262,0.849095106179065,stable
PATL1,-0.0362795474653181,0.67585323287168,0.944834162697097,stable
RBCK1,-0.0362810832180637,0.859830539665805,0.999789246558786,stable
C1QC,-0.0362948241978037,0.216683446694965,0.556673671680762,stable
RBBP5,-0.036353287479519,0.58283920709441,0.89084964931475,stable
FMO2,-0.0364102803954771,0.827254008397747,0.997759163651196,stable
CSTF1,-0.0364284211330903,0.690822865091593,0.951291957066536,stable
IPO7,-0.0364860530770584,0.853808255406667,0.999789246558786,stable
STK19,-0.0365121369638612,0.829525391624446,0.998436233479443,stable
SLC17A5,-0.0366811079544981,0.31253072202717,0.667771327807451,stable
SRPRB,-0.0367495841029708,0.797017255718691,0.990820597366549,stable
RAB18,-0.0367623447310999,0.926522960668775,0.999789246558786,stable
UQCC4,-0.036763103774955,0.634580009653519,0.923463221278509,stable
MCCC1,-0.0367856504288066,0.762187932587036,0.979601018604135,stable
KBTBD3,-0.0367990484028005,0.624887430210917,0.918045289993479,stable
RALB,-0.0368123114887,0.678992070794416,0.946066838663244,stable
NUPR1L,-0.0368710816916517,0.33651279028701,0.693213367095437,stable
ENPP2,-0.0370046835319115,0.733845106813056,0.971432366286368,stable
GSTZ1,-0.0370099990406283,0.624697795972551,0.918045289993479,stable
ZHX2,-0.0371194136683112,0.501375536101154,0.832538908647345,stable
PRRC1,-0.0371271076572929,0.712568064919743,0.96197631310081,stable
EVPLL,-0.037136395943497,0.508250692222877,0.83733291659353,stable
ADISSP,-0.0372325267446479,0.599827797617241,0.902662544630178,stable
UBE2Z,-0.0372424633216525,0.852202601760695,0.999789246558786,stable
DFFA,-0.0372912919524133,0.748763925994235,0.976542041254727,stable
RILPL2,-0.0372951455789469,0.83651981288657,0.999789246558786,stable
TMEM205,-0.0373046862431186,0.841016640450541,0.999789246558786,stable
DOK1,-0.037335924570417,0.664911821720465,0.941271813400227,stable
KRT13,-0.0373479656975624,0.585818600491258,0.893031719225164,stable
POC1B,-0.0373935719042441,0.452604548618912,0.794006601939951,stable
CHM,-0.0374169822059881,0.761572807949861,0.97948844320936,stable
U2AF1L5,-0.0374513154248283,0.475164186196194,0.81225624164594,stable
LRRC28,-0.037550794574113,0.413696501209469,0.760982769391073,stable
RRP7A,-0.0375637096027196,0.871198369685682,0.999789246558786,stable
PCGF2,-0.0375899665335114,0.548710142680276,0.867411538901587,stable
HES6,-0.037591739993483,0.465013714856,0.803713570865225,stable
MAD2L1BP,-0.0376120477664295,0.691053047139338,0.951501740057588,stable
CDKN2B,-0.0376459414599566,0.165033092707868,0.480070316638591,stable
DNAJC18,-0.0376523417802211,0.467849745041501,0.806173566871624,stable
C9orf114,-0.037673010846613,0.503876942742942,0.834369715248286,stable
GANAB,-0.0376879201191856,0.815280985095509,0.996866249737156,stable
B3GALT4,-0.0377967077774525,0.770586223987012,0.981415985828635,stable
FAM83E,-0.0378058276050848,0.0191245294531427,0.126777791776147,stable
NOP14,-0.037814494149151,0.611486155427705,0.910244675669012,stable
EIF2B3,-0.037817223277074,0.512650223684323,0.840369630456908,stable
DAG1,-0.0378271932156616,0.798428030003953,0.991465282280406,stable
MSTO1,-0.0378296978268301,0.366195508439727,0.721297759453307,stable
SLC25A38,-0.0379004838784854,0.837486183211188,0.999789246558786,stable
SPATA7,-0.0379055549555279,0.513271635845872,0.840937203669742,stable
ST6GALNAC2,-0.0379107674502162,0.483522493348484,0.818299731232434,stable
TOP2B,-0.0379458461114335,0.491132673046657,0.825396459493049,stable
NSFL1C,-0.0379598064758692,0.735777461585784,0.971586428348398,stable
HEXIM1,-0.0379635524567854,0.858814851816979,0.999789246558786,stable
TIMM10,-0.0380157318638226,0.695189634959009,0.953973742449363,stable
DKK1,-0.0380219220094157,0.523655290295578,0.847484503930474,stable
ZBTB43,-0.0380529676565717,0.862826013090928,0.999789246558786,stable
TIMM10B,-0.0381136862535892,0.773706945239171,0.982949660738044,stable
HPN,-0.0382280607319179,0.756586323216407,0.978264355299065,stable
MSRB2,-0.0382353717164085,0.855117030720488,0.999789246558786,stable
BCKDHA,-0.0382446536419105,0.501437121052462,0.832538908647345,stable
CD44,-0.0382582560689553,0.547728744268135,0.867059851066264,stable
CHRNB1,-0.0382599974813448,0.532836613870317,0.855225153354879,stable
KIF13A,-0.0383306461120498,0.70912722336223,0.95990073601226,stable
IL18BP,-0.0383520022995268,0.61398746811783,0.912631781705681,stable
NUDT12,-0.0384145160711813,0.702260920380728,0.957443396245151,stable
C1QA,-0.0384312965640436,0.549051124722568,0.867580267400293,stable
KNSTRN,-0.0384408651876423,0.277953582729063,0.6310744047697,stable
ZNF28,-0.0384526926257758,0.382200357271746,0.735056193720866,stable
INPP5A,-0.0385466946305333,0.370430125327262,0.72527983076817,stable
ROGDI,-0.0386148119016025,0.810739474779166,0.995656133881576,stable
RABL5,-0.0386388886976619,0.75374788862013,0.977832300827615,stable
VSIG10,-0.0387156652018664,0.755597128936805,0.978212243550451,stable
FKBP7,-0.0387640638679915,0.3719769780214,0.726793223405716,stable
POLR1F,-0.038779376571557,0.741206359332765,0.973306105541273,stable
ZNF414,-0.038793190747393,0.691728034720745,0.95209510416722,stable
YY1,-0.0388994694856546,0.826953721938377,0.997759163651196,stable
SPIN1,-0.0389290767291747,0.869430906444172,0.999789246558786,stable
TNIP2,-0.0389634396649408,0.759040565450395,0.978529584839239,stable
ARSA,-0.0389822908095516,0.731305424354181,0.96946941842593,stable
NADK2,-0.0390649259810753,0.477616047041912,0.81412786623226,stable
UQCC1,-0.0390730751078011,0.619043897893577,0.915760000263038,stable
SLC41A2,-0.0390783869545044,0.594067713252673,0.899408552845422,stable
ING2,-0.039080148517285,0.527992336841191,0.851250108882448,stable
CACFD1,-0.0390860862318287,0.758669151746481,0.978529584839239,stable
ITGB3BP,-0.0391141553946314,0.569208931184953,0.8812781464935,stable
ARMCX6,-0.0391230740688957,0.818865151054237,0.997378504529586,stable
TMED8,-0.0391443672184179,0.637486176391494,0.924387829035722,stable
POLR1A,-0.0392499675569741,0.624259720509916,0.917843495731683,stable
COPZ2,-0.0393064329144113,0.41466796691937,0.762143755910086,stable
CMSS1,-0.0393149403215939,0.607182332934233,0.907913986273769,stable
ZW10,-0.0393655078328392,0.312197749476629,0.667466636368029,stable
NAP1L1,-0.0393939327023686,0.335532833297912,0.692011701406052,stable
ZNF146,-0.0393970125251969,0.656855289096112,0.937356882315069,stable
TTC31,-0.0394189414300694,0.592592239482153,0.898413190653729,stable
AMOT,-0.0394463850617481,0.395672078733837,0.746229268996134,stable
C1S,-0.0394607475544179,0.674159623965155,0.944240759232126,stable
ARRDC1,-0.0394797600379189,0.738095925229958,0.971965372509113,stable
METRNL,-0.0394913320742462,0.882529843831063,0.999789246558786,stable
CSK,-0.039564935513994,0.433228587335095,0.777077953277213,stable
PEX19,-0.0396017899934347,0.677042173873128,0.945310740153455,stable
SNAP29,-0.039616927363962,0.748296619993295,0.976542041254727,stable
CCDC106,-0.039675255925818,0.651695987734382,0.934247889535017,stable
ATOH8,-0.0396789364320243,0.426658811981778,0.771748641264464,stable
FAM20C,-0.0396825795292846,0.479587531538929,0.815478924124617,stable
ASB13,-0.0398641889545956,0.253654909464588,0.603479488769001,stable
TOMM70A,-0.039887297569235,0.715987932072214,0.962988809819174,stable
S100A9,-0.0399584152743148,0.610013990570544,0.909589048638,stable
RSU1,-0.0399619143494916,0.835088239741813,0.999789246558786,stable
COMMD8,-0.0400477895046257,0.818057478848117,0.997378504529586,stable
UCK1,-0.0400966226793825,0.588507755009406,0.894670234532825,stable
LMAN2L,-0.040122736301678,0.65306787592539,0.935337049245691,stable
DONSON,-0.0401589601146352,0.596304660649153,0.901010122630086,stable
ACN9,-0.0401791202480686,0.709712456802625,0.960339991706449,stable
AMD1,-0.0401943603550395,0.896807310227526,0.999789246558786,stable
COSMOC,-0.0402493478432075,0.428862386217494,0.773199104611939,stable
UTP14A,-0.0402981732492821,0.430921557607089,0.774906296308709,stable
BTG2,-0.0403325467812391,0.903244610294853,0.999789246558786,stable
DCN,-0.040344167839903,0.018799823040982,0.12523653234494,stable
FXYD4,-0.0403796776086347,0.569324639138456,0.8812781464935,stable
SELENBP1,-0.0404373146366379,0.447611595079069,0.788096433142089,stable
NOB1,-0.040475467183256,0.0514011034594072,0.242223241591285,stable
PSME4,-0.0404920203964919,0.728901599320629,0.96789348048291,stable
SEMA3B-AS1,-0.0405236748721323,0.335014972589515,0.691674863107947,stable
GCFC2,-0.0405326037201461,0.60878106225738,0.909094617906787,stable
DUSP11,-0.0405576001230241,0.657272994332133,0.937515178846673,stable
GTPBP8,-0.0405727748322807,0.469404049851761,0.806987690167996,stable
MANSC1,-0.0405904956821376,0.740988498687593,0.973229118723234,stable
MAN1B1,-0.0405925156220266,0.725956393217282,0.967415509984443,stable
PELP1,-0.0406279790268141,0.574226420750538,0.884639255376708,stable
TMEM25,-0.0406282499268632,0.788334066334921,0.987576911420881,stable
AP1S2,-0.0406611670062081,0.73449182886143,0.971432366286368,stable
AGPAT9,-0.0406619059364843,0.35689368571453,0.711579814776189,stable
LAGE3,-0.0406887040878681,0.564385330746119,0.879215922302688,stable
SNN,-0.0407641956692623,0.5936975866046,0.899408552845422,stable
NIFK,-0.0408900002885328,0.105769893178156,0.376040347948549,stable
POMC,-0.0409130059368786,0.275855061251511,0.629515842154707,stable
C7orf49,-0.0410687476875719,0.573943717971511,0.884639255376708,stable
RNF14,-0.0410926713929328,0.712717237136183,0.962030101447224,stable
GFUS,-0.0411162787398558,0.759153527082588,0.978529584839239,stable
MED21,-0.0411363522275775,0.792236184474897,0.989660627414104,stable
TPST2,-0.0411591629240647,0.837620505408544,0.999789246558786,stable
TNRC6C,-0.0411721367837261,0.560075472715569,0.875829932003981,stable
OXSM,-0.0411767160717764,0.413403997895435,0.760718119866596,stable
CUL2,-0.0411930618445954,0.667457802358952,0.942437249787197,stable
YRDC,-0.0411983377623891,0.597134396830145,0.901045656937624,stable
PLS1,-0.0412237776682081,0.852578010828854,0.999789246558786,stable
HEATR2,-0.041251728200591,0.611073714469943,0.910138999092421,stable
CAST,-0.0412539569912767,0.509343572564012,0.837878135511191,stable
TOLLIP,-0.0413188738779498,0.766137773225477,0.981415985828635,stable
PHOSPHO2,-0.0413441331433034,0.379260360701537,0.732698715994631,stable
P4HTM,-0.0413647253045942,0.250394644312139,0.600360006688649,stable
SEC22A,-0.0413992903257865,0.587746897625768,0.89438790944571,stable
DPM1,-0.041402261020332,0.02250000344568,0.141810782697786,stable
ELP4,-0.0414167485453006,0.580811374581904,0.889485962398893,stable
SCRN1,-0.041455480034732,0.632892160248085,0.922106527636781,stable
LRP1,-0.0414591415123628,0.445544288457639,0.786701340763568,stable
RAPGEF1,-0.0414679195384319,0.727501397711187,0.967710737287946,stable
SGCB,-0.0414706472284458,0.706736659972435,0.958903772101231,stable
YAE1D1,-0.0414724745692506,0.646421857404912,0.931493667914375,stable
PNMA1,-0.0414786435833195,0.467982571943193,0.806175163392557,stable
RMND5A,-0.0414928701209613,0.628352404527279,0.919987997717266,stable
SDAD1,-0.0415086216487795,0.762753632398855,0.979703974532996,stable
CD2BP2,-0.0415155921188692,0.751961473216996,0.977453960932003,stable
MEAF6,-0.0415847511208122,0.898556573679659,0.999789246558786,stable
ARL14EP,-0.0416290070208507,0.703655299809023,0.958118510741468,stable
HLA-E,-0.0416293218373458,0.760519186719737,0.979311089878134,stable
LYRM9,-0.0416305035239222,0.631410849535824,0.921383501197113,stable
SUCLA2,-0.0417533201262628,0.743295599210688,0.975106826008956,stable
DPP3,-0.0418394964414024,0.674280979564187,0.944240759232126,stable
MGAT3,-0.0418696346454301,0.661121041731753,0.939731250682483,stable
FABP4,-0.0419174826999251,0.141179736254187,0.442167844215011,stable
TFPT,-0.0419506393814375,0.391202874794328,0.742325976635496,stable
STARD4,-0.0419567442144656,0.689819345962308,0.950996255561529,stable
APOD,-0.0419691467189001,0.383817606719502,0.735620323696956,stable
CTBS,-0.0419919400260814,0.633453498839445,0.922623996808785,stable
MTX1,-0.0419928389570788,0.739345988470982,0.972848801191527,stable
USP43,-0.0420404552678982,0.559467588007046,0.875487313745793,stable
SBNO2,-0.042069710105532,0.615804253688976,0.914097291693265,stable
VARS2,-0.0420730615042067,0.614807376070363,0.913171976316418,stable
CIC,-0.0421011705704791,0.653572138384227,0.935511220094706,stable
RAB15,-0.0421929380702134,0.731249195769293,0.96946941842593,stable
C10orf32,-0.0422518635013829,0.635228678846809,0.923463221278509,stable
HS1BP3,-0.0422862886133116,0.661187854358017,0.939731250682483,stable
LINC00294,-0.0423049992321158,0.261716747898487,0.614083735612093,stable
IMP4,-0.0423497674192321,0.835771593358263,0.999789246558786,stable
ZNF639,-0.0424218507070882,0.664286703491253,0.940936783573318,stable
FABP5,-0.042425906006158,0.559574304289189,0.875487313745793,stable
GADD45G,-0.0424259947500186,0.596447473193935,0.901010122630086,stable
HAUS2,-0.0424496806440296,0.519779258332245,0.845076233206479,stable
SLC9A8,-0.0424625788899755,0.384724294006569,0.736282815062466,stable
CES2,-0.0424722821197503,0.64948251705333,0.933154006636096,stable
POLDIP2,-0.0424875852307064,0.802326644008278,0.992374875681188,stable
PXDC1,-0.0425999531950969,0.886414606083094,0.999789246558786,stable
DRG1,-0.0426425323696288,0.743922145498304,0.975297549407485,stable
COX20,-0.042676405277651,0.400945799937453,0.751390169992175,stable
NFKBIL1,-0.0426779168530386,0.681101961237465,0.947081148238741,stable
KLHDC2,-0.0427029499583332,0.0174834980994709,0.118469113507723,stable
RAP2B,-0.0427468082561057,0.536546182308829,0.857720106118216,stable
APPL1,-0.0427587856303322,0.723875197992876,0.966431893869039,stable
BTN2A2,-0.042771856293322,0.419252262182388,0.765751229357779,stable
ZBTB38,-0.0427836027074662,0.905906135272671,0.999789246558786,stable
ANKRD33B,-0.0428083821357528,0.31366660925555,0.668466871019115,stable
SNRK,-0.0428507682751531,0.589035077830102,0.895233717691802,stable
RPRD2,-0.0429335448041051,0.0807954045032495,0.321707515509124,stable
PEX11G,-0.0429417863441027,0.0671969967792415,0.287108035172824,stable
DBN1,-0.0429790941678141,0.683183707629139,0.947970696905589,stable
MEF2C,-0.0429927359833684,0.401770535842092,0.75198943961625,stable
TAFAZZIN,-0.0430445877385433,0.000160862856909351,0.00312125009977763,stable
ECHDC1,-0.0430483910124717,0.845847772321209,0.999789246558786,stable
TLCD1,-0.0430692329957788,0.348180751235136,0.703119528001176,stable
HSPB8,-0.0431422678150554,0.865938350533246,0.999789246558786,stable
RNF170,-0.0431732932562674,0.0756668615424024,0.310192929899626,stable
GCLM,-0.0431737201328213,0.196397257544624,0.528685328391431,stable
KIF3B,-0.0431775296270308,0.685593578362776,0.948901257009349,stable
MIOS,-0.0432040205400295,0.551736964286293,0.869135309310848,stable
SKAP2,-0.0432877323080927,0.569731184478601,0.881568860641318,stable
ZNF623,-0.0432898938016486,0.312801716092341,0.667771327807451,stable
SNX8,-0.043423639432556,0.416496520599088,0.764108279724337,stable
DESI1,-0.04344796193683,0.787249162950547,0.987420136343518,stable
GDE1,-0.0435064996431377,0.690749213440828,0.951291957066536,stable
DUSP22,-0.0435505946272046,0.770039347250231,0.981415985828635,stable
C18orf8,-0.0435774693914875,0.665206531548756,0.941416824316415,stable
FAHD2A,-0.0435805096818366,0.727962558608768,0.967834284814774,stable
LINC01610,-0.0435844525417744,0.452714404818304,0.794085361529481,stable
ZNF512,-0.0436592416904895,0.597602951857427,0.901418865190669,stable
CCDC94,-0.0436618272520547,0.353601858079576,0.708827338990609,stable
SPMIP8,-0.0436838270003462,0.615347074189906,0.913529588887225,stable
GATD3B,-0.0437215860424816,0.466075204397556,0.804817530520656,stable
SEC14L6,-0.0437517864973196,0.559725261291035,0.875506282024519,stable
PRICKLE4,-0.0437595757683319,0.124554356538178,0.411946010368693,stable
PFKFB2,-0.0438164824464147,0.646112441377817,0.931258801650055,stable
FUCA2,-0.0438386673553865,0.781033035228862,0.98568664117803,stable
HMGN3,-0.043854365985357,0.944172263172147,0.999789246558786,stable
NIP7,-0.0438604128215866,0.554395864361936,0.871405974722311,stable
CADM4,-0.0439056928088434,0.352200544430821,0.7076429084685,stable
IFT46,-0.0439069108715854,0.364143261468824,0.719260145187857,stable
PNO1,-0.0439574326497677,0.469716670901445,0.807247542460983,stable
TFE3,-0.0439649126923919,0.254972209284707,0.604714381179431,stable
DCTN1,-0.0440086130258551,0.425926412121918,0.771446447920006,stable
SNF8,-0.0440818522308899,0.56941718489322,0.88130611143767,stable
MTIF3,-0.0440971053156282,0.801850807868057,0.992358563634558,stable
OAT,-0.0441131634837698,0.744799356213898,0.975509196438304,stable
ENPP4,-0.0441429200883488,0.839204023445108,0.999789246558786,stable
GPM6A,-0.0441773885733137,0.737240799402566,0.971647604517193,stable
CEP170,-0.0441800702443697,0.444642341547553,0.786581603696762,stable
CCNYL1,-0.0442161799998777,0.345427212918634,0.70118385253574,stable
PTPN18,-0.0443141759085551,0.728002468585023,0.967834284814774,stable
PTPRK,-0.044398878285408,0.72728165145973,0.967710737287946,stable
TSFM,-0.0444446268932665,0.694420315732413,0.953612382689175,stable
CNPY3,-0.0444670556139735,0.781007524775818,0.98568664117803,stable
ACSL1,-0.0444748299912848,0.704507584405114,0.958118510741468,stable
TNNI3,-0.0445028496697271,0.216530288671888,0.556649053359655,stable
TM7SF2,-0.0445303415259039,0.752478952434354,0.977832300827615,stable
RRM1,-0.0446332535027437,0.660329110851551,0.939484752251344,stable
APOBEC3C,-0.0446776602577784,0.321529674590366,0.677534690948566,stable
GEMIN6,-0.0447661270375586,0.559415604753636,0.875487313745793,stable
UBQLN1,-0.0448353706109189,0.205244579732737,0.540914781986855,stable
ZNF567,-0.0448391413700907,0.382457863839897,0.735092776671719,stable
MED1,-0.0448431364129045,0.608848017403432,0.909094617906787,stable
MGAT5,-0.0448738389269972,0.367113162961567,0.72229056881413,stable
EML3,-0.0449010597636959,0.480282076943954,0.815752134022912,stable
CLDND1,-0.0449645903675161,0.721689662697654,0.965940483610656,stable
C1R,-0.0449711162803845,0.714666595940748,0.962881718596808,stable
MCEE,-0.0450026202747541,0.700837046446118,0.957026414538247,stable
HAUS6,-0.0450068195877392,0.353845149711042,0.709079405554827,stable
FAM114A1,-0.0450087238404807,0.650671601449122,0.933494621221874,stable
AKR1B1,-0.0450627214026347,0.219659720074682,0.560567936992258,stable
WWC1,-0.0450996557881629,0.59691618243412,0.901045656937624,stable
ERMP1,-0.0451140632116634,0.54639631972098,0.866611492840805,stable
PPA2,-0.0451182204607736,0.724322169364848,0.966510434379362,stable
MARVELD3,-0.0451304247332255,0.57341029646003,0.884639255376708,stable
PRRG2,-0.045200197953982,0.226299425141787,0.569311416532867,stable
SIPA1,-0.0452169805493619,0.621511298284172,0.916253427753875,stable
PI4K2B,-0.0452435945041192,0.628995849945778,0.920017492614952,stable
PIGU,-0.04532762397185,0.576072597693055,0.885984413296042,stable
SGPL1,-0.0453357223433436,0.555610740675906,0.87275580750736,stable
CDC42EP4,-0.0453403190248838,0.586786994981978,0.89359464640086,stable
ERGIC2,-0.04537236174613,0.849704982575733,0.999789246558786,stable
ATPAF1,-0.0453824988901895,0.694458232223416,0.953612382689175,stable
UBE2E2,-0.0453828918678494,0.737730220571861,0.971965372509113,stable
SLC2A8,-0.0454038764654337,0.408591429091324,0.757983083646897,stable
NDUFA10,-0.0454113496162664,0.698291745141306,0.956405410936395,stable
GSPT1,-0.0454147197183695,0.773410113260911,0.982761457848376,stable
CKLF,-0.0454378327907634,0.544368178696948,0.864570760103317,stable
UTP18,-0.0454932825341527,0.675379641086224,0.94471229347042,stable
HUS1,-0.0455479031778146,0.462172219314208,0.802282837405501,stable
EFCAB14,-0.0455922040332757,0.797424839068585,0.990921712983901,stable
KRT10-AS1,-0.0457895218908611,0.620140867998946,0.915854865557998,stable
TMEM170A,-0.0458246450894399,0.103470024797755,0.371677221019028,stable
SLC46A3,-0.0458443793569644,0.348414384969009,0.703119528001176,stable
FTSJ1,-0.0458740980517484,0.592132663727056,0.898198578340674,stable
TEAD4,-0.0459171213047415,0.666119347478338,0.941781506312191,stable
CD2AP,-0.0459197708988102,0.777498015052364,0.984293718451659,stable
SMG5,-0.0459639147898958,0.787913195518744,0.987426230854109,stable
CDV3,-0.0459748284613729,0.878082059869267,0.999789246558786,stable
SLC30A6,-0.0459831611901392,0.648511746877276,0.932622344488837,stable
RFTN1,-0.0459901805882787,0.558970072124083,0.875445248128736,stable
TWF2,-0.0460502122184931,0.646182686158031,0.931258801650055,stable
NOLC1,-0.046055865773331,0.670192565794674,0.943394049317607,stable
ZNF24,-0.0460716010155482,0.792379008566874,0.989660627414104,stable
ANKRD39,-0.0461359250567453,0.581615158995671,0.890266976533549,stable
SEMA4B,-0.0461555629312665,0.725931273252896,0.967415509984443,stable
KCTD18,-0.0463191269722222,0.316699726073075,0.671371425170219,stable
CDK2AP1,-0.0463493399740413,0.0125089413440659,0.0927285015099223,stable
TTC9,-0.0463823481085666,0.322766037890003,0.678123053719619,stable
NPRL3,-0.0463916500727578,0.586121003682533,0.893136767516241,stable
B4GALT4,-0.0463962451107686,0.539416897316026,0.860516548568391,stable
INSIG2,-0.0464141881810034,0.391971950730626,0.742992142311045,stable
RGS14,-0.0464372796603667,0.232497787655696,0.577507625209974,stable
CAPRIN1,-0.0464650829554337,0.825843948990625,0.997759163651196,stable
ST6GALNAC4,-0.0464798189163842,0.520750695151751,0.845709644949515,stable
AP1M2,-0.0465198917390484,0.754140274998743,0.977832300827615,stable
PHLDA2,-0.0465576085821827,0.417003680412248,0.764431271068126,stable
UCHL3,-0.0466158598218073,0.538630516470646,0.859528843224235,stable
CCT4,-0.0466896732650262,0.637558392228417,0.924387829035722,stable
HMGB2,-0.0467047953884541,0.640412247511748,0.926451054075608,stable
EOLA2,-0.0468363950017727,0.347048751737462,0.70202282661571,stable
RPH3AL,-0.0468780444346106,0.720971734858263,0.965626505761399,stable
FLOT1,-0.0468862162702219,0.914132012022839,0.999789246558786,stable
BTC,-0.046901792109126,0.654510753422999,0.936126176387917,stable
TDP2,-0.0469248973707684,0.613104880352184,0.912083979241219,stable
G6PC3,-0.046928396746294,0.780715253018579,0.98568664117803,stable
SPNS2,-0.0469416152028143,0.493092935234315,0.826826891674111,stable
USP9X,-0.0469688925545175,0.353286896214196,0.708809805088296,stable
GSTO2,-0.0470465232771081,0.593811760027202,0.899408552845422,stable
STX18,-0.0470649516053372,0.610779474619506,0.910007191283811,stable
MEX3D,-0.0471106890909391,0.379904744640325,0.733196375442079,stable
PKIG,-0.0471277469959608,0.409735018768736,0.757983083646897,stable
TSSC1,-0.0471361558492159,0.452497894079995,0.793933437237528,stable
BRF2,-0.0471839411871823,0.48148693382338,0.816890531444413,stable
TRMT1L,-0.0472172683883344,0.536039720703488,0.857437368356533,stable
LZIC,-0.047321159419343,0.539512338696674,0.860516548568391,stable
TBRG4,-0.0473398241012808,0.715404725881695,0.962988809819174,stable
SLC16A4,-0.047392658246414,0.717098119626224,0.963381406122757,stable
SNX7,-0.0474026835814506,0.708399508699833,0.959569298224567,stable
FCF1,-0.0474371978332304,0.507225445597139,0.836525073796469,stable
GRAMD3,-0.0474867548217865,0.442308386111402,0.785662023872229,stable
COPS3,-0.0475094047168832,0.667904482567138,0.942437249787197,stable
PRNP,-0.0475562245027099,0.843627266131688,0.999789246558786,stable
ZNF219,-0.0476395266906237,0.321060391324486,0.677129438155714,stable
USP7,-0.0476958830687761,0.692094222354859,0.95209510416722,stable
PLEKHB1,-0.0477178317226988,0.421866873735747,0.767888792301957,stable
TMEM194A,-0.0477294349027904,0.261794066282571,0.614118339327989,stable
VAT1,-0.0477465658773538,0.682431049794055,0.947607573032409,stable
SYCE1L,-0.0478063040457484,0.432600960096386,0.776635943048644,stable
GOLPH3L,-0.0478401889558943,0.522650681515954,0.846770302299672,stable
HSD17B7,-0.0478568559644157,0.587850604343567,0.894414735462039,stable
CAAP1,-0.0479025271747353,0.565603553992939,0.879440351308815,stable
TRIM5,-0.0479199209433174,0.598903707637367,0.902439896669159,stable
C3orf58,-0.0479458547990343,0.539487811493887,0.860516548568391,stable
IRX3,-0.0479528533681716,0.605061689215143,0.906517231151601,stable
UBQLN2,-0.04795460023815,0.713544210860071,0.962322181353941,stable
PGRMC2,-0.047955119277848,0.678799269752595,0.946031498512794,stable
SFT2D2,-0.047956400018104,0.6834675665761,0.947970696905589,stable
WBP1,-0.0480201679738659,0.564904434542337,0.879215922302688,stable
POLD1,-0.0480260347216641,0.408881539051053,0.757983083646897,stable
PDCD11,-0.0480613090363056,0.308000881667607,0.663202884887234,stable
WDR18,-0.0480944813236622,0.658721989971101,0.938866506189873,stable
ZMYM1,-0.0481217934533309,0.293189555379956,0.647857759393453,stable
RWDD2B,-0.0481359392052459,0.196383924424893,0.528685328391431,stable
ADSS2,-0.0481776640306366,0.798621053979627,0.991604242137832,stable
AASDHPPT,-0.0482131677732444,0.761848422916208,0.97948844320936,stable
TAF12,-0.0482335231197913,0.355052101855593,0.709523768690987,stable
GTF3C4,-0.0482520250009183,0.629049308227902,0.920017492614952,stable
PDSS2,-0.0483255355321209,0.442103916094741,0.785662023872229,stable
NUP37,-0.0483712408132867,0.467951440615072,0.806175163392557,stable
MXRA7,-0.0483795925731806,0.645196259459228,0.930245032045908,stable
ACTA2,-0.0484125575629462,0.271622788745949,0.624942023269429,stable
THAP11,-0.0484889903585687,0.500626817969084,0.832269404169251,stable
APOC1,-0.0485514444106439,0.269123077181321,0.622235766117737,stable
ERVK3-1,-0.0486162281641239,0.579138933233193,0.888812846182367,stable
MECR,-0.0486500719259088,0.418692538454289,0.765339167003518,stable
ENTPD6,-0.0486558120619964,0.766440275451418,0.981415985828635,stable
LPAR2,-0.0487360516729594,0.49548615488496,0.828154069939137,stable
SUMF2,-0.0487570663255228,0.81079230767974,0.995656133881576,stable
SUMF1,-0.0488367217167827,0.734534470024943,0.971432366286368,stable
PYGB,-0.0488483842443292,0.790138006421371,0.988615188915299,stable
ALPL,-0.048885775069269,0.532791779378297,0.855225153354879,stable
ASS1,-0.0488876019091257,0.416984279572552,0.764431271068126,stable
GDF15,-0.0489028952446463,0.80519221612782,0.993703639306046,stable
HERPUD2,-0.0489340466241406,0.682488307671575,0.947607573032409,stable
EPSTI1,-0.0490588337005252,0.432004003231028,0.776020122776795,stable
SPECC1L,-0.0490648371934192,0.448228822482982,0.788707229888005,stable
WNT3A,-0.0490767478505621,0.580799195954558,0.889485962398893,stable
KDSR,-0.0490798958221928,0.669750391114488,0.943206080758468,stable
GADD45A,-0.0490950498409749,0.602556066694809,0.904426001875902,stable
CCNJL,-0.0491328305293872,0.377002056536094,0.730923574797337,stable
HARS1,-0.0491808403794872,0.567338055713086,0.880521199424129,stable
TSPAN5,-0.0492735420099452,0.573952731292835,0.884639255376708,stable
FAM228B,-0.0492759382035866,0.300422411517489,0.655896331200176,stable
MRTO4,-0.0492941513015326,0.617413247667646,0.915033828545661,stable
FAH,-0.0493166033840664,0.323837497866051,0.679256428996704,stable
PEX2,-0.0493621062862254,0.606209406561225,0.907458215258929,stable
KIAA0040,-0.0494722620807307,0.635440138478231,0.923463221278509,stable
SPR,-0.0494771559499085,0.361466495982743,0.716253273933062,stable
ARL2BP,-0.0495335066750974,0.86559230486674,0.999789246558786,stable
IL6ST,-0.0495572431429031,0.67578545712497,0.944834162697097,stable
SF3B4,-0.0496515830429167,0.650021520344051,0.933226544513311,stable
RPF2,-0.0496701070643893,0.587910863828328,0.894414735462039,stable
ANKIB1,-0.0496756229634185,0.723770748148614,0.966431176321043,stable
TMEM234,-0.0497610122160653,0.553263137959597,0.870986342795975,stable
TBC1D15,-0.0497750554951748,0.329233205458603,0.684413562689577,stable
CREG1,-0.0497773967313034,0.62329461440372,0.91734303338605,stable
TMEM254,-0.0497991668628814,0.515176456322826,0.841744275559075,stable
RALGAPA2,-0.0498291558797368,0.472997405374695,0.810133148844089,stable
RNPS1,-0.049903480024113,0.877580962273768,0.999789246558786,stable
C5orf24,-0.0499399789815486,0.889923072009495,0.999789246558786,stable
TPMT,-0.0499791296920263,0.322092030667152,0.677916467699923,stable
SUGP1,-0.0500180244693572,0.29598598403431,0.650392354635161,stable
EXOC8,-0.050063533343822,0.40937232911847,0.757983083646897,stable
LINC00891,-0.0501876158637326,0.325758784570452,0.681278936285579,stable
DCTN6,-0.0502658484759834,0.645419537029269,0.930378351491248,stable
BCR,-0.050308097017378,0.654207709691888,0.935873030225119,stable
RABL3,-0.050326566114292,0.295914028720381,0.650392354635161,stable
SORT1,-0.0503343983371333,0.577932848294539,0.887407503774958,stable
MEPCE,-0.0503350236809911,0.442712120405674,0.785662023872229,stable
NR1H2,-0.0504572445016033,0.806371762381975,0.994329783993915,stable
THOC3,-0.0504923579574113,0.347627778917811,0.70255626351816,stable
BLOC1S4,-0.0506792446549975,0.494779495529129,0.827724826587567,stable
NUDT4,-0.050725805380058,0.581865281726997,0.890314332686295,stable
WIPF1,-0.0508172978302132,9.85249390557531e-05,0.00204824635207062,stable
GPS1,-0.050829832480661,0.837299999397508,0.999789246558786,stable
COQ10B,-0.0508944724046451,0.10915895500044,0.383546727773895,stable
JAGN1,-0.0508956963745857,0.83585658781528,0.999789246558786,stable
GPSM2,-0.0509542665190855,0.252450091309973,0.601666975272589,stable
LRRC58,-0.0509767944364597,0.606907476027772,0.907614018468741,stable
TRMT10C,-0.050981254759012,0.696817760586257,0.955506172323188,stable
INTS5,-0.0509943189870362,0.391479128399502,0.74273488523289,stable
DEGS1,-0.0510051110163352,0.714808013376895,0.962950535102398,stable
ATP8B1,-0.0510235444675957,0.506261816313827,0.835989457568243,stable
RASA1,-0.0510356307495955,0.518427060734095,0.844457441826872,stable
MXI1,-0.0510527048204279,0.663746928240579,0.940821248934699,stable
ZNF677,-0.0511076201819067,0.251558026216402,0.601040394611447,stable
RTCB,-0.0511232461002488,0.62020996213098,0.915854865557998,stable
SYNCRIP,-0.051228180401555,0.816294087939868,0.997022133309888,stable
KLC4,-0.0512702124730733,0.609053544375179,0.909094617906787,stable
TAF9-1,-0.0512718044230401,0.680699161663661,0.947059703184224,stable
HLA-DMA,-0.0512897638922842,0.0949232509625042,0.353201352942816,stable
SVIP,-0.0513132900815087,0.85259946716091,0.999789246558786,stable
LSM14A,-0.0514227401279156,0.72316946612708,0.966353555512735,stable
CETN3,-0.0514564030018902,0.631714426029203,0.92148317699242,stable
SLC25A11,-0.0514641795928464,0.668872600575128,0.942869096644723,stable
C15orf57,-0.0516173165285196,0.531425801021486,0.854232354385354,stable
WRB,-0.0516366999876939,0.669513979176854,0.943055691036053,stable
RNF219,-0.0516718042368415,0.394428737501656,0.745553871535525,stable
KIFAP3,-0.0517244474280078,0.521808077323196,0.846174692197109,stable
ITPRIPL2,-0.0517340653687577,0.00494689201336654,0.0478753726606407,stable
ZCCHC10,-0.0517591459725103,0.521383716710566,0.846174692197109,stable
C14orf142,-0.0521101205253278,0.36610824010323,0.721242083323429,stable
DAK,-0.0521304748008684,0.315148163121766,0.669744635952794,stable
CHIC2,-0.0521567118042628,0.517160055760458,0.84368937963644,stable
PSMD2,-0.0521900131250633,0.790373325396005,0.988795776239972,stable
B4GALT7,-0.0522004087370564,0.274582185334166,0.628556672944727,stable
NARS1,-0.05223031721234,0.595345750901824,0.900013165845151,stable
TOR1AIP1,-0.0522376798538028,0.157783476329247,0.470504436840369,stable
RNF34,-0.0522706147358827,0.543463527470197,0.864200688844406,stable
PHYH,-0.0523528236023965,0.507167157473688,0.836525073796469,stable
CMTM8,-0.0523544824922051,0.278850552051261,0.632288842195254,stable
HACL1,-0.0523859750272532,0.382946346144975,0.735512013444424,stable
MB21D2,-0.05247789567947,0.234467433878633,0.579641778317086,stable
PPIH,-0.0525290484798823,0.67216736179122,0.943891307356217,stable
CEP57,-0.0526636853402507,0.459058721659429,0.799324932833032,stable
FKBP5,-0.0526858126665207,0.219036761716776,0.559913294693824,stable
C1orf216,-0.0528747431414794,0.251857124635066,0.60119146485824,stable
WDTC1,-0.053032938227893,0.624908749759011,0.918045289993479,stable
RABIF,-0.0530434672141551,0.538641181456158,0.859528843224235,stable
NME4,-0.0531024739718586,0.251215018746442,0.60099924295346,stable
STING1,-0.0531110328481781,0.642889575530596,0.928227936622697,stable
TMED1,-0.0531255521914674,0.652358368917682,0.934649402443712,stable
CCDC82,-0.0531415716842581,0.629040226295442,0.920017492614952,stable
CIPC,-0.0531484411966612,0.499980360295938,0.831984743296699,stable
YIPF6,-0.0531690278598529,0.700368893062974,0.956677768331857,stable
MTX2,-0.0532722877256835,0.679404463463263,0.946160235426344,stable
SLC37A4,-0.0532925794571501,0.350782500621943,0.706070358571156,stable
PRPF40A,-0.0533034537844323,0.819523387506749,0.997378504529586,stable
NTHL1,-0.0533176107795579,0.650067410547353,0.933226544513311,stable
TMEM53,-0.0533657274663045,0.412467727960722,0.760280732306853,stable
CDK5,-0.0533725360355895,0.243631934477171,0.591409518921095,stable
RBPMS-AS1,-0.0534658860434485,0.343482996482078,0.699789358166153,stable
FADD,-0.0536007123464917,0.561424647905045,0.87693009148879,stable
GPR137,-0.0536431714122574,0.348236971766723,0.703119528001176,stable
IAH1,-0.0536627941734443,0.24767335814502,0.595976206685971,stable
CORO1B,-0.0536719255147513,0.748220820417731,0.976542041254727,stable
PMP22,-0.0537104294932092,0.720130234151237,0.965107571367998,stable
THAP7,-0.0537215668664061,0.677342615180512,0.945402617945487,stable
MAP9,-0.0537387826255764,0.774496867955298,0.983474483787495,stable
OSCP1,-0.0537527714356384,0.379853263202033,0.733196375442079,stable
SNAPC2,-0.0538001252567044,0.447399232663342,0.788041530270417,stable
NELFB,-0.053813724826762,0.536571107916935,0.857720106118216,stable
PIGS,-0.0538712707576732,0.72803740160214,0.967834284814774,stable
C1orf21,-0.0538863039356734,0.672554643585908,0.944109779879897,stable
ATG5,-0.0538916130685211,0.68215569842789,0.947607573032409,stable
PPP1R2,-0.0539085402746636,0.726538768304913,0.967710737287946,stable
STK38L,-0.0539085831176171,0.189136970483877,0.51926135795864,stable
CBY1,-0.0539201438451662,0.56750441877414,0.880575528699554,stable
PON3,-0.0539374565785787,0.55583610159626,0.872885470954866,stable
TRAF3IP1,-0.053966940161225,0.218539916678733,0.559227955093328,stable
ACOT7,-0.0539891918017091,0.38972259504306,0.740563831044225,stable
BCAS2,-0.054004982375532,0.706946753354196,0.958912240679282,stable
ARFRP1,-0.0540396952507919,0.681931837865538,0.947607573032409,stable
LSR,-0.0540452745281214,0.229563394567864,0.573744210835733,stable
FBXL3,-0.0540521829085393,0.744159051319013,0.975297549407485,stable
ILDR1,-0.0540802409038169,0.22839072069785,0.572009573365567,stable
NIF3L1,-0.0540948049392822,0.396896228233209,0.74713521175564,stable
AIMP2,-0.0541061839746148,0.533062819597941,0.855236379951867,stable
VPS51,-0.0541837070369888,0.777514737023005,0.984293718451659,stable
MZT1,-0.0542263084342841,0.523999210559821,0.847586861471913,stable
BIN1,-0.0542392336923822,0.513549105510974,0.841166322627114,stable
VIPAS39,-0.0542543181125547,0.243078320372219,0.590789857636642,stable
CHMP1B,-0.0543577619926854,0.759192692937217,0.978529584839239,stable
HMSD,-0.054373842466561,0.266144355765804,0.619344779508597,stable
XPOT,-0.0543798887394738,0.626208802795528,0.918940744942681,stable
AMZ2,-0.0544003264864904,0.49192693894545,0.826026621428688,stable
SPRED2,-0.0544122537134455,0.418370864200934,0.765339167003518,stable
BCAT2,-0.0544157356142596,0.70028137588946,0.956677768331857,stable
LPHN1,-0.0544172197296334,0.32313261902441,0.678689542088383,stable
RDH14,-0.0544452726199344,0.796473065470114,0.990625637718914,stable
TAF7,-0.0544824839236536,0.817114878851735,0.997345210093222,stable
ATP5S,-0.0545188949137166,0.499329959055246,0.83124240248953,stable
PITHD1,-0.0545567156435337,0.701642517359485,0.95720260995136,stable
PHF2,-0.0546205219269675,0.547667275723324,0.867059851066264,stable
SUOX,-0.0546233017565678,0.24068974995822,0.587606016416124,stable
POLR3GL,-0.0546893730655735,0.384828191176341,0.736287339010736,stable
LXN,-0.0548137819791044,0.298515173370145,0.65395151958363,stable
EPHX3,-0.0548861777506577,0.20699711067333,0.54264050629869,stable
DAB2,-0.0549498083286084,0.0219738316007582,0.139754483604406,stable
RS1,-0.0550237867321797,0.402852518247628,0.753092091001529,stable
KIFBP,-0.0550391776474401,0.639341105072995,0.925557168748344,stable
ABHD14A,-0.0550475454191436,0.506944398583262,0.836513003277781,stable
EXT2,-0.0550547210037744,0.0174650166746247,0.118409519595459,stable
RBM15B,-0.0550602563928167,0.575212709150103,0.885491831707445,stable
HMGA1,-0.055092915023192,0.692214715778184,0.95209510416722,stable
USP10,-0.0552280372534918,0.588253161154332,0.894615517989666,stable
CCDC137,-0.0552422235697754,0.460083485370306,0.800008609554285,stable
TIMP1,-0.0552491975255357,0.513382111902469,0.841005485914739,stable
PDRG1,-0.0552527996058034,0.602069778716085,0.903918076028669,stable
QSOX1,-0.0552642789194025,0.51028638100269,0.838406010937753,stable
KIAA0408,-0.0552669010212281,0.453597622482329,0.794950155874407,stable
VLDLR,-0.0552994814897128,0.535498179961494,0.857021439100458,stable
SDC2,-0.0553462936133776,0.671114480148244,0.943542538571976,stable
ERLIN1,-0.0553872526453502,0.314048212581521,0.668900171034524,stable
AP3S1,-0.0554093220359541,0.730732676379211,0.969340882914756,stable
GTF2IRD1,-0.0554119597930844,0.599657144441715,0.902623929769181,stable
C19orf24,-0.0554176436466188,0.704778970850915,0.958118510741468,stable
STX5,-0.0554206872578456,0.580605618334694,0.889485962398893,stable
RASL11A,-0.0554335027612503,0.423368938331893,0.769098216996442,stable
NFYC,-0.0554465769723517,0.598978289477304,0.902439896669159,stable
PLEKHO1,-0.055511690228512,0.701665188830513,0.95720260995136,stable
SCD5,-0.0555436752855561,0.0736618691263788,0.305718683924667,stable
SNTB1,-0.055559008740642,0.491092696833676,0.825396459493049,stable
PDP1,-0.0556452596262147,0.25055018638765,0.600360006688649,stable
ME2,-0.0556706987001453,0.47757816641288,0.81412786623226,stable
AAAS,-0.0556759759685014,0.387559279761204,0.73804714687661,stable
CSE1L,-0.055700688010668,0.443588121358551,0.785858144273467,stable
SDHAF1,-0.0557375338577992,0.532828462035892,0.855225153354879,stable
SPNS1,-0.0557490793036214,0.674255899913366,0.944240759232126,stable
DYNLT3,-0.0557687392984787,0.636169455542643,0.924017992461177,stable
SLC35B3,-0.0558309889945942,0.317628530015241,0.672481901290416,stable
AQP3,-0.0558355082287484,0.653742254202302,0.935517251846966,stable
TIFA,-0.0558437479256549,0.241687384840363,0.588671808614369,stable
RSBN1L-AS1,-0.0558701790754013,0.636074107236119,0.924017992461177,stable
BACE2,-0.055876886503194,0.584935700604502,0.89282193169266,stable
TRIM69,-0.0559653753755457,0.311960371120263,0.667410109852496,stable
SNTA1,-0.055994130408091,0.28519817949527,0.639293542516796,stable
LYRM4,-0.0560134463911839,0.479097304194791,0.815218426606874,stable
SLC48A1,-0.0560438652529703,0.688346703166823,0.950462387845182,stable
RNF130,-0.056083696384795,0.678119897199561,0.945515868982255,stable
CYB561D2,-0.0561546102414611,0.551724698496211,0.869135309310848,stable
ST6GALNAC1,-0.0561983564765734,0.189655973715394,0.519461040263719,stable
MED22,-0.056264137309328,0.347714773747126,0.70255626351816,stable
CASP1,-0.0562937521208054,1.61673231087116e-13,1.95672631367218e-11,stable
RNF138,-0.0563345911744484,0.298317915711416,0.653870934491008,stable
PREB,-0.0563693144286972,0.594774962387843,0.899408552845422,stable
PTPRA,-0.0563903891173908,0.686497066764528,0.94950669202643,stable
PHLPP2,-0.0564355150741949,0.281993437975988,0.636374512682752,stable
DROSHA,-0.0564494004143834,0.369891507353764,0.725072768744773,stable
CLCN3,-0.0564631694207876,0.426865460143816,0.771893991834024,stable
USF2,-0.0564887666087901,0.625328895137946,0.918310957972879,stable
ALKBH4,-0.0566631837492474,0.346915597529656,0.70199570015366,stable
ACTL6A,-0.056715773736555,0.631538498568546,0.921413144785384,stable
PPP2R5E,-0.0567536157490023,0.786470186717228,0.987420136343518,stable
IMMP1L,-0.0568052295067538,0.463852916183759,0.803021958282152,stable
EMC2,-0.0568263444283002,0.529303390682916,0.852881304091568,stable
IFI35,-0.0568342190543298,0.624124294694783,0.917843495731683,stable
ZSCAN16-AS1,-0.056842538605867,0.41125265512989,0.759159235322829,stable
SCARA3,-0.0568738919627943,0.419896168707109,0.766181779200753,stable
HTRA1,-0.0569102026409879,0.620408135706019,0.915926213873234,stable
MLST8,-0.0569451494773575,0.548410841738627,0.867319493291049,stable
GTF2E2,-0.0570600619795099,0.490647929678755,0.82525346343093,stable
DRAM2,-0.0570815119159465,0.687243852564781,0.949905312914264,stable
RNF149,-0.0571364407196863,0.752835059286473,0.977832300827615,stable
BHLHE40,-0.0571721319958442,0.51967810497173,0.845076233206479,stable
NCOA6,-0.0571900736676572,0.549380953055557,0.867652812681024,stable
MEX3C,-0.0572108714891902,0.302922636347268,0.658649289702776,stable
LIFR,-0.0572758303404972,0.197353946899384,0.53032636775073,stable
CPT1A,-0.0572823351328353,0.559641514202358,0.875487313745793,stable
RAP1GAP2,-0.0573079846048852,0.292676734974618,0.647021589696703,stable
SAP30BP,-0.0573169649042763,0.572178009027996,0.883342255917937,stable
SHKBP1,-0.0573387834392371,0.558542930470704,0.875224815033186,stable
MSRB3,-0.0573501882872457,0.492542748553924,0.826505039941732,stable
HIBADH,-0.0573920589037571,0.0159613339420679,0.110670077202404,stable
POLB,-0.0574750266820048,0.196755164080754,0.529197231629544,stable
FBXO6,-0.0575212543258098,0.252013355263499,0.601212188669206,stable
EXOSC3,-0.0576506413069921,0.372196403964623,0.727026021422747,stable
COMMD10,-0.057656107659675,0.424859674077709,0.770775401591854,stable
DDX1,-0.0577654822390304,0.702758584479251,0.957908222198301,stable
OCIAD1,-0.0577734988246665,0.462384727330888,0.802282837405501,stable
FCER1G,-0.0578072136255255,0.194180593423517,0.526544714731383,stable
DNAJB6,-0.0578416141341733,0.702257637641093,0.957443396245151,stable
CEP15,-0.0578529475923724,0.337752959334197,0.694021902041912,stable
MFSD12,-0.0578773088867278,0.324149739623739,0.679256428996704,stable
ZNFX1,-0.0578857776434902,0.203168537953105,0.538727160073482,stable
CTSO,-0.0579609999540788,0.572123096742799,0.883342255917937,stable
ALG3,-0.0580141102337776,0.507511018477351,0.836883136364109,stable
LZTFL1,-0.058021904959117,0.528809443045096,0.852342646595893,stable
PGAP4,-0.0580235431480292,0.568927211237663,0.8812781464935,stable
EEF1AKNMT,-0.0580525451331436,0.227352271486723,0.57113731332793,stable
COQ5,-0.0580769674092691,0.345283911231046,0.70118385253574,stable
CUL5,-0.0580781018052514,0.395441512340212,0.746185649771982,stable
IFTAP,-0.0581324671751517,0.294367023432987,0.648577760587046,stable
SMIM22,-0.0581443957089211,0.625152942115233,0.918273199281015,stable
MMP24,-0.0581562545104519,0.529352949455393,0.852881304091568,stable
KIAA0930,-0.0581616979251912,0.43560012723068,0.779501676953277,stable
PJA1,-0.0582550504610354,0.149809892801926,0.4577661837448,stable
SLC29A1,-0.0583012459546649,0.445165338199956,0.786598284499876,stable
CHMP1A,-0.0583304856334906,0.686261084295452,0.949395144231282,stable
DCAF12,-0.058432852067109,0.417772944171109,0.76509900219899,stable
MTMR6,-0.0584418991143607,0.510646906648122,0.838547526446352,stable
FAM50B,-0.0584461307311327,0.398686453497978,0.748854211364364,stable
C19orf52,-0.0584717023663045,0.457363087965088,0.797661062531779,stable
MTDH,-0.0585357960080322,0.875017188963873,0.999789246558786,stable
ESF1,-0.0587074643755796,0.467593281107126,0.806053484479063,stable
SMIM20,-0.0587942723391626,0.56396027987415,0.879155227324167,stable
CRIPT,-0.058826777382487,0.628015642402608,0.919902924638998,stable
TMEM167B,-0.0588726538663774,0.639928408316162,0.926066634693592,stable
TSEN15,-0.0588923033440468,0.780999596263923,0.98568664117803,stable
ZFP91,-0.0589288064482442,0.455503556426174,0.796604677294489,stable
DRG2,-0.0589601688078904,0.466893588403657,0.805427098396044,stable
QNG1,-0.0590443967089439,0.338394771418797,0.694632692833481,stable
TCEA3,-0.0590462554487399,0.684844770580271,0.94834923546048,stable
NGRN,-0.0590517321722916,0.509109836251992,0.837711487191324,stable
PRDM4,-0.0591741020410545,0.381882658289803,0.735009080896161,stable
PEX3,-0.059212404288574,0.278993577451716,0.632404692693802,stable
PHF6,-0.059276226750339,0.483048545428278,0.817860732991286,stable
C20orf24,-0.0592988118079567,0.671337807610301,0.943542538571976,stable
ZC3H6,-0.0593465824047166,0.541009132341331,0.862004123271694,stable
TAF6,-0.0593811637336608,0.530805836822162,0.854232354385354,stable
B4GALT1,-0.0593998614602422,0.686864881919998,0.949800488302042,stable
MYCBP,-0.0594034002009952,0.436704676723312,0.780915936291498,stable
CTDNEP1,-0.0595244997608068,0.733326336743924,0.971092757604328,stable
CCDC25,-0.0595673436260582,0.177199704892024,0.501843682734381,stable
HAUS1,-0.0596495294585401,0.338592494580414,0.69464009838295,stable
MAGT1,-0.0596581460648658,0.586354301171179,0.89315825265003,stable
CNOT11,-0.0596969373062192,0.402200539890514,0.75235481200075,stable
HMCES,-0.059717723882502,0.547658900406892,0.867059851066264,stable
R3HCC1,-0.0597297204081667,0.377899467940325,0.731631740091267,stable
ANKRD54,-0.0597697276038917,0.300785331101153,0.656202573971208,stable
RNF135,-0.0597911839939901,0.305496851432769,0.661029413025108,stable
EIF1AY,-0.0597970297004757,0.50623877441531,0.835989457568243,stable
PHC2,-0.0598114159412827,0.622551161619204,0.916926136020719,stable
NOP16,-0.05997456191366,0.349539515585783,0.704148160599968,stable
SPRYD3,-0.0600302365592884,0.0621839409249532,0.273233822381966,stable
RAP1B,-0.0601065637483984,0.507176558499553,0.836525073796469,stable
UGP2,-0.0602487352472144,0.77929855433816,0.984827151693479,stable
HLA-DPB1,-0.0602981930525813,0.316176899756064,0.670980991672272,stable
IPO5,-0.0603444801902481,0.434471147956969,0.778392981478234,stable
CHMP4A,-0.0604880121083749,0.3946256547909,0.745810761311682,stable
SND1,-0.060526580206141,0.676650555982953,0.945300159581214,stable
PLA2G1B,-0.0605452104523946,0.487410689846096,0.822829481104638,stable
MINPP1,-0.0605964322047166,0.312884267696935,0.667771327807451,stable
SERPINA1,-0.0606874972342747,0.671309793845968,0.943542538571976,stable
ACTR6,-0.0607300012911227,0.407526069807454,0.757542377938916,stable
ATP6V1C1,-0.0607352663287073,0.566579292132252,0.879859377035898,stable
IPO8,-0.0607798217548295,0.0583745667417946,0.262835137345913,stable
C17orf62,-0.0608208043749108,0.600627359687194,0.903164376352415,stable
RCHY1,-0.0609224598452014,0.219273415920426,0.560076938874446,stable
FKBP4,-0.0610037099707571,0.599414360245392,0.902480741426243,stable
AAR2,-0.0610082814320206,0.435740910075338,0.779639473764773,stable
SLC12A8,-0.0610414506531925,0.412719465485996,0.760280732306853,stable
FAM173A,-0.0610703214896496,0.755688681297306,0.978212243550451,stable
NANS,-0.0611082683050878,0.511163418733345,0.839165803283973,stable
SEPT9,-0.0611227464705688,0.375496351029299,0.729856478769622,stable
ZNHIT2,-0.0613455127268256,0.373849044870271,0.728048552161498,stable
CTU1,-0.0614670805432132,0.203995360845851,0.539176606197437,stable
NMI,-0.0616635772531869,0.372619707821611,0.727288061329444,stable
APOE,-0.0616834397496129,0.482061650052908,0.817203169840034,stable
RFK,-0.0617805630196792,0.386757971465631,0.737629541292775,stable
TRIB1,-0.0618226595790714,0.693915510307272,0.953188358017316,stable
TINCR,-0.0618755840533663,0.177102384943742,0.501790610398468,stable
SCAF1,-0.0618839250640513,0.62785061532742,0.919902924638998,stable
TMT1A,-0.0619314628036868,0.84650534065245,0.999789246558786,stable
NUP98,-0.0619320107891824,0.590647683357912,0.896681232161838,stable
GABPB1,-0.0620008946627241,0.619885158453105,0.915854865557998,stable
SF3A1,-0.0620065393646571,0.648682296307758,0.932622344488837,stable
IFITM1,-0.0620372783453731,0.334049071487122,0.690496363841475,stable
STXBP6,-0.06206537664313,0.52167603258191,0.846174692197109,stable
PTPLA,-0.0621842816147271,0.130760123375274,0.422972148224224,stable
ZFPM1,-0.0621891905307258,0.275832886985016,0.629515842154707,stable
IVNS1ABP,-0.0622651680356156,0.512850484498584,0.840472492627791,stable
XPNPEP3,-0.0622662265302012,0.416213391098489,0.763932806724914,stable
CTDSPL,-0.062289172342117,0.75614590063058,0.978212243550451,stable
PPP2R1A,-0.0622938739543473,0.834403789448765,0.999789246558786,stable
MAN2B2,-0.0623400169580235,0.353971157616751,0.709079405554827,stable
PSMB10,-0.0623649800894197,0.116557239043772,0.396989604366416,stable
UBA1,-0.0623733479257647,0.801018922268157,0.992162864100309,stable
NUDT19,-0.0624654987744105,0.295518058271778,0.649866572371985,stable
TMEM102,-0.0624687664636518,0.223773927539099,0.565994023292616,stable
NUDT22,-0.0624725569635862,0.543895528020702,0.864462220065669,stable
CASP7,-0.0624802805275582,0.550821802348798,0.868840910607446,stable
PARP1,-0.0625341725437838,0.692739799616361,0.952429570409448,stable
XPR1,-0.0625536162845409,0.289816576077999,0.644294046788695,stable
BCL10,-0.0626400980731689,0.0354591161922771,0.192922814461941,stable
PDE6D,-0.0626421396335005,0.217613040930547,0.557583835627731,stable
HMGCS1,-0.0626575769728819,0.697869694988043,0.955934463417059,stable
SLC30A9,-0.0626826011919056,0.66836977922043,0.942727783208409,stable
SEC61A1,-0.0626921364339461,0.617150591393631,0.915033828545661,stable
NAA50,-0.0627627636360336,0.316882410729777,0.67156216864785,stable
SH3GL1,-0.0628419767159038,0.458368990113556,0.798845528250373,stable
MCFD2,-0.0628525421697908,0.40330926386344,0.753432928612884,stable
STK4,-0.0628572982170484,0.420977940215907,0.767172878005293,stable
ICMT,-0.0629327141142688,0.417954330825135,0.76517503968945,stable
FAM134C,-0.0629746178553167,0.521791670909971,0.846174692197109,stable
VSTM2L,-0.0630222594611567,0.304852923829038,0.660379610293489,stable
CHMP6,-0.0630859767571528,0.477772211093326,0.81412786623226,stable
ABTB1,-0.0631310723607039,0.744132835379824,0.975297549407485,stable
NUDT8,-0.0631625694647441,0.320423239788902,0.676252362427407,stable
EPS15L1,-0.0632342374900045,0.342411598528326,0.698832507595932,stable
RGS16,-0.0632749137249535,0.499080472811477,0.831052949141465,stable
TMX4,-0.0633032166276622,0.562750665195953,0.878552251769519,stable
CTBP1,-0.0633467195025373,0.621298192644713,0.916253427753875,stable
TOM1,-0.0634001580488827,0.549890240562582,0.868007404755573,stable
MTMR10,-0.0634789865826212,0.263621071876623,0.616145283646357,stable
DCPS,-0.0634941049032944,0.201883870782016,0.537040972249102,stable
TOR2A,-0.0635188944691148,0.180538509634718,0.506867878221128,stable
RAB5A,-0.0636846127423412,0.728678716902888,0.967834284814774,stable
PKN1,-0.0636889745895953,0.25090526546022,0.600901014123559,stable
FARSA,-0.0637142371029101,0.460426010673599,0.800262697920386,stable
FAM195B,-0.0638094963222314,0.569958943770744,0.881698067407438,stable
DAP,-0.0638187440164292,0.473252533804914,0.810343041494784,stable
SYBU,-0.063855166088494,0.215153835363778,0.554467955654851,stable
NABP2,-0.0638929943176746,0.288225834119538,0.642698394067354,stable
MOAP1,-0.0639545096304876,0.551382264501614,0.86908625514901,stable
CSNK1G1,-0.0639857063855707,0.170290428385967,0.489219787682739,stable
SMCO4,-0.064023081339107,0.23731328561441,0.582981833470768,stable
AKT1S1,-0.0640295620446481,0.442427188402808,0.785662023872229,stable
DTWD1,-0.0640333051469443,0.167311155295165,0.484188343354188,stable
NIPA2,-0.0640743294943382,0.432924856382698,0.776875138640943,stable
RCC2,-0.0642704252562604,0.336983649092709,0.693297811399111,stable
METTL23,-0.0642792378950174,0.588983970380766,0.895233717691802,stable
PLSCR1,-0.0643004250778993,0.623318981945724,0.91734303338605,stable
POGLUT1,-0.0643235153855624,0.322154512505633,0.677916467699923,stable
YLPM1,-0.0643809810572146,0.412917521415674,0.760280732306853,stable
HRCT1,-0.0644063185192147,0.352623828871587,0.708145143058123,stable
DIABLO,-0.0644073179889602,0.241649338697416,0.588671808614369,stable
IMPA2,-0.0644122774639256,0.5798727384659,0.889046074878611,stable
A1BG,-0.0644719332158412,0.0796871720675864,0.319375734870222,stable
INPP5K,-0.0644902202010338,0.656031897484072,0.93683807416417,stable
COQ4,-0.0645025711006336,0.770434041725337,0.981415985828635,stable
ARMCX3,-0.0645128341263452,0.598297830679345,0.902133055658605,stable
TMEM161A,-0.0645538831130332,0.453127282974363,0.794581538814892,stable
TSPAN17,-0.064569912799558,0.423859046231902,0.769645422034874,stable
PAPD5,-0.0645714582703644,0.278635233152864,0.631917827469502,stable
RRP9,-0.0645979247290273,0.114446990561379,0.393602822609012,stable
CREB3,-0.0646245494929672,0.660502529936472,0.939484752251344,stable
NLRX1,-0.0646531103840992,0.109996941480872,0.385715035187086,stable
BSPRY,-0.0647004219171102,0.445332008675407,0.786598284499876,stable
RMDN3,-0.0647029852426051,0.616891840376363,0.915033828545661,stable
FOXK2,-0.0647301714505977,0.573399758726001,0.884639255376708,stable
KIF3A,-0.0648188790677771,0.0415407973797882,0.213359120659887,stable
ZCCHC9,-0.0648470028352163,0.308885020608495,0.66428756015451,stable
INSIG1,-0.0649215051240275,0.496792797169829,0.828899135116974,stable
HSPBP1,-0.0650130934177578,0.492974542984742,0.826741777122443,stable
CPSF4,-0.0650506642812168,0.156171735623619,0.468591874389571,stable
CD97,-0.065089592050317,0.272034660737048,0.625536435825749,stable
BCYRN1,-0.0651146356319653,0.139832460657045,0.439440336922942,stable
DOK4,-0.0651648289287825,0.467581511152461,0.806053484479063,stable
DCTPP1,-0.0651945340044158,0.405518942120255,0.755632584958247,stable
RAB11FIP5,-0.065214711214418,0.457214022279318,0.797628686790692,stable
VPS4B,-0.0652537111822472,0.663711905110368,0.940821248934699,stable
UBE2V2,-0.0652736781628701,0.565514502950962,0.879440351308815,stable
GFER,-0.0652864159527621,0.38381119809782,0.735620323696956,stable
CERCAM,-0.0653495529752513,0.22127758234186,0.562733033273311,stable
PLCD3,-0.065366739562005,0.322321455281441,0.678034326167671,stable
MVB12A,-0.0655304901758043,0.567693571376192,0.880645458947027,stable
HAGH,-0.0656564707445702,0.69498628220046,0.953908860725176,stable
SAYSD1,-0.0656598793743043,0.216934582503288,0.556868613296974,stable
RASSF1,-0.0657047145685038,0.209298632595686,0.546071780090018,stable
TLR3,-0.0657967063448131,0.405070169572927,0.755159028955233,stable
HDGFRP2,-0.0658076219636691,0.389080506016615,0.73990667478953,stable
TMEM245,-0.0659628902976861,0.846455654759853,0.999789246558786,stable
GSPT2,-0.0660078781033103,0.176878270097352,0.501428565322362,stable
RWDD4,-0.0660311471839474,0.471582929601771,0.808503468646852,stable
TOPORS-AS1,-0.0660724652285857,0.299329674535558,0.654797054674778,stable
PARL,-0.0662152543928387,0.53868185991357,0.859528843224235,stable
HYOU1,-0.0662672136193258,0.517456910523061,0.843835815666208,stable
TBC1D22A-DT,-0.0663697404075782,0.341312159753597,0.697901181477761,stable
DTYMK,-0.0663831782978516,0.219862919848711,0.560618342142394,stable
C1orf85,-0.0664892482712333,0.525248718821608,0.848273048189996,stable
UBE2H,-0.066525874017221,0.724124925538338,0.966448639565525,stable
ISOC1,-0.0665835601679854,0.585206353301554,0.892856023809061,stable
NUDT16,-0.066584768385462,0.321519791188958,0.677534690948566,stable
CANT1,-0.0666882182241681,0.536928325028459,0.858074499300285,stable
WDR45B,-0.0667134291900212,0.453208606445586,0.794610155649863,stable
RNF20,-0.0667389278422255,0.267660644739765,0.620942082317947,stable
UBE2F,-0.0667785748573163,0.000112666851215004,0.00230693398534708,stable
MOB1A,-0.0668067357596352,0.588022563024629,0.894473346243538,stable
DGKZ,-0.0668395856754482,0.118716679923199,0.401221767550293,stable
GOLPH3,-0.0669080328331407,0.749293919677355,0.976542041254727,stable
RAD23B,-0.0669213153104225,0.700350473827115,0.956677768331857,stable
ANKRD40,-0.0669705803299681,0.427982975509243,0.77255469756317,stable
DHRS4L2,-0.0670271277887556,0.410232556953426,0.758302209086681,stable
PPAP2C,-0.0670736870944646,0.0783371280688122,0.316350529736756,stable
AIG1,-0.0670926822660538,0.626811875472839,0.919163671518712,stable
TERF2IP,-0.0671219683131893,0.644704820537881,0.929786659539294,stable
ENDOD1,-0.0671290868400101,0.291408908898591,0.645936696875536,stable
RBBP9,-0.0672017674336527,0.300616659887263,0.656086065070863,stable
FAM210B,-0.0673266801930019,0.157683298722997,0.470504436840369,stable
TAP2,-0.0673456510789412,0.380489773632118,0.73402483456297,stable
TRIL,-0.067375058158007,0.102971222694896,0.370866301185152,stable
SMC3,-0.0674004945071319,0.478112265962964,0.814443191071804,stable
SNRPA,-0.0674025492158649,0.639170103218844,0.925557168748344,stable
HDDC3,-0.067420538920433,0.397832130695897,0.748054140228679,stable
DHRS7B,-0.0674294379856967,0.586346610937787,0.89315825265003,stable
ANXA11,-0.0674703751610792,0.753897433233669,0.977832300827615,stable
SUCLG1,-0.0675504914941182,0.655107114291855,0.936392582448976,stable
CMBL,-0.0676122462844596,0.386652806453499,0.737584879227149,stable
ISOC2,-0.0676454860076513,0.455493845290012,0.796604677294489,stable
PSMA2,-0.0676595414322538,0.136228487810772,0.432819881560053,stable
SHMT2,-0.0677372821520766,0.157722823221454,0.470504436840369,stable
COMMD9,-0.0677389705290915,0.49430400617331,0.827658720392297,stable
TAF9,-0.0677489007781054,0.479477905036866,0.815478924124617,stable
ZC3H15,-0.0677518779888815,0.747773301049641,0.976542041254727,stable
ZMYM6NB,-0.0677682382953594,0.563066154408574,0.878728109028776,stable
RNASET2,-0.0679391066044295,0.383601900438358,0.735620323696956,stable
EPHB3,-0.0679974366927453,0.0702449329984716,0.295890441410516,stable
SSB,-0.0680843078157534,0.759192946876255,0.978529584839239,stable
NMT1,-0.0680860737622002,0.614137327372867,0.912731269277316,stable
HS6ST1,-0.06816461729438,0.33766009103223,0.694021902041912,stable
VWA9,-0.0681885694081212,0.258715836450427,0.610058330395451,stable
ST14,-0.0681997893093893,0.470816742295861,0.807913683666379,stable
DNAJC3,-0.0683524148113717,0.768397151079166,0.981415985828635,stable
TMEM70,-0.0683606823785229,0.394707737186009,0.745850576497415,stable
PRMT5,-0.0686194094098766,0.164930507579839,0.480070316638591,stable
CBX3,-0.0686816048232959,0.709608707881754,0.960339991706449,stable
COLCA1,-0.0687129590520629,0.440069852073786,0.784628627734824,stable
EXOSC6,-0.0688345628263287,0.428181315305446,0.77255469756317,stable
NEXN,-0.0690624059027138,0.79265065057537,0.989660627414104,stable
CLN8-AS1,-0.0690882669465713,0.0823429647617892,0.325011430819539,stable
C18orf21,-0.0691412804140775,0.146701689969631,0.452391891571334,stable
ALG5,-0.0692411145214117,0.470326181926442,0.807708812168955,stable
RBM8A,-0.0692702330388111,0.765539295985723,0.981225999174737,stable
NDUFV1,-0.0693981529910398,0.476029400331341,0.813047839828184,stable
TOR3A,-0.0694413196729659,0.456543909769254,0.797256107574194,stable
HDAC11,-0.0694458931671828,0.311730534235691,0.66735447469301,stable
RRP15,-0.0694530010036656,0.460581021317404,0.800418311712247,stable
NAA60,-0.069492003940672,0.65594349656096,0.936834648423419,stable
HYAL1,-0.0695240443443279,0.502097010053622,0.832786139877269,stable
ACO2,-0.0695387109456093,0.585426769887444,0.892969407924147,stable
BPGM,-0.0695500500654632,0.00683502469399795,0.0607487965905593,stable
COX11,-0.0695907113787351,0.396294802862261,0.746771646398687,stable
C6orf47,-0.0695926248551283,0.419271349647547,0.765751229357779,stable
TRAPPC2P1,-0.0696151991347366,0.215318994232132,0.554467955654851,stable
HSPA9,-0.0696719340146792,0.727305783751299,0.967710737287946,stable
RAE1,-0.0696998996481741,0.301623449089868,0.657461669342821,stable
ZHX1,-0.069790594102325,0.357781333969625,0.712067571873119,stable
MSANTD3,-0.0699509960302215,0.438831419105789,0.783334589244913,stable
NIPSNAP3A,-0.0699556981601997,0.606416546207249,0.907603920571023,stable
KEAP1,-0.0699719707979364,0.500315148064264,0.832269404169251,stable
AIP,-0.0700585474429433,0.563947971536192,0.879155227324167,stable
NQO2,-0.0700752690290245,0.373795566294544,0.728048552161498,stable
DDX54,-0.0702410862520769,0.427444220680093,0.77255469756317,stable
COPB1,-0.0702944024793004,0.671544381855989,0.943542538571976,stable
GABARAPL1,-0.0703350497008989,0.666475739358266,0.941849646001786,stable
JMJD8,-0.0704602224757726,0.270958377013141,0.624158153000287,stable
METTL5,-0.0705752027462315,0.677764367255483,0.945451514929936,stable
SMIM15,-0.0706749102527534,0.520988547867515,0.845981558927275,stable
MAT2B,-0.070803226192051,0.628198389213456,0.919902924638998,stable
KLHL21,-0.0708605399705087,0.232238252230779,0.577477704489228,stable
MYBBP1A,-0.0710260799252072,0.2037760461098,0.539051804294784,stable
TM2D2,-0.0710810296931032,0.399759825405336,0.750222210684683,stable
PNPLA4,-0.071094874761836,0.149983744481342,0.458006818021465,stable
MTMR14,-0.0712076177405198,0.484561955911364,0.819401556391076,stable
AREG,-0.0712209838198651,0.542816313035257,0.863927599869184,stable
NT5DC1,-0.0713436057573776,0.554271234148154,0.871405974722311,stable
ACYP1,-0.0713536734382505,0.0067112788209051,0.0599697896979123,stable
FAM84B,-0.0713788777326189,0.344197711730791,0.700655073597606,stable
ACBD3,-0.0714234682677192,0.270344912767645,0.623309217830065,stable
R3HDM4,-0.0714741959503754,0.465031605723726,0.803713570865225,stable
MGP,-0.0714886908862316,0.0704162162427216,0.296264721697903,stable
AHSA1,-0.0715708862283271,0.662055958936587,0.939841138316204,stable
LIPA,-0.071587374395744,0.543518888730022,0.864200688844406,stable
MORN2,-0.071638262997221,0.0574381461238252,0.260238657604759,stable
SERTAD1,-0.071661931768148,0.45942535816784,0.799660483873512,stable
METRN,-0.0716920804072118,0.0576933731114089,0.260911503112787,stable
DSG2,-0.0716982747108068,0.738923022161424,0.972606333896979,stable
LTV1,-0.0717252800182352,0.304482783461659,0.659928642736758,stable
AAMP,-0.071746030744785,0.0531417630500287,0.247468537723257,stable
RPA1,-0.0717786240023868,0.213044785323446,0.552516269486505,stable
HMGB3,-0.0717957920680501,0.166409668775319,0.482541609877786,stable
RAB20,-0.0718158829021165,0.565680135052804,0.879440351308815,stable
KLHDC9,-0.0719494358904713,0.118817071290281,0.401221767550293,stable
KPNA2,-0.0719762452024732,0.108140815993448,0.381127344454961,stable
METTL9,-0.0720754866371409,0.547589229073829,0.867059851066264,stable
DYNC1I2,-0.0721746744661891,0.674953861563747,0.944313144317708,stable
ATMIN,-0.0722919950417329,0.369134738433949,0.724539125977594,stable
UQCC6,-0.0723105322702507,0.182938102109139,0.510186296078818,stable
HLA-F,-0.0723280571601463,0.675719932852235,0.944834162697097,stable
RNF5,-0.0723309418718693,0.237178923932929,0.582951014120301,stable
PLA2G10,-0.0724023753443789,0.686467914836725,0.94950669202643,stable
NRBF2,-0.0724037730063139,0.380731813646645,0.73402483456297,stable
PWP1,-0.072525053206773,0.569075719334636,0.8812781464935,stable
CLPTM1,-0.0725380450432264,0.369272324391751,0.724539125977594,stable
C4orf32,-0.0725721704705355,0.293961685355672,0.648274876743232,stable
SLC34A2,-0.0725821419452197,0.607889159114905,0.908182558047771,stable
MEF2BNB,-0.0725981754819188,0.376281196028998,0.730104974644201,stable
EXOSC8,-0.0726222459343048,0.53452616900201,0.856219519246059,stable
FAM21C,-0.0726317263997296,0.222526715866939,0.564696669844695,stable
MT1X,-0.0726535710641162,0.361165264177931,0.71601100395516,stable
RAP2A,-0.072706267937595,0.354716274238895,0.709200480257811,stable
TOR1A,-0.0727975853944044,0.434862628575001,0.778637874864628,stable
WBP5,-0.0728216306641465,0.776227480845694,0.983820933657908,stable
SNX5,-0.0729852154841899,0.55913232634731,0.875487313745793,stable
PMF1,-0.0730304341002494,0.54986993615135,0.868007404755573,stable
C6orf106,-0.0730356934964113,0.61012629719697,0.909594571540554,stable
UBAP2L,-0.0730581493229201,0.415049458705624,0.762292797776162,stable
NFIC,-0.0731954233988325,0.328733846145535,0.684223145799935,stable
IRX2-DT,-0.0732160115645689,0.802325818577967,0.992374875681188,stable
GATA6,-0.0732218706539112,0.194129503865295,0.526522976536358,stable
ACAA1,-0.0732810390465772,0.677542604041554,0.945451514929936,stable
ELP5,-0.0733392717738887,0.228422698171511,0.572009573365567,stable
ACSL5,-0.0734130561604325,0.338909812398226,0.69464009838295,stable
GRSF1,-0.0734695200681961,0.673784177539878,0.944240759232126,stable
HSD17B8,-0.0734702570350919,0.440790759719861,0.784997996330941,stable
HIF1A,-0.0734787553910659,0.32246180307767,0.678108408698615,stable
CFD,-0.0735739137265944,0.166892779055016,0.483549971834206,stable
PFDN4,-0.0735744611715821,0.359569709174157,0.714347493083845,stable
DYNLT2B,-0.0735828214375773,0.184664740910777,0.511804979788612,stable
FN1,-0.0735880407514988,0.796500624482804,0.990625637718914,stable
FAM174A,-0.0736366990924103,0.131898830527003,0.425417230702397,stable
MYG1,-0.0737471068101533,0.487618963979704,0.823067414483279,stable
INSR,-0.0739608664463022,0.515129425450466,0.841744275559075,stable
NUP133,-0.0740537807716122,0.296615443926103,0.651170217347596,stable
CD320,-0.0740625449951847,0.430073247330468,0.774329273424852,stable
IFT52,-0.0741135888473253,0.00159336290246652,0.020480828727393,stable
ACOT8,-0.0742122271281763,0.470460661225539,0.807712236351263,stable
WDR13,-0.0742484536391956,0.638160512192941,0.92478335367846,stable
JKAMP,-0.0744408729839079,0.6647938211698,0.941213767660371,stable
EIF5B,-0.0745537453636498,0.631045134779096,0.921286105698251,stable
C19orf60,-0.0746795300821543,0.416352806219641,0.763979352989897,stable
DCAF13,-0.0746903342106633,0.195986904551621,0.528341917277584,stable
IDH3G,-0.0746906702117128,0.551517546947538,0.869118279474888,stable
COPS6,-0.0747405730042777,0.712552447906873,0.96197631310081,stable
REEP3,-0.0748835625091743,0.651356968623036,0.933980948322344,stable
EIF4E3,-0.0749993585447376,0.349349135896387,0.703880639063364,stable
TCTA,-0.0750209645884452,0.442529933847131,0.785662023872229,stable
PDK2,-0.0750260805806465,0.230757195035271,0.575551102246716,stable
PRSS22,-0.0750694356688988,0.407984917113449,0.757844884423611,stable
HDAC5,-0.0751072113387322,0.364368173416051,0.719333511031735,stable
TXNDC15,-0.0751795262321142,0.473438232590518,0.810433966557414,stable
RBM18,-0.0752583313361746,0.195173094748996,0.527356040206875,stable
UBXN1,-0.0752874153729745,0.546688787152937,0.8666481304834,stable
CCDC28A,-0.0753099117185718,0.395701744243532,0.746229268996134,stable
S100A8,-0.0753640857292127,0.318734260388886,0.674317687607085,stable
DHX38,-0.075414401045042,0.316993262539373,0.671564235923968,stable
SLC39A3,-0.0754383291223478,0.249962942610436,0.59995032602984,stable
EBAG9,-0.0754407076877154,0.505504903825233,0.835830102037015,stable
PCDH9,-0.0756105018072112,0.0866154308669371,0.333921227242781,stable
HRSP12,-0.0756191750574896,0.0588244153594297,0.263878771872906,stable
USP39,-0.0756835063092539,0.337007165848619,0.693297811399111,stable
SERINC1,-0.0756935950672235,0.808814150000482,0.995263153775508,stable
DPCD,-0.0757176660585915,0.233936266673835,0.579282276396552,stable
APOL1,-0.0757279339162814,0.482626929320492,0.817860732991286,stable
VOPP1,-0.0759653384110912,0.239903204707596,0.586923203637739,stable
RAD17,-0.0760068935230609,0.30735575489187,0.662864634403355,stable
RAB1B,-0.0761910694882134,0.720650640742717,0.96560708455979,stable
LURAP1L,-0.0762317055017015,0.517392350827735,0.843835815666208,stable
FEM1A,-0.0763088894029235,0.154128405852742,0.465350635094885,stable
MAPRE1,-0.0763179340531025,0.493261071332971,0.82699538279718,stable
UNC119,-0.0764181852717935,0.0873799409093073,0.335574111742184,stable
CLNS1A,-0.0765607269110742,0.473355616863638,0.81040603088811,stable
VWA1,-0.0766207048958248,0.469128626148321,0.806987690167996,stable
SMIM3,-0.0766383894881061,0.0760443609501044,0.310995740466402,stable
ILVBL,-0.0768229768806421,0.479557428900173,0.815478924124617,stable
FTSJ2,-0.0768364176399409,0.148199450816257,0.454939196393315,stable
PPP1R14B,-0.0769237674657307,0.515818147552083,0.841982577855749,stable
HINT3,-0.0769336430012166,0.428069346699096,0.77255469756317,stable
OARD1,-0.0769643920732406,0.00299235590723605,0.0329536564054536,stable
GPN3,-0.0769819189351363,0.349598086308621,0.704150108261094,stable
ATF7IP,-0.0770021054379336,0.336922427665988,0.693297811399111,stable
ZNF32,-0.0771263873319381,0.194730434925333,0.526634753906675,stable
SIGIRR,-0.0772888110121758,0.629049918461696,0.920017492614952,stable
C21orf2,-0.0773493948110257,0.518868904389187,0.844690151394837,stable
RAB40B,-0.0774796910920069,0.191628600898479,0.522537894541948,stable
DNTTIP2,-0.0774914650813605,0.5735413783965,0.884639255376708,stable
EMC10,-0.0774982751307642,0.762447052131613,0.979703974532996,stable
SHARPIN,-0.0775867905298211,0.623094324822003,0.917233264285183,stable
MICU2,-0.0776615563775608,0.518956946821934,0.844704356584729,stable
DCUN1D5,-0.0777174199171593,0.442409021980183,0.785662023872229,stable
DCTD,-0.0780340274132974,0.320261582575055,0.676027902848811,stable
TMEM218,-0.0781369962434949,0.269600235089934,0.622750051727013,stable
PRPS1,-0.0781951311110533,0.178945480947054,0.504248399976207,stable
CCDC23,-0.0782126384386121,0.249161495881765,0.598875742751227,stable
MPHOSPH6,-0.0782183334757415,0.0931406897551537,0.350108176988622,stable
CNOT3,-0.078221245965375,0.239522953656935,0.586641672110272,stable
CCNB1IP1,-0.0782409227559338,0.416056904459391,0.763760264320708,stable
ECSIT,-0.0782534813184443,0.374536832103788,0.728641981973367,stable
NPTN,-0.0782600747479019,0.672019305233242,0.943791818379038,stable
YIPF5,-0.0783678546780701,0.521516760521982,0.846174692197109,stable
GNS,-0.0784170127019915,0.609659660157608,0.909589048638,stable
BCKDK,-0.0784349634085507,0.123847373026322,0.41068230501847,stable
MFAP1,-0.0784971637562096,0.313408031218946,0.668143090030125,stable
ICT1,-0.0785790472390885,0.300738096373122,0.656202573971208,stable
QDPR,-0.0786137663588834,0.479018214051951,0.815218426606874,stable
POFUT1,-0.0786210099476314,0.128208220913965,0.419154130102249,stable
PRKAR2A,-0.078684687059527,0.460313549303931,0.80025130670531,stable
NUDT7,-0.0786991279658997,0.175966159747681,0.49942194956017,stable
BCCIP,-0.0787650625592207,0.380717444682589,0.73402483456297,stable
CTNNBL1,-0.0788794324743295,0.2860454515141,0.639937701191133,stable
UBE2D4,-0.0792148114898924,0.101237982796553,0.367111569773083,stable
CASP6,-0.0793088701350917,0.369820726810975,0.725072768744773,stable
MMP23B,-0.0793252684478146,0.568979525353041,0.8812781464935,stable
RPUSD3,-0.0793868198882699,0.395855488051181,0.746288939842325,stable
B3GNT2,-0.0794147852995155,0.386478938919891,0.737584879227149,stable
RRN3,-0.0794231306387979,0.169136709585634,0.487309689605522,stable
POLE3,-0.0794708352431238,0.207218933303802,0.542989119122332,stable
SLC25A19,-0.0795421348470046,0.116730906383994,0.397027990995532,stable
TMEM42,-0.0796825034370512,0.289825863086978,0.644294046788695,stable
HSBP1L1,-0.0797073725177812,0.547413678877536,0.867059851066264,stable
DHRS4,-0.0797094038402924,0.347228063237858,0.702153158812171,stable
LCN2,-0.0797724064853612,0.093896663764769,0.351329298396246,stable
TUBA4A,-0.0797765681013283,0.382869517201019,0.735512013444424,stable
C11orf73,-0.0797783597478785,0.53134874506865,0.854232354385354,stable
SLC39A9,-0.0798262619882629,0.267141566001359,0.620593312537761,stable
RTCA,-0.0798899226454836,0.452116911165771,0.793933437237528,stable
PIGQ,-0.0799100183567565,0.488464431365838,0.823640610624647,stable
HLA-G,-0.079937863852351,0.280131062649251,0.634241929818417,stable
SOCS6,-0.0799461250313609,0.057613802727375,0.260841157236826,stable
UBE2K,-0.0799742176947119,0.565063904302619,0.879244038466805,stable
ZBED2,-0.0800408247772074,0.302495285827083,0.658422787384306,stable
CLIC4,-0.0801226891120705,0.356420524543553,0.71132808032986,stable
CCNQ,-0.080510304792896,0.221542215023277,0.562939255581234,stable
CIMAP3,-0.0805496919624432,0.0846585434742865,0.329575170519006,stable
MTMR12,-0.0805706584844678,0.0385741484397819,0.203596887101854,stable
COPG1,-0.0805786424475069,0.522410494385077,0.846551882891258,stable
IRF2BP1,-0.0805886665886976,0.0372875258767122,0.199301581249204,stable
CHURC1,-0.0806604323071894,0.286667756534397,0.640977987173308,stable
PPIE,-0.0806681336619803,0.403410526923732,0.753443893218595,stable
LAMP2,-0.0807494528670017,0.677310375387422,0.945402617945487,stable
AARD,-0.0808478837832,0.157394330365409,0.470297798676794,stable
APIP,-0.0809522923700992,0.381964121482494,0.735009080896161,stable
LYRM1,-0.0809543290805144,0.279005113522388,0.632404692693802,stable
RBP2,-0.0809570637310621,0.0521296062400992,0.244337540904514,stable
NF2,-0.0810227555321669,0.111829971894943,0.389461417790252,stable
GSTM3,-0.0810452751642717,0.420482317708314,0.766702841835685,stable
ASB6,-0.0810761100487617,0.0741750311152243,0.307048960498646,stable
SLC25A24,-0.0811376119567872,0.481785774349896,0.8170940934882,stable
EDN1,-0.0812127082981656,0.583073448379457,0.89093622912381,stable
SNAPC5,-0.0812528484657269,0.321455656965783,0.677534690948566,stable
TARS1,-0.0813407911147133,0.557252376673859,0.874323328515114,stable
CEBPA,-0.0813738729241749,0.0793239126644851,0.318441874683306,stable
FYTTD1,-0.0815510125756921,0.43231807681424,0.776356129128438,stable
ACP2,-0.0815662300235335,0.216813101347522,0.556673671680762,stable
MAN2A2,-0.081592521040082,0.369200339301481,0.724539125977594,stable
MYL6B,-0.0816696050244261,0.110890119114972,0.38751588660998,stable
RIPK2,-0.0816744778807492,0.265676367076655,0.618949478015062,stable
NRBP1,-0.0816857927562732,0.495846232667094,0.828488839273176,stable
PTRH2,-0.0817184960859144,0.278137422856707,0.631140125672987,stable
PRPF31,-0.0818549371946857,0.207304302523367,0.543096398209524,stable
BBC3,-0.0819146096361389,0.157437545451013,0.470311963732448,stable
COPS4,-0.0819306483707391,0.0455894210017268,0.224535469444536,stable
CMC1,-0.0819676020647725,0.447628314418138,0.788096433142089,stable
PQLC3,-0.0819985750646482,0.1288942491858,0.419779289971754,stable
HLA-DRB1,-0.0820412691457903,0.574062712172663,0.884639255376708,stable
C15orf61,-0.0820978202952986,0.413269612159819,0.760585326564534,stable
PINK1,-0.0821787212395997,0.481874289917902,0.8170940934882,stable
HADH,-0.082302974982814,0.310450884247562,0.665897808219371,stable
HDHD2,-0.0823361489290076,0.167732586996678,0.484719419254704,stable
PTRH1,-0.0824498876207145,0.289202071372915,0.643923160259794,stable
ZNF428,-0.0825037747078984,0.514386585601941,0.841382375380717,stable
KRT80,-0.0825533061690765,0.374573479607382,0.728641981973367,stable
LYRM5,-0.0827431057713998,0.39550543546658,0.746185649771982,stable
BOK,-0.0828493697910096,0.383813000409979,0.735620323696956,stable
CMAS,-0.0828678359702752,0.166269409812432,0.482429922987696,stable
CHMP4C,-0.0829950737532011,0.326162761089084,0.681540784880849,stable
NIT2,-0.0830340195854841,0.362057603930554,0.716600663957494,stable
ISCA1,-0.0830433768278554,0.227408925097334,0.571162256089954,stable
BNIP2,-0.0831026015185117,0.532196813159426,0.854748525100034,stable
IRF2BPL,-0.0831184049497005,0.434837797417208,0.778637874864628,stable
PLCXD2,-0.0831587162091623,0.385869494367403,0.737125910165202,stable
CCDC167,-0.0833515667375524,0.254041050049224,0.603728803527337,stable
PRRC2A,-0.0834078189212051,0.548376355355345,0.867319493291049,stable
FGD5-AS1,-0.0834107170267042,0.4451726881998,0.786598284499876,stable
ARCN1,-0.0834407904232036,0.49883194010228,0.830997348067749,stable
DBNDD1,-0.083498352958242,0.0601336663079438,0.267786497977525,stable
UPP1,-0.0835076946522593,0.353976660255254,0.709079405554827,stable
DMTN,-0.0835813638870977,0.271426965597701,0.624609041315192,stable
EIF3D,-0.0835884884075235,0.631587102434288,0.921413144785384,stable
PVRL3,-0.0836419408549524,0.164888171502508,0.480070316638591,stable
DNAJC4,-0.0836696529740354,0.347355202050441,0.702273378268178,stable
PDIA6,-0.0837389761254356,0.78279724062038,0.986587634740027,stable
CNPPD1,-0.0837691495598278,0.502616200964856,0.8333080754909,stable
DYRK4,-0.0838045804575886,0.239499827331554,0.586641672110272,stable
RNPEPL1,-0.0839176329325654,0.215282435871907,0.554467955654851,stable
BCAS4,-0.0840539145546406,0.145470041425177,0.44972832230181,stable
SUDS3,-0.0840607399788106,0.428153378516479,0.77255469756317,stable
ACADM,-0.0841258317070187,0.482710390837088,0.817860732991286,stable
RNF220,-0.0841387725853252,0.208565866398616,0.544883340640455,stable
GOSR1,-0.0841626203605145,0.382978891162775,0.735512013444424,stable
SIKE1,-0.0842081892768024,0.357198863438237,0.711706695795946,stable
WIBG,-0.0843112173503782,0.378605582309334,0.731691499712011,stable
SP3,-0.084368022012161,0.178369042282265,0.503850473246435,stable
PDCL3,-0.0844295304571806,0.11999577909814,0.403307232250663,stable
IGSF3,-0.084493913880488,0.446623323924803,0.787810030542106,stable
ARMCX2,-0.0845391468701051,0.0622589715765876,0.273366978646626,stable
MICU1,-0.0846040522505725,0.122571758436849,0.408181370690738,stable
SLC35B2,-0.0847943546578553,0.409083736659135,0.757983083646897,stable
LAP3,-0.0847961332909135,0.0932395058170169,0.350371877991766,stable
MID1IP1,-0.0848311456861042,0.480806623504611,0.816214766748375,stable
TINAGL1,-0.0848645097605005,0.264630955289489,0.617455391765359,stable
NUDT15,-0.0848836948484232,0.170379020870352,0.489226031838351,stable
TUSC2,-0.084904920141619,0.262172971820234,0.614299867266731,stable
COX16,-0.0849387136363341,0.414126644963161,0.761474745491829,stable
P4HB,-0.0852181001660861,0.699886231292207,0.956677768331857,stable
HLA-DRB5,-0.0853661930167762,0.0334496576862415,0.186112251049893,stable
SAR1A,-0.0854536700249924,0.393119655927026,0.744230242225796,stable
FAM229B,-0.0855096972252599,0.134460230415262,0.430704927112281,stable
H4C3,-0.0857821107386121,0.613995727482618,0.912631781705681,stable
VPS41,-0.0859347428608943,0.260972287378666,0.613014073965567,stable
ATIC,-0.0859392386416553,0.0576799805514974,0.260911503112787,stable
MIR4458HG,-0.0859454845977821,0.237379307005124,0.583026853291268,stable
MYH14,-0.0860289802308182,0.2983861624057,0.653903271647056,stable
COPS5,-0.0860329157623087,0.456318002523853,0.797233944956533,stable
UBALD2,-0.0860657015545371,0.204013354218708,0.539176606197437,stable
SUN2,-0.086465469714762,0.59984665336018,0.902662544630178,stable
AKTIP,-0.0864954735428223,0.310778877026838,0.666133787967046,stable
COMMD5,-0.0865976440040891,0.202292102403154,0.537452436378211,stable
NDUFAF2,-0.0866518348950831,0.302287349244956,0.658206818293735,stable
HADHA,-0.0868585008284637,0.616285148720556,0.914522921137252,stable
PFN2,-0.0869591329561241,0.235189485388991,0.580461132569056,stable
SUPT16H,-0.0869649359590613,0.484575740441025,0.819401556391076,stable
MYH9,-0.086980417839333,0.735908317840181,0.971586428348398,stable
SAE1,-0.0870131270923499,0.155099080257613,0.466893597442406,stable
WASL,-0.0872013307512858,0.673228192571972,0.944240759232126,stable
QARS1,-0.0872440121957444,0.162232920541727,0.476028617547305,stable
TP53TG1,-0.0873384779719034,0.238240300191514,0.584606661927998,stable
PNPLA8,-0.0873468420110284,0.418279210820504,0.765339167003518,stable
PXMP4,-0.0873719758893229,0.274433502906717,0.628451693430444,stable
IDH3A,-0.0874582448655386,0.108274527357829,0.38131599608819,stable
HNRNPA0,-0.0878072806480944,0.586098290458615,0.893136767516241,stable
POLR1H,-0.0878353749092715,0.200835576901495,0.536416355029603,stable
PDCD10,-0.0878638558308119,0.511362749779104,0.839272053343148,stable
C1orf86,-0.087893779488839,0.509821482308488,0.838040293421966,stable
FTSJ3,-0.0879130609903996,0.0928718464323833,0.349248579237635,stable
MAP4K4,-0.0879422862161035,0.271237754640242,0.624408721793281,stable
WHAMM,-0.0879463673896082,0.118690161256048,0.401221767550293,stable
KCNS3,-0.0880473659369064,0.434197535597287,0.778193713956322,stable
ACP5,-0.0880501797325021,0.561272105034321,0.876904173300853,stable
MED29,-0.088072150464775,0.358773805576306,0.713345966064535,stable
HMOX2,-0.0881329571515391,0.425646769667192,0.771173278851601,stable
PCYT2,-0.0882204642855338,0.238914590359791,0.585738458194562,stable
SCNN1B,-0.088249316137365,0.781796514735726,0.986114573192351,stable
ASF1A,-0.088265533948652,0.247109676543818,0.595440308707202,stable
FASTKD2,-0.0882846201395176,0.189375568509242,0.51939128325263,stable
TGM1,-0.088322226151038,0.097222491734891,0.358397991244665,stable
NGDN,-0.0883350292932724,0.327531349901045,0.682660893366954,stable
NRG1,-0.0884151302443882,0.418795295164147,0.765339167003518,stable
SRA1,-0.0884820762375767,0.377649596505734,0.731492675734466,stable
GPD1L,-0.0885837759783239,0.380763373360913,0.73402483456297,stable
TSR2,-0.0888204562975622,0.339343267399904,0.695402541138861,stable
NDUFA7-1,-0.088821601125187,0.412856253314462,0.760280732306853,stable
DUSP18,-0.0888842635074419,0.323875266978288,0.679256428996704,stable
NDUFAF6,-0.0890328514847563,0.223918130207041,0.56605864414102,stable
PTOV1,-0.0890488587442179,0.542694763278635,0.863901652079442,stable
C9orf152,-0.0890557568509532,0.0577975813927917,0.260996540430545,stable
FAM3C,-0.0892047250388049,0.426815261811304,0.771893991834024,stable
SLC35F6,-0.0892861491382403,0.19573753127244,0.528072298008013,stable
MFF,-0.089355830132698,0.45430424291629,0.795423956347819,stable
ASRGL1,-0.0893662930386214,0.0974347971422858,0.358747879598585,stable
IFIT5,-0.0894224663969148,0.340545850480937,0.697058351687705,stable
NCLN,-0.0895171685455436,0.404677789295018,0.754772855712893,stable
APOA1,-0.0895792322476064,0.0778056480145108,0.315036847078298,stable
TCEAL1,-0.0896668814377798,0.23483921490765,0.580168666740322,stable
SH3GLB1,-0.0897275516011763,0.661761786772308,0.939776695234432,stable
DEDD,-0.0897414855671013,0.0986207153983422,0.360966881233071,stable
NUS1,-0.0898543446199032,0.153793003773154,0.464877764125378,stable
FAM103A1,-0.0898741738738375,0.354494630553921,0.709200480257811,stable
UBALD1,-0.0900148597446745,0.243138612887901,0.590789857636642,stable
PROS1,-0.0900433083033643,0.666203795798663,0.941791974076888,stable
RHOD,-0.090087077796676,0.354964736364106,0.709465163066519,stable
NTPCR,-0.0901607667239554,0.41857095052644,0.765339167003518,stable
ETHE1,-0.090184270702806,0.330257371843453,0.685759489283908,stable
RP9,-0.0901940161737084,0.258208488523518,0.609332155156657,stable
CCDC53,-0.09021294361809,0.448516202788318,0.789099318204433,stable
AHNAK2,-0.0902377286212974,0.0577270930390896,0.260967450188547,stable
CTSZ,-0.0902988678536961,0.676945447494377,0.945310740153455,stable
GPI,-0.0904035056786306,0.348353734704151,0.703119528001176,stable
PDHA1,-0.0904299054381658,0.460021290920636,0.800008609554285,stable
PCNA,-0.0910175711538459,0.274932721709964,0.628802689105338,stable
C16orf80,-0.0911140974383334,0.221328108920878,0.562733033273311,stable
TPRKB,-0.0914234705191311,0.177304342237785,0.501937998961251,stable
ALAS1,-0.0914525896749605,0.294415024600248,0.648577760587046,stable
SF3B2,-0.0916077976987913,0.342613155924609,0.698832507595932,stable
LSM10,-0.0916701012566179,0.250971157926937,0.600901014123559,stable
TMEM203,-0.0917154382850224,0.276905968146561,0.630334926373102,stable
WIPI2,-0.0917603744720513,0.309145016175448,0.664595409025158,stable
MPV17,-0.0918481912245923,0.296687968106283,0.651170217347596,stable
POLR3K,-0.0919092683402183,0.0781368381953612,0.315886475928569,stable
RAB3D,-0.0919297663592955,0.183261391723239,0.510409813672057,stable
PIK3IP1,-0.0920710867434672,0.471305225381937,0.808471634218201,stable
RPP25L,-0.0921494878362066,0.0588168106869097,0.263878771872906,stable
PAPSS2,-0.0921896637337205,0.751684629646404,0.977373222675829,stable
PRKACA,-0.0924163110310348,0.0634840095944143,0.276856415726764,stable
ZMAT2,-0.0926232308856408,0.406174456166651,0.755949535959371,stable
BTN3A2,-0.0926327856063936,0.0213353715625492,0.136617905699634,stable
ASNS,-0.0926340820504663,0.240802099797813,0.587606016416124,stable
MYO10,-0.092750201838175,0.30270757381258,0.65853308102598,stable
HERPUD1,-0.0928409280118744,0.717756040377178,0.96350060108884,stable
ERAP2,-0.0930006046699781,0.200432654511058,0.535889931921079,stable
SYAP1,-0.093016611796372,0.452450477327703,0.793933437237528,stable
SNORA76,-0.0930478671072209,0.270505186566467,0.623309217830065,stable
SUSD2,-0.0930699979994771,0.680155837755587,0.946697339357756,stable
SSFA2,-0.0930908415860847,0.537874252342327,0.858937582783524,stable
ZNF593,-0.0931667678883436,0.528110395703218,0.851328165248073,stable
UPF1,-0.0934506927283066,0.292289207862941,0.646716444474955,stable
ACADS,-0.0935449944322472,0.249172286291946,0.598875742751227,stable
CXXC5,-0.0935542038201862,0.205219385507956,0.540914781986855,stable
GMPR2,-0.093781759424431,0.242868688598902,0.590576258092894,stable
PTK7,-0.0938436994015673,0.400668660390974,0.751390169992175,stable
TST,-0.0939187139946306,0.0278916856630291,0.164058892267169,stable
RNF128,-0.093966673301568,0.529112928301113,0.852719371859301,stable
FASN,-0.0939786650650686,0.376705316350785,0.730695935746113,stable
SCPEP1,-0.0941191262093539,0.502308958183159,0.833024651313382,stable
DSC2,-0.0941544432982021,0.328302391774126,0.683542921415916,stable
CKS2,-0.0942608424450942,0.14492441432569,0.448495200181577,stable
RAB31,-0.0943364416698553,0.103596083001177,0.371911459208925,stable
NACC1,-0.0944075460406425,0.211861027165864,0.55101897788841,stable
PRCC,-0.0946375991091873,0.228098319231814,0.571953611136348,stable
HYI,-0.0946746294757473,0.0488153485016516,0.234651521857723,stable
ANKRD65,-0.0949021913070886,0.0569082025838326,0.259085984500845,stable
TIMM17A,-0.0949191496169396,0.336718006096041,0.693286324156646,stable
DDAH1,-0.0949749271431875,0.476485218045174,0.81337177843656,stable
B4GALT3,-0.0950346263635214,0.23110354164128,0.575992329587113,stable
CYBA,-0.0950366341788481,0.38493766194367,0.736381530453744,stable
SMARCD2,-0.0951108891315409,0.0914457773411977,0.345329991417609,stable
OSTF1,-0.0951524107563238,0.37254221701884,0.727288061329444,stable
ZMAT5,-0.0952845107918781,0.214250513321314,0.553699423856181,stable
TIPRL,-0.0954106006919403,0.268002002407696,0.620942082317947,stable
BEX2,-0.0954113458932548,0.361902725498944,0.716600663957494,stable
GTF2F1,-0.0954311766537718,0.216047882655554,0.555759536528092,stable
EHD1,-0.0956227451923216,0.414245653800991,0.761579015199777,stable
PIGC,-0.0956947297183176,0.274997625160438,0.628802689105338,stable
STAM,-0.095709229287582,0.399219154310556,0.749394186469938,stable
ZDHHC24,-0.0957243079888748,0.210272452522389,0.548053402906969,stable
CASK,-0.0958579788508593,0.0574084987965577,0.260200774671532,stable
PCGF1,-0.0958601822738613,0.182765070068193,0.510186296078818,stable
NIPSNAP1,-0.0959737395138489,0.0568264565455963,0.25881479729873,stable
ERCC1,-0.0959923392897791,0.255933097287421,0.605535441094927,stable
CWC15,-0.096011766711699,0.383542590304017,0.735620323696956,stable
CCNY,-0.0960587621123969,0.465044312262999,0.803713570865225,stable
OCEL1,-0.09608756954081,0.263533680339191,0.616071085956449,stable
HN1L,-0.0961147921092032,0.306781932580696,0.662328213328582,stable
WSB2,-0.0962785251234089,0.33191038341171,0.688023151911945,stable
FAM162A,-0.0962900176589894,0.326010403823894,0.681338891493124,stable
SLC7A7,-0.0962921158815562,0.148687244572036,0.45604297785487,stable
RHOG,-0.0964729070405062,0.358636959116867,0.713189879330501,stable
RELA,-0.096580863022917,0.205611973740485,0.541331201163834,stable
TRAPPC4,-0.0966038033190561,0.423331200368827,0.769098216996442,stable
YAP1,-0.0967048217785657,0.460721172683708,0.800434282957028,stable
CCDC43,-0.0967446930043513,0.00859222472210214,0.0715942306824764,stable
UBE2J2,-0.0967492584107464,0.332236805559906,0.68824000096128,stable
ACAT1,-0.0967871889457248,0.441365533445739,0.785449451279766,stable
RNF141,-0.0969360119135893,0.0937249340549912,0.351026757031385,stable
CYP51A1,-0.0972321926106002,0.48391966750662,0.818710620981168,stable
TSG101,-0.0972424980216615,0.494137266328627,0.827658720392297,stable
ATP6V0D1,-0.0973010311142783,0.467382654066958,0.80593674189794,stable
FAM45A,-0.097466735569336,0.190500969908499,0.520535206132492,stable
C4orf27,-0.0975530589392461,0.267070669827207,0.620593312537761,stable
ATP13A1,-0.0975829431247765,0.0941525460369609,0.351766066059401,stable
HEXB,-0.0976295912142752,0.219279155597951,0.560076938874446,stable
RSF1,-0.0979068708560684,0.405443446146099,0.755632584958247,stable
MACROD1,-0.0979457440600708,0.114345353620512,0.393552594727028,stable
PRPSAP2,-0.0979697197988548,0.147012274445194,0.452974920089294,stable
FAM89B,-0.0980269504851337,0.0670332322378895,0.286508472334252,stable
TFAM,-0.0980650049395566,0.287962351816049,0.642678595503037,stable
NHSL3,-0.0981981461217165,0.343775422862581,0.700151744263944,stable
PTDSS1,-0.0983160723123788,0.374128511143484,0.728124012134684,stable
FBXO8,-0.0984108493118962,0.113569073411602,0.39183413869134,stable
TRPT1,-0.0984665639205973,0.129796578978662,0.420969323808745,stable
FBLN5,-0.0984910023032182,0.51845984137031,0.844457441826872,stable
ZMPSTE24,-0.0984999835827374,0.316256840960804,0.670980991672272,stable
MARCHF5,-0.0985116193448369,0.152707340951263,0.462855079540847,stable
YIF1B,-0.0986620420149953,0.259484224640817,0.611162844317792,stable
NUDT21,-0.0986944088633106,0.208484118551166,0.544786204610827,stable
EMB,-0.0987681143000893,0.223900087630059,0.56605864414102,stable
CLPX,-0.0988465835860324,0.264384163704866,0.617428373738069,stable
SULT1A2,-0.0989111980879737,0.226390821196631,0.569424156030373,stable
OBFC1,-0.098927153927623,0.411577812989813,0.759415424299995,stable
C1GALT1C1,-0.098942988704588,0.31064524404427,0.666025642789873,stable
MAPKAPK3,-0.0989779267986437,0.0751882253482983,0.309045348573503,stable
SLC10A3,-0.0989856356791713,0.1300329132714,0.421512153760167,stable
PICSAR,-0.0991155153020042,0.0876395105853271,0.336043092031066,stable
CHCHD6,-0.099134948887754,0.442313372479758,0.785662023872229,stable
HLA-DPA1,-0.0992331705479629,0.111696809409588,0.389326298150804,stable
CRY1,-0.0994663421597994,0.00328151895157884,0.0353610716741912,stable
EIF2A,-0.0994916441347833,0.289803781678941,0.644294046788695,stable
MCTS1,-0.0995825679584813,0.288039928390314,0.642678595503037,stable
SYF2,-0.0996597906759383,0.507855069051979,0.837120311297839,stable
GUCD1,-0.0996645410876619,0.271961410845191,0.625485660615543,stable
HLA-DQB1,-0.0998469705487135,0.135830770125185,0.432305787535289,stable
PARP4,-0.100088132416125,0.34860117049671,0.703203791185963,stable
C11orf83,-0.100109040304368,0.27704606939279,0.630536427528852,stable
UTP6,-0.10012005228645,0.133197348214507,0.428362111174464,stable
NOSIP,-0.100136774571748,0.412670352332978,0.760280732306853,stable
C11orf98,-0.100418025136015,0.00179372783191783,0.0224427113790825,stable
PBDC1,-0.100424288770575,0.159922699740608,0.4732256309923,stable
SLC25A23,-0.100434527870277,0.221602069523633,0.562939255581234,stable
CTSS,-0.100443888055795,0.160903213228843,0.474506604581834,stable
MAGEF1,-0.100531300857427,0.358007684931357,0.71228850230392,stable
UBE2G1,-0.100568990657183,0.160946994820197,0.474506604581834,stable
FAM204A,-0.100672446764375,0.381861310387964,0.735009080896161,stable
RRP36,-0.100699396188265,0.0574800637357153,0.2603320856263,stable
TIMM23,-0.100743643750689,0.240850510621873,0.587606016416124,stable
FAM107B,-0.100816700472966,0.69776124153197,0.955934463417059,stable
C18orf32,-0.100851150491028,0.417553629815985,0.765014324171253,stable
MCUR1,-0.10102606470491,0.321692566682323,0.677720069580099,stable
ERP44,-0.101437114617853,0.460063682094632,0.800008609554285,stable
TAF11,-0.101574697567409,0.221808204460888,0.563228809997902,stable
C10orf67-AS1,-0.101645415479378,0.0500250808042743,0.238083196062677,stable
TSR3,-0.101730206125752,0.286536379290874,0.640801445380836,stable
BNIP3L,-0.101821161334417,0.524249829137694,0.847643467892399,stable
RDX,-0.101898767621403,0.688914525513532,0.950886228047592,stable
MUC15,-0.102004368660273,0.14899254527281,0.45634800135676,stable
PARP3,-0.10219084681889,0.135754675933664,0.432305787535289,stable
OTUB1,-0.102216121331016,0.495101494648593,0.827923484348071,stable
RUVBL1,-0.102329194401719,0.033540560246556,0.186363549297227,stable
DGCR6L,-0.102346984691407,0.0788759044622637,0.317622493678583,stable
PRSS8,-0.102388631481151,0.704793983032337,0.958118510741468,stable
COA6,-0.102431151303339,0.310151228654034,0.665699760973654,stable
TMEM120A,-0.102475125673602,0.173127398263436,0.493657409930544,stable
AHCYL1,-0.102565903310863,0.592496005169981,0.898413190653729,stable
C7orf55,-0.102603894429483,0.299953651649136,0.655645539342594,stable
PSMA6,-0.102618570354401,0.467819025501002,0.806173566871624,stable
IMPDH2,-0.10264200621948,0.430259452374019,0.774329273424852,stable
CHTOP,-0.10266329160129,0.368949412274496,0.724539125977594,stable
SMIM7,-0.102771996415365,0.523354779618728,0.847263788021673,stable
TRIP6,-0.102818493289043,0.464673663916666,0.803646132953781,stable
C6orf48,-0.102896700768645,0.459572676399952,0.799800385311265,stable
EBNA1BP2,-0.102908885848666,0.30947353804371,0.664617802010948,stable
TPRA1,-0.102916816132508,0.348999755789916,0.703637220305999,stable
SH3YL1,-0.103254966386368,0.470326515462911,0.807708812168955,stable
FIBP,-0.103287510689735,0.25498193300724,0.604714381179431,stable
BABAM1,-0.10329911919262,0.25294837395742,0.602431138079018,stable
B3GALNT1,-0.103350195641138,0.173966692205835,0.495126622939261,stable
LLPH,-0.103440584208665,0.190026827055321,0.520127168366378,stable
RABL6,-0.103493073886476,0.303214528672448,0.658816990575615,stable
ACTR3,-0.10358618467721,0.456400780988696,0.797233944956533,stable
SYNPO,-0.103613656925293,0.55105723003432,0.868840910607446,stable
RAB8A,-0.103620525417926,0.0620288058673296,0.272748245655481,stable
FAM167A,-0.103743163105874,0.277847904897099,0.6310744047697,stable
PALS1,-0.103762990614686,0.480847240631071,0.816214766748375,stable
HEBP2,-0.10379635789308,0.455519199467317,0.796604677294489,stable
SSU72,-0.103968004216581,0.599018105495219,0.902439896669159,stable
FGGY,-0.104076270369098,0.169793936707391,0.48859724159867,stable
DNAJA1,-0.104254408616403,0.660889507309423,0.939615049491405,stable
PYCARD,-0.10431090212954,0.184079156524258,0.511390763955753,stable
CCDC115,-0.104606874966992,0.282041286829641,0.636374512682752,stable
IK,-0.104642238509757,0.401276435018167,0.751485196090995,stable
GCSH,-0.104716680077847,0.237206601800061,0.582951014120301,stable
STXBP2,-0.104750641172027,0.335398532205236,0.691957676750008,stable
MMP28,-0.104755198680844,0.192499935728892,0.524430402128366,stable
TMTC3,-0.104906320025333,0.126893479680402,0.417086823235609,stable
SH3KBP1,-0.105473520997942,0.197578566226097,0.530580051306636,stable
LACTB2,-0.105496384798653,0.382086186062281,0.735009080896161,stable
SDF2,-0.105514898559745,0.26557608615645,0.618949478015062,stable
VCF2,-0.105587978941189,0.0438527319045583,0.219425212771723,stable
DDX49,-0.105660565514133,0.0786396846248198,0.317362662546648,stable
PPM1G,-0.105663955952865,0.463063919544064,0.802565341345049,stable
EIF5,-0.105681480574938,0.579666876386175,0.888953443350219,stable
WBP4,-0.105689893485049,0.215784691723077,0.555299699343343,stable
YPEL3,-0.105875816552283,0.52637283386945,0.849095106179065,stable
PIGX,-0.105955896739487,0.0890393227747118,0.33970558102312,stable
FAM213A,-0.106161330415612,0.0584197536132891,0.262835137345913,stable
PEPD,-0.106187287659512,0.266820014452557,0.620195447170195,stable
DNASE2,-0.106367561129335,0.443185147749892,0.785662023872229,stable
GGCT,-0.106669427192372,0.18599870607369,0.513354748937636,stable
VEPH1,-0.106724878035596,0.585814521699757,0.893031719225164,stable
THAP5,-0.106730806033878,0.0296937945408808,0.170973596075237,stable
POLE4,-0.106903965905568,0.219465850355163,0.560377988035414,stable
ERI3,-0.106915124889362,0.229640738890912,0.57382019464483,stable
ZDHHC2,-0.107181220950104,0.116603189444202,0.397027990995532,stable
SPTLC1,-0.107206751379627,0.0606162421170252,0.269413394900365,stable
LEPROTL1,-0.107231007526454,0.322764985675291,0.678123053719619,stable
ACP1,-0.107289498787787,0.472462786134669,0.809383595592655,stable
CTDSP2,-0.107378825109045,0.399208064597911,0.749394186469938,stable
UBL7,-0.107473301781622,0.181975371549111,0.508798477085164,stable
HNMT,-0.107619033023556,0.118433555735057,0.400700743234246,stable
TFRC,-0.107645479839253,0.15874113337547,0.471899711668714,stable
SERINC2,-0.108203665390922,0.465208105806135,0.803774400759604,stable
DDAH2,-0.108209255087583,0.366472081802716,0.721497980037295,stable
AHCY,-0.108258828768061,0.000601263912700365,0.00937480876128732,stable
ARHGAP24,-0.108347286189829,0.415132784260137,0.762292797776162,stable
VAPA,-0.108489973153124,0.666088991322211,0.941781506312191,stable
RALA,-0.108703324083224,0.439801026177322,0.784378135977762,stable
CEBPZ-AS1,-0.108821488632834,0.279438121559031,0.63326874266548,stable
CD58,-0.108856857482854,0.153136011567559,0.463486404836713,stable
RBMX2,-0.108961673254258,0.0376535789831882,0.200374275103728,stable
AK2,-0.109014160899842,0.370069577660812,0.725073011271961,stable
SESN3,-0.109185524338796,0.103990683367651,0.372543773628782,stable
ATXN10,-0.109219273621953,0.414677529495908,0.762143755910086,stable
NXT1,-0.10941907859754,0.100561273325115,0.366040695261313,stable
LRRC47,-0.109817274904444,0.114733338217398,0.393735336288327,stable
ARV1,-0.109927230017447,0.154074541101958,0.465350635094885,stable
CMTM6,-0.109979367307067,0.354075645574825,0.709079405554827,stable
NINJ2,-0.109995945856609,0.282449621259893,0.636670508995192,stable
WAC-AS1,-0.110027781462166,0.0786703518816909,0.317381644026993,stable
C15orf38,-0.110100473383355,0.00166577834287139,0.0212551925503756,stable
POLR2G,-0.110167806463351,0.30611682765704,0.661488394688651,stable
FRMD3,-0.11019353416929,0.0275283189086784,0.162641938298542,stable
RNF114,-0.110303246790938,0.326760657423592,0.682147264096991,stable
ATP1A1,-0.110407236947255,0.594225329285281,0.899408552845422,stable
GLB1,-0.110646718046126,0.128319915039222,0.419182961368106,stable
CMIP,-0.110716279889422,0.00294875421602644,0.0325321042750065,stable
DARS1,-0.111019314077803,0.134036946699342,0.429931156245803,stable
TXNDC12,-0.11110714342949,0.0396942380473272,0.207303705941323,stable
BSCL2,-0.111164389478717,0.0502803739255009,0.238501995840658,stable
GCA,-0.111393917482057,0.190570805552128,0.520567045155131,stable
ATL3,-0.11146196082678,0.408707436248657,0.757983083646897,stable
SNRPD1,-0.111500679571362,0.402331815018478,0.75235481200075,stable
SELT,-0.111579301052424,0.299164972748489,0.654671075345064,stable
GPATCH4,-0.111693981352555,0.0178352526551653,0.120252690820045,stable
UBTD1,-0.11174873664598,0.520461635339063,0.845352515331479,stable
COPS2,-0.111763360286424,0.267453284417918,0.620841046092789,stable
NHERF2,-0.111795407922622,0.262261412494662,0.614389326626055,stable
FKBP1B,-0.11181000807145,0.113290881090981,0.391205573575186,stable
APBB1,-0.111950266030569,0.230583430371559,0.575235072012641,stable
NDUFA8,-0.112105662341406,0.341589650459343,0.698142766630163,stable
BLOC1S2,-0.112147838552086,0.112462076028216,0.389996146771323,stable
AJUBA,-0.112393781547695,0.130502641659415,0.422474653507596,stable
NUTF2,-0.112401475044326,0.426374139334988,0.771618125975342,stable
MIF4GD,-0.112534803047003,0.139096380030576,0.437999523311118,stable
RANGRF,-0.112586523674455,0.144748231003573,0.448176893563242,stable
THYN1,-0.112943773472169,0.193135521338979,0.525459295091849,stable
SELM,-0.113050730561654,0.266742338520413,0.620195447170195,stable
TCP1,-0.113170329921602,0.293065764903653,0.647701303594694,stable
ACTR1A,-0.11320711444073,0.513628614334381,0.841183839981708,stable
SLC52A2,-0.11320875257114,0.250624763917881,0.600360006688649,stable
MTRFR,-0.113329777151065,0.0951158992568192,0.35340326824175,stable
VMA21,-0.113496332038526,0.0820566940314367,0.32423925108586,stable
BBLN,-0.113610596126947,0.221590114206739,0.562939255581234,stable
SS18L2,-0.113755156590883,0.137650709675689,0.435016100071256,stable
STARD3NL,-0.113814619345158,0.226230459643866,0.569311416532867,stable
EIF4EBP1,-0.113941185285846,0.0910070688351751,0.34433780935572,stable
GPX3,-0.113993553053912,0.0376685278295458,0.200374275103728,stable
CAB39,-0.114012222944138,0.41276653598482,0.760280732306853,stable
POLD4,-0.114036260054116,0.20146978494593,0.537040972249102,stable
ACSL3,-0.11433449279165,0.470842366037245,0.807913683666379,stable
POP4,-0.114377057515612,0.138350654610878,0.436438297280871,stable
ZDHHC16,-0.114501026999439,0.34408463594203,0.700548066248398,stable
MBD2,-0.114729811947371,0.128886709490783,0.419779289971754,stable
IRAK1,-0.114769324912266,0.0973065006487911,0.358454265901903,stable
MED19,-0.114769945918932,0.0527757994074965,0.246421456057004,stable
SMYD2,-0.114835888530791,0.288457152939856,0.642812924362568,stable
USE1,-0.11483846545424,0.0573954893107238,0.260200774671532,stable
UQCRC2,-0.115028425735294,0.372323684195004,0.727097054837387,stable
SEC13,-0.115166302391323,0.414111328713438,0.761474745491829,stable
JUND,-0.115209174637956,0.653805945887486,0.935517251846966,stable
SMIM14,-0.11522685051933,0.364160752500626,0.719260145187857,stable
LYRM2,-0.115411283218528,0.142250684236166,0.444383430642192,stable
FAM134A,-0.115457550209243,0.140163452410391,0.440157522788968,stable
RETSAT,-0.11548168486285,0.418649780859643,0.765339167003518,stable
DBNDD2,-0.115552314686381,0.0523227396708674,0.244796871916591,stable
ZFAND2A,-0.115569714888719,0.0283498766752019,0.165971691799649,stable
IRS2,-0.115671585210607,0.187767497077639,0.516645888514983,stable
SAR1B,-0.11580439974087,0.344613701726099,0.701041419520691,stable
UROS,-0.116046894702824,0.118981422396091,0.401221767550293,stable
RAB34,-0.116049210244269,0.0659660168078247,0.283765869946383,stable
PPP1R11,-0.116389398689562,0.304028927510348,0.659490086807147,stable
HPRT1,-0.116400963168473,0.083872769872205,0.327978483339038,stable
TMEM97,-0.11655449327629,0.0164435354844357,0.112898295534006,stable
NT5C,-0.116704992773178,0.291421865450636,0.645936696875536,stable
CCT7,-0.117036121836311,0.368796329980717,0.724539125977594,stable
CHPT1,-0.117093344534385,0.39843001193685,0.748703130958568,stable
OCLN,-0.117128628465302,0.495247236053988,0.828053920602373,stable
CENPB,-0.11718479886313,0.0448304366306214,0.221991800571041,stable
PSMF1,-0.117199186959006,0.336245630524264,0.693014093328039,stable
PAFAH1B3,-0.117289962209451,0.0239268440031798,0.147494574430091,stable
FBXO2,-0.117324255380522,0.0550309527341888,0.253084411671454,stable
EPN1,-0.11752652988271,0.352056333303983,0.707469442431019,stable
DCXR,-0.117567464700155,0.545528737329561,0.865707293926594,stable
CRELD1,-0.117630750471589,0.157990893930654,0.470504436840369,stable
SNRPB2,-0.117864207997912,0.440312398394,0.784651170717216,stable
MVK,-0.117895365096701,0.0890251615146725,0.33970558102312,stable
PSMB7,-0.117943727958923,0.416363747514619,0.763979352989897,stable
IDH3B,-0.117958600389129,0.112823188339656,0.390694236335399,stable
LAMTOR3,-0.118231993036349,0.280145419654205,0.634241929818417,stable
MANF,-0.118494466234906,0.233920656756268,0.579282276396552,stable
SCNM1,-0.118551345231179,0.121874776774616,0.406937249738569,stable
MAPK13,-0.118601552952949,0.235406919298465,0.580515267602266,stable
PHF5A,-0.118606357648536,0.171184446828013,0.49075015901164,stable
BOD1,-0.118677592525351,0.0746707109395904,0.30753866931454,stable
SLC35A4,-0.118690259143514,0.156886585716622,0.469714173670811,stable
SRSF9,-0.118799257141222,0.369258523215377,0.724539125977594,stable
TMEM9,-0.119250985236674,0.456328410990901,0.797233944956533,stable
TRAPPC6A,-0.119376110161718,0.206748278830029,0.542312791772031,stable
POR,-0.11938597657289,0.378324953298176,0.731631740091267,stable
C22orf39,-0.119561981115327,0.154649183380534,0.46596786237211,stable
TRIAP1,-0.119588535922683,0.0557047899068609,0.255295771211222,stable
RANBP1,-0.119635808036256,0.307962630220058,0.663202884887234,stable
CFAP68,-0.11964407271145,0.0273863679317326,0.161881509476547,stable
ADAM15,-0.119675149119417,0.053886294116684,0.249835263812474,stable
SERPINB1,-0.119676943500336,0.59105353555629,0.897074549123428,stable
C9orf89,-0.1198119742821,0.180475461873139,0.506867878221128,stable
ENOPH1,-0.119929886075992,0.13871869536932,0.437226272415979,stable
ACTR10,-0.119938671024915,0.405904275389673,0.75578846171226,stable
LRPAP1,-0.120009515643836,0.403343020684122,0.753432928612884,stable
EAPP,-0.120182784033475,0.303465656112851,0.658892394373621,stable
TCEAL4,-0.120240942986375,0.463015796761923,0.802565341345049,stable
SAMM50,-0.120243503007543,0.0522911666491652,0.244796871916591,stable
ANKRD37,-0.12027791401321,0.240843877448226,0.587606016416124,stable
TLN1,-0.120391456720486,0.302045486141367,0.657912334745557,stable
LMO3,-0.12046527358439,0.442948781510881,0.785662023872229,stable
RBM42,-0.12052956705409,0.251542983037839,0.601040394611447,stable
FAM32A,-0.120749906023907,0.281021256109682,0.635047521802845,stable
FAM3B,-0.120769330701298,0.0889457720656663,0.339560623900907,stable
FUOM,-0.120953409060105,0.0229874671629822,0.143806959365555,stable
MOB2,-0.120990759132795,0.0523677863270521,0.244796871916591,stable
PPP1CC,-0.121119094474842,0.276763410329132,0.630127757098773,stable
ST3GAL4,-0.121136378119822,0.181963678268179,0.508798477085164,stable
BTF3L4,-0.121156040227597,0.247423983247271,0.595727943906763,stable
NBR1,-0.121305864582615,0.180481641538293,0.506867878221128,stable
CEBPG,-0.121439694941173,0.178219848914887,0.503596725181594,stable
PDHB,-0.121473484789013,0.240915143690771,0.587606016416124,stable
TRIM47,-0.121475258391665,0.0551520916857333,0.253364065638734,stable
RBMX,-0.121868493002854,0.428299762951742,0.77255469756317,stable
HM13,-0.122000366808248,0.445357225705468,0.786598284499876,stable
MTPN,-0.122114670844419,0.274309193777551,0.628284726388755,stable
ERGIC1,-0.122157055348342,0.575841483600826,0.885865378245217,stable
NSA2,-0.12234008463822,0.39181593531845,0.742992142311045,stable
UBL3,-0.122588525357089,0.26327619297961,0.615940322101963,stable
RRAGC,-0.12267075131754,0.158686163444251,0.471851048879232,stable
SCD,-0.12274020281629,0.170916797728326,0.490104904603692,stable
SHISA5,-0.122873959734648,0.199362053658837,0.533494252172861,stable
TRAPPC5,-0.122876576887589,0.209232617342029,0.546041740902853,stable
IFT25,-0.123019456750274,0.129525495380586,0.420313155171829,stable
ABHD17C,-0.12325242756802,0.0979439132207014,0.359755527406807,stable
MAP1LC3A,-0.123305408622168,0.575236472152227,0.885491831707445,stable
DUT,-0.123339469877958,0.495929632559712,0.828514941698772,stable
MMADHC,-0.123553862049989,0.348788371743359,0.703446470250919,stable
HNRNPH2,-0.123591714105166,0.224730263897419,0.567465966924612,stable
BCL2L1,-0.123713749193142,0.0270517486048402,0.160446664214248,stable
STARD10,-0.123825384700322,0.178543164386832,0.503850473246435,stable
LRP10,-0.123930836991744,0.475028536176818,0.81225624164594,stable
CCT2,-0.123940693753381,0.129959506650923,0.421385944111642,stable
TIMMDC1,-0.124014693580798,0.277765807398145,0.6310744047697,stable
LSM6,-0.124023063424146,0.0808878871958938,0.321783833784612,stable
CRYL1,-0.124038669391256,0.0133398053297461,0.0972366012825379,stable
FAM120AOS,-0.124068080320053,0.0486742486122409,0.234249612218911,stable
C3,-0.124103492956202,0.324010717628211,0.679256428996704,stable
C12orf44,-0.124313535225889,0.280441173120246,0.634483231579103,stable
ZFAND6,-0.124524056371825,0.284621630345655,0.639005814052585,stable
UBE2A,-0.12462419925781,0.429586655283152,0.773961135893709,stable
ALKBH5,-0.124852143885053,0.121124149974994,0.405265797725244,stable
CALU,-0.125000593824099,0.260247432446136,0.612134811279885,stable
SREK1IP1,-0.125376399577307,0.314148877773986,0.668900171034524,stable
FAM96A,-0.125612966462743,0.181885427245524,0.508798477085164,stable
NUDT16L1,-0.125661303657663,0.076530569646598,0.312238955786847,stable
MAP3K13,-0.125724711593392,0.283646601063401,0.638274188019152,stable
PTPMT1,-0.12577579794305,0.180999471809678,0.507695627214664,stable
PRDX4,-0.125986049889181,0.251662021733284,0.601052826827606,stable
WASF2,-0.126091458519325,0.444755933250854,0.786581603696762,stable
NR2F6,-0.126138072109234,0.288172153247971,0.642695931637145,stable
SGTA,-0.126268333529025,0.0936923716581797,0.351026757031385,stable
PQBP1,-0.126317170865239,0.143976761144388,0.446793842021375,stable
SNRNP35,-0.126333804103506,0.203264031368496,0.538834423708619,stable
ATP1B3,-0.126480849949138,0.555499650272481,0.87275580750736,stable
SUCLG2,-0.126518257827558,0.133967515357555,0.429859357485023,stable
FKBP9,-0.126587836309328,0.282145429008207,0.636374512682752,stable
SRP68,-0.126608489981684,0.152603654017768,0.462770296877498,stable
PDZD11,-0.126623781538388,0.0834970830969619,0.327504454336205,stable
YTHDF2,-0.126634119988516,0.291304420563467,0.645936696875536,stable
SMAD9,-0.126736385569451,0.0852932307003138,0.330672241761513,stable
C16orf89,-0.126740823887936,0.110224170977552,0.386179497285638,stable
NSDHL,-0.126812467884717,0.00927387605523558,0.0754752735680424,stable
THAP4,-0.126899546855256,0.0648466275156994,0.281090125202615,stable
GSTA4,-0.12712700292614,0.289837447913206,0.644294046788695,stable
NDUFV3,-0.127291692922126,0.24436621944218,0.592332474015707,stable
TGFB1I1,-0.127308960860798,0.0411614740627781,0.211855940607747,stable
ZDHHC4,-0.12733636898326,0.165219390687505,0.480070316638591,stable
TSEN34,-0.127421094902313,0.140929956485628,0.441611840061604,stable
MAF1,-0.127677416232619,0.29349459055226,0.647915729131534,stable
RSL1D1,-0.127724590795362,0.261652506944669,0.614083735612093,stable
ORMDL3,-0.127774150490472,0.199279749099656,0.533494252172861,stable
SURF2,-0.127855244366962,0.0698507417712821,0.294702589340266,stable
B3GNT1,-0.127899752937736,0.01975222831624,0.129187393760149,stable
CDKN1C,-0.127918946843408,0.115299568630038,0.394354204514153,stable
TIPARP,-0.128281977379829,0.100766379000692,0.366458166252322,stable
EIF3M,-0.128388149048316,0.233796154528715,0.579230683615528,stable
ELOF1,-0.128509381829714,0.16124014585341,0.474519016433844,stable
CPNE3,-0.128535045018643,0.375884329956394,0.729944405297017,stable
DCTN2,-0.128780088865866,0.454770293288205,0.795864289929136,stable
GARS1,-0.128896819089431,0.155398014585132,0.467187734945561,stable
ZNF524,-0.128953390675004,0.067894332516867,0.28919958073537,stable
TSPAN31,-0.129358975534806,0.136352809537512,0.432819881560053,stable
SQLE,-0.129407578593621,0.262592078409199,0.614716463384426,stable
PSMD3,-0.129438138751094,0.280709982191162,0.63473896084069,stable
ECHDC3,-0.129627373116807,0.107265265432168,0.379401216621188,stable
DTX4,-0.129757431311202,0.202597833911542,0.537797159985817,stable
PTS,-0.129837756514656,0.102907827213451,0.370807752371878,stable
FBL,-0.13001454943567,0.0901546206403729,0.342464289219366,stable
PXMP2,-0.130060165488085,0.0159243612293999,0.110531653756815,stable
NUCB2,-0.130131920695875,0.166811482024461,0.483484160760535,stable
SWI5,-0.130273169690295,0.0280418242995933,0.164562294881531,stable
NSMCE1,-0.13042487599724,0.019869495687586,0.129676836777924,stable
BMPR2,-0.130610910821472,0.333571943016695,0.689946435099168,stable
ATP1B1,-0.130772264896582,0.530372997539241,0.854016435363191,stable
SNX4,-0.131272654528073,0.17891920803627,0.504248399976207,stable
CEACAM5,-0.13158620460492,0.0590167137538659,0.264306991596929,stable
MBOAT7,-0.131693934693603,0.0672861779683302,0.287388623160332,stable
CACYBP,-0.131864807122995,0.371783645762822,0.72668424781016,stable
FAIM,-0.131921072559507,0.0470600771743613,0.229449590900365,stable
HDDC2,-0.131960371865768,0.0408624935449713,0.211206393697137,stable
RAB14,-0.131990953465932,0.550133717665356,0.868168676057489,stable
PIGT,-0.132138957984869,0.192824780936299,0.524847499925478,stable
NDUFA9,-0.132153252435209,0.105644780639846,0.375735175601245,stable
GIPC1,-0.132293700110319,0.504882457299699,0.835252829615851,stable
MALSU1,-0.13235719243047,0.225647826300236,0.568560013712063,stable
MVD,-0.132459613347997,0.172830449345815,0.493040703104607,stable
POP7,-0.132702076797599,0.0142010827185772,0.101473428647356,stable
UBE2L3,-0.132970731190463,0.364855544279914,0.720037660594908,stable
DTD1,-0.133223227724045,0.0606319974531415,0.269413394900365,stable
PTPN11,-0.133376645323177,0.183008934061705,0.510186296078818,stable
MKKS,-0.133413838100949,0.0693025619703729,0.292975415081632,stable
ARF4,-0.13353398354897,0.403744242950763,0.753933757903937,stable
FAM129B,-0.133772569894024,0.438676194975823,0.783171871970858,stable
ETFA,-0.134111550294574,0.115907785588401,0.395659528353145,stable
PCMT1,-0.134290309751549,0.356147126896489,0.710898510643808,stable
GLRX5,-0.134293019864565,0.0801070344648112,0.320009277548318,stable
PSMD6,-0.134624288551466,0.24663533584454,0.59464898330644,stable
COA5,-0.134722261357227,0.13180929093357,0.425352896613505,stable
ACTR2,-0.134846209773844,0.280230747950693,0.634241929818417,stable
NCOA4,-0.134930925172598,0.201822928184441,0.537040972249102,stable
PCYOX1,-0.134936697463262,0.531388350317925,0.854232354385354,stable
CSRP1,-0.13502818638871,0.338815025149926,0.69464009838295,stable
SRD5A3,-0.135481243820003,0.0127617489214565,0.0941458170282946,stable
HTATSF1,-0.135662731268394,0.0367177167501831,0.197291151452412,stable
DKK3,-0.135703174839227,0.0943365974690256,0.352220698674822,stable
C6orf1,-0.135819774132191,0.226751195741603,0.56993649951832,stable
SPSB2,-0.136041287180767,0.128361830232335,0.419207858071083,stable
CCND2,-0.136187980664231,0.294932146614256,0.649010001838464,stable
CDKN1B,-0.136308088645846,0.123221941632682,0.409645095055183,stable
STIP1,-0.136334510742927,0.169483884286637,0.48793476248701,stable
TBCB,-0.136403352210144,0.322146011389885,0.677916467699923,stable
TMEM126A,-0.136491214002409,0.0714018380824838,0.299012013950079,stable
GNG10,-0.136627365312632,0.0500738603560764,0.238083196062677,stable
STX8,-0.136638454941014,0.084704467153549,0.3296489673623,stable
CCDC85B,-0.136849008726367,0.0699975445781233,0.294950012038255,stable
LAPTM4B,-0.136882892714894,0.29672076912487,0.651170217347596,stable
PSMC1,-0.137364527018736,0.313410706661709,0.668143090030125,stable
GALNT1,-0.137368511894299,0.14251640903195,0.44476591803986,stable
YPEL5,-0.137825963587594,0.272730695729802,0.625959448854881,stable
IARS2,-0.138023152714199,0.191547078104817,0.522537894541948,stable
JAK1,-0.13812400901512,0.236760351400117,0.582208516498699,stable
MGAT4B,-0.13846185027837,0.335347742300661,0.691957676750008,stable
VIM,-0.138610088135079,0.400934142005058,0.751390169992175,stable
ARL3,-0.138870582489877,0.133113614374374,0.428318194817676,stable
LSM1,-0.139336740743469,0.114605351045625,0.393735336288327,stable
EMG1,-0.139343254904636,0.0480716691347858,0.232364037917646,stable
APEH,-0.139553079812619,0.0723934049618292,0.302232575906216,stable
FLYWCH2,-0.139736314192078,0.033640513410232,0.186749153463522,stable
GLTSCR2,-0.139830402829594,0.345005470543547,0.701151382348883,stable
GRHPR,-0.139905341536691,0.292655023704528,0.647021589696703,stable
EEF1E1,-0.14024873941174,0.0348618162024337,0.190692749646042,stable
PPP1CB,-0.14074817712533,0.223776923639824,0.565994023292616,stable
RILP,-0.140920845135586,0.160762859848902,0.474333864058165,stable
POP5,-0.141009732230889,0.158984680634085,0.47247031129132,stable
GLRX,-0.141029995444449,0.155165954138328,0.466893597442406,stable
ESYT1,-0.141066267687014,0.0332017826173042,0.185070036805256,stable
NELFE,-0.141207039315501,0.197773914609851,0.530871394859644,stable
WDR1,-0.141283931710339,0.280928281444604,0.634997653916205,stable
ALDH2,-0.141468479891854,0.321330503235382,0.677534690948566,stable
TTC1,-0.141486151399846,0.0950707966678932,0.353343088619132,stable
EIF3I,-0.141534186189484,0.265791497474507,0.619099707532084,stable
RAB11B,-0.141943200600484,0.341786198770242,0.698310963357419,stable
ANKRD1,-0.141989778767526,0.274951295661991,0.628802689105338,stable
VPS26A,-0.142045627236403,0.162509542183995,0.476382888167182,stable
CCT6A,-0.142448644163559,0.365749822486714,0.720977999029435,stable
CXADR,-0.142513958675905,0.421370599476331,0.767521115779865,stable
RAB27A,-0.142789239638664,0.0864208593427543,0.333672957866655,stable
EMC8,-0.142822432925221,0.0456087672309213,0.224535469444536,stable
MAGED1,-0.142842234462419,0.189421261895692,0.51940006850896,stable
ATP6V1D,-0.14310938005594,0.244493669095432,0.592447822433338,stable
TMEM183A,-0.143123794098593,0.0354943490616463,0.192922814461941,stable
HLA-DRA,-0.14313660165658,0.0804473863036981,0.320949363634597,stable
PFDN6,-0.14357461110877,0.161859477691299,0.475389297284585,stable
NFU1,-0.143657069964158,0.038900564605031,0.204351228393814,stable
PPP2R5A,-0.143692755204459,0.205808783753955,0.541550439183379,stable
MED31,-0.143867595404838,0.0384602200805554,0.203434759958767,stable
RNASEH2C,-0.144303984850319,0.139638563862395,0.43936725988518,stable
HPCAL1,-0.144438444710893,0.541709377553752,0.862670066599408,stable
COPRS,-0.144579687293268,0.084431576152207,0.328901079313122,stable
PSMG4,-0.144732762272298,0.06509639418764,0.28147800585416,stable
IGBP1,-0.144822079607697,0.056753270317674,0.258766123223889,stable
GOLGA7,-0.14488838871397,0.0854086151650791,0.330861008431175,stable
STAU1,-0.144936111061069,0.247017292013331,0.595335050782917,stable
KDELR2,-0.144951530403218,0.404318417014531,0.754447920864849,stable
SLC35B1,-0.145272233528261,0.0801760559079899,0.320180368317304,stable
NDUFAF4,-0.145298795987344,0.059647611987392,0.266356712904589,stable
MAOA,-0.145308531924556,0.256154931763353,0.605767541018186,stable
BAG3,-0.145378042288272,0.0835990390401525,0.327641761214115,stable
ARPC2,-0.145666970649965,0.524581011295416,0.847767553301461,stable
C10orf54,-0.145846879128092,0.362110790352212,0.716600663957494,stable
CCT8,-0.146255172252049,0.165220535184764,0.480070316638591,stable
TSN,-0.146348270452873,0.0198083805259576,0.129416164376967,stable
GTF2B,-0.146390557725005,0.0431625829046668,0.21751251791991,stable
TMEM134,-0.146498586432542,0.162009445651701,0.47571546088071,stable
MMAB,-0.147029891045955,0.159503046532204,0.473113058373209,stable
MEA1,-0.147165147735321,0.149192561437902,0.456681067704018,stable
ECI1,-0.147177105352527,0.125685522147236,0.414230202946296,stable
SPG21,-0.147193961870519,0.0303743160720078,0.173583749258636,stable
MANBAL,-0.147273300064182,0.094119392643656,0.351766066059401,stable
KIF9,-0.147364386352377,0.0290493407225733,0.168533052203482,stable
RHOQ,-0.147433798567561,0.0618549085404206,0.272081468873013,stable
LINC00657,-0.147494888909926,0.391037625739864,0.74212761016055,stable
SDHAF2,-0.147527548122403,0.00856019542357776,0.0714752929356656,stable
ALDH6A1,-0.147609718887275,0.00520550705575461,0.0495668141913433,stable
NUBP2,-0.147629168491436,0.103180841763252,0.371294831171537,stable
ABT1,-0.147660268889892,0.0209096026466948,0.134567197978117,stable
VCP,-0.14794045581203,0.0133919763962,0.0973902850697972,stable
ATF1,-0.147979539632164,0.0306262830987409,0.174534118694177,stable
UBE2M,-0.147984507744704,0.10512838450578,0.374716168336652,stable
CBX1,-0.148299820555172,0.0982479108343777,0.360288877377459,stable
AP1S1,-0.148509324527033,0.065808438192589,0.283641015296127,stable
ZNHIT3,-0.14855373815595,0.0245106028761583,0.150109022824729,stable
TSPAN12,-0.149142605386469,0.321461635455793,0.677534690948566,stable
ARPC1A,-0.149376614314356,0.277348679331612,0.630872768170753,stable
CYB5R1,-0.14941631949705,0.191634275297084,0.522537894541948,stable
GRPEL1,-0.14949788347399,0.0114820744596292,0.0876721494869607,stable
DBNL,-0.149957277965183,0.11513631789688,0.394126673192793,stable
TOMM5,-0.150225579740586,0.122719241390836,0.40820254531111,stable
S100A13,-0.150355515620538,0.183957599655077,0.511267522431945,stable
BNIP3,-0.150395986443065,0.26997675231843,0.622853111642866,stable
HRAS,-0.150445435956678,0.115116358121764,0.394126673192793,stable
CAPN1,-0.150453919640079,0.358067150413742,0.71228850230392,stable
AKR1C2,-0.150593909165232,0.0105979096975808,0.0826266895783837,stable
BZW1,-0.150687136110472,0.31986059129431,0.675738021517628,stable
SGCE,-0.150872355185065,0.379296259392509,0.732698715994631,stable
EPAS1,-0.150904025254155,0.386232579916342,0.737454101121125,stable
TMEM14A,-0.150913665346632,0.119523264493602,0.402382920729769,stable
GDI2,-0.15099431076099,0.335450032102466,0.691957676750008,stable
ATP6AP1,-0.151133713908131,0.371888459437592,0.726772906181474,stable
CDC26,-0.151496676337997,0.0100317502429572,0.079422354255122,stable
TMEM219,-0.151631763027109,0.281444345827031,0.635750463299526,stable
PSMG3,-0.151741645226656,0.00577448511425475,0.0533938470448758,stable
C1orf122,-0.151743336820881,0.0924818443859868,0.348274203873784,stable
RHOB,-0.152011435372004,0.26791222616355,0.620942082317947,stable
EGR1,-0.152042699261666,0.327526183866549,0.682660893366954,stable
UQCC5,-0.152082449594291,0.233335466533199,0.578558365700168,stable
ECE1,-0.152092468256165,0.0190961786752024,0.126658539406226,stable
HEG1,-0.15215855324205,0.143309837213906,0.4461324441368,stable
C6orf211,-0.152415417787404,0.037637195482345,0.200374275103728,stable
TMEM54,-0.15244596405295,0.0414246254909796,0.21285187978215,stable
CAMLG,-0.152573773602281,0.100817965731885,0.366458166252322,stable
WBSCR22,-0.152996226044202,0.0964562212386401,0.35665959692598,stable
AGPAT2,-0.153176938627642,0.341560484448216,0.698142766630163,stable
FH,-0.153285264863335,0.0388206850453733,0.204178401502623,stable
RNF167,-0.153417794299486,0.276166669023114,0.629655244291921,stable
ANAPC15,-0.15372445732838,0.00914959311706697,0.0747444552516164,stable
EIF4E2,-0.153726918937506,0.129167378958069,0.420135825699144,stable
NFIX,-0.153939053731596,0.240381832023374,0.587333103068903,stable
EIF3L,-0.154011676578753,0.201956012724314,0.537040972249102,stable
PSMC5,-0.154090931945736,0.249424315752103,0.599010380305246,stable
EPPK1,-0.154349176586405,0.00520646183096243,0.0495668141913433,stable
LBH,-0.154367733475551,0.165085088102929,0.480070316638591,stable
CRTAP,-0.154843315088787,0.0295624794790539,0.170619333877221,stable
AQP1,-0.154885289975262,0.447091186378222,0.788018881568351,stable
TMEM45B,-0.154951084545939,0.0435841354571293,0.218528495417534,stable
TMEM37,-0.155217802255595,0.0133890449545179,0.0973902850697972,stable
PPAP2A,-0.155319789107644,0.0913622687913938,0.345195897615386,stable
ADH5,-0.155389574798877,0.408034172022644,0.757844884423611,stable
TMEM208,-0.15556016729216,0.337778377408132,0.694021902041912,stable
FKBP3,-0.155579933776315,0.101838051680187,0.368304243709646,stable
TMEM18,-0.155847093144541,0.0763656059143683,0.311892137219258,stable
MED11,-0.155991622894787,0.0545634336977265,0.251881953746604,stable
SZRD1,-0.156541737916356,0.0162099042613435,0.111857789847314,stable
TMEM106C,-0.156767738160184,0.143999133407007,0.446793842021375,stable
COMMD4,-0.156812748912705,0.106444628764289,0.377554014320032,stable
TMEM11,-0.156870335586349,0.119260812680042,0.401831360033305,stable
ARL5A,-0.156900788178605,0.170515874875451,0.489407385413834,stable
ESAM,-0.156935007291626,0.107052503558016,0.378977643641234,stable
SCCPDH,-0.157037179160994,0.040331338053868,0.209524129354221,stable
ORAI1,-0.157098736776818,0.0353081488610859,0.192338151371619,stable
NME1,-0.157230101229257,0.0169722335901737,0.115839521723218,stable
HNRNPA1,-0.157516349085644,0.355368216624928,0.709915153607181,stable
APOPT1,-0.157628460720617,0.050870767084989,0.240558706710602,stable
C1orf116,-0.15781569121423,0.443461965161601,0.785748523283869,stable
SOD3,-0.15803292180487,0.345985460457432,0.70118385253574,stable
CD164,-0.158300810815881,0.404058590117444,0.754078199327577,stable
AKR1A1,-0.158393939868242,0.207532112191639,0.543460269800899,stable
PNPLA2,-0.158476762257786,0.40563326427487,0.755632584958247,stable
LETMD1,-0.158543934441765,0.0285741301363925,0.166679094605508,stable
ACOT13,-0.15914418039947,0.107888193388445,0.380393791745125,stable
MVP,-0.15919101983964,0.315725477531023,0.670380379740965,stable
SNX24,-0.159479321942965,0.14020757009482,0.440157522788968,stable
BCL7C,-0.159587578137495,0.0340184642351461,0.187823715813201,stable
IFIT3,-0.159588613579017,0.0207273219407366,0.133775492821311,stable
FLOT2,-0.159777401209558,0.0337643011502734,0.1871958304484,stable
NUCKS1,-0.159865651532719,0.395043996753314,0.746089874993785,stable
SNX22,-0.159915817411442,0.121498351576953,0.406013080830145,stable
ARPC5,-0.160119361129991,0.477793955526034,0.81412786623226,stable
DDA1,-0.160188022311192,0.078249023791985,0.316099162866234,stable
ATG3,-0.16038665029067,0.0432937944989787,0.217787384343834,stable
PSMB1,-0.160635461259195,0.453796107168615,0.795184004304637,stable
HIRIP3,-0.160685496652736,0.0849625005105515,0.330232625195861,stable
AIMP1,-0.160702734212408,0.0976312061033111,0.358894968918421,stable
PACSIN3,-0.160789790090967,0.0987255741839858,0.36110754602784,stable
SLC39A4,-0.161070196552402,0.0618226242253033,0.272081468873013,stable
RNASE4,-0.1611376561278,0.0358453539670506,0.194023732330734,stable
LSM7,-0.16128588213948,0.0867425873390018,0.333921227242781,stable
SDHB,-0.161387330734456,0.126518250156797,0.416525475334417,stable
EIF4B,-0.161445322847516,0.228408899200152,0.572009573365567,stable
DYNLL2,-0.161692951446731,0.0134186687157125,0.0974627488894055,stable
UBE2D3,-0.161893948194496,0.432682814750494,0.776668829296628,stable
GMFB,-0.161980950780274,0.0324396315211398,0.182067059556663,stable
HSD17B10,-0.161985093279006,0.0480248910040334,0.232364037917646,stable
ZFAND2B,-0.162590435264692,0.0168299212704093,0.114932378552784,stable
MGLL,-0.162843699452783,0.415587006348863,0.763012250767273,stable
NBDY,-0.162881414939494,0.0682568329037709,0.290014433582098,stable
TMEM261,-0.163068846335333,0.0745647353045861,0.307537052935725,stable
AVPI1,-0.163581778450886,0.0238687507432753,0.147314497855301,stable
MIDN,-0.163615291252976,0.121390001664379,0.405761930638602,stable
RAB9A,-0.163877723542392,0.0808081257470213,0.321707515509124,stable
LARS1,-0.16390009481607,0.0886401096438741,0.338816979451757,stable
PSMA4,-0.163914444625389,0.299985724929903,0.655645539342594,stable
GRN,-0.163920853181009,0.331057732476734,0.686954629400034,stable
LRRC8A,-0.164189843573185,0.0766208196680238,0.312265535810735,stable
NUCB1,-0.164426001786797,0.332110106846713,0.688203754211598,stable
PAM16,-0.164935929709251,0.0388346517910338,0.204178401502623,stable
ARL8A,-0.165137371758667,0.0946978399699952,0.35281511606011,stable
PPP6C,-0.165336323058079,0.0647613778791672,0.280923734277835,stable
SNX6,-0.1657690819246,0.15965243502859,0.473113058373209,stable
N6AMT2,-0.165878388305576,0.00983136946993244,0.0782922869058333,stable
PDCD6,-0.166020847664051,0.269478520111584,0.622652833926919,stable
ARID5B,-0.166063945750871,0.19949537209892,0.533734171270999,stable
RPA3,-0.166145997195837,0.103789510200434,0.372131690940705,stable
TPM1,-0.16627537650034,0.136857424655813,0.433438273039474,stable
CTSA,-0.166596573039621,0.285505947863842,0.639432888729865,stable
TXNL1,-0.166792250286835,0.143947707485477,0.446793842021375,stable
TSSC4,-0.16680913313549,0.0428742325550658,0.216836830266084,stable
TMEM9B,-0.166866080648495,0.235003779871247,0.580449342151453,stable
MGST2,-0.167299783408415,0.0376442298129215,0.200374275103728,stable
RAB1A,-0.167536745171673,0.221346758751461,0.562733033273311,stable
PGC,-0.167565484322353,0.240926157908836,0.587606016416124,stable
UFD1L,-0.167578432605673,0.0373292883114796,0.1994375962935,stable
XBP1,-0.167612703302184,0.35651775408926,0.711405978776871,stable
VAMP3,-0.168349026080441,0.0400000780494594,0.208334449968723,stable
NUDCD2,-0.168608206670688,0.0786968554564521,0.317383820884088,stable
C1orf198,-0.168743053423389,0.373313583546708,0.727729714894138,stable
CCNDBP1,-0.169015573588561,0.110651605642889,0.386977423237759,stable
GTF2A2,-0.169047268669693,0.231619083066222,0.57640709922669,stable
EIF1AX,-0.1690724229219,0.274924363855495,0.628802689105338,stable
GBA1,-0.169239262265214,0.00213506345445597,0.0252164402582316,stable
PRPF6,-0.169394461862451,0.114519535612009,0.393668954814737,stable
SNHG7,-0.16961631466134,0.224952412551071,0.56767512201162,stable
HMGCR,-0.169658193184232,0.0540049890165054,0.250059464294607,stable
C5orf15,-0.169840097645007,0.135035267295215,0.431548001939009,stable
ACAT2,-0.16985544111171,0.0158068877727051,0.110071339501344,stable
NDUFS4,-0.17017427189976,0.160686540564779,0.474223146273264,stable
GALK1,-0.170201410569254,0.138183979754363,0.436137611287717,stable
POLD2,-0.170345194429093,0.028874585447805,0.167837818599129,stable
H1-2,-0.170581282122845,0.265130497732396,0.618384889196872,stable
CARD16,-0.170737081141866,0.0411012685972439,0.21172436044362,stable
MESDC2,-0.170998370259425,0.0910592206680044,0.344402200942353,stable
SERPINH1,-0.171098174474013,0.185473696383761,0.512716070690886,stable
GBAS,-0.171213058630366,0.132293137392968,0.426126827797535,stable
SPCS2,-0.171385622002478,0.0986288293287909,0.360966881233071,stable
SYPL1,-0.171929897386753,0.239627570935108,0.586662813360856,stable
ANXA3,-0.172020020327301,0.228091546410617,0.571953611136348,stable
C6orf226,-0.172179164430438,0.0154247510544031,0.107929110983986,stable
CHMP3,-0.172344591978092,0.204849870049426,0.54037220791631,stable
PTPLAD2,-0.172573083245685,0.0276452951308591,0.163033420876694,stable
EIF4G1,-0.172788639783999,0.173432948255492,0.493952553465783,stable
RNF11,-0.173252866793008,0.0472657409498072,0.230006535577406,stable
MTCH1,-0.173270862239759,0.226781015515143,0.56993649951832,stable
GKN2,-0.173656566226038,0.174318592262926,0.495845178509936,stable
PPP2CA,-0.173798693221679,0.103528991237443,0.371779785219303,stable
DNAJC8,-0.174190585164229,0.0504679609462813,0.239116416514474,stable
ISG20,-0.174235675674732,0.206390040530703,0.542312791772031,stable
CNDP2,-0.174465185583252,0.20643388884626,0.542312791772031,stable
CCDC59,-0.174547662341225,0.0259789672987435,0.156052528874615,stable
C1QBP,-0.174586532936386,0.114468098361832,0.393602822609012,stable
PDAP1,-0.17464981641895,0.15710904953502,0.470016412079008,stable
ABRACL,-0.174720371750353,0.0608605221593067,0.26993498071855,stable
EHD2,-0.174747966955703,0.289935449612443,0.644394715647728,stable
RAB11A,-0.174945292782112,0.191909260230317,0.523171007371853,stable
TM2D1,-0.174952303089605,0.0125873527481969,0.0930839685383904,stable
RAB13,-0.175112545975912,0.0355747440206207,0.193016276479391,stable
GTF3C6,-0.175537140965534,0.0799449850381399,0.319570796960831,stable
DDOST,-0.175648579974093,0.096852151144469,0.35757194067955,stable
TMEM167A,-0.175913640626427,0.0618486830898794,0.272081468873013,stable
DNAJC19,-0.176240786987147,0.119855408572592,0.403057087865574,stable
DNAJB9,-0.176330315797521,0.0276576173784959,0.163033420876694,stable
CERS2,-0.176689386450272,0.246560805251037,0.59464898330644,stable
AKR1C1,-0.177028850355255,0.0764759566980081,0.312238508575969,stable
TYMP,-0.177032747431588,0.0530902097703757,0.247416974545586,stable
RHOC,-0.17703438422201,0.114947786875129,0.393922553059034,stable
EVA1A,-0.177573407290195,0.199346782319752,0.533494252172861,stable
NQO1,-0.17766380529019,0.00335251838205161,0.0359799690098322,stable
UNC50,-0.1777362735714,0.0806142407464265,0.32136662378432,stable
ARF6,-0.177951227292692,0.149213365871224,0.456681067704018,stable
APP,-0.178044229305345,0.338474728438026,0.69464009838295,stable
HAX1,-0.1784104828805,0.0592814002235368,0.265150324307543,stable
MPZL2,-0.178679144201707,0.164445896433308,0.479414891009005,stable
DECR1,-0.178834443622107,0.0879177954301527,0.33689878725335,stable
ZCRB1,-0.178893542869781,0.0529833003301363,0.247201474517399,stable
NUDT9,-0.178942847674511,0.0765506498908064,0.312238955786847,stable
SDF2L1,-0.17908507804437,0.0176928139418211,0.119424051697858,stable
RER1,-0.179132483524534,0.222571053281393,0.564696669844695,stable
H1-0,-0.179163610241002,0.0891811499872059,0.339928399577052,stable
SNX2,-0.179205878004463,0.0360078196026328,0.194330943409529,stable
AGTRAP,-0.18036515641668,0.0267832904297247,0.159395784913805,stable
TXNL4A,-0.18038917115489,0.0854511217680536,0.330866458713713,stable
SERINC3,-0.18040546498658,0.0516991279244739,0.243074077019697,stable
IFI27L2,-0.180838125810659,0.0410147140148044,0.211499277525815,stable
TRAPPC2L,-0.180867100145108,0.0746451600180216,0.307537052935725,stable
RWDD1,-0.180905018557467,0.121104139644696,0.405265797725244,stable
STOML2,-0.181059463187253,0.0442800600932877,0.220750185391659,stable
DGUOK,-0.181123164220424,0.042824894505628,0.216828160680807,stable
TIMP2,-0.181279553397237,0.236220525934732,0.581929471280079,stable
ARF3,-0.18152060366102,0.084387040323674,0.328832381548164,stable
GRINA,-0.181674518817408,0.0875824958933993,0.335936849459574,stable
TMEM60,-0.18182502981862,0.0209741100567385,0.134798907115442,stable
H2AJ,-0.182133898053406,0.243702248512888,0.591409518921095,stable
NCSTN,-0.182329557755906,0.0282494451442726,0.16546296954652,stable
TSPYL1,-0.182661259661771,0.0502992592667879,0.238501995840658,stable
EEF1G,-0.182963965149637,0.0288204593750607,0.167682672727626,stable
CAPZA2,-0.183558682897176,0.117326610449817,0.398120562584562,stable
CD40,-0.183752069857532,0.0131369365065819,0.096216843532928,stable
SULT2B1,-0.185133998682024,0.190176076470248,0.520159877127078,stable
NDUFC1,-0.185422337034587,0.286294094201481,0.640376762583514,stable
SEPT10,-0.185770977476848,0.20170815565205,0.537040972249102,stable
CYB5B,-0.185928077692715,0.0633350149421328,0.276403863853135,stable
SQRDL,-0.186130541177877,0.0276612659439024,0.163033420876694,stable
AGR2,-0.186461949609695,0.0334477320948019,0.186112251049893,stable
TMEM238,-0.186549766716603,0.042179403620828,0.215192416469533,stable
PSMB8,-0.186886580582516,0.113996163240192,0.393082120766268,stable
BCL7B,-0.186904222250256,0.0330258436980027,0.18431975674804,stable
POLR1D,-0.186926066919774,0.259133370323073,0.610689477314295,stable
NOL7,-0.187096032324706,0.167652701884875,0.484603127888559,stable
RCN2,-0.187456739517017,0.0877134607957891,0.336221180548048,stable
CISD2,-0.18749901249725,0.0242984218406135,0.149258245517417,stable
LRRC59,-0.187543142376419,0.0232504014653329,0.145106626705273,stable
TMX2,-0.187612267490591,0.0194251806544055,0.127869363661525,stable
UBE2E3,-0.187897754931044,0.0451994507947567,0.223420172468705,stable
CCT5,-0.188106306540527,0.0788859531093076,0.317622493678583,stable
CDIPT,-0.188165618390892,0.0969851913336299,0.357780601843123,stable
SIVA1,-0.188589256031653,0.151596771416626,0.460758934095664,stable
ITGB1BP1,-0.189230940044612,0.0390631743590745,0.20493916024263,stable
RAB5C,-0.189531076764224,0.0352014114741522,0.19192776710974,stable
UBE2E1,-0.189718906799324,0.0248471479000297,0.151562642679622,stable
PIGP,-0.190167320090931,0.033766918041453,0.1871958304484,stable
UQCC2,-0.190288068782796,0.0656835316915339,0.283215340880885,stable
SMIM12,-0.190513884239756,0.0100966073437979,0.0798324244311677,stable
SLC25A1,-0.190571802480341,0.00884323908028278,0.0730853055281632,stable
C1orf43,-0.19077781730166,0.217268486865073,0.557129249039487,stable
SLMO2,-0.191609196606219,0.00971954472357979,0.077754908176387,stable
RPP21,-0.191800654228807,0.00574096815409262,0.0532455195110988,stable
FBXL15,-0.192534877023076,0.00504118554947387,0.0482564229888556,stable
HMGCL,-0.192553577673941,0.00477642478482474,0.046597778587149,stable
NEU1,-0.192591048512179,0.0187685725436869,0.125164774017473,stable
IFNGR1,-0.192662525503206,0.225350186581352,0.568305149459652,stable
TAX1BP1,-0.192689092175718,0.254109144271453,0.603737644232118,stable
TCEA1,-0.1928030142758,0.2010569546738,0.536854568355731,stable
C9orf78,-0.192853771550971,0.00974510452039299,0.077819712114112,stable
PIN4,-0.192901449425363,0.0237222328204383,0.146602919108715,stable
NDRG1,-0.193021339170157,0.283700319690849,0.638274188019152,stable
PRKAR1A,-0.193274295411912,0.254279593882157,0.604025214849493,stable
TPGS2,-0.19382981176284,0.0882595841771114,0.337679235361818,stable
SPRING1,-0.194149792378747,0.285327191569491,0.639293542516796,stable
PSMB4,-0.194759913116426,0.0935595953921792,0.351026757031385,stable
OS9,-0.195052747076021,0.0292143482123362,0.169169205375461,stable
EFEMP1,-0.195316208561041,0.324177753131483,0.679256428996704,stable
CERS4,-0.195771315289931,0.0196338265373125,0.128630337024167,stable
TSPAN4,-0.196392827784791,0.079772174116738,0.319457631150575,stable
RHBDD2,-0.196457041903991,0.133876476911291,0.429754741009356,stable
GLO1,-0.19691340567603,0.122106169824988,0.407376042560221,stable
MOCS2,-0.196929900287989,0.00181330536889763,0.022549180904786,stable
AKR7A2,-0.196964605816407,0.00974656243837578,0.077819712114112,stable
ZFYVE21,-0.19734255752279,0.0368620701227104,0.19797976501758,stable
HDLBP,-0.197638314571707,0.120088360651203,0.40350745481042,stable
SH3BGRL,-0.197864662560767,0.0852089264966501,0.330559796094907,stable
SMS,-0.197896021316372,0.0251887776658424,0.152580583839077,stable
ILF2,-0.198216716512707,0.0224914905359292,0.141810782697786,stable
PRSS23,-0.1990781778851,0.0108752076041772,0.0841881624246589,stable
SEPT7,-0.19908210947474,0.0419789858357496,0.214528061394734,stable
C17orf89,-0.199233875860419,0.022792804321124,0.143028357300523,stable
CD302,-0.199256512935021,0.0242598815512818,0.149171424588968,stable
ARHGDIA,-0.199389544438786,0.236411225253275,0.582015635999802,stable
SNHG8,-0.199674536929094,0.201915516596195,0.537040972249102,stable
PSMD9,-0.19982727221244,0.00300485941997669,0.0330021577266802,stable
CTNNA1,-0.199916090235812,0.180045386930738,0.506407157293515,stable
RTN4,-0.200165135761158,0.312488236227248,0.667771327807451,stable
DHRS7,-0.200170088746404,0.00935513680172865,0.0758878797485892,stable
YWHAZ,-0.200349679108473,0.275175177852114,0.628971835090546,stable
TAPBP,-0.200495007732367,0.152790279630382,0.462991665394592,stable
CARHSP1,-0.200764558462949,0.0901363626501227,0.342464289219366,stable
IMP3,-0.20082454894252,0.0341732797329064,0.188423171608051,stable
TAX1BP3,-0.200988287807161,0.106185021526633,0.376982570587829,stable
BUD31,-0.20123194339102,0.0956375448557915,0.355017718893773,stable
MAGED2,-0.201735151624679,0.0615628068901607,0.271480429807115,stable
GGH,-0.201828132653152,0.000496267851697932,0.00804559445511342,stable
TMEM126B,-0.201878210878414,0.0282007093511628,0.165335957366242,stable
KLK11,-0.201883216140179,0.143941632566828,0.446793842021375,stable
CYCS,-0.201920135121628,0.08524877054962,0.330609445177206,stable
PSMC4,-0.202429499483631,0.00553034853191272,0.0518874738468576,stable
H2AZ2,-0.202817430077466,0.0941025322019115,0.351766066059401,stable
FLNA,-0.203736470113107,0.167414094576665,0.484371572095893,stable
SDR16C5,-0.203868874596393,0.177354520032785,0.501963800157619,stable
CCDC107,-0.203939878306571,0.184342746892702,0.51144024920935,stable
PGLS,-0.204535177793091,0.120962684810108,0.405078551842006,stable
NPC2,-0.204636520108602,0.156779217209033,0.469714173670811,stable
MSMO1,-0.204643607788189,0.13369908569236,0.429487604507017,stable
TMCO1,-0.20503138535472,0.164068808603004,0.478798260054636,stable
LSM2,-0.20525335492506,0.00224814523904141,0.0262727795430614,stable
ERLEC1,-0.205285653042316,0.180006925849655,0.506407157293515,stable
TMEM139,-0.205569674363567,0.055596675182218,0.254918888757477,stable
SPRYD7,-0.205594313237837,0.171651348565479,0.491167154696725,stable
TSC22D1,-0.205827645199571,0.0831553799200098,0.326973044081992,stable
CHP1,-0.205878900027203,0.113150121105421,0.391178413798732,stable
SMARCB1,-0.206402957998863,0.00577549977548805,0.0533938470448758,stable
RNF187,-0.206437792441236,0.0139524624430167,0.100326412296139,stable
PTMS,-0.206544860364035,0.206473398742457,0.542312791772031,stable
PSENEN,-0.206833642271817,0.0609498209851961,0.270043715738687,stable
PHLDA3,-0.206945220604264,0.044037175039912,0.219898050526097,stable
AP2M1,-0.2084087995487,0.109505751052303,0.384433745222101,stable
DHRS3,-0.209005114462956,0.0866861891493269,0.333921227242781,stable
CBR1,-0.209449097863343,0.196326645906961,0.528685328391431,stable
PPP2R4,-0.209863797037986,0.0148344497745517,0.104891367296278,stable
ID4,-0.209876342569637,0.128441080854831,0.419242662848987,stable
ODC1,-0.209916064302904,0.00587965019956105,0.0539181125577151,stable
GNPTG,-0.210578535206525,0.0192716585478392,0.12726999140399,stable
COMTD1,-0.210936344120647,0.0880752511740836,0.337290686200501,stable
NDUFS3,-0.210974782624481,0.0432005967200047,0.21751251791991,stable
POLR2J,-0.211182578004696,0.0455983193080661,0.224535469444536,stable
VTI1B,-0.211197725494602,0.00899286369877538,0.0737776952039129,stable
FAM105A,-0.211232052227728,0.272580141426966,0.625959448854881,stable
SSSCA1,-0.211261726169499,0.00263277969923968,0.0297440841437208,stable
TMED2,-0.211628679518502,0.137345551502626,0.434501040778495,stable
BLOC1S1,-0.211889894868418,0.0631329737367346,0.275916149788289,stable
C1orf167,-0.211963154396937,0.0328422673858681,0.183866157115452,stable
CISD1,-0.212262411246739,0.0328484652781552,0.183866157115452,stable
SEL1L,-0.212634722295393,0.0299373637461637,0.171728922774803,stable
NAMPT,-0.213274534580262,0.0702839958974483,0.295953002359769,stable
CEBPB,-0.213312487062871,0.152662298135059,0.462833316568196,stable
CMPK1,-0.213945756979586,0.0565297153994786,0.258098330440492,stable
TIMM8B,-0.213968748125818,0.0184185116822353,0.123639696212874,stable
ANXA7,-0.214063208752251,0.0827651286594034,0.32636807021364,stable
BAX,-0.214348448156675,0.00903033672654858,0.0739362599767782,stable
UBE2N,-0.214668083845125,0.0140441994476468,0.10074899885448,stable
STARD7,-0.214922279884472,0.16062697816317,0.474161840392802,stable
VPS28,-0.214928777369661,0.195125845445671,0.527353158241849,stable
C7orf73,-0.215329510843188,0.0363730269000085,0.195955875198635,stable
SUPT4H1,-0.215569530100025,0.0210915371715787,0.135482370144708,stable
SERBP1,-0.215860798643825,0.135801964026109,0.432305787535289,stable
TMED3,-0.215907394590839,0.000670895768459252,0.0102685264815606,stable
ELOVL1,-0.215930014423328,0.0349060300508863,0.190692749646042,stable
FUNDC2,-0.216002125984119,0.0405952098143636,0.210561905904081,stable
SRP72,-0.216320367772427,0.00421574484041069,0.0425894751480828,stable
BST2,-0.216644696279566,0.00313676593784115,0.0342298732344012,stable
TSPAN3,-0.21794086302061,0.266813891229916,0.620195447170195,stable
RTN3,-0.217996374586026,0.154139784154057,0.465350635094885,stable
VSIG2,-0.218861507119601,0.180084416946573,0.506407157293515,stable
TOMM22,-0.21925744762371,0.00525886094573174,0.0499878041995527,stable
CIB1,-0.219662787732707,0.0742554426494027,0.307173783738172,stable
DDRGK1,-0.219779317058681,0.15594564560422,0.468143313326616,stable
SPARC,-0.220439629024598,0.0850661757604561,0.330320499522178,stable
C1D,-0.220549656410547,0.0366090106177491,0.196846481820168,stable
LAMTOR2,-0.22069981422985,0.0742337463293458,0.307173783738172,stable
HIGD1A,-0.221490822733872,0.00874711865891745,0.072540555282637,stable
TUFM,-0.222193822712797,0.121308108493491,0.405599102358981,stable
VKORC1L1,-0.222333242949031,0.0447182983690457,0.221849220480201,stable
CUEDC2,-0.222427630205034,0.0133927576245361,0.0973902850697972,stable
CETN2,-0.22258305779748,0.00152155080649044,0.0198711934386102,stable
NAPA,-0.22264427174799,0.048808213876003,0.234651521857723,stable
CITED2,-0.222907225250378,0.157953131736233,0.470504436840369,stable
CHMP2B,-0.223173498703387,0.030161662920007,0.172772337176272,stable
PTPLAD1,-0.223364578672183,0.0606532773859461,0.269413394900365,stable
ISCU,-0.223433475988583,0.0418269071064464,0.214198622735317,stable
C1orf123,-0.224346041163171,0.000853782149550727,0.0124542159858092,stable
PPIC,-0.224653016135044,0.0650308121307562,0.281293930462266,stable
CLPP,-0.224696539545564,0.0164831691413848,0.113028905194845,stable
PIN1,-0.22513424722737,0.0598844143797882,0.267040019594389,stable
PRR15L,-0.225237271531953,0.0396507019910963,0.207244142446341,stable
BTG3,-0.225585105245126,0.198796217431107,0.532712167011773,stable
UBE2L6,-0.225648098409907,0.0109635066707681,0.0846607110192478,stable
STX11,-0.225689120899607,0.020916040261651,0.134567197978117,stable
ID1,-0.225791684987191,0.172225081245134,0.491865635852793,stable
SQSTM1,-0.22602446017408,0.280203414438759,0.634241929818417,stable
CDK2AP2,-0.226042171837174,0.0466132140783382,0.228102453520259,stable
PA2G4,-0.226291145068832,0.0472118727278343,0.229927463037867,stable
ASNA1,-0.226600770203423,0.00141075359793978,0.0188676717518773,stable
SURF1,-0.226681941003517,0.0176329389480448,0.119151490160807,stable
UFC1,-0.227458186327761,0.0347697127737598,0.190423373183889,stable
AKR1C3,-0.227973841219995,0.0116850872593257,0.0885545608543069,stable
FDPS,-0.228127981151384,0.118936589163295,0.401221767550293,stable
PPCS,-0.228323942627528,0.0199930232512644,0.130204963358261,stable
NDN,-0.229442264064202,0.00228994829113543,0.0266847739855477,stable
ANP32A,-0.229535149522845,0.0285418014796408,0.166679094605508,stable
CTSD,-0.229751174353167,0.205370038418384,0.540968107701448,stable
PHB2,-0.230475843708946,0.0379767554597786,0.201313035013154,stable
TMEM256,-0.23099634754435,0.00802748658355039,0.0681444416648056,stable
FDFT1,-0.231010891577912,0.0615879253523246,0.271493256223158,stable
IER3IP1,-0.231209437732455,0.0291378628158683,0.168886313447688,stable
C7orf50,-0.23149994013232,0.0129045047089229,0.094912554489695,stable
VAMP2,-0.232009911989711,0.0875703467920952,0.335936849459574,stable
FAM134B,-0.232267662360327,0.0358429460361859,0.194023732330734,stable
PPP1CA,-0.232763303070054,0.0953533348985941,0.354070220474002,stable
ARL1,-0.232777401557612,0.0195572728557449,0.128531238380982,stable
CAMTA1,-0.233148272364593,0.0217041455529083,0.138327150802269,stable
CALM3,-0.234057682610486,0.00539865747662224,0.0508422103191296,stable
FKBP8,-0.234096696075644,0.0928834367720509,0.349248579237635,stable
GJA1,-0.234527601154123,0.178808790949286,0.504095632048909,stable
PLEKHJ1,-0.234738426469084,0.111978663610298,0.389580148344696,stable
MSN,-0.235293114804959,0.113339472245397,0.391262837822008,stable
ARL6IP1,-0.235733791167791,0.0184514199266541,0.123656884420734,stable
EIF1B,-0.235930658805896,0.0121548221121729,0.0910420009186285,stable
CHCHD5,-0.236173089114177,0.0103904110407115,0.0815956007778137,stable
RHEB,-0.236582959965822,0.084016229420851,0.328224476970432,stable
PSMB9,-0.23696010245386,0.0113686996428365,0.0871359674930628,stable
CTNNBIP1,-0.237506291285914,0.0717339031437847,0.299786404112692,stable
THOC7,-0.237850547930387,0.0239940098388164,0.147685184425826,stable
MLF2,-0.238582492501187,0.058483053341704,0.262926386189404,stable
POLR2F,-0.239282750494589,0.00858634294242706,0.0715942306824764,stable
COPZ1,-0.239556972810958,0.0432028785328618,0.21751251791991,stable
CHCHD1,-0.240007699548992,0.011482584369161,0.0876721494869607,stable
SEC11C,-0.240353013317229,0.0140836732932608,0.100913729388523,stable
APOA1BP,-0.240817911036352,0.0660359672035698,0.283765869946383,stable
DNPH1,-0.241575972143096,0.00892348410771694,0.0733562002237605,stable
ATPIF1,-0.241624216448482,0.142119234624422,0.444139236235131,stable
PPT1,-0.242039185574593,0.0313269169162932,0.177533719232623,stable
CD81,-0.242084145091359,0.135918100784977,0.432447387817689,stable
NINJ1,-0.242166166583931,0.00368529268774092,0.0387351829879149,stable
PLAC8,-0.242173049281851,0.0986575875490583,0.360966881233071,stable
LSM5,-0.242407764868308,0.00981407447366075,0.0782565207867117,stable
C8orf59,-0.242642635235011,0.0410058842841699,0.211499277525815,stable
ZDHHC12,-0.242847058782221,0.0194913713274857,0.12816703771231,stable
GNB1,-0.242987176606663,0.0545045915035056,0.251705374589669,stable
STRA13,-0.243024094497502,0.00383744030258746,0.0398614409088196,stable
TMEM123,-0.243102901838241,0.0584101680718657,0.262835137345913,stable
PTRF,-0.243422528504554,0.0443840070357343,0.220942277777371,stable
HN1,-0.243499019810324,0.00443278501451253,0.0442699052429748,stable
MDH1,-0.243657090863329,0.0400182251574321,0.208340197753173,stable
GINM1,-0.243991068619996,0.0159906876777066,0.110810751798348,stable
PSMA1,-0.244128822126993,0.0550138212678819,0.253084411671454,stable
CLIC2,-0.244360755594889,0.0446210308774798,0.221636522326824,stable
CNIH1,-0.244988237612346,0.0107528766249917,0.0834030227562808,stable
DPM2,-0.245521981102935,0.00250409412441335,0.0286065033462743,stable
VKORC1,-0.245783316624321,0.00992988296014085,0.0787342587766266,stable
PAIP2,-0.245843779087417,0.0186933713624954,0.124731316340144,stable
KLF5,-0.246442906209659,0.0193133498815696,0.127407657286728,stable
ATP6AP2,-0.246564405007371,0.066505545258543,0.284651185308274,stable
ISG15,-0.246948135664941,2.86356016274911e-05,0.000717298348964041,stable
CNN3,-0.24695079097525,0.12619962750155,0.415588428496483,stable
EZR,-0.247172110075693,0.137477884575684,0.434582275938238,stable
TSPAN7,-0.248513342701267,0.00052394678674712,0.00842727042262737,stable
TMBIM4,-0.248907110285515,0.0584565540595341,0.262903942907927,stable
PSMA5,-0.249240523393445,0.0135300227848894,0.0979804493616632,stable
YIPF3,-0.249643712912677,0.0685100066142708,0.290322436180711,stable
PAIP1,-0.249719314838591,0.00784172354938615,0.0670330270403471,stable
ITLN2,-0.249989108978872,0.0810164120858935,0.322123143884511,stable
BSG,-0.25088860608304,0.0731053126387032,0.304034593653026,stable
ILK,-0.251376993718105,0.0505424693002897,0.239376654291647,stable
VDAC2,-0.251463172499456,0.0817392522171529,0.323568853336294,stable
SSNA1,-0.251911116054763,0.0430600610821385,0.217416847033482,stable
STMN1,-0.254714987690196,0.00890661119686273,0.0732667666692127,stable
YIF1A,-0.254932900063221,0.0378575181869533,0.20094238051121,stable
C14orf1,-0.255490406484567,0.0195861169706621,0.128630337024167,stable
FDX1,-0.255645720379173,0.0196191579988373,0.128630337024167,stable
RPN1,-0.255747818567163,0.0656681977292087,0.283215340880885,stable
RAP1A,-0.255848438873421,0.0314669803469028,0.177997393688357,stable
BOLA3,-0.256194303564179,3.0056722313659e-05,0.000748296076501359,down
CFL2,-0.256900968347667,0.0475695695351134,0.231025195866995,stable
GSTO1,-0.257066169957712,0.00757785808271543,0.0653505560727388,stable
PNKD,-0.2582177538023,0.064335206354747,0.279770032899476,stable
SFT2D1,-0.258889992141971,0.0372529417844,0.199291011103941,stable
SPAG7,-0.25899168992716,0.00858625963586558,0.0715942306824764,stable
CMTM7,-0.259078851579999,0.00377390022060885,0.0393619081030056,down
CAP1,-0.259661295360052,0.0626025330466427,0.274284359843068,stable
PSME2,-0.261292969853665,0.0276333220467376,0.163033420876694,stable
LMAN2,-0.261361703867242,0.0377926409275058,0.200685161901751,stable
HINT2,-0.261380276246425,0.0341541316992282,0.188402574860725,stable
TMEM230,-0.26138954616135,0.00303705351913647,0.033325800913756,down
ENSA,-0.261935333897078,0.0245229937582526,0.150109702404046,stable
PPP2CB,-0.263425406179664,0.029625228330237,0.170739646915991,stable
EIF3F,-0.263688940131399,0.0134584465060348,0.097693616442856,stable
H1-10,-0.264130004056822,0.0425323673271312,0.216091296012823,stable
NCL,-0.265226895845838,0.0615414681744938,0.271480429807115,stable
DRAP1,-0.266209437026221,0.00986008380755676,0.078418779742078,stable
TKT,-0.266735536925674,0.129196829589662,0.420135825699144,stable
HMGN2,-0.266735767265296,0.0705562806976629,0.296690737959488,stable
PLLP,-0.266809043839693,0.119057514803665,0.401367639536678,stable
BANF1,-0.267141029251904,0.0492833827391689,0.236158396943787,stable
EMC4,-0.26749769040329,0.0355655131390297,0.193016276479391,stable
CCND3,-0.267611176971887,0.0265006439605631,0.158330338110422,stable
EIF3G,-0.26801027519732,0.0308937806991595,0.175567445498152,stable
KDELR1,-0.26831783718596,0.0612436503324553,0.270952725900808,stable
TIMM17B,-0.268483693348896,0.00685728049658117,0.0608297509362904,stable
C16orf13,-0.268536457094996,0.0478639585225184,0.231994063830002,stable
C11orf58,-0.268745084578321,0.082766771732844,0.32636807021364,stable
SHFM1,-0.268799437417802,0.0838402517542209,0.327956235981951,stable
TCEAL8,-0.26880273717736,0.000737298924192497,0.0110857835785106,down
CTSB,-0.269521231293505,0.00939690531936584,0.0760592852045701,stable
RBP1,-0.269827012882011,0.000499943128278934,0.00809444344381681,down
CISD3,-0.269868300841482,0.00420943967317525,0.0425894751480828,down
DAZAP2,-0.272870195938209,0.047641429578081,0.231282301494227,stable
HNRNPF,-0.273903971646463,0.0380450922908994,0.201500523467918,stable
TMEM147,-0.273988347412059,0.0343078096094485,0.188909308408062,stable
LINC00116,-0.274045247450742,0.00528725980302763,0.0501797079442622,stable
RPN2,-0.274266011482862,0.0490432269500528,0.23528430386085,stable
GLUL,-0.274978204013772,0.0485539065691592,0.233946769373828,stable
ADRM1,-0.275182483819981,0.00442341121889434,0.0442124110709439,down
ARPC1B,-0.275341708805688,0.0420579155057429,0.214751862632498,stable
TACSTD2,-0.275994215495211,0.048311421707833,0.233236393436305,stable
AAMDC,-0.276107084981612,0.00626870163554171,0.056846148956129,stable
ERGIC3,-0.276707270280224,0.0282180505381315,0.165358317247421,stable
ORMDL2,-0.277151291209026,0.0193653822171994,0.127682002277803,stable
ETFB,-0.277223623018413,0.0142032915915925,0.101473428647356,stable
SFTPB,-0.277782671836744,0.0866927424509625,0.333921227242781,stable
CXCL16,-0.278613791800161,0.0460140119409755,0.226034104686578,stable
CD24,-0.278736711453237,0.0214257552880392,0.13708705684849,stable
C14orf166,-0.278807149914121,0.0243413666090417,0.149366362694922,stable
DCTN3,-0.279389599286451,0.0076939946077425,0.0658655043716962,stable
PSMB3,-0.27947267365013,0.0510787439304535,0.241355456438293,stable
CTSL,-0.27955606397581,0.00456724884818447,0.0451444363846183,down
ST13,-0.28000900809111,0.0181577675006446,0.122090511511485,stable
FAM127B,-0.280119951324209,0.0148529382797098,0.104891367296278,stable
KIF1C,-0.280960591980726,0.0026109261498455,0.0295244784974203,down
COPE,-0.281518252651669,0.0281912679225615,0.165335957366242,stable
SUMO3,-0.281729868051448,0.00915350535926618,0.0747444552516164,stable
MAGOH,-0.28185572105722,0.00155354342559106,0.0201597822021498,down
TPM3,-0.283000713750855,0.0523329315022845,0.244796871916591,stable
SLC3A2,-0.283934791615191,0.0199432750218969,0.129950209950782,stable
SSBP1,-0.284054153835055,0.0246830765683011,0.150787570200356,stable
TEX264,-0.284088584092413,0.00181192752567831,0.022549180904786,down
SNRPC,-0.284330217128317,0.00683821532302108,0.0607487965905593,stable
SNX17,-0.284561464449357,0.00369933752906682,0.0388059621806526,down
PCBD1,-0.285560878021035,0.0107239791357382,0.0833636127721655,stable
COX14,-0.285770128334302,0.012702204329849,0.093868283672017,stable
AES,-0.285827326800123,0.0594539894066606,0.265727812251195,stable
CCDC124,-0.287829739639945,0.00379412666648971,0.0395391341612704,down
MPC1,-0.288248601124811,0.00955384326288252,0.0768706201915674,stable
EBPL,-0.28834130586777,0.00348353937804309,0.0369963382773229,down
PRR13,-0.288764934040293,0.01853903374732,0.124040037508068,stable
PYURF,-0.289277948750196,0.00293419855477628,0.032495982570369,down
MAP1LC3B,-0.290609295539436,0.0212101523815331,0.13602985451829,stable
STRAP,-0.290632797786913,0.00137810871494959,0.0185120889357624,down
DPY30,-0.290733981677164,0.00265400794753065,0.0299562263625251,down
APH1A,-0.291010884424173,0.0020545015398106,0.0245016847050193,down
C12orf57,-0.291298046736933,0.0229421651979213,0.143744247759811,stable
ACAA2,-0.293114386833244,0.00393266434691859,0.0406364234799094,down
HSPA5,-0.293500069484284,0.0746412395438992,0.307537052935725,stable
SDCBP,-0.293789929631716,0.043782098170231,0.219253236613842,stable
SET,-0.294995466135108,0.012028831970301,0.0904477319706826,stable
RALY,-0.295464365281259,0.0106020506724944,0.0826266895783837,stable
RARRES2,-0.295777781589821,0.0057072051603195,0.0531339496418473,stable
PDPN,-0.296072786583108,0.0208143265700944,0.134266136143975,stable
POLR2E,-0.296177395835964,0.00328641128960581,0.0353636369754766,down
ANP32B,-0.297185617000353,0.0064673462111912,0.0583015044879065,stable
ITM2B,-0.297590472151536,0.0369193768061563,0.19802024359335,stable
RAB7A,-0.297818277160205,0.0213047505629441,0.136493328554208,stable
ATRAID,-0.29791147071038,0.00269839268158422,0.0304010618798945,down
SMDT1,-0.298219780136511,0.0192084659698145,0.126987004010811,stable
AP2S1,-0.298336199915449,0.00449491356523919,0.0447237903771306,down
TUBA1A,-0.298945896844519,0.0532743043071829,0.247991277932599,stable
SCP2,-0.299100314939886,0.008379727276594,0.0703528751573386,stable
SDPR,-0.299734395391385,0.0521161451214969,0.244337540904514,stable
APLP2,-0.300120278719022,0.00579190454691633,0.0533938470448758,stable
CCND1,-0.300954266929601,0.0544871627214995,0.251705374589669,stable
IFI27L1,-0.30113268520822,0.00147844848699176,0.019559041455614,down
NUDT14,-0.301484237252358,0.00162890300346893,0.0209092118162343,down
TMED9,-0.301689594765752,0.0315249455529841,0.178160395025279,stable
ESD,-0.30173162191807,0.00498311137777011,0.0479232028790305,down
ATP6V1E1,-0.302427456972619,0.00228251797170464,0.0266235684027839,down
TUBA1C,-0.302575512487696,0.0160084480630689,0.110870974007339,stable
PFDN2,-0.302784856787711,0.00407877701981017,0.0417077227853852,down
DEK,-0.303094313392662,0.0116464404877504,0.0884175194139529,stable
LDHB,-0.303180828339437,0.00111344488975739,0.0155196697062649,down
PAM,-0.303604697703835,0.0417749779104475,0.214198622735317,stable
SFTPD,-0.303938913367938,0.0754292618062426,0.30951570873431,stable
MUC1,-0.304120670885587,0.0374515668469857,0.199828875223725,stable
RBM3,-0.304146660434884,0.0395263654478338,0.206748092098554,stable
PDZK1IP1,-0.30476847606359,0.00497130751081193,0.0478753726606407,down
ANG,-0.305113346026032,0.000456165185930762,0.00747474964184669,down
CHMP4B,-0.30556080879191,0.00377245402558489,0.0393619081030056,down
TECR,-0.306977133097502,0.00613298369259748,0.0557798991960752,stable
DPM3,-0.307750444999823,0.00327709015902148,0.0353567079469361,down
EIF6,-0.309299469522661,0.00878639376683249,0.0727182650005148,stable
S100A16,-0.309638092744292,0.00749968409201524,0.0648804942256152,stable
RRAGA,-0.310136566447724,0.00027557214526717,0.00489621206939809,down
GTF2H5,-0.310535381480427,0.00014027176685782,0.00275672359818326,down
CTSE,-0.311518341457395,0.00890161204517414,0.0732667666692127,stable
NDUFA3,-0.31180509927466,0.0171637227801462,0.11695058375948,stable
CYBRD1,-0.311820337605512,0.0448378399549985,0.221991800571041,stable
CAPZB,-0.313808555886156,0.0234329855673271,0.145795567559872,stable
SPINT2,-0.313855213732333,0.0485365002419979,0.233946769373828,stable
EIF2S2,-0.314013999347729,0.0377330760321151,0.200543096268076,stable
FAM127A,-0.314178393216057,0.00432992985042945,0.0435630143964195,down
UXT,-0.314621040730663,0.00196468579392828,0.023684732884595,down
IDI1,-0.314643530676759,0.00255783378876896,0.0290855444036389,down
PDLIM1,-0.314762867805146,0.016176150442478,0.111715967801611,stable
HTATIP2,-0.315254541272907,0.00187180492720152,0.0229267970241597,down
POLR2I,-0.315538343608343,0.00333345858042085,0.0358068520975962,down
EIF3E,-0.316053677318658,0.0053445294298789,0.0504490561782545,stable
NDFIP1,-0.316254181528291,0.0227050673678187,0.142697554500882,stable
POLR2K,-0.316928429327009,0.00299939394952907,0.0330014326184009,down
PGRMC1,-0.317240728392043,0.0173468989799435,0.117870201851489,stable
SCAND1,-0.317728947383271,0.0214310672151066,0.13708705684849,stable
LSM3,-0.318027956222865,0.0033607438329621,0.0360122640520735,down
UBE2B,-0.318226390475163,0.0196061776888723,0.128630337024167,stable
CANX,-0.318324967079112,0.0221173063852365,0.140301999612419,stable
SCOC,-0.318440620982853,0.00174560099840112,0.0220208736888083,down
UQCRC1,-0.31909716144016,0.00533985461970833,0.0504490561782545,stable
EBP,-0.320239432426201,0.000432537332478102,0.0071756582914417,down
NENF,-0.320257820709387,0.00240486613766563,0.0278118104700328,down
ABCA7,-0.320434868519739,0.0120542271774622,0.0904832206287829,stable
SERP1,-0.320446338103193,0.027378766041282,0.161881509476547,stable
ENY2,-0.321115875554047,0.00435548203840504,0.043676302245663,down
CNBP,-0.321342385623472,0.029785143281597,0.171177052879286,stable
PLS3,-0.321474676367256,0.046046424870072,0.226052810285847,stable
ARL6IP4,-0.3217231621238,0.0184425898852859,0.123656884420734,stable
SNRPB,-0.321905899742014,0.00677966701652075,0.060360269198798,stable
NDUFB8,-0.323344854972471,0.000681618645997692,0.0103970761561709,down
RNASEK,-0.324330093438685,0.00519803663847778,0.0495638064498848,down
MPC2,-0.325598067819245,0.00026445645470093,0.00473311230199732,down
KRT10,-0.3256149408064,0.00558347855776156,0.0522310372945659,stable
CSNK2B,-0.32574712027385,0.00188174078648772,0.0230023993740258,down
SELK,-0.326179079739783,0.00558458489397886,0.0522310372945659,stable
NDUFB6,-0.326685483472253,0.00182277368373555,0.0225979569066768,down
SDHD,-0.327737778755416,0.00271604277292484,0.0305155393899203,down
ZNHIT1,-0.327998235151496,0.00953875748522774,0.076834057543874,stable
SF3B14,-0.328743298190597,0.0131000655902302,0.0960043176108953,stable
NDUFB5,-0.329299484326279,0.00247073918260746,0.0283058254622245,down
HNRNPK,-0.329550347662857,0.0439501136398908,0.219732592692853,stable
RAC1,-0.329993676975764,0.0302376079300492,0.173126238565303,stable
MIEN1,-0.330284444161634,0.000970875736107775,0.0138482905463027,down
ALKBH7,-0.330491157468448,0.000702080972598958,0.0106347432578063,down
VDAC1,-0.330745927648831,0.0030038357178368,0.0330021577266802,down
NHP2,-0.331288340389003,0.000441182510757734,0.00728785812365209,down
PET100,-0.332040201236519,0.013065660247731,0.0958096165976384,stable
SLIRP,-0.332865828088913,0.00457935365618099,0.045216493613212,down
UBE2D2,-0.332934550217632,0.00424761314868174,0.0427780895910108,down
ATOX1,-0.333629253786512,0.000777014423376293,0.0115471214398879,down
SRP9,-0.334749028663525,0.00769436683923283,0.0658655043716962,stable
DNAJC15,-0.334986448293035,0.0124040002746334,0.092174163742929,stable
NUDC,-0.336033532795538,0.00135705674389034,0.0182875922185057,down
DUSP23,-0.336093513477842,0.00121230608265517,0.0166695495549795,down
CRYAB,-0.336241705669853,0.00758075004181475,0.0653505560727388,stable
RSL24D1,-0.336493978604447,0.00105658228492875,0.0148969571522135,down
C19orf10,-0.33734636064347,0.0069044568706852,0.0610035789397719,stable
NAA20,-0.337403056001074,0.00146541366749922,0.0194497466574489,down
PGAM1,-0.337465797941117,0.00732223300181923,0.0639792539058172,stable
ECHS1,-0.337948246689228,0.000207196678507633,0.00384335690148302,down
MT2A,-0.338747722325289,0.00193180258766898,0.0233805493382828,down
HMGB1,-0.339148329309129,0.0364569530544438,0.196235048057032,stable
SYNGR2,-0.339477889460159,0.0355101711828672,0.192922814461941,stable
RRAS,-0.339564172954691,0.0107065925413212,0.0833515030579854,stable
COX7A2L,-0.340183436963831,0.00122341879226966,0.0167754610984299,down
HLA-A,-0.341949311102317,0.0366188563202766,0.196846481820168,stable
ARF1,-0.342350989509114,0.0405385131492759,0.210478734044341,stable
CHCHD10,-0.342932028076842,0.00242904970167923,0.0280103781985095,down
NDUFS7,-0.343024827612779,0.00747672379650236,0.0648194834669822,stable
SLC39A1,-0.34316951406982,0.00357150079971385,0.0377664582834794,down
PSAP,-0.344031393485296,0.0307593103432621,0.1750473974097,stable
PSMC3,-0.344434257749167,0.000912162606556894,0.0131334225000606,down
EMC7,-0.344792559818968,0.00116420317791864,0.0160623246578752,down
EI24,-0.345236630156748,0.000200515582084661,0.00375935962485107,down
LGALS3BP,-0.345332968416827,0.0311154051523609,0.176662662602164,stable
CRB3,-0.345432952954628,0.00277313038975446,0.0309577587985009,down
TPM4,-0.346667300509511,0.0222162255252542,0.140783380415089,stable
ANXA4,-0.347486829061501,0.0218010590206425,0.138798660416467,stable
SBDS,-0.350016117340585,0.0258994244278295,0.155751780340497,stable
PTRHD1,-0.350349479715759,0.000328265809920489,0.00566768539614133,down
HSPE1,-0.35090974614957,0.0250896184413438,0.152281775485097,stable
UQCRFS1,-0.351009838280472,0.00122724487018805,0.0167993743484644,down
SNRPD3,-0.351448467337182,0.00452495759315716,0.0449699850558968,down
HEBP1,-0.351658106832987,0.0031936726542578,0.0346401548586045,down
TIMM13,-0.35260040371759,0.00190046917394085,0.0231618496333529,down
ARL6IP5,-0.353634935185864,0.0206550204926785,0.133449772992866,stable
PRELID1,-0.353729132281672,0.00187829222714967,0.0229832274120897,down
TMEM14B,-0.355920734556357,0.00152010753166363,0.0198711934386102,down
TXNDC17,-0.356755382880087,0.0010882081602597,0.0152548813658424,down
MZT2A,-0.357338612258885,1.46567427769836e-05,0.000409050282433442,down
JOSD2,-0.358573245224029,3.23641151906873e-05,0.000797618838893067,down
PKM,-0.358654148851653,0.0244375195615746,0.149784375274691,stable
PHB1,-0.359077243153584,0.00142787535198662,0.0190434936451893,down
REEP5,-0.359261229210855,0.0132269366757754,0.0967021973233722,stable
ID3,-0.359736565615563,0.010749989148824,0.0834030227562808,stable
SLC25A4,-0.360183761088807,0.00497396296457899,0.0478753726606407,down
CRIP2,-0.361315475746454,0.0101273850158456,0.0800240170870693,stable
ATP6V0B,-0.363128702066402,0.0186597318994951,0.124574856766482,stable
TMEM66,-0.364619384356154,0.0163578297740758,0.112525667506079,stable
ECH1,-0.364834636236326,0.00502545665798338,0.0481435597078282,down
YWHAQ,-0.365019923166394,0.00211300769054451,0.0250042652557755,down
COA3,-0.365503515188419,0.000524660810301916,0.00842766589373275,down
NDUFB1,-0.365695940565968,0.00449652637217716,0.0447237903771306,down
SLC44A2,-0.367089512683527,0.00184380341611931,0.0227462603543755,down
EMC6,-0.367645122933702,8.48075200613021e-06,0.000259821334643949,down
ARL2,-0.368100180395107,0.000349071384943144,0.00595956509712987,down
EID1,-0.368744638590825,0.0172534973550604,0.117300751762101,stable
NDUFB3,-0.370539487201014,0.000656693750837924,0.0100847040329683,down
ADIPOR1,-0.370938586609496,0.00062147401375045,0.00965298391878717,down
JTB,-0.370949877391422,0.00270549327084402,0.0304529923966826,down
PDIA3,-0.371303857491711,0.0123521086080563,0.0920122947135166,stable
OCIAD2,-0.373765582599838,0.0010047405976015,0.0142647492045073,down
ATP5O,-0.373885646250218,0.00158157292610521,0.0203936154522258,down
SPCS1,-0.374936855939362,0.00828420182310939,0.0698386779901304,stable
SSR3,-0.376219980857499,0.00826193630772204,0.0696990403213211,stable
PSMB2,-0.378432794380529,0.00206918666005014,0.0246199334586997,down
SNX3,-0.380183996589172,0.00363269482470103,0.0382810875320219,down
SEP15,-0.382471923085499,0.0011002501932006,0.0153708095562105,down
SUMO1,-0.383461645115897,0.00138001519713287,0.0185173499119124,down
HSD17B6,-0.38850741164491,0.00247371174775337,0.0283133449480685,down
CD99,-0.388997668311659,0.00706105020323892,0.0621413086280724,stable
ZNF706,-0.390336827307739,0.00108962814119984,0.0152572902611991,down
RNH1,-0.390538937768055,0.00720941784067639,0.063174138841884,stable
NDUFA2,-0.391316575875731,0.00313904514854088,0.0342298732344012,down
PMVK,-0.392068013077812,0.000540375361162093,0.0086074044190128,down
NDUFC2,-0.392113444712455,0.00157083069649857,0.0203242193317292,down
ANXA5,-0.392533868720882,0.00712476570915193,0.0625669080665755,stable
HMGN1,-0.392623212268418,0.00554996383518506,0.0520266548476243,stable
RGCC,-0.392891333167431,0.00172165471784324,0.0218768266849437,down
RAB2A,-0.393209283047256,0.00730178316130771,0.0638462069841384,stable
TMEM179B,-0.393909514045946,0.00230547189078849,0.0268400841838081,down
MPST,-0.394045832291584,5.19681747629914e-05,0.00118962353614758,down
MINOS1,-0.394302483385146,0.000405993214443,0.00681711683152641,down
ATP5I,-0.395505907977775,0.00989704766647534,0.0785594225162302,stable
LSM4,-0.395985784433991,0.00018441885746855,0.00350596596220149,down
ERP29,-0.397447568969834,0.00655412213148459,0.0587803293729036,stable
BLVRA,-0.397789362409857,4.51658633120305e-05,0.00105364029222569,down
CDC42,-0.397802395262392,0.00613743164420167,0.0557798991960752,stable
KGD4,-0.39808815810547,0.00148032736212358,0.0195627261347012,down
DPYSL2,-0.398118516762108,0.0103930260480249,0.0815956007778137,stable
BCAP31,-0.398612819714884,0.00585119149901527,0.0537377647512868,stable
TOMM20,-0.399337995861935,0.00147106753469067,0.0195036112191527,down
GUK1,-0.39966322599291,0.00519099620058703,0.0495638064498848,down
STUB1,-0.400049257907776,0.000519293254633232,0.00836342654102323,down
CSDE1,-0.400072350299411,0.000533261831807817,0.00853745980203898,down
TUBB4B,-0.401257167149752,0.0096030155945108,0.0771776874604208,stable
HSP90B1,-0.401345147561849,0.00483966524497968,0.0469897283198027,down
GHITM,-0.401508728405277,0.000537959581024106,0.00858664301555062,down
VPS29,-0.401720709258449,0.000840907758645632,0.0123252475319955,down
CNIH4,-0.40174549078952,0.00243608996127019,0.0280138886985577,down
SDHC,-0.401859183667879,0.000103586660991253,0.00213892456749506,down
C11orf31,-0.402021165243614,0.000316493299066891,0.00549296406531746,down
ALDOA,-0.403648887252431,0.00677616524688234,0.060360269198798,stable
PSMB6,-0.404089479351095,0.003166908341418,0.034422304634384,down
ATP5G1,-0.405364262988887,0.000277968824517863,0.0049244795810237,down
SNRPF,-0.407740554124245,4.99006147198223e-06,0.000165143430713031,down
LINC00493,-0.408934950342028,0.000964367910470928,0.0137715342728933,down
HIGD2A,-0.409179214679307,0.000423646978005363,0.00707467303160869,down
TNFRSF12A,-0.410569958689293,0.0125283333547612,0.0927597498053307,stable
MDH2,-0.411174402001928,0.000511802215211045,0.00826455783188878,down
HSPD1,-0.41240468740566,0.00027635460218849,0.00490298789136734,down
CLTA,-0.412491773767796,0.00320791462613693,0.0347637840335973,down
TUBB,-0.412562410784882,0.00353182570496975,0.0373951012372032,down
TAGLN,-0.414207103647951,0.00666520242885121,0.0596452668303639,stable
SNRPE,-0.417980752014473,1.93326560556415e-05,0.000518250850052985,down
PERP,-0.418886729858793,0.00649103217371486,0.0583858552549598,stable
HSD17B11,-0.42203657409221,0.000288305574001111,0.00505630894776123,down
BCAM,-0.422693194449384,0.00575734621325021,0.0533569371575212,stable
CAPNS1,-0.424163602986626,0.00243349326299224,0.0280103781985095,down
AGR3,-0.42506026191475,0.000214261442268636,0.00396237801859578,down
NDUFV2,-0.425384364780002,0.00243231922366823,0.0280103781985095,down
PARK7,-0.427236283675054,0.00209881789034473,0.0248845294777633,down
TMEM141,-0.427905804954576,7.02331477002759e-05,0.00152221630760314,down
ITGB1,-0.432094202947271,0.003167955882991,0.034422304634384,down
PABPC1,-0.43228130648107,0.00123249476605215,0.0168523669129994,down
BRK1,-0.432522841723929,8.1966919085627e-05,0.0017542038196052,down
PTP4A2,-0.432551390385465,0.000613578053621139,0.0095546218184265,down
UBC,-0.434238295694404,0.000142841347998843,0.00279374822070057,down
MALL,-0.434435069551091,0.000379313172999412,0.00642205571571303,down
FKBP2,-0.43451937879771,0.00170135897442368,0.0216639709409949,down
SNRPG,-0.435885821535801,0.000636782300619519,0.00982831672067297,down
ATP5B,-0.436926632951814,0.00240276252160051,0.0278118104700328,down
ARPC5L,-0.437688981044852,0.000107840615052646,0.00221181825235495,down
TMEM258,-0.439405194437611,0.000567740519814046,0.00893186629885058,down
CLDN7,-0.440614688482242,0.00565443492233319,0.0528035236750198,stable
PDCD5,-0.441060713521116,0.000337672002784851,0.00579733505904778,down
SFTA1P,-0.441888247307967,0.00365568607219889,0.0384570624324951,down
OSTC,-0.442279097814234,6.06621052326289e-07,2.54822534145586e-05,down
CALR,-0.44347243387681,0.00530412702759714,0.0502617432444554,stable
TCEB1,-0.444521144910384,2.7164729903794e-05,0.000688924602373397,down
DBI,-0.444539723556607,0.000777428087780411,0.0115471214398879,down
TMEM59,-0.444812475566092,0.00313300761947345,0.0342250984275634,down
PPIB,-0.444854249871028,0.0038553282358634,0.0399724617092402,down
SUB1,-0.445154342443981,0.00090750223767985,0.0131090534827128,down
GNAS,-0.446424833946807,0.00409566383136858,0.0417211622288746,down
CAPG,-0.448634609350421,0.000640339156114566,0.00987075138000562,down
NDUFS8,-0.448950364222492,0.0011268262925561,0.0156704489194604,down
EIF3K,-0.449176268059465,0.00081356505397717,0.011967532153811,down
KRT18,-0.451274609139339,5.32591699153337e-05,0.00121462703926313,down
RAB32,-0.451650508393186,5.61047955956761e-05,0.00125839453460834,down
SH3BGRL3,-0.452221206207649,7.4147725829184e-06,0.000233003033556798,down
TM9SF2,-0.455227868002236,0.000299931146095994,0.00524514782528961,down
REXO2,-0.455334414438057,0.00104217690491896,0.014744873247372,down
RNF7,-0.455514978571476,5.09133292202125e-05,0.00116985815110503,down
IL32,-0.455594347463241,0.00347050660932144,0.0368899763411698,down
NDUFA12,-0.456053961548225,8.20847991503743e-05,0.0017542038196052,down
MORF4L1,-0.458446001816408,0.0015861172847066,0.0204306614207097,down
PRDX3,-0.460031442627284,1.63943380194801e-06,6.34191101107989e-05,down
CAV1,-0.460385981812065,1.44767934363526e-08,8.67472171401833e-07,down
NHP2L1,-0.462393090088409,0.000136103384319881,0.0026921161325667,down
TMBIM1,-0.462852109846364,0.000238571001625275,0.00433972012480262,down
EIF5A,-0.465645989620085,2.25020295280768e-05,0.00059409245993782,down
CUTA,-0.466457175149627,0.00079139977943548,0.011726146550084,down
LAMP1,-0.469389462086268,0.00222186019234945,0.0260025264197642,down
GNB2,-0.469599046263376,0.000179648234270686,0.00343665104182295,down
AURKAIP1,-0.470725746321026,0.000187992589905433,0.00356282390543257,down
BAD,-0.470797555046453,2.83289695270575e-06,0.000103991989038664,down
SEC11A,-0.470935719364461,0.000176805775534802,0.0033875764892436,down
PRKCDBP,-0.47193537192047,2.92267327311292e-07,1.36884130615066e-05,down
PEG10,-0.472342872970202,0.000550301759149251,0.0087135864039384,down
CD74,-0.472757967822175,0.000502379836841066,0.00812313640945131,down
DHCR24,-0.472782424929673,0.00155110117486,0.0201597822021498,down
CCNI,-0.473682528869931,0.000245643409035553,0.0044419305207849,down
SRI,-0.474308455713618,9.243375244182e-05,0.00193626693638536,down
SF3B5,-0.474420915062991,1.86463848311243e-05,0.000503164256458419,down
PSMB5,-0.475778827133191,0.000119012899268598,0.00241634824001266,down
FAM96B,-0.475999190694653,5.13561638838655e-05,0.00117781941335154,down
ROMO1,-0.479007657181291,0.000101671424533896,0.00210649405678364,down
TMEM98,-0.479147917189292,4.80606912282535e-06,0.000160957230020321,down
IFI6,-0.479470977034467,2.25705545488497e-05,0.000594617368114524,down
SLC25A3,-0.480052517771418,0.0012943864239574,0.017580644051617,down
MYEOV2,-0.480795678956169,9.9870885937122e-06,0.000298489415573442,down
PCBP1,-0.481265534081192,0.0017095329017795,0.0217454008234679,down
SSR2,-0.481364833455376,0.000435222595180789,0.00720889024863138,down
CYB5R3,-0.481816026740412,0.000901497079144247,0.0130413021248039,down
ATP5F1,-0.483501494305471,5.67807151590769e-06,0.000185174048550853,down
EEF2,-0.483743053371547,0.000799428358733094,0.0118021887163688,down
KRTCAP2,-0.483938875031181,0.000286558320563219,0.0050345179212072,down
PRDX2,-0.48416194362888,7.75305562464868e-05,0.00167148768881315,down
BRI3,-0.484260641839196,0.00092036051566879,0.0132203136821801,down
ANAPC16,-0.484522511235937,0.000112998207924588,0.00230984965496683,down
MZT2B,-0.486490180690769,5.3467494121448e-05,0.00121683894861626,down
CHMP5,-0.487353126191852,3.22381717585366e-05,0.000796120023386569,down
NDUFA11,-0.488114977551124,4.96211972438358e-05,0.00114447078322387,down
LAPTM4A,-0.488790132425524,0.000797540318571643,0.0117992336500184,down
PLA2G16,-0.49022192909962,0.000222667538571578,0.00408691890615461,down
NPM1,-0.492132425888493,0.000870786006217212,0.0126569419024961,down
MMP24-AS1,-0.492457232492862,3.06033141121567e-06,0.000110352481329499,down
GGT1,-0.492809652266503,2.92145344199984e-05,0.000730303617075788,down
ADI1,-0.493451511032579,0.000232645201967325,0.00424455962514714,down
TMEM160,-0.493797207919954,6.03671216644084e-05,0.00134168671859223,down
TRAM1,-0.495569715439687,0.00191977224012604,0.0233181450992514,down
RAB25,-0.498603199544432,5.45782830476268e-05,0.00123549061476702,down
S100A14,-0.501739810035349,2.53111291308621e-05,0.000651852000347811,down
ERH,-0.50302058275016,3.33007913375765e-05,0.000815769285191453,down
ATP6V0C,-0.504482675632489,1.87776766509531e-05,0.000505591011852975,down
RNF181,-0.507915664936923,1.19316355580917e-05,0.000344804522605467,down
MAL2,-0.508290065905336,3.31079511423063e-05,0.000813919533790132,down
GADD45GIP1,-0.509419266673917,2.60074632284515e-05,0.000665094624486592,down
APRT,-0.5097372579823,2.0028655889354e-05,0.000534563951073064,down
SFN,-0.511275677636586,5.68065021323379e-06,0.000185174048550853,down
NDUFS6,-0.512168006133295,4.32035786428273e-06,0.000147108786999978,down
YWHAH,-0.512851485956921,2.62872155241327e-05,0.000669447755347912,down
TALDO1,-0.512894368084534,0.000122035574083826,0.00246572373157139,down
CST6,-0.513249940293343,0.000336822611641394,0.00579581465227419,down
ASAH1,-0.514696200384469,0.000162163362519291,0.00314149753317879,down
BAG1,-0.514743910971613,4.63418666895214e-06,0.000155627191871624,down
C19orf43,-0.516344760590155,1.73118583666781e-05,0.000470267014831718,down
DDT,-0.516566200057887,1.3201827489495e-05,0.000377937094219174,down
ATP5A1,-0.516867369014672,2.72579974958151e-05,0.000689400585315679,down
EPCAM,-0.519667065543747,0.000518866260050741,0.00836342654102323,down
NME1-NME2,-0.520460151752763,5.58943000461638e-07,2.38899274043464e-05,down
ARF5,-0.526790046782963,8.35801569425765e-06,0.000257459452528423,down
HCFC1R1,-0.532714215211713,3.98950802890934e-05,0.000952495041902104,down
VIMP,-0.533921182882975,4.73906947923966e-05,0.00109924829818265,down
FKBP1A,-0.537772642957102,1.67678841593552e-06,6.46595003040878e-05,down
C19orf53,-0.542007980786453,1.39480489902312e-05,0.000396513839201362,down
LAMTOR1,-0.543164032282573,3.6805354366257e-06,0.000129028452493046,down
UPK3B,-0.544326956964809,0.000248696145892954,0.00448386679556854,down
HLA-B,-0.545053774505503,0.000315035734799738,0.0054779471154936,down
TM4SF1,-0.545061576251163,0.00147355917523206,0.0195154792611449,down
MRFAP1,-0.545510599594153,3.7743265572254e-06,0.000131821050958638,down
CRIP1,-0.546917490618799,0.000350022661060479,0.00596746167925695,down
YWHAB,-0.546954013870572,0.00014263687725339,0.00279374822070057,down
SERPING1,-0.547198592978473,4.37724532659511e-06,0.0001482200744385,down
COMT,-0.548237455971215,4.19409217036992e-05,0.000991655371191525,down
PSMD8,-0.54969415438009,4.9986149675901e-06,0.000165143430713031,down
CAV2,-0.551720386137058,2.51575975549166e-07,1.20127528324727e-05,down
H2AZ1,-0.552136219599112,6.43858488715042e-06,0.000206575489922642,down
SNRPD2,-0.552941046255978,2.57031579891043e-06,9.52107282602459e-05,down
MRP63,-0.556698998385976,1.1332507002524e-06,4.52707730715209e-05,down
LAMTOR4,-0.560737677560953,7.42407482754179e-07,3.09733415330617e-05,down
PTGES3,-0.56278325766124,2.03979829006602e-05,0.000543235169885991,down
NDUFA13,-0.563909362105259,3.2510187589234e-06,0.00011595576715881,down
TSPAN13,-0.563982043807062,5.26598264484919e-07,2.26659760037452e-05,down
LSMD1,-0.565466110429185,7.7308117273219e-07,3.19261630252645e-05,down
ATP6V1F,-0.565556602345899,5.98052659043402e-07,2.52961789070815e-05,down
UQCRH,-0.56910382632132,3.91026817412993e-06,0.000135025757515718,down
STOM,-0.571232062160891,0.000196516304370039,0.00370141033069237,down
GSN,-0.572649600946114,8.32374714691384e-05,0.00177263911365635,down
NDUFB10,-0.572700673718887,2.04066229187239e-06,7.74691175647454e-05,down
GABARAP,-0.572856130296523,1.17697423740009e-06,4.68642771269663e-05,down
NDUFAF3,-0.573007828407457,5.54115087916302e-09,3.56500149194151e-07,down
UBB,-0.575004339348708,0.000102482397310249,0.00211970359512771,down
MSLN,-0.575237982436193,0.00023706700139907,0.00431878841296905,down
NDUFA6,-0.575376024375058,3.08483905494269e-07,1.43380504211481e-05,down
PPA1,-0.575804619973255,5.87430061356264e-05,0.00131275046983893,down
NDUFAB1,-0.577177395506641,1.04215974532079e-06,4.20440948079254e-05,down
GABARAPL2,-0.578054174398027,2.63597122648921e-06,9.70545550379641e-05,down
PGK1,-0.580634021488295,3.85099368877553e-06,0.000133355656803377,down
CD151,-0.582196619572012,2.67751383094434e-08,1.50829166218726e-06,down
PSME1,-0.584539005832136,4.18162929169315e-05,0.000990624737629013,down
TBCA,-0.587379554282284,3.14316115830454e-05,0.000780414771540716,down
MT1E,-0.593089200742077,7.22090071963134e-06,0.000227495593806117,down
COMMD6,-0.59391042392448,3.01970695655711e-06,0.000109859814990935,down
SEC61B,-0.595299911830361,1.09909506581597e-05,0.000325310849504464,down
AK1,-0.601086001344569,1.47945798441574e-05,0.000409392098472715,down
PEBP1,-0.601700711451514,1.4537416263305e-05,0.000407581138538167,down
ATP5H,-0.603096417388621,2.28292750356276e-06,8.56027785385004e-05,down
IGFBP7,-0.603877570648147,5.5289911204994e-05,0.00124698131839455,down
KRT19,-0.604320215751944,2.04528976085433e-11,1.95325172161588e-09,down
ATP5C1,-0.606233039359964,2.32962010255549e-07,1.11675592680935e-05,down
CHMP2A,-0.607340540738786,5.22907809904147e-08,2.80351976678434e-06,down
TMEM50A,-0.610413069958334,1.16119227672286e-05,0.000340170680148042,down
DAD1,-0.612874806835243,8.52686558988742e-06,0.00026058101242696,down
PSMA7,-0.613018705972383,4.6139229670064e-06,0.000155373538150651,down
NDUFA1,-0.614175499316767,1.02101214324597e-05,0.000304411035098506,down
H3-3B,-0.615605797110268,4.3458912774655e-10,3.56538087085492e-08,down
EEF1B2,-0.619625472738148,7.16217088876345e-06,0.000226814448042084,down
ATP5MJ,-0.620139470647679,5.93623036107327e-06,0.000192478726614747,down
ATP6V0E1,-0.620313035122043,7.83808980832057e-06,0.000243798498261859,down
ATP6V1G1,-0.620347142702534,8.86903942146227e-06,0.000269689397731231,down
SDC1,-0.621087981781591,3.39567938583438e-05,0.000826868223355368,down
ZFAS1,-0.622655328110948,1.70371972100972e-05,0.000463836745425898,down
ATP5J,-0.624545130562172,1.35573932084749e-06,5.32879661030214e-05,down
HSPB1,-0.62743838584275,0.000216085539088196,0.00399007496950771,down
ATP5G3,-0.628408328762494,8.36153490296007e-06,0.000257459452528423,down
LY6E,-0.63730102912583,1.91170605279386e-05,0.00051359768767807,down
ANXA1,-0.637547087353143,3.25366722312434e-06,0.00011595576715881,down
CD59,-0.638544533624591,7.4655509395981e-06,0.000233997165860634,down
DYNLT1,-0.645342804369209,2.06562605537466e-07,1.00598457772509e-05,down
PHPT1,-0.647014964533746,2.69563747698466e-07,1.27718885731242e-05,down
EDF1,-0.648061848581234,6.19641202000286e-06,0.000200093045958634,down
PEBP4,-0.649008110367298,3.08548796196052e-06,0.000110932367197075,down
C19orf70,-0.651886787056069,2.8766304546146e-07,1.35245887220034e-05,down
HLA-C,-0.652639797830185,6.74039341975104e-06,0.000214569190528741,down
EIF1,-0.653299658194221,1.61005623261642e-10,1.39583882180874e-08,down
POMP,-0.655233764025164,3.25188279585174e-07,1.50003831307516e-05,down
FIS1,-0.655374827773777,1.11895143278319e-06,4.48461059486612e-05,down
FAM177A1,-0.658606006836533,2.46405220007476e-06,9.15518969413794e-05,down
ATP5D,-0.664424823690669,4.72784252816151e-07,2.06404096658023e-05,down
NDUFB4,-0.665520491734416,3.46941405272634e-07,1.58839390938303e-05,down
HSP90AA1,-0.666644593600831,1.7476657896722e-06,6.69701147741471e-05,down
C4orf3,-0.671581220798795,2.39890338815469e-08,1.37028948676649e-06,down
SPTSSA,-0.674099273698043,5.17298959718935e-07,2.23443904014285e-05,down
TRAPPC1,-0.674240396583075,4.03250811247072e-07,1.79248651515789e-05,down
HSPA8,-0.676607268214764,5.74367746829922e-07,2.44636631959894e-05,down
SEPP1,-0.67924972230222,4.99436785577243e-06,0.000165143430713031,down
TMBIM6,-0.680782797190671,8.56856969269217e-09,5.3439895879321e-07,down
PFDN5,-0.680856325997555,7.66058410289049e-07,3.17433830758418e-05,down
CLIC1,-0.681241997222051,7.60591583031651e-07,3.16240527584316e-05,down
NUPR1,-0.685572500427324,3.28606237984652e-07,1.51010626057308e-05,down
ENO1,-0.686083232081143,3.68381298429918e-06,0.000129028452493046,down
LAMTOR5,-0.692307267713902,4.05726450698438e-08,2.22403593423215e-06,down
NDUFB9,-0.692731000167611,4.26025219962116e-08,2.32488048607897e-06,down
EEF1D,-0.694172593675493,1.55950136622448e-07,7.81284618882297e-06,down
WDR83OS,-0.694234944210529,6.83869252678469e-07,2.86288278929507e-05,down
SKP1,-0.698244027516295,9.7402500140584e-07,3.95564173328405e-05,down
NDUFB7,-0.700260324659275,1.20244902695895e-07,6.09906095665819e-06,down
SEC62,-0.70230833076682,7.4715995829388e-08,3.90311253426683e-06,down
HSBP1,-0.702464263937859,9.5895424568438e-09,5.89058125590244e-07,down
PRDX6,-0.702977390843636,4.32894256329268e-07,1.91036079038591e-05,down
CKB,-0.704353675726034,1.61781724842643e-06,6.29815224355565e-05,down
NAPSA,-0.706425638049525,4.02490560594349e-08,2.21623631202942e-06,down
RAN,-0.707698941548881,3.6639307207492e-07,1.66497729109436e-05,down
AGER,-0.707963292428197,3.86155406159066e-12,4.03449887597301e-10,down
COX5A,-0.710478366520136,2.24297447848782e-08,1.29330754835071e-06,down
KRT8,-0.711740985673917,8.74950970107631e-07,3.56513355286523e-05,down
CLTB,-0.713734789205639,5.82725249335634e-08,3.08365084323757e-06,down
TUBA1B,-0.71540891019352,3.14237256690025e-08,1.75398914419126e-06,down
UQCRB,-0.715954012899184,4.59583654395013e-07,2.01360236248195e-05,down
SUMO2,-0.718472222874897,5.48776996280583e-07,2.35377193071363e-05,down
RBX1,-0.726215780116544,4.60191039606483e-08,2.48910410095117e-06,down
TRMT112,-0.728096662335972,1.97056664687433e-08,1.15808686016307e-06,down
GPX1,-0.731355248649943,1.95275176771447e-09,1.39127964163088e-07,down
BLVRB,-0.73320481749303,3.20955830083009e-07,1.48612275262678e-05,down
CALM1,-0.736087109760199,1.58864108359007e-07,7.92634636971633e-06,down
NOP10,-0.739018495987153,1.13529254419265e-09,8.6197615280813e-08,down
COX17,-0.741633459871447,6.82917500704347e-08,3.58282554875963e-06,down
PLP2,-0.742675610552717,2.02238840471702e-08,1.18285530427085e-06,down
NACA,-0.742835172715921,6.28019155486723e-08,3.30901127442659e-06,down
ACTG1,-0.745227369126571,1.21494295182407e-14,1.70706467162039e-12,down
KRT7,-0.745908327822735,2.01294167062996e-14,2.73402210908673e-12,down
H3-3A,-0.747913560414217,9.24986757443937e-08,4.75085635419945e-06,down
TMEM14C,-0.751411633693614,9.5539369079416e-09,5.89058125590244e-07,down
HSP90AB1,-0.753180047746775,4.69082286790439e-08,2.52601844657547e-06,down
BTF3,-0.756090517586105,5.5770069155408e-08,2.97700142076728e-06,down
ANAPC11,-0.758100538074971,4.75447008801459e-10,3.87457615705936e-08,down
SLC25A6,-0.769826785644494,2.38981539153751e-08,1.37028948676649e-06,down
NGFRAP1,-0.769850874401894,1.48834642240367e-07,7.48705624175408e-06,down
OST4,-0.770698032962966,4.32034431255261e-09,2.82416518056915e-07,down
DYNLRB1,-0.777817602065154,1.7472214095082e-08,1.04185534194284e-06,down
LDHA,-0.779340660995101,3.63893488321322e-09,2.4175184789347e-07,down
SAP18,-0.78133801424707,2.22412768081084e-09,1.53603032600179e-07,down
EIF3H,-0.781388749752813,1.43245060914596e-10,1.25073401758573e-08,down
ATP5L,-0.790976050585545,1.78306831772324e-08,1.05636468656841e-06,down
ANXA2,-0.791367042888025,2.38048510412104e-19,5.70569606132854e-17,down
FXYD3,-0.796120943466895,5.8214955981625e-09,3.725757182824e-07,down
COX8A,-0.798912179367737,1.61914628397924e-09,1.19231591417845e-07,down
NDUFB11,-0.799018816469361,1.65715727073227e-09,1.21007784457634e-07,down
YWHAE,-0.799593352157872,1.24430709066349e-08,7.60520493813525e-07,down
ATP5J2,-0.806050309938993,2.18116265276322e-09,1.514916606101e-07,down
GNB2L1,-0.811144556791081,2.00483824210842e-09,1.41659784228516e-07,down
CD9,-0.820136876414484,9.40478651385126e-17,1.79631422414559e-14,down
GGTLC1,-0.827192174889027,2.07348543827859e-09,1.45668310330561e-07,down
SRP14,-0.831213753216243,5.84476950719032e-10,4.66970342848984e-08,down
SSR4,-0.836664641772337,2.22504203557505e-10,1.88881346131038e-08,down
CYSTM1,-0.840757023780391,3.54568902657991e-09,2.3684427683559e-07,down
NDUFB2,-0.842837135603711,1.59284018364359e-09,1.18005323665814e-07,down
LGALS1,-0.845082405093515,3.72193156708942e-10,3.07411428892575e-08,down
UQCR10,-0.850885924598717,8.4192516456905e-10,6.47276302622143e-08,down
TSTD1,-0.852653755464617,6.49975949660525e-10,5.09314487733991e-08,down
SEC61G,-0.861301530699571,1.05870179691737e-12,1.1765064332289e-10,down
CFL1,-0.864474899730783,1.3987368149414e-10,1.23008336876573e-08,down
TSPO,-0.865783765303966,6.48052686855346e-10,5.09314487733991e-08,down
COX7B,-0.869295130397569,3.33946282859081e-11,3.16446462144915e-09,down
UBL5,-0.870572426549155,2.55307816452514e-10,2.15233292987278e-08,down
CLIC3,-0.875988819571872,5.52673556190531e-10,4.4465010820251e-08,down
TAGLN2,-0.877567924726871,2.04169648590938e-13,2.44683312193688e-11,down
UQCR11,-0.882614834006673,1.08052219342829e-11,1.06518574939253e-09,down
RABAC1,-0.882860178694926,2.16997001326681e-10,1.85494499595619e-08,down
PRDX1,-0.884334226700561,7.1737690869063e-15,1.0316723919805e-12,down
TOMM7,-0.889513812236258,8.60388895544286e-11,7.79066211787656e-09,down
MGST3,-0.89563408010479,5.52902621456e-10,4.4465010820251e-08,down
UQCRQ,-0.897396934253323,3.58345531096791e-11,3.36955059394398e-09,down
SEPW1,-0.903284555209515,1.04646336927863e-10,9.40585898975148e-09,down
TXN,-0.90987015523837,1.78611979806942e-11,1.7328197152064e-09,down
COX6B1,-0.915067973517972,4.98146398987938e-11,4.61313756153678e-09,down
SLC25A5,-0.918862331545912,4.40262268770535e-12,4.52249241466472e-10,down
TCEB2,-0.920411194308109,1.83317286672482e-11,1.76446497030269e-09,down
DYNLL1,-0.922690814180241,8.10972588863589e-11,7.39800666139441e-09,down
ARPC3,-0.923639079684948,9.78723828407272e-13,1.09760734664683e-10,down
NEDD8,-0.925532017608933,1.21560289672734e-12,1.31500263801726e-10,down
FOLR1,-0.927422518116098,1.18076291519931e-10,1.04591636778235e-08,down
IFITM2,-0.936907602474134,3.98966267527812e-12,4.13302004598302e-10,down
MYL9,-0.946459117495007,8.6871353242097e-14,1.10616189794937e-11,down
CSTB,-0.948252745387204,1.1825142219407e-12,1.30225710351379e-10,down
ATP5G2,-0.948477721050895,9.50829697895418e-12,9.44954652607609e-10,down
CD63,-0.949854050151005,8.95271716550831e-16,1.47889208961045e-13,down
TPT1,-0.955677545929013,4.4136132318479e-19,1.0375386181944e-16,down
OAZ1,-0.957754961200141,3.84904228654576e-13,4.52410508757071e-11,down
NDUFS5,-0.968020529465289,3.28142597533021e-13,3.89438360412005e-11,down
ATP5MK,-0.973783407300884,6.86578225178625e-12,6.87928870867501e-10,down
SFTA2,-0.974826745558934,4.07628270170443e-20,1.06018042011989e-17,down
UBA52,-0.979032645627226,1.3589638647313e-12,1.45719072653293e-10,down
TPI1,-0.979457444643688,1.35474996387838e-13,1.65604635584493e-11,down
MGST1,-0.994307841411826,3.22377068025425e-12,3.42672806916765e-10,down
DSTN,-1.00334584415265,4.00166723603717e-23,1.48231455434298e-20,down
PTMA,-1.01273513359421,1.19625589477935e-13,1.49214612834518e-11,down
SOD1,-1.01410038537531,1.25623659932788e-13,1.55113496870546e-11,down
COX4I1,-1.01618451375256,6.96850061616396e-14,9.25901647086829e-12,down
ACTB,-1.01718831849904,1.84420167326673e-43,3.2205030362875e-40,down
COX7A2,-1.05462451236275,7.40288038794873e-14,9.52555893287213e-12,down
RHOA,-1.05562848762473,1.24571043350469e-14,1.73040503854107e-12,down
COX7C,-1.05921685254337,1.14173984956056e-14,1.62286371174747e-12,down
TNNC1,-1.07432296722959,1.62542325500592e-14,2.23249144597668e-12,down
FTL,-1.07787565076798,1.77525138127605e-22,5.56427509864574e-20,down
CALM2,-1.08360202379767,9.1767567105804e-19,2.039575891457e-16,down
GNG5,-1.09082507742125,2.79256282783528e-15,4.32104911486815e-13,down
HOPX,-1.09231071998944,1.31959202683069e-35,1.24082253353679e-32,down
MIF,-1.10491530520092,2.27974035482207e-15,3.61916183082403e-13,down
MYL12A,-1.10513973858698,5.23329166215295e-23,1.88152227288699e-20,down
TMA7,-1.10624091621036,6.48022943103149e-16,1.08512773376615e-13,down
CEACAM6,-1.11619579238443,5.3284425107469e-15,7.84757605438194e-13,down
RNASE1,-1.12112851118995,2.25918405186073e-30,1.53423699166364e-27,down
S100A10,-1.12197181313593,3.03859923750908e-45,6.1906395132185e-42,down
C19orf33,-1.12908555358685,3.73857652712287e-15,5.64201968735185e-13,down
IFITM3,-1.13005179031904,5.62421029103874e-13,6.48588175449599e-11,down
GPX4,-1.14656359045276,4.57455047397085e-16,7.98847214197423e-14,down
PRDX5,-1.14772163769182,6.87391021519064e-18,1.40044464117484e-15,down
PPIA,-1.15167670560776,8.4709091823757e-23,2.95852553843887e-20,down
S100A11,-1.16025405544884,2.93204017495208e-18,6.1021957179532e-16,down
FAU,-1.1791590138175,4.28404207104095e-20,1.09100271409176e-17,down
YBX1,-1.17941796534094,1.06052057772557e-16,1.99443131417191e-14,down
B2M,-1.18742393975567,1.20155674210032e-40,1.33525723776676e-37,down
NDUFA4,-1.20098435158655,8.43929674271192e-18,1.6911797275887e-15,down
RARRES3,-1.21174367298136,1.52618688441644e-16,2.82668310228887e-14,down
CHCHD2,-1.21646212536586,2.94526789397283e-18,6.1021957179532e-16,down
EEF1A1,-1.22057610755046,1.59110588231025e-42,1.94496783053604e-39,down
COX5B,-1.22180251605936,5.26357840059383e-19,1.19151819201591e-16,down
ENSG00000279483,-1.22755501630119,2.91487323927539e-15,4.45392630961279e-13,down
MYL6,-1.24909867451232,2.12258728454647e-45,5.18930139325921e-42,down
HINT1,-1.26179388550795,7.03077318377362e-20,1.753962681601e-17,down
WFDC2,-1.27314612908655,5.0664147243125e-17,9.83045295079302e-15,down
MYL12B,-1.27481099017779,1.58164006763763e-27,8.40607312469671e-25,down
CST3,-1.28518599861275,3.52360356222015e-23,1.3460165607681e-20,down
POLR2L,-1.30099922229266,1.32965912374106e-22,4.39290625097588e-20,down
GAPDH,-1.30371144107931,1.49286580759895e-20,4.14745264365671e-18,down
ATP5E,-1.30427748524471,4.10412218347153e-27,2.09036623211483e-24,down
COX6A1,-1.31518960852423,1.52446072421557e-22,4.9039494454766e-20,down
VAMP8,-1.32394759169858,2.68315985174479e-22,8.19973650693206e-20,down
LGALS3,-1.3338646877873,1.11609572131449e-25,5.24736696051858e-23,down
COX6C,-1.33434540065425,3.56251274138152e-21,1.0368608512059e-18,down
GSTP1,-1.35830985626609,5.34458675265558e-51,1.63330571161154e-47,down
PFN1,-1.40088168125746,1.89144085465316e-24,8.25749035974295e-22,down
FTH1,-1.4129264921393,6.32269764366241e-43,9.66108199951616e-40,down
TMSB10,-1.41304554136291,2.00498897700688e-36,2.042415437911e-33,down
IFI27,-1.42905932475308,3.42041311554589e-23,1.3460165607681e-20,down
CYB5A,-1.43405131179099,9.91693309416187e-26,4.84898360572139e-23,down
TMSB4X,-1.48478614070741,1.35811746117725e-57,5.53387594847691e-54,down
SERF2,-1.51913942491797,4.84967348843722e-34,3.95216058151044e-31,down
ADIRF,-1.52802544681876,8.4609345392202e-29,5.17132319037139e-26,down
S100A6,-1.52987440889678,4.42392896494815e-85,2.70390538337631e-81,down
PPDPF,-1.66816696490459,4.14425543167327e-34,3.61852702834101e-31,down
S100A4,-1.80286325378648,1.14046670574729e-22,3.87251805862635e-20,down
